date,USA_systemic_stress_f1__USA_systemic_stress_f2
2002-12-02,0.10874122650766903
2002-12-03,0.39338727742999735
2002-12-04,0.5528150671729544
2002-12-05,0.6581443878907038
2002-12-06,0.7270629931413121
2002-12-09,0.7718674792319782
2002-12-10,0.8008716731563187
2002-12-11,0.8195955181502292
2002-12-12,0.8316610653874931
2002-12-13,0.8394269892686872
2002-12-16,0.8444217291462406
2002-12-17,0.8476325968234896
2002-12-18,0.8496960597793172
2002-12-19,0.8510218779413007
2002-12-20,0.8518736342171069
2002-12-23,0.852420789747277
2002-12-24,0.8527722556196236
2002-12-25,0.8529980123466269
2002-12-26,0.85314301926177
2002-12-27,0.8532361580553417
2002-12-30,0.853295981108301
2002-12-31,0.8533344052356254
2003-01-01,0.5114919834509245
2003-01-02,0.02011660133786296
2003-01-03,-0.2821434996714244
2003-01-06,-0.47113102916962246
2003-01-07,-0.5904771618073105
2003-01-08,-0.6663126716241838
2003-01-09,-0.7146886218803463
2003-01-10,-0.745624306263256
2003-01-13,-0.7654383775575231
2003-01-14,-0.7781419131187822
2003-01-15,-0.7862918673381275
2003-01-16,-0.7915226295609612
2003-01-17,-0.7948806996679002
2003-01-20,-0.7970368960764509
2003-01-21,-0.7984215276764604
2003-01-22,-0.7993107504315746
2003-01-23,-0.7998818428872289
2003-01-24,-0.8002486306333331
2003-01-27,-0.8004842067543412
2003-01-28,-0.8006355116174914
2003-01-29,-0.8007326918267068
2003-01-30,-0.8007951091162989
2003-01-31,-0.8008351988667187
2003-02-03,0.05724899135083486
2003-02-04,0.2931139252006346
2003-02-05,0.4678288117642089
2003-02-06,0.5930016562094632
2003-02-07,0.6800468643207771
2003-02-10,0.739150128388579
2003-02-11,0.7785742772715905
2003-02-12,0.8045429754771516
2003-02-13,0.8215018639087928
2003-02-14,0.8325131907384853
2003-02-17,0.8396356320700504
2003-02-18,0.8442311834423513
2003-02-19,0.8471915432887757
2003-02-20,0.8490965534312429
2003-02-21,0.8503216125637731
2003-02-24,0.8511090717184767
2003-02-25,0.8516151032005586
2003-02-26,0.8519402271129431
2003-02-27,0.8521490942284987
2003-02-28,0.8522832653204826
2003-03-03,0.32940698050235906
2003-03-04,-0.09365478373556288
2003-03-05,-0.357255264473479
2003-03-06,-0.5233347167446369
2003-03-07,-0.6287056224719969
2003-03-10,-0.695856037814995
2003-03-11,-0.7387702656051014
2003-03-12,-0.7662451655120818
2003-03-13,-0.783855660806936
2003-03-14,-0.7951517430574184
2003-03-17,-0.8024009397402476
2003-03-18,-0.8070544851411923
2003-03-19,-0.8100423625980251
2003-03-20,-0.811961013770899
2003-03-21,-0.8131931655467521
2003-03-24,-0.8139844904446967
2003-03-25,-0.8144927199384538
2003-03-26,-0.8148191379795792
2003-03-27,-0.8150287877485989
2003-03-28,-0.8151634414947515
2003-03-31,-0.8152499273221184
2003-04-01,-0.3215223755976831
2003-04-02,0.11260634716338144
2003-04-03,0.3820294106163681
2003-04-04,0.5513818042885791
2003-04-07,0.6586775358564434
2003-04-08,0.7269948740261871
2003-04-09,0.7706309501090131
2003-04-10,0.7985583264469556
2003-04-11,0.8164549039879789
2003-04-14,0.8279328785510893
2003-04-15,0.8352981418611298
2003-04-16,0.8400259229280688
2003-04-17,0.8430613524850953
2003-04-18,0.8450104928686484
2003-04-21,0.8462622057015549
2003-04-22,0.8470660854567631
2003-04-23,0.8475823750910163
2003-04-24,0.847913968544979
2003-04-25,0.8481269417961634
2003-04-28,0.8482637299198157
2003-04-29,0.848351586528202
2003-04-30,0.8484080155102343
2003-05-01,0.718923821751239
2003-05-02,0.7327447166568605
2003-05-05,0.7553191733663869
2003-05-06,0.7791108929669813
2003-05-07,0.8000781886139074
2003-05-08,0.8166960855698571
2003-05-09,0.8289757081139395
2003-05-12,0.8376301837023463
2003-05-13,0.8435385643377575
2003-05-14,0.8474876009314801
2003-05-15,0.8500904489709935
2003-05-16,0.8517904233404117
2003-05-19,0.8528941460504054
2003-05-20,0.8536080015786025
2003-05-21,0.8540685596929085
2003-05-22,0.8543652238268666
2003-05-23,0.8545561209056762
2003-05-26,0.8546788779534507
2003-05-27,0.8547577837730156
2003-05-28,0.85480848903508
2003-05-29,0.8548410667653565
2003-05-30,0.8548619953403134
2003-06-02,0.8548754392950998
2003-06-03,0.46695064682047305
2003-06-04,-0.03203002189475539
2003-06-05,-0.32778021900590415
2003-06-06,-0.5085927354208459
2003-06-09,-0.6212005576435015
2003-06-10,-0.692132882534402
2003-06-11,-0.7371318409977208
2003-06-12,-0.7658070143271489
2003-06-13,-0.7841320650525705
2003-06-16,-0.7958640703091733
2003-06-17,-0.8033838148307215
2003-06-18,-0.8082072511251865
2003-06-19,-0.8113026515502375
2003-06-20,-0.8132897062105049
2003-06-23,-0.8145655219230485
2003-06-24,-0.8153847800289957
2003-06-25,-0.8159109046782984
2003-06-26,-0.8162487975985139
2003-06-27,-0.8164658097291706
2003-06-30,-0.8166051890123246
2003-07-01,-0.5307899109568661
2003-07-02,-0.029065823248158377
2003-07-03,0.2834784508668893
2003-07-04,0.48039050981548703
2003-07-07,0.6053276887098262
2003-07-08,0.6849504215706801
2003-07-09,0.7358370968461556
2003-07-10,0.7684169745362577
2003-07-11,0.78929994215021
2003-07-14,0.8026952718181386
2003-07-15,0.8112917128960297
2003-07-16,0.8168101346075074
2003-07-17,0.8203533299019912
2003-07-18,0.8226285804314293
2003-07-21,0.8240897411331453
2003-07-22,0.8250281432459781
2003-07-23,0.8256308336122875
2003-07-24,0.8260179207071012
2003-07-25,0.8262665366786826
2003-07-28,0.8264262176407249
2003-07-29,0.826528778035854
2003-07-30,0.8265946510886499
2003-07-31,0.8266369604917405
2003-08-01,0.667118196890832
2003-08-04,0.6037837670744375
2003-08-05,0.5645293720163572
2003-08-06,0.5478214149041334
2003-08-07,0.5514279197858732
2003-08-08,0.5722482357460998
2003-08-11,0.6060685246721801
2003-08-12,0.6476111628252258
2003-08-13,0.6911805690996368
2003-08-14,0.7317971597466999
2003-08-15,0.7662141900275944
2003-08-18,0.7932173136596594
2003-08-19,0.8131748182511043
2003-08-20,0.8272854158073193
2003-08-21,0.8369518024693434
2003-08-22,0.843430857091262
2003-08-25,0.8477101495210903
2003-08-26,0.8505090977835761
2003-08-27,0.8523281184585877
2003-08-28,0.853505371529338
2003-08-29,0.8542652228579293
2003-09-01,0.8547548092880088
2003-09-02,0.8499616273993824
2003-09-03,0.8513671641829538
2003-09-04,0.8526213309695918
2003-09-05,0.8535752009341319
2003-09-08,0.8542500689415456
2003-09-09,0.8547094834414756
2003-09-10,0.8550153484875029
2003-09-11,0.8552162749635573
2003-09-12,0.8553471790180097
2003-09-15,0.8554320225699485
2003-09-16,0.855486832819321
2003-09-17,0.855522167397378
2003-09-18,0.8555449163062943
2003-09-19,0.8555595499283364
2003-09-22,0.855568958126361
2003-09-23,0.8555750046996853
2003-09-24,0.8555788899127399
2003-09-25,0.8555813859890911
2003-09-26,0.8555829894588485
2003-09-29,0.8555840194604986
2003-09-30,0.855584681065112
2003-10-01,0.8441725014412685
2003-10-02,0.8469252800062725
2003-10-03,0.8494742410403122
2003-10-06,0.8514478672385426
2003-10-07,0.8528587684630277
2003-10-08,0.8538253828951328
2003-10-09,0.8544715181855222
2003-10-10,0.854897058433962
2003-10-13,0.855174751920469
2003-10-14,0.8553549231951958
2003-10-15,0.8554713946913497
2003-10-16,0.8555465127928583
2003-10-17,0.8555948882607751
2003-10-20,0.8556260121190276
2003-10-21,0.8556460244409626
2003-10-22,0.8556588871398071
2003-10-23,0.8556671524280903
2003-10-24,0.8556724626678078
2003-10-27,0.855675874011247
2003-10-28,0.8556780653423013
2003-10-29,0.8556794729189947
2003-10-30,0.855680377035247
2003-10-31,0.8556809577580303
2003-11-03,0.8118294655209419
2003-11-04,0.8227760846414642
2003-11-05,0.832388776342058
2003-11-06,0.8397328375524569
2003-11-07,0.8449682994326455
2003-11-10,0.8485559784402645
2003-11-11,0.8509563862458285
2003-11-12,0.8525387010850716
2003-11-13,0.8535719917628359
2003-11-14,0.8542427404315148
2003-11-17,0.8546764934656506
2003-11-18,0.8549563056298168
2003-11-19,0.8551365295102372
2003-11-20,0.8552524934778314
2003-11-21,0.8553270618492528
2003-11-24,0.8553749918100182
2003-11-25,0.8554057913656347
2003-11-26,0.8554255796415842
2003-11-27,0.8554382919384921
2003-11-28,0.8554464579433065
2003-12-01,0.8554517033077624
2003-12-02,0.8505333196354183
2003-12-03,0.8516042745930295
2003-12-04,0.8526630379244305
2003-12-05,0.8535006671112135
2003-12-08,0.8541050476238568
2003-12-09,0.8545210081788013
2003-12-10,0.8547997407045775
2003-12-11,0.8549835682884648
2003-12-12,0.8551036271950309
2003-12-15,0.8551815621846328
2003-12-16,0.855231958858204
2003-12-17,0.8552644684657986
2003-12-18,0.8552854069879356
2003-12-19,0.8552988794958614
2003-12-22,0.855307542615486
2003-12-23,0.8553131109188186
2003-12-24,0.8553166890621087
2003-12-25,0.8553189879594648
2003-12-26,0.8553204648033055
2003-12-29,0.8553214134827384
2003-12-30,0.8553220228583581
2003-12-31,0.8553224142740714
2004-01-01,0.8615820974107182
2004-01-02,0.8594434589890456
2004-01-05,0.8580350920116585
2004-01-06,0.8571157228543298
2004-01-07,0.8565189947082027
2004-01-08,0.8561331195416159
2004-01-09,0.8558841929879955
2004-01-12,0.8557238608438481
2004-01-13,0.8556206952059907
2004-01-14,0.8555543560960102
2004-01-15,0.8555117154073989
2004-01-16,0.8554843146183997
2004-01-19,0.8554667099613781
2004-01-20,0.855455400438268
2004-01-21,0.8554481355268471
2004-01-22,0.8554434689691688
2004-01-23,0.8554404715306227
2004-01-26,0.855438546242185
2004-01-27,0.8554373096226797
2004-01-28,0.8554365153437794
2004-01-29,0.8554360051821353
2004-01-30,0.8554356775087282
2004-02-02,0.8554354670467241
2004-02-03,0.8235063497530251
2004-02-04,0.8352488478287582
2004-02-05,0.8423149552530418
2004-02-06,0.8466723830619037
2004-02-09,0.8494001248884955
2004-02-10,0.8511237672377886
2004-02-11,0.8522193832503684
2004-02-12,0.852918419126203
2004-02-13,0.8533654933744925
2004-02-16,0.8536518611027315
2004-02-17,0.8538354700416754
2004-02-18,0.8539532675804354
2004-02-19,0.8540288731016672
2004-02-20,0.8540774112330471
2004-02-23,0.8541085774902802
2004-02-24,0.8541285914266562
2004-02-25,0.854141444591832
2004-02-26,0.8541496993953817
2004-02-27,0.8541550011014872
2004-03-01,0.8541584062215268
2004-03-02,0.830101635878745
2004-03-03,0.8388563362470924
2004-03-04,0.8441898262461973
2004-03-05,0.8475032139192769
2004-03-08,0.8495868542716842
2004-03-09,0.8509072488242637
2004-03-10,0.8517480559080928
2004-03-11,0.8522851298247591
2004-03-12,0.8526288706083005
2004-03-15,0.8528491521396528
2004-03-16,0.8529904311369674
2004-03-17,0.8530810885248439
2004-03-18,0.8531392819440884
2004-03-19,0.8531766445944753
2004-03-22,0.8532006363080663
2004-03-23,0.8532160434915498
2004-03-24,0.8532259383570968
2004-03-25,0.8532322933105662
2004-03-26,0.8532363748596412
2004-03-29,0.8532389963254767
2004-03-30,0.8532406800365834
2004-03-31,0.8532417614547125
2004-04-01,0.8577635412825516
2004-04-02,0.8558911626594672
2004-04-05,0.8550418453064605
2004-04-06,0.8546601106564697
2004-04-07,0.8544879114400605
2004-04-08,0.8544089814322411
2004-04-09,0.8543717888125455
2004-04-12,0.8543535911549722
2004-04-13,0.8543442832304887
2004-04-14,0.854339295549316
2004-04-15,0.8543365030592042
2004-04-16,0.8543348796683023
2004-04-19,0.8543339073597244
2004-04-20,0.8543333119338932
2004-04-21,0.8543329415054612
2004-04-22,0.8543327085397187
2004-04-23,0.8543325609538384
2004-04-26,0.8543324670050607
2004-04-27,0.8543324070110158
2004-04-28,0.8543323686211568
2004-04-29,0.854332344023031
2004-04-30,0.8543323282483678
2004-05-03,0.8217602034490539
2004-05-04,0.8225914022939758
2004-05-05,0.8280514498891046
2004-05-06,0.8344458721515411
2004-05-07,0.8400894073522107
2004-05-10,0.8444716466339104
2004-05-11,0.8476391523260864
2004-05-12,0.8498314895516612
2004-05-13,0.8513083252139529
2004-05-14,0.8522862428765469
2004-05-17,0.8529267411271657
2004-05-18,0.8533433145703633
2004-05-19,0.8536130361078093
2004-05-20,0.8537871723198001
2004-05-21,0.8538993896556881
2004-05-24,0.8539716193138713
2004-05-25,0.8540180751543986
2004-05-26,0.854047939474256
2004-05-27,0.8540671318391769
2004-05-28,0.8540794633624947
2004-05-31,0.8540873856150679
2004-06-01,0.8562250370365394
2004-06-02,0.8555135206666888
2004-06-03,0.8550861870982918
2004-06-04,0.8548242770666958
2004-06-07,0.8546613258196593
2004-06-08,0.8545588623279662
2004-06-09,0.854493964455532
2004-06-10,0.8544526597442628
2004-06-11,0.8544262867685263
2004-06-14,0.8544094124099197
2004-06-15,0.8543986009203757
2004-06-16,0.8543916678509422
2004-06-17,0.8543872193682838
2004-06-18,0.8543843640341056
2004-06-21,0.8543825308583475
2004-06-22,0.8543813537486489
2004-06-23,0.8543805978353538
2004-06-24,0.8543801123745662
2004-06-25,0.8543798005906144
2004-06-28,0.8543796003442888
2004-06-29,0.8543794717319764
2004-06-30,0.8543793891272006
2004-07-01,0.8246267792684061
2004-07-02,0.8345018417933969
2004-07-05,0.840781619369783
2004-07-06,0.844786147244426
2004-07-07,0.8473456563392493
2004-07-08,0.8489842770499815
2004-07-09,0.8500345142532288
2004-07-12,0.8507081412746965
2004-07-13,0.8511404192781531
2004-07-14,0.8514179072906362
2004-07-15,0.8515960689457273
2004-07-16,0.8517104730551509
2004-07-19,0.8517839423662366
2004-07-20,0.8518311262940448
2004-07-21,0.8518614301229763
2004-07-22,0.8518808931663171
2004-07-23,0.8518933937505234
2004-07-26,0.851901422611319
2004-07-27,0.8519065794097187
2004-07-28,0.8519098915448959
2004-07-29,0.8519120188854964
2004-07-30,0.8519133852503907
2004-08-02,0.8519142628507761
2004-08-03,0.8663901281622295
2004-08-04,0.8617639883251281
2004-08-05,0.8588674865751061
2004-08-06,0.8570526478482932
2004-08-09,0.8559105440249548
2004-08-10,0.8551881346316321
2004-08-11,0.8547291543343849
2004-08-12,0.8544365415602295
2004-08-13,0.8542495329714521
2004-08-16,0.8541298130906396
2004-08-17,0.854053083039799
2004-08-18,0.8540038687284135
2004-08-19,0.8539722873548321
2004-08-20,0.8539520147545654
2004-08-23,0.8539389987486036
2004-08-24,0.8539306407171886
2004-08-25,0.8539252732720705
2004-08-26,0.8539218261611018
2004-08-27,0.8539196122591893
2004-08-30,0.8539181903514315
2004-08-31,0.8539172770989563
2004-09-01,0.7896773559828001
2004-09-02,0.8061937867292015
2004-09-03,0.8161822161385721
2004-09-06,0.8223616235888127
2004-09-07,0.8262379451115929
2004-09-08,0.8286906270617675
2004-09-09,0.8302509806744522
2004-09-10,0.8312470783930546
2004-09-13,0.831884364999042
2004-09-14,0.8322926629661237
2004-09-15,0.8325544872325241
2004-09-16,0.8327224808195857
2004-09-17,0.8328303099125525
2004-09-20,0.8328995379725337
2004-09-21,0.8329439902958576
2004-09-22,0.8329725365550129
2004-09-23,0.8329908694560507
2004-09-24,0.8330026436364065
2004-09-27,0.8330102057189389
2004-09-28,0.8330150626211572
2004-09-29,0.8330181820992738
2004-09-30,0.83302018568304
2004-10-01,0.08952753913568567
2004-10-04,-0.21165511721195446
2004-10-05,-0.4161155895641363
2004-10-06,-0.5528953021352581
2004-10-07,-0.6432888549802767
2004-10-08,-0.7024831990726765
2004-10-11,-0.7409966378470023
2004-10-12,-0.7659440425237801
2004-10-13,-0.7820563210856433
2004-10-14,-0.7924422351666643
2004-10-15,-0.7991284726609497
2004-10-18,-0.8034293943406234
2004-10-19,-0.8061944905359696
2004-10-20,-0.8079715826683553
2004-10-21,-0.8091134448155297
2004-10-22,-0.8098470386328747
2004-10-25,-0.8103182957754889
2004-10-26,-0.8106210113109829
2004-10-27,-0.8108154555478287
2004-10-28,-0.8109403505057247
2004-10-29,-0.811020571486654
2004-11-01,-0.8110720975167396
2004-11-02,-0.6874305924769282
2004-11-03,-0.7072940892031739
2004-11-04,-0.7213827569045055
2004-11-05,-0.7310542145256946
2004-11-08,-0.7375453649394308
2004-11-09,-0.7418363287966896
2004-11-10,-0.7446444521548935
2004-11-11,-0.7464700767133049
2004-11-12,-0.7476518694831192
2004-11-15,-0.7484147608742866
2004-11-16,-0.7489063515079466
2004-11-17,-0.7492227550867071
2004-11-18,-0.7494262508151608
2004-11-19,-0.7495570668188893
2004-11-22,-0.7496411351687655
2004-11-23,-0.7496951506302137
2004-11-24,-0.7497298521383473
2004-11-25,-0.749752143832505
2004-11-26,-0.7497664629079044
2004-11-29,-0.7497756604590908
2004-11-30,-0.7497815681808496
2004-12-01,-0.7459339613839455
2004-12-02,-0.7368414650752846
2004-12-03,-0.7401768356738204
2004-12-06,-0.7510582923546446
2004-12-07,-0.7648772902702669
2004-12-08,-0.7783145476689823
2004-12-09,-0.7896244804965933
2004-12-10,-0.7983100356635475
2004-12-13,-0.8045865215151132
2004-12-14,-0.8089417541522808
2004-12-15,-0.8118836160509058
2004-12-16,-0.8138359345048305
2004-12-17,-0.8151166806684904
2004-12-20,-0.8159505880949365
2004-12-21,-0.8164909252526743
2004-12-22,-0.8168399461855278
2004-12-23,-0.8170649353645398
2004-12-24,-0.8172097817575827
2004-12-27,-0.8173029549436124
2004-12-28,-0.8173628568980931
2004-12-29,-0.8174013551638508
2004-12-30,-0.817426092050779
2004-12-31,-0.8174419843618816
2005-01-03,-0.8154776598954921
2005-01-04,-0.8151602270413155
2005-01-05,-0.8158387493489632
2005-01-06,-0.8166821635861163
2005-01-07,-0.8174055966773663
2005-01-10,-0.8179492151366394
2005-01-11,-0.8183320886991519
2005-01-12,-0.818592227759094
2005-01-13,-0.8187652661444986
2005-01-14,-0.8188788863118093
2005-01-17,-0.8189528924529595
2005-01-18,-0.8190008520319574
2005-01-19,-0.8190318322397969
2005-01-20,-0.8190518033407399
2005-01-21,-0.8190646606500251
2005-01-24,-0.8190729311831041
2005-01-25,-0.8190782483852442
2005-01-26,-0.8190816656836597
2005-01-27,-0.819083861451501
2005-01-28,-0.819085272130393
2005-01-31,-0.819086178343329
2005-02-01,-0.8060856482171033
2005-02-02,-0.8085621355307426
2005-02-03,-0.8115232494910389
2005-02-04,-0.8140507900873541
2005-02-07,-0.8159515441030178
2005-02-08,-0.817292551021051
2005-02-09,-0.8182050938584171
2005-02-10,-0.8188128052206974
2005-02-11,-0.8192121668241714
2005-02-14,-0.8194724340766423
2005-02-15,-0.8196411619549476
2005-02-16,-0.8197501805153403
2005-02-17,-0.8198204693217899
2005-02-18,-0.8198657255446994
2005-02-21,-0.8198948387587521
2005-02-22,-0.8199135567028027
2005-02-23,-0.8199255868148498
2005-02-24,-0.819933316837598
2005-02-25,-0.8199382830740749
2005-02-28,-0.8199414733821123
2005-03-01,-0.8379427707986884
2005-03-02,-0.8308891797669156
2005-03-03,-0.8267452158279629
2005-03-04,-0.8243097320654094
2005-03-07,-0.8228617973361327
2005-03-08,-0.8219871115743609
2005-03-09,-0.8214503075709304
2005-03-10,-0.821116461265909
2005-03-11,-0.8209067215416302
2005-03-14,-0.8207739888807458
2005-03-15,-0.8206895662170302
2005-03-16,-0.8206356883521428
2005-03-17,-0.8206012267973855
2005-03-18,-0.8205791520017444
2005-03-21,-0.8205649982025887
2005-03-22,-0.8205559175354702
2005-03-23,-0.8205500893178242
2005-03-24,-0.8205463476482381
2005-03-25,-0.8205439451284033
2005-03-28,-0.820542402310186
2005-03-29,-0.8205414114959155
2005-03-30,-0.820540775156468
2005-03-31,-0.8205403664629868
2005-04-01,-0.7755691502442827
2005-04-04,-0.7902718168675149
2005-04-05,-0.8003915646086653
2005-04-06,-0.8071543943441761
2005-04-07,-0.8116033189406247
2005-04-08,-0.8145035014080555
2005-04-11,-0.8163836969057053
2005-04-12,-0.8175984793203418
2005-04-13,-0.8183816616245823
2005-04-14,-0.8188859017470077
2005-04-15,-0.8192102685286373
2005-04-18,-0.8194188114501324
2005-04-19,-0.8195528411350637
2005-04-20,-0.8196389619529114
2005-04-21,-0.8196942908721765
2005-04-22,-0.8197298340073707
2005-04-25,-0.8197526654463952
2005-04-26,-0.8197673308543059
2005-04-27,-0.8197767507109204
2005-04-28,-0.8197828011592274
2005-04-29,-0.8197866873704132
2005-05-02,-0.8197891834728337
2005-05-03,-0.7907236776327485
2005-05-04,-0.801563981945543
2005-05-05,-0.8079656824061705
2005-05-06,-0.8118689311509877
2005-05-09,-0.8142953321534234
2005-05-10,-0.8158218571468755
2005-05-11,-0.8167894936177902
2005-05-12,-0.8174057882855741
2005-05-13,-0.8177995019039063
2005-05-16,-0.8180515088985105
2005-05-17,-0.8182130125347397
2005-05-18,-0.8183165974308523
2005-05-19,-0.8183830683119162
2005-05-20,-0.8184257368885752
2005-05-23,-0.8184531321748381
2005-05-24,-0.8184707236367541
2005-05-25,-0.8184820206990434
2005-05-26,-0.8184892759626587
2005-05-27,-0.8184939356452755
2005-05-30,-0.8184969283881792
2005-05-31,-0.8184988505452006
2005-06-01,-0.8147646117994047
2005-06-02,-0.8157685916534894
2005-06-03,-0.8167236032420114
2005-06-06,-0.8174678240091364
2005-06-07,-0.8180006624778291
2005-06-08,-0.8183657663956656
2005-06-09,-0.8186097709715204
2005-06-10,-0.8187704312576046
2005-06-13,-0.8188752515931457
2005-06-14,-0.8189432503553881
2005-06-15,-0.8189872035622756
2005-06-16,-0.8190155491592572
2005-06-17,-0.8190338026715112
2005-06-20,-0.8190455462861908
2005-06-21,-0.8190530971644903
2005-06-22,-0.8190579503475797
2005-06-23,-0.819061068871547
2005-06-24,-0.8190630724343331
2005-06-27,-0.8190643595359222
2005-06-28,-0.8190651863244547
2005-06-29,-0.8190657174019761
2005-06-30,-0.8190660585239877
2005-07-01,-0.8320077253716556
2005-07-04,-0.8276310959317268
2005-07-05,-0.8248014462906283
2005-07-06,-0.8229784407983761
2005-07-07,-0.8218059080058255
2005-07-08,-0.8210523193520377
2005-07-11,-0.8205681520451665
2005-07-12,-0.8202571314785629
2005-07-13,-0.8200573517266772
2005-07-14,-0.8199290303916618
2005-07-15,-0.8198466092127239
2005-07-18,-0.8197936703146919
2005-07-19,-0.8197596679707032
2005-07-20,-0.8197378285248628
2005-07-21,-0.819723801238456
2005-07-22,-0.8197147916430841
2005-07-25,-0.8197090048674287
2005-07-26,-0.819705288079005
2005-07-27,-0.8197029008233552
2005-07-28,-0.8197013675134045
2005-07-29,-0.8197003826841613
2005-08-01,-0.8196997501384853
2005-08-02,-0.8535347482351192
2005-08-03,-0.8427732495478842
2005-08-04,-0.8352621249215393
2005-08-05,-0.8301698202400354
2005-08-08,-0.8267831415321552
2005-08-09,-0.8245587346101931
2005-08-10,-0.8231093998550445
2005-08-11,-0.8221699172036703
2005-08-12,-0.8215629326862712
2005-08-15,-0.8211715969953767
2005-08-16,-0.8209196359343733
2005-08-17,-0.8207575518697575
2005-08-18,-0.8206533428673961
2005-08-19,-0.8205863675412225
2005-08-22,-0.8205433322529543
2005-08-23,-0.8205156838173455
2005-08-24,-0.8204979224952541
2005-08-25,-0.8204865133368826
2005-08-26,-0.8204791848389974
2005-08-29,-0.820474477608855
2005-08-30,-0.820471454116318
2005-08-31,-0.8204695121223511
2005-09-01,-0.798941791584169
2005-09-02,-0.8068420400674188
2005-09-05,-0.8117005684161995
2005-09-06,-0.8147368594585278
2005-09-07,-0.8166534372473453
2005-09-08,-0.8178708729745479
2005-09-09,-0.8186473017166447
2005-09-12,-0.8191437378129938
2005-09-13,-0.8194616681672389
2005-09-14,-0.819665491168149
2005-09-15,-0.8197962480196465
2005-09-16,-0.8198801673045664
2005-09-19,-0.8199340412142795
2005-09-20,-0.8199686329106685
2005-09-21,-0.8199908462800708
2005-09-22,-0.8200051118332936
2005-09-23,-0.8200142736814998
2005-09-26,-0.8200201579244982
2005-09-27,-0.8200239371819422
2005-09-28,-0.8200263645058387
2005-09-29,-0.820027923528538
2005-09-30,-0.8200289248634622
2005-10-03,-0.8246188766863678
2005-10-04,-0.8221988541193217
2005-10-05,-0.8210715807018716
2005-10-06,-0.8205448012052956
2005-10-07,-0.8202942105596776
2005-10-10,-0.8201713071486008
2005-10-11,-0.820108582401105
2005-10-12,-0.8200751268395732
2005-10-13,-0.8200564958279769
2005-10-14,-0.8200457184297472
2005-10-17,-0.8200392895603733
2005-10-18,-0.820035364630193
2005-10-19,-0.8200329281534627
2005-10-20,-0.820031398127322
2005-10-21,-0.8200304298178893
2005-10-24,-0.8200298138313369
2005-10-25,-0.8200294206445385
2005-10-26,-0.8200291691177628
2005-10-27,-0.820029007982703
2005-10-28,-0.820028904659775
2005-10-31,-0.8200288383676767
2005-11-01,-0.8255343531984516
2005-11-02,-0.8236094250060337
2005-11-03,-0.8223835135535089
2005-11-04,-0.8216008412887679
2005-11-07,-0.8211001991577079
2005-11-08,-0.8207795230296928
2005-11-09,-0.8205739280384149
2005-11-10,-0.8204420322309676
2005-11-11,-0.82035738177211
2005-11-14,-0.8203030385757979
2005-11-15,-0.8202681456512488
2005-11-16,-0.8202457388976725
2005-11-17,-0.8202313491770876
2005-11-18,-0.8202221075954397
2005-11-21,-0.8202161721481376
2005-11-22,-0.8202123600059255
2005-11-23,-0.8202099115618324
2005-11-24,-0.8202083389744099
2005-11-25,-0.8202073289272374
2005-11-28,-0.8202066801883012
2005-11-29,-0.8202062635116152
2005-11-30,-0.820205995885164
2005-12-01,-0.8157194746381515
2005-12-02,-0.8171962390962755
2005-12-05,-0.8181881901125165
2005-12-06,-0.8188428231027918
2005-12-07,-0.819270408224171
2005-12-08,-0.8195479526855242
2005-12-09,-0.8197274105244878
2005-12-12,-0.8198431651366598
2005-12-13,-0.8199177150754058
2005-12-14,-0.8199656809133756
2005-12-15,-0.8199965231570763
2005-12-16,-0.8200163469445845
2005-12-19,-0.8200290853862217
2005-12-20,-0.8200372695590088
2005-12-21,-0.8200425271598051
2005-12-22,-0.8200459044712461
2005-12-23,-0.8200480738520599
2005-12-26,-0.8200494672924481
2005-12-27,-0.8200503623134634
2005-12-28,-0.8200509371880202
2005-12-29,-0.8200513064288697
2005-12-30,-0.8200515435904524
2006-01-02,-0.8200516959177082
2006-01-03,-0.8198523143679916
2006-01-04,-0.8197878103816472
2006-01-05,-0.8198569363665118
2006-01-06,-0.8199476866752234
2006-01-09,-0.820025307198867
2006-01-10,-0.8200831957882324
2006-01-11,-0.8201237071277955
2006-01-12,-0.8201511052129224
2006-01-13,-0.8201692723715651
2006-01-16,-0.8201811762578746
2006-01-17,-0.8201889191554834
2006-01-18,-0.8201939324398746
2006-01-19,-0.8201971689695312
2006-01-20,-0.8201992545875789
2006-01-23,-0.8202005969758729
2006-01-24,-0.8202014603403579
2006-01-25,-0.8202020153499742
2006-01-26,-0.8202023720247381
2006-01-27,-0.8202026011948589
2006-01-30,-0.8202027484221214
2006-01-31,-0.820202842998556
2006-02-01,-0.8012590958600361
2006-02-02,-0.8037409406390676
2006-02-03,-0.8076829061940903
2006-02-06,-0.8113603452194846
2006-02-07,-0.8142550864634932
2006-02-08,-0.816353006671819
2006-02-09,-0.81780453067709
2006-02-10,-0.8187813515509041
2006-02-13,-0.8194275645828182
2006-02-14,-0.819850502225111
2006-02-15,-0.8201254350196931
2006-02-16,-0.8203033852251493
2006-02-17,-0.8204182457373301
2006-02-20,-0.8204922531390546
2006-02-21,-0.8205398838963396
2006-02-22,-0.8205705165209135
2006-02-23,-0.8205902080029426
2006-02-24,-0.8206028624331105
2006-02-27,-0.8206109930465593
2006-02-28,-0.8206162164122937
2006-03-01,-0.8267399286572752
2006-03-02,-0.8246186665271529
2006-03-03,-0.8232287090258219
2006-03-06,-0.8223243237612635
2006-03-07,-0.8217385701378606
2006-03-08,-0.8213603137891663
2006-03-09,-0.8211165193420576
2006-03-10,-0.8209595828682019
2006-03-13,-0.8208586394776513
2006-03-14,-0.8207937447748668
2006-03-15,-0.820752038878107
2006-03-16,-0.8207252414150956
2006-03-17,-0.8207080254734831
2006-03-20,-0.8206969661158424
2006-03-21,-0.82068986208847
2006-03-22,-0.8206852989496899
2006-03-23,-0.8206823679709953
2006-03-24,-0.8206804853834565
2006-03-27,-0.8206792761962474
2006-03-28,-0.820678499539282
2006-03-29,-0.8206780006970367
2006-03-30,-0.82067768029438
2006-03-31,-0.8206774745024759
2006-04-03,-0.8278670625229322
2006-04-04,-0.8250894356870638
2006-04-05,-0.8234273984166893
2006-04-06,-0.8224154044966357
2006-04-07,-0.8217898238932914
2006-04-10,-0.821398516991996
2006-04-11,-0.8211516325707144
2006-04-12,-0.8209949281785398
2006-04-13,-0.8208950573582496
2006-04-14,-0.8208312349518464
2006-04-17,-0.8207903765889508
2006-04-18,-0.8207641891741153
2006-04-19,-0.8207473922035204
2006-04-20,-0.8207366131563476
2006-04-21,-0.8207296937971067
2006-04-24,-0.8207252511786647
2006-04-25,-0.8207223983970665
2006-04-26,-0.8207205663599049
2006-04-27,-0.8207193897748484
2006-04-28,-0.8207186341132611
2006-05-01,-0.8207181487789659
2006-05-02,-0.8118338169417743
2006-05-03,-0.8139075328702452
2006-05-04,-0.8158555860853596
2006-05-05,-0.8173703182779685
2006-05-08,-0.8184548208828376
2006-05-09,-0.8191982712222131
2006-05-10,-0.8196953611175984
2006-05-11,-0.8200227793837854
2006-05-12,-0.8202364535878778
2006-05-15,-0.8203750921575133
2006-05-16,-0.8204647162112895
2006-05-17,-0.8205225195723944
2006-05-18,-0.8205597446597421
2006-05-19,-0.8205836946424028
2006-05-22,-0.8205990942624392
2006-05-23,-0.8206089922087136
2006-05-24,-0.8206153524162798
2006-05-25,-0.8206194386913233
2006-05-26,-0.8206220637500938
2006-05-29,-0.8206237499988998
2006-05-30,-0.8206248331418494
2006-05-31,-0.8206255288675022
2006-06-01,-0.8199358760451317
2006-06-02,-0.820117524856349
2006-06-05,-0.8202657586740609
2006-06-06,-0.8203739982213272
2006-06-07,-0.8204488984015709
2006-06-08,-0.8204992261370022
2006-06-09,-0.8205324673133834
2006-06-12,-0.8205541958262113
2006-06-13,-0.8205683078076793
2006-06-14,-0.8205774361420559
2006-06-15,-0.8205833257270412
2006-06-16,-0.8205871194998805
2006-06-19,-0.8205895607196546
2006-06-20,-0.8205911305540046
2006-06-21,-0.8205921396113862
2006-06-22,-0.8205927880357429
2006-06-23,-0.8205932046428658
2006-06-26,-0.8205934722792938
2006-06-27,-0.82059364420167
2006-06-28,-0.8205937546348177
2006-06-29,-0.820593825568674
2006-06-30,-0.8205938711303177
2006-07-03,-0.8022916854661879
2006-07-04,-0.808093921363236
2006-07-05,-0.8122006204150297
2006-07-06,-0.8149892474632545
2006-07-07,-0.8168412966098391
2006-07-10,-0.8180556729323041
2006-07-11,-0.8188458167459879
2006-07-12,-0.8193574904357532
2006-07-13,-0.8196878493338692
2006-07-14,-0.8199007420886167
2006-07-17,-0.8200377720714473
2006-07-18,-0.8201259050364429
2006-07-19,-0.8201825614175144
2006-07-20,-0.8202189716341448
2006-07-21,-0.8202423659570719
2006-07-24,-0.8202573953604806
2006-07-25,-0.8202670500227788
2006-07-26,-0.8202732517031005
2006-07-27,-0.8202772352217866
2006-07-28,-0.8202797938950672
2006-07-31,-0.8202814373458522
2006-08-01,-0.8049512512448604
2006-08-02,-0.8089461638586515
2006-08-03,-0.8124193190359024
2006-08-04,-0.8150386069794862
2006-08-07,-0.8168858556430504
2006-08-08,-0.8181417390809693
2006-08-09,-0.8189774113407646
2006-08-10,-0.8195262411880058
2006-08-11,-0.819883764861312
2006-08-14,-0.8201154759580993
2006-08-15,-0.8202651607426364
2006-08-16,-0.8203616567367209
2006-08-17,-0.820423781721201
2006-08-18,-0.8204637444765243
2006-08-21,-0.8204894371181877
2006-08-22,-0.820505949542802
2006-08-23,-0.8205165595547711
2006-08-24,-0.8205233760100824
2006-08-25,-0.8205277548725407
2006-08-28,-0.8205305676691301
2006-08-29,-0.8205323744224102
2006-08-30,-0.8205335349321283
2006-08-31,-0.8205342803364502
2006-09-01,-0.8034361843474642
2006-09-04,-0.8084017106792946
2006-09-05,-0.8122853250843889
2006-09-06,-0.8150675674603874
2006-09-07,-0.8169741382294062
2006-09-08,-0.8182483282220208
2006-09-11,-0.8190872881163447
2006-09-12,-0.8196346518429489
2006-09-13,-0.8199897353203525
2006-09-14,-0.8202192548423969
2006-09-15,-0.8203672728479147
2006-09-18,-0.8204625909445631
2006-09-19,-0.8205239149800344
2006-09-20,-0.8205633449479119
2006-09-21,-0.8205886878091473
2006-09-22,-0.8206049724456594
2006-09-25,-0.8206154348608091
2006-09-26,-0.8206221559835267
2006-09-27,-0.8206264733950568
2006-09-28,-0.8206292466316693
2006-09-29,-0.8206310279385735
2006-10-02,-0.8206321720889136
2006-10-03,-0.814265983621655
2006-10-04,-0.8160548213165502
2006-10-05,-0.8174983859999869
2006-10-06,-0.8185477085173515
2006-10-09,-0.8192723005762361
2006-10-10,-0.8197586589697929
2006-10-11,-0.820079711480664
2006-10-12,-0.8202895030789172
2006-10-13,-0.8204257298846663
2006-10-16,-0.8205138379142016
2006-10-17,-0.8205706809615902
2006-10-18,-0.8206072947265741
2006-10-19,-0.8206308543078737
2006-10-20,-0.8206460040992216
2006-10-23,-0.8206557419624574
2006-10-24,-0.8206619995065612
2006-10-25,-0.8206660199062981
2006-10-26,-0.8206686026805782
2006-10-27,-0.8206702617814361
2006-10-30,-0.8206713274920527
2006-10-31,-0.8206720120229603
2006-11-01,-0.8213346964592668
2006-11-02,-0.8209465369364928
2006-11-03,-0.8207920640672823
2006-11-06,-0.8207327969477285
2006-11-07,-0.8207114420036279
2006-11-08,-0.8207046836287317
2006-11-09,-0.8207032303059691
2006-11-10,-0.8207034926834889
2006-11-13,-0.8207041557676835
2006-11-14,-0.820704786014423
2006-11-15,-0.8207052752068092
2006-11-16,-0.8207056242478333
2006-11-17,-0.82070586281131
2006-11-20,-0.8207060219712593
2006-11-21,-0.8207061266460975
2006-11-22,-0.8207061948876861
2006-11-23,-0.8207062391352526
2006-11-24,-0.8207062677269185
2006-11-27,-0.8207062861619713
2006-11-28,-0.8207062980318731
2006-11-29,-0.8207063056678582
2006-11-30,-0.8207063105773519
2006-12-01,-0.8204192835977848
2006-12-04,-0.8205212503374961
2006-12-05,-0.8205867504356503
2006-12-06,-0.8206288237065028
2006-12-07,-0.8206558482596127
2006-12-08,-0.820673206395385
2006-12-11,-0.820684355570475
2006-12-12,-0.8206915166624651
2006-12-13,-0.8206961161956774
2006-12-14,-0.8206990704438575
2006-12-15,-0.8207009679332951
2006-12-18,-0.8207021866737477
2006-12-19,-0.8207029694591994
2006-12-20,-0.8207034722346286
2006-12-21,-0.8207037951622583
2006-12-22,-0.820704002575402
2006-12-25,-0.8207041357947442
2006-12-26,-0.8207042213601587
2006-12-27,-0.8207042763179424
2006-12-28,-0.8207043116167587
2006-12-29,-0.8207043342888235
2007-01-01,-0.8207043488508556
2007-01-02,-0.8325672231507335
2007-01-03,-0.8280531869639749
2007-01-04,-0.8253111581081252
2007-01-05,-0.823628589327098
2007-01-08,-0.8225845521581541
2007-01-09,-0.821930340361067
2007-01-10,-0.821517247614922
2007-01-11,-0.8212549486769772
2007-01-12,-0.8210877516355138
2007-01-15,-0.8209808957535593
2007-01-16,-0.8209124851380535
2007-01-17,-0.8208686377232833
2007-01-18,-0.8208405130783902
2007-01-19,-0.8208224646622622
2007-01-22,-0.8208108788594652
2007-01-23,-0.8208034401057014
2007-01-24,-0.8207986633805631
2007-01-25,-0.8207955957973389
2007-01-26,-0.8207936257093551
2007-01-29,-0.820792360420221
2007-01-30,-0.820791547770293
2007-01-31,-0.8207910258269412
2007-02-01,-0.823241702024939
2007-02-02,-0.8222401669614616
2007-02-05,-0.821675992895107
2007-02-06,-0.8213473742735582
2007-02-07,-0.8211505369592489
2007-02-08,-0.8210300661602556
2007-02-09,-0.8209551689825656
2007-02-12,-0.8209080925565904
2007-02-13,-0.8208782821127807
2007-02-14,-0.820859311460192
2007-02-15,-0.8208471996483099
2007-02-16,-0.820839450438008
2007-02-19,-0.8208344856182949
2007-02-20,-0.8208313018910245
2007-02-21,-0.8208292591308238
2007-02-22,-0.8208279479597228
2007-02-23,-0.82082710616814
2007-02-26,-0.8208265656426684
2007-02-27,-0.8208262185300423
2007-02-28,-0.8208259956084831
2007-03-01,-0.8059712568827619
2007-03-02,-0.8111056920724676
2007-03-05,-0.8145016911254082
2007-03-06,-0.8167198014050177
2007-03-07,-0.8181588189200647
2007-03-08,-0.8190887862986489
2007-03-09,-0.8196883911274409
2007-03-12,-0.820074444068835
2007-03-13,-0.8203227830039019
2007-03-14,-0.8204824447733051
2007-03-15,-0.8205850580700005
2007-03-16,-0.8206509919417364
2007-03-19,-0.8206933514629213
2007-03-20,-0.8207205630272798
2007-03-21,-0.8207380425810418
2007-03-22,-0.8207492702792287
2007-03-23,-0.8207564820276161
2007-03-26,-0.8207611141884333
2007-03-27,-0.8207640894307473
2007-03-28,-0.8207660004200786
2007-03-29,-0.8207672278378007
2007-03-30,-0.8207680161992233
2007-04-02,-0.8207685225571351
2007-04-03,-0.8182556072862406
2007-04-04,-0.8186139352870031
2007-04-05,-0.8191567334642105
2007-04-06,-0.8196385724461399
2007-04-09,-0.8200042464546268
2007-04-10,-0.820262648233826
2007-04-11,-0.8204384222760618
2007-04-12,-0.8205553915296657
2007-04-13,-0.8206322063820103
2007-04-16,-0.8206822414998796
2007-04-17,-0.8207146668860781
2007-04-18,-0.8207356124648744
2007-04-19,-0.8207491147575396
2007-04-20,-0.8207578074317895
2007-04-23,-0.8207633990198862
2007-04-24,-0.8207669938939964
2007-04-25,-0.8207693042698672
2007-04-26,-0.8207707887884476
2007-04-27,-0.8207717425219665
2007-04-30,-0.820772355195211
2007-05-01,-0.8104845269022077
2007-05-02,-0.8128362466425136
2007-05-03,-0.8150970765817132
2007-05-04,-0.8168729250885216
2007-05-07,-0.8181515069006042
2007-05-08,-0.8190309384408073
2007-05-09,-0.8196201673855126
2007-05-10,-0.8200087809009691
2007-05-11,-0.8202626011595175
2007-05-14,-0.8204273746478574
2007-05-15,-0.8205339297742977
2007-05-16,-0.8206026677434962
2007-05-17,-0.8206469407994221
2007-05-18,-0.8206754278562698
2007-05-21,-0.8206937458186347
2007-05-22,-0.8207055199304784
2007-05-23,-0.8207130858996665
2007-05-24,-0.8207179469199576
2007-05-25,-0.8207210697121311
2007-05-28,-0.8207230757005064
2007-05-29,-0.8207243642297263
2007-05-30,-0.8207251918814567
2007-05-31,-0.8207257234912251
2007-06-01,-0.8154310152681814
2007-06-04,-0.8154662613992438
2007-06-05,-0.8165024623621924
2007-06-06,-0.8176343549887479
2007-06-07,-0.8185688579410474
2007-06-08,-0.8192591568246324
2007-06-11,-0.8197409647669638
2007-06-12,-0.8200666359060058
2007-06-13,-0.8202825955905261
2007-06-14,-0.8204241292994938
2007-06-15,-0.8205162073964167
2007-06-18,-0.8205758337650986
2007-06-19,-0.8206143319754887
2007-06-20,-0.8206391419520164
2007-06-21,-0.8206551114082188
2007-06-22,-0.8206653825694589
2007-06-25,-0.8206719854676545
2007-06-26,-0.8206762288496618
2007-06-27,-0.8206789553238752
2007-06-28,-0.8206807069200727
2007-06-29,-0.8206818321213298
2007-07-02,-0.8206825548962249
2007-07-03,-0.8018677855834639
2007-07-04,-0.8074367101295339
2007-07-05,-0.8117117912536205
2007-07-06,-0.8147451557266612
2007-07-09,-0.8168123945581576
2007-07-10,-0.8181893917357148
2007-07-11,-0.8190941889300856
2007-07-12,-0.8196837497960479
2007-07-13,-0.8200658967156776
2007-07-16,-0.8203127819307366
2007-07-17,-0.8204719466080626
2007-07-18,-0.8205744211085435
2007-07-19,-0.8206403403833429
2007-07-20,-0.8206827213091352
2007-07-23,-0.8207099593260505
2007-07-24,-0.8207274611128983
2007-07-25,-0.8207387052545145
2007-07-26,-0.820745928456931
2007-07-27,-0.8207505683428081
2007-07-30,-0.820753548698776
2007-07-31,-0.8207554630352318
2007-08-01,-0.7534955649269923
2007-08-02,-0.7786835029249483
2007-08-03,-0.7938701272848192
2007-08-06,-0.8032498486718661
2007-08-07,-0.8091280568171664
2007-08-08,-0.8128452513704484
2007-08-09,-0.8152092249987525
2007-08-10,-0.816718002039438
2007-08-13,-0.817683157013588
2007-08-14,-0.8183014592845419
2007-08-15,-0.8186979279664068
2007-08-16,-0.8189523038584073
2007-08-17,-0.819115574882232
2007-08-20,-0.8192203960183578
2007-08-21,-0.8192877025203273
2007-08-22,-0.8193309249423277
2007-08-23,-0.8193586830196514
2007-08-24,-0.8193765104100247
2007-08-27,-0.8193879602073498
2007-08-28,-0.8193953140662745
2007-08-29,-0.8194000372798816
2007-08-30,-0.8194030709123319
2007-08-31,-0.8194050193670386
2007-09-03,0.06194822617797918
2007-09-04,0.2982276091013617
2007-09-05,0.4743582943047894
2007-09-06,0.5999043021714469
2007-09-07,0.6864788762103196
2007-09-10,0.7447931935551247
2007-09-11,0.7834427840118512
2007-09-12,0.8087822886737773
2007-09-13,0.825276405412773
2007-09-14,0.8359623897778714
2007-09-17,0.8428642984820487
2007-09-18,0.8473132941419181
2007-09-19,0.8501774600890695
2007-09-20,0.8520198249737483
2007-09-21,0.8532042898814179
2007-09-24,0.8539655274599565
2007-09-25,0.8544546557166321
2007-09-26,0.85476889749144
2007-09-27,0.8549707646430524
2007-09-28,0.8551004354039592
2007-10-01,0.8551837271930078
2007-10-02,0.829062702537678
2007-10-03,0.8381362059248825
2007-10-04,0.8439466164147562
2007-10-05,0.8476662712580918
2007-10-08,0.8500491594455925
2007-10-09,0.8515768374886055
2007-10-10,0.852556818113921
2007-10-11,0.8531857251737023
2007-10-12,0.8535894451274877
2007-10-15,0.8538486581943181
2007-10-16,0.8540151097886117
2007-10-17,0.8541220040579687
2007-10-18,0.8541906545743693
2007-10-19,0.854234745375778
2007-10-22,0.8542630633194805
2007-10-23,0.8542812511782718
2007-10-24,0.8542929328603205
2007-10-25,0.8543004358047036
2007-10-26,0.8543052548355246
2007-10-29,0.8543083500356097
2007-10-30,0.8543103380449778
2007-10-31,0.8543116149204866
2007-11-01,0.7455007445874784
2007-11-02,0.7330487975686671
2007-11-05,0.72957164767927
2007-11-06,0.7297186867393455
2007-11-07,0.7310024228643833
2007-11-08,0.7323908188543498
2007-11-09,0.7335387915352564
2007-11-12,0.7343889553281707
2007-11-13,0.7349836159572989
2007-11-14,0.7353861916797413
2007-11-15,0.7356534320977717
2007-11-16,0.7358286977807483
2007-11-19,0.735942774079668
2007-11-20,0.7360166680655904
2007-11-21,0.7360643876422006
2007-11-22,0.7360951441834377
2007-11-23,0.7361149428885354
2007-11-26,0.7361276775988775
2007-11-27,0.7361358644865719
2007-11-28,0.736141125941052
2007-11-29,0.7361445065984291
2007-11-30,0.7361466784876094
2007-12-03,0.48355618327392647
2007-12-04,0.4450021282575618
2007-12-05,0.43262646030875856
2007-12-06,0.44113396202549526
2007-12-07,0.4669843841686598
2007-12-10,0.5067978585616006
2007-12-11,0.5564721752429637
2007-12-12,0.6109563437062221
2007-12-13,0.6648087847647121
2007-12-14,0.7133348623092339
2007-12-17,0.7536236285357971
2007-12-18,0.7848381392615567
2007-12-19,0.8077268185914968
2007-12-20,0.8238292126440783
2007-12-21,0.8348250536369062
2007-12-24,0.8421802472602093
2007-12-25,0.8470319040277063
2007-12-26,0.850202575941368
2007-12-27,0.8522620774147116
2007-12-28,0.8535945106359454
2007-12-31,0.8544543329224038
2008-01-01,0.8544669754739964
2008-01-02,0.8549782914074793
2008-01-03,0.8553310227967421
2008-01-04,0.855567628636245
2008-01-07,0.8557237494036259
2008-01-08,0.8558257381892979
2008-01-09,0.8558919520369236
2008-01-10,0.8559347724874797
2008-01-11,0.8559623961018701
2008-01-14,0.8559801881744201
2008-01-15,0.8559916363479769
2008-01-16,0.855998997852735
2008-01-17,0.8560037295617537
2008-01-18,0.8560067701295225
2008-01-21,0.8560087236487824
2008-01-22,0.8560099786190374
2008-01-23,0.8560107847745264
2008-01-24,0.8560113026015466
2008-01-25,0.8560116352136778
2008-01-28,0.856011848854098
2008-01-29,0.856011986076052
2008-01-30,0.8560120742134975
2008-01-31,0.8560121308237629
2008-02-01,0.7828302720785387
2008-02-04,0.8089894693838996
2008-02-05,0.8257760803426506
2008-02-06,0.8365360893937885
2008-02-07,0.8434352412420665
2008-02-08,0.8478609897333653
2008-02-11,0.8507011950852118
2008-02-12,0.8525244040527779
2008-02-13,0.853695001165272
2008-02-14,0.8544466836625989
2008-02-15,0.8549294067976527
2008-02-18,0.8552394238916476
2008-02-19,0.8554385318437254
2008-02-20,0.8555664115212185
2008-02-21,0.8556485451247322
2008-02-22,0.8557012977834428
2008-02-25,0.8557351798962664
2008-02-26,0.8557569418720717
2008-02-27,0.8557709192999217
2008-02-28,0.8557798968306461
2008-02-29,0.8557856629946936
2008-03-03,0.8596692069669682
2008-03-04,0.857063275851895
2008-03-05,0.8560472711465449
2008-03-06,0.855716140908355
2008-03-07,0.855651954912984
2008-03-10,0.8556767397175606
2008-03-11,0.8557212541957525
2008-03-12,0.8557620227761442
2008-03-13,0.8557933360048076
2008-03-14,0.8558155919224917
2008-03-17,0.8558307786432471
2008-03-18,0.855840902920668
2008-03-19,0.8558475588207277
2008-03-20,0.8558518971733149
2008-03-21,0.855854709819243
2008-03-24,0.8558565271575553
2008-03-25,0.8558576988752493
2008-03-26,0.8558584532980543
2008-03-27,0.8558589386155341
2008-03-28,0.8558592506433034
2008-03-31,0.8558594511847991
2008-04-01,0.8514802896471293
2008-04-02,0.8525865757519265
2008-04-03,0.8535545069997992
2008-04-04,0.854283678849176
2008-04-07,0.8547967635749915
2008-04-08,0.8551448897705569
2008-04-09,0.8553761845353189
2008-04-10,0.8555279271232634
2008-04-11,0.8556267059429221
2008-04-14,0.8556906941677322
2008-04-15,0.8557320175781333
2008-04-16,0.8557586518116789
2008-04-17,0.8557757969317099
2008-04-18,0.8557868248382527
2008-04-21,0.8557939144563694
2008-04-22,0.8557984707296163
2008-04-23,0.8558013982844087
2008-04-24,0.8558032790794848
2008-04-25,0.8558044872831855
2008-04-28,0.8558052633776668
2008-04-29,0.8558057618871875
2008-04-30,0.8558060820879178
2008-05-01,0.794071802088252
2008-05-02,0.797675756191283
2008-05-05,0.8080165763417962
2008-05-06,0.8196605583192056
2008-05-07,0.8299551255485966
2008-05-08,0.8380200764871666
2008-05-09,0.8439004463067593
2008-05-12,0.8479984654421643
2008-05-13,0.8507727236542415
2008-05-14,0.8526160241922142
2008-05-15,0.8538260753839488
2008-05-16,0.8546142673822335
2008-05-19,0.8551251061465768
2008-05-20,0.8554551222274875
2008-05-21,0.8556678801016264
2008-05-22,0.8558048601052473
2008-05-23,0.8558929764774146
2008-05-26,0.8559496287015795
2008-05-27,0.8559860389572016
2008-05-28,0.8560094344299243
2008-05-29,0.8560244650377491
2008-05-30,0.8560341206663447
2008-06-02,0.8560403230469446
2008-06-03,0.835410273105737
2008-06-04,0.8431845605256899
2008-06-05,0.8479172630711884
2008-06-06,0.8508563524864342
2008-06-09,0.8527042556310194
2008-06-10,0.8538751354672673
2008-06-11,0.8546206851689372
2008-06-12,0.8550968935249025
2008-06-13,0.8554016712907785
2008-06-16,0.8555969808784338
2008-06-17,0.8557222427253629
2008-06-18,0.8558026215574286
2008-06-19,0.85585421691549
2008-06-20,0.8558873432452851
2008-06-23,0.8559086146515432
2008-06-24,0.8559222748727596
2008-06-25,0.8559310477910117
2008-06-26,0.855936682174107
2008-06-27,0.8559403009267599
2008-06-30,0.855942625150867
2008-07-01,0.8490854707378477
2008-07-02,0.8506050737326647
2008-07-03,0.8521216645867842
2008-07-04,0.8533275830129095
2008-07-07,0.8542004405737865
2008-07-08,0.8548023929177693
2008-07-09,0.8552062835048537
2008-07-10,0.855472878636003
2008-07-11,0.8556470880273488
2008-07-14,0.8557602137671505
2008-07-15,0.8558333829973234
2008-07-16,0.855880589426171
2008-07-17,0.8559109965832729
2008-07-18,0.8559305626794871
2008-07-21,0.8559431445936511
2008-07-22,0.8559512319392263
2008-07-23,0.8559564288794721
2008-07-24,0.8559597678608335
2008-07-25,0.855961912883217
2008-07-28,0.8559632907859478
2008-07-29,0.8559641758716414
2008-07-30,0.8559647443831429
2008-07-31,0.855965109544617
2008-08-01,0.8677563178169486
2008-08-04,0.8635014686285525
2008-08-05,0.8607937781359165
2008-08-06,0.8590718324214512
2008-08-07,0.8579750667610162
2008-08-08,0.8572750628308339
2008-08-11,0.8568274683427213
2008-08-12,0.8565408626086328
2008-08-13,0.8563571552371925
2008-08-14,0.8562393209182504
2008-08-15,0.8561637037498342
2008-08-18,0.8561151633633588
2008-08-19,0.8560839978894201
2008-08-20,0.8560639853969829
2008-08-21,0.8560511335527183
2008-08-22,0.856042879761324
2008-08-25,0.856037578773243
2008-08-26,0.8560341741425067
2008-08-27,0.8560319874408373
2008-08-28,0.8560305829686985
2008-08-29,0.8560296809005759
2008-09-01,0.8560291015156066
2008-09-02,0.8429845813221729
2008-09-03,0.8473790453583294
2008-09-04,0.8503547777762589
2008-09-05,0.8523246023617257
2008-09-08,0.8536128240553184
2008-09-09,0.8544494517924163
2008-09-10,0.8549905391835668
2008-09-11,0.8553395941598056
2008-09-12,0.8555644108063158
2008-09-15,0.8557090636328369
2008-09-16,0.8558020776792342
2008-09-17,0.8558618628789318
2008-09-18,0.8559002801081652
2008-09-19,0.8559249624393599
2008-09-22,0.8559408186724005
2008-09-23,0.8559510042150157
2008-09-24,0.8559575467983587
2008-09-25,0.8559617492441856
2008-09-26,0.8559644485191651
2008-09-29,0.8559661822716262
2008-09-30,0.8559672958577561
2008-10-01,0.9432629184120612
2008-10-02,0.9271905142857488
2008-10-03,0.911345028846057
2008-10-06,0.8971241068458432
2008-10-07,0.8853984984203561
2008-10-08,0.8763882254778522
2008-10-09,0.8698326680679622
2008-10-10,0.8652504819197369
2008-10-13,0.8621367151239674
2008-10-14,0.8600611635500234
2008-10-15,0.858695371313356
2008-10-16,0.8578042349556345
2008-10-17,0.8572260176239651
2008-10-20,0.8568521903821367
2008-10-21,0.8566110683383312
2008-10-22,0.8564557765004489
2008-10-23,0.8563558596231033
2008-10-24,0.8562916118867192
2008-10-27,0.8562503164204582
2008-10-28,0.8562237804613376
2008-10-29,0.8562067316089976
2008-10-30,0.8561957792110944
2008-10-31,0.856188743734285
2008-11-03,0.7966215986191919
2008-11-04,0.8127654221661493
2008-11-05,0.8260187865130841
2008-11-06,0.835813459658684
2008-11-07,0.842666596339573
2008-11-10,0.8473106875975527
2008-11-11,0.8503966390952287
2008-11-12,0.8524221276657924
2008-11-13,0.8537412319028359
2008-11-14,0.8545960345646535
2008-11-17,0.8551482003960973
2008-11-18,0.8555041488735828
2008-11-19,0.8557333076824696
2008-11-20,0.8558807157971406
2008-11-21,0.8559754860868134
2008-11-24,0.8560363938677031
2008-11-25,0.8560755299066417
2008-11-26,0.8561006730169971
2008-11-27,0.8561168248325196
2008-11-28,0.8561272000721197
2008-12-01,0.8561338644330714
2008-12-02,0.4387704741142784
2008-12-03,-0.046031591974398475
2008-12-04,-0.33591912265385093
2008-12-05,-0.5143198680720369
2008-12-08,-0.6259335893078652
2008-12-09,-0.6964544989149763
2008-12-10,-0.7412822741113697
2008-12-11,-0.7698857088806839
2008-12-12,-0.7881803949310247
2008-12-15,-0.7998993651676409
2008-12-16,-0.807413401892904
2008-12-17,-0.8122342703019655
2008-12-18,-0.8153284741661023
2008-12-19,-0.8173149469976058
2008-12-22,-0.8185904660129691
2008-12-23,-0.8194095653158076
2008-12-24,-0.8199356010693096
2008-12-25,-0.8202734422972755
2008-12-26,-0.8204904234560347
2008-12-29,-0.8206297837659828
2008-12-30,-0.82071929161685
2008-12-31,-0.8207767808257762
2009-01-01,-0.7426353432124614
2009-01-02,-0.7479306691864178
2009-01-05,-0.7609560545048764
2009-01-06,-0.775433052342813
2009-01-07,-0.7882484719561587
2009-01-08,-0.7983308335761728
2009-01-09,-0.8057131653949176
2009-01-12,-0.8108753007537479
2009-01-13,-0.814378572965132
2009-01-14,-0.816710247319391
2009-01-15,-0.8182426680239293
2009-01-16,-0.8192416077447048
2009-01-19,-0.8198893605089606
2009-01-20,-0.8203079636169162
2009-01-21,-0.8205778897189094
2009-01-22,-0.8207517001134599
2009-01-23,-0.8208635185500733
2009-01-26,-0.8209354134995863
2009-01-27,-0.8209816219042801
2009-01-28,-0.8210113138903293
2009-01-29,-0.8210303900305422
2009-01-30,-0.8210426446185903
2009-02-02,-0.8210505165132941
2009-02-03,-0.8031570527008152
2009-02-04,-0.8099406599796556
2009-02-05,-0.8140612882214824
2009-02-06,-0.8166169497432407
2009-02-09,-0.8182224994802572
2009-02-10,-0.8192393118936265
2009-02-11,-0.8198865570094969
2009-02-12,-0.8202998924118705
2009-02-13,-0.8205643972708544
2009-02-16,-0.8207338851443294
2009-02-17,-0.8208425805701008
2009-02-18,-0.8209123266259594
2009-02-19,-0.8209570958217993
2009-02-20,-0.8209858390813076
2009-02-23,-0.821004295824331
2009-02-24,-0.8210161484381837
2009-02-25,-0.8210237604404003
2009-02-26,-0.821028649216881
2009-02-27,-0.821031789089697
2009-03-02,-0.821033805740671
2009-03-03,-0.8202566257426642
2009-03-04,-0.8201319046220326
2009-03-05,-0.8202833709085358
2009-03-06,-0.8204792955511512
2009-03-09,-0.8206467251705855
2009-03-10,-0.8207716715485338
2009-03-11,-0.8208591736414308
2009-03-12,-0.8209183850135656
2009-03-13,-0.8209576624840623
2009-03-16,-0.820983405613298
2009-03-17,-0.8210001532264699
2009-03-18,-0.8210109980381288
2009-03-19,-0.8210179998738812
2009-03-20,-0.8210225120727209
2009-03-23,-0.8210254163978965
2009-03-24,-0.8210272843685218
2009-03-25,-0.8210284851998797
2009-03-26,-0.8210292569159199
2009-03-27,-0.8210297527603896
2009-03-30,-0.8210300713101029
2009-03-31,-0.8210302759417887
2009-04-01,-0.8227009123118583
2009-04-02,-0.8219629462885595
2009-04-03,-0.8215727687471849
2009-04-06,-0.8213576964816527
2009-04-07,-0.8212344847740856
2009-04-08,-0.8211615783677791
2009-04-09,-0.8211173417638229
2009-04-10,-0.8210900030223172
2009-04-13,-0.8210728881075611
2009-04-14,-0.8210620791168395
2009-04-15,-0.8210552125151012
2009-04-16,-0.8210508335066758
2009-04-17,-0.8210480338504191
2009-04-20,-0.8210462409984642
2009-04-21,-0.8210450916709592
2009-04-22,-0.821044354378654
2009-04-23,-0.8210438811984146
2009-04-24,-0.8210435774343494
2009-04-27,-0.8210433823936609
2009-04-28,-0.8210432571473784
2009-04-29,-0.8210431767138522
2009-04-30,-0.8210431250567135
2009-05-01,-0.7679824394414445
2009-05-04,-0.7888956185650358
2009-05-05,-0.8010610335046293
2009-05-06,-0.8084146749830086
2009-05-07,-0.8129623279288227
2009-05-08,-0.8158142862578185
2009-05-11,-0.8176184887352669
2009-05-12,-0.8187661521297247
2009-05-13,-0.8194987389099488
2009-05-14,-0.8199674115501483
2009-05-15,-0.8202676716266355
2009-05-18,-0.8204602116211211
2009-05-19,-0.8205837488241361
2009-05-20,-0.8206630422447525
2009-05-21,-0.8207139496404934
2009-05-22,-0.8207466378842961
2009-05-25,-0.8207676294727353
2009-05-26,-0.8207811106132161
2009-05-27,-0.8207897687750894
2009-05-28,-0.8207953295607839
2009-05-29,-0.8207989010877283
2009-06-01,-0.8208011949978726
2009-06-02,-0.8027931999556479
2009-06-03,-0.8095097593216674
2009-06-04,-0.8136384919713852
2009-06-05,-0.8162180466112059
2009-06-08,-0.8178460740162955
2009-06-09,-0.8188801221739458
2009-06-10,-0.8195395557131243
2009-06-11,-0.8199611714661292
2009-06-12,-0.8202311786664147
2009-06-15,-0.8204042758844837
2009-06-16,-0.8205153204285278
2009-06-17,-0.8205865879906721
2009-06-18,-0.8206323396583555
2009-06-19,-0.8206617161013718
2009-06-22,-0.8206805804185628
2009-06-23,-0.8206926951787636
2009-06-24,-0.8207004757056616
2009-06-25,-0.8207054727859929
2009-06-26,-0.8207086822469029
2009-06-29,-0.8207107436041694
2009-06-30,-0.8207120675735059
2009-07-01,-0.7996737122344283
2009-07-02,-0.8076537639763005
2009-07-03,-0.8124523461559456
2009-07-06,-0.8154101521367372
2009-07-07,-0.8172612134670905
2009-07-08,-0.818430678115033
2009-07-09,-0.8191739517467392
2009-07-10,-0.8196481479456961
2009-07-13,-0.8199514098811644
2009-07-14,-0.8201456546189674
2009-07-15,-0.8202701951253457
2009-07-16,-0.8203500952840226
2009-07-17,-0.820401376874002
2009-07-20,-0.8204342990706147
2009-07-21,-0.8204554382915237
2009-07-22,-0.8204690131692394
2009-07-23,-0.8204777310898975
2009-07-24,-0.8204833300734051
2009-07-27,-0.8204869260582518
2009-07-28,-0.8204892356460386
2009-07-29,-0.8204907190389727
2009-07-30,-0.8204916717939362
2009-07-31,-0.8204922837332311
2009-08-03,-0.7066939231226866
2009-08-04,-0.7462050855210275
2009-08-05,-0.7698056653146885
2009-08-06,-0.7843042970676732
2009-08-07,-0.7933614307434338
2009-08-10,-0.7990776086346137
2009-08-11,-0.8027083771507877
2009-08-12,-0.8050238709032925
2009-08-13,-0.806504346621155
2009-08-14,-0.8074524777339268
2009-08-17,-0.8080603174213213
2009-08-18,-0.8084502595410118
2009-08-19,-0.8087005229951691
2009-08-20,-0.8088611853628622
2009-08-21,-0.8089643444635812
2009-08-24,-0.8090305890118393
2009-08-25,-0.809073131641914
2009-08-26,-0.809100454040227
2009-08-27,-0.8091180019879433
2009-08-28,-0.8091292724627843
2009-08-31,-0.8091365112109987
2009-09-01,-0.7945157186766734
2009-09-02,-0.7936881500083981
2009-09-03,-0.7973686522728748
2009-09-04,-0.8022500240896209
2009-09-07,-0.8067400018448269
2009-09-08,-0.8102963059294294
2009-09-09,-0.8128950548329523
2009-09-10,-0.8147053413612053
2009-09-11,-0.8159296069118367
2009-09-14,-0.8167422612085354
2009-09-15,-0.8172753371918933
2009-09-16,-0.8176223825840494
2009-09-17,-0.8178472260312222
2009-09-18,-0.817992445951985
2009-09-21,-0.8180860527726374
2009-09-22,-0.8181463134333204
2009-09-23,-0.8181850752442398
2009-09-24,-0.8182099950989017
2009-09-25,-0.8182260105831894
2009-09-28,-0.8182363011743028
2009-09-29,-0.8182429123696628
2009-09-30,-0.8182471593549121
2009-10-01,-0.7669979441981861
2009-10-02,-0.7836741589246227
2009-10-05,-0.7935074684041155
2009-10-06,-0.7994979905208073
2009-10-07,-0.8032200635824227
2009-10-08,-0.8055610266680582
2009-10-09,-0.8070446412605805
2009-10-12,-0.8079894542705175
2009-10-13,-0.8085929932425142
2009-10-14,-0.8089792861534562
2009-10-15,-0.8092268420085702
2009-10-16,-0.8093856158146759
2009-10-19,-0.809487500386421
2009-10-20,-0.8095529009756507
2009-10-21,-0.8095948910953557
2009-10-22,-0.8096218543161086
2009-10-23,-0.8096391697921996
2009-10-26,-0.80965029022062
2009-10-27,-0.8096574322935224
2009-10-28,-0.8096620193819035
2009-10-29,-0.8096649655424125
2009-10-30,-0.8096668577982489
2009-11-02,-0.8096680731611365
2009-11-03,0.0500405969092419
2009-11-04,0.2946316215745516
2009-11-05,0.47362835080014576
2009-11-06,0.5997447671504672
2009-11-09,0.6860816103254264
2009-11-10,0.7439701309868626
2009-11-11,0.7822267436099656
2009-11-12,0.807262650396013
2009-11-13,0.8235401327709989
2009-11-16,0.8340779094015343
2009-11-17,0.8408808483715247
2009-11-18,0.8452647084528823
2009-11-19,0.8480863888287501
2009-11-20,0.8499011969529301
2009-11-23,0.8510678513948864
2009-11-24,0.8518176036363744
2009-11-25,0.8522993360482054
2009-11-26,0.8526088197349524
2009-11-27,0.8528076275916266
2009-11-30,0.852935332068731
2009-12-01,0.2718365743809713
2009-12-02,-0.12082248648583291
2009-12-03,-0.3712155192121058
2009-12-04,-0.5314028821098629
2009-12-07,-0.634054508010809
2009-12-08,-0.6998968975022302
2009-12-09,-0.7421516945933955
2009-12-10,-0.7692775414581976
2009-12-11,-0.7866945609040847
2009-12-14,-0.7978790441269837
2009-12-15,-0.8050617872173051
2009-12-16,-0.8096748055536536
2009-12-17,-0.812637542010044
2009-12-18,-0.8145404121536292
2009-12-21,-0.8157625792413932
2009-12-22,-0.816547553494666
2009-12-23,-0.8170517297841471
2009-12-24,-0.8173755551164875
2009-12-25,-0.8175835439976007
2009-12-28,-0.8177171327804278
2009-12-29,-0.8178029353386587
2009-12-30,-0.8178580453775858
2009-12-31,-0.8178934419615456
2010-01-01,0.02332481658502321
2010-01-04,0.25841059170678576
2010-01-05,0.4370662149774305
2010-01-06,0.5686887830352707
2010-01-07,0.6625251047267176
2010-01-08,0.7275117759948998
2010-01-11,0.7714982779539935
2010-01-12,0.800771775930644
2010-01-13,0.8200234634148604
2010-01-14,0.8325822030918991
2010-01-15,0.840730668306432
2010-01-18,0.8459988379298997
2010-01-19,0.8493969265838026
2010-01-20,0.8515854683732594
2010-01-21,0.8529936270025309
2010-01-22,0.8538990993679009
2010-01-25,0.8544810992729066
2010-01-26,0.8548550870802493
2010-01-27,0.8550953679492723
2010-01-28,0.8552497277340789
2010-01-29,0.8553488837513694
2010-02-01,0.855412575719821
2010-02-02,0.8430119706020063
2010-02-03,0.8469050011213897
2010-02-04,0.849703827236959
2010-02-05,0.851620651436211
2010-02-08,0.8529000497499135
2010-02-09,0.8537414712412921
2010-02-10,0.8542899687674144
2010-02-11,0.8546455741745791
2010-02-12,0.8548753380688296
2010-02-15,0.8550234740289917
2010-02-16,0.855118851394044
2010-02-17,0.8551802065866386
2010-02-18,0.8552196536874248
2010-02-19,0.855245006357789
2010-02-22,0.8552612967995761
2010-02-23,0.8552717627386532
2010-02-24,0.8552784860401507
2010-02-25,0.8552828048161499
2010-02-26,0.8552855789147242
2010-03-01,0.8552873607693052
2010-03-02,0.773995595859712
2010-03-03,0.8025639597013745
2010-03-04,0.8197982805505495
2010-03-05,0.8304485169938085
2010-03-08,0.8371256842502999
2010-03-09,0.8413493163049002
2010-03-10,0.8440358738194091
2010-03-11,0.8457507510607829
2010-03-12,0.8468478366754117
2010-03-15,0.8475506942307709
2010-03-16,0.8480013969996071
2010-03-17,0.8482905760783097
2010-03-18,0.8484761881441427
2010-03-19,0.8485953534736916
2010-03-22,0.8486718709480342
2010-03-23,0.8487210085937746
2010-03-24,0.8487525655916204
2010-03-25,0.8487728328381448
2010-03-26,0.8487858496674427
2010-03-29,0.8487942099890387
2010-03-30,0.8487995796325731
2010-03-31,0.848803028455885
2010-04-01,0.7333382092630234
2010-04-02,0.7438791329724943
2010-04-05,0.7635479960364375
2010-04-06,0.7849830466171521
2010-04-07,0.804147700293096
2010-04-08,0.8194492447901283
2010-04-09,0.8308024961176995
2010-04-12,0.8388231560445761
2010-04-13,0.8443066746435819
2010-04-14,0.8479749654115452
2010-04-15,0.8503940965301477
2010-04-16,0.8519746269695264
2010-04-19,0.8530010243143205
2010-04-20,0.8536649606110526
2010-04-21,0.8540933504883894
2010-04-22,0.8543693094878273
2010-04-23,0.8545468897384886
2010-04-26,0.8546610860278401
2010-04-27,0.8547344902635646
2010-04-28,0.8547816606364027
2010-04-29,0.8548119674160591
2010-04-30,0.8548314371651158
2010-05-03,0.8683295392191939
2010-05-04,0.8627215196802618
2010-05-05,0.8595999978825513
2010-05-06,0.8578710575895586
2010-05-07,0.8569013897111242
2010-05-10,0.8563452356124736
2010-05-11,0.8560180802259698
2010-05-12,0.8558210853334136
2010-05-13,0.8557001805109637
2010-05-14,0.8556249004042509
2010-05-17,0.8555775440790558
2010-05-18,0.8555475422868852
2010-05-19,0.8555284446112577
2010-05-20,0.8555162496873195
2010-05-21,0.8555084465115956
2010-05-24,0.8555034468020828
2010-05-25,0.8555002405745133
2010-05-26,0.8554981833259538
2010-05-27,0.8554968628342403
2010-05-28,0.8554960150500435
2010-05-31,0.8554954706730855
2010-06-01,0.7275683846596509
2010-06-02,0.765953954374623
2010-06-03,0.7941693531171198
2010-06-04,0.8139388060001543
2010-06-07,0.8273775028206057
2010-06-08,0.8363339098442424
2010-06-09,0.8422261780268532
2010-06-10,0.8460699330944913
2010-06-11,0.8485636060671514
2010-06-14,0.8501756460169735
2010-06-15,0.8512153569938035
2010-06-16,0.8518849411279646
2010-06-17,0.8523157482378496
2010-06-18,0.8525927571387547
2010-06-21,0.8527708034672458
2010-06-22,0.8528852129589701
2010-06-23,0.8529587185271142
2010-06-24,0.8530059392794429
2010-06-25,0.8530362723464073
2010-06-28,0.8530557564738748
2010-06-29,0.853068271551134
2010-06-30,0.8530763101129918
2010-07-01,0.8758404447715245
2010-07-02,0.8688516057811602
2010-07-05,0.8640156379152899
2010-07-06,0.8607530504441736
2010-07-07,0.8585891176427842
2010-07-08,0.8571699485716825
2010-07-09,0.8562460491470161
2010-07-12,0.855647450098712
2010-07-13,0.8552608143731633
2010-07-14,0.8550115846986551
2010-07-15,0.8548511352559649
2010-07-16,0.8547479264515054
2010-07-19,0.8546815729541373
2010-07-20,0.8546389285445319
2010-07-21,0.8546115276473585
2010-07-22,0.8545939238634045
2010-07-23,0.8545826152902176
2010-07-26,0.8545753511495515
2010-07-27,0.8545706851532096
2010-07-28,0.8545676881025566
2010-07-29,0.8545657630745438
2010-07-30,0.8545645266269628
2010-08-02,0.8545637324604087
2010-08-03,0.6396410993285347
2010-08-04,0.08941148656684594
2010-08-05,-0.2404686865654833
2010-08-06,-0.4434906133174612
2010-08-09,-0.5704375788413747
2010-08-10,-0.650600239017004
2010-08-11,-0.7015337274907087
2010-08-12,-0.7340224428735336
2010-08-13,-0.7547975012139798
2010-08-16,-0.7681033318730569
2010-08-17,-0.7766340046156458
2010-08-18,-0.7821067784147527
2010-08-19,-0.7856192527354515
2010-08-20,-0.7878741940412755
2010-08-23,-0.7893220723354151
2010-08-24,-0.7902518451685631
2010-08-25,-0.7908489525724824
2010-08-26,-0.7912324370990441
2010-08-27,-0.7914787322945019
2010-08-30,-0.7916369198065425
2010-08-31,-0.7917385198028783
2010-09-01,-0.5920301605468181
2010-09-02,-0.5562848088451564
2010-09-03,-0.5471613467488413
2010-09-06,-0.5586980370233281
2010-09-07,-0.5854403624254156
2010-09-08,-0.6216358773472365
2010-09-09,-0.6613853310380727
2010-09-10,-0.6994972973779437
2010-09-13,-0.7324243526687507
2010-09-14,-0.7586206583245653
2010-09-15,-0.7781757345209304
2010-09-16,-0.7920987816484505
2010-09-17,-0.8016825235532755
2010-09-20,-0.8081269349784032
2010-09-21,-0.8123924559937462
2010-09-22,-0.815186312295786
2010-09-23,-0.8170036829003707
2010-09-24,-0.8181805645493472
2010-09-27,-0.8189404667273283
2010-09-28,-0.8194302066704826
2010-09-29,-0.8197454504393278
2010-09-30,-0.8199482132241447
2010-10-01,-0.797506614132645
2010-10-04,-0.8059947934262526
2010-10-05,-0.8111374935712651
2010-10-06,-0.814322140789494
2010-10-07,-0.8163209517172699
2010-10-08,-0.8175860762344896
2010-10-11,-0.818391084279538
2010-10-12,-0.8189050473293772
2010-10-13,-0.8192338973341486
2010-10-14,-0.819444595729471
2010-10-15,-0.8195797118699835
2010-10-18,-0.8196664077671533
2010-10-19,-0.819722055469223
2010-10-20,-0.8197577825005116
2010-10-21,-0.8197807234542329
2010-10-22,-0.8197954556554723
2010-10-25,-0.8198049169498013
2010-10-26,-0.8198109934096688
2010-10-27,-0.8198148960788811
2010-10-28,-0.8198174026494336
2010-10-29,-0.8198190125634182
2010-11-01,-0.8198200465819784
2010-11-02,-0.808318362234523
2010-11-03,-0.8123955495162245
2010-11-04,-0.8149868093766486
2010-11-05,-0.8166396162195562
2010-11-08,-0.8176963963959947
2010-11-09,-0.8183731650472292
2010-11-10,-0.8188070230737392
2010-11-11,-0.8190853452828399
2010-11-12,-0.8192639682130434
2010-11-15,-0.8193786378523418
2010-11-16,-0.8194522650283332
2010-11-17,-0.8194995451193354
2010-11-18,-0.8195299085546023
2010-11-19,-0.8195494089921083
2010-11-22,-0.819561933226893
2010-11-23,-0.819569977126683
2010-11-24,-0.8195751435219625
2010-11-25,-0.8195784617953289
2010-11-26,-0.8195805930677861
2010-11-29,-0.819581961953682
2010-11-30,-0.8195828411714708
2010-12-01,-0.824819541554806
2010-12-02,-0.8229242339775178
2010-12-03,-0.8217453891313865
2010-12-06,-0.8210051180718021
2010-12-07,-0.8205369001277191
2010-12-08,-0.820239237581897
2010-12-09,-0.820049339226482
2010-12-10,-0.8199279061935426
2010-12-13,-0.8198501339516926
2010-12-14,-0.8198002740226193
2010-12-15,-0.8197682877235289
2010-12-16,-0.8197477590496838
2010-12-17,-0.8197345802187516
2010-12-20,-0.8197261182854867
2010-12-21,-0.8197206843850836
2010-12-22,-0.819717194705923
2010-12-23,-0.8197149535104674
2010-12-24,-0.8197135140919667
2010-12-27,-0.8197125896006138
2010-12-28,-0.8197119958227006
2010-12-29,-0.8197116144507908
2010-12-30,-0.8197113695018314
2010-12-31,-0.8197112121745894
2011-01-03,-0.5535411139241112
2011-01-04,-0.016054551713024993
2011-01-05,0.3056254175248815
2011-01-06,0.5034463976061581
2011-01-07,0.627094351854167
2011-01-10,0.7051583336775638
2011-01-11,0.7547529417935129
2011-01-12,0.7863856312058024
2011-01-13,0.8066125359029962
2011-01-14,0.8195669905996218
2011-01-17,0.8278722688789685
2011-01-18,0.833200394836966
2011-01-19,0.83662001333911
2011-01-20,0.8388153349916712
2011-01-21,0.8402249287445791
2011-01-24,0.8411301153423139
2011-01-25,0.8417114327188076
2011-01-26,0.8420847760756907
2011-01-27,0.8423245579511277
2011-01-28,0.8424785621276412
2011-01-31,0.8425774752531957
2011-02-01,0.8078107907612093
2011-02-02,0.8085828162449417
2011-02-03,0.8155053154540775
2011-02-04,0.824184171936416
2011-02-07,0.8322187030127084
2011-02-08,0.8386739918251349
2011-02-09,0.8434522252489529
2011-02-10,0.8468134195932815
2011-02-11,0.8491022978573631
2011-02-14,0.8506287959589462
2011-02-15,0.8516332745013995
2011-02-16,0.8522885627684805
2011-02-17,0.8527136806494643
2011-02-18,0.8529884911450317
2011-02-21,0.853165729961862
2011-02-22,0.8532798712323453
2011-02-23,0.853353308119422
2011-02-24,0.8534005275698358
2011-02-25,0.8534308774815909
2011-02-28,0.8534503797275999
2011-03-01,0.8304656238147421
2011-03-02,0.8271811858095454
2011-03-03,0.8301743392142158
2011-03-04,0.8354041886534991
2011-03-07,0.8406536207557673
2011-03-08,0.8450057453208395
2011-03-09,0.8482742583757783
2011-03-10,0.850590506673766
2011-03-11,0.8521741691537155
2011-03-14,0.8532327815227115
2011-03-15,0.8539303312574216
2011-03-16,0.8543857684089584
2011-03-17,0.8546813855049582
2011-03-18,0.8548725442233246
2011-03-21,0.8549958571457823
2011-03-22,0.8550752806459389
2011-03-23,0.8551263848564227
2011-03-24,0.8551592462854751
2011-03-25,0.855180368417067
2011-03-28,0.8551939413726319
2011-03-29,0.8552026617945787
2011-03-30,0.8552082639260048
2011-03-31,0.8552118625686456
2011-04-01,0.8565980648652716
2011-04-04,0.8560213406796082
2011-04-05,0.8557089057044207
2011-04-06,0.8555327774754246
2011-04-07,0.8554299501024762
2011-04-08,0.855368200254067
2011-04-11,0.8553303234769889
2011-04-12,0.8553067351729757
2011-04-13,0.8552918906465451
2011-04-14,0.8552824826360783
2011-04-15,0.855276492207842
2011-04-18,0.8552726661854688
2011-04-19,0.855270217672873
2011-04-20,0.8552686486921737
2011-04-21,0.8552676424679311
2011-04-22,0.8552669968059379
2011-04-25,0.8552665823619596
2011-04-26,0.8552663162753413
2011-04-27,0.8552661454145825
2011-04-28,0.855266035690607
2011-04-29,0.8552659652235097
2011-05-02,0.8552659199663079
2011-05-03,0.8314414331517734
2011-05-04,0.8399020692694298
2011-05-05,0.8452648751396669
2011-05-06,0.8486767760947328
2011-05-09,0.8508541197807145
2011-05-10,0.852246649186124
2011-05-11,0.8531385648599216
2011-05-12,0.8537103966943672
2011-05-13,0.854077248666395
2011-05-16,0.8543126960696379
2011-05-17,0.8544638479964093
2011-05-18,0.8545609009528323
2011-05-19,0.8546232245262162
2011-05-20,0.8546632491376389
2011-05-23,0.854688954395507
2011-05-24,0.854705463735087
2011-05-25,0.8547160671491842
2011-05-26,0.8547228774621092
2011-05-27,0.8547272515935862
2011-05-30,0.8547300610273335
2011-05-31,0.8547318654869545
2011-06-01,0.7551723158712943
2011-06-02,0.7884251606815071
2011-06-03,0.8097766016186615
2011-06-06,0.8234982658311244
2011-06-07,0.8323175404020252
2011-06-08,0.8379852626320554
2011-06-09,0.8416270893575379
2011-06-10,0.8439668689477251
2011-06-13,0.8454699756119215
2011-06-14,0.8464355287799374
2011-06-15,0.8470557453778316
2011-06-16,0.8474541256856482
2011-06-17,0.8477100102090731
2011-06-20,0.8478743659075514
2011-06-21,0.8479799314083241
2011-06-22,0.8480477356711038
2011-06-23,0.848091285908683
2011-06-24,0.8481192578830622
2011-06-27,0.8481372240368314
2011-06-28,0.8481487635295033
2011-06-29,0.8481561752335615
2011-06-30,0.8481609356973341
2011-07-01,0.8170968727482534
2011-07-04,0.8246967373765787
2011-07-05,0.8299655173335201
2011-07-06,0.8335144095474141
2011-07-07,0.8358632779330931
2011-07-08,0.837400996564857
2011-07-11,0.8384007617477076
2011-07-12,0.8390479251299623
2011-07-13,0.8394656726417689
2011-07-14,0.8397348483391534
2011-07-15,0.8399080928075976
2011-07-18,0.8400195128348455
2011-07-19,0.8400911374072509
2011-07-20,0.8401371661564307
2011-07-21,0.8401667402730042
2011-07-22,0.8401857396829293
2011-07-25,0.8401979445651142
2011-07-26,0.840205784359739
2011-07-27,0.840210820077768
2011-07-28,0.8402140545906803
2011-07-29,0.8402161321357022
2011-08-01,0.8402174665423292
2011-08-02,0.832969646666704
2011-08-03,0.8336004187763864
2011-08-04,0.834249491632139
2011-08-05,0.834773866158089
2011-08-08,0.8351569810018981
2011-08-09,0.8354227109399697
2011-08-10,0.8356016485123652
2011-08-11,0.8357200278077529
2011-08-12,0.8357974957410474
2011-08-15,0.8358478471888624
2011-08-16,0.8358804334846428
2011-08-17,0.8359014650527483
2011-08-18,0.8359150154332146
2011-08-19,0.8359237360526084
2011-08-22,0.8359293443776502
2011-08-23,0.8359329495021326
2011-08-24,0.8359352662557092
2011-08-25,0.8359367547856666
2011-08-26,0.8359377110606105
2011-08-29,0.8359383253517318
2011-08-30,0.8359387199398793
2011-08-31,0.8359389733943295
2011-09-01,-0.5271438834505893
2011-09-02,-0.5096182576737172
2011-09-05,-0.5079980601120819
2011-09-06,-0.5219724333563222
2011-09-07,-0.5495293933231875
2011-09-08,-0.5870342101180122
2011-09-09,-0.6296316460310281
2011-09-12,-0.6721747684035884
2011-09-13,-0.7104369265274892
2011-09-14,-0.7419743549794994
2011-09-15,-0.766200928974077
2011-09-16,-0.7838287887076631
2011-09-19,-0.796154074633066
2011-09-20,-0.8045325454735303
2011-09-21,-0.8101191364778907
2011-09-22,-0.8137962023130103
2011-09-23,-0.8161957810235373
2011-09-26,-0.8177529396684867
2011-09-27,-0.8187597480875355
2011-09-28,-0.8194091825609932
2011-09-29,-0.8198274574340187
2011-09-30,-0.8200965870933272
2011-10-03,-0.7449883883264866
2011-10-04,-0.7639249023183292
2011-10-05,-0.7803309187592601
2011-10-06,-0.7928908846045721
2011-10-07,-0.8018900382658564
2011-10-10,-0.8080860646172241
2011-10-11,-0.8122467866637588
2011-10-12,-0.8149966073476255
2011-10-13,-0.8167954961350379
2011-10-14,-0.8179646064454269
2011-10-17,-0.8187212235676997
2011-10-18,-0.8192095616355145
2011-10-19,-0.8195241982137143
2011-10-20,-0.8197266922665348
2011-10-21,-0.8198569199755653
2011-10-24,-0.8199406332154376
2011-10-25,-0.8199944299838855
2011-10-26,-0.8200289949035653
2011-10-27,-0.8200512004677792
2011-10-28,-0.8200654648827531
2011-10-31,-0.8200746275984012
2011-11-01,-0.7606833674944309
2011-11-02,-0.782477099619497
2011-11-03,-0.7952259885109982
2011-11-04,-0.8029578838294168
2011-11-07,-0.807749134765666
2011-11-08,-0.8107576437882322
2011-11-09,-0.8126623920352458
2011-11-10,-0.8138746223421944
2011-11-11,-0.8146486719270439
2011-11-14,-0.815143971771664
2011-11-15,-0.8154613324278973
2011-11-16,-0.8156648551591527
2011-11-17,-0.8157954461226158
2011-11-18,-0.8158792699579448
2011-11-21,-0.8159330871324351
2011-11-22,-0.8159676442721207
2011-11-23,-0.8159898362226965
2011-11-24,-0.81600408833906
2011-11-25,-0.8160132416889803
2011-11-28,-0.8160191205280918
2011-11-29,-0.8160228963371448
2011-11-30,-0.8160253214554443
2011-12-01,-0.7910870994117997
2011-12-02,-0.7801593621794178
2011-12-05,-0.7803422916358981
2011-12-06,-0.7862028838189943
2011-12-07,-0.7938348494003304
2011-12-08,-0.8010159157954276
2011-12-09,-0.8068383872188448
2011-12-12,-0.8111722866003171
2011-12-13,-0.8142316303142252
2011-12-14,-0.8163196170040655
2011-12-15,-0.8177141298115191
2011-12-16,-0.8186326006344357
2011-12-19,-0.8192321333459583
2011-12-20,-0.8196212269767453
2011-12-21,-0.8198728112892022
2011-12-22,-0.8200350957133827
2011-12-23,-0.820139616872368
2011-12-26,-0.8202068686432467
2011-12-27,-0.8202501128909302
2011-12-28,-0.8202779085119449
2011-12-29,-0.8202957697264224
2011-12-30,-0.8203072452557854
2012-01-02,-0.8203146172955935
2012-01-03,-0.8128344622032712
2012-01-04,-0.8149131021567643
2012-01-05,-0.8166232464524554
2012-01-06,-0.8178779327556728
2012-01-09,-0.8187488174867894
2012-01-10,-0.819335164146444
2012-01-11,-0.81972294938854
2012-01-12,-0.8199766457262725
2012-01-13,-0.820141504265798
2012-01-16,-0.8202481809604092
2012-01-17,-0.8203170243669479
2012-01-18,-0.8203613763603199
2012-01-19,-0.8203899187266592
2012-01-20,-0.8204082741101865
2012-01-23,-0.8204200730383251
2012-01-24,-0.8204276552686419
2012-01-25,-0.8204325268659841
2012-01-26,-0.820435656506406
2012-01-27,-0.820437666915907
2012-01-30,-0.8204389582940785
2012-01-31,-0.8204397877795002
2012-02-01,-0.7897243445523594
2012-02-02,-0.7990598279166468
2012-02-03,-0.8060251647477953
2012-02-06,-0.8108957099693282
2012-02-07,-0.8141878380236525
2012-02-08,-0.8163701156287536
2012-02-09,-0.8177998080027878
2012-02-10,-0.8187296761940227
2012-02-13,-0.8193317101837827
2012-02-14,-0.8197203681990811
2012-02-15,-0.8199708157065778
2012-02-16,-0.8201320125313705
2012-02-17,-0.8202356866413354
2012-02-20,-0.8203023328257093
2012-02-21,-0.8203451626524282
2012-02-22,-0.8203726815729229
2012-02-23,-0.8203903607195638
2012-02-24,-0.820401717514409
2012-02-27,-0.8204090125517192
2012-02-28,-0.8204136983614224
2012-02-29,-0.8204167081250981
2012-03-01,-0.7962926497859453
2012-03-02,-0.8054055174007863
2012-03-05,-0.8108640143770116
2012-03-06,-0.8142207767493198
2012-03-07,-0.8163185185535171
2012-03-08,-0.817642650967342
2012-03-09,-0.8184837535437774
2012-03-12,-0.8190201715138143
2012-03-13,-0.8193631479874559
2012-03-14,-0.8195827986487831
2012-03-15,-0.8197236151095164
2012-03-16,-0.8198139518684447
2012-03-19,-0.8198719296653401
2012-03-20,-0.8199091498354492
2012-03-21,-0.8199330483920899
2012-03-22,-0.8199483950644111
2012-03-23,-0.819958250784944
2012-03-26,-0.8199645804807827
2012-03-27,-0.8199686457596315
2012-03-28,-0.8199712567556716
2012-03-29,-0.8199729337340533
2012-03-30,-0.819974010824488
2012-04-02,-0.8199747026221545
2012-04-03,-0.8010599588195759
2012-04-04,-0.8060893463207681
2012-04-05,-0.8102812400835059
2012-04-06,-0.8133838999951976
2012-04-09,-0.8155504734414221
2012-04-10,-0.8170150945001955
2012-04-11,-0.8179863354158461
2012-04-12,-0.8186228575366055
2012-04-13,-0.8190369599389216
2012-04-16,-0.8193051161203009
2012-04-17,-0.8194782525864768
2012-04-18,-0.81958982924981
2012-04-19,-0.8196616477752956
2012-04-20,-0.8197078396375205
2012-04-23,-0.8197375344265622
2012-04-24,-0.8197566179073326
2012-04-25,-0.819768879495864
2012-04-26,-0.8197767568298944
2012-04-27,-0.8197818171201455
2012-04-30,-0.819785067605752
2012-05-01,-0.8258839616638962
2012-05-02,-0.8235710991317241
2012-05-03,-0.8222146808600469
2012-05-04,-0.8214011997971751
2012-05-07,-0.8209038160378272
2012-05-08,-0.8205950705196022
2012-05-09,-0.8204012877529638
2012-05-10,-0.8202787152325786
2012-05-11,-0.8202007760011634
2012-05-14,-0.8201510433885358
2012-05-15,-0.8201192360422117
2012-05-16,-0.8200988625065293
2012-05-17,-0.820085799931568
2012-05-18,-0.8200774195291782
2012-05-21,-0.820072040827605
2012-05-22,-0.8200685877710852
2012-05-23,-0.8200663705803719
2012-05-24,-0.8200649467789131
2012-05-25,-0.8200640324003479
2012-05-28,-0.8200634451516547
2012-05-29,-0.8200630679873727
2012-05-30,-0.8200628257466965
2012-05-31,-0.8200626701613354
2012-06-01,-0.8557445852086736
2012-06-04,-0.8448579893986182
2012-06-05,-0.8369551152010646
2012-06-06,-0.8314402830190576
2012-06-07,-0.8276970777267063
2012-06-08,-0.8252039227210226
2012-06-11,-0.8235641929864611
2012-06-12,-0.8224946910578654
2012-06-13,-0.8218008971968066
2012-06-14,-0.821352413513033
2012-06-15,-0.8210631647826533
2012-06-18,-0.8208768889017349
2012-06-19,-0.8207570411893286
2012-06-20,-0.820679979642156
2012-06-21,-0.8206304488593257
2012-06-22,-0.8205986213202676
2012-06-25,-0.8205781728653978
2012-06-26,-0.8205650365767176
2012-06-27,-0.8205565982604228
2012-06-28,-0.8205511779988882
2012-06-29,-0.8205476964484649
2012-07-02,-0.8205454602135098
2012-07-03,-0.7892249668307224
2012-07-04,-0.8001104169538614
2012-07-05,-0.8071995245390263
2012-07-06,-0.811783923699885
2012-07-09,-0.8147392403237494
2012-07-10,-0.816641378880051
2012-07-11,-0.817864619109017
2012-07-12,-0.818650888381913
2012-07-13,-0.8191561383947737
2012-07-16,-0.8194807511090048
2012-07-17,-0.8196892854960391
2012-07-18,-0.819823240918987
2012-07-19,-0.8199092856395465
2012-07-20,-0.8199645539597997
2012-07-23,-0.8200000533351559
2012-07-24,-0.8200228546714902
2012-07-25,-0.8200374999211271
2012-07-26,-0.8200469064904825
2012-07-27,-0.8200529482643287
2012-07-30,-0.8200568288461617
2012-07-31,-0.8200593213090471
2012-08-01,-0.8168468381569449
2012-08-02,-0.8179879034348966
2012-08-03,-0.8187135721462419
2012-08-06,-0.8191767176893371
2012-08-07,-0.8194729864285561
2012-08-08,-0.8196627822592422
2012-08-09,-0.8197844828174561
2012-08-10,-0.8198625661165915
2012-08-13,-0.8199126837240233
2012-08-14,-0.8199448595291249
2012-08-15,-0.8199655198543219
2012-08-16,-0.8199787873500045
2012-08-17,-0.8199873079280287
2012-08-20,-0.8199927801957374
2012-08-21,-0.8199962948069126
2012-08-22,-0.8199985521352452
2012-08-23,-0.8200000019649536
2012-08-24,-0.8200009331636281
2012-08-27,-0.8200015312579645
2012-08-28,-0.8200019154057254
2012-08-29,-0.8200021621390111
2012-08-30,-0.8200023206128961
2012-08-31,-0.8200024223988859
2012-09-03,-0.8126743582777772
2012-09-04,-0.8152612965166518
2012-09-05,-0.8168988727321334
2012-09-06,-0.817940940530742
2012-09-07,-0.8186062788655681
2012-09-10,-0.8190319919173976
2012-09-11,-0.819304754838136
2012-09-12,-0.8194796727808682
2012-09-13,-0.8195919075826299
2012-09-14,-0.8196639481963638
2012-09-17,-0.8197101999111004
2012-09-18,-0.8197398989808672
2012-09-19,-0.8197589711162081
2012-09-20,-0.8197712196025404
2012-09-21,-0.819779086122075
2012-09-24,-0.8197841384765419
2012-09-25,-0.819787383456761
2012-09-26,-0.8197894676348505
2012-09-27,-0.8197908062647097
2012-09-28,-0.8197916660461365
2012-10-01,-0.8197922182720864
2012-10-02,-0.7916438908747958
2012-10-03,-0.8008391918620498
2012-10-04,-0.807030623683536
2012-10-05,-0.8111158842837438
2012-10-08,-0.81378248164815
2012-10-09,-0.8155123030918088
2012-10-10,-0.8166302729295803
2012-10-11,-0.817351156755378
2012-10-12,-0.8178153292224764
2012-10-15,-0.8181139371671575
2012-10-16,-0.8183059252361968
2012-10-17,-0.8184293175896818
2012-10-18,-0.8185086043491658
2012-10-19,-0.8185595430692532
2012-10-22,-0.8185922661118902
2012-10-23,-0.8186132861050096
2012-10-24,-0.8186267879863597
2012-10-25,-0.8186354604997669
2012-10-26,-0.8186410309281308
2012-10-29,-0.8186446088237076
2012-10-30,-0.8186469068966513
2012-10-31,-0.8186483829365024
2012-11-01,-0.8092346176878022
2012-11-02,-0.8122163733579887
2012-11-05,-0.8144342917645073
2012-11-06,-0.8159823973746643
2012-11-07,-0.817027438286833
2012-11-08,-0.8177195215657842
2012-11-09,-0.8181726347664071
2012-11-12,-0.8184672077866625
2012-11-13,-0.8186578699850113
2012-11-14,-0.818780932891382
2012-11-15,-0.8188602234539095
2012-11-16,-0.8189112534785525
2012-11-19,-0.8189440718239984
2012-11-20,-0.8189651681522518
2012-11-21,-0.8189787253017127
2012-11-22,-0.818987435887006
2012-11-23,-0.8189930318303131
2012-11-26,-0.8189966265518906
2012-11-27,-0.8189989356126977
2012-11-28,-0.8190004187844839
2012-11-29,-0.819001371445807
2012-11-30,-0.8190019833449247
2012-12-03,-0.8046427468990127
2012-12-04,-0.8084963780227943
2012-12-05,-0.8115333723435282
2012-12-06,-0.8137192429319113
2012-12-07,-0.8152214629102096
2012-12-10,-0.8162272313731654
2012-12-11,-0.8168902100203493
2012-12-12,-0.8173230709910134
2012-12-13,-0.8176040042368204
2012-12-14,-0.8177856479281591
2012-12-17,-0.8179028127423852
2012-12-18,-0.8179782716594364
2012-12-19,-0.818026822822702
2012-12-20,-0.818058041677594
2012-12-21,-0.8180781076438806
2012-12-24,-0.8180910017552836
2012-12-25,-0.8180992859638345
2012-12-26,-0.8181046078376952
2012-12-27,-0.818108026439835
2012-12-28,-0.8181102223448721
2012-12-31,-0.8181116328229974
2013-01-01,-0.8001723269754376
2013-01-02,-0.8062799974195236
2013-01-03,-0.8104188735828362
2013-01-04,-0.8131602485531417
2013-01-07,-0.8149538086789424
2013-01-08,-0.8161189692285693
2013-01-09,-0.8168726845812504
2013-01-10,-0.8173589697375496
2013-01-11,-0.8176721995685768
2013-01-14,-0.8178737510236427
2013-01-15,-0.8180033564907299
2013-01-16,-0.818086662944425
2013-01-17,-0.8181401954487688
2013-01-18,-0.8181745893879298
2013-01-21,-0.8181966846154584
2013-01-22,-0.8182108779478449
2013-01-23,-0.8182199949191602
2013-01-24,-0.8182258509609741
2013-01-25,-0.8182296123619892
2013-01-28,-0.818232028322861
2013-01-29,-0.8182335800909251
2013-01-30,-0.818234576784307
2013-01-31,-0.8182352169537777
2013-02-01,-0.6545953766075047
2013-02-04,-0.6841605443147109
2013-02-05,-0.70509037744618
2013-02-06,-0.7194456133003523
2013-02-07,-0.729076737637298
2013-02-08,-0.7354423922742039
2013-02-11,-0.7396079993353832
2013-02-12,-0.7423160966192008
2013-02-13,-0.7440691345613579
2013-02-14,-0.7452007848696888
2013-02-15,-0.7459299961920922
2013-02-18,-0.7463993405487405
2013-02-19,-0.746701200759834
2013-02-20,-0.7468952499005268
2013-02-21,-0.7470199548126255
2013-02-22,-0.7471000800368829
2013-02-25,-0.7471515554218782
2013-02-26,-0.7471846223907284
2013-02-27,-0.747205862968363
2013-02-28,-0.7472195063989135
2013-03-01,-0.5972951270785501
2013-03-04,-0.6183394293443067
2013-03-05,-0.6504485286505979
2013-03-06,-0.6857798492142763
2013-03-07,-0.7188642922663281
2013-03-08,-0.7466463754470475
2013-03-11,-0.7681827484414545
2013-03-12,-0.7839254508851429
2013-03-13,-0.794959324001761
2013-03-14,-0.8024698340435718
2013-03-15,-0.8074814316292921
2013-03-18,-0.8107814818014434
2013-03-19,-0.8129355932348933
2013-03-20,-0.8143336859039821
2013-03-21,-0.8152377380328117
2013-03-22,-0.8158209270864274
2013-03-25,-0.8161965509340937
2013-03-26,-0.8164382438891573
2013-03-27,-0.8165936600625596
2013-03-28,-0.8166935563299871
2013-03-29,-0.816757749251426
2013-04-01,-0.8167989923238466
2013-04-02,-0.7816618236714274
2013-04-03,-0.792251936524007
2013-04-04,-0.7991899123301729
2013-04-05,-0.8036980872972848
2013-04-08,-0.8066141250207162
2013-04-09,-0.8084952816893729
2013-04-10,-0.8097068595939056
2013-04-11,-0.8104864023916397
2013-04-12,-0.8109876513241054
2013-04-15,-0.8113098269437428
2013-04-16,-0.8115168510522177
2013-04-17,-0.8116498592179092
2013-04-18,-0.8117353049411425
2013-04-19,-0.8117901924211661
2013-04-22,-0.8118254487926968
2013-04-23,-0.8118480947130398
2013-04-24,-0.8118626404141377
2013-04-25,-0.8118719831573691
2013-04-26,-0.8118779839829279
2013-04-29,-0.8118818382833137
2013-04-30,-0.8118843138738248
2013-05-01,-0.797607043855447
2013-05-02,-0.802340062448654
2013-05-03,-0.8053623447727238
2013-05-06,-0.8072954113606526
2013-05-07,-0.8085334620871687
2013-05-08,-0.8093271432453655
2013-05-09,-0.809836283477844
2013-05-10,-0.8101630348687973
2013-05-13,-0.8103727941732126
2013-05-14,-0.8105074749309648
2013-05-15,-0.8105939601744346
2013-05-16,-0.8106495009752943
2013-05-17,-0.8106851710448232
2013-05-20,-0.8107080802349352
2013-05-21,-0.8107227940230033
2013-05-22,-0.8107322443106766
2013-05-23,-0.810738314039257
2013-05-24,-0.8107422125245209
2013-05-27,-0.8107447164653052
2013-05-28,-0.8107463247139521
2013-05-29,-0.8107473576726743
2013-05-30,-0.8107480211302318
2013-05-31,-0.8107484472616785
2013-06-03,-0.7778074195952426
2013-06-04,-0.788661113241634
2013-06-05,-0.7968648188816876
2013-06-06,-0.8026576628292
2013-06-07,-0.8065999097810077
2013-06-10,-0.8092251049154955
2013-06-11,-0.8109501649828166
2013-06-12,-0.8120743528228355
2013-06-13,-0.8128031289746704
2013-06-14,-0.8132739979741779
2013-06-17,-0.8135775834451877
2013-06-18,-0.81377304891565
2013-06-19,-0.8138987907942837
2013-06-20,-0.8139796345888458
2013-06-21,-0.8140315931864388
2013-06-24,-0.8140649794647998
2013-06-25,-0.8140864288232266
2013-06-26,-0.8141002078745984
2013-06-27,-0.8141090589862778
2013-06-28,-0.8141147443636352
2013-07-01,-0.8141183961876108
2013-07-02,-0.6934834583257468
2013-07-03,-0.7144497154815981
2013-07-04,-0.7381708475754865
2013-07-05,-0.7595499411367094
2013-07-08,-0.7766605538933644
2013-07-09,-0.7893691354398471
2013-07-10,-0.7983525890132156
2013-07-11,-0.8044967256038043
2013-07-12,-0.8086080272841112
2013-07-15,-0.8113197915520864
2013-07-16,-0.8130917219429836
2013-07-17,-0.8142425040391446
2013-07-18,-0.8149869378078862
2013-07-19,-0.8154672827208292
2013-07-22,-0.8157767165828739
2013-07-23,-0.8159758407308242
2013-07-24,-0.816103892362643
2013-07-25,-0.8161862031450224
2013-07-26,-0.8162390971576781
2013-07-29,-0.8162730814338297
2013-07-30,-0.8162949137215666
2013-07-31,-0.8163089382467097
2013-08-01,-0.7892048974026655
2013-08-02,-0.7984008795268425
2013-08-05,-0.8039379764421097
2013-08-06,-0.807353945584757
2013-08-07,-0.8094929268640828
2013-08-08,-0.8108447780187695
2013-08-09,-0.8117041684040798
2013-08-12,-0.8122525262469835
2013-08-13,-0.8126032499718513
2013-08-14,-0.8128279085466675
2013-08-15,-0.8129719546057352
2013-08-16,-0.8130643710648792
2013-08-19,-0.8131236868365452
2013-08-20,-0.8131617672816096
2013-08-21,-0.8131862187578449
2013-08-22,-0.8132019207188025
2013-08-23,-0.813212004701083
2013-08-26,-0.8132184810332777
2013-08-27,-0.8132226405059442
2013-08-28,-0.8132253120061541
2013-08-29,-0.8132270278475751
2013-08-30,-0.8132281299000953
2013-09-02,-0.8132288377309634
2013-09-03,-0.780682433638699
2013-09-04,-0.7898503804500145
2013-09-05,-0.7956379482666962
2013-09-06,-0.7993144046940102
2013-09-09,-0.8016591182900168
2013-09-10,-0.8031582965063018
2013-09-11,-0.8041184098421871
2013-09-12,-0.8047339322840102
2013-09-13,-0.8051288032515621
2013-09-16,-0.8053822300432314
2013-09-17,-0.805544923180632
2013-09-18,-0.8056493862034593
2013-09-19,-0.8057164680729831
2013-09-20,-0.8057595484336123
2013-09-23,-0.8057872161808217
2013-09-24,-0.8058049859302137
2013-09-25,-0.8058163988608759
2013-09-26,-0.8058237291048832
2013-09-27,-0.805828437177339
2013-09-30,-0.8058314610957023
2013-10-01,-0.6002820753850129
2013-10-02,-0.5947421244260009
2013-10-03,-0.5915508092694703
2013-10-04,-0.589967425758137
2013-10-07,-0.5893069156724966
2013-10-08,-0.5890995070916796
2013-10-09,-0.589081359991958
2013-10-10,-0.5891256440747445
2013-10-11,-0.5891797660559295
2013-10-14,-0.5892258814219019
2013-10-15,-0.58926039915038
2013-10-16,-0.5892846495355748
2013-10-17,-0.5893010995181149
2013-10-18,-0.5893120301648405
2013-10-21,-0.5893192025443312
2013-10-22,-0.5893238721979079
2013-10-23,-0.5893268975028317
2013-10-24,-0.589328851387126
2013-10-25,-0.5893301107924265
2013-10-28,-0.5893309215309415
2013-10-29,-0.5893314430175229
2013-10-30,-0.5893317782756082
2013-10-31,-0.5893319937374125
2013-11-01,-0.5361053257961074
2013-11-04,-0.6256506697313473
2013-11-05,-0.683933775361147
2013-11-06,-0.7218526534267234
2013-11-07,-0.7464526824975738
2013-11-08,-0.7623664979688994
2013-11-11,-0.7726379316125686
2013-11-12,-0.7792567576637743
2013-11-13,-0.7835171090061185
2013-11-14,-0.7862573267048344
2013-11-15,-0.7880189406407463
2013-11-18,-0.7891510718272685
2013-11-19,-0.7898785034186034
2013-11-20,-0.7903458391472105
2013-11-21,-0.7906460511366968
2013-11-22,-0.7908388936357202
2013-11-25,-0.7909627624031195
2013-11-26,-0.7910423253419681
2013-11-27,-0.7910934291599845
2013-11-28,-0.7911262531765053
2013-11-29,-0.7911473359346415
2013-12-02,-0.7911608772675389
2013-12-03,-0.7554077825704628
2013-12-04,-0.77011687741221
2013-12-05,-0.7809498080100041
2013-12-06,-0.7885262795384327
2013-12-09,-0.793662533504017
2013-12-10,-0.7970772279700702
2013-12-11,-0.7993194332397924
2013-12-12,-0.8007801287411596
2013-12-13,-0.8017268896772649
2013-12-16,-0.8023385456744687
2013-12-17,-0.8027328819044593
2013-12-18,-0.8029867706569782
2013-12-19,-0.8031500931792674
2013-12-20,-0.803255097797424
2013-12-23,-0.8033225842178431
2013-12-24,-0.803365947811572
2013-12-25,-0.803393807129467
2013-12-26,-0.8034117039054727
2013-12-27,-0.8034232000671816
2013-12-30,-0.8034305844475316
2013-12-31,-0.8034353275708683
2014-01-01,0.09242879976493043
2014-01-02,0.3203913064639468
2014-01-03,0.48901864052390354
2014-01-06,0.6085308944623034
2014-01-07,0.6906095328820321
2014-01-08,0.7457402114452054
2014-01-09,0.7822104978575201
2014-01-10,0.8060911285161234
2014-01-13,0.8216227961824022
2014-01-14,0.8316798316296485
2014-01-15,0.8381732483159097
2014-01-16,0.8423579860373469
2014-01-17,0.8450516374072194
2014-01-20,0.8467841574195083
2014-01-21,0.8478979355741575
2014-01-22,0.8486137161782937
2014-01-23,0.8490736249238062
2014-01-24,0.849369089827001
2014-01-27,0.8495588928748037
2014-01-28,0.849680813371807
2014-01-29,0.8497591265802917
2014-01-30,0.8498094283789752
2014-01-31,0.8498417375429339
2014-02-03,0.796254461022281
2014-02-04,0.8120096634079972
2014-02-05,0.8231007568894209
2014-02-06,0.8306399243696367
2014-02-07,0.8356584294292613
2014-02-10,0.8389558694028709
2014-02-11,0.8411047589896848
2014-02-12,0.8424978607595757
2014-02-13,0.8433979848250108
2014-02-14,0.84397834022058
2014-02-17,0.8443520124781158
2014-02-18,0.8445923967715969
2014-02-19,0.8447469494035341
2014-02-20,0.8448462814745075
2014-02-21,0.8449101080606696
2014-02-24,0.8449511142025461
2014-02-25,0.844977456555681
2014-02-26,0.8449943778463018
2014-02-27,0.845005246987417
2014-02-28,0.8450122284423617
2014-03-03,0.7825715214530878
2014-03-04,0.7895102884744423
2014-03-05,0.8016734950107127
2014-03-06,0.8142775807458801
2014-03-07,0.8250578027777042
2014-03-10,0.8333607440557566
2014-03-11,0.8393558492847695
2014-03-12,0.8435092375990232
2014-03-13,0.8463106847048228
2014-03-14,0.8481677523001687
2014-03-17,0.8493850523158677
2014-03-18,0.8501772236011335
2014-03-19,0.8506903338865721
2014-03-20,0.8510216902304564
2014-03-21,0.8512352595894322
2014-03-24,0.8513727403404292
2014-03-25,0.8514611698695738
2014-03-26,0.8515180197307364
2014-03-27,0.8515545554805712
2014-03-28,0.8515780309598999
2014-03-31,0.8515931127087091
2014-04-01,0.7911476162734385
2014-04-02,0.799507403537102
2014-04-03,0.8052047583573229
2014-04-04,0.8089829022347055
2014-04-07,0.81145482031115
2014-04-08,0.8130602737931272
2014-04-09,0.8140985436866524
2014-04-10,0.8147682867448299
2014-04-11,0.8151996261444765
2014-04-14,0.8154771499122342
2014-04-15,0.8156555971142461
2014-04-16,0.8157702927231223
2014-04-17,0.8158439937942216
2014-04-18,0.8158913449345552
2014-04-21,0.8159217637304268
2014-04-22,0.8159413037368222
2014-04-23,0.8159538550408216
2014-04-24,0.815961917009361
2014-04-25,0.8159670952915344
2014-04-28,0.8159704213158625
2014-04-29,0.8159725576145898
2014-04-30,0.8159739297485704
2014-05-01,0.8328337488080885
2014-05-02,0.8300184123675802
2014-05-05,0.8282753300251129
2014-05-06,0.8271855606432926
2014-05-07,0.8264987436697253
2014-05-08,0.8260632604188073
2014-05-09,0.8257859504493186
2014-05-12,0.8256088432866285
2014-05-13,0.8254955089902078
2014-05-14,0.825422889992308
2014-05-15,0.8253763198650976
2014-05-16,0.825346438272256
2014-05-19,0.8253272580007216
2014-05-20,0.8253149438188527
2014-05-21,0.825307036656318
2014-05-22,0.8253019588382249
2014-05-23,0.8252986977675203
2014-05-26,0.8252966033638436
2014-05-27,0.8252952582112382
2014-05-28,0.8252943942589032
2014-05-29,0.8252938393616895
2014-05-30,0.8252934829612598
2014-06-02,0.8252932540507328
2014-06-03,0.7692330231373694
2014-06-04,0.7661524604946686
2014-06-05,0.7644178226745377
2014-06-06,0.7634128634716946
2014-06-09,0.7628149409806513
2014-06-10,0.7624512317391743
2014-06-11,0.7622262096672141
2014-06-12,0.7620852757155542
2014-06-13,0.7619962530926089
2014-06-16,0.7619396965850358
2014-06-17,0.7619036284849268
2014-06-18,0.7618805688481736
2014-06-19,0.7618658019039344
2014-06-20,0.7618563354287947
2014-06-23,0.7618502627151073
2014-06-24,0.7618463653716046
2014-06-25,0.7618438634265006
2014-06-26,0.7618422569805154
2014-06-27,0.7618412253945217
2014-06-30,0.7618405629073133
2014-07-01,0.14701252201089213
2014-07-02,-0.09915531897522079
2014-07-03,-0.2791058523820795
2014-07-04,-0.40535383492181454
2014-07-07,-0.4913777398382011
2014-07-08,-0.5488285238819905
2014-07-09,-0.586682523394636
2014-07-10,-0.6114024997490259
2014-07-11,-0.6274513164640263
2014-07-14,-0.6378310144904014
2014-07-15,-0.6445276355290863
2014-07-16,-0.6488411905963664
2014-07-17,-0.6516168704511346
2014-07-18,-0.653401781440337
2014-07-21,-0.6545490874237356
2014-07-22,-0.6552863519632512
2014-07-23,-0.6557600386820317
2014-07-24,-0.6560643443861159
2014-07-25,-0.6562598222177218
2014-07-28,-0.6563853860955422
2014-07-29,-0.6564660388014536
2014-07-30,-0.6565178429840695
2014-07-31,-0.6565511170100825
2014-08-01,0.821403415074012
2014-08-04,0.8200728890499707
2014-08-05,0.820017682063884
2014-08-06,0.8217862419008743
2014-08-07,0.8253869821948387
2014-08-08,0.830212325009587
2014-08-11,0.8353579531984211
2014-08-12,0.8400540492630129
2014-08-13,0.8438900919762474
2014-08-14,0.8467872961080092
2014-08-15,0.8488597377151106
2014-08-18,0.8502885431745247
2014-08-19,0.8512496624413777
2014-08-20,0.8518857799868003
2014-08-21,0.8523023563614562
2014-08-22,0.8525732894240158
2014-08-25,0.8527487157799254
2014-08-26,0.8528619764740026
2014-08-27,0.8529349657833636
2014-08-28,0.8529819467172155
2014-08-29,0.8530121637025387
2014-09-01,0.8530315889529916
2014-09-02,0.7874256513314543
2014-09-03,0.62658729480548
2014-09-04,0.49514334227035584
2014-09-05,0.39113368920461944
2014-09-08,0.31165092584916243
2014-09-09,0.25304293236245706
2014-09-10,0.2112531572557088
2014-09-11,0.18229986913076393
2014-09-12,0.16269118895329684
2014-09-15,0.14963364477877567
2014-09-16,0.14104208531230306
2014-09-17,0.13543531447866447
2014-09-18,0.13179650878704985
2014-09-19,0.1294435059201955
2014-09-22,0.12792557954681297
2014-09-23,0.12694787872628877
2014-09-24,0.12631877006792774
2014-09-25,0.12591422754587328
2014-09-26,0.1256541987025101
2014-09-29,0.12548710415884845
2014-09-30,0.1253797477386109
2014-10-01,0.724901680476049
2014-10-02,0.719161634892374
2014-10-03,0.7258740375314362
2014-10-06,0.7410646216920616
2014-10-07,0.7600825179265982
2014-10-08,0.7789815026177317
2014-10-09,0.7953179309824396
2014-10-10,0.8081616201866834
2014-10-13,0.8176141519715951
2014-10-14,0.8242609702090279
2014-10-15,0.8287924655505194
2014-10-16,0.8318186003921118
2014-10-17,0.8338120572121586
2014-10-20,0.8351135668475136
2014-10-21,0.8359583920087983
2014-10-22,0.8365047208971785
2014-10-23,0.8368571630111874
2014-10-24,0.8370841716591192
2014-10-27,0.8372302412922557
2014-10-28,0.8373241695708021
2014-10-29,0.8373845438656824
2014-10-30,0.8374233402847706
2014-10-31,0.8374482665143496
2014-11-03,0.6087837838162928
2014-11-04,0.6138600612561358
2014-11-05,0.6369990973515163
2014-11-06,0.6703056790240784
2014-11-07,0.7069194103503096
2014-11-10,0.7415050372387804
2014-11-11,0.7708332550821964
2014-11-12,0.7937620808885981
2014-11-13,0.8106339986240564
2014-11-14,0.8225167102881636
2014-11-17,0.8306324714649636
2014-11-18,0.8360604401785814
2014-11-19,0.8396401634326588
2014-11-20,0.8419791978695337
2014-11-21,0.8434983149438416
2014-11-24,0.8444810464865421
2014-11-25,0.8451151660254377
2014-11-26,0.8455236664931769
2014-11-27,0.8457865439779537
2014-11-28,0.8459555949922473
2014-12-01,0.8460642604506519
2014-12-02,0.4083038474766749
2014-12-03,-0.0487055671108091
2014-12-04,-0.3284549212517506
2014-12-05,-0.5033131667983279
2014-12-08,-0.6138311736948527
2014-12-09,-0.6841245228372785
2014-12-10,-0.7290000706897611
2014-12-11,-0.7577135643630328
2014-12-12,-0.7761115247730287
2014-12-15,-0.7879102279545577
2014-12-16,-0.7954809938657748
2014-12-17,-0.8003405721927412
2014-12-18,-0.8034605761282498
2014-12-19,-0.8054640064655331
2014-12-22,-0.8067505764577011
2014-12-23,-0.8075768394108079
2014-12-24,-0.8081075034118181
2014-12-25,-0.8084483284977231
2014-12-26,-0.8086672307704414
2014-12-29,-0.8088078268948998
2014-12-30,-0.8088981292816211
2014-12-31,-0.8089561291365257
2015-01-01,-0.5061233710558667
2015-01-02,-0.5425902591174715
2015-01-05,-0.5758856642865245
2015-01-06,-0.6038117116172761
2015-01-07,-0.6255987735362736
2015-01-08,-0.6416462012531609
2015-01-09,-0.6529674633786724
2015-01-12,-0.6607119659188332
2015-01-13,-0.6658979915274422
2015-01-14,-0.6693211692366521
2015-01-15,-0.6715592696707531
2015-01-16,-0.673013423468793
2015-01-19,-0.6739543812924498
2015-01-20,-0.6745616519130189
2015-01-21,-0.6749529006517618
2015-01-22,-0.6752046948026278
2015-01-23,-0.6753666260184609
2015-01-26,-0.6754707180651838
2015-01-27,-0.6755376105363632
2015-01-28,-0.6755805894199636
2015-01-29,-0.6756082003132939
2015-01-30,-0.6756259369804827
2015-02-02,-0.6756373300797839
2015-02-03,-0.7160727287466367
2015-02-04,-0.7123818070919872
2015-02-05,-0.7203585465583138
2015-02-06,-0.7353179622162713
2015-02-09,-0.7526781883291602
2015-02-10,-0.7690663847673236
2015-02-11,-0.782704990726385
2015-02-12,-0.7931327092962828
2015-02-13,-0.8006556513408528
2015-02-16,-0.8058728662136099
2015-02-17,-0.8093964698898268
2015-02-18,-0.8117348509006961
2015-02-19,-0.8132689184889259
2015-02-20,-0.8142678073382645
2015-02-23,-0.8149150670996518
2015-02-24,-0.815333162857574
2015-02-25,-0.8156026842105834
2015-02-26,-0.8157762020401345
2015-02-27,-0.8158878191019756
2015-03-02,-0.8159595791524585
2015-03-03,-0.746577403310816
2015-03-04,-0.7535463214485212
2015-03-05,-0.7589364483814254
2015-03-06,-0.7627159208781047
2015-03-09,-0.76526165868808
2015-03-10,-0.7669425730831285
2015-03-11,-0.7680403851440416
2015-03-12,-0.7687528161399662
2015-03-13,-0.7692133754797001
2015-03-16,-0.769510402081091
2015-03-17,-0.7697016768978848
2015-03-18,-0.7698247352240007
2015-03-19,-0.7699038584536995
2015-03-20,-0.7699547131378506
2015-03-23,-0.7699873908549102
2015-03-24,-0.7700083853009658
2015-03-25,-0.7700218722435579
2015-03-26,-0.7700305357680941
2015-03-27,-0.7700361006729921
2015-03-30,-0.7700396751240193
2015-03-31,-0.7700419710270989
2015-04-01,-0.8236239325957346
2015-04-02,-0.8115282617670083
2015-04-03,-0.8060911814312983
2015-04-06,-0.8048938100333214
2015-04-07,-0.8057988752235008
2015-04-08,-0.8073982962434331
2015-04-09,-0.8089723607076251
2015-04-10,-0.8102526754573807
2015-04-13,-0.8111999854351943
2015-04-14,-0.8118641381175742
2015-04-15,-0.8123148869818748
2015-04-16,-0.8126147016714812
2015-04-17,-0.8128116110934801
2015-04-20,-0.8129398996799093
2015-04-21,-0.8130230537796497
2015-04-22,-0.8130767763089614
2015-04-23,-0.8131114115401732
2015-04-24,-0.8131337110659316
2015-04-27,-0.8131480559966553
2015-04-28,-0.813157278754368
2015-04-29,-0.8131632062161243
2015-04-30,-0.8131670149233898
2015-05-01,-0.7615360350735092
2015-05-04,-0.7771430726033668
2015-05-05,-0.7867394899629047
2015-05-06,-0.7927372012462337
2015-05-07,-0.7965235809194554
2015-05-08,-0.7989290032527985
2015-05-11,-0.8004632037894552
2015-05-12,-0.801444202346397
2015-05-13,-0.8020724827187607
2015-05-14,-0.8024752791205175
2015-05-15,-0.8027336859375735
2015-05-18,-0.8028995322852585
2015-05-19,-0.803006001885445
2015-05-20,-0.8030743648550851
2015-05-21,-0.8031182648774705
2015-05-22,-0.8031464577755513
2015-05-25,-0.8031645642839125
2015-05-26,-0.8031761932886491
2015-05-27,-0.8031836622229257
2015-05-28,-0.8031884593368075
2015-05-29,-0.8031915404299226
2015-06-01,-0.803193519366177
2015-06-02,-0.6102731066763751
2015-06-03,-0.6545623992058869
2015-06-04,-0.6908403038015596
2015-06-05,-0.7186494169430223
2015-06-08,-0.7388780806832833
2015-06-09,-0.7530270273690565
2015-06-10,-0.7626500547836657
2015-06-11,-0.7690693785426757
2015-06-12,-0.7732960011905816
2015-06-15,-0.7760548866571004
2015-06-16,-0.7778455109218355
2015-06-17,-0.779003400561732
2015-06-18,-0.779750344059047
2015-06-19,-0.7802314437995789
2015-06-22,-0.7805410064026558
2015-06-23,-0.7807400656847993
2015-06-24,-0.7808680146065149
2015-06-25,-0.7809502341882624
2015-06-26,-0.7810030592026012
2015-06-29,-0.781036994859481
2015-06-30,-0.7810587941438094
2015-07-01,-0.15532617730088583
2015-07-02,-0.06595827874104673
2015-07-03,0.035374406434783734
2015-07-06,0.1411785843402353
2015-07-07,0.2426370847082146
2015-07-08,0.3322047885586761
2015-07-09,0.40552526135275585
2015-07-10,0.4617931638763915
2015-07-13,0.5027954129030445
2015-07-14,0.5315247309377993
2015-07-15,0.551092617963082
2015-07-16,0.564160236947091
2015-07-17,0.5727709266234531
2015-07-20,0.5783944574660304
2015-07-21,0.5820456472884932
2015-07-22,0.5844072074442924
2015-07-23,0.5859308607388969
2015-07-24,0.5869123300902286
2015-07-27,0.5875438950979612
2015-07-28,0.5879500297404294
2015-07-29,0.5882110870436374
2015-07-30,0.5883788445470469
2015-07-31,0.5884866277588412
2015-08-03,-0.3001694112044407
2015-08-04,-0.30631512172496284
2015-08-05,-0.32850352362748914
2015-08-06,-0.36414273897317934
2015-08-07,-0.4110999619760218
2015-08-10,-0.46661809922705366
2015-08-11,-0.5268361971418154
2015-08-12,-0.5870059357714388
2015-08-13,-0.6424236136396556
2015-08-14,-0.6896229491420659
2015-08-17,-0.7270893122962592
2015-08-18,-0.7551281541191879
2015-08-19,-0.7751668133748286
2015-08-20,-0.7890083138684489
2015-08-21,-0.7983413499542131
2015-08-24,-0.8045311472441067
2015-08-25,-0.8085909724827257
2015-08-26,-0.8112342951923045
2015-08-27,-0.8129470946666719
2015-08-28,-0.814053479637566
2015-08-31,-0.814766706673661
2015-09-01,-0.4431775449784465
2015-09-02,-0.5156710453845222
2015-09-03,-0.5801466574798559
2015-09-04,-0.6337577157989354
2015-09-07,-0.6756196194093221
2015-09-08,-0.7066000751178554
2015-09-09,-0.7285755435976944
2015-09-10,-0.7436793885017349
2015-09-11,-0.7538302341456556
2015-09-14,-0.7605479983664092
2015-09-15,-0.7649479798210881
2015-09-16,-0.7678101948503224
2015-09-17,-0.7696637517348398
2015-09-18,-0.7708606103438957
2015-09-21,-0.771631974726026
2015-09-22,-0.7721285061802943
2015-09-23,-0.7724478751261836
2015-09-24,-0.7726531893044042
2015-09-25,-0.7727851376394432
2015-09-28,-0.7728699185472663
2015-09-29,-0.7729243855956591
2015-09-30,-0.7729593746428292
2015-10-01,-0.6700643450541619
2015-10-02,-0.6184837179022005
2015-10-05,-0.5907057664616616
2015-10-06,-0.5843298299634769
2015-10-07,-0.5959039958229213
2015-10-08,-0.6208522614545977
2015-10-09,-0.6537029070143778
2015-10-12,-0.6888580835371131
2015-10-13,-0.7216922248484257
2015-10-14,-0.7493692864799656
2015-10-15,-0.7709285848367218
2015-10-16,-0.7867551183965471
2015-10-19,-0.7978839595091192
2015-10-20,-0.8054768349936641
2015-10-21,-0.8105515544948871
2015-10-22,-0.8138967837828794
2015-10-23,-0.8160819468622171
2015-10-26,-0.8175008563400308
2015-10-27,-0.818418648141367
2015-10-28,-0.8190108168791289
2015-10-29,-0.8193922728330657
2015-10-30,-0.8196377384980122
2015-11-02,-0.8197955889512999
2015-11-03,-0.7787629833355121
2015-11-04,-0.7940065483271812
2015-11-05,-0.8032537357948213
2015-11-06,-0.8089844227391805
2015-11-09,-0.8125829075993698
2015-11-10,-0.8148611968196423
2015-11-11,-0.8163111595803667
2015-11-12,-0.8172370087164806
2015-11-13,-0.817829441724842
2015-11-16,-0.8182090396295039
2015-11-17,-0.8184524748389629
2015-11-18,-0.818608675699389
2015-11-19,-0.8187089380092172
2015-11-20,-0.8187733091183276
2015-11-23,-0.8188146431565348
2015-11-24,-0.8188411871029075
2015-11-25,-0.81885823415753
2015-11-26,-0.8188691825421126
2015-11-27,-0.8188762142617262
2015-11-30,-0.8188807305326631
2015-12-01,-0.8282057691892951
2015-12-02,-0.8240742694309083
2015-12-03,-0.8219070531498406
2015-12-04,-0.8207552495473334
2015-12-07,-0.820127072678665
2015-12-08,-0.8197733918684325
2015-12-09,-0.8195678414230549
2015-12-10,-0.8194450354538896
2015-12-11,-0.8193700429922182
2015-12-14,-0.8193235008909754
2015-12-15,-0.8192942836460883
2015-12-16,-0.8192757982961278
2015-12-17,-0.8192640415248156
2015-12-18,-0.8192565383132733
2015-12-21,-0.8192517389269873
2015-12-22,-0.8192486645272431
2015-12-23,-0.819246693255562
2015-12-24,-0.8192454285245403
2015-12-25,-0.8192446167771106
2015-12-28,-0.8192440956378941
2015-12-29,-0.8192437610136675
2015-12-30,-0.8192435461284646
2015-12-31,-0.8192434081266227
2016-01-01,-0.7823409434564896
2016-01-04,-0.7876480208839904
2016-01-05,-0.7951693679884592
2016-01-06,-0.8021408998998962
2016-01-07,-0.8076654383867922
2016-01-08,-0.8117001453010765
2016-01-11,-0.814509099958554
2016-01-12,-0.8164079468023303
2016-01-13,-0.8176680230380562
2016-01-14,-0.8184944403542413
2016-01-15,-0.8190323933834753
2016-01-18,-0.819380894897775
2016-01-19,-0.8196059707981951
2016-01-20,-0.81975104707228
2016-01-21,-0.819844439971249
2016-01-22,-0.8199045128285779
2016-01-25,-0.819943133164851
2016-01-26,-0.8199679535350501
2016-01-27,-0.819983901562745
2016-01-28,-0.8199941473580061
2016-01-29,-0.820000729175081
2016-02-01,-0.8200049570407362
2016-02-02,-0.8138651921901132
2016-02-03,-0.8057849030074631
2016-02-04,-0.8048266607343884
2016-02-05,-0.8070760093565763
2016-02-08,-0.8102033970723781
2016-02-09,-0.8131005478944968
2016-02-10,-0.8153952500385794
2016-02-11,-0.8170695814809716
2016-02-12,-0.8182341298537978
2016-02-15,-0.8190207353920714
2016-02-16,-0.819542417929223
2016-02-17,-0.8198844193532684
2016-02-18,-0.8201069808259873
2016-02-19,-0.8202511354488624
2016-02-22,-0.8203442246359565
2016-02-23,-0.820404221932199
2016-02-24,-0.8204428431966622
2016-02-25,-0.820467684609204
2016-02-26,-0.8204836545981159
2016-02-29,-0.8204939179860509
2016-03-01,-0.8062369919309085
2016-03-02,-0.8100077572855244
2016-03-03,-0.8131597252046869
2016-03-04,-0.8154929659666761
2016-03-07,-0.8171214915214036
2016-03-08,-0.8182218331965827
2016-03-09,-0.818951214322883
2016-03-10,-0.8194290902572927
2016-03-11,-0.8197399203174445
2016-03-14,-0.8199411746890062
2016-03-15,-0.8200711042702706
2016-03-16,-0.8201548317576922
2016-03-17,-0.8202087226143276
2016-03-18,-0.8202433830228719
2016-03-21,-0.8202656643854808
2016-03-22,-0.8202799834543135
2016-03-23,-0.8202891837364593
2016-03-24,-0.8202950943407388
2016-03-25,-0.8202988912210105
2016-03-28,-0.8203013301490368
2016-03-29,-0.8203028967425938
2016-03-30,-0.8203039029887343
2016-03-31,-0.8203045493064249
2016-04-01,-0.7990539696947543
2016-04-04,-0.8066324387995097
2016-04-05,-0.8114935980847772
2016-04-06,-0.814609865887329
2016-04-07,-0.8166081736115435
2016-04-08,-0.8178901470614333
2016-04-11,-0.818712873273955
2016-04-12,-0.8192410129855664
2016-04-13,-0.8195801095188469
2016-04-14,-0.8197978565459961
2016-04-15,-0.819937691894093
2016-04-18,-0.8200274978433273
2016-04-19,-0.820085175610159
2016-04-20,-0.8201222199266949
2016-04-21,-0.8201460124810228
2016-04-22,-0.8201612939333771
2016-04-25,-0.8201711089449953
2016-04-26,-0.8201774129810995
2016-04-27,-0.8201814619799177
2016-04-28,-0.8201840626023553
2016-04-29,-0.8201857329520732
2016-05-02,-0.8201868057990922
2016-05-03,-0.7881335488726715
2016-05-04,-0.8002046225100494
2016-05-05,-0.8074654024309693
2016-05-06,-0.8119420623307956
2016-05-09,-0.8147441985882125
2016-05-10,-0.8165147702586705
2016-05-11,-0.8176401884245743
2016-05-12,-0.8183582286658364
2016-05-13,-0.8188174533830184
2016-05-16,-0.8191116023996199
2016-05-17,-0.819300199813679
2016-05-18,-0.8194211975485758
2016-05-19,-0.8194988569381474
2016-05-20,-0.8195487135951911
2016-05-23,-0.8195807264587899
2016-05-24,-0.819601284050752
2016-05-25,-0.8196144863545387
2016-05-26,-0.8196229653873348
2016-05-27,-0.8196284111057797
2016-05-30,-0.819631908720241
2016-05-31,-0.8196341551546971
2016-06-01,-0.7701845067334441
2016-06-02,-0.7863127505254717
2016-06-03,-0.7971633217542475
2016-06-06,-0.8043223106550261
2016-06-07,-0.8089960272505735
2016-06-08,-0.8120284687962824
2016-06-09,-0.8139886359868611
2016-06-10,-0.815252735662467
2016-06-13,-0.8160667504580603
2016-06-14,-0.8165904463219908
2016-06-15,-0.8169271659865556
2016-06-16,-0.8171435839247907
2016-06-17,-0.8172826472707696
2016-06-20,-0.8173719911004194
2016-06-21,-0.8174293859784326
2016-06-22,-0.8174662543462706
2016-06-23,-0.8174899362625564
2016-06-24,-0.8175051476319786
2016-06-27,-0.8175149180338753
2016-06-28,-0.8175211935842218
2016-06-29,-0.8175252243556678
2016-06-30,-0.8175278132992094
2016-07-01,-0.7786646968593847
2016-07-04,-0.7859206122448353
2016-07-05,-0.7936250301494276
2016-07-06,-0.8000770201431742
2016-07-07,-0.8049274050992162
2016-07-08,-0.8083615594844848
2016-07-11,-0.81070701241218
2016-07-12,-0.8122734772080324
2016-07-13,-0.8133050150444676
2016-07-14,-0.8139782261200097
2016-07-15,-0.8144150713456404
2016-07-18,-0.8146975009463071
2016-07-19,-0.8148796686236841
2016-07-20,-0.8149969900061105
2016-07-21,-0.8150724753256624
2016-07-22,-0.8151210128771592
2016-07-25,-0.8151522103844699
2016-07-26,-0.8151722574411177
2016-07-27,-0.8151851372630061
2016-07-28,-0.8151934114091678
2016-07-29,-0.8151987264552523
2016-08-01,-0.8152021405214933
2016-08-02,-0.7891307337547839
2016-08-03,-0.7979353520296095
2016-08-04,-0.8033173350698166
2016-08-05,-0.8066681819634018
2016-08-08,-0.8087783565392799
2016-08-09,-0.8101167798599587
2016-08-10,-0.8109695642293367
2016-08-11,-0.8115144926171902
2016-08-12,-0.8118633442610019
2016-08-15,-0.8120869355078262
2016-08-16,-0.8122303514203357
2016-08-17,-0.8123223859018212
2016-08-18,-0.8123814656982513
2016-08-19,-0.8124193984359896
2016-08-22,-0.812443756630876
2016-08-23,-0.8124593993334892
2016-08-24,-0.8124694455249671
2016-08-25,-0.8124758976959652
2016-08-26,-0.8124800416961118
2016-08-29,-0.8124827032774433
2016-08-30,-0.812484412755893
2016-08-31,-0.8124855107247692
2016-09-01,-0.7728987193495823
2016-09-02,-0.7862543911590554
2016-09-05,-0.7945064791349966
2016-09-06,-0.7996761530031521
2016-09-07,-0.8029438807741365
2016-09-08,-0.8050212859648166
2016-09-09,-0.8063468298779057
2016-09-12,-0.8071946253776975
2016-09-13,-0.8077376816988198
2016-09-14,-0.8080858747048549
2016-09-15,-0.808309265712561
2016-09-16,-0.8084526445229496
2016-09-19,-0.8085446928188291
2016-09-20,-0.8086037969898229
2016-09-21,-0.8086417517706822
2016-09-22,-0.808666126756782
2016-09-23,-0.8086817813299643
2016-09-26,-0.8086918355935575
2016-09-27,-0.8086982931338764
2016-09-28,-0.8087024406588623
2016-09-29,-0.8087051045355856
2016-09-30,-0.8087068155013046
2016-10-03,-0.7940114749808149
2016-10-04,-0.797351449165793
2016-10-05,-0.7994686341876608
2016-10-06,-0.8008171041542933
2016-10-07,-0.8016785698187818
2016-10-10,-0.8022299782304109
2016-10-11,-0.8025833609384838
2016-10-12,-0.8028100136295618
2016-10-13,-0.8029554579722034
2016-10-14,-0.8030488208377861
2016-10-17,-0.8031087643603971
2016-10-18,-0.8031472561948396
2016-10-19,-0.8031719752784674
2016-10-20,-0.8031878505129104
2016-10-21,-0.8031980463610056
2016-10-24,-0.8032045947802143
2016-10-25,-0.8032088006512801
2016-10-26,-0.8032115019929839
2016-10-27,-0.8032132370179041
2016-10-28,-0.8032143513986418
2016-10-31,-0.8032150671506242
2016-11-01,-0.6122766604151291
2016-11-02,-0.6643184425968904
2016-11-03,-0.707042290058559
2016-11-04,-0.7396646687589035
2016-11-07,-0.7632892504722517
2016-11-08,-0.7797536172813897
2016-11-09,-0.7909217620970452
2016-11-10,-0.7983581217107494
2016-11-11,-0.803248329472655
2016-11-14,-0.8064377525763332
2016-11-15,-0.8085067044614718
2016-11-16,-0.8098441064200586
2016-11-17,-0.8107066573029272
2016-11-18,-0.8112621379922126
2016-11-21,-0.8116195273851268
2016-11-22,-0.811849327068303
2016-11-23,-0.8119970292082812
2016-11-24,-0.8120919397820682
2016-11-25,-0.8121529176176701
2016-11-28,-0.8121920903778168
2016-11-29,-0.8122172536594733
2016-11-30,-0.8122334170220206
2016-12-01,-0.11148662635336168
2016-12-02,0.17253992133732476
2016-12-05,0.38109567927684895
2016-12-06,0.5309333525071698
2016-12-07,0.6358139377786483
2016-12-08,0.7075042612926875
2016-12-09,0.7555881633766739
2016-12-12,0.7873910235638905
2016-12-13,0.8082198682075934
2016-12-14,0.8217704858438714
2016-12-15,0.8305468709140184
2016-12-16,0.8362144476692341
2016-12-19,0.8398674290527739
2016-12-20,0.8422189991536211
2016-12-21,0.8437315834601132
2016-12-22,0.8447040088316975
2016-12-23,0.8453289628885617
2016-12-26,0.8457305194127182
2016-12-27,0.845988499000153
2016-12-28,0.846154223026875
2016-12-29,0.8462606767500691
2016-12-30,0.8463290553696594
2017-01-02,0.846372976103279
2017-01-03,0.7305544639861661
2017-01-04,0.7275917013586728
2017-01-05,0.728566694821758
2017-01-06,0.730765357239605
2017-01-09,0.7329705680350833
2017-01-10,0.7347628549675784
2017-01-11,0.7360843399376235
2017-01-12,0.7370078917013206
2017-01-13,0.7376332140740741
2017-01-16,0.7380484666445144
2017-01-17,0.7383208933459519
2017-01-18,0.7384982539845873
2017-01-19,0.7386131613835445
2017-01-20,0.7386873757281052
2017-01-23,0.7387352126890057
2017-01-24,0.7387660080793459
2017-01-25,0.7387858166375249
2017-01-26,0.7387985514413122
2017-01-27,0.7388067358152131
2017-01-30,0.7388119945928917
2017-01-31,0.7388153730926702
2017-02-01,0.7974741347825753
2017-02-02,0.7920946886883276
2017-02-03,0.7908690344806514
2017-02-06,0.7912130370119405
2017-02-07,0.7919751266449968
2017-02-08,0.7927118232995491
2017-02-09,0.7932942221133549
2017-02-10,0.7937154433192879
2017-02-13,0.7940060284430301
2017-02-14,0.7942010965277913
2017-02-15,0.7943299075133999
2017-02-16,0.7944141057114895
2017-02-17,0.7944687925471985
2017-02-20,0.7945041686705241
2017-02-21,0.7945269942966151
2017-02-22,0.7945416978851716
2017-02-23,0.794551159571752
2017-02-24,0.7945572440309376
2017-02-27,0.7945611550351959
2017-02-28,0.7945636682784978
2017-03-01,-0.13741096484820636
2017-03-02,-0.33021016416709853
2017-03-03,-0.47562645844557283
2017-03-06,-0.581306216767207
2017-03-07,-0.6555916936277111
2017-03-08,-0.706425128772309
2017-03-09,-0.7405174492336402
2017-03-10,-0.7630569761498425
2017-03-13,-0.7778126461417139
2017-03-14,-0.7874089391158958
2017-03-15,-0.7936226505335421
2017-03-16,-0.7976346169912708
2017-03-17,-0.8002201883104796
2017-03-20,-0.8018844951149519
2017-03-21,-0.8029549615801159
2017-03-22,-0.803643131163581
2017-03-23,-0.8040853915489601
2017-03-24,-0.8043695566038216
2017-03-27,-0.8045521165437195
2017-03-28,-0.8046693909233302
2017-03-29,-0.804744722478276
2017-03-30,-0.8047931102232806
2017-03-31,-0.8048241904360214
2017-04-03,0.25638636030027506
2017-04-04,0.41266613175936895
2017-04-05,0.5398153966634943
2017-04-06,0.6366593415766011
2017-04-07,0.7067250345513898
2017-04-10,0.7555288886761746
2017-04-11,0.7886215731168591
2017-04-12,0.8106508089321219
2017-04-13,0.8251348030920613
2017-04-14,0.8345801955539234
2017-04-17,0.8407068406234617
2017-04-18,0.8446669833848801
2017-04-19,0.8472209680799053
2017-04-20,0.8488656903762881
2017-04-21,0.8499238686342305
2017-04-24,0.8506042657212726
2017-04-25,0.8510415834971896
2017-04-26,0.8513225944317959
2017-04-27,0.8515031369591197
2017-04-28,0.8516191190606879
2017-05-01,0.851693622036801
2017-05-02,0.9060748179267519
2017-05-03,0.8914167217366249
2017-05-04,0.8800746053349082
2017-05-05,0.871840844466058
2017-05-08,0.866126853722519
2017-05-09,0.8622771475195361
2017-05-10,0.8597310782672045
2017-05-11,0.8580661248667876
2017-05-12,0.8569847994740389
2017-05-15,0.8562854464476372
2017-05-16,0.8558342974884786
2017-05-17,0.8555437287427641
2017-05-18,0.8553567717273043
2017-05-19,0.8552365566628831
2017-05-22,0.8551592884687322
2017-05-23,0.8551096371438129
2017-05-24,0.8550777372347582
2017-05-25,0.8550572443888583
2017-05-26,0.855044080452932
2017-05-29,0.8550356247362881
2017-05-30,0.8550301934461733
2017-05-31,0.855026704873084
2017-06-01,0.8573544649146922
2017-06-02,0.8565482743445726
2017-06-05,0.8560267713820308
2017-06-06,0.8556902778612275
2017-06-07,0.855473513725539
2017-06-08,0.8553340242974816
2017-06-09,0.8552443224952055
2017-06-12,0.855186662847014
2017-06-13,0.8551496100255322
2017-06-14,0.8551258036934489
2017-06-15,0.8551105099599976
2017-06-16,0.855100685644224
2017-06-19,0.8550943750478459
2017-06-20,0.8550903215943539
2017-06-21,0.8550877180112656
2017-06-22,0.8550860457189187
2017-06-23,0.8550849716072415
2017-06-26,0.8550842817099975
2017-06-27,0.8550838385934914
2017-06-28,0.8550835539832577
2017-06-29,0.8550833711806042
2017-06-30,0.855083253768169
2017-07-03,0.8305709614261518
2017-07-04,0.8394774560750883
2017-07-05,0.8449282594400335
2017-07-06,0.8483240276156139
2017-07-07,0.8504632097618365
2017-07-10,0.8518202962070927
2017-07-11,0.8526850731444222
2017-07-12,0.8532377045609102
2017-07-13,0.8535915034275592
2017-07-14,0.8538182719530989
2017-07-17,0.853963728454131
2017-07-18,0.8540570735162019
2017-07-19,0.8541169950545291
2017-07-20,0.8541554684212123
2017-07-21,0.8541801738508807
2017-07-24,0.8541960395764491
2017-07-25,0.8542062290122798
2017-07-26,0.854212773187233
2017-07-27,0.8542169762803973
2017-07-28,0.8542196758164912
2017-07-31,0.854221409672862
2017-08-01,0.8712373272624996
2017-08-02,0.8658119520055441
2017-08-03,0.8620819603048006
2017-08-04,0.8595759237128835
2017-08-07,0.8579181614452767
2017-08-08,0.8568327787532575
2017-08-09,0.8561269349957508
2017-08-10,0.8556699276328145
2017-08-11,0.8553748750340942
2017-08-14,0.8551847340479125
2017-08-15,0.8550623467497205
2017-08-16,0.8549836304005008
2017-08-17,0.8549330269688606
2017-08-18,0.8549005064335263
2017-08-21,0.8548796112035447
2017-08-22,0.8548661872660375
2017-08-23,0.8548575639111712
2017-08-24,0.8548520246837878
2017-08-25,0.8548484666743542
2017-08-28,0.8548461813105671
2017-08-29,0.8548447134074744
2017-08-30,0.8548437705730179
2017-08-31,0.8548431649938213
2017-09-01,0.8460687823476045
2017-09-04,0.8486925039863118
2017-09-05,0.8506718493914536
2017-09-06,0.8520631947130668
2017-09-07,0.8530060923580686
2017-09-08,0.8536319664873578
2017-09-11,0.8540423043976022
2017-09-12,0.8543092999598667
2017-09-13,0.8544822067372944
2017-09-14,0.8545938478816595
2017-09-15,0.8546657950821253
2017-09-18,0.8547121055354623
2017-09-19,0.8547418913086896
2017-09-20,0.8547610393353886
2017-09-21,0.854773344899774
2017-09-22,0.8547812515178226
2017-09-25,0.8547863310453605
2017-09-26,0.8547895940636161
2017-09-27,0.8547916900687024
2017-09-28,0.8547930363944857
2017-09-29,0.854793901159999
2017-10-02,0.8547944566041207
2017-10-03,0.8381530275303597
2017-10-04,0.8423332831588256
2017-10-05,0.8460077451281833
2017-10-06,0.8487959300653317
2017-10-09,0.8507696936192499
2017-10-10,0.852114765671762
2017-10-11,0.8530111313443332
2017-10-12,0.8536003878351143
2017-10-13,0.8539844830344223
2017-10-16,0.8542335134674577
2017-10-17,0.8543944272772361
2017-10-18,0.8544981790691142
2017-10-19,0.8545649823796858
2017-10-20,0.8546079574159089
2017-10-23,0.8546355878875511
2017-10-24,0.8546533462290465
2017-10-25,0.8546647570041841
2017-10-26,0.8546720879974772
2017-10-27,0.854676797431513
2017-10-30,0.8546798225875873
2017-10-31,0.8546817657523409
2017-11-01,0.8566073031333472
2017-11-02,0.8558652013349669
2017-11-03,0.8554266534948363
2017-11-06,0.8551611456055288
2017-11-07,0.8549974059244503
2017-11-08,0.8548950737127387
2017-11-09,0.8548305258269164
2017-11-10,0.8547895562029459
2017-11-13,0.8547634441370311
2017-11-14,0.854746756255121
2017-11-15,0.8547360723465148
2017-11-16,0.8547292244459439
2017-11-17,0.8547248319976992
2017-11-20,0.8547220132033142
2017-11-21,0.8547202037234279
2017-11-22,0.8547190419268984
2017-11-23,0.8547182958876934
2017-11-24,0.854717816784856
2017-11-27,0.8547175090911197
2017-11-28,0.8547173114746076
2017-11-29,0.8547171845525156
2017-11-30,0.8547171030338117
2017-12-01,0.8425922899359358
2017-12-04,0.8467015880951868
2017-12-05,0.8493554584282543
2017-12-06,0.8510644453681228
2017-12-07,0.8521635657654019
2017-12-08,0.8528700270305003
2017-12-11,0.8533239655196603
2017-12-12,0.8536155960143379
2017-12-13,0.853802934750233
2017-12-14,0.8539232714012452
2017-12-15,0.8540005667804687
2017-12-18,0.8540502145854123
2017-12-19,0.854082103584066
2017-12-20,0.8541025858556166
2017-12-21,0.8541157415287647
2017-12-22,0.8541241913315888
2017-12-25,0.8541296185730525
2017-12-26,0.8541331044424988
2017-12-27,0.8541353433838084
2017-12-28,0.8541367814340386
2017-12-29,0.854137705079382
2018-01-01,0.8541382983274514
2018-01-02,0.8579873539632004
2018-01-03,0.8566604705045351
2018-01-04,0.855805914562646
2018-01-05,0.855256149979286
2018-01-08,0.8549026911127541
2018-01-09,0.8546755281772647
2018-01-10,0.8545295673196066
2018-01-11,0.8544357952275764
2018-01-12,0.854375557011237
2018-01-15,0.8543368627870844
2018-01-16,0.8543120083096101
2018-01-17,0.8542960438870323
2018-01-18,0.8542857898365319
2018-01-19,0.8542792036560447
2018-01-22,0.8542749733752042
2018-01-23,0.8542722562909693
2018-01-24,0.8542705111282263
2018-01-25,0.854269390225114
2018-01-26,0.8542686702793594
2018-01-29,0.8542682078651279
2018-01-30,0.8542679108610405
2018-01-31,0.8542677200983044
2018-02-01,0.6956640183544072
2018-02-02,0.7218573359435099
2018-02-05,0.7411155775154126
2018-02-06,0.754689956479867
2018-02-07,0.7639717576634701
2018-02-08,0.7701859363051441
2018-02-09,0.7742873612684082
2018-02-12,0.7769687694038285
2018-02-13,0.7787109060917126
2018-02-14,0.7798381964759507
2018-02-15,0.7805657155445853
2018-02-16,0.781034435008168
2018-02-19,0.7813360857693906
2018-02-20,0.7815300799028784
2018-02-21,0.7816547823823575
2018-02-22,0.7817349196404454
2018-02-23,0.7817864083701521
2018-02-26,0.7818194862285089
2018-02-27,0.7818407347572192
2018-02-28,0.7818543836895236
2018-03-01,-0.20086595809624486
2018-03-02,-0.34001795643229343
2018-03-05,-0.45832588455909784
2018-03-06,-0.5556127701417335
2018-03-07,-0.6320476613103819
2018-03-08,-0.6893361381544082
2018-03-09,-0.7305150308978857
2018-03-12,-0.7591371765676225
2018-03-13,-0.7785385211418898
2018-03-14,-0.7914570007970383
2018-03-15,-0.7999539955208534
2018-03-16,-0.8054969786839978
2018-03-19,-0.8090932937877573
2018-03-20,-0.8114183035093192
2018-03-21,-0.8129179399145887
2018-03-22,-0.8138837596323558
2018-03-23,-0.81450518052157
2018-03-26,-0.8149047614855309
2018-03-27,-0.8151615936506305
2018-03-28,-0.8153266308791333
2018-03-29,-0.8154326641990273
2018-03-30,-0.8155007813508397
2018-04-02,-0.8155445376761563
2018-04-03,-0.7742979419981912
2018-04-04,-0.7859785316634226
2018-04-05,-0.7955613057194281
2018-04-06,-0.8026422035312775
2018-04-09,-0.8075951035831714
2018-04-10,-0.810950386634117
2018-04-11,-0.8131793175591057
2018-04-12,-0.8146419864933646
2018-04-13,-0.8155944114878134
2018-04-16,-0.8162115370296481
2018-04-17,-0.8166101467134472
2018-04-18,-0.8168670952596916
2018-04-19,-0.8170325133507579
2018-04-20,-0.8171389177747618
2018-04-23,-0.81720732551301
2018-04-24,-0.8172512900397314
2018-04-25,-0.8172795391195093
2018-04-26,-0.8172976877990283
2018-04-27,-0.8173093464008714
2018-04-30,-0.8173168353810021
2018-05-01,-0.7506079883091897
2018-05-02,-0.765023015484637
2018-05-03,-0.7787064085355955
2018-05-04,-0.7897293744340286
2018-05-07,-0.7978790077312736
2018-05-08,-0.8036032190076501
2018-05-09,-0.8074967004855194
2018-05-10,-0.8100912333342112
2018-05-11,-0.8117975847399289
2018-05-14,-0.812910356946566
2018-05-15,-0.8136321012067521
2018-05-16,-0.8140985916210249
2018-05-17,-0.8143994254274202
2018-05-18,-0.8145931495551373
2018-05-21,-0.8147177839887472
2018-05-22,-0.8147979210919452
2018-05-23,-0.8148494277091608
2018-05-24,-0.8148825244823176
2018-05-25,-0.8149037882247068
2018-05-28,-0.8149174481933714
2018-05-29,-0.814926222875888
2018-05-30,-0.8149318591868884
2018-05-31,-0.8149354795056708
2018-06-01,-0.24904873484915113
2018-06-04,0.14180886402536552
2018-06-05,0.3936033058562836
2018-06-06,0.5558289734902896
2018-06-07,0.6602828812072551
2018-06-08,0.7274928263271385
2018-06-11,0.7707144001612998
2018-06-12,0.7984981541814317
2018-06-13,0.8163531164588251
2018-06-14,0.827825263672985
2018-06-15,0.8351954107122812
2018-06-18,0.8399298883625995
2018-06-19,0.8429710878962795
2018-06-20,0.8449245402958463
2018-06-21,0.8461792727166937
2018-06-22,0.8469851950713876
2018-06-25,0.8475028392003653
2018-06-26,0.8478353201877722
2018-06-27,0.8480488707348679
2018-06-28,0.8481860326374664
2018-06-29,0.8482741305527619
2018-07-02,0.8483307150321999
2018-07-03,0.5973909405637345
2018-07-04,0.211475339416567
2018-07-05,-0.0684223978183019
2018-07-06,-0.2657942345234668
2018-07-09,-0.40147975689475224
2018-07-10,-0.49287278360615633
2018-07-11,-0.5535028789849784
2018-07-12,-0.593294184320314
2018-07-13,-0.6192173537528134
2018-07-16,-0.6360226390407955
2018-07-17,-0.6468816548319258
2018-07-18,-0.6538834838936953
2018-07-19,-0.6583919905183617
2018-07-20,-0.6612924438244934
2018-07-23,-0.6631573142205338
2018-07-24,-0.6643559027863215
2018-07-25,-0.6651260749288409
2018-07-26,-0.6656208852274145
2018-07-27,-0.665938753181532
2018-07-30,-0.666142939759279
2018-07-31,-0.6662740962893096
2018-08-01,0.3635462900286908
2018-08-02,0.5005202723301649
2018-08-03,0.6057794114350554
2018-08-06,0.682580986048668
2018-08-07,0.7364526815267433
2018-08-08,0.7731760020940468
2018-08-09,0.7977149691685667
2018-08-10,0.8138912711694826
2018-08-13,0.8244587866744806
2018-08-14,0.8313212411698917
2018-08-15,0.8357603660337775
2018-08-16,0.8386246705467413
2018-08-17,0.840469822954702
2018-08-20,0.8416571984285566
2018-08-21,0.8424207693907392
2018-08-22,0.8429115882458467
2018-08-23,0.843226995166643
2018-08-24,0.8434296434249329
2018-08-27,0.8435598294004352
2018-08-28,0.8436434576855203
2018-08-29,0.843697175879943
2018-08-30,0.8437316804228026
2018-08-31,0.8437538431181929
2018-09-03,0.847126831607896
2018-09-04,0.8464902900296479
2018-09-05,0.8471810666147803
2018-09-06,0.8481846048734989
2018-09-07,0.8490953745864855
2018-09-10,0.8498010517535184
2018-09-11,0.8503072852871574
2018-09-12,0.850655196184134
2018-09-13,0.8508882963998171
2018-09-14,0.8510420596224129
2018-09-17,0.8511425074282009
2018-09-18,0.8512077250162017
2018-09-19,0.8512499041047736
2018-09-20,0.8512771154921179
2018-09-21,0.8512946427625647
2018-09-24,0.851305920865554
2018-09-25,0.8513131731455071
2018-09-26,0.8513178347061867
2018-09-27,0.8513208302211456
2018-09-28,0.8513227548046955
2018-10-01,0.8513239911903868
2018-10-02,0.8513601877560844
2018-10-03,0.8507839461179205
2018-10-04,0.8506342384276264
2018-10-05,0.8506342742795995
2018-10-08,0.8506754919776873
2018-10-09,0.8507193822590516
2018-10-10,0.8507548732774681
2018-10-11,0.8507807119735196
2018-10-12,0.8507985717518157
2018-10-15,0.8508105665406047
2018-10-16,0.8508184872895154
2018-10-17,0.8508236642279188
2018-10-18,0.8508270262958774
2018-10-19,0.8508292009816705
2018-10-22,0.8508306040599047
2018-10-23,0.850831507842313
2018-10-24,0.8508320894051045
2018-10-25,0.8508324633794462
2018-10-26,0.8508327037618868
2018-10-29,0.8508328582323677
2018-10-30,0.8508329574782341
2018-10-31,0.8508330212356455
2018-11-01,0.8398834033995572
2018-11-02,0.8431706019719981
2018-11-05,0.8460292119654934
2018-11-06,0.8481872575647883
2018-11-07,0.8497104264465389
2018-11-08,0.8507465307385749
2018-11-09,0.851436198518323
2018-11-12,0.8518892397689674
2018-11-13,0.8521844057674848
2018-11-14,0.8523757201996749
2018-11-15,0.8524993160208754
2018-11-16,0.8525789964369965
2018-11-19,0.8526302966279096
2018-11-20,0.8526632966912475
2018-11-21,0.8526845131249993
2018-11-22,0.8526981488181465
2018-11-23,0.8527069104299786
2018-11-26,0.8527125393860436
2018-11-27,0.8527161554099943
2018-11-28,0.852718478193793
2018-11-29,0.8527199701965074
2018-11-30,0.8527209285367725
2018-12-03,0.8329179984877912
2018-12-04,0.8374938826242299
2018-12-05,0.8421149386968265
2018-12-06,0.8458556131592629
2018-12-07,0.8486023578322633
2018-12-10,0.850516202474077
2018-12-11,0.8518093870818618
2018-12-12,0.8526669834387199
2018-12-13,0.8532291159898187
2018-12-14,0.8535948786496375
2018-12-17,0.8538317599604214
2018-12-18,0.8539847165011021
2018-12-19,0.8540832939929683
2018-12-20,0.8541467477662068
2018-12-21,0.8541875606539733
2018-12-24,0.8542137979568568
2018-12-25,0.8542306596480456
2018-12-26,0.8542414937581757
2018-12-27,0.8542484540537517
2018-12-28,0.8542529252638851
2018-12-31,0.8542557973581676
2019-01-01,0.727816875082562
2019-01-02,0.7614927043988788
2019-01-03,0.7891335191753547
2019-01-04,0.8098581079156097
2019-01-07,0.8245764570798387
2019-01-08,0.8346702065126109
2019-01-09,0.8414357762612492
2019-01-10,0.8459030921926953
2019-01-11,0.848824179527161
2019-01-14,0.8507221385434938
2019-01-15,0.8519502738070132
2019-01-16,0.8527428751584056
2019-01-17,0.8532535234831351
2019-01-18,0.8535821569249525
2019-01-21,0.8537935032223756
2019-01-22,0.8539293596545805
2019-01-23,0.8540166646217967
2019-01-24,0.8540727585974556
2019-01-25,0.8541087949762727
2019-01-28,0.8541319439871514
2019-01-29,0.8541468136846786
2019-01-30,0.8541563648850354
2019-01-31,0.8541624997479783
2019-02-01,0.8072130227585741
2019-02-04,0.8137116581496514
2019-02-05,0.8230166411776084
2019-02-06,0.8317839875357611
2019-02-07,0.8388253547843716
2019-02-08,0.8440187262920246
2019-02-11,0.8476592987417114
2019-02-12,0.8501318210617423
2019-02-13,0.8517776857255531
2019-02-14,0.8528593228608652
2019-02-15,0.8535643457295979
2019-02-18,0.8540214732688618
2019-02-19,0.8543168683746999
2019-02-20,0.8545073383218161
2019-02-21,0.8546299817332438
2019-02-22,0.8547088810384628
2019-02-25,0.8547596095857772
2019-02-26,0.8547922136164456
2019-02-27,0.8548131637671887
2019-02-28,0.85482662351279
2019-03-01,0.8653605383332561
2019-03-04,0.8612855962257568
2019-03-05,0.858883499625037
2019-03-06,0.857450911525969
2019-03-07,0.8565830321007619
2019-03-08,0.8560491745659247
2019-03-11,0.8557165837114904
2019-03-12,0.855507373609161
2019-03-13,0.8553748630902687
2019-03-14,0.8552905333613039
2019-03-15,0.8552366943814975
2019-03-18,0.8552022491427418
2019-03-19,0.8551801812339822
2019-03-20,0.8551660303706502
2019-03-21,0.8551569509740711
2019-03-22,0.855151123318342
2019-03-25,0.8551473819047269
2019-03-26,0.85514497950598
2019-03-27,0.8551434367476586
2019-03-28,0.8551424459644811
2019-03-29,0.8551418096419608
2019-04-01,0.8551414009580954
2019-04-02,0.8608137869969461
2019-04-03,0.855275005269788
2019-04-04,0.8534074788533526
2019-04-05,0.8532208687793318
2019-04-08,0.8536390282053357
2019-04-09,0.8541705294370457
2019-04-10,0.8546332594083896
2019-04-11,0.854984358050866
2019-04-12,0.8552331920279554
2019-04-15,0.8554029434695706
2019-04-16,0.8555161520892598
2019-04-17,0.85559061137187
2019-04-18,0.8556391623744429
2019-04-19,0.8556706475385281
2019-04-22,0.8556909948856024
2019-04-23,0.8557041153552977
2019-04-24,0.8557125638058438
2019-04-25,0.8557179989567871
2019-04-26,0.8557214935298192
2019-04-29,0.8557237395567097
2019-04-30,0.8557251827749748
2019-05-01,0.8371669743141106
2019-05-02,0.8436064654597761
2019-05-03,0.8478204683934344
2019-05-06,0.850553483949223
2019-05-07,0.8523184189804897
2019-05-08,0.853455627960708
2019-05-09,0.8541874516376274
2019-05-10,0.8546580532084853
2019-05-13,0.8549605407256912
2019-05-14,0.8551549167010672
2019-05-15,0.8552797996922328
2019-05-16,0.855360026037218
2019-05-17,0.8554115608697836
2019-05-20,0.855444663743279
2019-05-21,0.8554659264401345
2019-05-22,0.8554795836884463
2019-05-23,0.8554883557782045
2019-05-24,0.8554939900750244
2019-05-27,0.8554976089561743
2019-05-28,0.8554999333386781
2019-05-29,0.8555014262706784
2019-05-30,0.8555023851675717
2019-05-31,0.8555030010579892
2019-06-03,0.8090071525140763
2019-06-04,0.8169255477529753
2019-06-05,0.8264643626589896
2019-06-06,0.834882949927193
2019-06-07,0.8414026178822507
2019-06-10,0.8461044648123278
2019-06-11,0.8493536752131066
2019-06-12,0.8515401967387759
2019-06-13,0.8529870786400051
2019-06-14,0.8539343219488993
2019-06-17,0.8545502286426763
2019-06-18,0.8549489428990313
2019-06-19,0.855206329340695
2019-06-20,0.855372182864957
2019-06-21,0.8554789308968114
2019-06-24,0.8555475857934415
2019-06-25,0.8555917200075023
2019-06-26,0.855620082595052
2019-06-27,0.8556383060454702
2019-06-28,0.8556500134421274
2019-07-01,0.8556575340805284
2019-07-02,0.8527781205873104
2019-07-03,0.8535054006467968
2019-07-04,0.8541587352676179
2019-07-05,0.8546560160563528
2019-07-08,0.8550077005685512
2019-07-09,0.8552469755857466
2019-07-10,0.8554062041746939
2019-07-11,0.8555107679550676
2019-07-12,0.855578875582517
2019-07-15,0.8556230116392676
2019-07-16,0.8556515212754364
2019-07-17,0.855669899373908
2019-07-18,0.8556817309409968
2019-07-19,0.8556893415826398
2019-07-22,0.85569423450115
2019-07-23,0.8556973791037217
2019-07-24,0.8556993996462936
2019-07-25,0.8557006977486115
2019-07-26,0.8557015316419019
2019-07-29,0.8557020672988676
2019-07-30,0.8557024113688636
2019-07-31,0.8557026323709755
2019-08-01,0.8266489313638122
2019-08-02,0.8374303421514612
2019-08-05,0.844033362496839
2019-08-06,0.8481480517738462
2019-08-07,0.8507404065283602
2019-08-08,0.852385062445944
2019-08-09,0.8534331109713954
2019-08-12,0.8541028686618563
2019-08-13,0.8545316551841078
2019-08-14,0.8548064881827374
2019-08-15,0.8549827750869223
2019-08-16,0.8550959053375435
2019-08-19,0.8551685277465646
2019-08-20,0.855215155884534
2019-08-21,0.8552450978571082
2019-08-22,0.8552643264722873
2019-08-23,0.8552766756561088
2019-08-26,0.8552846069318275
2019-08-27,0.8552897009111996
2019-08-28,0.8552929726401441
2019-08-29,0.8552950740042229
2019-08-30,0.8552964236747582
2019-09-02,0.8552972905484437
2019-09-03,0.8530657103875381
2019-09-04,0.8502062691935022
2019-09-05,0.8502172635346553
2019-09-06,0.8512283975939475
2019-09-09,0.8523783750398974
2019-09-10,0.8533515798820205
2019-09-11,0.8540819902433726
2019-09-12,0.8545970647845067
2019-09-13,0.8549475437578112
2019-09-16,0.855180952944868
2019-09-17,0.8553343458514894
2019-09-18,0.8554343168898358
2019-09-19,0.8554991285407494
2019-09-20,0.8555410054559818
2019-09-23,0.8555680055810648
2019-09-24,0.8555853900509218
2019-09-25,0.8555965734960276
2019-09-26,0.8556037637644056
2019-09-27,0.8556083849945484
2019-09-30,0.8556113543987729
2019-10-01,0.8310741971527135
2019-10-02,0.8402586994616096
2019-10-03,0.8458256606328236
2019-10-04,0.8492735880213742
2019-10-07,0.8514377828818916
2019-10-08,0.8528076221115479
2019-10-09,0.8536792711829302
2019-10-10,0.85423578468347
2019-10-11,0.854591860761818
2019-10-14,0.854820003554712
2019-10-15,0.8549663064996562
2019-10-16,0.8550601803338114
2019-10-17,0.8551204353695057
2019-10-18,0.8551591204143179
2019-10-21,0.8551839607625723
2019-10-22,0.8551999127161599
2019-10-23,0.8552101573585367
2019-10-24,0.8552167369191582
2019-10-25,0.8552209627100921
2019-10-28,0.8552236768123214
2019-10-29,0.8552254200192517
2019-10-30,0.8552265396494583
2019-10-31,0.8552272587707466
2019-11-01,0.8375373511859863
2019-11-04,0.8440779138854726
2019-11-05,0.8480256857678272
2019-11-06,0.8504646700375852
2019-11-07,0.8519932367998073
2019-11-08,0.8529598316097226
2019-11-11,0.8535745215192396
2019-11-12,0.8539668273960909
2019-11-13,0.8542177770133357
2019-11-14,0.8543785389176586
2019-11-15,0.8544816217472438
2019-11-18,0.8545477596129076
2019-11-19,0.8545902099589238
2019-11-20,0.8546174632911555
2019-11-21,0.8546349628411523
2019-11-22,0.854646200565819
2019-11-25,0.8546534175923244
2019-11-26,0.8546580526640186
2019-11-27,0.8546610295782897
2019-11-28,0.854662941559962
2019-11-29,0.854664169581417
2019-12-02,0.8546649583167354
2019-12-03,0.8906452803079621
2019-12-04,0.8801876370208251
2019-12-05,0.8723698667424666
2019-12-06,0.8667969000321714
2019-12-09,0.8629575390731598
2019-12-10,0.8603743738253744
2019-12-11,0.8586639692326086
2019-12-12,0.857543418008278
2019-12-13,0.8568144045490793
2019-12-16,0.8563422697816871
2019-12-17,0.856037398018358
2019-12-18,0.8558409073639854
2019-12-19,0.8557144239173824
2019-12-20,0.8556330692711817
2019-12-23,0.8555807682346233
2019-12-24,0.8555471560831305
2019-12-25,0.8555255591981593
2019-12-26,0.855511684379741
2019-12-27,0.8555027713399281
2019-12-30,0.855497046014259
2019-12-31,0.8554933684607045
2020-01-01,0.8312573055036624
2020-01-02,0.8393726161959856
2020-01-03,0.8448651021851927
2020-01-06,0.8484967913109612
2020-01-07,0.8508695669682262
2020-01-08,0.8524094960968875
2020-01-09,0.8534049795044802
2020-01-10,0.8540469674317381
2020-01-13,0.8544603709736394
2020-01-14,0.854726330770669
2020-01-15,0.8548973326882425
2020-01-16,0.855007238967999
2020-01-17,0.8550778609096139
2020-01-20,0.8551232331271585
2020-01-21,0.8551523803753803
2020-01-22,0.8551711034714816
2020-01-23,0.8551831299965789
2020-01-24,0.855190854869663
2020-01-27,0.8551958166243214
2020-01-28,0.8551990035692504
2020-01-29,0.8552010505362386
2020-01-30,0.8552023652923455
2020-01-31,0.8552032097508624
2020-02-03,0.8320706575650718
2020-02-04,0.8349238231669156
2020-02-05,0.8395897299055665
2020-02-06,0.8440218559653697
2020-02-07,0.8475538319497808
2020-02-10,0.8501349438125608
2020-02-11,0.8519307015182609
2020-02-12,0.8531435961432678
2020-02-13,0.8539478977107227
2020-02-14,0.8544751175547187
2020-02-17,0.8548181828830608
2020-02-18,0.8550403753847324
2020-02-19,0.8551838524349975
2020-02-20,0.8552763229318544
2020-02-21,0.8553358466895478
2020-02-24,0.8553741322630128
2020-02-25,0.8553987450196969
2020-02-26,0.8554145627550889
2020-02-27,0.8554247261261949
2020-02-28,0.8554312555235698
2020-03-02,0.8554354499353578
2020-03-03,0.6653671584666117
2020-03-04,0.1241802684547972
2020-03-05,-0.20955259324563752
2020-03-06,-0.4185499316204389
2020-03-09,-0.5506661424685453
2020-03-10,-0.6346705376567694
2020-03-11,-0.6882797433358403
2020-03-12,-0.7225711521289935
2020-03-13,-0.7445382955379618
2020-03-16,-0.7586237914423559
2020-03-17,-0.7676609792803072
2020-03-18,-0.7734614437578572
2020-03-19,-0.7771853622995359
2020-03-20,-0.7795765123912224
2020-03-23,-0.7811120411816435
2020-03-24,-0.782098179049143
2020-03-25,-0.7827315171837765
2020-03-26,-0.7831382839031648
2020-03-27,-0.7833995377819616
2020-03-30,-0.7835673350697175
2020-03-31,-0.7836751081373612
2020-04-01,-0.32646950234087474
2020-04-02,-0.3166056963297902
2020-04-03,-0.32738239762931387
2020-04-06,-0.35403995515510756
2020-04-07,-0.393879115699047
2020-04-08,-0.4442974232082241
2020-04-09,-0.5018638174280954
2020-04-10,-0.5621049972065164
2020-04-13,-0.6200741379202214
2020-04-14,-0.671489650132805
2020-04-15,-0.7137722690336176
2020-04-16,-0.7463415126843878
2020-04-17,-0.7701380892198362
2020-04-20,-0.7868418970141696
2020-04-21,-0.7982324814160815
2020-04-22,-0.8058449957420757
2020-04-23,-0.810863573395378
2020-04-24,-0.8141421609264051
2020-04-27,-0.8162712728642476
2020-04-28,-0.8176485407455878
2020-04-29,-0.8185372117777416
2020-04-30,-0.819109683917801
2020-05-01,-0.6661239033867082
2020-05-04,-0.6901322298288234
2020-05-05,-0.7188599611435658
2020-05-06,-0.7456612936821626
2020-05-07,-0.7676834801083159
2020-05-08,-0.784369549981507
2020-05-11,-0.7963373202361667
2020-05-12,-0.8046065276961456
2020-05-13,-0.8101784862885065
2020-05-14,-0.8138708449468788
2020-05-15,-0.8162909443955835
2020-05-18,-0.8178658402346619
2020-05-19,-0.8188859603844751
2020-05-20,-0.8195447473203632
2020-05-21,-0.819969363108308
2020-05-22,-0.8202427039969205
2020-05-25,-0.8204185222032669
2020-05-26,-0.8205315534497406
2020-05-27,-0.8206041956243453
2020-05-28,-0.8206508708465791
2020-05-29,-0.8206808572481703
2020-06-01,-0.8207001202525619
2020-06-02,-0.7369804045435336
2020-06-03,-0.763422420784112
2020-06-04,-0.7822977467192141
2020-06-05,-0.7952206490580642
2020-06-08,-0.8038598121642582
2020-06-09,-0.8095515627128184
2020-06-10,-0.8132672037367972
2020-06-11,-0.8156786953920381
2020-06-12,-0.8172379485073582
2020-06-15,-0.8182437418091634
2020-06-16,-0.8188915322924859
2020-06-17,-0.8193083371331559
2020-06-18,-0.8195763504670174
2020-06-19,-0.8197486181286023
2020-06-22,-0.8198593156522841
2020-06-23,-0.819930436896675
2020-06-24,-0.8199761261533338
2020-06-25,-0.8200054755276509
2020-06-26,-0.8200243278275497
2020-06-29,-0.8200364370835509
2020-06-30,-0.8200442149885708
2020-07-01,-0.8127227967005813
2020-07-02,-0.8153443100739821
2020-07-03,-0.81701118384727
2020-07-06,-0.8180748509168061
2020-07-07,-0.8187551735697041
2020-07-08,-0.8191909600325818
2020-07-09,-0.8194703758619184
2020-07-10,-0.8196496417008143
2020-07-13,-0.8197646998027683
2020-07-14,-0.819838566410301
2020-07-15,-0.8198859961354066
2020-07-16,-0.8199164539684428
2020-07-17,-0.8199360143313383
2020-07-20,-0.8199485767647139
2020-07-21,-0.8199566450790976
2020-07-22,-0.8199618271061347
2020-07-23,-0.8199651553992051
2020-07-24,-0.8199672930987948
2020-07-27,-0.8199686661092978
2020-07-28,-0.8199695479748457
2020-07-29,-0.8199701143859361
2020-07-30,-0.8199704781850772
2020-07-31,-0.8199707118491504
2020-08-03,-0.7585570487687634
2020-08-04,-0.7809431629698673
2020-08-05,-0.793945636455281
2020-08-06,-0.8017978452330262
2020-08-07,-0.8066509535656465
2020-08-10,-0.8096933352426047
2020-08-11,-0.811617546676296
2020-08-12,-0.8128413633346899
2020-08-13,-0.8136224854162053
2020-08-14,-0.8141221775907244
2020-08-17,-0.8144422979527974
2020-08-18,-0.8146475680109693
2020-08-19,-0.8147792709048725
2020-08-20,-0.8148638046579109
2020-08-21,-0.8149180760489039
2020-08-24,-0.8149529242033086
2020-08-25,-0.8149753027711995
2020-08-26,-0.8149896746268682
2020-08-27,-0.8149989048333482
2020-08-28,-0.8150048330156966
2020-08-31,-0.8150086405087638
2020-09-01,-0.798931100380132
2020-09-02,-0.8036710490851668
2020-09-03,-0.8066506995092291
2020-09-04,-0.8085384738235555
2020-09-07,-0.809740415089213
2020-09-08,-0.8105081012161968
2020-09-09,-0.8109994129656741
2020-09-10,-0.8113142524623116
2020-09-11,-0.8115161723884595
2020-09-14,-0.811645740661513
2020-09-15,-0.8117289104186853
2020-09-16,-0.8117823086320775
2020-09-17,-0.8118165971497106
2020-09-18,-0.8118386167618005
2020-09-21,-0.8118527582672042
2020-09-22,-0.8118618406059515
2020-09-23,-0.8118676738489741
2020-09-24,-0.8118714203777634
2020-09-25,-0.8118738266919755
2020-09-28,-0.8118753722251548
2020-09-29,-0.8118763648978726
2020-09-30,-0.8118770024782869
2020-10-01,-0.8243173967798145
2020-10-02,-0.8200485252455267
2020-10-05,-0.817382377964582
2020-10-06,-0.8157077628702922
2020-10-07,-0.8146497680510867
2020-10-08,-0.8139780608419045
2020-10-09,-0.8135500220254746
2020-10-12,-0.8132765405327388
2020-10-13,-0.8131014936426031
2020-10-14,-0.8129893166529062
2020-10-15,-0.8129173721049696
2020-10-16,-0.8128712066490321
2020-10-19,-0.8128415731779486
2020-10-20,-0.8128225473992616
2020-10-21,-0.8128103304341733
2020-10-22,-0.8128024848822587
2020-10-23,-0.8127974462931892
2020-10-26,-0.8127942102774086
2020-10-27,-0.8127921319078779
2020-10-28,-0.8127907970297554
2020-10-29,-0.8127899396666782
2020-10-30,-0.8127893889975774
2020-11-02,-0.8127890353111297
2020-11-03,-0.8051704630148595
2020-11-04,-0.8076590365601444
2020-11-05,-0.8092436381063989
2020-11-06,-0.8102557163917192
2020-11-09,-0.8109034133473298
2020-11-10,-0.8113184526472813
2020-11-11,-0.811584628038087
2020-11-12,-0.8117554247033689
2020-11-13,-0.8118650575526329
2020-11-16,-0.811935445510978
2020-11-17,-0.8119806433812331
2020-11-18,-0.8120096687251692
2020-11-19,-0.8120283094308729
2020-11-20,-0.8120402813494143
2020-11-23,-0.8120479704529582
2020-11-24,-0.8120529089459745
2020-11-25,-0.8120560808317019
2020-11-26,-0.8120581180774407
2020-11-27,-0.8120594265695253
2020-11-30,-0.8120602669964068
2020-12-01,0.19075941725479253
2020-12-02,0.36612648028248784
2020-12-03,0.5072383162204065
2020-12-04,0.6145049919724817
2020-12-07,0.6922856255425507
2020-12-08,0.7466523851555273
2020-12-09,0.7836391124428719
2020-12-10,0.8083255205766781
2020-12-11,0.8245878988772618
2020-12-14,0.8352072642554398
2020-12-15,0.8421016418977831
2020-12-16,0.8465607127276672
2020-12-17,0.8494376013056844
2020-12-18,0.8512907435418633
2020-12-21,0.852483212757948
2020-12-22,0.8532500397480072
2020-12-23,0.8537429434851667
2020-12-24,0.8540596868556511
2020-12-25,0.8542631924103482
2020-12-28,0.8543939285685345
2020-12-29,0.854477910044733
2020-12-30,0.8545318550136338
2020-12-31,0.8545665051798309
2021-01-01,0.8192034015874889
2021-01-04,0.8322363066326275
2021-01-05,0.8396715000579765
2021-01-06,0.84411365546102
2021-01-07,0.8468410993678949
2021-01-08,0.8485438827776552
2021-01-11,0.849618042678792
2021-01-12,0.8503000910128126
2021-01-13,0.8507349618422336
2021-01-14,0.8510129661104406
2021-01-15,0.8511909886270921
2021-01-18,0.8513051100515114
2021-01-19,0.8513783182766492
2021-01-20,0.8514253017675153
2021-01-21,0.8514554633658321
2021-01-22,0.8514748294942286
2021-01-25,0.8514872655376998
2021-01-26,0.8514952519988924
2021-01-27,0.8515003811743864
2021-01-28,0.8515036754067568
2021-01-29,0.8515057911821979
2021-02-01,0.851507150091531
2021-02-02,0.7293414276592547
2021-02-03,0.3201758178701474
2021-02-04,0.03156126186634851
2021-02-05,-0.1724186249262432
2021-02-08,-0.3144367491676614
2021-02-09,-0.41144960115444673
2021-02-10,-0.476581919667167
2021-02-11,-0.5197166451140813
2021-02-12,-0.5479992769816617
2021-02-15,-0.5664150023455127
2021-02-16,-0.5783496967052796
2021-02-17,-0.5860600525435107
2021-02-18,-0.5910310715407332
2021-02-19,-0.5942317013093101
2021-02-22,-0.596290666317578
2021-02-23,-0.597614456909875
2021-02-24,-0.5984652673988957
2021-02-25,-0.5990119628308366
2021-02-26,-0.5993631940626948
2021-03-01,-0.599588825217257
2021-03-02,0.6189257988729319
2021-03-03,0.6382391430082599
2021-03-04,0.6654326939151991
2021-03-05,0.6976607232191705
2021-03-08,0.7309631129858835
2021-03-09,0.7616467657564405
2021-03-10,0.7873510761545905
2021-03-11,0.8073068170180742
2021-03-12,0.8219263778727339
2021-03-15,0.83219295812409
2021-03-16,0.8391914459459755
2021-03-17,0.8438662179010488
2021-03-18,0.8469466412138044
2021-03-19,0.848958332791981
2021-03-22,0.850264391682648
2021-03-23,0.8511091010046277
2021-03-24,0.8516540797575914
2021-03-25,0.852005122334758
2021-03-26,0.8522310108309021
2021-03-29,0.8523762692971448
2021-03-30,0.8524696386244819
2021-03-31,0.8525296382255492
2021-04-01,0.882628365402559
2021-04-02,0.8729915285762777
2021-04-05,0.8665388525657645
2021-04-06,0.8623399074014243
2021-04-07,0.8596452857383554
2021-04-08,0.857924827130589
2021-04-09,0.8568271258989193
2021-04-12,0.8561260585247088
2021-04-13,0.8556776869644204
2021-04-14,0.8553905713673713
2021-04-15,0.8552065399418279
2021-04-16,0.8550885010604062
2021-04-19,0.8550127545641982
2021-04-20,0.8549641321195309
2021-04-21,0.854932914398358
2021-04-22,0.8549128685482051
2021-04-23,0.854899995364183
2021-04-26,0.854891727902573
2021-04-27,0.8548864181493541
2021-04-28,0.8548830078951453
2021-04-29,0.8548808175841851
2021-04-30,0.8548794107949166
2021-05-03,0.834265853451462
2021-05-04,0.8418830703249889
2021-05-05,0.8464410059512502
2021-05-06,0.8492422129552155
2021-05-07,0.8509920959805108
2021-05-10,0.8520963860044586
2021-05-11,0.8527977347995193
2021-05-12,0.8532449803182658
2021-05-13,0.8535309236202491
2021-05-14,0.853714041513297
2021-05-17,0.8538314340772672
2021-05-18,0.8539067426726736
2021-05-19,0.8539550749414387
2021-05-20,0.8539861027350575
2021-05-21,0.8540060251659871
2021-05-24,0.8540188184979314
2021-05-25,0.8540270344340157
2021-05-26,0.8540323109956386
2021-05-27,0.8540356998912643
2021-05-28,0.8540378764673858
2021-05-31,0.8540392744281391
2021-06-01,0.8735485228747278
2021-06-02,0.8673610898595967
2021-06-03,0.8630877245329842
2021-06-04,0.860207607604999
2021-06-07,0.8582983768442611
2021-06-08,0.8570466110494627
2021-06-09,0.8562318239633526
2021-06-10,0.8557039675100668
2021-06-11,0.8553630427710557
2021-06-14,0.8551432860017139
2021-06-15,0.8550018134759947
2021-06-16,0.8549108126635309
2021-06-17,0.8548523082057378
2021-06-18,0.8548147084432124
2021-06-21,0.8547905490282575
2021-06-22,0.8547750277749051
2021-06-23,0.8547650570206444
2021-06-24,0.8547586522425494
2021-06-25,0.8547545382452095
2021-06-28,0.8547518957540181
2021-06-29,0.8547501984625641
2021-06-30,0.854749108290574
2021-07-01,0.8692942440650642
2021-07-02,0.8635382889051564
2021-07-05,0.8602125473348772
2021-07-06,0.8582937988788111
2021-07-07,0.8571732569999572
2021-07-08,0.8565067169346157
2021-07-09,0.8561026378441021
2021-07-12,0.8558536170387374
2021-07-13,0.8556981788131348
2021-07-14,0.8556002468824229
2021-07-15,0.855538144274588
2021-07-16,0.8554985889739732
2021-07-19,0.8554733210989003
2021-07-20,0.8554571490070271
2021-07-21,0.8554467855012885
2021-07-22,0.8554401389068937
2021-07-23,0.8554358739064245
2021-07-26,0.8554331362079355
2021-07-27,0.8554313785006353
2021-07-28,0.855430249827395
2021-07-29,0.8554295250094326
2021-07-30,0.8554290595147097
2021-08-02,0.8554287605522194
2021-08-03,0.8566879517853567
2021-08-04,0.8556753548825093
2021-08-05,0.8553499834599377
2021-08-06,0.8552857598641661
2021-08-09,0.8553073600941716
2021-08-10,0.8553480488136802
2021-08-11,0.8553854904445135
2021-08-12,0.8554142705512524
2021-08-13,0.8554347257810362
2021-08-16,0.855448681526429
2021-08-17,0.8554579837236009
2021-08-18,0.8554640984433759
2021-08-19,0.8554680837171507
2021-08-20,0.8554706673077536
2021-08-23,0.8554723365833696
2021-08-24,0.8554734128119905
2021-08-25,0.8554741057420296
2021-08-26,0.8554745514968043
2021-08-27,0.8554748380863906
2021-08-30,0.8554750222778686
2021-08-31,0.8554751406308094
2021-09-01,0.8455522056775848
2021-09-02,0.8491451640431378
2021-09-03,0.8513931867402125
2021-09-06,0.8528131920368621
2021-09-07,0.8537155898426267
2021-09-08,0.8542912569288874
2021-09-09,0.8546593922676609
2021-09-10,0.8548951811823884
2021-09-13,0.8550463543460851
2021-09-14,0.8551433394918647
2021-09-15,0.855205585983079
2021-09-16,0.8552455472732713
2021-09-17,0.8552712061676917
2021-09-20,0.8552876833813525
2021-09-21,0.8552982651933783
2021-09-22,0.8553050612323071
2021-09-23,0.8553094260310816
2021-09-24,0.8553122294026083
2021-09-27,0.8553140299405089
2021-09-28,0.8553151863914208
2021-09-29,0.855315929161284
2021-09-30,0.8553164062319552
2021-10-01,0.8209099873430414
2021-10-04,0.8340595676961258
2021-10-05,0.841739155877895
2021-10-06,0.8463911705410865
2021-10-07,0.8492716256375883
2021-10-08,0.8510793755909927
2021-10-11,0.8522235132726375
2021-10-12,0.8529515130014174
2021-10-13,0.853416299858935
2021-10-14,0.8537136813661981
2021-10-15,0.8539042158455223
2021-10-18,0.8540264006406693
2021-10-19,0.8541047989912696
2021-10-20,0.8541551206117107
2021-10-21,0.8541874281354097
2021-10-22,0.854208173343624
2021-10-25,0.854221495474851
2021-10-26,0.8542300511925771
2021-10-27,0.8542355460498898
2021-10-28,0.8542390751782747
2021-10-29,0.8542413418342184
2021-11-01,0.85424279765634
2021-11-02,0.8997396775428135
2021-11-03,0.8873502522916946
2021-11-04,0.8776717017122465
2021-11-05,0.870541436945777
2021-11-08,0.8655124716065414
2021-11-09,0.8620736579338366
2021-11-10,0.859771712086518
2021-11-11,0.8582526726223415
2021-11-12,0.8572597120502116
2021-11-15,0.8566146483055042
2021-11-16,0.8561972775124934
2021-11-17,0.855927933405051
2021-11-18,0.855754408943443
2021-11-19,0.855642737519716
2021-11-22,0.8555709217770899
2021-11-23,0.8555247579407732
2021-11-24,0.8554950919720476
2021-11-25,0.855476031464465
2021-11-26,0.8554637864718557
2021-11-29,0.8554559205563904
2021-11-30,0.8554508679133296
2021-12-01,0.8144706020109999
2021-12-02,0.8302794576642638
2021-12-03,0.8393113144989451
2021-12-06,0.8447124717766679
2021-12-07,0.8480307376408727
2021-12-08,0.8501031812130617
2021-12-09,0.8514108561331021
2021-12-10,0.8522413088949774
2021-12-13,0.8527708555814648
2021-12-14,0.8531094063452324
2021-12-15,0.8533262094363532
2021-12-16,0.8534651949067361
2021-12-17,0.8535543548118287
2021-12-20,0.8536115763883256
2021-12-21,0.8536483107064565
2021-12-22,0.8536718971480244
2021-12-23,0.8536870433284364
2021-12-24,0.8536967702653554
2021-12-27,0.8537030172407993
2021-12-28,0.8537070293875408
2021-12-29,0.8537096062566969
2021-12-30,0.8537112613154532
2021-12-31,0.8537123243270239
2022-01-03,0.8574431363617665
2022-01-04,0.8506457039787081
2022-01-05,0.8487775695353068
2022-01-06,0.8492243872933344
2022-01-07,0.8504482494999532
2022-01-10,0.8517151394451643
2022-01-11,0.8527584667189884
2022-01-12,0.8535329497431123
2022-01-13,0.8540762718060814
2022-01-14,0.8544449690157672
2022-01-17,0.8546901389316999
2022-01-18,0.8548511179654587
2022-01-19,0.8549559769737209
2022-01-20,0.8550239350804377
2022-01-21,0.8550678359591577
2022-01-24,0.8550961373453285
2022-01-25,0.8551143581450048
2022-01-26,0.8551260789831444
2022-01-27,0.8551336145079429
2022-01-28,0.855138457531873
2022-01-31,0.8551415694081601
2022-02-01,0.8179323838474154
2022-02-02,0.832011238086168
2022-02-03,0.840115191461793
2022-02-04,0.8449825010808449
2022-02-07,0.8479806134979218
2022-02-08,0.8498561261029611
2022-02-09,0.851040737705981
2022-02-10,0.851793518670258
2022-02-11,0.8522737322207203
2022-02-14,0.8525808228530729
2022-02-15,0.8527775119453743
2022-02-16,0.8529036163782787
2022-02-17,0.852984518542365
2022-02-18,0.8530364426862143
2022-02-21,0.8530697771668754
2022-02-22,0.8530911810198031
2022-02-23,0.8531049257962919
2022-02-24,0.8531137528116342
2022-02-25,0.8531194218533446
2022-02-28,0.853123062830824
2022-03-01,0.7839433326815262
2022-03-02,0.8045567333455502
2022-03-03,0.816976557615129
2022-03-04,0.8246414712430148
2022-03-07,0.8294420700014303
2022-03-08,0.8324764883175977
2022-03-09,0.8344056705897569
2022-03-10,0.8356367033746059
2022-03-11,0.8364240847807893
2022-03-14,0.8369284582274216
2022-03-15,0.8372518555926438
2022-03-16,0.8374593413001001
2022-03-17,0.8375925128513191
2022-03-18,0.8376780086624435
2022-03-21,0.8377329056987227
2022-03-22,0.837768158882511
2022-03-23,0.8377907989092341
2022-03-24,0.837805339238502
2022-03-25,0.8378146778770772
2022-03-28,0.8378206757963184
2022-03-29,0.8378245281186523
2022-03-30,0.8378270023927443
2022-03-31,0.8378285915798855
2022-04-01,0.9498475817098984
2022-04-04,0.934063141281277
2022-04-05,0.9175746606437902
2022-04-06,0.9020311794513916
2022-04-07,0.888762688551058
2022-04-08,0.8783733473157539
2022-04-11,0.8707711017543194
2022-04-12,0.8654704100973816
2022-04-13,0.8618901860837035
2022-04-14,0.8595194872559637
2022-04-15,0.8579683991992599
2022-04-18,0.8569608187552757
2022-04-19,0.8563091170772494
2022-04-20,0.8558887021892891
2022-04-21,0.8556179294107077
2022-04-22,0.8554437109784045
2022-04-25,0.8553316878336662
2022-04-26,0.8552596854356684
2022-04-27,0.8552134180306388
2022-04-28,0.855183692306053
2022-04-29,0.8551645962177074
2022-05-02,0.8551523295293271
2022-05-03,0.49464700077246787
2022-05-04,-0.02058287791303448
2022-05-05,-0.322821428997187
2022-05-06,-0.5066802019137057
2022-05-09,-0.6208836533997576
2022-05-10,-0.6927145116015794
2022-05-11,-0.7382438314175584
2022-05-12,-0.7672416835935361
2022-05-13,-0.7857669105847783
2022-05-16,-0.7976246536767837
2022-05-17,-0.8052240118919988
2022-05-18,-0.8100981161711798
2022-05-19,-0.8132258689802339
2022-05-20,-0.8152336247973893
2022-05-23,-0.8165227043949234
2022-05-24,-0.8173504684793784
2022-05-25,-0.8178820509606276
2022-05-26,-0.8182234471351811
2022-05-27,-0.8184427084402208
2022-05-30,-0.8185835319614204
2022-05-31,-0.8186739790801827
2022-06-01,-0.3959554563105061
2022-06-02,0.04925806371664515
2022-06-03,0.3334855693324399
2022-06-06,0.5164263788305818
2022-06-07,0.6343766312663001
2022-06-08,0.7103983790466157
2022-06-09,0.7593561197320848
2022-06-10,0.7908603479209824
2022-06-13,0.8111211108650617
2022-06-14,0.8241454860621606
2022-06-15,0.8325155923602827
2022-06-16,0.8378935861027922
2022-06-17,0.8413486323567614
2022-06-20,0.8435681116311465
2022-06-21,0.8449938004873034
2022-06-22,0.8459095636867735
2022-06-23,0.846497772869302
2022-06-24,0.8468755834274041
2022-06-27,0.8471182513170477
2022-06-28,0.8472741160720495
2022-06-29,0.8473742270833151
2022-06-30,0.8474385276344811
2022-07-01,0.6564566944501451
2022-07-04,0.6212890560336368
2022-07-05,0.6125140893106296
2022-07-06,0.6242471563997605
2022-07-07,0.6505067958557882
2022-07-08,0.6849698841510501
2022-07-11,0.7215584444230975
2022-07-12,0.7554536558544724
2022-07-13,0.7838211289115063
2022-07-14,0.8057908840150749
2022-07-15,0.8218483194713637
2022-07-18,0.8331039636049511
2022-07-19,0.8407665302570644
2022-07-20,0.8458802259544436
2022-07-21,0.8492478182610081
2022-07-22,0.8514461607565428
2022-07-25,0.8528730236679338
2022-07-26,0.8537957064906211
2022-07-27,0.8543909252786026
2022-07-28,0.8547743020780605
2022-07-29,0.8550209856115929
2022-08-01,0.8551796117089853
2022-08-02,0.8537076074199854
2022-08-03,0.850875181297218
2022-08-04,0.8508150233819769
2022-08-05,0.8517286536577213
2022-08-08,0.8527887315179983
2022-08-09,0.8536909141278903
2022-08-10,0.8543695876593316
2022-08-11,0.8548487164107123
2022-08-12,0.8551749327464555
2022-08-15,0.8553922583143898
2022-08-16,0.8555351104487816
2022-08-17,0.8556282233194562
2022-08-18,0.8556885934591966
2022-08-19,0.8557276024657579
2022-08-22,0.8557527542822109
2022-08-23,0.855768949005875
2022-08-24,0.8557793672165724
2022-08-25,0.855786065539867
2022-08-26,0.8557903706159415
2022-08-29,0.8557931368822294
2022-08-30,0.8557949141052379
2022-08-31,0.8557960557947127
2022-09-01,0.8178391237716373
2022-09-02,0.8318416643159723
2022-09-05,0.8404770748840384
2022-09-06,0.8458797909206612
2022-09-07,0.8492918546133854
2022-09-08,0.8514597897561711
2022-09-09,0.8528425913179097
2022-09-12,0.8537267985784773
2022-09-13,0.8542930922001165
2022-09-14,0.8546561487485558
2022-09-15,0.8548890611180204
2022-09-16,0.8550385449605127
2022-09-19,0.8551345101517948
2022-09-20,0.8551961283296734
2022-09-21,0.8552356970993114
2022-09-22,0.8552611084318444
2022-09-23,0.8552774285150967
2022-09-26,0.85528791017755
2022-09-27,0.8552946422105392
2022-09-28,0.8552989660305805
2022-09-29,0.8553017431361842
2022-09-30,0.8553035268261509
2022-10-03,0.8469933662349054
2022-10-04,0.8493145868767901
2022-10-05,0.8511497900426022
2022-10-06,0.8524708067634076
2022-10-07,0.853378148908391
2022-10-10,0.8539852725940633
2022-10-11,0.8543852855520324
2022-10-12,0.8546463670785585
2022-10-13,0.8548157736932881
2022-10-14,0.8549252904271375
2022-10-17,0.854995924340396
2022-10-18,0.8550414124487118
2022-10-19,0.8550706787815765
2022-10-20,0.8550894967871518
2022-10-21,0.8551015918724836
2022-10-24,0.8551093639169534
2022-10-25,0.8551143572630177
2022-10-26,0.8551175650324992
2022-10-27,0.8551196255950644
2022-10-28,0.8551209491743038
2022-10-31,0.8551217993372997
2022-11-01,0.7010792325260451
2022-11-02,0.7475414710246915
2022-11-03,0.7780118123215715
2022-11-04,0.7978716911125534
2022-11-07,0.8107551230692422
2022-11-08,0.8190849753450782
2022-11-09,0.8244584502809192
2022-11-10,0.8279195568141299
2022-11-11,0.830146669048302
2022-11-14,0.8315788150663527
2022-11-15,0.8324993700193444
2022-11-16,0.8330909235410249
2022-11-17,0.8334709923503011
2022-11-18,0.8337151562169411
2022-11-21,0.8338720006186262
2022-11-22,0.8339727486049198
2022-11-23,0.834037461480112
2022-11-24,0.8340790273280366
2022-11-25,0.834105725234878
2022-11-28,0.8341228732685086
2022-11-29,0.8341338873737016
2022-11-30,0.8341409616609078
2022-12-01,0.7362472281920271
2022-12-02,0.6947881549920244
2022-12-05,0.6751284217122503
2022-12-06,0.6749064887292626
2022-12-07,0.6898754386978627
2022-12-08,0.714510402165702
2022-12-09,0.7430341884031154
2022-12-12,0.7706381625480231
2022-12-13,0.794315206389353
2022-12-14,0.8129221690229247
2022-12-15,0.8266439998488553
2022-12-16,0.8363162820870949
2022-12-19,0.8429241291845557
2022-12-20,0.8473437982733083
2022-12-21,0.8502584864355425
2022-12-22,0.8521629064930618
2022-12-23,0.8533997148726578
2022-12-26,0.8541997971173156
2022-12-27,0.854716050323044
2022-12-28,0.8550486169434434
2022-12-29,0.8552626278011763
2022-12-30,0.8554002529425614
2023-01-02,0.8554887176278949
2023-01-03,0.8630056265932471
2023-01-04,0.8601143548117222
2023-01-05,0.8584302476898005
2023-01-06,0.857430649788135
2023-01-09,0.8568257107698843
2023-01-10,0.8564533959230904
2023-01-11,0.8562212178309361
2023-01-12,0.8560750331303351
2023-01-13,0.8559823727677197
2023-01-16,0.8559233716500221
2023-01-17,0.855885689143042
2023-01-18,0.8558615744239108
2023-01-19,0.8558461223420053
2023-01-20,0.8558362127353221
2023-01-23,0.8558298541361543
2023-01-24,0.8558257726492842
2023-01-25,0.8558231522155482
2023-01-26,0.8558214695767746
2023-01-27,0.8558203890163318
2023-01-30,0.8558196950582416
2023-01-31,0.855819249366967
2023-02-01,0.8430942385322757
2023-02-02,0.8475233025453837
2023-02-03,0.8504093607918444
2023-02-06,0.8522774637603474
2023-02-07,0.8534826447193459
2023-02-08,0.8542587569910669
2023-02-09,0.8547580463066515
2023-02-10,0.8550790545659633
2023-02-13,0.8552853641296589
2023-02-14,0.8554179272541461
2023-02-15,0.8555030927009901
2023-02-16,0.8555578024158138
2023-02-17,0.8555929455285978
2023-02-20,0.8556155190796558
2023-02-21,0.8556300184528625
2023-02-22,0.8556393315035467
2023-02-23,0.8556453132839783
2023-02-24,0.855649155362624
2023-02-27,0.855651623107668
2023-02-28,0.8556532081220452
2023-03-01,0.8047102805073637
2023-03-02,0.8219028044525305
2023-03-03,0.8333521036413307
2023-03-06,0.8408531820869372
2023-03-07,0.8457274396298147
2023-03-08,0.8488803750219931
2023-03-09,0.8509144053394544
2023-03-10,0.8522244651395171
2023-03-13,0.8530673818633319
2023-03-14,0.853609384537392
2023-03-15,0.8539577561624491
2023-03-16,0.8541816140551459
2023-03-17,0.8543254378319567
2023-03-20,0.8544178317307858
2023-03-21,0.8544771825378005
2023-03-22,0.8545153058995925
2023-03-23,0.8545397933577044
2023-03-24,0.8545555219005192
2023-03-27,0.8545656243876731
2023-03-28,0.8545721131958672
2023-03-29,0.8545762809253235
2023-03-30,0.8545789578292653
2023-03-31,0.8545806771828978
2023-04-03,0.7851978080223574
2023-04-04,0.7658458628177884
2023-04-05,0.7639581435411038
2023-04-06,0.7734815900171953
2023-04-07,0.7885397241365051
2023-04-10,0.8045477032865549
2023-04-11,0.8187492011327095
2023-04-12,0.8300396339007794
2023-04-13,0.8383912582580317
2023-04-14,0.8442780833778776
2023-04-17,0.8482962277251672
2023-04-18,0.8509811978746866
2023-04-19,0.8527505023239876
2023-04-20,0.8539058818832524
2023-04-21,0.8546559346561822
2023-04-24,0.8551410084696305
2023-04-25,0.8554539470293105
2023-04-26,0.8556555164584998
2023-04-27,0.8557852191888563
2023-04-28,0.8558686237743128
2023-05-01,0.8559222340980612
2023-05-02,0.8414150224072328
2023-05-03,0.8467971579538143
2023-05-04,0.8501409488588916
2023-05-05,0.8522436660056049
2023-05-08,0.8535761057867988
2023-05-09,0.8544245588914025
2023-05-10,0.8549665052750057
2023-05-11,0.8553133594284368
2023-05-12,0.8555356339041171
2023-05-15,0.855678190149499
2023-05-16,0.8557696667408841
2023-05-17,0.8558283858463747
2023-05-18,0.8558660859413717
2023-05-19,0.8558902943102777
2023-05-22,0.8559058406154306
2023-05-23,0.8559158248234361
2023-05-24,0.8559222371548842
2023-05-25,0.8559263555548654
2023-05-26,0.8559290006886757
2023-05-29,0.8559306996010729
2023-05-30,0.8559317907826665
2023-05-31,0.855932491632245
2023-06-01,0.8531178280612108
2023-06-02,0.8540949341192543
2023-06-05,0.8547355028741821
2023-06-06,0.8551521501039465
2023-06-07,0.855421874319173
2023-06-08,0.8555959789480033
2023-06-09,0.8557081583406194
2023-06-12,0.8557803553082814
2023-06-13,0.8558267864458607
2023-06-14,0.8558566332978558
2023-06-15,0.8558758137635154
2023-06-16,0.855888137358522
2023-06-19,0.855896054399681
2023-06-20,0.8559011401440476
2023-06-21,0.8559044069581323
2023-06-22,0.855906505319884
2023-06-23,0.8559078531257623
2023-06-26,0.8559087188280774
2023-06-27,0.8559092748681838
2023-06-28,0.8559096320104782
2023-06-29,0.8559098614007136
2023-06-30,0.8559100087362779
2023-07-03,0.821763950532109
2023-07-04,0.8323073689775717
2023-07-05,0.8400250046426039
2023-07-06,0.8453610244790508
2023-07-07,0.8489427619867512
2023-07-10,0.8513066517950381
2023-07-11,0.8528510330609309
2023-07-12,0.8538537186168439
2023-07-13,0.8545021632709122
2023-07-14,0.8549204795149942
2023-07-17,0.8551899132469475
2023-07-18,0.85536327856913
2023-07-19,0.8554747575376006
2023-07-20,0.8555464122159664
2023-07-21,0.8555924570923958
2023-07-24,0.8556220402401813
2023-07-25,0.8556410449024343
2023-07-26,0.8556532529317122
2023-07-27,0.8556610946542165
2023-07-28,0.8556661315719287
2023-07-31,0.8556693668394687
2023-08-01,0.8725132484128568
2023-08-02,0.8667534302214476
2023-08-03,0.8629407375481186
2023-08-04,0.8604483951855026
2023-08-07,0.8588308991712766
2023-08-08,0.8577855291947016
2023-08-09,0.8571115572658826
2023-08-10,0.8566776603901199
2023-08-11,0.8563985658924655
2023-08-14,0.8562191413122899
2023-08-15,0.8561038314339313
2023-08-16,0.856029741525416
2023-08-17,0.8559821430275906
2023-08-18,0.8559515663518285
2023-08-21,0.8559319253540145
2023-08-22,0.8559193093554304
2023-08-23,0.8559112059050238
2023-08-24,0.8559060010087303
2023-08-25,0.8559026579025109
2023-08-28,0.8559005106372491
2023-08-29,0.8558991314616358
2023-08-30,0.8558982456275648
2023-08-31,0.8558976766639298
2023-09-01,0.8413067714870875
2023-09-04,0.8465550493225626
2023-09-05,0.8498742621435025
2023-09-06,0.8519842260325142
2023-09-07,0.853330265542203
2023-09-08,0.8541910043254566
2023-09-11,0.8547422707892431
2023-09-12,0.855095691451816
2023-09-13,0.8553224205161905
2023-09-14,0.8554679350299422
2023-09-15,0.8555613515900169
2023-09-18,0.8556213331348751
2023-09-19,0.8556598508427846
2023-09-20,0.8556845871421405
2023-09-21,0.8557004736801188
2023-09-22,0.8557106768897509
2023-09-25,0.8557172300789966
2023-09-26,0.8557214390310431
2023-09-27,0.8557241423587372
2023-09-28,0.85572587866217
2023-09-29,0.8557269938652927
2023-10-02,0.8557277101459828
2023-10-03,0.8453438329232597
2023-10-04,0.8489501885300539
2023-10-05,0.8512932896225769
2023-10-06,0.8528077124891225
2023-10-09,0.853783936223503
2023-10-10,0.8544123130867689
2023-10-11,0.8548164488911766
2023-10-12,0.8550762358240356
2023-10-13,0.855243181183968
2023-10-16,0.8553504438728347
2023-10-17,0.8554193520805318
2023-10-18,0.8554636170569764
2023-10-19,0.8554920504384892
2023-10-20,0.8555103139115448
2023-10-23,0.8555220447657128
2023-10-24,0.8555295795426554
2023-10-25,0.8555344191222248
2023-10-26,0.855537527563051
2023-10-27,0.8555395240943375
2023-10-30,0.8555408064506166
2023-10-31,0.8555416300967909
2023-11-01,0.851410780019503
2023-11-02,0.8528828279413952
2023-11-03,0.8538240968902975
2023-11-06,0.854426891777086
2023-11-07,0.8548133209029021
2023-11-08,0.8550612129560811
2023-11-09,0.8552203040891159
2023-11-10,0.855322433986262
2023-11-13,0.8553880091860576
2023-11-14,0.8554301184641226
2023-11-15,0.8554571611041963
2023-11-16,0.8554745287791768
2023-11-17,0.8554856832243687
2023-11-20,0.8554928473479112
2023-11-21,0.855497448682502
2023-11-22,0.8555004040275656
2023-11-23,0.8555023021967193
2023-11-24,0.8555035213635158
2023-11-27,0.8555043044185826
2023-11-28,0.8555048073654422
2023-11-29,0.8555051304024615
2023-11-30,0.8555053378855688
2023-12-01,0.8555156933495839
2023-12-04,0.8554736158010134
2023-12-05,0.8554632389493231
2023-12-06,0.8554634696049238
2023-12-07,0.855466469918741
2023-12-08,0.8554695756389119
2023-12-11,0.8554720571915289
2023-12-12,0.8554738520274502
2023-12-13,0.8554750877742153
2023-12-14,0.855475915708552
2023-12-15,0.8554764616048056
2023-12-18,0.8554768180551229
2023-12-19,0.8554770494034282
2023-12-20,0.8554771989878178
2023-12-21,0.8554772954734753
2023-12-22,0.855477357614007
2023-12-25,0.8554773975958607
2023-12-26,0.855477423304518
2023-12-27,0.8554774398287729
2023-12-28,0.8554774504470191
2023-12-29,0.8554774572690256
2024-01-01,0.8554774616515615
2024-01-02,0.8646136323070852
2024-01-03,0.8613019886725477
2024-01-04,0.8592414897529916
2024-01-05,0.8579513025924751
2024-01-08,0.8571380920237588
2024-01-09,0.856622657553067
2024-01-10,0.8562945792647767
2024-01-11,0.8560851259426339
2024-01-12,0.8559511297974722
2024-01-15,0.8558652883882057
2024-01-16,0.8558102460591979
2024-01-17,0.8557749313924432
2024-01-18,0.8557522650638307
2024-01-19,0.8557377132960067
2024-01-22,0.8557283695647087
2024-01-23,0.8557223693053897
2024-01-24,0.8557185158643568
2024-01-25,0.8557160410303475
2024-01-26,0.8557144515490296
2024-01-29,0.8557134306742196
2024-01-30,0.8557127749903498
2024-01-31,0.8557123538569429
2024-02-01,0.8516063073552631
2024-02-02,0.8530829218053266
2024-02-05,0.854017107103386
2024-02-06,0.8546113654011009
2024-02-07,0.8549907041526279
2024-02-08,0.8552333886980797
2024-02-09,0.8553888680694726
2024-02-12,0.8554885686737963
2024-02-13,0.8555525385683422
2024-02-14,0.8555935982594483
2024-02-15,0.8556199591344058
2024-02-16,0.8556368857758385
2024-02-19,0.8556477556540621
2024-02-20,0.8556547364688984
2024-02-21,0.8556592198458532
2024-02-22,0.8556620993370627
2024-02-23,0.8556639487485822
2024-02-26,0.8556651365833907
2024-02-27,0.8556658995078675
2024-02-28,0.8556663895224259
2024-02-29,0.8556667042520765
2024-03-01,0.8169855284312741
2024-03-04,0.8298163030657535
2024-03-05,0.8385076787396222
2024-03-06,0.8442575101602607
2024-03-07,0.8480155959852664
2024-03-08,0.8504552445522968
2024-03-11,0.8520326414435679
2024-03-12,0.8530500326080563
2024-03-13,0.853705228470022
2024-03-14,0.8541267661760945
2024-03-15,0.8543978082355236
2024-03-18,0.8545720162394614
2024-03-19,0.8546839578717049
2024-03-20,0.8547558772793558
2024-03-21,0.8548020788036126
2024-03-22,0.8548317570416658
2024-03-25,0.8548508205006561
2024-03-26,0.8548630653543154
2024-03-27,0.8548709303408695
2024-03-28,0.8548759820408234
2024-03-29,0.8548792267368301
2024-04-01,0.8548813107885471
2024-04-02,0.8556104592285068
2024-04-03,0.8553332393271424
2024-04-04,0.8551616233027759
2024-04-05,0.8550540765135067
2024-04-08,0.8549861125119128
2024-04-09,0.8549429204727534
2024-04-10,0.8549153691186884
2024-04-11,0.8548977518567997
2024-04-12,0.854886468965814
2024-04-15,0.8548792354953307
2024-04-16,0.8548745950480455
2024-04-17,0.8548716168212012
2024-04-18,0.8548697048795147
2024-04-19,0.85486847724807
2024-04-22,0.854867688913561
2024-04-23,0.8548671826406715
2024-04-24,0.8548668574941521
2024-04-25,0.854866648667181
2024-04-26,0.8548665145444309
2024-04-29,0.8548664284006968
2024-04-30,0.8548663730722613
2024-05-01,0.7972914871010095
2024-05-02,0.8164845935273203
2024-05-03,0.8288014987238426
2024-05-06,0.8367022956405079
2024-05-07,0.8417714862472365
2024-05-08,0.8450248767935379
2024-05-09,0.8471134020598579
2024-05-10,0.8484543733773131
2024-05-13,0.8493154688298374
2024-05-14,0.8498684594229365
2024-05-15,0.8502236054183047
2024-05-16,0.8504516978596681
2024-05-17,0.8505981934141331
2024-05-20,0.8506922835690662
2024-05-21,0.8507527156998892
2024-05-22,0.8507915302178775
2024-05-23,0.8508164602097631
2024-05-24,0.8508324724146209
2024-05-27,0.8508427568586773
2024-05-28,0.8508493624384306
2024-05-29,0.8508536051288391
2024-05-30,0.8508563301628359
2024-05-31,0.8508580804230603
2024-06-03,0.8246526071169931
2024-06-04,0.8196169466889678
2024-06-05,0.8225028368498583
2024-06-06,0.8287147908089543
2024-06-07,0.8353822795583989
2024-06-10,0.8411313427942254
2024-06-11,0.8455604324011456
2024-06-12,0.8487524309661814
2024-06-13,0.8509592163852482
2024-06-14,0.8524451214174029
2024-06-17,0.8534288710892506
2024-06-18,0.8540731445576732
2024-06-19,0.8544921622519369
2024-06-20,0.8547634637399291
2024-06-21,0.8549386194171065
2024-06-24,0.8550514936201058
2024-06-25,0.855124146071969
2024-06-26,0.8551708738478986
2024-06-27,0.8552009129882983
2024-06-28,0.8552202177050641
2024-07-01,0.8552326214184016
2024-07-02,0.8514996654763297
2024-07-03,0.8528266481618627
2024-07-04,0.8536672944199634
2024-07-05,0.8542025048574691
2024-07-08,0.8545443359952878
2024-07-09,0.8547631004351781
2024-07-10,0.85490328607506
2024-07-11,0.8549931923824936
2024-07-12,0.8550508833106935
2024-07-15,0.8550879149494247
2024-07-16,0.8551116906517239
2024-07-17,0.8551269576894995
2024-07-18,0.8551367619620662
2024-07-19,0.8551430584898916
2024-07-22,0.8551471024143256
2024-07-23,0.8551496996736342
2024-07-24,0.8551513678203877
2024-07-25,0.8551524392347839
2024-07-26,0.855153127385315
2024-07-29,0.8551535693740355
2024-07-30,0.8551538532574743
2024-07-31,0.8551540355923131
2024-08-01,0.842947065602258
2024-08-02,0.847369372404812
2024-08-05,0.850085425742394
2024-08-06,0.8517814106666115
2024-08-07,0.8528514069786888
2024-08-08,0.8535308621735846
2024-08-09,0.8539641002261054
2024-08-12,0.854241069119532
2024-08-13,0.8544184320827833
2024-08-14,0.8545321321219093
2024-08-15,0.8546050706160933
2024-08-16,0.8546518812404329
2024-08-19,0.854681931964444
2024-08-20,0.8547012269437498
2024-08-21,0.8547136173154188
2024-08-22,0.8547215744530231
2024-08-23,0.8547266847987915
2024-08-26,0.8547299669388846
2024-08-27,0.8547320749483495
2024-08-28,0.8547334288699927
2024-08-29,0.8547342984670436
2024-08-30,0.8547348569949379
2024-09-02,0.854735215729436
2024-09-03,0.8580813162116454
2024-09-04,0.8540541156066439
2024-09-05,0.8529810567537419
2024-09-06,0.8531367299752972
2024-09-09,0.8536646124238274
2024-09-10,0.8542061564825387
2024-09-11,0.8546454549660527
2024-09-12,0.8549676584734193
2024-09-13,0.8551917790826685
2024-09-16,0.855342993669926
2024-09-17,0.8554431629380579
2024-09-18,0.855508770275528
2024-09-19,0.855551436500467
2024-09-20,0.8555790590526354
2024-09-23,0.8555968911125971
2024-09-24,0.8556083818119454
2024-09-25,0.8556157775957749
2024-09-26,0.8556205341998286
2024-09-27,0.855623591945881
2024-09-30,0.8556255569891769
2024-10-01,0.8153860439953755
2024-10-02,0.8300744041005642
2024-10-03,0.8390627309761537
2024-10-04,0.8446611050500199
2024-10-07,0.8481871941568532
2024-10-08,0.8504238394296337
2024-10-09,0.8518489739394752
2024-10-10,0.852759646644103
2024-10-11,0.8533426443637131
2024-10-14,0.8537163095187664
2024-10-15,0.8539559863834756
2024-10-16,0.8541097947334819
2024-10-17,0.8542085291756026
2024-10-18,0.8542719225815687
2024-10-21,0.8543126301470592
2024-10-22,0.8543387723331246
2024-10-23,0.8543555615955211
2024-10-24,0.8543663445076852
2024-10-25,0.8543732699893277
2024-10-28,0.8543777180425571
2024-10-29,0.8543805749348876
2024-10-30,0.8543824098681698
2024-10-31,0.8543835884189328
2024-11-01,0.7008944681788842
2024-11-04,0.7261973389444696
2024-11-05,0.7447238967399206
2024-11-06,0.7577421700344682
2024-11-07,0.7666241341578761
2024-11-08,0.7725616197621042
2024-11-11,0.7764764373763504
2024-11-12,0.7790341234830329
2024-11-13,0.7806951443122674
2024-11-14,0.781769638668311
2024-11-15,0.7824629560658958
2024-11-18,0.7829095868529701
2024-11-19,0.7831969999485975
2024-11-20,0.7833818285315516
2024-11-21,0.7835006354522985
2024-11-22,0.7835769824922065
2024-11-25,0.7836260353331673
2024-11-26,0.7836575480382462
2024-11-27,0.783677791034644
2024-11-28,0.7836907940205673
2024-11-29,0.7836991461653499
2024-12-02,0.783704510851827
2024-12-03,0.7313522667994762
2024-12-04,0.7248769227912996
2024-12-05,0.7331582835051936
2024-12-06,0.7506061461764105
2024-12-09,0.7717020920973268
2024-12-10,0.7921788990970219
2024-12-11,0.8095871814875683
2024-12-12,0.8231138605075108
2024-12-13,0.8329883305339107
2024-12-16,0.839893488475171
2024-12-17,0.8445836894650512
2024-12-18,0.8477081474178402
2024-12-19,0.8497630780420347
2024-12-20,0.851103325636668
2024-12-23,0.8519727090682967
2024-12-24,0.8525346742555087
2024-12-25,0.8528971016863178
2024-12-26,0.8531304996928657
2024-12-27,0.8532806631204906
2024-12-30,0.8533772166442561
2024-12-31,0.8534392753865736
2025-01-01,0.712681380418914
2025-01-02,0.6973182897169795
2025-01-03,0.6910836777944672
2025-01-06,0.6894134243735189
2025-01-07,0.6896713913699171
2025-01-08,0.6905269000154262
2025-01-09,0.6914092984889476
2025-01-10,0.6921286861798128
2025-01-13,0.692658272570686
2025-01-14,0.6930275882253858
2025-01-15,0.6932771937925102
2025-01-16,0.6934427275330748
2025-01-17,0.6935512264783594
2025-01-20,0.6936218201518496
2025-01-21,0.6936675374104708
2025-01-22,0.6936970566296118
2025-01-23,0.6937160808044569
2025-01-24,0.6937283263918053
2025-01-27,0.6937362025710512
2025-01-28,0.6937412658855269
2025-01-29,0.6937445198678134
2025-01-30,0.6937466106376464
2025-01-31,0.6937479538354374
2025-02-03,0.7421512201313718
2025-02-04,0.755600291781092
2025-02-05,0.764375676428318
2025-02-06,0.7700663980662754
2025-02-07,0.7737434457493901
2025-02-10,0.7761141224106033
2025-02-11,0.7776404476788261
2025-02-12,0.7786222955257516
2025-02-13,0.7792535453643009
2025-02-14,0.779659245570976
2025-02-17,0.77991992768073
2025-02-18,0.7800874044130388
2025-02-19,0.7801949908429252
2025-02-20,0.7802640998574101
2025-02-21,0.7803084908989304
2025-02-24,0.7803370040577036
2025-02-25,0.7803553182807826
2025-02-26,0.7803670815295394
2025-02-27,0.7803746370301583
2025-02-28,0.7803794898861156
2025-03-03,0.7826389238286955
2025-03-04,0.7874173882838419
2025-03-05,0.7904169212042823
2025-03-06,0.7923156108224285
2025-03-07,0.7935238341143136
2025-03-10,0.7942952637184588
2025-03-11,0.7947888620269822
2025-03-12,0.7951051221626593
2025-03-13,0.7953079349130521
2025-03-14,0.7954380685792424
2025-03-17,0.795521598169312
2025-03-18,0.7955752261357707
2025-03-19,0.7956096616595527
2025-03-20,0.7956317754605854
2025-03-21,0.7956459773670899
2025-03-24,0.7956550984614623
2025-03-25,0.7956609565805817
2025-03-26,0.7956647190803314
2025-03-27,0.7956671356497629
2025-03-28,0.7956686877686229
2025-03-31,0.7956696846707851
2025-04-01,0.6764133412958472
2025-04-02,0.6819908081057751
2025-04-03,0.7022738980446526
2025-04-04,0.7297074038582466
2025-04-07,0.7581984163857821
2025-04-08,0.7837038029418569
2025-04-09,0.8043350042731677
2025-04-10,0.8198575327689779
2025-04-11,0.8309512128539944
2025-04-14,0.8386014450091961
2025-04-15,0.843750434911157
2025-04-16,0.8471601479978762
2025-04-17,0.8493940366801277
2025-04-18,0.8508473649693499
2025-04-21,0.8517885815317215
2025-04-22,0.8523963474685946
2025-04-23,0.8527880511047334
2025-04-24,0.8530401941128057
2025-04-25,0.8532023728490401
2025-04-28,0.8533066335693706
2025-04-29,0.853373638381848
2025-04-30,0.8534166910741994
2025-05-01,0.8173952927845742
2025-05-02,0.8169131974280224
2025-05-05,0.8226673251220735
2025-05-06,0.8301915796347696
2025-05-07,0.8371816252555931
2025-05-08,0.8427811321698888
2025-05-09,0.846910704682018
2025-05-12,0.849806736567267
2025-05-13,0.8517744191953105
2025-05-14,0.8530846540028325
2025-05-15,0.8539459165108221
2025-05-16,0.85450738339635
2025-05-19,0.8548714683366203
2025-05-20,0.8551067551997946
2025-05-21,0.8552584741146323
2025-05-22,0.8553561685229203
2025-05-23,0.8554190187060955
2025-05-26,0.8554594288943755
2025-05-27,0.8554854013498003
2025-05-28,0.855502090375011
2025-05-29,0.8555128125285285
2025-05-30,0.8555197004802614
2025-06-02,0.8555241250451215
2025-06-03,0.7716326503253701
2025-06-04,0.7998825701988942
2025-06-05,0.8184835032273169
2025-06-06,0.8306109227247174
2025-06-09,0.8384734674199276
2025-06-10,0.8435535487909269
2025-06-11,0.8468288080239252
2025-06-12,0.8489375761434814
2025-06-13,0.850294121163427
2025-06-16,0.8511662844688912
2025-06-17,0.8517268242376073
2025-06-18,0.8520870009493331
2025-06-19,0.8523183997047075
2025-06-20,0.8524670498862145
2025-06-23,0.8525625367359482
2025-06-24,0.852623871231232
2025-06-25,0.852663267507871
2025-06-26,0.8526885720564441
2025-06-27,0.8527048252061291
2025-06-30,0.8527152645595861
2025-07-01,0.862386835366058
2025-07-02,0.8593199079770747
2025-07-03,0.8573399513632861
2025-07-04,0.8560652842055485
2025-07-07,0.855245720893427
2025-07-08,0.8547190748608432
2025-07-09,0.8543807421717642
2025-07-10,0.8541634123566998
2025-07-11,0.8540238166761571
2025-07-14,0.8539341535188629
2025-07-15,0.8538765630109921
2025-07-16,0.8538395729402222
2025-07-17,0.8538158144950372
2025-07-18,0.8538005546511995
2025-07-21,0.853790753395694
2025-07-22,0.8537844581445232
2025-07-23,0.8537804147674031
2025-07-24,0.8537778177471682
2025-07-25,0.8537761497075811
2025-07-28,0.8537750783428815
2025-07-29,0.8537743902163775
2025-07-30,0.8537739482398323
2025-07-31,0.8537736643628706
2025-08-01,0.8199083286090563
2025-08-04,0.8305124193091982
2025-08-05,0.837495870003048
2025-08-06,0.8420455245772773
2025-08-07,0.84499262649097
2025-08-08,0.8468954044004802
2025-08-11,0.848121519006996
2025-08-12,0.8489106566023399
2025-08-13,0.8494181720375416
2025-08-14,0.8497444147403077
2025-08-15,0.849954068315149
2025-08-18,0.850088772417494
2025-08-19,0.8501753103224872
2025-08-20,0.8502309004923132
2025-08-21,0.8502666086854214
2025-08-22,0.8502895450084886
2025-08-25,0.850304277315686
2025-08-26,0.8503137399484861
2025-08-27,0.8503198177920607
2025-08-28,0.8503237215661721
2025-08-29,0.8503262289355582
2025-09-01,0.8503278393994089
2025-09-02,0.8476471667540822
2025-09-03,0.846819882899087
2025-09-04,0.8478431548948272
2025-09-05,0.8493012745289432
2025-09-08,0.8506224689665923
2025-09-09,0.8516468008631668
2025-09-10,0.8523822866482936
2025-09-11,0.8528881296791793
2025-09-12,0.8532272293115267
2025-09-15,0.8534509986607259
2025-09-16,0.8535972157554382
2025-09-17,0.8536921656885997
2025-09-18,0.8537535806633645
2025-09-19,0.8537932046685066
2025-09-22,0.8538187282583777
2025-09-23,0.8538351521581022
2025-09-24,0.8538457135949354
2025-09-25,0.8538525022708103
2025-09-26,0.8538568647023436
2025-09-29,0.8538596675280076
2025-09-30,0.8538614681174118
2025-10-01,0.7970530892158514
2025-10-02,0.815184667435974
2025-10-03,0.8264557047354525
2025-10-06,0.8335481168340284
2025-10-07,0.8380448258026911
2025-10-08,0.8409092955383377
2025-10-09,0.8427394546414209
2025-10-10,0.8439109943173492
2025-10-13,0.8446618400825813
2025-10-14,0.8451434336372807
2025-10-15,0.8454524816579477
2025-10-16,0.8456508669014156
2025-10-17,0.8457782410712547
2025-10-20,0.8458600329601593
2025-10-21,0.8459125591162517
2025-10-22,0.8459462928525501
2025-10-23,0.8459679583330978
2025-10-24,0.845981873290314
2025-10-27,0.8459908104935465
2025-10-28,0.8459965506718206
2025-10-29,0.8460002374897317
2025-10-30,0.8460026054785208
2025-10-31,0.8460041264065089
