date,FRA_public_finance_f1__FRA_public_finance_f2
1999-02-01,0.08170621040731055
1999-02-02,-0.15466836863783381
1999-02-03,-0.29881802761582527
1999-02-04,-0.4029812511324764
1999-02-05,-0.4779238903651085
1999-02-08,-0.5316697497190204
1999-02-09,-0.5701232988540548
1999-02-10,-0.5975885506547954
1999-02-11,-0.6171812107674868
1999-02-12,-0.631145439966859
1999-02-15,-0.6410917899680808
1999-02-16,-0.6481730833877901
1999-02-17,-0.6532129628414407
1999-02-18,-0.6567991004449429
1999-02-19,-0.6593504029573738
1999-02-22,-0.6611652742721533
1999-02-23,-0.6624561764132387
1999-02-24,-0.663374329091777
1999-02-25,-0.664027336430147
1999-02-26,-0.664491753429782
1999-03-01,-0.6648220384139242
1999-03-02,-0.4847464581494668
1999-03-03,-0.24342033551007053
1999-03-04,-0.04842304599341661
1999-03-05,0.10474319117099856
1999-03-08,0.22225613748528844
1999-03-09,0.3107269307168833
1999-03-10,0.3763567625449864
1999-03-11,0.42449696041963003
1999-03-12,0.45951131348740226
1999-03-15,0.4848202194788097
1999-03-16,0.5030305617735077
1999-03-17,0.5160899918665931
1999-03-18,0.5254331200563769
1999-03-19,0.5321060178392679
1999-03-22,0.5368659659280878
1999-03-23,0.5402583724047796
1999-03-24,0.542674616504381
1999-03-25,0.5443948176937332
1999-03-26,0.5456190930476711
1999-03-29,0.5464902176687407
1999-03-30,0.5471099600911962
1999-03-31,0.5475508114391792
1999-04-01,0.3268288858367815
1999-04-02,0.35444446801776075
1999-04-05,0.3879008692801552
1999-04-06,0.4254476898879043
1999-04-07,0.4651605824642293
1999-04-08,0.504978854754204
1999-04-09,0.542915279510789
1999-04-12,0.5773340269470851
1999-04-13,0.607169429742447
1999-04-14,0.6319952733777211
1999-04-15,0.6519380979914183
1999-04-16,0.6674983091748912
1999-04-19,0.679359385119306
1999-04-20,0.6882384079062018
1999-04-21,0.694794223415282
1999-04-22,0.6995851824702998
1999-04-23,0.703059957847203
1999-04-26,0.7055662336061661
1999-04-27,0.7073667226087827
1999-04-28,0.7086564491161552
1999-04-29,0.7095783920861887
1999-04-30,0.7102364521425436
1999-05-03,0.699393428824383
1999-05-04,0.702699957682775
1999-05-05,0.7050141237899268
1999-05-06,0.7066413755001066
1999-05-07,0.7077893888063961
1999-05-10,0.7086011883914632
1999-05-11,0.7091761839251196
1999-05-12,0.7095839260002474
1999-05-13,0.7098733036060721
1999-05-14,0.7100787973420839
1999-05-17,0.7102247838799645
1999-05-18,0.7103285260408818
1999-05-19,0.7104022636261313
1999-05-20,0.7104546824546761
1999-05-21,0.7104919500833704
1999-05-24,0.7105184478302378
1999-05-25,0.7105372890671791
1999-05-26,0.7105506866492581
1999-05-27,0.710560213628318
1999-05-28,0.7105669883641248
1999-05-31,0.7105718060165933
1999-06-01,0.051793139794004045
1999-06-02,-0.08938669578899272
1999-06-03,-0.2092288870770853
1999-06-04,-0.30956920537902977
1999-06-07,-0.3918900131414248
1999-06-08,-0.45788202243330023
1999-06-09,-0.5095814521349773
1999-06-10,-0.5492463354509267
1999-06-11,-0.5791411720381692
1999-06-14,-0.6013490721344994
1999-06-15,-0.617660719656693
1999-06-16,-0.6295384144957782
1999-06-17,-0.6381316195721172
1999-06-18,-0.6443189574591761
1999-06-21,-0.6487584950868716
1999-06-22,-0.6519359092092508
1999-06-23,-0.6542058709271776
1999-06-24,-0.6558254232965317
1999-06-25,-0.6569798451890324
1999-06-28,-0.6578021698580236
1999-06-29,-0.658387653225842
1999-06-30,-0.6588043670038273
1999-07-01,-0.6779779580732771
1999-07-02,-0.6731707603706931
1999-07-05,-0.6696923916092004
1999-07-06,-0.6671878473011987
1999-07-07,-0.6653908585704991
1999-07-08,-0.6641048067070132
1999-07-09,-0.6631860905522022
1999-07-12,-0.6625306407374512
1999-07-13,-0.6620634497174972
1999-07-14,-0.6617306659097903
1999-07-15,-0.6614937331110389
1999-07-16,-0.6613251001651255
1999-07-19,-0.6612051071617264
1999-07-20,-0.6611197390656226
1999-07-21,-0.6610590119373622
1999-07-22,-0.6610158170318217
1999-07-23,-0.6609850945896146
1999-07-26,-0.6609632441569975
1999-07-27,-0.6609477041611083
1999-07-28,-0.6609366523819661
1999-07-29,-0.6609287926688363
1999-07-30,-0.6609232031251266
1999-08-02,-0.660919228075281
1999-08-03,-0.5917582374189402
1999-08-04,-0.602004699222171
1999-08-05,-0.6092166340818583
1999-08-06,-0.6143081434771599
1999-08-09,-0.617910331199262
1999-08-10,-0.6204626697633107
1999-08-11,-0.6222730556558451
1999-08-12,-0.6235581363499388
1999-08-13,-0.624470821579302
1999-08-16,-0.6251192705873817
1999-08-17,-0.6255801074556238
1999-08-18,-0.6259076754150887
1999-08-19,-0.6261405459064446
1999-08-20,-0.626306111209347
1999-08-23,-0.626423832205318
1999-08-24,-0.6265075387981363
1999-08-25,-0.6265670611976542
1999-08-26,-0.6266093876512976
1999-08-27,-0.6266394865726763
1999-08-30,-0.6266608905945479
1999-08-31,-0.6266761116119306
1999-09-01,-0.44862016096749
1999-09-02,-0.2549345563612007
1999-09-03,-0.10034472690496654
1999-09-06,0.020627510980843526
1999-09-07,0.11351230935377221
1999-09-08,0.18363476342846735
1999-09-09,0.23582523871074762
1999-09-10,0.27422712801614096
1999-09-13,0.3022325297662049
1999-09-14,0.32251820971437634
1999-09-15,0.33713807179062966
1999-09-16,0.34763548107078374
1999-09-17,0.3551524699937162
1999-09-20,0.36052468896521994
1999-09-21,0.36435866967771036
1999-09-22,0.367092086426991
1999-09-23,0.3690394482531443
1999-09-24,0.3704260837885356
1999-09-27,0.3714130843017812
1999-09-28,0.37211544134494046
1999-09-29,0.3726151500927757
1999-09-30,0.37297063232494426
1999-10-01,0.4432513868144834
1999-10-04,0.4617099456572272
1999-10-05,0.48651206848558926
1999-10-06,0.5153128995021421
1999-10-07,0.5457594699318435
1999-10-08,0.5756776698220262
1999-10-11,0.6033158001037827
1999-10-12,0.6275221690837316
1999-10-13,0.647779728086959
1999-10-14,0.6641023707862597
1999-10-15,0.6768574877853741
1999-10-18,0.686587293438035
1999-10-19,0.6938730409517464
1999-10-20,0.6992529646596919
1999-10-21,0.7031845970252637
1999-10-22,0.7060360301320192
1999-10-25,0.7080926196990072
1999-10-26,0.709570001222828
1999-10-27,0.7106282455619826
1999-10-28,0.7113846977211216
1999-10-29,0.7119246242092924
1999-11-01,0.7123095960931769
1999-11-02,0.6627473489627717
1999-11-03,0.6742160832963144
1999-11-04,0.6826217301003368
1999-11-05,0.688730340772788
1999-11-08,0.6931424981855796
1999-11-09,0.6963152805768488
1999-11-10,0.6985895938951729
1999-11-11,0.7002161597176716
1999-11-12,0.7013775703272649
1999-11-15,0.7022058840641927
1999-11-16,0.7027961444669164
1999-11-17,0.7032165182747436
1999-11-18,0.7035157755681858
1999-11-19,0.7037287481126173
1999-11-22,0.7038802820176783
1999-11-23,0.7039880848233059
1999-11-24,0.7040647685825303
1999-11-25,0.7041193121262951
1999-11-26,0.7041581056802662
1999-11-29,0.7041856961376803
1999-11-30,0.7042053182710982
1999-12-01,0.5845365533961897
1999-12-02,0.5481850294007642
1999-12-03,0.5200943497406205
1999-12-06,0.4987768248080712
1999-12-07,0.482841737730057
1999-12-08,0.4710747380669114
1999-12-09,0.46246878831295823
1999-12-10,0.45622110973252145
1999-12-13,0.45171071265254487
1999-12-14,0.4484679871542884
1999-12-15,0.44614373460156986
1999-12-16,0.4444814938320092
1999-12-17,0.44329460943113197
1999-12-20,0.44244811942946716
1999-12-21,0.4418448993477006
1999-12-22,0.4414152911773058
1999-12-23,0.4411094573352732
1999-12-24,0.440891802923932
1999-12-27,0.44073693695902283
1999-12-28,0.44062676325591715
1999-12-29,0.4405483927710093
1999-12-30,0.4404926493778239
1999-12-31,0.44045300238287877
2000-01-03,-0.5489048047827928
2000-01-04,-0.5272341583519043
2000-01-05,-0.5134542660242442
2000-01-06,-0.5078618803908614
2000-01-07,-0.5100400205154365
2000-01-10,-0.5189260189878078
2000-01-11,-0.5329385871377167
2000-01-12,-0.5501830882393134
2000-01-13,-0.5687262642364697
2000-01-14,-0.5868818085712699
2000-01-17,-0.6034203319188471
2000-01-18,-0.6176435929326534
2000-01-19,-0.6293264063634487
2000-01-20,-0.6385812040970658
2000-01-21,-0.6457098924054205
2000-01-24,-0.6510850735450793
2000-01-25,-0.6550739059595458
2000-01-26,-0.6579992492200093
2000-01-27,-0.6601262174412116
2000-01-28,-0.661663044176316
2000-01-31,-0.6627684585180456
2000-02-01,-0.7171490095336619
2000-02-02,-0.7038756350042985
2000-02-03,-0.6938240161280571
2000-02-04,-0.686340461125942
2000-02-07,-0.6808389756874071
2000-02-08,-0.6768320298225085
2000-02-09,-0.673933274502428
2000-02-10,-0.671846426414394
2000-02-11,-0.6703493362496574
2000-02-14,-0.669278026538341
2000-02-15,-0.6685127767490114
2000-02-16,-0.6679668484228403
2000-02-17,-0.6675777388755774
2000-02-18,-0.667300581804515
2000-02-21,-0.6671032581561346
2000-02-22,-0.6669628186403598
2000-02-23,-0.6668628882077624
2000-02-24,-0.6667917940639347
2000-02-25,-0.6667412211008525
2000-02-28,-0.666705248954882
2000-02-29,-0.6666796637885011
2000-03-01,-0.5954287112785009
2000-03-02,-0.6164264425788206
2000-03-03,-0.6303892343172441
2000-03-06,-0.6398700825319147
2000-03-07,-0.6463988902540363
2000-03-08,-0.650938378842901
2000-03-09,-0.6541158411744723
2000-03-10,-0.6563503350089968
2000-03-13,-0.6579268560199508
2000-03-14,-0.6590417212463079
2000-03-15,-0.6598314046008081
2000-03-16,-0.6603914004494407
2000-03-17,-0.6607888407614404
2000-03-20,-0.6610710759128007
2000-03-21,-0.6612715827857125
2000-03-22,-0.6614140695598199
2000-03-23,-0.6615153464080379
2000-03-24,-0.6615873426790251
2000-03-27,-0.6616385291827848
2000-03-28,-0.6616749234832175
2000-03-29,-0.6617008017004308
2000-03-30,-0.6617192031372411
2000-03-31,-0.6617322883497132
2000-04-03,-0.2785476605863082
2000-04-04,-0.008536724685711662
2000-04-05,0.18992487457413337
2000-04-06,0.335486080824613
2000-04-07,0.44173167925609547
2000-04-10,0.5188697498619093
2000-04-11,0.5746060653618609
2000-04-12,0.6147186336613764
2000-04-13,0.6434969507730395
2000-04-14,0.664094584095474
2000-04-17,0.6788109098100628
2000-04-18,0.6893115501192656
2000-04-19,0.696797045641419
2000-04-20,0.7021295084312134
2000-04-21,0.7059263381348282
2000-04-24,0.7086288087837886
2000-04-25,0.710551861205861
2000-04-26,0.7119200401678107
2000-04-27,0.7128933224373409
2000-04-28,0.7135856233340565
2000-05-01,0.7140780285178742
2000-05-02,0.4113499140357534
2000-05-03,0.1621142433424581
2000-05-04,-0.03450483813481005
2000-05-05,-0.18602931136975917
2000-05-08,-0.3005687090494721
2000-05-09,-0.38582710772333606
2000-05-10,-0.44853612451102665
2000-05-11,-0.4942434645376543
2000-05-12,-0.5273341731231225
2000-05-15,-0.5511719046845267
2000-05-16,-0.5682818209146521
2000-05-17,-0.5805305149144347
2000-05-18,-0.5892825626821703
2000-05-19,-0.595527665280742
2000-05-22,-0.5999795829418209
2000-05-23,-0.6031509966343724
2000-05-24,-0.6054090975397277
2000-05-25,-0.6070163359342334
2000-05-26,-0.6081600248429768
2000-05-29,-0.608973712386539
2000-05-30,-0.6095525436946703
2000-05-31,-0.6099642684014351
2000-06-01,-0.6706279515388716
2000-06-02,-0.6623997682440664
2000-06-05,-0.6581284278656487
2000-06-06,-0.6564242921984969
2000-06-07,-0.6561996765606284
2000-06-08,-0.6567043845044371
2000-06-09,-0.6574792154933758
2000-06-12,-0.6582765548304796
2000-06-13,-0.6589834683972944
2000-06-14,-0.6595631726595272
2000-06-15,-0.6600168191020386
2000-06-16,-0.6603613056938027
2000-06-19,-0.6606177064335892
2000-06-20,-0.6608059530098339
2000-06-21,-0.6609428605768422
2000-06-22,-0.661041775458388
2000-06-23,-0.6611129105569932
2000-06-26,-0.6611639009541243
2000-06-27,-0.661200367188462
2000-06-28,-0.6612264037773019
2000-06-29,-0.6612449721726591
2000-06-30,-0.6612582036347712
2000-07-03,-0.39240872286453793
2000-07-04,-0.05537932635809736
2000-07-05,0.1744898836789197
2000-07-06,0.3332658799338589
2000-07-07,0.44389407268554887
2000-07-10,0.5214421385580046
2000-07-11,0.5760320095226551
2000-07-12,0.614574861491473
2000-07-13,0.6418449189938912
2000-07-14,0.6611678048770795
2000-07-17,0.6748739032290834
2000-07-18,0.684603144779417
2000-07-19,0.6915130733729562
2000-07-20,0.6964225031671203
2000-07-21,0.6999115298313127
2000-07-24,0.7023915760257368
2000-07-25,0.7041546628951754
2000-07-26,0.7054081769538691
2000-07-27,0.706299457141386
2000-07-28,0.7069332105426628
2000-07-31,0.7073838625301777
2000-08-01,0.645707776077468
2000-08-02,0.6542260285604404
2000-08-03,0.6603989178804818
2000-08-04,0.6648485671474276
2000-08-07,0.6680437582693753
2000-08-08,0.6703318179087109
2000-08-09,0.6719670372350306
2000-08-10,0.6731340286682863
2000-08-11,0.6739660192872542
2000-08-14,0.674558746104763
2000-08-15,0.6749807985714837
2000-08-16,0.6752812114419855
2000-08-17,0.6754949864171889
2000-08-18,0.6756470811665879
2000-08-21,0.675755277852693
2000-08-22,0.6758322392072511
2000-08-23,0.675886978891097
2000-08-24,0.6759259112863427
2000-08-25,0.6759536001548658
2000-08-28,0.6759732921083573
2000-08-29,0.6759872965220344
2000-08-30,0.6759972559811489
2000-08-31,0.6760043387456316
2000-09-01,0.46266556678457815
2000-09-04,0.4693753417703689
2000-09-05,0.4856338555798292
2000-09-06,0.5085837938721686
2000-09-07,0.5355557801543822
2000-09-08,0.5640383594519025
2000-09-11,0.591839084676739
2000-09-12,0.6172897937975226
2000-09-13,0.6393689404781111
2000-09-14,0.657681886145335
2000-09-15,0.6723232189227367
2000-09-18,0.6836911512457573
2000-09-19,0.6923186092773357
2000-09-20,0.6987535150625508
2000-09-21,0.7034910650961463
2000-09-22,0.7069456264623475
2000-09-25,0.7094470132887845
2000-09-26,0.7112490127984918
2000-09-27,0.7125424065988242
2000-09-28,0.7134682951556852
2000-09-29,0.714129847171208
2000-10-02,0.7146018896686139
2000-10-03,0.5995477908596244
2000-10-04,0.6272300507628497
2000-10-05,0.6483440218872123
2000-10-06,0.664172724755398
2000-10-09,0.6758787785437421
2000-10-10,0.6844460937814179
2000-10-11,0.6906673354537223
2000-10-12,0.695158859533022
2000-10-13,0.6983878777521626
2000-10-16,0.7007021384396619
2000-10-17,0.702357111650223
2000-10-18,0.7035387313037579
2000-10-19,0.7043814230821804
2000-10-20,0.7049819126445966
2000-10-23,0.7054095633994084
2000-10-24,0.7057139970674725
2000-10-25,0.7059306515243243
2000-10-26,0.706084804203416
2000-10-27,0.7061944695452328
2000-10-30,0.7062724779448606
2000-10-31,0.7063279635547302
2000-11-01,0.6787210810730855
2000-11-02,0.6830889001380073
2000-11-03,0.6862046001449489
2000-11-06,0.6884252120188539
2000-11-07,0.6900068906446519
2000-11-08,0.6911329674600584
2000-11-09,0.6919344187261793
2000-11-10,0.6925046952172202
2000-11-13,0.6929104109086635
2000-11-14,0.6931990178320026
2000-11-15,0.6934043018041326
2000-11-16,0.6935503099998712
2000-11-17,0.6936541538633385
2000-11-20,0.6937280073850363
2000-11-21,0.6937805307045367
2000-11-22,0.6938178837850181
2000-11-23,0.6938444479345254
2000-11-24,0.6938633392420784
2000-11-27,0.693876773872078
2000-11-28,0.6938863279259777
2000-11-29,0.6938931222842593
2000-11-30,0.6938979540774177
2000-12-01,0.571556097177021
2000-12-04,0.5821892901301318
2000-12-05,0.5982485329532586
2000-12-06,0.6166526976028639
2000-12-07,0.6350847090734729
2000-12-08,0.6519979105956083
2000-12-11,0.6665591578118998
2000-12-12,0.678503722275345
2000-12-13,0.6879463788998064
2000-12-14,0.6952047340128205
2000-12-15,0.70066786994144
2000-12-18,0.7047161021476408
2000-12-19,0.7076816815594408
2000-12-20,0.7098360844277815
2000-12-21,0.7113917610836882
2000-12-22,0.7125102224364881
2000-12-25,0.7133118368505351
2000-12-26,0.7138850795125212
2000-12-27,0.714294356449485
2000-12-28,0.7145862339800888
2000-12-29,0.7147942184506483
2001-01-01,0.7149423370444961
2001-01-02,0.37762028858046914
2001-01-03,0.2779392072228911
2001-01-04,0.18057799784227596
2001-01-05,0.09067019575743346
2001-01-08,0.011845123642539954
2001-01-09,-0.0541791186136501
2001-01-10,-0.10739894538558219
2001-01-11,-0.1489859343993024
2001-01-12,-0.18070114920011857
2001-01-15,-0.2044416969141875
2001-01-16,-0.22196621269221706
2001-01-17,-0.23476928167650357
2001-01-18,-0.24405251562785057
2001-01-19,-0.2507467622253014
2001-01-22,-0.25555498452318354
2001-01-23,-0.2589987341699745
2001-01-24,-0.2614601962112693
2001-01-25,-0.26321699342779814
2001-01-26,-0.2644695524227543
2001-01-29,-0.26536193786370155
2001-01-30,-0.2659973816498859
2001-01-31,-0.2664496938226266
2001-02-01,0.27870581697336133
2001-02-02,0.3008197784432628
2001-02-05,0.3293360956833618
2001-02-06,0.36327130503059313
2001-02-07,0.40140066924956225
2001-02-08,0.44215653931758714
2001-02-09,0.4836716221636102
2001-02-12,0.5239712314632401
2001-02-13,0.5612634840892464
2001-02-14,0.5942192311317089
2001-02-15,0.6221300864381927
2001-02-16,0.6448972994533636
2001-02-19,0.6628883378082516
2001-02-20,0.6767423004168207
2001-02-21,0.6871951949176376
2001-02-22,0.6949593346723122
2001-02-23,0.7006586649728532
2001-02-26,0.7048058360408883
2001-02-27,0.7078042527939443
2001-02-28,0.7099620219526761
2001-03-01,0.5039591518969534
2001-03-02,0.38950291415851035
2001-03-05,0.28817528353008176
2001-03-06,0.20180319996692198
2001-03-07,0.1306836265390008
2001-03-08,0.07388948080115773
2001-03-09,0.02970571531388873
2001-03-12,-0.003935118473364511
2001-03-13,-0.02911231692037581
2001-03-14,-0.04770550701252744
2001-03-15,-0.06129802995515811
2001-03-16,-0.07115994590709668
2001-03-19,-0.07827539057803419
2001-03-20,-0.08338839993286898
2001-03-21,-0.08705169200822094
2001-03-22,-0.08967074514046114
2001-03-23,-0.09154037206756498
2001-03-26,-0.09287356041261907
2001-03-27,-0.09382348529874404
2001-03-28,-0.09449995017076948
2001-03-29,-0.09498148629193448
2001-03-30,-0.09532416703483634
2001-04-02,-0.09556798353734017
2001-04-03,0.30186986411715777
2001-04-04,0.4103101572365487
2001-04-05,0.4888291284220058
2001-04-06,0.5454257370463576
2001-04-09,0.5860763748969142
2001-04-10,0.6151953609541055
2001-04-11,0.6360122537768442
2001-04-12,0.6508722068668014
2001-04-13,0.6614685225433773
2001-04-16,0.6690186979474385
2001-04-17,0.6743954258983623
2001-04-18,0.6782228469135387
2001-04-19,0.6809466192017051
2001-04-20,0.6828845894104916
2001-04-23,0.6842632598112794
2001-04-24,0.6852439435034281
2001-04-25,0.6859414777137341
2001-04-26,0.6864375892567153
2001-04-27,0.6867904285704907
2001-04-30,0.687041364640189
2001-05-01,0.24138470880712917
2001-05-02,0.2593832104760417
2001-05-03,0.2840733449796605
2001-05-04,0.3146530810560806
2001-05-07,0.3502719386829334
2001-05-08,0.3898122002695915
2001-05-09,0.4317921209652364
2001-05-10,0.47440755352750985
2001-05-11,0.5157208598794369
2001-05-14,0.5539513733899528
2001-05-15,0.5877621054489441
2001-05-16,0.6164291659072204
2001-05-17,0.6398414345258197
2001-05-18,0.6583630984619078
2001-05-21,0.6726395408929242
2001-05-22,0.6834197363684853
2001-05-23,0.6914319616221959
2001-05-24,0.6973161873478623
2001-05-25,0.7015994156146026
2001-05-28,0.7046970103604548
2001-05-29,0.7069265760115079
2001-05-30,0.7085258706613222
2001-05-31,0.7096702406082527
2001-06-01,0.4133516240024443
2001-06-04,0.12539127957751384
2001-06-05,-0.08587121591898647
2001-06-06,-0.23967960547342737
2001-06-07,-0.350981298624834
2001-06-08,-0.4311496487277825
2001-06-11,-0.48869215686679834
2001-06-12,-0.5298882091179292
2001-06-13,-0.559325986409009
2001-06-14,-0.5803328864158257
2001-06-15,-0.5953087491918787
2001-06-18,-0.605977537308145
2001-06-19,-0.6135741285903016
2001-06-20,-0.6189812425815886
2001-06-21,-0.6228289347556979
2001-06-22,-0.6255664420912519
2001-06-25,-0.6275138341649296
2001-06-26,-0.6288990294819216
2001-06-27,-0.6298842644369168
2001-06-28,-0.6305849902255092
2001-06-29,-0.6310833486449154
2001-07-02,-0.6314377742742902
2001-07-03,-0.6231024542209513
2001-07-04,-0.6245346252195796
2001-07-05,-0.6255508041955617
2001-07-06,-0.626272292926245
2001-07-09,-0.6267847892701731
2001-07-10,-0.6271489519955008
2001-07-11,-0.627407774612611
2001-07-12,-0.6275917592185108
2001-07-13,-0.6277225605961689
2001-07-16,-0.6278155599256545
2001-07-17,-0.6278816860988143
2001-07-18,-0.6279287064104774
2001-07-19,-0.6279621421398367
2001-07-20,-0.6279859185056915
2001-07-23,-0.6280028262945414
2001-07-24,-0.628014849849635
2001-07-25,-0.6280234001692973
2001-07-26,-0.6280294805980385
2001-07-27,-0.6280338046186944
2001-07-30,-0.6280368796003505
2001-07-31,-0.6280390663454448
2001-08-01,0.041347165270945986
2001-08-02,0.1646456195012142
2001-08-03,0.2719558170210392
2001-08-06,0.36435770420414065
2001-08-07,0.4423512758616871
2001-08-08,0.5065704207619068
2001-08-09,0.5580898503363113
2001-08-10,0.598417138774119
2001-08-13,0.6293094204733247
2001-08-14,0.6525530620280584
2001-08-15,0.6697930316549128
2001-08-16,0.6824390754994153
2001-08-17,0.6916379063034972
2001-08-20,0.6982876409688888
2001-08-21,0.7030727178512838
2001-08-22,0.7065045623996988
2001-08-23,0.708959955322839
2001-08-24,0.7107136833933185
2001-08-27,0.711964703025983
2001-08-28,0.7128563236786192
2001-08-29,0.7134913921146857
2001-08-30,0.7139435231932127
2001-08-31,0.7142653098982976
2001-09-03,0.5984153878879275
2001-09-04,0.6229016756149768
2001-09-05,0.6440295588544057
2001-09-06,0.6613603705993074
2001-09-07,0.6750561606903237
2001-09-10,0.6855809858742947
2001-09-11,0.6935016072599178
2001-09-12,0.6993705782827538
2001-09-13,0.703669960040552
2001-09-14,0.7067933922820164
2001-09-17,0.7090488550859428
2001-09-18,0.7106704708507536
2001-09-19,0.7118327260497308
2001-09-20,0.7126638803177032
2001-09-21,0.7132573053827768
2001-09-24,0.7136805128999416
2001-09-25,0.7139820818573812
2001-09-26,0.7141968488337961
2001-09-27,0.714349735156871
2001-09-28,0.7144585383962077
2001-10-01,0.7145359531907041
2001-10-02,0.3844666586346842
2001-10-03,0.11360957029596255
2001-10-04,-0.08978372929455053
2001-10-05,-0.2408825536749174
2001-10-08,-0.3520382259383639
2001-10-09,-0.43313965804563115
2001-10-10,-0.491925518714273
2001-10-11,-0.5343207795994903
2001-10-12,-0.5647790348293261
2001-10-15,-0.5865995869106708
2001-10-16,-0.6021997218899899
2001-10-17,-0.6133359749214163
2001-10-18,-0.6212770525319508
2001-10-19,-0.6269352982112246
2001-10-22,-0.6309647134568279
2001-10-23,-0.6338330437115659
2001-10-24,-0.6358742773988106
2001-10-25,-0.6373266170747321
2001-10-26,-0.6383598087730775
2001-10-29,-0.6390947437499902
2001-10-30,-0.6396174829982633
2001-10-31,-0.6399892738161267
2001-11-01,-0.6872290207035673
2001-11-02,-0.6614103810986249
2001-11-05,-0.6446001637780091
2001-11-06,-0.6355663544065484
2001-11-07,-0.6325869404923339
2001-11-08,-0.6337770242585572
2001-11-09,-0.6373942596722906
2001-11-12,-0.642052177191607
2001-11-13,-0.6468031533722489
2001-11-14,-0.6511054568449315
2001-11-15,-0.6547247725051513
2001-11-16,-0.6576226900208267
2001-11-19,-0.6598646229433991
2001-11-20,-0.6615574861328865
2001-11-21,-0.6628138976411629
2001-11-22,-0.6637349967958881
2001-11-23,-0.6644043839268824
2001-11-26,-0.6648878180846636
2001-11-27,-0.6652354068439433
2001-11-28,-0.665484532480836
2001-11-29,-0.6656626848871463
2001-11-30,-0.6657898792488199
2001-12-03,-0.4667797457103231
2001-12-04,-0.09226175598252266
2001-12-05,0.1565721931100893
2001-12-06,0.3254621717013922
2001-12-07,0.4417397888154528
2001-12-10,0.5225781735037316
2001-12-11,0.5791580275949028
2001-12-12,0.6189452202933674
2001-12-13,0.6470159271543388
2001-12-14,0.6668663292480448
2001-12-17,0.6809266627150361
2001-12-18,0.6908973385825513
2001-12-19,0.6979736964504492
2001-12-20,0.7029988306613926
2001-12-21,0.7065688035815414
2001-12-24,0.7091057399964562
2001-12-25,0.7109089435914071
2001-12-26,0.7121908144654214
2001-12-27,0.7131021735448544
2001-12-28,0.7137501620161257
2001-12-31,0.7142109149906339
2002-01-01,0.4522732477326797
2002-01-02,0.4985901601679035
2002-01-03,0.5396193460035327
2002-01-04,0.5745967815149147
2002-01-07,0.6033623424808185
2002-01-08,0.6262796939849952
2002-01-09,0.6440563676633834
2002-01-10,0.6575508205719169
2002-01-11,0.6676228117288121
2002-01-14,0.6750438823347011
2002-01-15,0.6804590908295074
2002-01-16,0.6843824616762955
2002-01-17,0.6872101681022722
2002-01-18,0.689240482495873
2002-01-21,0.6906942836432147
2002-01-22,0.6917332315904342
2002-01-23,0.6924746640540573
2002-01-24,0.6930032464085081
2002-01-25,0.6933798131738933
2002-01-28,0.6936479454172106
2002-01-29,0.6938387978636658
2002-01-30,0.6939746084584331
2002-01-31,0.6940712334122431
2002-02-01,0.6652633594954958
2002-02-04,0.6730778119944298
2002-02-05,0.680981907106516
2002-02-06,0.688066323469626
2002-02-07,0.693975457404747
2002-02-08,0.6986763260456582
2002-02-11,0.7022959337542725
2002-02-12,0.7050197633164121
2002-02-13,0.7070364078993897
2002-02-14,0.7085122734765539
2002-02-15,0.7095834927056828
2002-02-18,0.7103564479059037
2002-02-19,0.7109118524984352
2002-02-20,0.7113097468575644
2002-02-21,0.7115941947968454
2002-02-22,0.711797234338327
2002-02-25,0.7119420084162368
2002-02-26,0.7120451581875348
2002-02-27,0.7121186111029304
2002-02-28,0.7121708966242027
2002-03-01,0.6809990655205018
2002-03-04,0.6852863233942694
2002-03-05,0.6906557319120316
2002-03-06,0.6959300665178001
2002-03-07,0.7005524297495189
2002-03-08,0.7043408923240044
2002-03-11,0.7073142056678825
2002-03-12,0.7095802626165342
2002-03-13,0.7112725218994869
2002-03-14,0.7125183799586046
2002-03-15,0.7134264090473664
2002-03-18,0.7140835175489089
2002-03-19,0.7145566472396507
2002-03-20,0.7148960892003455
2002-03-21,0.7151389985365015
2002-03-22,0.7153125133033882
2002-03-25,0.7154362987682715
2002-03-26,0.7155245265658607
2002-03-27,0.7155873698187467
2002-03-28,0.7156321113618193
2002-03-29,0.7156639548322399
2002-04-01,0.7156866131798552
2002-04-02,-0.05727960854765686
2002-04-03,-0.1858160821300293
2002-04-04,-0.29444584655515427
2002-04-05,-0.3834606658247909
2002-04-08,-0.45435826187614603
2002-04-09,-0.5094366737499583
2002-04-10,-0.551341627554601
2002-04-11,-0.5826916877071584
2002-04-12,-0.605838791300171
2002-04-15,-0.6227586158669148
2002-04-16,-0.6350339028651146
2002-04-17,-0.6438903256914674
2002-04-18,-0.650254248557401
2002-04-19,-0.6548137274759954
2002-04-22,-0.6580734841094409
2002-04-23,-0.6604004718374341
2002-04-24,-0.6620597895420653
2002-04-25,-0.6632420865429365
2002-04-26,-0.6640840283894032
2002-04-29,-0.6646833575303415
2002-04-30,-0.665109864373846
2002-05-01,-0.5731964678227618
2002-05-02,-0.5915994451769457
2002-05-03,-0.6042572331733431
2002-05-06,-0.6130514337323589
2002-05-07,-0.6192038768903358
2002-05-08,-0.6235289739040033
2002-05-09,-0.6265797694762918
2002-05-10,-0.6287368384725954
2002-05-13,-0.6302645613495764
2002-05-14,-0.6313478426622512
2002-05-15,-0.6321166253334118
2002-05-16,-0.6326625406374186
2002-05-17,-0.6330503613859693
2002-05-20,-0.6333259539835472
2002-05-21,-0.6335218370709562
2002-05-22,-0.6336610861534373
2002-05-23,-0.6337600860324066
2002-05-24,-0.6338304759311186
2002-05-27,-0.6338805265822169
2002-05-28,-0.6339161164180169
2002-05-29,-0.6339414242082839
2002-05-30,-0.633959420830273
2002-05-31,-0.6339722185862529
2002-06-03,-0.6796426419693377
2002-06-04,-0.6730958646873533
2002-06-05,-0.6685447698323091
2002-06-06,-0.6653881324775667
2002-06-07,-0.6631959181425329
2002-06-10,-0.661668761696455
2002-06-11,-0.6606009532231105
2002-06-12,-0.6598516385689804
2002-06-13,-0.6593241721681338
2002-06-14,-0.6589519216988331
2002-06-17,-0.658688686406192
2002-06-18,-0.6585022574947511
2002-06-19,-0.6583700747946133
2002-06-20,-0.6582762758712661
2002-06-21,-0.6582096742846861
2002-06-24,-0.6581623633167879
2002-06-25,-0.6581287449812618
2002-06-26,-0.658104850978128
2002-06-27,-0.6580878657268785
2002-06-28,-0.6580757902225769
2002-07-01,-0.6580672045481385
2002-07-02,-0.44861644279706664
2002-07-03,-0.11409114642861959
2002-07-04,0.11928469911872075
2002-07-05,0.2830573312211921
2002-07-08,0.3984474032665468
2002-07-09,0.4799734770008146
2002-07-10,0.5376846927508302
2002-07-11,0.5785927667245369
2002-07-12,0.6076175774503001
2002-07-15,0.628224833188023
2002-07-16,0.6428626497678538
2002-07-17,0.6532637173650517
2002-07-18,0.6606560704733203
2002-07-19,0.6659109251332027
2002-07-22,0.6696467861468756
2002-07-23,0.6723029670667019
2002-07-24,0.6741916142951184
2002-07-25,0.6755345731197862
2002-07-26,0.6764895389081067
2002-07-29,0.6771686211277671
2002-07-30,0.6776515282502477
2002-07-31,0.6779949356349065
2002-08-01,0.45508813336379283
2002-08-02,0.4609984698280648
2002-08-05,0.4767227873722951
2002-08-06,0.49946323697453177
2002-08-07,0.5265975727219536
2002-08-08,0.5556158579022975
2002-08-09,0.5842665248520797
2002-08-12,0.6107722476560946
2002-08-13,0.6339829844931266
2002-08-14,0.6533901340953915
2002-08-15,0.6690101374410351
2002-08-16,0.6812029102270014
2002-08-19,0.6904949395804788
2002-08-20,0.6974475014126137
2002-08-21,0.7025782936637271
2002-08-22,0.706326139993088
2002-08-23,0.709043351410833
2002-08-26,0.7110026409117701
2002-08-27,0.7124098677160622
2002-08-28,0.7134177269237507
2002-08-29,0.714138094217856
2002-08-30,0.7146522295711975
2002-09-02,0.7150187942446153
2002-09-03,0.4950897485862418
2002-09-04,0.5331711994676407
2002-09-05,0.5644058133772161
2002-09-06,0.5892204592497678
2002-09-09,0.6084201429274363
2002-09-10,0.6229641204161231
2002-09-11,0.6338013385733144
2002-09-12,0.6417760091646069
2002-09-13,0.647589596355983
2002-09-16,0.6517986099971576
2002-09-17,0.6548306178266547
2002-09-18,0.6570068050153532
2002-09-19,0.6585646363897029
2002-09-20,0.6596777124815711
2002-09-23,0.6604719351017683
2002-09-24,0.6610380963584579
2002-09-25,0.661441406059564
2002-09-26,0.6617285659388529
2002-09-27,0.6619329546041801
2002-09-30,0.6620783938415414
2002-10-01,-0.5263881986591825
2002-10-02,-0.5115156719912015
2002-10-03,-0.5031829880693436
2002-10-04,-0.5018826521196469
2002-10-07,-0.5073735661906993
2002-10-08,-0.5187265433872338
2002-10-09,-0.5344614151524598
2002-10-10,-0.5527779728090818
2002-10-11,-0.5718529822112263
2002-10-14,-0.5901309374235364
2002-10-15,-0.6065207767234211
2002-10-16,-0.620449005596311
2002-10-17,-0.631785642946578
2002-10-18,-0.6407041412226506
2002-10-21,-0.6475380148914011
2002-10-22,-0.6526709150968306
2002-10-23,-0.6564690686775738
2002-10-24,-0.6592487562282682
2002-10-25,-0.6612667601261123
2002-10-28,-0.6627232622991519
2002-10-29,-0.6637700778848941
2002-10-30,-0.6645201694592229
2002-10-31,-0.6650564800203672
2002-11-01,-0.5274754924341605
2002-11-04,-0.13565781804393878
2002-11-05,0.12405887702877254
2002-11-06,0.30001304776275817
2002-11-07,0.4209889145059833
2002-11-08,0.5050096238176643
2002-11-11,0.5637743185220124
2002-11-12,0.6050764117167311
2002-11-13,0.6342050545552074
2002-11-14,0.6547980968284648
2002-11-15,0.6693816804219879
2002-11-18,0.6797220097662828
2002-11-19,0.6870600084786449
2002-11-20,0.6922705835148188
2002-11-21,0.6959721168292583
2002-11-22,0.6986024526737149
2002-11-25,0.7004719964062538
2002-11-26,0.7018010040905609
2002-11-27,0.702745863721121
2002-11-28,0.7034176655431499
2002-11-29,0.7038953480007435
2002-12-02,0.7042350160034279
2002-12-03,0.40080021119580767
2002-12-04,0.4320737121934329
2002-12-05,0.4675891892328117
2002-12-06,0.5047746056605665
2002-12-09,0.5412988653916826
2002-12-10,0.575221730328239
2002-12-11,0.6051841407200954
2002-12-12,0.6304964237234773
2002-12-13,0.6510781029846715
2002-12-16,0.6672905924744642
2002-12-17,0.6797400342683075
2002-12-18,0.6891114981086925
2002-12-19,0.6960596770680765
2002-12-20,0.7011529188254093
2002-12-23,0.7048551835165098
2002-12-24,0.7075298629697402
2002-12-25,0.7094535727757546
2002-12-26,0.710832718775617
2002-12-27,0.7118191732037006
2002-12-30,0.7125235816948553
2002-12-31,0.7130259913210999
2003-01-01,0.449673481881405
2003-01-02,0.4965626006973056
2003-01-03,0.5381367897263749
2003-01-06,0.573617404647752
2003-01-07,0.6028286622899232
2003-01-08,0.6261242569189793
2003-01-09,0.644209650634095
2003-01-10,0.6579479066675059
2003-01-13,0.6682073969784577
2003-01-14,0.6757697273207781
2003-01-15,0.6812897126965112
2003-01-16,0.6852899035163339
2003-01-17,0.6881734546581851
2003-01-20,0.6902441147033398
2003-01-21,0.6917269336322602
2003-01-22,0.692786684799972
2003-01-23,0.6935429968944407
2003-01-24,0.6940822043951704
2003-01-27,0.6944663493300332
2003-01-28,0.6947398819932165
2003-01-29,0.6949345806211172
2003-01-30,0.69507312929592
2003-01-31,0.6951717028833129
2003-02-03,0.5336132106234094
2003-02-04,0.5583392401421263
2003-02-05,0.5845062061252766
2003-02-06,0.6096314332361317
2003-02-07,0.6321351785683431
2003-02-10,0.6512319605515682
2003-02-11,0.6667597656709822
2003-02-12,0.6789682640734889
2003-02-13,0.6883203650529106
2003-02-14,0.6953438269634531
2003-02-17,0.7005407446863663
2003-02-18,0.704344144650435
2003-02-19,0.7071054051807586
2003-02-20,0.7090984047376017
2003-02-21,0.7105308431783286
2003-02-24,0.711557270249916
2003-02-25,0.7122911694935885
2003-02-26,0.7128150952896175
2003-02-27,0.7131887075715351
2003-02-28,0.7134549202616853
2003-03-03,0.2661561996229335
2003-03-04,0.03522150690047227
2003-03-05,-0.14262494993530017
2003-03-06,-0.27810924541788024
2003-03-07,-0.3800361180859283
2003-03-10,-0.4558033007151009
2003-03-11,-0.5115423643699483
2003-03-12,-0.5522013795786903
2003-03-13,-0.5816640092379446
2003-03-14,-0.6029058297357831
2003-03-17,-0.6181630030832324
2003-03-18,-0.6290912604668245
2003-03-19,-0.6369030266404924
2003-03-20,-0.6424788864071136
2003-03-21,-0.646454615077056
2003-03-24,-0.6492872672836081
2003-03-25,-0.6513044014334275
2003-03-26,-0.6527402493782242
2003-03-27,-0.6537620410763016
2003-03-28,-0.6544890352612739
2003-03-31,-0.6550062116743465
2003-04-01,-0.2668557689979304
2003-04-02,0.011922072663206629
2003-04-03,0.2116663187400213
2003-04-04,0.3547999864457485
2003-04-07,0.45726271138405106
2003-04-08,0.5305157918639041
2003-04-09,0.5828223536890078
2003-04-10,0.6201339309079286
2003-04-11,0.6467278416946868
2003-04-14,0.6656711320495894
2003-04-15,0.6791586199568527
2003-04-16,0.6887584101726424
2003-04-17,0.6955894534715739
2003-04-18,0.7004494531329066
2003-04-21,0.7039067027721078
2003-04-22,0.7063658585751202
2003-04-23,0.7081149532825475
2003-04-24,0.7093589539151663
2003-04-25,0.710243689737131
2003-04-28,0.7108729009571317
2003-04-29,0.7113203793472813
2003-04-30,0.7116386103766043
2003-05-01,0.7063866379405942
2003-05-02,0.7079923639254775
2003-05-05,0.7093930710275234
2003-05-06,0.7105249259787811
2003-05-07,0.7114004116274953
2003-05-08,0.7120594369856298
2003-05-09,0.7125468001148345
2003-05-12,0.7129029465741303
2003-05-13,0.7131610913798044
2003-05-14,0.7133471480527498
2003-05-15,0.713480719687299
2003-05-16,0.7135763466847589
2003-05-19,0.7136446747450376
2003-05-20,0.7136934296816999
2003-05-21,0.7137281844152421
2003-05-22,0.7137529420215074
2003-05-23,0.7137705694917454
2003-05-26,0.7137831159124081
2003-05-27,0.7137920436639035
2003-05-28,0.7137983953332108
2003-05-29,0.713802913677492
2003-05-30,0.7138061275757802
2003-06-02,0.7138084134770668
2003-06-03,-0.4506421834203248
2003-06-04,-0.4816301732382859
2003-06-05,-0.5126426339001984
2003-06-06,-0.541984794213916
2003-06-09,-0.5683054886825994
2003-06-10,-0.5908071560182773
2003-06-11,-0.6092634512649888
2003-06-12,-0.6238921901109883
2003-06-13,-0.6351745274363756
2003-06-16,-0.6436933189255227
2003-06-17,-0.6500227341293752
2003-06-18,-0.6546692924918552
2003-06-19,-0.6580503795129907
2003-06-20,-0.6604948130333753
2003-06-23,-0.6622538295553326
2003-06-24,-0.6635153629468915
2003-06-25,-0.6644179257765668
2003-06-26,-0.6650625465512684
2003-06-27,-0.6655223729620505
2003-06-30,-0.665850090860616
2003-07-01,-0.6266095671612694
2003-07-02,-0.6386064878473594
2003-07-03,-0.6467909016466306
2003-07-04,-0.6524455056879801
2003-07-07,-0.6563862478853342
2003-07-08,-0.6591491034185153
2003-07-09,-0.6610942673376274
2003-07-10,-0.6624677722411556
2003-07-11,-0.6634396313465118
2003-07-14,-0.6641283020876225
2003-07-15,-0.6646168077694021
2003-07-16,-0.66496358161881
2003-07-17,-0.6652098729917396
2003-07-18,-0.6653848627429961
2003-07-21,-0.6655092254227292
2003-07-22,-0.6655976246692672
2003-07-23,-0.6656604687891098
2003-07-24,-0.6657051496644362
2003-07-25,-0.6657369189759005
2003-07-28,-0.6657595088924223
2003-07-29,-0.6657755722439544
2003-07-30,-0.6657869949279889
2003-07-31,-0.6657951177624747
2003-08-01,-0.4892281310516387
2003-08-04,-0.5240353036224024
2003-08-05,-0.5547022876117899
2003-08-06,-0.5805049575421075
2003-08-07,-0.6014028498703802
2003-08-08,-0.6178097147848531
2003-08-11,-0.6303752141872522
2003-08-12,-0.6398149694261368
2003-08-13,-0.6468032236226304
2003-08-14,-0.6519201475522766
2003-08-15,-0.6556366114795003
2003-08-18,-0.658319973281685
2003-08-19,-0.6602491118746253
2003-08-20,-0.6616317303480058
2003-08-21,-0.6626204538040905
2003-08-22,-0.6633263730563007
2003-08-25,-0.6638298044950484
2003-08-26,-0.6641885383809846
2003-08-27,-0.6644440158491141
2003-08-28,-0.6646258826192616
2003-08-29,-0.6647553100464347
2003-09-01,-0.6648473991660315
2003-09-02,-0.6722783662456666
2003-09-03,-0.6703083975786084
2003-09-04,-0.6688953640086965
2003-09-05,-0.6678842985347281
2003-09-08,-0.6671621250053992
2003-09-09,-0.6666469473667118
2003-09-10,-0.6662797648964476
2003-09-11,-0.666018230781408
2003-09-12,-0.6658320322446342
2003-09-15,-0.6656995118219853
2003-09-16,-0.6656052168099852
2003-09-17,-0.6655381321839168
2003-09-18,-0.6654904115368794
2003-09-19,-0.6654564682896182
2003-09-22,-0.6654323262109005
2003-09-23,-0.6654151559224424
2003-09-24,-0.6654029444657458
2003-09-25,-0.6653942599006093
2003-09-26,-0.6653880836902356
2003-09-29,-0.66538369139635
2003-09-30,-0.6653805677823312
2003-10-01,-0.4238713292404801
2003-10-02,-0.09674741972057116
2003-10-03,0.13524703179009934
2003-10-06,0.3004908191301242
2003-10-07,0.41834695811463396
2003-10-08,0.5024106705927174
2003-10-09,0.5623471516559224
2003-10-10,0.6050592972991221
2003-10-13,0.6354823572022313
2003-10-14,0.657143451784239
2003-10-15,0.6725612072996734
2003-10-16,0.6835325065106741
2003-10-17,0.691338312700684
2003-10-20,0.6968912257440456
2003-10-21,0.7008410964039924
2003-10-22,0.7036505069574455
2003-10-23,0.7056486483962969
2003-10-24,0.7070697396694251
2003-10-27,0.7080804036825522
2003-10-28,0.7087991635830946
2003-10-29,0.7093103217717622
2003-10-30,0.7096738371994582
2003-10-31,0.7099323532744464
2003-11-03,0.3190179524773293
2003-11-04,0.3585005199543459
2003-11-05,0.3984312876317945
2003-11-06,0.4370988372349016
2003-11-07,0.47290343610522234
2003-11-10,0.5046221173113628
2003-11-11,0.53157448945542
2003-11-12,0.5536369788336539
2003-11-13,0.5711281108689054
2003-11-14,0.5846350191540245
2003-11-17,0.5948494433795299
2003-11-18,0.6024501144057025
2003-11-19,0.6080371167059742
2003-11-20,0.6121067311823872
2003-11-21,0.615051305230597
2003-11-24,0.6171714998687564
2003-11-25,0.6186927413067418
2003-11-26,0.6197814668543731
2003-11-27,0.6205592310594288
2003-11-28,0.6211141270839622
2003-12-01,0.6215096494462429
2003-12-02,0.6474233415544192
2003-12-03,0.6604270951909454
2003-12-04,0.6704624052132712
2003-12-05,0.678041026846742
2003-12-08,0.6836719525156592
2003-12-09,0.6878055165904379
2003-12-10,0.6908131212954663
2003-12-11,0.6929874035819859
2003-12-12,0.6945519395879783
2003-12-15,0.6956739507776082
2003-12-16,0.6964766685613165
2003-12-17,0.6970499661484026
2003-12-18,0.6974589090667084
2003-12-19,0.6977503589199049
2003-12-22,0.6979579425589703
2003-12-23,0.6981057270124038
2003-12-24,0.6982109053991054
2003-12-25,0.6982857440813501
2003-12-26,0.698338986274228
2003-12-29,0.69837685982827
2003-12-30,0.6984037987898342
2003-12-31,0.6984229590104378
2004-01-01,0.690660526785319
2004-01-02,0.6947464530457639
2004-01-05,0.6982624559554944
2004-01-06,0.7010973218135499
2004-01-07,0.7032930461600907
2004-01-08,0.7049495908796346
2004-01-09,0.7061773189397511
2004-01-12,0.7070761452185222
2004-01-13,0.7077285811462858
2004-01-14,0.7081993368365549
2004-01-15,0.7085375712273847
2004-01-16,0.7087798652055048
2004-01-19,0.7089530655679503
2004-01-20,0.7090766897938445
2004-01-21,0.7091648344729403
2004-01-22,0.7092276345753968
2004-01-23,0.7092723535050042
2004-01-26,0.7093041849772673
2004-01-27,0.7093268368577335
2004-01-28,0.709342953258576
2004-01-29,0.7093544182128485
2004-01-30,0.7093625734062455
2004-02-02,0.7093683739152385
2004-02-03,0.6136506286550816
2004-02-04,0.6312982740539348
2004-02-05,0.6482278410404942
2004-02-06,0.6631254922895293
2004-02-09,0.6754933488788524
2004-02-10,0.6853401150452904
2004-02-11,0.6929426031983806
2004-02-12,0.6986811661040115
2004-02-13,0.70294161422439
2004-02-16,0.7060667036585694
2004-02-17,0.7083390134550275
2004-02-18,0.7099808484709127
2004-02-19,0.7111617666652067
2004-02-20,0.7120084031895119
2004-02-23,0.712613972096285
2004-02-24,0.7130463948217085
2004-02-25,0.7133548121494739
2004-02-26,0.713574599276182
2004-02-27,0.7137311317722193
2004-03-01,0.713842566563621
2004-03-02,0.4697216953506197
2004-03-03,0.31237775513489596
2004-03-04,0.17329020992460364
2004-03-05,0.05560639264326769
2004-03-08,-0.0402564705535529
2004-03-09,-0.1159041944179879
2004-03-10,-0.17408731680436837
2004-03-11,-0.2179452251949996
2004-03-12,-0.2504981925960541
2004-03-15,-0.2743811174972037
2004-03-16,-0.29175291297679007
2004-03-17,-0.30430918996085504
2004-03-18,-0.3133432853900718
2004-03-19,-0.31982170450368574
2004-03-22,-0.3244563668765681
2004-03-23,-0.32776634336505117
2004-03-24,-0.33012736949277766
2004-03-25,-0.33181003405111026
2004-03-26,-0.33300849500141816
2004-03-29,-0.33386170811179583
2004-03-30,-0.33446893906799885
2004-03-31,-0.3349010075417923
2004-04-01,-0.5963087850050999
2004-04-02,-0.5860081377050363
2004-04-05,-0.5829127153214158
2004-04-06,-0.5857482102812062
2004-04-07,-0.5928196362280506
2004-04-08,-0.6023280183759043
2004-04-09,-0.6126699053106435
2004-04-12,-0.6226407736021733
2004-04-13,-0.6315011638324919
2004-04-14,-0.6389233629579487
2004-04-15,-0.6448747513000425
2004-04-16,-0.6494941896009068
2004-04-19,-0.6529946164446512
2004-04-20,-0.6556006932016778
2004-04-21,-0.657516113066755
2004-04-22,-0.658910842440469
2004-04-23,-0.6599196177138305
2004-04-26,-0.6606457233657632
2004-04-27,-0.6611665596673266
2004-04-28,-0.6615392321753744
2004-04-29,-0.6618054185294175
2004-04-30,-0.6619953062016232
2004-05-03,-0.38110197718822536
2004-05-04,-0.4221896104203166
2004-05-05,-0.4624720784866629
2004-05-06,-0.5001018709790589
2004-05-07,-0.5336712777430976
2004-05-10,-0.5623612487052182
2004-05-11,-0.5859579546990412
2004-05-12,-0.6047374450479783
2004-05-13,-0.6192833253377785
2004-05-14,-0.6303092630823641
2004-05-17,-0.638528355437584
2004-05-18,-0.6445779279643156
2004-05-19,-0.6489887698151748
2004-05-20,-0.6521825033341184
2004-05-21,-0.6544832825536308
2004-05-24,-0.6561347044563756
2004-05-25,-0.6573169117853448
2004-05-26,-0.658161618136334
2004-05-27,-0.6587643559311762
2004-05-28,-0.6591940209114536
2004-05-31,-0.6595000981347336
2004-06-01,-0.7262145924421046
2004-06-02,-0.7097883112759182
2004-06-03,-0.6974904101429515
2004-06-04,-0.6884705072334469
2004-06-07,-0.6819454271142248
2004-06-08,-0.6772654187515383
2004-06-09,-0.6739252457641325
2004-06-10,-0.6715474900407119
2004-06-11,-0.6698568978786539
2004-06-14,-0.6686554416645092
2004-06-15,-0.6678016831482019
2004-06-16,-0.667194960565463
2004-06-17,-0.6667637424681597
2004-06-18,-0.6664572233084916
2004-06-21,-0.6662393191327993
2004-06-22,-0.6660843975973769
2004-06-23,-0.6659742467853262
2004-06-24,-0.6658959243903695
2004-06-25,-0.665840231373779
2004-06-28,-0.6658006284178373
2004-06-29,-0.6657724664357872
2004-06-30,-0.6657524399318102
2004-07-01,-0.6266371151096499
2004-07-02,-0.637774514440809
2004-07-05,-0.6454205922783812
2004-07-06,-0.6507262461556806
2004-07-07,-0.6544349865476102
2004-07-08,-0.6570406909052633
2004-07-09,-0.6588779455944862
2004-07-12,-0.6601766174287662
2004-07-13,-0.6610962092241289
2004-07-14,-0.6617481857109816
2004-07-15,-0.6622108351005287
2004-07-16,-0.6625393414358277
2004-07-19,-0.6627727024509436
2004-07-20,-0.6629385273572306
2004-07-21,-0.6630563879077858
2004-07-22,-0.6631401709789078
2004-07-23,-0.6631997362609856
2004-07-26,-0.6632420873951761
2004-07-27,-0.6632722009281984
2004-07-28,-0.663293613854719
2004-07-29,-0.6633088404530515
2004-07-30,-0.663319668214521
2004-08-02,-0.6633273680387963
2004-08-03,-0.6004988131311065
2004-08-04,-0.6141443349976397
2004-08-05,-0.6234768339815312
2004-08-06,-0.6299349715782494
2004-08-09,-0.6344404394297317
2004-08-10,-0.6376014587599557
2004-08-11,-0.63982802175675
2004-08-12,-0.6414007510872708
2004-08-13,-0.6425138355058495
2004-08-16,-0.6433027087580143
2004-08-17,-0.6438623568794755
2004-08-18,-0.6442596645478186
2004-08-19,-0.6445418630422045
2004-08-20,-0.6447423729037094
2004-08-23,-0.6448848764588939
2004-08-24,-0.6449861726386419
2004-08-25,-0.6450581863933388
2004-08-26,-0.6451093872182243
2004-08-27,-0.6451457926570456
2004-08-30,-0.6451716792774902
2004-08-31,-0.6451900869340026
2004-09-01,-0.1397064875349579
2004-09-02,0.009622087538745782
2004-09-03,0.13898752107039303
2004-09-06,0.25120304563385953
2004-09-07,0.34741420312723514
2004-09-08,0.4282573231348984
2004-09-09,0.49453863496679945
2004-09-10,0.5475113369040163
2004-09-13,0.5888441200255923
2004-09-14,0.6204250447520708
2004-09-15,0.6441388170760161
2004-09-16,0.6617003092744889
2004-09-17,0.6745672664142743
2004-09-20,0.683918767486759
2004-09-21,0.6906746258598746
2004-09-22,0.695533854978041
2004-09-23,0.6990177362811247
2004-09-24,0.7015097715267158
2004-09-27,0.7032893696862297
2004-09-28,0.7045586901439435
2004-09-29,0.7054632759464005
2004-09-30,0.7061075393021807
2004-10-01,0.6901792583437255
2004-10-04,0.693593040861215
2004-10-05,0.6960275805329411
2004-10-06,0.6977623180393425
2004-10-07,0.6989976889928734
2004-10-08,0.6998770830259724
2004-10-11,0.7005028961804947
2004-10-12,0.7009481602124492
2004-10-13,0.7012649185740797
2004-10-14,0.7014902357492503
2004-10-15,0.701650497212793
2004-10-18,0.7017644806151797
2004-10-19,0.701845546530816
2004-10-20,0.7019031997704563
2004-10-21,0.7019442014023802
2004-10-22,0.7019733604197325
2004-10-25,0.7019940971646083
2004-10-26,0.7020088442233903
2004-10-27,0.7020193316321377
2004-10-28,0.7020267897548684
2004-10-29,0.7020320935876541
2004-11-01,0.7020358653939986
2004-11-02,0.5900167471483603
2004-11-03,0.5625011652117772
2004-11-04,0.5415770754462368
2004-11-05,0.5259243914356795
2004-11-08,0.5143657529796843
2004-11-09,0.5059149992290588
2004-11-10,0.499782745646401
2004-11-11,0.49535764913034586
2004-11-12,0.49217748436362785
2004-11-15,0.4898987910268142
2004-11-16,0.4882695324362459
2004-11-17,0.4871064139410317
2004-11-18,0.4862769880857052
2004-11-19,0.4856859877939952
2004-11-22,0.48526511331177036
2004-11-23,0.48496551275446004
2004-11-24,0.4847523025294364
2004-11-25,0.48460060283726425
2004-11-26,0.484492683765811
2004-11-29,0.4844159181487798
2004-11-30,0.4843613168083794
2004-12-01,0.05699867526534667
2004-12-02,0.042760850599552445
2004-12-03,0.02655148740854333
2004-12-06,0.008727641249438279
2004-12-07,-0.01021576683477308
2004-12-08,-0.029690829724927044
2004-12-09,-0.049059306437050004
2004-12-10,-0.06767610342246821
2004-12-13,-0.08494420192473304
2004-12-14,-0.10038155036958787
2004-12-15,-0.11368174889659168
2004-12-16,-0.12474271459351147
2004-12-17,-0.13365038589686504
2004-12-20,-0.14062687971060128
2004-12-21,-0.14596604165409066
2004-12-22,-0.14997729056851136
2004-12-23,-0.15294792267298743
2004-12-24,-0.1551240428846092
2004-12-27,-0.15670523371406184
2004-12-28,-0.1578472822129327
2004-12-29,-0.1586685559514902
2004-12-30,-0.15925728812076478
2004-12-31,-0.15967836176418987
2005-01-03,0.25794541499950663
2005-01-04,0.3506678548760658
2005-01-05,0.42890424263796456
2005-01-06,0.49345537537818085
2005-01-07,0.5453992555443514
2005-01-10,0.586190053045871
2005-01-11,0.6175299747361632
2005-01-12,0.6411695699833669
2005-01-13,0.6587385654233214
2005-01-14,0.671646107197124
2005-01-17,0.6810462563808486
2005-01-18,0.6878474932187832
2005-01-19,0.6927447451829867
2005-01-20,0.6962586883524854
2005-01-21,0.698773672452563
2005-01-24,0.7005704003718423
2005-01-25,0.7018523178016789
2005-01-26,0.7027660739434749
2005-01-27,0.7034169667390869
2005-01-28,0.7038803933114394
2005-01-31,0.7042102341013249
2005-02-01,0.532009596576407
2005-02-02,0.5673011929195245
2005-02-03,0.5957978152633836
2005-02-04,0.6181644306704661
2005-02-07,0.6353099637255847
2005-02-08,0.6482069263017844
2005-02-09,0.6577665878369874
2005-02-10,0.6647739502243857
2005-02-11,0.6698679065662676
2005-02-14,0.6735483299664421
2005-02-15,0.6761956267291105
2005-02-16,0.6780936639274314
2005-02-17,0.6794513408797492
2005-02-18,0.6804208749504991
2005-02-21,0.6811124044173422
2005-02-22,0.6816052234760908
2005-02-23,0.6819562175030054
2005-02-24,0.6822060928231226
2005-02-25,0.6823839259476581
2005-02-28,0.6825104596758185
2005-03-01,0.1620561004640918
2005-03-02,0.059540514524801864
2005-03-03,-0.03897036463054723
2005-03-04,-0.13075652246793545
2005-03-07,-0.21357571127668712
2005-03-08,-0.2858623072305378
2005-03-09,-0.34688943706894404
2005-03-10,-0.3967963083771855
2005-03-11,-0.43644633618348505
2005-03-14,-0.4671704181734643
2005-03-15,-0.49049106655812624
2005-03-16,-0.5079028518597215
2005-03-17,-0.5207379144039995
2005-03-18,-0.5301081147908534
2005-03-21,-0.5368996571465637
2005-03-22,-0.5417961479325982
2005-03-23,-0.5453127520149268
2005-03-24,-0.547831285485949
2005-03-25,-0.5496313894680915
2005-03-28,-0.5509161437262852
2005-03-29,-0.5518321396027355
2005-03-30,-0.5524847382933968
2005-03-31,-0.5529494354566382
2005-04-01,-0.72633648417156
2005-04-04,-0.6937768190569364
2005-04-05,-0.6679718566267544
2005-04-06,-0.6495875673818423
2005-04-07,-0.63835565052383
2005-04-08,-0.6332480167353689
2005-04-11,-0.6327740248705604
2005-04-12,-0.6353210882818887
2005-04-13,-0.6394484269314799
2005-04-14,-0.6440645789453711
2005-04-15,-0.6484713408906686
2005-04-18,-0.6523084511427923
2005-04-19,-0.6554545433943395
2005-04-20,-0.6579295428447253
2005-04-21,-0.6598207761333268
2005-04-22,-0.6612363936804853
2005-04-25,-0.6622805280279975
2005-04-26,-0.6630426231877861
2005-04-27,-0.6635947155067601
2005-04-28,-0.6639925451963462
2005-04-29,-0.6642781278297282
2005-05-02,-0.6644825795020914
2005-05-03,-0.5495143768153334
2005-05-04,-0.15316330942933876
2005-05-05,0.10964024540838968
2005-05-06,0.2877250361471886
2005-05-09,0.41018491832284887
2005-05-10,0.49524571313328525
2005-05-11,0.5547425083224511
2005-05-12,0.5965614706220557
2005-05-13,0.6260558009315204
2005-05-16,0.6469079557013699
2005-05-17,0.6616753308002654
2005-05-18,0.6721461231881414
2005-05-19,0.6795767792894747
2005-05-20,0.6848531861962147
2005-05-23,0.6886015047122813
2005-05-24,0.6912650960466448
2005-05-25,0.6931582813782491
2005-05-26,0.6945040976816723
2005-05-27,0.6954609086593929
2005-05-30,0.6961412085994558
2005-05-31,0.6966249339324286
2005-06-01,-0.3727887556868549
2005-06-02,-0.41210223031603077
2005-06-03,-0.45160868011266
2005-06-06,-0.4894841438365054
2005-06-07,-0.5241265916977187
2005-06-08,-0.5544140519189349
2005-06-09,-0.5798222814363359
2005-06-10,-0.6003808124450891
2005-06-13,-0.6165188637828949
2005-06-14,-0.6288805032692995
2005-06-15,-0.6381694467951884
2005-06-16,-0.6450477615252685
2005-06-17,-0.6500852529296557
2005-06-20,-0.6537446418600741
2005-06-21,-0.6563871358833553
2005-06-22,-0.658287077132878
2005-06-23,-0.6596488666239
2005-06-24,-0.6606227455069497
2005-06-27,-0.6613180922078667
2005-06-28,-0.6618139971137138
2005-06-29,-0.6621673745877245
2005-06-30,-0.662419040887567
2005-07-01,-0.670460362844993
2005-07-04,-0.6685142142156132
2005-07-05,-0.6671195206352806
2005-07-06,-0.6661222221661711
2005-07-07,-0.6654102114472595
2005-07-08,-0.6649024516100535
2005-07-11,-0.6645406414482954
2005-07-12,-0.6642829772577314
2005-07-13,-0.6640995559029754
2005-07-14,-0.6639690231929294
2005-07-15,-0.663876148185792
2005-07-18,-0.6638100766571902
2005-07-19,-0.6637630781237026
2005-07-20,-0.6637296492410323
2005-07-21,-0.6637058733736221
2005-07-22,-0.6636889637286919
2005-07-25,-0.6636769377356366
2005-07-26,-0.663668385116787
2005-07-27,-0.6636623027670199
2005-07-28,-0.6636579772356095
2005-07-29,-0.6636549011064459
2005-08-01,-0.6636527135083166
2005-08-02,-0.5465846298824829
2005-08-03,-0.22913864483562293
2005-08-04,0.003916703525697631
2005-08-05,0.17415119970429563
2005-08-08,0.29781942962279045
2005-08-09,0.3872165115952552
2005-08-10,0.45157629612038297
2005-08-11,0.4977623813704821
2005-08-12,0.5308256366717952
2005-08-15,0.5544515198850406
2005-08-16,0.5713111586946215
2005-08-17,0.5833306106557745
2005-08-18,0.5918933884727234
2005-08-19,0.5979905015232269
2005-08-22,0.6023303619296823
2005-08-23,0.605418624454036
2005-08-24,0.607615836264122
2005-08-25,0.6091788833194283
2005-08-26,0.6102906947714574
2005-08-29,0.611081484476322
2005-08-30,0.6116439165300356
2005-08-31,0.6120439205105943
2005-09-01,-0.4886862575314854
2005-09-02,-0.4720934660173759
2005-09-05,-0.46376108297595475
2005-09-06,-0.46363782703883333
2005-09-07,-0.4710939871606695
2005-09-08,-0.4849637229693692
2005-09-09,-0.5036283843705244
2005-09-12,-0.525177599898305
2005-09-13,-0.5476540320217623
2005-09-14,-0.5693317804906928
2005-09-15,-0.5889392739800426
2005-09-16,-0.605753416774252
2005-09-19,-0.6195543638613675
2005-09-20,-0.6304901764256665
2005-09-21,-0.6389193224660603
2005-09-22,-0.6452797784558112
2005-09-23,-0.6500029421350954
2005-09-26,-0.6534687633272669
2005-09-27,-0.6559898094371385
2005-09-28,-0.6578119829809813
2005-09-29,-0.6591229689698797
2005-09-30,-0.6600630516220805
2005-10-03,-0.5329142197841462
2005-10-04,-0.1613023257879549
2005-10-05,0.09248546620813708
2005-10-06,0.2679404354737698
2005-10-07,0.39026630541958096
2005-10-10,0.47605174267700007
2005-10-11,0.536458890305263
2005-10-12,0.579118256783928
2005-10-13,0.6093054882025093
2005-10-14,0.6306977371958096
2005-10-17,0.6458728451036955
2005-10-18,0.656645449130398
2005-10-19,0.6642966948110862
2005-10-20,0.6697329724864614
2005-10-21,0.6735964944586262
2005-10-24,0.676342775155039
2005-10-25,0.6782951498504437
2005-10-26,0.6796832529660303
2005-10-27,0.6806702343214441
2005-10-28,0.6813720394647116
2005-10-31,0.6818710832305171
2005-11-01,-0.5095402569803071
2005-11-02,-0.5276716755642565
2005-11-03,-0.5468705870288352
2005-11-04,-0.566098398648998
2005-11-07,-0.5843107048545628
2005-11-08,-0.6006701810287469
2005-11-09,-0.6146768359713055
2005-11-10,-0.6261820047701161
2005-11-11,-0.6353130023154714
2005-11-14,-0.6423629272876368
2005-11-15,-0.6476906898009962
2005-11-16,-0.651651893332838
2005-11-17,-0.6545614047805299
2005-11-18,-0.6566793402724005
2005-11-21,-0.658210984575381
2005-11-22,-0.6593133851161976
2005-11-23,-0.660104124218272
2005-11-24,-0.6606699186569092
2005-11-25,-0.6610740467808114
2005-11-28,-0.661362338848615
2005-11-29,-0.6615678124761559
2005-11-30,-0.6617141653569815
2005-12-01,-0.5447004305760065
2005-12-02,-0.2684810855496747
2005-12-05,-0.058797263841655366
2005-12-06,0.09922442943119489
2005-12-07,0.2171443049655385
2005-12-08,0.30426879025163245
2005-12-09,0.3680748738003879
2005-12-12,0.41446454028026686
2005-12-13,0.4479986798259008
2005-12-14,0.47213368443672105
2005-12-15,0.4894470571872388
2005-12-16,0.5018368712469501
2005-12-19,0.5106876410445707
2005-12-20,0.5170021851052391
2005-12-21,0.5215031221698161
2005-12-22,0.5247092202749931
2005-12-23,0.5269919011116273
2005-12-26,0.5286165771500088
2005-12-27,0.5297726457793566
2005-12-28,0.5305951266343085
2005-12-29,0.5311802060195886
2005-12-30,0.5315963713814994
2006-01-02,0.531892370293227
2006-01-03,0.06421330855492954
2006-01-04,0.015165212000974456
2006-01-05,-0.036833288822872456
2006-01-06,-0.09003622026768196
2006-01-09,-0.14256323740014876
2006-01-10,-0.19256351748041473
2006-01-11,-0.23840450927873982
2006-01-12,-0.27886558117685
2006-01-13,-0.313277165874475
2006-01-16,-0.34154741293633095
2006-01-17,-0.3640677891875162
2006-01-18,-0.3815442121449308
2006-01-19,-0.3948195826223442
2006-01-20,-0.40473495521634806
2006-01-23,-0.4120452070630558
2006-01-24,-0.4173823238567258
2006-01-25,-0.4212507035948927
2006-01-26,-0.42403965058266047
2006-01-27,-0.4260426050613081
2006-01-30,-0.4274770629920704
2006-01-31,-0.4285023165637374
2006-02-01,0.16530877117149104
2006-02-02,0.2523151153644215
2006-02-03,0.33180780764068396
2006-02-06,0.4033645336249184
2006-02-07,0.46623668082181124
2006-02-08,0.5198742589235776
2006-02-09,0.5642349242768336
2006-02-10,0.5998487719265253
2006-02-13,0.6276927462582313
2006-02-14,0.6489807091862354
2006-02-15,0.6649648806144606
2006-02-16,0.6767983311328976
2006-02-17,0.6854650726630102
2006-02-20,0.6917616079457998
2006-02-21,0.6963090430142677
2006-02-22,0.6995790361805557
2006-02-23,0.701923056461846
2006-02-24,0.7035995092105805
2006-02-27,0.7047965646786274
2006-02-28,0.7056503151659524
2006-03-01,0.7041218751736017
2006-03-02,0.7050866045873763
2006-03-03,0.7057907661885376
2006-03-06,0.7063007163283566
2006-03-07,0.706668025487094
2006-03-08,0.7069315975462486
2006-03-09,0.707120231817483
2006-03-10,0.7072549837857607
2006-03-13,0.7073511184867146
2006-03-14,0.7074196392804906
2006-03-15,0.7074684459483199
2006-03-16,0.7075031942415086
2006-03-17,0.7075279253788548
2006-03-20,0.7075455229463478
2006-03-21,0.7075580424951335
2006-03-22,0.7075669483001247
2006-03-23,0.7075732829272416
2006-03-24,0.707577788426156
2006-03-27,0.7075809928223635
2006-03-28,0.7075832717805908
2006-03-29,0.707584892534807
2006-03-30,0.7075860451684706
2006-03-31,0.7075868648793618
2006-04-03,0.10320541198439873
2006-04-04,-0.05357225976635217
2006-04-05,-0.18465181770817113
2006-04-06,-0.2925550667096075
2006-04-07,-0.379581935455493
2006-04-10,-0.4482458611100507
2006-04-11,-0.5012945653653059
2006-04-12,-0.5415249457021527
2006-04-13,-0.5715652613494416
2006-04-14,-0.5937205001177435
2006-04-17,-0.6099044181371164
2006-04-18,-0.6216409743374818
2006-04-19,-0.6301065292993929
2006-04-20,-0.6361885839862406
2006-04-21,-0.6405456460818388
2006-04-24,-0.643660462706388
2006-04-25,-0.6458838763465049
2006-04-26,-0.6474692850555785
2006-04-27,-0.6485988943628027
2006-04-28,-0.6494033031142994
2006-05-01,-0.6499759081884041
2006-05-02,-0.7652612445971416
2006-05-03,-0.7396799051755452
2006-05-04,-0.7192232508673135
2006-05-05,-0.7036343953597067
2006-05-08,-0.6922162363295927
2006-05-09,-0.6840981975873933
2006-05-10,-0.6784394068380116
2006-05-11,-0.6745370778550517
2006-05-12,-0.671855824717881
2006-05-15,-0.6700113873353459
2006-05-16,-0.6687376519701093
2006-05-17,-0.6678536553992713
2006-05-18,-0.6672370807354029
2006-05-19,-0.6668051157710145
2006-05-22,-0.6665013700164768
2006-05-23,-0.6662871612132949
2006-05-24,-0.6661357581954268
2006-05-25,-0.6660285669699253
2006-05-26,-0.6659525831552084
2006-05-29,-0.6658986724196833
2006-05-30,-0.6658603975488009
2006-05-31,-0.6658332108088059
2006-06-01,-0.6546167532437436
2006-06-02,-0.6578298504335087
2006-06-05,-0.6600798405778335
2006-06-06,-0.6616625673756018
2006-06-07,-0.6627794685384127
2006-06-08,-0.6635694177150435
2006-06-09,-0.6641290119869063
2006-06-12,-0.6645258705798581
2006-06-13,-0.6648075431891199
2006-06-14,-0.6650075750585347
2006-06-15,-0.6651496862465505
2006-06-16,-0.665250676929249
2006-06-19,-0.6653224600662624
2006-06-20,-0.6653734901367643
2006-06-21,-0.6654097707325353
2006-06-22,-0.665435566846925
2006-06-23,-0.6654539092687141
2006-06-26,-0.6654669521954506
2006-06-27,-0.6654762270009047
2006-06-28,-0.6654828224238594
2006-06-29,-0.6654875125686063
2006-06-30,-0.6654908478611383
2006-07-03,-0.6948522776250494
2006-07-04,-0.6870632925960597
2006-07-05,-0.6812830358204476
2006-07-06,-0.6770434005483165
2006-07-07,-0.6739604293202841
2006-07-10,-0.6717325863226571
2006-07-11,-0.6701299805093796
2006-07-12,-0.6689809067879484
2006-07-13,-0.6681589492851608
2006-07-14,-0.6675719724512834
2006-07-17,-0.6671533031603937
2006-07-18,-0.6668549372510151
2006-07-19,-0.6666424357077984
2006-07-20,-0.6664911541243121
2006-07-21,-0.6663834888802254
2006-07-24,-0.6663068817377724
2006-07-25,-0.6662523819420223
2006-07-26,-0.6662136140648132
2006-07-27,-0.6661860391174852
2006-07-28,-0.6661664266227989
2006-07-31,-0.6661524779288868
2006-08-01,-0.6043476208468227
2006-08-02,-0.622317029971852
2006-08-03,-0.634282085647186
2006-08-04,-0.6424132637359923
2006-08-07,-0.6480156987784831
2006-08-08,-0.651912497344832
2006-08-09,-0.6546407776180376
2006-08-10,-0.6565597196286717
2006-08-11,-0.6579137674502467
2006-08-14,-0.6588713863186202
2006-08-15,-0.6595497282827818
2006-08-16,-0.6600307873570449
2006-08-17,-0.6603722146057929
2006-08-18,-0.6606146780849963
2006-08-21,-0.6607869326945175
2006-08-22,-0.6609093437535931
2006-08-23,-0.6609963518131377
2006-08-24,-0.6610582049294182
2006-08-25,-0.6611021802147925
2006-08-28,-0.6611334473236468
2006-08-29,-0.6611556798861047
2006-08-30,-0.6611714889983502
2006-08-31,-0.6611827308264577
2006-09-01,-0.4331948573202461
2006-09-04,-0.07874106151033614
2006-09-05,0.1604943958237835
2006-09-06,0.32463076383460304
2006-09-07,0.43848471465328215
2006-09-08,0.5180534928266565
2006-09-11,0.5739499588351221
2006-09-12,0.6133586899905823
2006-09-13,0.6412134242365582
2006-09-14,0.6609367013541483
2006-09-15,0.6749198627560232
2006-09-18,0.684842296370711
2006-09-19,0.6918876850266222
2006-09-20,0.6968924769264999
2006-09-21,0.7004488313381425
2006-09-22,0.7029765109090877
2006-09-25,0.7047733476271734
2006-09-26,0.7060507998944208
2006-09-27,0.7069590718718898
2006-09-28,0.7076048928519528
2006-09-29,0.7080641185237118
2006-10-02,0.708390670867517
2006-10-03,0.5847536633572459
2006-10-04,0.610570631542906
2006-10-05,0.6325238811063973
2006-10-06,0.6503945731258658
2006-10-09,0.6644565845360971
2006-10-10,0.6752355436960966
2006-10-11,0.6833348323221955
2006-10-12,0.6893302846308884
2006-10-13,0.6937195062088287
2006-10-16,0.6969068455410352
2006-10-17,0.6992077920086748
2006-10-18,0.7008617819494226
2006-10-19,0.7020470781932439
2006-10-20,0.7028946286397373
2006-10-23,0.7034997196612094
2006-10-24,0.7039312265302311
2006-10-25,0.7042386991967629
2006-10-26,0.7044576654324013
2006-10-27,0.7046135384836343
2006-10-30,0.7047244659478967
2006-10-31,0.704803391490434
2006-11-01,0.7084173954515715
2006-11-02,0.7082212297241459
2006-11-03,0.7085066285486177
2006-11-06,0.7089464513835847
2006-11-07,0.7093880150882315
2006-11-08,0.709770719665301
2006-11-09,0.7100789869794235
2006-11-10,0.7103169892687677
2006-11-13,0.7104959339125316
2006-11-14,0.7106281615236729
2006-11-15,0.7107247351091547
2006-11-16,0.7107947072711072
2006-11-17,0.7108451256480438
2006-11-20,0.7108813144460683
2006-11-21,0.7109072192973209
2006-11-22,0.710925727214988
2006-11-23,0.7109389324808288
2006-11-24,0.71094834533343
2006-11-27,0.7109550503651607
2006-11-28,0.7109598242444644
2006-11-29,0.7109632220119229
2006-11-30,0.7109656397567974
2006-12-01,0.3882395295015034
2006-12-04,0.14261735971552172
2006-12-05,-0.04960486902787064
2006-12-06,-0.1966079843756376
2006-12-07,-0.3069857115899811
2006-12-08,-0.3886931279151077
2006-12-11,-0.4485284757714804
2006-12-12,-0.49199557667974325
2006-12-13,-0.5233855472469254
2006-12-14,-0.5459562289926893
2006-12-15,-0.5621347706197248
2006-12-18,-0.573705341085319
2006-12-19,-0.5819669980723393
2006-12-20,-0.587859181031853
2006-12-21,-0.5920579852565827
2006-12-22,-0.59504831015105
2006-12-25,-0.5971770773245783
2006-12-26,-0.5986920598143451
2006-12-27,-0.5997699989923232
2006-12-28,-0.6005368568008074
2006-12-29,-0.6010823488520266
2007-01-01,-0.601470346029906
2007-01-02,-0.009812245257203962
2007-01-03,0.0984101344801111
2007-01-04,0.1961063038046383
2007-01-05,0.2847927695710881
2007-01-08,0.3645498805687283
2007-01-09,0.4348442717754824
2007-01-10,0.4951529066068322
2007-01-11,0.5453724613234658
2007-01-12,0.5859715101831074
2007-01-15,0.617916819362505
2007-01-16,0.6424747195577725
2007-01-17,0.66099667427165
2007-01-18,0.6747570507599736
2007-01-19,0.684862075002759
2007-01-22,0.6922182760268581
2007-01-23,0.6975388780857519
2007-01-24,0.7013689786062834
2007-01-25,0.7041166490565747
2007-01-26,0.7060829031754287
2007-01-29,0.7074874575612875
2007-01-30,0.7084894887637749
2007-01-31,0.7092036991567872
2007-02-01,0.32365404066646664
2007-02-02,0.07961410213848379
2007-02-05,-0.10765049026884477
2007-02-06,-0.24914666363933308
2007-02-07,-0.3546078514815416
2007-02-08,-0.43232078082719944
2007-02-09,-0.4890689241727658
2007-02-12,-0.5302186593645002
2007-02-13,-0.55990024245653
2007-02-14,-0.5812259892452901
2007-02-15,-0.5965042272414447
2007-02-16,-0.6074270594179118
2007-02-19,-0.6152243224581625
2007-02-20,-0.6207843649111324
2007-02-21,-0.62474601799296
2007-02-22,-0.6275672146367995
2007-02-23,-0.6295754652485022
2007-02-26,-0.6310046209038253
2007-02-27,-0.6320214631067242
2007-02-28,-0.6327448409667751
2007-03-01,-0.10721839458502347
2007-03-02,0.03186562073037807
2007-03-05,0.15342000587844346
2007-03-06,0.25989107307099824
2007-03-07,0.35211324634881647
2007-03-08,0.43039340950419086
2007-03-09,0.49518752342443856
2007-03-12,0.5474138636596653
2007-03-13,0.5884606462241123
2007-03-14,0.6200095873379194
2007-03-15,0.6438107857655471
2007-03-16,0.6615008709805631
2007-03-19,0.6744974544371665
2007-03-20,0.6839623225139643
2007-03-21,0.6908102554706452
2007-03-22,0.6957410407826923
2007-03-23,0.6992789902779931
2007-03-26,0.7018111248345273
2007-03-27,0.7036200881325625
2007-03-28,0.7049107260865001
2007-03-29,0.705830693488717
2007-03-30,0.7064860082592653
2007-04-02,0.7069525819443274
2007-04-03,0.6415002342179095
2007-04-04,0.6535590050048905
2007-04-05,0.665528879564816
2007-04-06,0.6762148996909334
2007-04-09,0.6851396229766883
2007-04-10,0.6922606107739095
2007-04-11,0.6977611984765335
2007-04-12,0.7019122615037395
2007-04-13,0.7049927133079654
2007-04-16,0.7072511854682041
2007-04-17,0.7088926751435856
2007-04-18,0.7100783158762929
2007-04-19,0.7109308852374548
2007-04-20,0.7115419980480554
2007-04-23,0.7119790416420821
2007-04-24,0.7122910911834525
2007-04-25,0.7125136374812153
2007-04-26,0.7126722216267913
2007-04-27,0.7127851608346074
2007-04-30,0.7128655594661221
2007-05-01,0.7218607096117433
2007-05-02,0.7195153563461987
2007-05-03,0.7178316632744777
2007-05-04,0.7166262252651621
2007-05-07,0.7157648595828319
2007-05-08,0.7151502055601662
2007-05-09,0.7147120319711266
2007-05-10,0.7143998866478066
2007-05-11,0.7141776322594902
2007-05-14,0.7140194385254799
2007-05-15,0.7139068696846659
2007-05-16,0.7138267814300384
2007-05-17,0.7137698091274054
2007-05-18,0.7137292844935351
2007-05-21,0.7137004610245297
2007-05-22,0.7136799610484041
2007-05-23,0.713665381428299
2007-05-24,0.713655012618142
2007-05-25,0.7136476385961483
2007-05-28,0.7136423944497535
2007-05-29,0.7136386650276638
2007-05-30,0.7136360128312853
2007-05-31,0.7136341267171383
2007-06-01,0.15157320328285026
2007-06-04,-0.04256314236227546
2007-06-05,-0.19589102477015985
2007-06-06,-0.3151473817616781
2007-06-07,-0.4063863629679521
2007-06-08,-0.47511688956309783
2007-06-11,-0.5262024202013809
2007-06-12,-0.5637589536938958
2007-06-13,-0.5911324658709436
2007-06-14,-0.6109530056882293
2007-06-15,-0.6252340134250575
2007-06-18,-0.6354863295124255
2007-06-19,-0.6428269250753095
2007-06-20,-0.6480726374330835
2007-06-21,-0.6518161129624667
2007-06-22,-0.6544848933172097
2007-06-25,-0.6563861504435203
2007-06-26,-0.6577399285493296
2007-06-27,-0.658703527085202
2007-06-28,-0.659389223927709
2007-06-29,-0.6598770757522538
2007-07-02,-0.6602241213888559
2007-07-03,-0.7406374399972682
2007-07-04,-0.7212948957080269
2007-07-05,-0.7064046727498264
2007-07-06,-0.6952422876883245
2007-07-09,-0.6870328148565177
2007-07-10,-0.6810728282729774
2007-07-11,-0.6767818592180578
2007-07-12,-0.6737083160632997
2007-07-13,-0.6715134842323323
2007-07-16,-0.6699489062442856
2007-07-17,-0.6688347252503772
2007-07-18,-0.6680417389678621
2007-07-19,-0.6674775380718112
2007-07-20,-0.6670761910803623
2007-07-23,-0.6667907226004275
2007-07-24,-0.6665876892289743
2007-07-25,-0.6664432919846184
2007-07-26,-0.6663405993826308
2007-07-27,-0.6662675675572787
2007-07-30,-0.6662156301380827
2007-07-31,-0.6661786945209189
2007-08-01,-0.5832122532803129
2007-08-02,-0.6027853302678083
2007-08-03,-0.6159722852759484
2007-08-06,-0.6250046674513313
2007-08-07,-0.6312615585728905
2007-08-08,-0.6356297499457345
2007-08-09,-0.6386959894348807
2007-08-10,-0.6408565505141419
2007-08-13,-0.6423830378466641
2007-08-14,-0.6434635842836791
2007-08-15,-0.6442294920394032
2007-08-16,-0.6447728956348846
2007-08-17,-0.645158695017739
2007-08-20,-0.645432731594671
2007-08-21,-0.6456274483218036
2007-08-22,-0.6457658377600322
2007-08-23,-0.6458642110564803
2007-08-24,-0.6459341476581651
2007-08-27,-0.6459838720546873
2007-08-28,-0.6460192279074621
2007-08-29,-0.6460443683065927
2007-08-30,-0.646062245386017
2007-08-31,-0.6460749578754832
2007-09-03,-0.2199088803071502
2007-09-04,0.03644804484313944
2007-09-05,0.22381764723636324
2007-09-06,0.3602951758896632
2007-09-07,0.45925724432732495
2007-09-10,0.530706155609429
2007-09-11,0.5821010140426488
2007-09-12,0.6189616421935425
2007-09-13,0.645338352768112
2007-09-14,0.6641808891745637
2007-09-17,0.6776243942467803
2007-09-18,0.687207084710937
2007-09-19,0.6940332059161847
2007-09-20,0.6988933905374628
2007-09-21,0.7023526443954238
2007-09-24,0.7048141757870308
2007-09-25,0.7065654416397125
2007-09-26,0.7078112303290548
2007-09-27,0.708697361296198
2007-09-28,0.7093276272174451
2007-10-01,0.7097758873060918
2007-10-02,0.45715994287381045
2007-10-03,0.2333430035004767
2007-10-04,0.051116406206877005
2007-10-05,-0.09249843057734482
2007-10-08,-0.20278594557298765
2007-10-09,-0.2857944575548834
2007-10-10,-0.34732567186490143
2007-10-11,-0.39242061289860375
2007-10-12,-0.4251940437899708
2007-10-15,-0.44886753239430255
2007-10-16,-0.4658922763751533
2007-10-17,-0.4780966076403703
2007-10-18,-0.48682538012629306
2007-10-19,-0.4930581422444443
2007-10-22,-0.4975034239632644
2007-10-23,-0.5006712043623353
2007-10-24,-0.5029272718976427
2007-10-25,-0.5045333431050613
2007-10-26,-0.5056763431565457
2007-10-29,-0.5064896122827892
2007-10-30,-0.5070681821966112
2007-10-31,-0.5074797393095974
2007-11-01,-0.1528122328121729
2007-11-02,0.08981340669050958
2007-11-05,0.25590361332772965
2007-11-06,0.3709118621583854
2007-11-07,0.4511819005082412
2007-11-08,0.5075164921151114
2007-11-09,0.5472061699748322
2007-11-12,0.575245222675866
2007-11-13,0.5950917570927745
2007-11-14,0.6091586204450999
2007-11-15,0.6191385808686165
2007-11-16,0.6262238697216294
2007-11-19,0.6312565259754922
2007-11-20,0.6348324378823365
2007-11-21,0.637373895159483
2007-11-22,0.6391804638286747
2007-11-23,0.6404648035497508
2007-11-26,0.6413779566270047
2007-11-27,0.6420272402403147
2007-11-28,0.6424889240287668
2007-11-29,0.6428172222660132
2007-11-30,0.6430506767657342
2007-12-03,0.08576944203775949
2007-12-04,0.06464060253746397
2007-12-05,0.04078973286959353
2007-12-06,0.01470966488259916
2007-12-07,-0.012970311378175484
2007-12-10,-0.04153611722322485
2007-12-11,-0.07021634703916635
2007-12-12,-0.09819857562131162
2007-12-13,-0.12466459375295708
2007-12-14,-0.1488641781445451
2007-12-17,-0.17021501100809222
2007-12-18,-0.18838789795687882
2007-12-19,-0.20333662228424598
2007-12-20,-0.21526117350010016
2007-12-21,-0.2245264521587473
2007-12-24,-0.23157184169025036
2007-12-25,-0.23683840987493723
2007-12-26,-0.2407237438004763
2007-12-27,-0.24356173641489698
2007-12-28,-0.24561946425087955
2007-12-31,-0.24710338915620703
2008-01-01,0.2404710153158423
2008-01-02,0.26959462684043084
2008-01-03,0.30384668839404105
2008-01-04,0.34253559259865524
2008-01-07,0.3846320483412772
2008-01-08,0.4287029380963015
2008-01-09,0.47297624236137115
2008-01-10,0.5155485587416974
2008-01-11,0.5546867759052824
2008-01-14,0.589115850612874
2008-01-15,0.618180676821022
2008-01-16,0.6418352279409282
2008-01-17,0.6604972703600298
2008-01-18,0.6748514497607242
2008-01-21,0.6856729245929905
2008-01-22,0.693706171462596
2008-01-23,0.6996006073949737
2008-01-24,0.7038884890890318
2008-01-25,0.7069879922672689
2008-01-28,0.7092181753513384
2008-01-29,0.7108175232443231
2008-01-30,0.7119617315766826
2008-01-31,0.7127789184066738
2008-02-01,0.2280635781500866
2008-02-04,0.005032711801686864
2008-02-05,-0.1666633106530302
2008-02-06,-0.29735925929111395
2008-02-07,-0.39559522917958406
2008-02-08,-0.4685565984947887
2008-02-11,-0.5221923293037849
2008-02-12,-0.5612939655250874
2008-02-13,-0.5896150712745409
2008-02-14,-0.6100267857537527
2008-02-15,-0.6246839390533618
2008-02-18,-0.6351804299870116
2008-02-19,-0.642682525544837
2008-02-20,-0.6480368162947122
2008-02-21,-0.6518542872645545
2008-02-22,-0.6545740434017866
2008-02-25,-0.6565107130546342
2008-02-26,-0.6578892481633678
2008-02-27,-0.658870236018203
2008-02-28,-0.6595681893937384
2008-02-29,-0.6600647017536709
2008-03-03,-0.6497142623573445
2008-03-04,-0.6525515888873028
2008-03-05,-0.6545582119735809
2008-03-06,-0.6559796390687745
2008-03-07,-0.6569876807219099
2008-03-10,-0.6577031356710514
2008-03-11,-0.6582112177424801
2008-03-12,-0.6585721794225792
2008-03-13,-0.6588286945415117
2008-03-14,-0.6590110225269528
2008-03-17,-0.6591406379150571
2008-03-18,-0.6592327898517041
2008-03-19,-0.6592983113950395
2008-03-20,-0.6593449007116359
2008-03-21,-0.6593780294278868
2008-03-24,-0.6594015872036099
2008-03-25,-0.6594183394121432
2008-03-26,-0.6594302522608521
2008-03-27,-0.6594387238187613
2008-03-28,-0.6594447482195708
2008-03-31,-0.6594490323877058
2008-04-01,-0.7035920528778842
2008-04-02,-0.6928374681579602
2008-04-03,-0.6849110635077854
2008-04-04,-0.6791321855221308
2008-04-07,-0.674950889886371
2008-04-08,-0.6719414146055716
2008-04-09,-0.6697832230679115
2008-04-10,-0.6682394067396384
2008-04-11,-0.6671369992696135
2008-04-14,-0.6663507514382376
2008-04-15,-0.6657904698995037
2008-04-16,-0.6653914515414615
2008-04-17,-0.665107400745179
2008-04-18,-0.6649052526881942
2008-04-21,-0.6647614220403066
2008-04-22,-0.6646591002040216
2008-04-23,-0.664586315666843
2008-04-24,-0.6645345457808975
2008-04-25,-0.664497725079545
2008-04-28,-0.6644715377992242
2008-04-29,-0.664452913625841
2008-04-30,-0.6644396685247839
2008-05-01,-0.42186056551527734
2008-05-02,-0.07340208963754433
2008-05-05,0.163668511480471
2008-05-06,0.3272971110073156
2008-05-07,0.44130036030692754
2008-05-08,0.5212292148886042
2008-05-09,0.577508616044057
2008-05-12,0.6172532738914229
2008-05-13,0.6453788662086276
2008-05-14,0.6653108560690275
2008-05-15,0.6794505552495754
2008-05-16,0.6894884033511323
2008-05-19,0.6966179352009245
2008-05-20,0.7016836090966065
2008-05-21,0.7052837869569626
2008-05-22,0.7078428979704063
2008-05-23,0.7096622217738163
2008-05-26,0.7109557337524914
2008-05-27,0.7118754609597417
2008-05-28,0.7125294456847429
2008-05-29,0.7129944857678778
2008-05-30,0.7133251774527112
2008-06-02,0.7135603373958105
2008-06-03,0.3951608997332251
2008-06-04,0.27414167931294087
2008-06-05,0.15964568289826495
2008-06-06,0.05701290749661288
2008-06-09,-0.030627717369341955
2008-06-10,-0.10241648519448758
2008-06-11,-0.15924225282566457
2008-06-12,-0.20301691794790586
2008-06-13,-0.23603637769946945
2008-06-16,-0.2605501449826355
2008-06-17,-0.2785351497675391
2008-06-18,-0.29161592894656224
2008-06-19,-0.30106971160427476
2008-06-20,-0.30787094056930897
2008-06-23,-0.3127477562523039
2008-06-24,-0.316236405718712
2008-06-25,-0.3187278013425498
2008-06-26,-0.3205048633081944
2008-06-27,-0.321771311863614
2008-06-30,-0.3226733093424923
2008-07-01,0.43184708256052445
2008-07-02,0.463158199237546
2008-07-03,0.4968847086339008
2008-07-04,0.5311699842500809
2008-07-07,0.5641434749126975
2008-07-08,0.5942363606649725
2008-07-09,0.6204104866990248
2008-07-10,0.6422279457058708
2008-07-11,0.6597675425035325
2008-07-14,0.6734557785300762
2008-07-15,0.6838895491198964
2008-07-16,0.6916990215309056
2008-07-17,0.6974641866449252
2008-07-18,0.7016766980041393
2008-07-21,0.7047315473242167
2008-07-22,0.7069347172249445
2008-07-23,0.7085173351361645
2008-07-24,0.7096509308492535
2008-07-25,0.7104612315466359
2008-07-28,0.7110395862598384
2008-07-29,0.7114519544405823
2008-07-30,0.7117457531004923
2008-07-31,0.7119549628660908
2008-08-01,0.5944451480465214
2008-08-04,0.5830611321539524
2008-08-05,0.5750284682946236
2008-08-06,0.5694053348237055
2008-08-07,0.5654807842521422
2008-08-08,0.5627410085874797
2008-08-11,0.5608243958174652
2008-08-12,0.5594799075306309
2008-08-13,0.5585341075800417
2008-08-14,0.5578671040711176
2008-08-15,0.5573957408806058
2008-08-18,0.5570620900134389
2008-08-19,0.5568256228137549
2008-08-20,0.5566578756775364
2008-08-21,0.5565387958381652
2008-08-22,0.5564542213478182
2008-08-25,0.5563941318755489
2008-08-26,0.5563514276272097
2008-08-27,0.5563210729682104
2008-08-28,0.556299493634749
2008-08-29,0.5562841512663025
2008-09-01,0.5562732424770648
2008-09-02,0.4465024655770893
2008-09-03,0.46121072587618495
2008-09-04,0.48348664731123275
2008-09-05,0.5107405987487903
2008-09-08,0.5404655171097157
2008-09-09,0.5703359462922581
2008-09-10,0.5984218912303085
2008-09-11,0.6233788456035778
2008-09-12,0.644513639682033
2008-09-15,0.6617068389938995
2008-09-16,0.675244146822017
2008-09-17,0.6856310904356617
2008-09-18,0.693443404890296
2008-09-19,0.6992312324812753
2008-09-22,0.7034712615205501
2008-09-23,0.7065518248175303
2008-09-24,0.7087765342257921
2008-09-25,0.7103761698959027
2008-09-26,0.7115227478618575
2008-09-29,0.7123427334579616
2008-09-30,0.7129282071964456
2008-10-01,0.6782689815326726
2008-10-02,0.6870322596200364
2008-10-03,0.6934925692177631
2008-10-06,0.6982044031091357
2008-10-07,0.701615554277391
2008-10-08,0.7040722403189443
2008-10-09,0.7058350376523334
2008-10-10,0.7070966490223928
2008-10-13,0.707997904552336
2008-10-14,0.708640891034795
2008-10-15,0.7090991932917301
2008-10-16,0.7094256422327165
2008-10-17,0.7096580628391199
2008-10-20,0.7098234832319271
2008-10-21,0.7099411897232318
2008-10-22,0.7100249307939586
2008-10-23,0.710084500369516
2008-10-24,0.7101268718320816
2008-10-27,0.7101570085574632
2008-10-28,0.7101784423949132
2008-10-29,0.7101936860980727
2008-10-30,0.7102045271533812
2008-10-31,0.7102122370028752
2008-11-03,-0.12428244435783062
2008-11-04,-0.24009659526722835
2008-11-05,-0.338341303694235
2008-11-06,-0.4184542831733287
2008-11-07,-0.4816818235545157
2008-11-10,-0.5302955631919845
2008-11-11,-0.5669209671130531
2008-11-12,-0.5940909808747059
2008-11-13,-0.6140150183257904
2008-11-14,-0.628501477421153
2008-11-17,-0.6389689848688573
2008-11-18,-0.6464984524672568
2008-11-19,-0.6518969391476754
2008-11-20,-0.6557585171180789
2008-11-21,-0.6585161132055951
2008-11-24,-0.6604829889829908
2008-11-25,-0.661884680316154
2008-11-26,-0.6628829858042603
2008-11-27,-0.6635936855642163
2008-11-28,-0.6640994808217129
2008-12-01,-0.6644593692359559
2008-12-02,-0.4289817544385729
2008-12-03,-0.4600426419400499
2008-12-04,-0.49260730956777443
2008-12-05,-0.5242395330763663
2008-12-08,-0.5531570650226963
2008-12-09,-0.5782698639355406
2008-12-10,-0.5991480355601861
2008-12-11,-0.6158870991421691
2008-12-12,-0.6289191516454583
2008-12-15,-0.6388330730087565
2008-12-16,-0.6462418935117331
2008-12-17,-0.6517047906692862
2008-12-18,-0.6556928979080324
2008-12-19,-0.6585831228679565
2008-12-22,-0.6606665720049045
2008-12-23,-0.6621626740472771
2008-12-24,-0.6632340341879871
2008-12-25,-0.6639997121048112
2008-12-26,-0.6645461474843422
2008-12-29,-0.6649357216230962
2008-12-30,-0.6652132622474466
2008-12-31,-0.6654108857479483
2009-01-01,-0.7910701002911282
2009-01-02,-0.7636929382420395
2009-01-05,-0.7405636884671152
2009-01-06,-0.7218795697272765
2009-01-07,-0.7073320988130409
2009-01-08,-0.6963244475600526
2009-01-09,-0.688167830401327
2009-01-12,-0.6822111612030233
2009-01-13,-0.6779030031336792
2009-01-14,-0.674806471758417
2009-01-15,-0.6725895108446502
2009-01-16,-0.6710061454154195
2009-01-19,-0.6698770141617214
2009-01-20,-0.669072574908933
2009-01-21,-0.6684998077230204
2009-01-22,-0.6680921533804617
2009-01-23,-0.6678020896626337
2009-01-26,-0.6675957325863173
2009-01-27,-0.6674489433670514
2009-01-28,-0.6673445353540702
2009-01-29,-0.6672702763418483
2009-01-30,-0.6672174625279036
2009-02-02,-0.6671799018007721
2009-02-03,-0.5975609344876115
2009-02-04,-0.6199554065114676
2009-02-05,-0.6344500100960453
2009-02-06,-0.6441161649434434
2009-02-09,-0.6506914350553414
2009-02-10,-0.6552247157951725
2009-02-11,-0.6583792022798294
2009-02-12,-0.6605884066837633
2009-02-13,-0.6621425674348296
2009-02-16,-0.6632393708902902
2009-02-17,-0.6640151356623544
2009-02-18,-0.6645646967714874
2009-02-19,-0.6649544474300588
2009-02-20,-0.6652310788968482
2009-02-23,-0.6654275326494085
2009-02-24,-0.6655671027409256
2009-02-25,-0.6656662880840681
2009-02-26,-0.6657367882462384
2009-02-27,-0.6657869063821256
2009-03-02,-0.6658225386859891
2009-03-03,-0.6132053267445192
2009-03-04,-0.6286276962922794
2009-03-05,-0.6389499265600949
2009-03-06,-0.6459890091089662
2009-03-09,-0.6508504686343366
2009-03-10,-0.6542374138283324
2009-03-11,-0.656611434840538
2009-03-12,-0.6582825442015778
2009-03-13,-0.6594623803867374
2009-03-16,-0.6602971242136273
2009-03-17,-0.660888592552294
2009-03-18,-0.6613081272619402
2009-03-19,-0.6616059303161494
2009-03-20,-0.6618174354670785
2009-03-23,-0.6619677069142538
2009-03-24,-0.6620745012695536
2009-03-25,-0.6621504119318042
2009-03-26,-0.6622043774075074
2009-03-27,-0.6622427455700926
2009-03-30,-0.6622700262811181
2009-03-31,-0.6622894244832233
2009-04-01,-0.7757681670926553
2009-04-02,-0.7504066208398066
2009-04-03,-0.7295692938380243
2009-04-06,-0.7131176758432994
2009-04-07,-0.7005332328631944
2009-04-08,-0.6911328306827302
2009-04-09,-0.6842285092934494
2009-04-10,-0.6792153550353343
2009-04-13,-0.6756026177143728
2009-04-14,-0.6730115678978643
2009-04-15,-0.6711588915111839
2009-04-16,-0.6698366964287509
2009-04-17,-0.6688942269344785
2009-04-20,-0.6682229479303046
2009-04-21,-0.6677450665094032
2009-04-22,-0.6674049774887945
2009-04-23,-0.6671630038875442
2009-04-24,-0.6669908656614882
2009-04-27,-0.6668684206079727
2009-04-28,-0.6667813295291922
2009-04-29,-0.6667193876889965
2009-04-30,-0.6666753343221566
2009-05-01,-0.5707718878538395
2009-05-04,-0.5078182517963092
2009-05-05,-0.462156497620797
2009-05-06,-0.428855758877128
2009-05-07,-0.4045748637636215
2009-05-08,-0.3869219205021195
2009-05-11,-0.37413685033692284
2009-05-12,-0.3649126619337619
2009-05-13,-0.35827995076522134
2009-05-14,-0.3535238134499213
2009-05-15,-0.3501207008187366
2009-05-18,-0.347689721851195
2009-05-19,-0.3459553153103833
2009-05-20,-0.3447190069519626
2009-05-21,-0.3438383316573811
2009-05-22,-0.3432112887309072
2009-05-25,-0.3427649862193144
2009-05-26,-0.3424474054318797
2009-05-27,-0.34222146059006764
2009-05-28,-0.3420607309871063
2009-05-29,-0.34194640360918993
2009-06-01,-0.34186508746656175
2009-06-02,-0.08281737355222275
2009-06-03,-0.11655211842659924
2009-06-04,-0.15231692529544116
2009-06-05,-0.1904823734969492
2009-06-08,-0.2311347625910255
2009-06-09,-0.27399360032439785
2009-06-10,-0.3183473847996694
2009-06-11,-0.36305411172261703
2009-06-12,-0.40665024967740926
2009-06-15,-0.44757641709983675
2009-06-16,-0.4844657960140756
2009-06-17,-0.5163927259227505
2009-06-18,-0.5429891843797481
2009-06-19,-0.5644047912301752
2009-06-22,-0.5811589087855982
2009-06-23,-0.5939622229985548
2009-06-24,-0.6035671825751384
2009-06-25,-0.6106712565063043
2009-06-26,-0.6158698374814571
2009-06-29,-0.6196440680201223
2009-06-30,-0.6223683781933047
2009-07-01,-0.24559850646314568
2009-07-02,0.029196215735455167
2009-07-03,0.22343265226575335
2009-07-06,0.36103717784785805
2009-07-07,0.45865341134333626
2009-07-08,0.5279600231253003
2009-07-09,0.5771932677885512
2009-07-10,0.612179163856723
2009-07-13,0.6370464212102269
2009-07-14,0.6547243213850162
2009-07-15,0.6672927217974651
2009-07-16,0.6762291003484839
2009-07-17,0.6825833690178362
2009-07-20,0.6871017759581495
2009-07-21,0.6903148164543053
2009-07-22,0.692599651674485
2009-07-23,0.6942244486726905
2009-07-24,0.6953798882916107
2009-07-27,0.6962015597182664
2009-07-28,0.696785880173438
2009-07-29,0.697201413056884
2009-07-30,0.697496915245684
2009-07-31,0.697707059110274
2009-08-03,-0.054086830481001366
2009-08-04,-0.1682610322480193
2009-08-05,-0.267785790604017
2009-08-06,-0.35296276074715927
2009-08-07,-0.4241299916746181
2009-08-10,-0.48204576179407305
2009-08-11,-0.5279746189042489
2009-08-12,-0.5635543964735451
2009-08-13,-0.5905721394877019
2009-08-14,-0.6107575344343792
2009-08-17,-0.6256470770573871
2009-08-18,-0.6365234764413173
2009-08-19,-0.6444104373960939
2009-08-20,-0.6500987736164919
2009-08-21,-0.6541852010533709
2009-08-24,-0.6571124316938146
2009-08-25,-0.6592049624903811
2009-08-26,-0.660698587328491
2009-08-27,-0.6617635858857912
2009-08-28,-0.6625223838349976
2009-08-31,-0.6630627242871769
2009-09-01,-0.576521002833176
2009-09-02,-0.34560916999105395
2009-09-03,-0.15457369272476307
2009-09-04,-0.0014300086477642376
2009-09-07,0.11807424896504451
2009-09-08,0.20927834705818035
2009-09-09,0.2776593181136452
2009-09-10,0.32822607210774574
2009-09-11,0.3652294834858147
2009-09-14,0.39209638793133983
2009-09-15,0.4114912473803308
2009-09-16,0.4254332723915104
2009-09-17,0.43542496694480104
2009-09-18,0.44256987578622986
2009-09-21,0.44767102410432963
2009-09-22,0.4513088991222668
2009-09-23,0.4539011461555904
2009-09-24,0.45574724246626985
2009-09-25,0.4570614187673642
2009-09-28,0.45799666422001695
2009-09-29,0.4586621012022564
2009-09-30,0.4591354962834627
2009-10-01,-0.8281037859572461
2009-10-02,-0.8128602899742801
2009-10-05,-0.7955585955796528
2009-10-06,-0.7769237183063455
2009-10-07,-0.7579525716522909
2009-10-08,-0.7397152577541964
2009-10-09,-0.7231245483018955
2009-10-12,-0.7087724692414905
2009-10-13,-0.6968875953881012
2009-10-14,-0.6873967335374539
2009-10-15,-0.6800350406714618
2009-10-16,-0.6744527349870834
2009-10-19,-0.6702919994213606
2009-10-20,-0.6672304630478915
2009-10-21,-0.6649989960864358
2009-10-22,-0.6633837605138637
2009-10-23,-0.6622204288488903
2009-10-26,-0.6613855919224079
2009-10-27,-0.6607880439254842
2009-10-28,-0.660361133266838
2009-10-29,-0.660056537028556
2009-10-30,-0.6598394166694854
2009-11-02,-0.6596847548267366
2009-11-03,-0.5637128529489286
2009-11-04,-0.3478923290705454
2009-11-05,-0.1716998444167223
2009-11-06,-0.031015091657141086
2009-11-09,0.07890205000354847
2009-11-10,0.16309394504103847
2009-11-11,0.2264904678172048
2009-11-12,0.27356432323122737
2009-11-13,0.30813312299729617
2009-11-16,0.33330352508308825
2009-11-17,0.3515135876705039
2009-11-18,0.36462559109079484
2009-11-19,0.37403396997847005
2009-11-20,0.38076780046385006
2009-11-23,0.3855785907933334
2009-11-24,0.3890110110078586
2009-11-25,0.3914576831840728
2009-11-26,0.3932005285561261
2009-11-27,0.3944414185125896
2009-11-30,0.39532461813180864
2009-12-01,-0.8690724868891739
2009-12-02,-0.8466253209455321
2009-12-03,-0.8214282211805367
2009-12-04,-0.7946958072854042
2009-12-07,-0.7680527631191028
2009-12-08,-0.7432126835639108
2009-12-09,-0.7215932373246425
2009-12-10,-0.7040245007604762
2009-12-11,-0.6906604858700286
2009-12-14,-0.6810978602616189
2009-12-15,-0.6746138718654541
2009-12-16,-0.6704082303306171
2009-12-17,-0.6677700036583128
2009-12-18,-0.6661505970695831
2009-12-21,-0.6651666943125856
2009-12-22,-0.6645688024772787
2009-12-23,-0.6642022870478277
2009-12-24,-0.6639742256583305
2009-12-25,-0.6638296618845038
2009-12-28,-0.663736204860354
2009-12-29,-0.6636746358731447
2009-12-30,-0.6636333868112007
2009-12-31,-0.6636053574830222
2010-01-01,-0.7541827383334776
2010-01-04,-0.7335644831822099
2010-01-05,-0.7168735368791708
2010-01-06,-0.7037780081032644
2010-01-07,-0.6937556520342498
2010-01-08,-0.6862314295686133
2010-01-11,-0.6806644209525692
2010-01-12,-0.6765900334991263
2010-01-13,-0.6736318283778034
2010-01-14,-0.6714965204691675
2010-01-15,-0.6699616990717148
2010-01-18,-0.6688618498831829
2010-01-19,-0.6680754210820111
2010-01-20,-0.6675139773393873
2010-01-21,-0.6671136017570294
2010-01-22,-0.6668283144307013
2010-01-25,-0.6666251487240683
2010-01-26,-0.6664805240511503
2010-01-27,-0.6663776018407175
2010-01-28,-0.6663043722418204
2010-01-29,-0.6662522766762495
2010-02-01,-0.6662152197222865
2010-02-02,-0.6074659451827686
2010-02-03,-0.6252025966655178
2010-02-04,-0.6368764145950565
2010-02-05,-0.6447479344317513
2010-02-08,-0.6501425277472008
2010-02-09,-0.6538808850955733
2010-02-10,-0.6564914749636861
2010-02-11,-0.6583243090497621
2010-02-12,-0.6596159441169579
2010-02-15,-0.6605285979305513
2010-02-16,-0.661174674914121
2010-02-17,-0.6616326449826302
2010-02-18,-0.6619575804842774
2010-02-19,-0.662188279710265
2010-02-22,-0.6623521499950888
2010-02-23,-0.6624685893938926
2010-02-24,-0.6625513461017335
2010-02-25,-0.6626101735510357
2010-02-26,-0.6626519959673296
2010-03-01,-0.6626817314776918
2010-03-02,-0.6574834954553134
2010-03-03,-0.6589138691912316
2010-03-04,-0.6599384206071444
2010-03-05,-0.6606706938070712
2010-03-08,-0.6611932847778624
2010-03-09,-0.6615658465720397
2010-03-10,-0.6618312570866095
2010-03-11,-0.6620202368466942
2010-03-12,-0.6621547470992095
2010-03-15,-0.6622504630697139
2010-03-16,-0.662318561131408
2010-03-17,-0.6623670039386587
2010-03-18,-0.6624014614778196
2010-03-19,-0.6624259696597824
2010-03-22,-0.6624434004853978
2010-03-23,-0.6624557973147963
2010-03-24,-0.6624646137536809
2010-03-25,-0.6624708837690505
2010-03-26,-0.662475342783811
2010-03-29,-0.6624785138520568
2010-03-30,-0.6624807689722274
2010-03-31,-0.662482372704825
2010-04-01,-0.8436215437510892
2010-04-02,-0.8152648302585017
2010-04-05,-0.787939244916368
2010-04-06,-0.763020595748806
2010-04-07,-0.741414964640905
2010-04-08,-0.7234869427765439
2010-04-09,-0.7091454209031438
2010-04-12,-0.6980055712281447
2010-04-13,-0.6895489471174591
2010-04-14,-0.6832404936474472
2010-04-15,-0.6785956641339728
2010-04-16,-0.675208577737156
2010-04-19,-0.672756003921832
2010-04-20,-0.6709891567911392
2010-04-21,-0.6697209913647985
2010-04-22,-0.6688131630655558
2010-04-23,-0.6681645159008525
2010-04-26,-0.6677016820713987
2010-04-27,-0.6673717520502256
2010-04-28,-0.6671367242437026
2010-04-29,-0.6669693828408361
2010-04-30,-0.6668502762726631
2010-05-03,-0.6366348894160667
2010-05-04,-0.6456424756614134
2010-05-05,-0.6517866879159537
2010-05-06,-0.6560308247758311
2010-05-07,-0.6589880070515051
2010-05-10,-0.6610609434537293
2010-05-11,-0.6625201866496802
2010-05-12,-0.6635504760413717
2010-05-13,-0.6642794314263519
2010-05-14,-0.6647959505158998
2010-05-17,-0.6651623271686204
2010-05-18,-0.6654223985583452
2010-05-19,-0.665607107057643
2010-05-20,-0.6657383403941293
2010-05-21,-0.6658316050849815
2010-05-24,-0.6658978988412809
2010-05-25,-0.6659450276529308
2010-05-26,-0.6659785351455328
2010-05-27,-0.6660023598176832
2010-05-28,-0.6660193005802031
2010-05-31,-0.6660313468870441
2010-06-01,-0.5782322775229867
2010-06-02,-0.33997329698591716
2010-06-03,-0.15358447920307522
2010-06-04,-0.008810371489726097
2010-06-07,0.10226883838414899
2010-06-08,0.1863287015552733
2010-06-09,0.24911139328383836
2010-06-10,0.2954703881837366
2010-06-11,0.32938366407706204
2010-06-14,0.3540109190624154
2010-06-15,0.3717948049656147
2010-06-16,0.38458316890637256
2010-06-17,0.39375085116902475
2010-06-18,0.4003081278152132
2010-06-21,0.404990620947878
2010-06-22,0.40833040965905476
2010-06-23,0.410710500098466
2010-06-24,0.41240563758769533
2010-06-25,0.4136124186369861
2010-06-28,0.4144712698807265
2010-06-29,0.4150823692474159
2010-06-30,0.41551711728429197
2010-07-01,-0.6904067041891839
2010-07-02,-0.659055547647563
2010-07-05,-0.6318456653861845
2010-07-06,-0.6105536107860712
2010-07-07,-0.5962021576004642
2010-07-08,-0.5889417329229081
2010-07-09,-0.5880974588633527
2010-07-12,-0.5923574398589351
2010-07-13,-0.600063160975814
2010-07-14,-0.609537088048633
2010-07-15,-0.6193615131031418
2010-07-16,-0.6285374901047653
2010-07-19,-0.6365056829992003
2010-07-20,-0.6430664511986163
2010-07-21,-0.648259505119464
2010-07-22,-0.6522516154055367
2010-07-23,-0.6552551648455691
2010-07-26,-0.6574796448352076
2010-07-27,-0.6591083840581355
2010-07-28,-0.6602911020417468
2010-07-29,-0.6611448392603273
2010-07-30,-0.661758476045211
2010-08-02,-0.66219819003344
2010-08-03,-0.6274294538226238
2010-08-04,-0.6374147393935751
2010-08-05,-0.6442257451724771
2010-08-06,-0.6489304550083943
2010-08-09,-0.6522085535669198
2010-08-10,-0.6545064526440805
2010-08-11,-0.6561240624113381
2010-08-12,-0.6572661680512923
2010-08-13,-0.6580742376508927
2010-08-16,-0.6586468158239085
2010-08-17,-0.6590529566467141
2010-08-18,-0.659341254731498
2010-08-19,-0.6595460105704943
2010-08-20,-0.6596914873763633
2010-08-23,-0.6597948746217834
2010-08-24,-0.6598683636365483
2010-08-25,-0.6599206076280051
2010-08-26,-0.6599577518987239
2010-08-27,-0.6599841624137701
2010-08-30,-0.6600029418657665
2010-08-31,-0.6600162956359563
2010-09-01,-0.8963803472340619
2010-09-02,-0.8706282406003623
2010-09-03,-0.8428541859815686
2010-09-06,-0.8145392654716592
2010-09-07,-0.7872822557953844
2010-09-08,-0.7624547307910372
2010-09-09,-0.7409532787631326
2010-09-10,-0.723131356070718
2010-09-13,-0.7088885803689563
2010-09-14,-0.6978344541864746
2010-09-15,-0.6894484067703277
2010-09-16,-0.6831957943003457
2010-09-17,-0.67859386448506
2010-09-20,-0.6752390317974795
2010-09-21,-0.6728103299297874
2010-09-22,-0.67106095183726
2010-09-23,-0.6698054659984654
2010-09-24,-0.6689067872332894
2010-09-27,-0.6682647147388958
2010-09-28,-0.6678065912242307
2010-09-29,-0.6674800286380961
2010-09-30,-0.6672474045748729
2010-10-01,-0.6673230920371902
2010-10-04,-0.6671277274579313
2010-10-05,-0.6669937161589119
2010-10-06,-0.6669009110663061
2010-10-07,-0.6668361784578594
2010-10-08,-0.6667907850901185
2010-10-11,-0.6667588283211071
2010-10-12,-0.6667362666706587
2010-10-13,-0.6667203051816888
2010-10-14,-0.6667089963029333
2010-10-15,-0.6667009753267433
2010-10-18,-0.6666952820134501
2010-10-19,-0.6666912386876159
2010-10-20,-0.6666883660516388
2010-10-21,-0.6666863245848451
2010-10-22,-0.666684873511313
2010-10-25,-0.6666838419446424
2010-10-26,-0.666683108531918
2010-10-27,-0.6666825870606815
2010-10-28,-0.6666822162654217
2010-10-29,-0.6666819525997656
2010-11-01,-0.6666817651072072
2010-11-02,-0.6364704226728299
2010-11-03,-0.6455951362268907
2010-11-04,-0.651820184789386
2010-11-05,-0.6561206400985204
2010-11-08,-0.6591173067841235
2010-11-09,-0.6612180441957793
2010-11-10,-0.6626969200877517
2010-11-11,-0.6637411024305303
2010-11-12,-0.6644799032937208
2010-11-15,-0.6650034066559332
2010-11-16,-0.6653747414370379
2010-11-17,-0.6656383343884658
2010-11-18,-0.6658255450152109
2010-11-19,-0.6659585566091586
2010-11-22,-0.666053085333895
2010-11-23,-0.6661202777158368
2010-11-24,-0.6661680454360345
2010-11-25,-0.6662020072120456
2010-11-26,-0.6662261549084709
2010-11-29,-0.6662433253692686
2010-11-30,-0.6662555350153307
2010-12-01,-0.604517636541722
2010-12-02,-0.6233386556589149
2010-12-03,-0.6356688888717923
2010-12-06,-0.6439574808029764
2010-12-07,-0.6496260660912312
2010-12-08,-0.6535486593455833
2010-12-09,-0.6562851743408405
2010-12-10,-0.6582050768634065
2010-12-13,-0.6595574069883281
2010-12-14,-0.6605126164718759
2010-12-15,-0.6611886535555778
2010-12-16,-0.6616677776987963
2010-12-17,-0.6620076804954513
2010-12-20,-0.6622489852191575
2010-12-21,-0.6624203781835283
2010-12-22,-0.6625421575255073
2010-12-23,-0.6626287067721683
2010-12-24,-0.6626902287729487
2010-12-27,-0.6627339661455578
2010-12-28,-0.6627650628300803
2010-12-29,-0.662787173572486
2010-12-30,-0.6628028957377579
2010-12-31,-0.6628140755745866
2011-01-03,-0.7199342833365494
2011-01-04,-0.7060138021169307
2011-01-05,-0.6952473627947621
2011-01-06,-0.6871010684604044
2011-01-07,-0.6810391248973979
2011-01-10,-0.6765839610629654
2011-01-11,-0.6733395335972706
2011-01-12,-0.6709925441250194
2011-01-13,-0.6693029482790049
2011-01-14,-0.6680908429231844
2011-01-17,-0.6672234598439827
2011-01-18,-0.6666038713841477
2011-01-19,-0.6661618537253545
2011-01-20,-0.6658468039926404
2011-01-21,-0.6656223973348385
2011-01-24,-0.6654626289493109
2011-01-25,-0.6653489179506644
2011-01-26,-0.6652680061298338
2011-01-27,-0.6652104424162371
2011-01-28,-0.6651694942997839
2011-01-31,-0.6651403682038464
2011-02-01,-0.6926793280706829
2011-02-02,-0.685180959795436
2011-02-03,-0.6797196792669415
2011-02-04,-0.6757693426928884
2011-02-07,-0.6729259381754501
2011-02-08,-0.670886439341384
2011-02-09,-0.669427193531195
2011-02-10,-0.6683849560239823
2011-02-11,-0.6676414910220214
2011-02-14,-0.6671116229576984
2011-02-15,-0.6667342243143706
2011-02-16,-0.6664655427927764
2011-02-17,-0.6662743213481896
2011-02-18,-0.6661382593558349
2011-02-21,-0.6660414612209222
2011-02-22,-0.6659726043413197
2011-02-23,-0.665923627331445
2011-02-24,-0.665888792636465
2011-02-25,-0.6658640176258663
2011-02-28,-0.665846397745658
2011-03-01,-0.6706533400471646
2011-03-02,-0.6692719370899871
2011-03-03,-0.6682977985097476
2011-03-04,-0.667609310942713
2011-03-07,-0.6671218908701622
2011-03-08,-0.6667763878877826
2011-03-09,-0.6665312582779761
2011-03-10,-0.6663572272556726
2011-03-11,-0.6662336141539519
2011-03-14,-0.6661457825165142
2011-03-15,-0.666083359619807
2011-03-16,-0.6660389872163743
2011-03-17,-0.6660074417974614
2011-03-18,-0.665985013393597
2011-03-21,-0.6659690660620198
2011-03-22,-0.6659577264727324
2011-03-23,-0.6659496630280912
2011-03-24,-0.6659439290788667
2011-03-25,-0.6659398515771132
2011-03-28,-0.6659369519676643
2011-03-29,-0.6659348899687201
2011-03-30,-0.6659334236110384
2011-03-31,-0.6659323808297943
2011-04-01,-0.6954211148245509
2011-04-04,-0.6875567684638055
2011-04-05,-0.6817141302087679
2011-04-06,-0.6774253102822505
2011-04-07,-0.6743047765180734
2011-04-08,-0.6720488582650574
2011-04-11,-0.670425576925015
2011-04-12,-0.6692614332114727
2011-04-13,-0.6684285705071131
2011-04-14,-0.6678337422680475
2011-04-15,-0.6674094404555354
2011-04-18,-0.6671070440752008
2011-04-19,-0.6668916636263895
2011-04-20,-0.6667383283059427
2011-04-21,-0.6666291993055802
2011-04-22,-0.6665515495738004
2011-04-25,-0.6664963075126306
2011-04-26,-0.6664570113555387
2011-04-27,-0.666429060511425
2011-04-28,-0.6664091805918374
2011-04-29,-0.6663950416655741
2011-05-02,-0.6663849861229179
2011-05-03,-0.6392194129359903
2011-05-04,-0.6473143868385914
2011-05-05,-0.6528591476286663
2011-05-06,-0.6567001908938757
2011-05-09,-0.6593818338073809
2011-05-10,-0.6612642352972412
2011-05-11,-0.6625906458950364
2011-05-12,-0.6635277946698346
2011-05-13,-0.6641911735354464
2011-05-16,-0.6646613888151562
2011-05-17,-0.6649950028201334
2011-05-18,-0.6652318588083618
2011-05-19,-0.6654000999256064
2011-05-20,-0.6655196438257223
2011-05-23,-0.6656046063677967
2011-05-24,-0.6656650015166341
2011-05-25,-0.665707938304945
2011-05-26,-0.665738466047687
2011-05-27,-0.6657601723871156
2011-05-30,-0.6657756070629703
2011-05-31,-0.6657865825036213
2011-06-01,-0.6010958459661293
2011-06-02,-0.6199672714570313
2011-06-03,-0.6323368324428684
2011-06-06,-0.6406546744558593
2011-06-07,-0.6463445687892471
2011-06-08,-0.6502825289352101
2011-06-09,-0.6530300655138126
2011-06-10,-0.6549578484856455
2011-06-13,-0.6563158026142561
2011-06-14,-0.6572750210567273
2011-06-15,-0.6579539136847627
2011-06-16,-0.6584350707862604
2011-06-17,-0.6587764204247251
2011-06-20,-0.6590187546168171
2011-06-21,-0.6591908799593191
2011-06-22,-0.6593131802670712
2011-06-23,-0.6594001000655874
2011-06-24,-0.6594618856174735
2011-06-27,-0.6595058104307345
2011-06-28,-0.6595370404215857
2011-06-29,-0.6595592459685616
2011-06-30,-0.6595750355558553
2011-07-01,-0.843233342523553
2011-07-04,-0.8148172958636523
2011-07-05,-0.7874694593168104
2011-07-06,-0.7625531793438567
2011-07-07,-0.7409619232359186
2011-07-08,-0.7230512902555983
2011-07-11,-0.7087254616041901
2011-07-12,-0.6975980048338003
2011-07-13,-0.6891504970444547
2011-07-14,-0.6828485030546272
2011-07-15,-0.6782081703179906
2011-07-18,-0.6748241954737009
2011-07-19,-0.6723737753237113
2011-07-20,-0.6706084237362088
2011-07-21,-0.6693413012712319
2011-07-22,-0.668434203362345
2011-07-25,-0.6677860695595481
2011-07-26,-0.6673235976213475
2011-07-27,-0.6669939233022565
2011-07-28,-0.666759076483528
2011-07-29,-0.666591863351622
2011-08-01,-0.6664728477792149
2011-08-02,-0.6072125496737368
2011-08-03,-0.6250936600293977
2011-08-04,-0.6368610089626097
2011-08-05,-0.644794935769228
2011-08-08,-0.6502320020580667
2011-08-09,-0.6539996544225392
2011-08-10,-0.6566306358979763
2011-08-11,-0.6584777544926055
2011-08-12,-0.659779440438377
2011-08-15,-0.6606991883023925
2011-08-16,-0.6613502833594531
2011-08-17,-0.6618118085361336
2011-08-18,-0.6621392654572393
2011-08-19,-0.662371754362213
2011-08-22,-0.6625368956449141
2011-08-23,-0.662654238037292
2011-08-24,-0.6627376364648081
2011-08-25,-0.6627969200475683
2011-08-26,-0.6628390667284634
2011-08-29,-0.6628690327810823
2011-08-30,-0.6628903397739532
2011-08-31,-0.662905490505397
2011-09-01,-0.7517914454720764
2011-09-02,-0.7314938146922445
2011-09-05,-0.7151383282659529
2011-09-06,-0.7023528638706745
2011-09-07,-0.6925953154626675
2011-09-08,-0.6852854184429498
2011-09-09,-0.6798854875136229
2011-09-12,-0.6759379368807346
2011-09-13,-0.6730742232711835
2011-09-14,-0.6710083730962741
2011-09-15,-0.669524123145032
2011-09-16,-0.6684608452683097
2011-09-19,-0.6677007358727716
2011-09-20,-0.6671581684495878
2011-09-21,-0.6667712978882299
2011-09-22,-0.6664956558835771
2011-09-23,-0.6662993703603591
2011-09-26,-0.6661596491235466
2011-09-27,-0.666060219351519
2011-09-28,-0.6659894761088018
2011-09-29,-0.6659391500825109
2011-09-30,-0.6659033522253605
2011-10-03,-0.723313653497166
2011-10-04,-0.7089981824716203
2011-10-05,-0.6978849905206819
2011-10-06,-0.689452439909064
2011-10-07,-0.683164138722779
2011-10-10,-0.6785353608121206
2011-10-11,-0.6751606346169938
2011-10-12,-0.6727173579995334
2011-10-13,-0.6709573902488719
2011-10-14,-0.6696942566418593
2011-10-17,-0.6687900788376133
2011-10-18,-0.6681440647577965
2011-10-19,-0.6676831223802318
2011-10-20,-0.6673545471128245
2011-10-21,-0.6671204876437545
2011-10-24,-0.6669538373626276
2011-10-25,-0.6668352235466528
2011-10-26,-0.6667508206593041
2011-10-27,-0.6666907720375288
2011-10-28,-0.666648055650842
2011-10-31,-0.6666176714817382
2011-11-01,-0.5908631206059526
2011-11-02,-0.6125701349635464
2011-11-03,-0.6266629604126757
2011-11-04,-0.6360801077385859
2011-11-07,-0.6424946724312686
2011-11-08,-0.6469212553635626
2011-11-09,-0.6500034727202185
2011-11-10,-0.652163030982275
2011-11-11,-0.6536827434002875
2011-11-14,-0.6547554733758943
2011-11-15,-0.6555143297246411
2011-11-16,-0.6560519722067009
2011-11-17,-0.6564333000466558
2011-11-18,-0.6567039683535538
2011-11-21,-0.6568961948789885
2011-11-22,-0.6570327655801802
2011-11-23,-0.6571298213451087
2011-11-24,-0.6571988087975804
2011-11-25,-0.6572478520514521
2011-11-28,-0.6572827204002047
2011-11-29,-0.6573075125399594
2011-11-30,-0.657325141161158
2011-12-01,-0.7128808161426844
2011-12-02,-0.699900518706693
2011-12-05,-0.6899793663687209
2011-12-06,-0.6825385332732052
2011-12-07,-0.6770373094111779
2011-12-08,-0.6730132686943351
2011-12-09,-0.6700927815706421
2011-12-12,-0.667985307281596
2011-12-13,-0.6664708067257616
2011-12-14,-0.665385681096892
2011-12-15,-0.664609862865531
2011-12-16,-0.6640560363639538
2011-12-19,-0.6636611142360052
2011-12-20,-0.6633797236650698
2011-12-21,-0.6631793385392791
2011-12-22,-0.6630366960410049
2011-12-23,-0.6629351858653192
2011-12-26,-0.6628629616538244
2011-12-27,-0.6628115816849212
2011-12-28,-0.6627750339378179
2011-12-29,-0.6627490385737393
2011-12-30,-0.6627305497703053
2012-01-02,-0.6627174003750673
2012-01-03,-0.6990838294073967
2012-01-04,-0.6897320534832202
2012-01-05,-0.6827605437624751
2012-01-06,-0.6776294674162746
2012-01-09,-0.6738885978193827
2012-01-10,-0.6711801736665992
2012-01-11,-0.6692291416459681
2012-01-12,-0.667828830235355
2012-01-13,-0.66682642650319
2012-01-16,-0.666110214426407
2012-01-17,-0.6655991747477232
2012-01-18,-0.6652348831967669
2012-01-19,-0.6649753786030712
2012-01-20,-0.6647906099706815
2012-01-23,-0.6646590996299123
2012-01-24,-0.664565519492293
2012-01-25,-0.664498941502878
2012-01-26,-0.6644515802655703
2012-01-27,-0.6644178921640729
2012-01-30,-0.6643939313049221
2012-01-31,-0.664376889775445
2012-02-01,-0.6627607122383057
2012-02-02,-0.6631096829498933
2012-02-03,-0.6633814343457155
2012-02-06,-0.663586638398426
2012-02-07,-0.6637386207121471
2012-02-08,-0.6638497666950736
2012-02-09,-0.6639303587765446
2012-02-10,-0.6639884564008451
2012-02-13,-0.6640301693940025
2012-02-14,-0.6640600342953059
2012-02-15,-0.6640813741979639
2012-02-16,-0.6640966013637495
2012-02-17,-0.6641074560816304
2012-02-20,-0.6641151885054714
2012-02-21,-0.664120694026987
2012-02-22,-0.6641246126117242
2012-02-23,-0.6641274009925325
2012-02-24,-0.6641293847942472
2012-02-27,-0.6641307959987821
2012-02-28,-0.6641317997889793
2012-02-29,-0.6641325137399956
2012-03-01,-0.5713819248687388
2012-03-02,-0.537732454895587
2012-03-05,-0.5144755183037895
2012-03-06,-0.4982644256899631
2012-03-07,-0.48690352304994655
2012-03-08,-0.47891184303957396
2012-03-09,-0.4732746759462688
2012-03-12,-0.46929002481134807
2012-03-13,-0.4664689895574873
2012-03-14,-0.4644693753569301
2012-03-15,-0.4630507378450319
2012-03-16,-0.4620436144984494
2012-03-19,-0.4613282901143353
2012-03-20,-0.460820042644955
2012-03-21,-0.4604588349189128
2012-03-22,-0.4602020806688963
2012-03-23,-0.46001955046701715
2012-03-26,-0.45988977511318335
2012-03-27,-0.4597975012822387
2012-03-28,-0.45973188895353295
2012-03-29,-0.45968523300632863
2012-03-30,-0.4596520558614408
2012-04-02,-0.45962846311828365
2012-04-03,-0.39495577823691064
2012-04-04,-0.3769705261815712
2012-04-05,-0.37026556262545923
2012-04-06,-0.3733067735292902
2012-04-09,-0.3847939882802608
2012-04-10,-0.4034074989383771
2012-04-11,-0.4276406186327024
2012-04-12,-0.4557313639862016
2012-04-13,-0.48571985056941414
2012-04-16,-0.5156322067673575
2012-04-17,-0.5437363278820814
2012-04-18,-0.5687694406412046
2012-04-19,-0.5900465588885715
2012-04-20,-0.6074229125948816
2012-04-23,-0.621153305381507
2012-04-24,-0.6317202602141043
2012-04-25,-0.6396872828772725
2012-04-26,-0.6456008540704837
2012-04-27,-0.6499391776803161
2012-04-30,-0.653094496644156
2012-05-01,-0.4918080402889856
2012-05-02,-0.12809590723276298
2012-05-03,0.12000704908974641
2012-05-04,0.2913930056886617
2012-05-07,0.4108144022780929
2012-05-08,0.49452969581127026
2012-05-09,0.5534626066503865
2012-05-10,0.5950726313583525
2012-05-11,0.6245131849781449
2012-05-14,0.6453742257152508
2012-05-15,0.660171464691427
2012-05-16,0.6706752987190321
2012-05-17,0.6781353850720435
2012-05-18,0.6834357083947987
2012-05-21,0.6872025409584541
2012-05-22,0.6898800583988882
2012-05-23,0.6917835309200688
2012-05-24,0.6931368567385967
2012-05-25,0.6940991060164088
2012-05-28,0.6947833228810238
2012-05-29,0.6952698587402147
2012-05-30,0.69561583518326
2012-05-31,0.695861863864115
2012-06-01,-0.614081151838503
2012-06-04,-0.6143971293543208
2012-06-05,-0.6161472141150567
2012-06-06,-0.6194467737185225
2012-06-07,-0.6241087207079394
2012-06-08,-0.6296834176342633
2012-06-11,-0.6355965637890284
2012-06-12,-0.6413118681069864
2012-06-13,-0.6464441191915777
2012-06-14,-0.6507932072002117
2012-06-15,-0.6543162884283159
2012-06-18,-0.6570736358862378
2012-06-19,-0.6591764774568339
2012-06-20,-0.660749614681515
2012-06-21,-0.6619099697166796
2012-06-22,-0.662757094019829
2012-06-25,-0.6633709557838439
2012-06-26,-0.6638134076947962
2012-06-27,-0.6641310885644656
2012-06-28,-0.6643585565947085
2012-06-29,-0.6645211097552117
2012-07-02,-0.6646371105479448
2012-07-03,-0.6290116032518086
2012-07-04,-0.6391941001209966
2012-07-05,-0.6461354094206738
2012-07-06,-0.6509281980573582
2012-07-09,-0.654266758083458
2012-07-10,-0.6566066021562149
2012-07-11,-0.6582535254542106
2012-07-12,-0.6594162223277356
2012-07-13,-0.6602388083628493
2012-07-16,-0.6608216463505341
2012-07-17,-0.6612350515389327
2012-07-18,-0.6615284996222853
2012-07-19,-0.6617369097872008
2012-07-20,-0.6618849812784076
2012-07-23,-0.6619902116665339
2012-07-24,-0.6620650103849854
2012-07-25,-0.6621181852409919
2012-07-26,-0.6621559912260505
2012-07-27,-0.662182872181698
2012-07-30,-0.6622019861172197
2012-07-31,-0.6622155777192742
2012-08-01,-0.7008393479899225
2012-08-02,-0.6910513081912318
2012-08-03,-0.6837033439220453
2012-08-06,-0.6782674209103561
2012-08-07,-0.6742895337057446
2012-08-08,-0.6714017669834949
2012-08-09,-0.6693175286918902
2012-08-10,-0.6678195430973756
2012-08-13,-0.666746160269796
2012-08-14,-0.6659786931127626
2012-08-15,-0.6654308059749409
2012-08-16,-0.6650401080226451
2012-08-17,-0.6647617217252175
2012-08-20,-0.6645634732313837
2012-08-21,-0.6644223502752467
2012-08-22,-0.6643219207608067
2012-08-23,-0.664250465080431
2012-08-24,-0.6641996316610784
2012-08-27,-0.664163472596295
2012-08-28,-0.6641377536448829
2012-08-29,-0.6641194614125057
2012-08-30,-0.664106451808554
2012-08-31,-0.6640971995022769
2012-09-03,-0.6164141158411539
2012-09-04,-0.6288405916416364
2012-09-05,-0.6373009011255395
2012-09-06,-0.6431376140645162
2012-09-07,-0.6472010346669368
2012-09-10,-0.6500477841672294
2012-09-11,-0.652050952416555
2012-09-12,-0.6534648821259703
2012-09-13,-0.6544650766925724
2012-09-14,-0.6551736911225514
2012-09-17,-0.6556762755948609
2012-09-18,-0.6560330090867976
2012-09-19,-0.6562863567740627
2012-09-20,-0.656466351244664
2012-09-21,-0.6565942662662954
2012-09-24,-0.6566851883376358
2012-09-25,-0.6567498248303131
2012-09-26,-0.6567957794721674
2012-09-27,-0.656828454176038
2012-09-28,-0.6568516877350602
2012-10-01,-0.6568682086969693
2012-10-02,-0.6257474471121959
2012-10-03,-0.6320445139342247
2012-10-04,-0.6364087399420606
2012-10-05,-0.6394566175013959
2012-10-08,-0.6415965726912375
2012-10-09,-0.6431046974193717
2012-10-10,-0.6441703477311236
2012-10-11,-0.6449247462615126
2012-10-12,-0.645459506694074
2012-10-15,-0.645838929393459
2012-10-16,-0.6461083154438908
2012-10-17,-0.6462996666377653
2012-10-18,-0.6464356332711267
2012-10-19,-0.6465322687506132
2012-10-22,-0.6466009620120969
2012-10-23,-0.6466497984241742
2012-10-24,-0.6466845208763821
2012-10-25,-0.6467092098680558
2012-10-26,-0.6467267654421315
2012-10-29,-0.6467392490474014
2012-10-30,-0.6467481262163313
2012-10-31,-0.6467544389238968
2012-11-01,-0.49289957439515053
2012-11-02,-0.2816060722395502
2012-11-05,-0.11392960979362807
2012-11-06,0.01709372685236438
2012-11-07,0.11777383671961975
2012-11-08,0.19391145286510406
2012-11-09,0.2506881245586365
2012-11-12,0.2925391567063506
2012-11-13,0.32310581349127887
2012-11-14,0.34527324512529034
2012-11-15,0.36126398209127814
2012-11-16,0.37275364024357527
2012-11-19,0.3809853544185459
2012-11-20,0.3868705617623807
2012-11-21,0.3910717791359503
2012-11-22,0.39406759777904476
2012-11-23,0.3962021999037431
2012-11-26,0.3977223133751152
2012-11-27,0.398804400100106
2012-11-28,0.3995744604434428
2012-11-29,0.40012235822458103
2012-11-30,0.40051213119944173
2012-12-03,-0.5106031852684236
2012-12-04,-0.5204154889258032
2012-12-05,-0.5340041277866155
2012-12-06,-0.5502208295189291
2012-12-07,-0.5676242076468951
2012-12-10,-0.5847923854150718
2012-12-11,-0.6005908947924625
2012-12-12,-0.6143143984899747
2012-12-13,-0.6256861846803276
2012-12-14,-0.6347599958495729
2012-12-17,-0.6417893260079588
2012-12-18,-0.6471128766452054
2012-12-19,-0.6510764288922044
2012-12-20,-0.65399032542843
2012-12-21,-0.6561127529260997
2012-12-24,-0.6576482854499436
2012-12-25,-0.6587538012870282
2012-12-26,-0.659546932606612
2012-12-27,-0.6601145175275509
2012-12-28,-0.6605199640332216
2012-12-31,-0.6608092164423899
2013-01-01,-0.509011787765603
2013-01-02,-0.19192322886798685
2013-01-03,0.03853899329591281
2013-01-04,0.20547525996901223
2013-01-07,0.32594236428783174
2013-01-08,0.41257980204545236
2013-01-09,0.47471238343791894
2013-01-10,0.5191727952039924
2013-01-11,0.5509340963975893
2013-01-14,0.5735951595912708
2013-01-15,0.5897485552335839
2013-01-16,0.6012554373855311
2013-01-17,0.6094484236900027
2013-01-18,0.6152798705219844
2013-01-21,0.619429435468297
2013-01-22,0.6223816756941295
2013-01-23,0.6244818036812059
2013-01-24,0.6259756315876044
2013-01-25,0.6270381278155125
2013-01-28,0.6277938015053379
2013-01-29,0.6283312378389183
2013-01-30,0.6287134545336424
2013-01-31,0.628985276844366
2013-02-01,0.333443039705946
2013-02-04,0.37070893740533195
2013-02-05,0.41146548170145336
2013-02-06,0.45382915388368683
2013-02-07,0.49578917444544934
2013-02-08,0.5354143195850792
2013-02-11,0.5711313266598852
2013-02-12,0.6019414390814402
2013-02-13,0.6274846306272186
2013-02-14,0.6479475036348996
2013-02-15,0.6638809006546658
2013-02-18,0.6760081253720538
2013-02-19,0.6850763394784153
2013-02-20,0.6917664487504588
2013-02-21,0.6966526961708581
2013-02-22,0.700195091577249
2013-02-25,0.7027493683406875
2013-02-26,0.7045839438904675
2013-02-27,0.7058978840356824
2013-02-28,0.7068370320981715
2013-03-01,0.40572259801143506
2013-03-04,0.4239245775967834
2013-03-05,0.4411654430681214
2013-03-06,0.45665065418807294
2013-03-07,0.4699062247116636
2013-03-08,0.48079190636588126
2013-03-11,0.48942922048872517
2013-03-12,0.49609656213531395
2013-03-13,0.5011342992411386
2013-03-14,0.5048793328721775
2013-03-15,0.507629763131902
2013-03-18,0.5096317308694764
2013-03-19,0.5110794202807201
2013-03-20,0.512121347075696
2013-03-21,0.5128686844486732
2013-03-22,0.5134034111033772
2013-03-25,0.5137853420152536
2013-03-26,0.5140577959650249
2013-03-27,0.5142519796325957
2013-03-28,0.514390290138871
2013-03-29,0.5144887592957208
2013-04-01,0.5145588410061501
2013-04-02,-0.23869751461949118
2013-04-03,-0.33686238865237145
2013-04-04,-0.415056735440384
2013-04-05,-0.4756583892588917
2013-04-08,-0.5216138862193009
2013-04-09,-0.5558808508214468
2013-04-10,-0.5811082789275024
2013-04-11,-0.5995050477974563
2013-04-12,-0.6128271205379685
2013-04-15,-0.6224252585998443
2013-04-16,-0.6293149288038773
2013-04-17,-0.6342472864715435
2013-04-18,-0.6377716561807745
2013-04-19,-0.6402865215548306
2013-04-22,-0.6420792886657242
2013-04-23,-0.6433564047185301
2013-04-24,-0.6442657338573641
2013-04-25,-0.6449129631503997
2013-04-26,-0.6453735227031587
2013-04-29,-0.645701191841239
2013-04-30,-0.6459342851788954
2013-05-01,-0.7611114209304265
2013-05-02,-0.731461211658187
2013-05-03,-0.7080106082598625
2013-05-06,-0.6907843940829127
2013-05-07,-0.6790791106873835
2013-05-08,-0.6717686437513352
2013-05-09,-0.6676238349863943
2013-05-10,-0.6655511613403834
2013-05-13,-0.6647108679872953
2013-05-14,-0.664530570216524
2013-05-15,-0.6646585589979943
2013-05-16,-0.6648989115732072
2013-05-17,-0.6651535783761434
2013-05-20,-0.6653803222228251
2013-05-21,-0.6655659289842004
2013-05-22,-0.6657107275734533
2013-05-23,-0.6658203584243083
2013-05-24,-0.6659017564201697
2013-05-27,-0.6659614038920781
2013-05-28,-0.6660047218550522
2013-05-29,-0.6660359856187197
2013-05-30,-0.6660584517026915
2013-05-31,-0.6660745466137241
2013-06-03,-0.5477277320221581
2013-06-04,-0.15385416806763014
2013-06-05,0.10805307324384004
2013-06-06,0.28590506558690193
2013-06-07,0.40839204341677093
2013-06-10,0.4935652755760679
2013-06-11,0.5531876361111787
2013-06-12,0.5951184204667623
2013-06-13,0.6247034734634628
2013-06-14,0.6456257414812332
2013-06-17,0.6604457829753057
2013-06-18,0.6709554389567008
2013-06-19,0.6784144427085022
2013-06-20,0.683711366837615
2013-06-21,0.687474456680618
2013-06-24,0.6901486437594986
2013-06-25,0.6920494102642643
2013-06-26,0.6934006411557836
2013-06-27,0.6943613144535801
2013-06-28,0.6950443670088458
2013-07-01,0.6955300528557941
2013-07-02,0.12251671642739956
2013-07-03,0.01779338611309875
2013-07-04,-0.07891738362769202
2013-07-05,-0.16819575776610574
2013-07-08,-0.2498131980974662
2013-07-09,-0.3230647517652128
2013-07-10,-0.3871712242840135
2013-07-11,-0.4416554999894562
2013-07-12,-0.4865744518280444
2013-07-15,-0.5225479264558365
2013-07-16,-0.5506212917071094
2013-07-17,-0.5720556991544881
2013-07-18,-0.5881341530026627
2013-07-19,-0.6000290896359258
2013-07-22,-0.6087365186392227
2013-07-23,-0.6150603662959041
2013-07-24,-0.6196263717565071
2013-07-25,-0.6229091280110595
2013-07-26,-0.6252619961987994
2013-07-29,-0.6269446239317711
2013-07-30,-0.6281460108752529
2013-07-31,-0.6290028111986354
2013-08-01,-0.6661644405269255
2013-08-02,-0.6618284001378786
2013-08-05,-0.6586696253297277
2013-08-06,-0.656384085238134
2013-08-07,-0.6547384882039721
2013-08-08,-0.6535578349871572
2013-08-09,-0.6527129055806375
2013-08-12,-0.6521093304439249
2013-08-13,-0.6516787242279982
2013-08-14,-0.651371801880052
2013-08-15,-0.6511531812238651
2013-08-16,-0.650997530717312
2013-08-19,-0.6508867497532272
2013-08-20,-0.6508079224375347
2013-08-21,-0.6507518415280489
2013-08-22,-0.6507119481123387
2013-08-23,-0.650683572168778
2013-08-26,-0.6506633897588461
2013-08-27,-0.6506490356255895
2013-08-28,-0.6506388269928156
2013-08-29,-0.6506315667908815
2013-08-30,-0.6506264035418716
2013-09-02,-0.6506227316266859
2013-09-03,-0.7131555452459386
2013-09-04,-0.6986211350653345
2013-09-05,-0.6881862858953284
2013-09-06,-0.6808445532510458
2013-09-09,-0.675739267723003
2013-09-10,-0.6722064543983999
2013-09-11,-0.6697620498762947
2013-09-12,-0.6680661922122926
2013-09-13,-0.6668850426099889
2013-09-16,-0.6660589906528489
2013-09-17,-0.6654791097010567
2013-09-18,-0.6650707535247161
2013-09-19,-0.6647824622632402
2013-09-20,-0.6645785396446198
2013-09-23,-0.664434084641961
2013-09-24,-0.6643316449057172
2013-09-25,-0.6642589427707473
2013-09-26,-0.6642073160399109
2013-09-27,-0.6641706400779264
2013-09-30,-0.664144577504431
2013-10-01,-0.5381922945420957
2013-10-02,-0.18397110675936645
2013-10-03,0.06334881487301727
2013-10-04,0.23727523178030463
2013-10-07,0.3600962085107771
2013-10-08,0.4470438703513388
2013-10-09,0.508690754145373
2013-10-10,0.5524419835834109
2013-10-11,0.5835124542898111
2013-10-14,0.6055869692252187
2013-10-15,0.6212747120329907
2013-10-16,0.6324257739750709
2013-10-17,0.6403531951442423
2013-10-18,0.6459894350660409
2013-10-21,0.6499969612185637
2013-10-22,0.6528465614179553
2013-10-23,0.6548728724106672
2013-10-24,0.656313788199995
2013-10-25,0.6573384449885068
2013-10-28,0.6580671024837366
2013-10-29,0.658585272331921
2013-10-30,0.658953760424295
2013-10-31,0.6592158058836315
2013-11-01,0.5084587371580966
2013-11-04,0.5316743427479067
2013-11-05,0.5579809389026344
2013-11-06,0.584682397354564
2013-11-07,0.60975467831904
2013-11-08,0.6319005645523538
2013-11-11,0.6505157785997915
2013-11-12,0.6655492206936346
2013-11-13,0.6773103150446051
2013-11-14,0.6862868058000069
2013-11-15,0.6930101494638484
2013-11-18,0.697975293908119
2013-11-19,0.7016039270297426
2013-11-20,0.704235615825471
2013-11-21,0.7061336985054515
2013-11-22,0.7074971980981378
2013-11-25,0.7084738581064225
2013-11-26,0.7091719856985114
2013-11-27,0.709670278625381
2013-11-28,0.7100255634256698
2013-11-29,0.7102786924165161
2013-12-02,0.7104589420464843
2013-12-03,0.3956571501546018
2013-12-04,0.2139650849782504
2013-12-05,0.055867195386047994
2013-12-06,-0.07572848579725745
2013-12-09,-0.1812718121209284
2013-12-10,-0.2634241233403391
2013-12-11,-0.3258900013148721
2013-12-12,-0.37254580244821406
2013-12-13,-0.40692960376862386
2013-12-16,-0.43201993302368136
2013-12-17,-0.45019676734704717
2013-12-18,-0.4632961770752863
2013-12-19,-0.4727008032058156
2013-12-20,-0.47943445097861004
2013-12-23,-0.48424631385627026
2013-12-24,-0.48768008457437995
2013-12-25,-0.49012800690687275
2013-12-26,-0.49187188511533436
2013-12-27,-0.4931135812909171
2013-12-30,-0.49399739015892935
2013-12-31,-0.4946263026088842
2014-01-01,-0.7155637039195507
2014-01-02,-0.6765634473669828
2014-01-03,-0.644182045716367
2014-01-06,-0.6198072149143318
2014-01-07,-0.603903765135298
2014-01-08,-0.596044890453605
2014-01-09,-0.5950604300591088
2014-01-10,-0.5992793927530787
2014-01-13,-0.6068367019605994
2014-01-14,-0.6159847707277901
2014-01-15,-0.6253314411487596
2014-01-16,-0.633948520276747
2014-01-17,-0.641350724509357
2014-01-20,-0.6473925538588774
2014-01-21,-0.6521423625086349
2014-01-22,-0.6557747749249541
2014-01-23,-0.6584970528312523
2014-01-24,-0.6605074093811752
2014-01-27,-0.6619762661534242
2014-01-28,-0.6630412517079066
2014-01-29,-0.6638091549950702
2014-01-30,-0.6643606588753723
2014-01-31,-0.6647556252919697
2014-02-03,-0.51405533660783
2014-02-04,-0.119379279692088
2014-02-05,0.13949966486481571
2014-02-06,0.3136694974791715
2014-02-07,0.43285487597484484
2014-02-10,0.5153638635575256
2014-02-11,0.5729413013752453
2014-02-12,0.613345175847011
2014-02-13,0.6418087711874094
2014-02-14,0.6619159174787588
2014-02-17,0.6761475293583916
2014-02-18,0.6862343470227443
2014-02-19,0.6933904546272248
2014-02-20,0.6984708711800245
2014-02-21,0.7020794365106301
2014-02-24,0.7046434538077357
2014-02-25,0.7064657321102892
2014-02-26,0.707761075063797
2014-02-27,0.7086819678509675
2014-02-28,0.7093367124682675
2014-03-03,0.7123095248436324
2014-03-04,0.7120778734762996
2014-03-05,0.7119239253430825
2014-03-06,0.7118199617835783
2014-03-07,0.711748839924979
2014-03-10,0.7116996916756366
2014-03-11,0.7116654660773797
2014-03-12,0.7116414948895996
2014-03-13,0.7116246344775625
2014-03-14,0.7116127387769752
2014-03-17,0.7116043270501012
2014-03-18,0.7115983693064256
2014-03-19,0.7115941447398875
2014-03-20,0.7115911466603292
2014-03-21,0.71158901772785
2014-03-24,0.7115875053352337
2014-03-25,0.7115864306078075
2014-03-26,0.7115856667271251
2014-03-27,0.7115851237028612
2014-03-28,0.7115847376379899
2014-03-31,0.7115844631426187
2014-04-01,0.5715636339698195
2014-04-02,0.5914875701647853
2014-04-03,0.6071206249450539
2014-04-04,0.6190859988426793
2014-04-07,0.6280695823796277
2014-04-08,0.6347167118056307
2014-04-09,0.6395818155819537
2014-04-10,0.6431142198973526
2014-04-11,0.6456640498630465
2014-04-14,0.6474968475415294
2014-04-15,0.6488102383589934
2014-04-16,0.6497493628165155
2014-04-17,0.650419821505105
2014-04-18,0.6508979391741749
2014-04-21,0.6512386223600926
2014-04-22,0.651481238304477
2014-04-23,0.6516539460565177
2014-04-24,0.6517768537037609
2014-04-25,0.6518643030788395
2014-04-28,0.6519265146246889
2014-04-29,0.6519707673561197
2014-04-30,0.6520022431738572
2014-05-01,0.641490364646068
2014-05-02,0.653437705793469
2014-05-05,0.6647734308828409
2014-05-06,0.674670764708341
2014-05-07,0.6828330861915752
2014-05-08,0.6892949930048735
2014-05-09,0.694260990853052
2014-05-12,0.6979956798661231
2014-05-13,0.7007605468427986
2014-05-14,0.7027842774667856
2014-05-15,0.7042534378538413
2014-05-16,0.7053137326718915
2014-05-19,0.7060757246241346
2014-05-20,0.7066216872218254
2014-05-21,0.7070120237328972
2014-05-22,0.7072906664821085
2014-05-23,0.7074893585321411
2014-05-26,0.7076309295489922
2014-05-27,0.7077317449684732
2014-05-28,0.7078035091733995
2014-05-29,0.707854579264063
2014-05-30,0.7078909153772498
2014-06-02,0.7079167646594529
2014-06-03,0.5974168244813317
2014-06-04,0.6148511912022139
2014-06-05,0.6330095345447441
2014-06-06,0.6499349499514301
2014-06-09,0.6646064021843474
2014-06-10,0.6766782616146839
2014-06-11,0.6862346529516723
2014-06-12,0.6935848007820339
2014-06-13,0.6991183346708643
2014-06-16,0.7032190429878674
2014-06-17,0.7062230871080442
2014-06-18,0.7084053942970168
2014-06-19,0.7099811818209194
2014-06-20,0.7111140755101384
2014-06-23,0.7119260178204252
2014-06-24,0.7125066370846307
2014-06-25,0.7129211758011746
2014-06-26,0.7132168032025645
2014-06-27,0.7134274583819464
2014-06-30,0.7135774782523181
2014-07-01,0.6635108803003615
2014-07-02,0.6741043007662104
2014-07-03,0.6833330985817584
2014-07-04,0.690875143658453
2014-07-07,0.6967874670648755
2014-07-08,0.7012920256116884
2014-07-09,0.704656192135857
2014-07-10,0.707133431981644
2014-07-11,0.708939352538795
2014-07-14,0.7102465029430236
2014-07-15,0.7111878335743002
2014-07-16,0.7118632705540018
2014-07-17,0.7123466707873856
2014-07-18,0.7126919983378404
2014-07-21,0.712938368417289
2014-07-22,0.7131139750111626
2014-07-23,0.7132390603327428
2014-07-24,0.7133281172163097
2014-07-25,0.7133915017443117
2014-07-28,0.7134366037265061
2014-07-29,0.7134686911213771
2014-07-30,0.7134915166575434
2014-07-31,0.7135077523315128
2014-08-01,0.7098969062077866
2014-08-04,0.7105615946495456
2014-08-05,0.7111222492572011
2014-08-06,0.7115660722531753
2014-08-07,0.7119047541265795
2014-08-08,0.7121573593865138
2014-08-11,0.7123429763707074
2014-08-12,0.7124780127179661
2014-08-13,0.7125755829669613
2014-08-14,0.7126457499432535
2014-08-15,0.7126960440890858
2014-08-18,0.7127320106178134
2014-08-19,0.7127576893020514
2014-08-20,0.7127760018069919
2014-08-21,0.7127890505719816
2014-08-22,0.7127983432448965
2014-08-25,0.7128049583118528
2014-08-26,0.7128096659353473
2014-08-27,0.7128130154325689
2014-08-28,0.7128153982670459
2014-08-29,0.7128170932404754
2014-09-01,0.7128182988308167
2014-09-02,0.644151831189954
2014-09-03,0.656376541757043
2014-09-04,0.6683816459339114
2014-09-05,0.679008306052546
2014-09-08,0.6878248784708629
2014-09-09,0.6948240361887984
2014-09-10,0.7002099415363409
2014-09-11,0.7042629635709147
2014-09-12,0.7072644085116628
2014-09-15,0.7094616228063834
2014-09-16,0.7110568384333036
2014-09-17,0.712208145567087
2014-09-18,0.7130355570095849
2014-09-19,0.7136283961758212
2014-09-22,0.7140522482278837
2014-09-23,0.7143548163676015
2014-09-24,0.7145705689215074
2014-09-25,0.7147242957591043
2014-09-26,0.7148337675351064
2014-09-29,0.7149116936368333
2014-09-30,0.7149671487499486
2014-10-01,0.5916503698648276
2014-10-02,0.618699767152863
2014-10-03,0.6410129262904042
2014-10-06,0.6587506301105391
2014-10-07,0.6724550118306731
2014-10-08,0.6828150095888716
2014-10-09,0.6905190681737745
2014-10-10,0.6961783584522545
2014-10-13,0.7002982801437002
2014-10-14,0.7032778865767757
2014-10-15,0.7054225466033721
2014-10-16,0.7069609330011417
2014-10-17,0.7080617128467004
2014-10-20,0.7088479757784857
2014-10-21,0.7094088770376257
2014-10-22,0.7098086499805867
2014-10-23,0.7100933982898313
2014-10-24,0.7102961245345567
2014-10-27,0.7104404081911644
2014-10-28,0.7105430734418979
2014-10-29,0.7106161129853588
2014-10-30,0.7106680696873646
2014-10-31,0.710705026012977
2014-11-03,0.6737364791498964
2014-11-04,0.6802878060757237
2014-11-05,0.6871812540289635
2014-11-06,0.6934524817439917
2014-11-07,0.6987165416617456
2014-11-10,0.7029160161085023
2014-11-11,0.7061535962754891
2014-11-12,0.7085912495808797
2014-11-13,0.7103963990090205
2014-11-14,0.7117175712583439
2014-11-17,0.7126765155442488
2014-11-18,0.7133684452009306
2014-11-19,0.7138656178914912
2014-11-20,0.714221787038001
2014-11-21,0.7144764017781922
2014-11-24,0.7146581437637844
2014-11-25,0.7147877305782951
2014-11-26,0.7148800588760285
2014-11-27,0.71494580544136
2014-11-28,0.7149926052027289
2014-12-01,0.7150259090929336
2014-12-02,0.694541918734437
2014-12-03,0.6992750341739731
2014-12-04,0.7032334499690769
2014-12-05,0.7063650789295227
2014-12-08,0.7087592197467067
2014-12-09,0.710549060982034
2014-12-10,0.711867085358171
2014-12-11,0.7128276431859197
2014-12-12,0.7135226461266445
2014-12-15,0.714022970221206
2014-12-16,0.7143818660045709
2014-12-17,0.7146386642677054
2014-12-18,0.7148220823173335
2014-12-19,0.7149529232557191
2014-12-22,0.7150461748234163
2014-12-23,0.7151125938324027
2014-12-24,0.7151598798154237
2014-12-25,0.7151935335315789
2014-12-26,0.715217479617668
2014-12-29,0.715234515538417
2014-12-30,0.7152466339752656
2014-12-31,0.7152552536720969
2015-01-01,0.7262858440866038
2015-01-02,0.7232917806785413
2015-01-05,0.7211235853580111
2015-01-06,0.7195614935524743
2015-01-07,0.7184402328456181
2015-01-08,0.7176375364590196
2015-01-09,0.7170639903099474
2015-01-12,0.7166547355176434
2015-01-13,0.7163629949267407
2015-01-14,0.7161551694362257
2015-01-15,0.7160071951617278
2015-01-16,0.7159018727385152
2015-01-19,0.7158269270399695
2015-01-20,0.7157736064202086
2015-01-21,0.7157356759172353
2015-01-22,0.7157086958614843
2015-01-23,0.7156895061157567
2015-01-26,0.7156758579031522
2015-01-27,0.7156661512783599
2015-01-28,0.7156592480747865
2015-01-29,0.7156543387022408
2015-01-30,0.7156508473294095
2015-02-02,0.7156483644086442
2015-02-03,0.12631580893101996
2015-02-04,-0.060277058733181225
2015-02-05,-0.20858588168347986
2015-02-06,-0.3245743469261115
2015-02-09,-0.4137238960414779
2015-02-10,-0.48113306302535774
2015-02-11,-0.531385126124818
2015-02-12,-0.5684132399613473
2015-02-13,-0.5954480489839016
2015-02-16,-0.6150483479204968
2015-02-17,-0.6291839057153088
2015-02-18,-0.6393387225121512
2015-02-19,-0.6466130924659653
2015-02-20,-0.6518133222156286
2015-02-23,-0.6555252838402658
2015-02-24,-0.6581720788637966
2015-02-25,-0.6600579184707847
2015-02-26,-0.6614008430719105
2015-02-27,-0.6623567793819624
2015-03-02,-0.6630370557832629
2015-03-03,-0.382711757541633
2015-03-04,-0.048780659965472144
2015-03-05,0.17990560785571882
2015-03-06,0.3384032081665593
2015-03-09,0.4491309182793932
2015-03-10,0.5269039620918265
2015-03-11,0.5817329636895163
2015-03-12,0.6204862624282577
2015-03-13,0.6479265254260179
2015-03-16,0.6673808841221537
2015-03-17,0.6811857683927895
2015-03-18,0.6909879410167051
2015-03-19,0.6979510911911144
2015-03-20,0.7028990561131532
2015-03-23,0.7064158344129379
2015-03-24,0.708915791891074
2015-03-25,0.7106931275239609
2015-03-26,0.7119568195126419
2015-03-27,0.7128553604398804
2015-03-30,0.7134942887879057
2015-03-31,0.7139486267322723
2015-04-01,0.6373186501767316
2015-04-02,0.6559901743696203
2015-04-03,0.669634709740651
2015-04-06,0.679535292986261
2015-04-07,0.6866804643728948
2015-04-08,0.6918162663630237
2015-04-09,0.6954968001682544
2015-04-10,0.6981287100699722
2015-04-13,0.7000078079835717
2015-04-14,0.701347907238099
2015-04-15,0.7023028391871983
2015-04-16,0.7029829128305162
2015-04-17,0.703467040065122
2015-04-20,0.7038115761524254
2015-04-21,0.7040567185505492
2015-04-22,0.7042311147348557
2015-04-23,0.7043551682668074
2015-04-24,0.7044434047662681
2015-04-27,0.704506162017454
2015-04-28,0.7045507957124224
2015-04-29,0.7045825388520571
2015-04-30,0.704605113888545
2015-05-01,0.6179125551442846
2015-05-04,0.6296969975112063
2015-05-05,0.6436944283172131
2015-05-06,0.6576583358659457
2015-05-07,0.6702772976887502
2015-05-08,0.6809517684360346
2015-05-11,0.6895653359930918
2015-05-12,0.6962803957100625
2015-05-13,0.7013845877114007
2015-05-14,0.7051931302046968
2015-05-15,0.7079968249149947
2015-05-18,0.7100407114042944
2015-05-19,0.7115202297303048
2015-05-20,0.7125858023640577
2015-05-21,0.7133504626612166
2015-05-22,0.7138977634877969
2015-05-25,0.7142887648882046
2015-05-26,0.7145677340115721
2015-05-27,0.7147665835761937
2015-05-28,0.7149082287021754
2015-05-29,0.7150090775860283
2015-06-01,0.7150808558354336
2015-06-02,0.6892569478076667
2015-06-03,0.6951096237237193
2015-06-04,0.7000863750343079
2015-06-05,0.7040685326099816
2015-06-08,0.7071373739971014
2015-06-09,0.7094447691361794
2015-06-10,0.7111508865051096
2015-06-11,0.7123979313644142
2015-06-12,0.7133021131984688
2015-06-15,0.7139539982611445
2015-06-16,0.7144221128024987
2015-06-17,0.714757314942501
2015-06-18,0.7149968629387355
2015-06-19,0.7151678101473722
2015-06-22,0.7152896793630574
2015-06-23,0.7153764984700397
2015-06-24,0.7154383165990883
2015-06-25,0.715482317291448
2015-06-26,0.715513627909713
2015-06-29,0.7155359042834122
2015-06-30,0.7155517510615779
2015-07-01,0.5249411583943535
2015-07-02,0.5488817642576779
2015-07-03,0.568207954545637
2015-07-06,0.5833295854823809
2015-07-07,0.5948743195504694
2015-07-08,0.6035237430313563
2015-07-09,0.6099128022820662
2015-07-10,0.6145829186273265
2015-07-13,0.6179704122022233
2015-07-14,0.6204138564672901
2015-07-15,0.6221692467615567
2015-07-16,0.6234266791352481
2015-07-17,0.6243255394116014
2015-07-20,0.6249671235944222
2015-07-21,0.6254245842919083
2015-07-22,0.6257505147265259
2015-07-23,0.6259826074845314
2015-07-24,0.6261478155663411
2015-07-27,0.6262653816691444
2015-07-28,0.6263490282824475
2015-07-29,0.6264085334129487
2015-07-30,0.6264508604279886
2015-07-31,0.6264809662447521
2015-08-03,0.48208313283164195
2015-08-04,0.48948285785476
2015-08-05,0.5057315237996906
2015-08-06,0.5280381996016337
2015-08-07,0.5537521114378972
2015-08-10,0.5804293084217251
2015-08-11,0.606026997602965
2015-08-12,0.6290866854831937
2015-08-13,0.6488027753463994
2015-08-14,0.6649517772377312
2015-08-17,0.6777295398302152
2015-08-18,0.6875684990743857
2015-08-19,0.694987587786283
2015-08-20,0.7004942039453887
2015-08-21,0.7045335518647422
2015-08-24,0.7074710881565174
2015-08-25,0.7095939419612555
2015-08-26,0.711121077566452
2015-08-27,0.7122160664672676
2015-08-28,0.7129993499597259
2015-08-31,0.7135587160264755
2015-09-01,0.7139243512905611
2015-09-02,0.714209378274717
2015-09-03,0.7144560662872126
2015-09-04,0.7146539975299133
2015-09-07,0.7148062292829748
2015-09-08,0.7149203260615762
2015-09-09,0.715004430769386
2015-09-10,0.7150657457976528
2015-09-11,0.7151101121947862
2015-09-14,0.7151420493804087
2015-09-15,0.7151649569041727
2015-09-16,0.7151813464491672
2015-09-17,0.715193051872191
2015-09-18,0.7152014014603978
2015-09-21,0.7152073520431659
2015-09-22,0.7152115902513898
2015-09-23,0.7152146075092883
2015-09-24,0.715216754874176
2015-09-25,0.7152182827996286
2015-09-28,0.7152193697995245
2015-09-29,0.7152201430279641
2015-09-30,0.7152206930135312
2015-10-01,0.6748030712590933
2015-10-02,0.6837945696102491
2015-10-05,0.6914305531004848
2015-10-06,0.6975530077198916
2015-10-07,0.7022845375035979
2015-10-08,0.7058515381770851
2015-10-09,0.7084948836575693
2015-10-12,0.7104303459504488
2015-10-13,0.7118355318022346
2015-10-14,0.7128496223387037
2015-10-15,0.7135783603147161
2015-10-16,0.7141004604602127
2015-10-19,0.7144737140225847
2015-10-20,0.7147401491969532
2015-10-21,0.7149301293293828
2015-10-22,0.7150654892147726
2015-10-23,0.7151618795961833
2015-10-26,0.7152304928694777
2015-10-27,0.715279320112798
2015-10-28,0.7153140601817395
2015-10-29,0.7153387739105748
2015-10-30,0.7153563532516745
2015-11-02,0.7153688568820651
2015-11-03,0.6524529506319525
2015-11-04,0.6659978350268401
2015-11-05,0.6776108852948289
2015-11-06,0.6870174414637569
2015-11-09,0.6943527452232736
2015-11-10,0.6999233922417203
2015-11-11,0.7040751834010179
2015-11-12,0.7071282848864132
2015-11-13,0.7093520141040618
2015-11-16,0.7109606012549485
2015-11-17,0.7121185248662805
2015-11-18,0.712949134452072
2015-11-19,0.713543469459576
2015-11-20,0.7139679855962492
2015-11-23,0.7142708216977753
2015-11-24,0.7144866607040865
2015-11-25,0.7146403960868877
2015-11-26,0.714749847066138
2015-11-27,0.7148277447504999
2015-11-30,0.7148831727493938
2015-12-01,0.691471425340769
2015-12-02,0.6970879035246861
2015-12-03,0.7014015575181975
2015-12-04,0.7046343555563406
2015-12-07,0.7070183507711856
2015-12-08,0.7087572905148738
2015-12-09,0.7100161881749025
2015-12-10,0.7109227877498642
2015-12-11,0.711573277763237
2015-12-14,0.7120387979272442
2015-12-15,0.7123713348280809
2015-12-16,0.7126085690161293
2015-12-17,0.7127776578502572
2015-12-18,0.7128980973400703
2015-12-21,0.7129838448390006
2015-12-22,0.7130448730910617
2015-12-23,0.7130882979809758
2015-12-24,0.7131191919890032
2015-12-25,0.7131411684831863
2015-12-28,0.713156800177277
2015-12-29,0.7131679182040289
2015-12-30,0.7131758255532207
2015-12-31,0.7131814492382863
2016-01-01,0.5996084872339051
2016-01-04,0.6109329021097251
2016-01-05,0.6195269478136565
2016-01-06,0.6259369803548425
2016-01-07,0.6306563240702382
2016-01-08,0.6340976906925364
2016-01-11,0.6365895736716369
2016-01-12,0.6383847551426507
2016-01-13,0.6396732707653192
2016-01-14,0.6405956754416242
2016-01-15,0.64125474248852
2016-01-18,0.6417250140770839
2016-01-19,0.6420602475910239
2016-01-20,0.6422990541698909
2016-01-21,0.6424690864987488
2016-01-22,0.6425901085688042
2016-01-25,0.6426762256592664
2016-01-26,0.6427374941308179
2016-01-27,0.6427810784138507
2016-01-28,0.6428120799885835
2016-01-29,0.6428341300525074
2016-02-01,0.6428498125856268
2016-02-02,0.348013884352169
2016-02-03,0.34964110526903747
2016-02-04,0.36141952552273626
2016-02-05,0.3815787726485741
2016-02-08,0.4085666777779148
2016-02-09,0.44072527517911175
2016-02-10,0.4761600349014421
2016-02-11,0.51278469309938
2016-02-12,0.5485200054892237
2016-02-15,0.5815727661200814
2016-02-16,0.6106784488826162
2016-02-17,0.6352080566937794
2016-02-18,0.6551145718652482
2016-02-19,0.6707707184775884
2016-02-22,0.6827781415714775
2016-02-23,0.69180828541612
2016-02-24,0.6984985929907618
2016-02-25,0.7034001827634231
2016-02-26,0.7069617338350566
2016-02-29,0.7095340174546243
2016-03-01,0.6470896054806994
2016-03-02,0.6636471178529725
2016-03-03,0.6766940172670198
2016-03-04,0.6866764597469737
2016-03-07,0.694157347806917
2016-03-08,0.6996809219611934
2016-03-09,0.7037160189016964
2016-03-10,0.7066412467290679
2016-03-11,0.708750256236732
2016-03-14,0.7102648234523476
2016-03-15,0.7113494422656392
2016-03-16,0.7121246066317379
2016-03-17,0.7126778149278397
2016-03-18,0.7130722181892636
2016-03-21,0.7133531990666108
2016-03-22,0.7135532720263024
2016-03-23,0.7136956819199624
2016-03-24,0.7137970212848245
2016-03-25,0.713869121285818
2016-03-28,0.7139204115338853
2016-03-29,0.7139568947725516
2016-03-30,0.7139828439053011
2016-03-31,0.7140012996511043
2016-04-01,0.7098420087684608
2016-04-04,0.7105012449422619
2016-04-05,0.7114268911536771
2016-04-06,0.7123340945442262
2016-04-07,0.713112416040737
2016-04-08,0.7137361213711584
2016-04-11,0.7142162674898294
2016-04-12,0.7145766439806589
2016-04-13,0.7148426471798683
2016-04-14,0.7150367878005217
2016-04-15,0.7151773859363431
2016-04-18,0.7152786616191479
2016-04-19,0.7153513384222697
2016-04-20,0.7154033544461631
2016-04-21,0.7154405137702364
2016-04-22,0.7154670247178847
2016-04-25,0.7154859210154166
2016-04-26,0.7154993808680216
2016-04-27,0.7155089638259624
2016-04-28,0.7155157842877181
2016-04-29,0.7155206374510297
2016-05-02,0.7155240901824003
2016-05-03,0.7042570326442639
2016-05-04,0.7066994903591712
2016-05-05,0.7088876177514576
2016-05-06,0.7106841851562866
2016-05-09,0.7120884123272988
2016-05-10,0.7131529993948353
2016-05-11,0.7139441860614313
2016-05-12,0.7145243644628032
2016-05-13,0.7149459242365477
2016-05-16,0.7152502880968528
2016-05-17,0.7154690618321711
2016-05-18,0.715625823464805
2016-05-19,0.7157379031769167
2016-05-20,0.715817911907622
2016-05-23,0.7158749635817052
2016-05-24,0.7159156134834306
2016-05-25,0.7159445608715291
2016-05-26,0.7159651666000166
2016-05-27,0.7159798303441249
2016-05-30,0.7159902634904587
2016-05-31,0.7159976855470302
2016-06-01,0.7218512091761902
2016-06-02,0.7202078687012259
2016-06-03,0.7190424371159403
2016-06-06,0.7182153833358729
2016-06-07,0.7176281469113702
2016-06-08,0.7172110162074578
2016-06-09,0.7169146238138917
2016-06-10,0.7167039733091912
2016-06-13,0.7165542354759404
2016-06-14,0.7164477834364996
2016-06-15,0.7163720975417603
2016-06-16,0.716318282511996
2016-06-17,0.7162800166024678
2016-06-20,0.7162528062189751
2016-06-21,0.7162334568237385
2016-06-22,0.7162196971753043
2016-06-23,0.7162099123648935
2016-06-24,0.7162029540969236
2016-06-27,0.7161980058371908
2016-06-28,0.7161944869473004
2016-06-29,0.7161919845273982
2016-06-30,0.7161902049551238
2016-07-01,0.38747454249881924
2016-07-04,0.13609542425451387
2016-07-05,-0.060251842631968686
2016-07-06,-0.2111478573077264
2016-07-07,-0.3253019885807336
2016-07-08,-0.4104638802225995
2016-07-11,-0.473262844293909
2016-07-12,-0.5191444563101351
2016-07-13,-0.5524273664242519
2016-07-14,-0.5764412824826028
2016-07-15,-0.5936983953610352
2016-07-18,-0.6060635757640203
2016-07-19,-0.6149047070172697
2016-07-20,-0.6212164199187902
2016-07-21,-0.6257173923269193
2016-07-22,-0.6289245567713542
2016-07-25,-0.6312085243527188
2016-07-26,-0.6328343833630934
2016-07-27,-0.633991428989011
2016-07-28,-0.6348146733609233
2016-07-29,-0.635400330507874
2016-08-01,-0.6358169243478012
2016-08-02,-0.5873080987353096
2016-08-03,-0.5840630311480457
2016-08-04,-0.5817994065562924
2016-08-05,-0.5802137874947296
2016-08-08,-0.5790991165784212
2016-08-09,-0.5783132411716678
2016-08-10,-0.577757921213006
2016-08-11,-0.5773648427777137
2016-08-12,-0.577086249013616
2016-08-15,-0.5768886100617694
2016-08-16,-0.576748305588284
2016-08-17,-0.5766486536163746
2016-08-18,-0.5765778500215761
2016-08-19,-0.5765275305681341
2016-08-22,-0.5764917624508483
2016-08-23,-0.5764663344001213
2016-08-24,-0.5764482555588929
2016-08-25,-0.5764354010052635
2016-08-26,-0.5764262606308519
2016-08-29,-0.5764197610459731
2016-08-30,-0.5764151391764745
2016-08-31,-0.5764118524984889
2016-09-01,-0.2336844613941393
2016-09-02,0.021111045592121798
2016-09-05,0.20120048369910545
2016-09-06,0.3287157478328151
2016-09-07,0.4191191211570891
2016-09-08,0.48326887648321476
2016-09-09,0.5288180119187097
2016-09-12,0.561174406333054
2016-09-13,0.584166493235106
2016-09-14,0.6005081042177245
2016-09-15,0.6121247597109789
2016-09-16,0.6203835593643366
2016-09-19,0.6262555856552614
2016-09-20,0.6304308512160308
2016-09-21,0.6333997680056247
2016-09-22,0.635510944839595
2016-09-23,0.6370122196653059
2016-09-26,0.6380798040072578
2016-09-27,0.6388389909705678
2016-09-28,0.6393788725700966
2016-09-29,0.6397628013002299
2016-09-30,0.6400358275075725
2016-10-03,0.48388297302799166
2016-10-04,0.35424897756673546
2016-10-05,0.2506985027949912
2016-10-06,0.16974377432473006
2016-10-07,0.10768864489583632
2016-10-10,0.06092454947558655
2016-10-11,0.026175810656331552
2016-10-12,0.0006423614661626417
2016-10-13,-0.017958377276986556
2016-10-14,-0.03142066174200167
2016-10-17,-0.04111689945275708
2016-10-18,-0.048075845219943965
2016-10-19,-0.053057346258243744
2016-10-20,-0.05661664940892293
2016-10-21,-0.05915636750090254
2016-10-24,-0.06096681992245197
2016-10-25,-0.062256520901054775
2016-10-26,-0.06317480469123787
2016-10-27,-0.0638284048457005
2016-10-28,-0.0642934965335695
2016-10-31,-0.0646243894892878
2016-11-01,0.32832197937786106
2016-11-02,0.3639600763006359
2016-11-03,0.403493512429401
2016-11-04,0.4452480520454462
2016-11-07,0.48730258208247945
2016-11-08,0.5276908518882444
2016-11-09,0.5646924117981003
2016-11-10,0.5970942158499362
2016-11-11,0.6243166709456416
2016-11-14,0.6463720295573696
2016-11-15,0.6637040794347844
2016-11-16,0.6769920444666898
2016-11-17,0.6869839344714794
2016-11-18,0.6943866442968184
2016-11-21,0.6998103086335095
2016-11-22,0.7037513606728008
2016-11-23,0.7065978456074181
2016-11-24,0.7086447669763374
2016-11-25,0.7101120659143898
2016-11-28,0.7111614821280591
2016-11-29,0.7119108045032323
2016-11-30,0.712445225115935
2016-12-01,0.2758899737621332
2016-12-02,0.30768138348849844
2016-12-05,0.3413720170039195
2016-12-06,0.37552780813325914
2016-12-07,0.4085889755748744
2016-12-08,0.4391270874983022
2016-12-09,0.4660816972030338
2016-12-12,0.48889197867993694
2016-12-13,0.507488904661852
2016-12-14,0.5221795113686898
2016-12-15,0.5334894714958388
2016-12-16,0.5420216600858575
2016-12-19,0.5483585401348876
2016-12-20,0.553009880321099
2016-12-21,0.5563943249238996
2016-12-22,0.5588412158547257
2016-12-23,0.5606020511984868
2016-12-26,0.5618649278747372
2016-12-27,0.5627684763757641
2016-12-28,0.563413815410359
2016-12-29,0.563874162069578
2016-12-30,0.5642022549846626
2017-01-02,0.5644359416622383
2017-01-03,0.30435065811355494
2017-01-04,0.1101311161797289
2017-01-05,-0.0330227463169974
2017-01-06,-0.13752329954545978
2017-01-09,-0.21326093859834266
2017-01-10,-0.2678630208181806
2017-01-11,-0.3070763848983061
2017-01-12,-0.3351597187953241
2017-01-13,-0.35523176550638147
2017-01-16,-0.3695572481358754
2017-01-17,-0.37977085794196414
2017-01-18,-0.3870474745331379
2017-01-19,-0.3922289276972327
2017-01-20,-0.39591709862071256
2017-01-23,-0.3985416474879816
2017-01-24,-0.40040895486043687
2017-01-25,-0.4017373224146627
2017-01-26,-0.40268220737600335
2017-01-27,-0.40335427023865333
2017-01-30,-0.40383226123782423
2017-01-31,-0.40417221081353516
2017-02-01,0.0013902655594520254
2017-02-02,0.20159302269754778
2017-02-03,0.33751340269872987
2017-02-06,0.4311241502489643
2017-02-07,0.49622427077465436
2017-02-08,0.5418001561642737
2017-02-09,0.5738555130350288
2017-02-10,0.5964745206974398
2017-02-13,0.6124714181342029
2017-02-14,0.6238031353353106
2017-02-15,0.6318393035346849
2017-02-16,0.6375429380496359
2017-02-17,0.6415933770155213
2017-02-20,0.6444709629709926
2017-02-21,0.6465158972694627
2017-02-22,0.6479694108714931
2017-02-23,0.6490027000087757
2017-02-24,0.6497373312977271
2017-02-27,0.6502596659310793
2017-02-28,0.6506310735964559
2017-03-01,0.5769093883974425
2017-03-02,0.5850505302480189
2017-03-03,0.5989768826093236
2017-03-06,0.6158314310804822
2017-03-07,0.6333038466534351
2017-03-08,0.6497386499084998
2017-03-09,0.6641542076770718
2017-03-10,0.6761482039692432
2017-03-13,0.6857324793764051
2017-03-14,0.6931594482940486
2017-03-15,0.6987831427330438
2017-03-16,0.7029687853687212
2017-03-17,0.7060449148980096
2017-03-20,0.7082848490906282
2017-03-21,0.7099050103389792
2017-03-22,0.711071241480149
2017-03-23,0.7119078167753887
2017-03-24,0.71250643054442
2017-03-27,0.7129340104134861
2017-03-28,0.7132390367825525
2017-03-29,0.7134564395457282
2017-03-30,0.7136112902234719
2017-03-31,0.7137215360202696
2017-04-03,0.7105644308340606
2017-04-04,0.7115802124876194
2017-04-05,0.7123734144680604
2017-04-06,0.7129734878914715
2017-04-07,0.713418499015894
2017-04-10,0.7137442344853642
2017-04-11,0.7139805771682339
2017-04-12,0.7141510306395273
2017-04-13,0.7142734525981225
2017-04-14,0.7143611221830675
2017-04-17,0.7144237765501148
2017-04-18,0.7144684890054854
2017-04-19,0.7145003650131967
2017-04-20,0.7145230734162977
2017-04-21,0.7145392425810779
2017-04-24,0.7145507514142366
2017-04-25,0.714558941026325
2017-04-26,0.7145647676376241
2017-04-27,0.7145689125218
2017-04-28,0.7145718608015734
2017-05-01,0.7145739577923058
2017-05-02,0.7009644442665608
2017-05-03,0.7028871957722606
2017-05-04,0.7053264314374144
2017-05-05,0.7076798448520256
2017-05-08,0.709699715741538
2017-05-09,0.7113250376830322
2017-05-10,0.7125819075933743
2017-05-11,0.7135289493951091
2017-05-12,0.7142301599581535
2017-05-15,0.714743146945805
2017-05-16,0.7151153112717009
2017-05-17,0.7153837353053105
2017-05-18,0.7155765408072263
2017-05-19,0.7157146284089895
2017-05-22,0.7158133237121876
2017-05-23,0.7158837614100925
2017-05-24,0.7159339800213446
2017-05-25,0.715969757144435
2017-05-26,0.7159952324664078
2017-05-29,0.7160133656079533
2017-05-30,0.7160262692430409
2017-05-31,0.7160354498165343
2017-06-01,0.7041729266549639
2017-06-02,0.7060344946753114
2017-06-05,0.7081095291768145
2017-06-06,0.7100033272669455
2017-06-07,0.7115775934773796
2017-06-08,0.7128186266937989
2017-06-09,0.7137651430953568
2017-06-12,0.7144715598740302
2017-06-13,0.7149911283252827
2017-06-14,0.7153694505146098
2017-06-15,0.7156430088372588
2017-06-16,0.7158398503852849
2017-06-19,0.7159810038815695
2017-06-20,0.7160819788282563
2017-06-21,0.7161540880661618
2017-06-22,0.7162055209151824
2017-06-23,0.716242174466918
2017-06-26,0.7162682796019856
2017-06-27,0.7162868639443274
2017-06-28,0.7163000901245253
2017-06-29,0.7163095009221643
2017-06-30,0.7163161959245817
2017-07-03,0.7056735173808967
2017-07-04,0.7079935405435918
2017-07-05,0.710017726839629
2017-07-06,0.7116547006754036
2017-07-07,0.7129219902815338
2017-07-10,0.7138766697958061
2017-07-11,0.7145831044731251
2017-07-12,0.7150995810661427
2017-07-13,0.715474068349252
2017-07-14,0.7157440477263771
2017-07-17,0.7159379044640644
2017-07-18,0.7160767097405911
2017-07-19,0.7161758995027963
2017-07-20,0.7162466805009677
2017-07-21,0.7162971389320472
2017-07-24,0.7163330843817626
2017-07-25,0.7163586782722506
2017-07-26,0.7163768951538031
2017-07-27,0.7163898580454131
2017-07-28,0.7163990806091811
2017-07-31,0.716405641245258
2017-08-01,0.7137474429866083
2017-08-02,0.7144464341153551
2017-08-03,0.7149793058365034
2017-08-04,0.7153763486615763
2017-08-07,0.7156678546611321
2017-08-08,0.7158797863252122
2017-08-09,0.7160328416844679
2017-08-10,0.7161428704184953
2017-08-11,0.7162217157326964
2017-08-14,0.7162780890944613
2017-08-15,0.7163183319197701
2017-08-16,0.7163470278731356
2017-08-17,0.7163674740312839
2017-08-18,0.7163820340225968
2017-08-21,0.7163923983025478
2017-08-22,0.7163997738713095
2017-08-23,0.7164050215292055
2017-08-24,0.716408754668059
2017-08-25,0.7164114101243694
2017-08-28,0.7164132988687193
2017-08-29,0.7164146422062821
2017-08-30,0.7164155975979997
2017-08-31,0.7164162770623028
2017-09-01,0.6333977176808061
2017-09-04,0.6535649303756386
2017-09-05,0.6694015809773409
2017-09-06,0.6815004018814446
2017-09-07,0.6905620051026381
2017-09-08,0.6972515605054423
2017-09-11,0.7021384463811957
2017-09-12,0.7056814092355167
2017-09-13,0.7082359925915316
2017-09-14,0.7100706796226939
2017-09-15,0.711384623925254
2017-09-18,0.7123237291691806
2017-09-19,0.7129939605898108
2017-09-20,0.7134718068583864
2017-09-21,0.7138122408849037
2017-09-22,0.7140546510123545
2017-09-25,0.7142271978376246
2017-09-26,0.714349983648794
2017-09-27,0.7144373426307631
2017-09-28,0.7144994879936697
2017-09-29,0.714543692696999
2017-10-02,0.7145751338725714
2017-10-03,0.662265078249598
2017-10-04,0.6701990185743365
2017-10-05,0.6789049701355349
2017-10-06,0.6870447205143524
2017-10-09,0.6940151006614625
2017-10-10,0.6996595686880853
2017-10-11,0.7040600339850621
2017-10-12,0.7074007758077394
2017-10-13,0.7098897582045068
2017-10-16,0.7117194982607025
2017-10-17,0.7130518351394961
2017-10-18,0.7140154078342121
2017-10-19,0.7147089118360496
2017-10-20,0.7152063199777847
2017-10-23,0.7155622036547904
2017-10-24,0.7158163842279355
2017-10-25,0.7159976997895077
2017-10-26,0.7161269235692097
2017-10-27,0.7162189633611571
2017-10-30,0.7162844893794603
2017-10-31,0.7163311245100454
2017-11-01,0.7176040592288679
2017-11-02,0.7172622866250198
2017-11-03,0.717028110145288
2017-11-06,0.716866096622365
2017-11-07,0.7167531792558823
2017-11-08,0.7166740450154807
2017-11-09,0.7166183605537013
2017-11-10,0.7165790605233255
2017-11-13,0.7165512642809678
2017-11-14,0.7165315739598498
2017-11-15,0.7165176101758286
2017-11-16,0.7165076995803568
2017-11-17,0.7165006616678647
2017-11-20,0.7164956617301702
2017-11-21,0.716492108599032
2017-11-22,0.7164895830978092
2017-11-23,0.7164877877532831
2017-11-24,0.7164865113336258
2017-11-27,0.7164856037816274
2017-11-28,0.7164849584654269
2017-11-29,0.7164844995950814
2017-11-30,0.716484173293586
2017-12-01,0.7141862063331468
2017-12-04,0.7146434858678966
2017-12-05,0.7150666792175768
2017-12-06,0.715417942548666
2017-12-07,0.7156934756495893
2017-12-08,0.7159025436920672
2017-12-11,0.716057899426939
2017-12-12,0.7161717721921501
2017-12-13,0.7162544733176135
2017-12-14,0.7163141581972361
2017-12-15,0.7163570447078076
2017-12-18,0.7163877669747589
2017-12-19,0.7164097282015123
2017-12-20,0.7164254031167914
2017-12-21,0.7164365792412243
2017-12-22,0.7164445417479286
2017-12-25,0.716450211659634
2017-12-26,0.7164542475383766
2017-12-27,0.7164571195289573
2017-12-28,0.716459162888872
2017-12-29,0.7164606164982659
2018-01-01,0.7164616504699244
2018-01-02,0.7154944718616214
2018-01-03,0.7157432576776616
2018-01-04,0.7159298062860403
2018-01-05,0.7160673332553427
2018-01-08,0.7161675933087871
2018-01-09,0.716240135590192
2018-01-10,0.7162923520524893
2018-01-11,0.7163298032584866
2018-01-12,0.7163565971565536
2018-01-15,0.7163757327421696
2018-01-16,0.7163893819971056
2018-01-17,0.7163991093678148
2018-01-18,0.7164060374413148
2018-01-19,0.7164109696160836
2018-01-22,0.7164144797919021
2018-01-23,0.7164169773927649
2018-01-24,0.7164187542348557
2018-01-25,0.7164200181736702
2018-01-26,0.7164209171924019
2018-01-29,0.716421556613388
2018-01-30,0.7164220113789632
2018-01-31,0.7164223348056646
2018-02-01,0.6018745310385656
2018-02-02,0.6270629050537002
2018-02-05,0.6481556049251692
2018-02-06,0.6650800226572617
2018-02-07,0.6782360860452086
2018-02-08,0.6882227419056903
2018-02-09,0.6956703686031758
2018-02-12,0.701152182865447
2018-02-13,0.705148486863408
2018-02-14,0.7080415437853165
2018-02-15,0.7101253615528371
2018-02-16,0.7116208449773542
2018-02-19,0.7126913016914154
2018-02-20,0.713456096089411
2018-02-21,0.7140017788234747
2018-02-22,0.7143907539587435
2018-02-23,0.7146678360375587
2018-02-26,0.7148651168597676
2018-02-27,0.7150055312646167
2018-02-28,0.715105446554423
2018-03-01,0.6782309786694947
2018-03-02,0.6876314951731315
2018-03-05,0.694490176154408
2018-03-06,0.6994557394086861
2018-03-07,0.7030316854854464
2018-03-08,0.7055973990875755
2018-03-09,0.7074335080267984
2018-03-12,0.7087450849328468
2018-03-13,0.7096807635636919
2018-03-14,0.7103476641914773
2018-03-15,0.7108226851698835
2018-03-16,0.7111608774570752
2018-03-19,0.7114015751905405
2018-03-20,0.7115728442713057
2018-03-21,0.7116946910094221
2018-03-22,0.7117813667671897
2018-03-23,0.711843018457117
2018-03-26,0.7118868681384958
2018-03-27,0.7119180548437234
2018-03-28,0.7119402347375408
2018-03-29,0.7119560086753618
2018-03-30,0.7119672266426484
2018-04-02,0.7119752044493295
2018-04-03,0.6513662330635821
2018-04-04,0.6587592482088042
2018-04-05,0.6681740486121113
2018-04-06,0.6777022330908322
2018-04-09,0.6862993338457232
2018-04-10,0.6935240498677753
2018-04-11,0.6993101758501988
2018-04-12,0.7037899879839283
2018-04-13,0.7071756605749022
2018-04-16,0.7096905021568947
2018-04-17,0.7115354396819834
2018-04-18,0.7128769270730999
2018-04-19,0.7138461529064724
2018-04-20,0.7145432390871382
2018-04-23,0.7150429709321297
2018-04-24,0.715400393129566
2018-04-25,0.7156556098790829
2018-04-26,0.7158376329051421
2018-04-27,0.7159673448835275
2018-04-30,0.7160597243003678
2018-05-01,0.6278606750065869
2018-05-02,0.6500680490259345
2018-05-03,0.6667051394630696
2018-05-04,0.6789997016303795
2018-05-07,0.6879917339493393
2018-05-08,0.69451789850796
2018-05-09,0.6992276363176149
2018-05-10,0.7026124954241733
2018-05-11,0.7050379028651429
2018-05-14,0.7067720755933088
2018-05-15,0.7080100959105855
2018-05-16,0.708892935759983
2018-05-17,0.7095219959396168
2018-05-18,0.7099699743355156
2018-05-21,0.710288868823614
2018-05-22,0.7105158094957811
2018-05-23,0.7106772784118588
2018-05-24,0.7107921472866862
2018-05-25,0.710873856468763
2018-05-28,0.710931974030484
2018-05-29,0.710973309337028
2018-05-30,0.7110027074030713
2018-05-31,0.7110236150353169
2018-06-01,0.6675032722742302
2018-06-04,0.6724446662814185
2018-06-05,0.6793642808226019
2018-06-06,0.68656485254249
2018-06-07,0.6931265270814089
2018-06-08,0.6986590051406263
2018-06-11,0.7030927594202199
2018-06-12,0.7065242706529054
2018-06-13,0.709115917576472
2018-06-14,0.7110396236282512
2018-06-15,0.7124500377847787
2018-06-18,0.71347507599826
2018-06-19,0.7142153892571328
2018-06-20,0.7147476872161305
2018-06-21,0.7151292053641836
2018-06-22,0.7154020365065711
2018-06-25,0.7155968297992438
2018-06-26,0.7157357472757973
2018-06-27,0.715834736074523
2018-06-28,0.7159052319316084
2018-06-29,0.7159554155706715
2018-07-02,0.7159911291518384
2018-07-03,0.7182118045636431
2018-07-04,0.7175785478463651
2018-07-05,0.717167416807788
2018-07-06,0.7168952299923907
2018-07-09,0.7167120093042763
2018-07-10,0.7165869936554767
2018-07-11,0.716500778340903
2018-07-12,0.7164408332975554
2018-07-13,0.7163988972105227
2018-07-16,0.7163694261936454
2018-07-17,0.7163486461743356
2018-07-18,0.7163339587795042
2018-07-19,0.7163235595787449
2018-07-20,0.7163161873507907
2018-07-23,0.7163109563226828
2018-07-24,0.7163072422205652
2018-07-25,0.7163046039493874
2018-07-26,0.7163027292709164
2018-07-27,0.7163013968692621
2018-07-30,0.7163004497264482
2018-07-31,0.7162997763669676
2018-08-01,0.6741458050421947
2018-08-02,0.6850349053483797
2018-08-03,0.6931614732013291
2018-08-06,0.6991380512970009
2018-08-07,0.7034897669524217
2018-08-08,0.7066364763792299
2018-08-09,0.7089008080798045
2018-08-10,0.7105246103657437
2018-08-13,0.7116862507527728
2018-08-14,0.7125158391854233
2018-08-15,0.7131075685671593
2018-08-16,0.7135292716790275
2018-08-17,0.7138296183226485
2018-08-20,0.7140434384142531
2018-08-21,0.7141956119053333
2018-08-22,0.7143038881922619
2018-08-23,0.7143809180947039
2018-08-24,0.7144357125655445
2018-08-27,0.7144746869770017
2018-08-28,0.7145024072701232
2018-08-29,0.7145221223524412
2018-08-30,0.7145361436092457
2018-08-31,0.7145461152461212
2018-09-03,0.7007426654940863
2018-09-04,0.7028302832636736
2018-09-05,0.7053663816514185
2018-09-06,0.7077743899961461
2018-09-07,0.7098240185096997
2018-09-10,0.711465118214622
2018-09-11,0.7127301557514015
2018-09-12,0.713681330989621
2018-09-13,0.7143845832475182
2018-09-14,0.7148985489214987
2018-09-17,0.7152711627182347
2018-09-18,0.7155397790678819
2018-09-19,0.7157326559712338
2018-09-20,0.7158707609392725
2018-09-21,0.7159694515670496
2018-09-24,0.7160398772832401
2018-09-25,0.7160900829789233
2018-09-26,0.7161258486885085
2018-09-27,0.7161513147645399
2018-09-28,0.7161694407589831
2018-10-01,0.7161823390219388
2018-10-02,0.5740671906765016
2018-10-03,0.6045523429460118
2018-10-04,0.6274506406372118
2018-10-05,0.644417890907899
2018-10-08,0.6568567890817247
2018-10-09,0.6659018582540672
2018-10-10,0.6724390769522653
2018-10-11,0.6771425729862497
2018-10-12,0.6805156242161499
2018-10-15,0.6829288187721267
2018-10-16,0.6846523435891239
2018-10-17,0.6858817869182965
2018-10-18,0.6867580147035222
2018-10-19,0.6873821119068986
2018-10-22,0.6878264284089561
2018-10-23,0.6881426515407515
2018-10-24,0.6883676584209837
2018-10-25,0.6885277348731729
2018-10-26,0.6886416047670698
2018-10-29,0.6887225991068375
2018-10-30,0.6887802060745457
2018-10-31,0.6888211771427937
2018-11-01,0.22420938753163638
2018-11-02,-0.01826505710576238
2018-11-05,-0.19447102713928252
2018-11-06,-0.3217474832772729
2018-11-07,-0.41327786802657884
2018-11-08,-0.4788927146074367
2018-11-09,-0.5258222156919155
2018-11-12,-0.5593324711773477
2018-11-13,-0.5832325977646629
2018-11-14,-0.6002643340081384
2018-11-15,-0.6123942612452927
2018-11-16,-0.6210294645749463
2018-11-19,-0.6271749366504085
2018-11-20,-0.631547581230677
2018-11-21,-0.6346583403546963
2018-11-22,-0.6368711350066885
2018-11-23,-0.638445052880303
2018-11-26,-0.6395644881749597
2018-11-27,-0.6403606453892887
2018-11-28,-0.6409268671023174
2018-11-29,-0.6413295522014246
2018-11-30,-0.6416159294099096
2018-12-03,-0.34261867295117776
2018-12-04,-0.04096035807048895
2018-12-05,0.1707124400337867
2018-12-06,0.3198358897762365
2018-12-07,0.4251850122964107
2018-12-10,0.49975411256985774
2018-12-11,0.5526083475512614
2018-12-12,0.5901072914684236
2018-12-13,0.6167301172329209
2018-12-14,0.635640435620927
2018-12-17,0.6490771212575079
2018-12-18,0.6586268482468474
2018-12-19,0.6654152050934393
2018-12-20,0.670241252563452
2018-12-21,0.6736725339400546
2018-12-24,0.6761122987193715
2018-12-25,0.6778471357791357
2018-12-26,0.6790807603486144
2018-12-27,0.67995799744671
2018-12-28,0.6805818153538511
2018-12-31,0.6810254276435497
2019-01-01,0.46611312841517716
2019-01-02,0.46697160391569664
2019-01-03,0.4785249392252684
2019-01-04,0.49801790955503156
2019-01-07,0.5228620816113436
2019-01-08,0.5505296398071526
2019-01-09,0.5786689131749854
2019-01-10,0.6053226189998256
2019-01-11,0.6291174445238019
2019-01-14,0.649328722254797
2019-01-15,0.6658030018261062
2019-01-16,0.6787911697354447
2019-01-17,0.6887654753894171
2019-01-18,0.69627187483289
2019-01-21,0.7018353158621651
2019-01-22,0.705912104616346
2019-01-23,0.7088746429639691
2019-01-24,0.711014408579566
2019-01-25,0.7125531140000838
2019-01-28,0.7136560929814948
2019-01-29,0.7144449358936993
2019-01-30,0.715008192567518
2019-01-31,0.7154099063513654
2019-02-01,0.6993050854892785
2019-02-04,0.7039178474741844
2019-02-05,0.7072844804322179
2019-02-06,0.7097216780317261
2019-02-07,0.7114764488235104
2019-02-08,0.7127351901772545
2019-02-11,0.7136358008483977
2019-02-12,0.7142790209927843
2019-02-13,0.7147378346017312
2019-02-14,0.7150648200090248
2019-02-15,0.7152977088961205
2019-02-18,0.7154635059652709
2019-02-19,0.7155815023282812
2019-02-20,0.7156654606370805
2019-02-21,0.7157251903022093
2019-02-22,0.7157676784409086
2019-02-25,0.7157978995694018
2019-02-26,0.7158193941521224
2019-02-27,0.7158346814191406
2019-02-28,0.7158455536392715
2019-03-01,0.6617555164173203
2019-03-04,0.6755248414854245
2019-03-05,0.6856899326240049
2019-03-06,0.693113498322974
2019-03-07,0.6984936607919883
2019-03-08,0.7023717408272647
2019-03-11,0.70515628333756
2019-03-12,0.707150118473004
2019-03-13,0.7085749633710757
2019-03-14,0.7095917621959902
2019-03-15,0.7103166441051609
2019-03-18,0.7108330480707074
2019-03-19,0.7112007460658227
2019-03-20,0.7114624654886377
2019-03-21,0.7116487037622863
2019-03-22,0.7117812057673037
2019-03-25,0.7118754640303823
2019-03-26,0.7119425105450314
2019-03-27,0.7119901980259932
2019-03-28,0.7120241146188467
2019-03-29,0.7120482361898208
2019-04-01,0.7120653911088386
2019-04-02,0.6141082421091424
2019-04-03,0.6258734375979775
2019-04-04,0.640259487647127
2019-04-05,0.6548328475107295
2019-04-08,0.6681400515275882
2019-04-09,0.6794834830224906
2019-04-10,0.6886902171933728
2019-04-11,0.6958993200462875
2019-04-12,0.7013971119638088
2019-04-15,0.7055093651145794
2019-04-16,0.708542065492701
2019-04-17,0.7107557809502214
2019-04-18,0.7123597466173147
2019-04-19,0.7135157332532793
2019-04-22,0.7143456796108852
2019-04-23,0.7149399158604289
2019-04-24,0.7153645546205118
2019-04-25,0.7156675770118326
2019-04-26,0.7158835991720338
2019-04-29,0.7160374906354724
2019-04-30,0.7161470657481295
2019-05-01,0.6208182322954381
2019-05-02,0.6445442222369888
2019-05-03,0.6626666217623334
2019-05-06,0.6762520176370844
2019-05-07,0.686293372717068
2019-05-08,0.6936373974407952
2019-05-09,0.6989670399516823
2019-05-10,0.702812895546139
2019-05-13,0.7055766295347644
2019-05-14,0.7075568183019085
2019-05-15,0.7089725720576505
2019-05-16,0.7099832272239102
2019-05-17,0.710703906738837
2019-05-20,0.711217407934149
2019-05-21,0.7115830855301648
2019-05-22,0.7118433905443942
2019-05-23,0.712028634359662
2019-05-24,0.7121604349463229
2019-05-27,0.712254197334281
2019-05-28,0.7123208926974389
2019-05-29,0.7123683312123215
2019-05-30,0.7124020711357437
2019-05-31,0.7124260672622781
2019-06-03,0.5553622073075075
2019-06-04,0.5725221986290525
2019-06-05,0.5934616850517459
2019-06-06,0.6151938189826598
2019-06-07,0.635666896189675
2019-06-10,0.6536704079085558
2019-06-11,0.6686954700679867
2019-06-12,0.6807384633206626
2019-06-13,0.6900961681530872
2019-06-14,0.6971979128258229
2019-06-17,0.7024931936512299
2019-06-18,0.7063902285680976
2019-06-19,0.7092308819159545
2019-06-20,0.7112871352163901
2019-06-21,0.7127681122706118
2019-06-24,0.7138309004590998
2019-06-25,0.7145916063428828
2019-06-26,0.7151350813232566
2019-06-27,0.7155228437769571
2019-06-28,0.7157992454399785
2019-07-01,0.7159961348723392
2019-07-02,0.7099814878996678
2019-07-03,0.7115962350312832
2019-07-04,0.712858919123374
2019-07-05,0.713815138239759
2019-07-08,0.7145247947294968
2019-07-09,0.715044526520198
2019-07-10,0.7154217758499803
2019-07-11,0.7156939309635207
2019-07-12,0.7158894366640696
2019-07-15,0.7160294641220872
2019-07-16,0.7161295473954746
2019-07-17,0.7162009758835898
2019-07-18,0.7162519007910033
2019-07-19,0.7162881809839532
2019-07-22,0.7163140144365439
2019-07-23,0.7163324024415151
2019-07-24,0.7163454874095312
2019-07-25,0.7163547969803788
2019-07-26,0.7163614195885286
2019-07-29,0.7163661303110049
2019-07-30,0.716369480866984
2019-07-31,0.7163718638752459
2019-08-01,0.7096023090762933
2019-08-02,0.7108460549872864
2019-08-05,0.7120933769405878
2019-08-06,0.7131734912539767
2019-08-07,0.7140431000481333
2019-08-08,0.714714336423665
2019-08-09,0.715218961196064
2019-08-12,0.7155918298775286
2019-08-13,0.7158641557663967
2019-08-14,0.7160614697798812
2019-08-15,0.7162036454233588
2019-08-16,0.7163056957225501
2019-08-19,0.7163787464428462
2019-08-20,0.7164309384004972
2019-08-21,0.7164681771593486
2019-08-22,0.7164947214315016
2019-08-23,0.7165136296893853
2019-08-26,0.7165270921029363
2019-08-27,0.7165366738727615
2019-08-28,0.7165434919666306
2019-08-29,0.7165483426754433
2019-08-30,0.7165517932714645
2019-09-02,0.7165542476702583
2019-09-03,0.4221868180405216
2019-09-04,0.21390432613784688
2019-09-05,0.03728728217805132
2019-09-06,-0.10673218642688412
2019-09-09,-0.22041912232888222
2019-09-10,-0.30785443166173343
2019-09-11,-0.3737472377475129
2019-09-12,-0.4226417627897843
2019-09-13,-0.45850446938707856
2019-09-16,-0.48458421438044147
2019-09-17,-0.5034312075200588
2019-09-18,-0.5169895394111845
2019-09-19,-0.5267113214247704
2019-09-20,-0.53366575705111
2019-09-23,-0.5386321898690013
2019-09-24,-0.5421746336285957
2019-09-25,-0.5446992018955753
2019-09-26,-0.5464972628725473
2019-09-27,-0.5477773265485965
2019-09-30,-0.5486883369418634
2019-10-01,0.2051705370612829
2019-10-02,0.2501085454406746
2019-10-03,0.2976048493387423
2019-10-04,0.34711646795975126
2019-10-07,0.39755396903008655
2019-10-08,0.44737993601729165
2019-10-09,0.49483305420668144
2019-10-10,0.5382479470042085
2019-10-11,0.5763706433062128
2019-10-14,0.6085530486103585
2019-10-15,0.6347680579236123
2019-10-16,0.6554755573868658
2019-10-17,0.6714229233835043
2019-10-18,0.6834588557981177
2019-10-21,0.6924018573180781
2019-10-22,0.6989685844676853
2019-10-23,0.703748166072436
2019-10-24,0.7072045261035004
2019-10-25,0.7096922370471785
2019-10-28,0.7114766648721611
2019-10-29,0.7127534891157701
2019-10-30,0.7136654952678321
2019-10-31,0.7143160990685821
2019-11-01,0.6759341553275039
2019-11-04,0.6839677237739292
2019-11-05,0.6913043432096326
2019-11-06,0.6974569586562746
2019-11-07,0.7023558190318057
2019-11-08,0.7061255050278357
2019-11-11,0.708959389547867
2019-11-12,0.7110554352391634
2019-11-13,0.7125881280678326
2019-11-14,0.7136998613547652
2019-11-15,0.7145016488613547
2019-11-18,0.7150775566950891
2019-11-19,0.7154900273184699
2019-11-20,0.7157848372937665
2019-11-21,0.7159952432694905
2019-11-22,0.7161452544968725
2019-11-25,0.716252127832505
2019-11-26,0.7163282283064458
2019-11-27,0.7163823963955149
2019-11-28,0.7164209428627537
2019-11-29,0.716448367684157
2019-12-02,0.7164678771256385
2019-12-03,0.6973046324102234
2019-12-04,0.7019678451922203
2019-12-05,0.7056768882860689
2019-12-06,0.70851895513675
2019-12-09,0.7106458164218101
2019-12-10,0.7122127330865998
2019-12-11,0.71335491254095
2019-12-12,0.7141813990666058
2019-12-13,0.7147763977723132
2019-12-16,0.7152032113434832
2019-12-17,0.7155086070030823
2019-12-18,0.7157267353439115
2019-12-19,0.7158823363635834
2019-12-20,0.7159932343599797
2019-12-23,0.716072221956336
2019-12-24,0.716128455841845
2019-12-25,0.7161684777746333
2019-12-26,0.7161969550931596
2019-12-27,0.7162172146440433
2019-12-30,0.7162316261893457
2019-12-31,0.7162418769419938
2020-01-01,0.6056737959312605
2020-01-02,0.6327392376324769
2020-01-03,0.6529432098875668
2020-01-06,0.6678462891289088
2020-01-07,0.6787357987785758
2020-01-08,0.6866351652447237
2020-01-09,0.6923343941976285
2020-01-10,0.6964298096045244
2020-01-13,0.6993641327308604
2020-01-14,0.7014620886393861
2020-01-15,0.7029597742582261
2020-01-16,0.7040277667607457
2020-01-17,0.704788748829638
2020-01-20,0.7053306707929983
2020-01-21,0.7057164377737077
2020-01-22,0.7059909674463879
2020-01-23,0.7061862957406558
2020-01-24,0.7063252519949736
2020-01-27,0.7064240950712208
2020-01-28,0.7064943994764087
2020-01-29,0.7065444024865635
2020-01-30,0.7065799650969073
2020-01-31,0.7066052568911666
2020-02-03,0.5281741824549171
2020-02-04,0.5229850542132214
2020-02-05,0.5290658125622805
2020-02-06,0.543390165562114
2020-02-07,0.5631321040707836
2020-02-10,0.5856406918554278
2020-02-11,0.6085911495003136
2020-02-12,0.6301802796063856
2020-02-13,0.6492457380401246
2020-02-14,0.6652504935308052
2020-02-17,0.6781530089928929
2020-02-18,0.6882290388325015
2020-02-19,0.6959072176992007
2020-02-20,0.7016505710849683
2020-02-21,0.7058875931796392
2020-02-24,0.7089816367250661
2020-02-25,0.7112242746452787
2020-02-26,0.7128410471289288
2020-02-27,0.7140020933664182
2020-02-28,0.7148335450623946
2020-03-02,0.7154277766540651
2020-03-03,0.5755646366888032
2020-03-04,0.6088134384499422
2020-03-05,0.6353557191608461
2020-03-06,0.6559695752242961
2020-03-09,0.6716312403397857
2020-03-10,0.6833282252397581
2020-03-11,0.6919506914765375
2020-03-12,0.6982447950145152
2020-03-13,0.7028061269274202
2020-03-16,0.7060942635628021
2020-03-17,0.7084554992563133
2020-03-18,0.7101464259916521
2020-03-19,0.711354921518805
2020-03-20,0.7122173943653094
2020-03-23,0.7128322917524005
2020-03-24,0.7132703617520525
2020-03-25,0.7135822929386495
2020-03-26,0.713804323805036
2020-03-27,0.7139623224826593
2020-03-30,0.7140747343275201
2020-03-31,0.7141547016799751
2020-04-01,-0.453792119096303
2020-04-02,-0.480651845492613
2020-04-03,-0.5085005934864151
2020-04-06,-0.5358740186150069
2020-04-07,-0.5613931363406877
2020-04-08,-0.5840211726890212
2020-04-09,-0.6031980146965004
2020-04-10,-0.6188269237674409
2020-04-13,-0.6311576621436811
2020-04-14,-0.640636475311904
2020-04-15,-0.6477768463550923
2020-04-16,-0.6530733623325793
2020-04-17,-0.6569571155049684
2020-04-20,-0.659780813000959
2020-04-21,-0.6618210762952532
2020-04-22,-0.663288643422545
2020-04-23,-0.6643408455300495
2020-04-24,-0.6650934854654683
2020-04-27,-0.6656309499462549
2020-04-28,-0.6660142983598646
2020-04-29,-0.6662874900185971
2020-04-30,-0.6664820606560226
2020-05-01,-0.6891983380830546
2020-05-04,-0.6831131039898963
2020-05-05,-0.6786360797152762
2020-05-06,-0.6753731955758169
2020-05-07,-0.673011518791725
2020-05-08,-0.6713106540689315
2020-05-11,-0.6700901053807138
2020-05-12,-0.6692164959207562
2020-05-13,-0.6685923656241298
2020-05-14,-0.6681470597878265
2020-05-15,-0.6678296419847468
2020-05-18,-0.6676035361829962
2020-05-19,-0.667442551792222
2020-05-20,-0.6673279721492283
2020-05-21,-0.6672464406261506
2020-05-22,-0.6671884352167444
2020-05-25,-0.6671471724855614
2020-05-26,-0.6671178223974367
2020-05-27,-0.6670969470460855
2020-05-28,-0.6670821000383453
2020-05-29,-0.6670715408535647
2020-06-01,-0.6670640313347252
2020-06-02,-0.6517505609694743
2020-06-03,-0.6562614157731173
2020-06-04,-0.6594108933478036
2020-06-05,-0.6616218404239791
2020-06-08,-0.6631798442343169
2020-06-09,-0.6642806697553082
2020-06-10,-0.6650599369406919
2020-06-11,-0.6656123100454732
2020-06-12,-0.6660042216771151
2020-06-15,-0.6662824710075127
2020-06-16,-0.6664801161504845
2020-06-17,-0.6666205540976291
2020-06-18,-0.6667203670115358
2020-06-19,-0.666791318719411
2020-06-22,-0.6668417606230712
2020-06-23,-0.6668776245136042
2020-06-24,-0.6669031250821353
2020-06-25,-0.6669212577284076
2020-06-26,-0.6669341516768373
2020-06-29,-0.6669433206395348
2020-06-30,-0.6669498408447523
2020-07-01,-0.6618886175315639
2020-07-02,-0.6633605290603668
2020-07-03,-0.6644003237290677
2020-07-06,-0.6651362862473152
2020-07-07,-0.6656579123586879
2020-07-08,-0.6660279830797643
2020-07-09,-0.6662907128034781
2020-07-10,-0.6664773275439191
2020-07-13,-0.6666099244541097
2020-07-14,-0.666704162861553
2020-07-15,-0.6667711511007296
2020-07-16,-0.6668187748155487
2020-07-17,-0.6668526347740742
2020-07-20,-0.6668767103623857
2020-07-21,-0.6668938296949768
2020-07-22,-0.6669060030578875
2020-07-23,-0.6669146595938102
2020-07-24,-0.6669208153964744
2020-07-27,-0.6669251929373676
2020-07-28,-0.6669283059384218
2020-07-29,-0.6669305196999534
2020-07-30,-0.6669320939879788
2020-07-31,-0.6669332135259247
2020-08-03,-0.699410693505992
2020-08-04,-0.6907023616414092
2020-08-05,-0.684211641211588
2020-08-06,-0.6794353437508711
2020-08-07,-0.6759537419756945
2020-08-10,-0.6734334006626032
2020-08-11,-0.6716180667459295
2020-08-12,-0.6703152657897855
2020-08-13,-0.6693827264165824
2020-08-14,-0.6687164647562093
2020-08-17,-0.6682410832719132
2020-08-18,-0.6679022192258108
2020-08-19,-0.6676608325214797
2020-08-20,-0.6674889662204396
2020-08-21,-0.6673666403733801
2020-08-24,-0.6672795963335834
2020-08-25,-0.6672176687809862
2020-08-26,-0.6671736158538184
2020-08-27,-0.6671422810346395
2020-08-28,-0.6671199940005841
2020-08-31,-0.6671041429549718
2020-09-01,-0.611963973876318
2020-09-02,-0.6292513009673358
2020-09-03,-0.6407258723285838
2020-09-04,-0.6485073438953691
2020-09-07,-0.6538611706017512
2020-09-08,-0.6575813824829435
2020-09-09,-0.6601842444558124
2020-09-10,-0.662014095139365
2020-09-11,-0.6633048425041688
2020-09-14,-0.6642174762395486
2020-09-15,-0.6648638435190068
2020-09-16,-0.6653221724532238
2020-09-17,-0.6656474396717403
2020-09-18,-0.6658784132854711
2020-09-21,-0.6660424980912779
2020-09-22,-0.6661590998260798
2020-09-23,-0.6662419769151341
2020-09-24,-0.6663008924661837
2020-09-25,-0.6663427787952626
2020-09-28,-0.6663725603934791
2020-09-29,-0.666393736563109
2020-09-30,-0.6664087944375245
2020-10-01,-0.6754418708178119
2020-10-02,-0.6729204310368574
2020-10-05,-0.6711033696895875
2020-10-06,-0.6697988521775979
2020-10-07,-0.668864841775016
2020-10-08,-0.6681974061594955
2020-10-09,-0.6677211247190802
2020-10-12,-0.6673815875862135
2020-10-13,-0.6671397054278229
2020-10-14,-0.6669674782740271
2020-10-15,-0.6668448914955108
2020-10-16,-0.6667576597118192
2020-10-19,-0.666695597540739
2020-10-20,-0.6666514483209772
2020-10-21,-0.6666200447408239
2020-10-22,-0.6665977086646033
2020-10-23,-0.6665818226705025
2020-10-26,-0.6665705245152193
2020-10-27,-0.6665624894304872
2020-10-28,-0.6665567750900123
2020-10-29,-0.6665527112500574
2020-10-30,-0.6665498212130623
2020-11-02,-0.6665477659491633
2020-11-03,-0.5275125583900623
2020-11-04,-0.1280222969711644
2020-11-05,0.13363215187904032
2020-11-06,0.3094923925534182
2020-11-09,0.4297505173751972
2020-11-10,0.5129615077837545
2020-11-11,0.571008916822274
2020-11-12,0.6117327394733497
2020-11-13,0.640416830557418
2020-11-16,0.6606772882432741
2020-11-17,0.6750161828904558
2020-11-18,0.6851784202845574
2020-11-19,0.6923877231731447
2020-11-20,0.6975057482500832
2020-11-23,0.7011409472717683
2020-11-24,0.7037238487625889
2020-11-25,0.705559528075634
2020-11-26,0.7068643867479056
2020-11-27,0.7077920393416319
2020-11-30,0.7084515874963225
2020-12-01,0.7065894440683406
2020-12-02,0.7074636054788797
2020-12-03,0.7080836128275558
2020-12-04,0.7085236974744289
2020-12-07,0.708836242522674
2020-12-08,0.709058295843637
2020-12-09,0.7092161010805276
2020-12-10,0.7093282694596701
2020-12-11,0.709408010116497
2020-12-14,0.7094647034582778
2020-12-15,0.7095050136433643
2020-12-16,0.7095336764822469
2020-12-17,0.709554058117451
2020-12-18,0.7095685515016352
2020-12-21,0.7095788579344627
2020-12-22,0.7095861870655742
2020-12-23,0.7095913990192273
2020-12-24,0.7095951054116683
2020-12-25,0.7095977411618825
2020-12-28,0.7095996155456585
2020-12-29,0.7096009484954475
2020-12-30,0.7096018964112878
2020-12-31,0.7096025705143201
2021-01-01,0.7169777125917806
2021-01-04,0.7155150687544889
2021-01-05,0.7145790285486192
2021-01-06,0.7139688154835655
2021-01-07,0.7135639855849352
2021-01-08,0.7132912279849524
2021-01-11,0.7131050644061119
2021-01-12,0.7129766794000555
2021-01-13,0.7128874247556751
2021-01-14,0.7128249938607352
2021-01-15,0.7127811261984829
2021-01-18,0.7127501988376546
2021-01-19,0.7127283413562285
2021-01-20,0.7127128666096877
2021-01-21,0.712701896812135
2021-01-22,0.7126941134101883
2021-01-25,0.71268858724913
2021-01-26,0.7126846618850544
2021-01-27,0.7126818726784012
2021-01-28,0.7126798903101921
2021-01-29,0.7126784811471666
2021-02-01,0.7126774793257089
2021-02-02,0.6985036567843224
2021-02-03,0.70038220232113
2021-02-04,0.7030563275738131
2021-02-05,0.7057536331636654
2021-02-08,0.7081273730949638
2021-02-09,0.7100683773358342
2021-02-10,0.7115857774061286
2021-02-11,0.7127377824781644
2021-02-12,0.7135952789884674
2021-02-15,0.7142249490713091
2021-02-16,0.7146829756608106
2021-02-17,0.7150139486899562
2021-02-18,0.7152519994200711
2021-02-19,0.7154226532589358
2021-02-22,0.715544706736869
2021-02-23,0.7156318565797593
2021-02-24,0.7156940112655185
2021-02-25,0.7157383026874684
2021-02-26,0.7157698460925047
2021-03-01,0.7157923011953293
2021-03-02,0.5812924362438524
2021-03-03,0.6027902822819751
2021-03-04,0.6243512743836744
2021-03-05,0.6440324596830662
2021-03-08,0.6608768764390176
2021-03-09,0.6746240304256879
2021-03-10,0.6854480328110775
2021-03-11,0.69374283832833
2021-03-12,0.699971965780422
2021-03-15,0.7045801712824105
2021-03-16,0.7079519172417419
2021-03-17,0.7103992700368896
2021-03-18,0.7121653864718287
2021-03-19,0.7134345802266436
2021-03-22,0.7143439374577432
2021-03-23,0.7149940807544508
2021-03-24,0.7154581873062059
2021-03-25,0.7157891287166336
2021-03-26,0.7160249297891224
2021-03-29,0.7161928485115268
2021-03-30,0.7163123795365729
2021-03-31,0.716397442374634
2021-04-01,0.6103466671060607
2021-04-02,0.6371090264955934
2021-04-05,0.6571682497096156
2021-04-06,0.6720072095518707
2021-04-07,0.6828721428328979
2021-04-08,0.6907652523737403
2021-04-09,0.6964659433895066
2021-04-12,0.7005654805026799
2021-04-13,0.7035043284797562
2021-04-14,0.70560632132349
2021-04-15,0.7071072968870098
2021-04-16,0.7081778427460527
2021-04-19,0.7089407493587865
2021-04-20,0.7094840951785797
2021-04-21,0.709870902742414
2021-04-22,0.7101461866190442
2021-04-23,0.7103420584532121
2021-04-26,0.7104814048840706
2021-04-27,0.7105805272750628
2021-04-28,0.710651031245878
2021-04-29,0.7107011766477901
2021-04-30,0.7107368407578911
2021-05-03,0.6779191382463411
2021-05-04,0.6812918072425772
2021-05-05,0.6865979718116871
2021-05-06,0.6922924424427455
2021-05-07,0.6975415480332492
2021-05-10,0.7019878724689858
2021-05-11,0.7055576388158036
2021-05-12,0.70832212591041
2021-05-13,0.7104101968022283
2021-05-14,0.7119599565946972
2021-05-17,0.7130960259419376
2021-05-18,0.7139215540252841
2021-05-19,0.714517697513911
2021-05-20,0.7149462906114515
2021-05-21,0.7152534552746084
2021-05-24,0.7154731018200697
2021-05-25,0.7156299160995386
2021-05-26,0.7157417451906894
2021-05-27,0.7158214297298506
2021-05-28,0.7158781769364592
2021-05-31,0.7159185728972407
2021-06-01,0.7156262205048594
2021-06-02,0.7153675655859744
2021-06-03,0.7154274256279729
2021-06-04,0.7155997701520752
2021-06-07,0.7157905175998561
2021-06-08,0.7159616315191171
2021-06-09,0.716101624002569
2021-06-10,0.7162105743383789
2021-06-11,0.716292856052153
2021-06-14,0.7163538174512982
2021-06-15,0.7163984141943387
2021-06-16,0.7164307606899465
2021-06-17,0.7164540841101152
2021-06-18,0.7164708327802682
2021-06-21,0.7164828257236062
2021-06-22,0.7164913960605875
2021-06-23,0.7164975118721899
2021-06-24,0.7165018717555048
2021-06-25,0.7165049776540766
2021-06-28,0.7165071891239548
2021-06-29,0.7165087631779541
2021-06-30,0.7165098832553918
2021-07-01,0.6829563698314673
2021-07-02,0.6900921775499711
2021-07-05,0.6963565118465483
2021-07-06,0.7014749220614422
2021-07-07,0.7054769850779516
2021-07-08,0.7085170233149141
2021-07-09,0.7107813187417829
2021-07-12,0.7124449868588001
2021-07-13,0.7136557357480302
2021-07-14,0.7145309628302681
2021-07-15,0.7151606471476404
2021-07-16,0.7156121521869397
2021-07-19,0.7159351243380966
2021-07-20,0.716165762531654
2021-07-21,0.7163302657455624
2021-07-22,0.716447497681834
2021-07-23,0.716530991318509
2021-07-26,0.7165904305347015
2021-07-27,0.7166327323784007
2021-07-28,0.7166628312780491
2021-07-29,0.7166842441275356
2021-07-30,0.7166994758959606
2021-08-02,0.7167103099768362
2021-08-03,0.5981074320750472
2021-08-04,0.6272999896954329
2021-08-05,0.649815134147846
2021-08-06,0.6668343421046196
2021-08-09,0.6794981306930603
2021-08-10,0.6888082341087959
2021-08-11,0.695591142282205
2021-08-12,0.700499878068765
2021-08-13,0.7040349239791468
2021-08-16,0.7065716589932132
2021-08-17,0.7083873403470612
2021-08-18,0.7096845266011053
2021-08-19,0.710610056495764
2021-08-20,0.7112697887402658
2021-08-23,0.7117397387419421
2021-08-24,0.7120743391234798
2021-08-25,0.7123124899896758
2021-08-26,0.7124819517678417
2021-08-27,0.7126025152537834
2021-08-30,0.712688279458406
2021-08-31,0.7127492834250216
2021-09-01,0.7224705167591552
2021-09-02,0.7200491997412569
2021-09-03,0.7184053638789657
2021-09-06,0.7172786978557655
2021-09-07,0.7164999977048518
2021-09-08,0.715958041873574
2021-09-09,0.7155787650680558
2021-09-10,0.7153122042050662
2021-09-13,0.715124260401271
2021-09-14,0.7149914320755905
2021-09-15,0.7148973929752797
2021-09-16,0.7148307315521699
2021-09-17,0.7147834342329571
2021-09-20,0.7147498540561439
2021-09-21,0.7147260015894127
2021-09-22,0.7147090531629336
2021-09-23,0.7146970075326858
2021-09-24,0.7146884449677906
2021-09-27,0.7146823575782104
2021-09-28,0.714678029491338
2021-09-29,0.7146749520651561
2021-09-30,0.7146727638078194
2021-10-01,0.6814681824290078
2021-10-04,0.6855505666926833
2021-10-05,0.6908894943041716
2021-10-06,0.6962235134023991
2021-10-07,0.700941773637539
2021-10-08,0.7048314288425805
2021-10-11,0.7078960730322064
2021-10-12,0.7102380120411741
2021-10-13,0.7119902251550978
2021-10-14,0.7132819300913524
2021-10-15,0.7142242563598153
2021-10-18,0.7149066376949327
2021-10-19,0.7153981960946236
2021-10-20,0.7157509777591788
2021-10-21,0.7160034933174646
2021-10-22,0.7161839005411139
2021-10-25,0.7163126185832683
2021-10-26,0.7164043699184474
2021-10-27,0.7164697269096032
2021-10-28,0.7165162601345771
2021-10-29,0.7165493798011549
2021-11-01,0.7165729467471063
2021-11-02,0.7174213201257933
2021-11-03,0.7171658875499589
2021-11-04,0.7169945403369165
2021-11-05,0.7168779301472119
2021-11-08,0.7167976665859725
2021-11-09,0.7167419387623907
2021-11-10,0.716702993131304
2021-11-11,0.7166756441091041
2021-11-12,0.7166563706723481
2021-11-15,0.7166427533905146
2021-11-16,0.7166331145306054
2021-11-17,0.7166262826738261
2021-11-18,0.7166214357533591
2021-11-19,0.7166179947184218
2021-11-22,0.7166155505922777
2021-11-23,0.7166138139560307
2021-11-24,0.7166125797107011
2021-11-25,0.7166117023653138
2021-11-26,0.7166110786388957
2021-11-29,0.7166106351768853
2021-11-30,0.7166103198606977
2021-12-01,0.6269197381014009
2021-12-02,0.6498571803786912
2021-12-03,0.6669638114759738
2021-12-06,0.6795642145223105
2021-12-07,0.6887582916617803
2021-12-08,0.6954198156772734
2021-12-09,0.700221404665968
2021-12-10,0.703669277195436
2021-12-13,0.7061383013739874
2021-12-14,0.7079028769575493
2021-12-15,0.7091622031849889
2021-12-16,0.7100600339228913
2021-12-17,0.7106996730026633
2021-12-20,0.7111551329736736
2021-12-21,0.7114793268604052
2021-12-22,0.7117100254839437
2021-12-23,0.7118741614327899
2021-12-24,0.7119909242121278
2021-12-27,0.7120739788464524
2021-12-28,0.71213305251695
2021-12-29,0.712175067399681
2021-12-30,0.7122049485628157
2021-12-31,0.7122261996559407
2022-01-03,0.6907393997745641
2022-01-04,0.6956507350713321
2022-01-05,0.6991377602915669
2022-01-06,0.7016146277705273
2022-01-07,0.7033745480338771
2022-01-10,0.7046253459549123
2022-01-11,0.7055144577958037
2022-01-12,0.7061465487562673
2022-01-13,0.7065959573639193
2022-01-14,0.706915501450435
2022-01-17,0.7071427179511927
2022-01-18,0.7073042887894512
2022-01-19,0.7074191824538102
2022-01-20,0.7075008851327165
2022-01-21,0.7075589858607985
2022-01-24,0.7076003030201177
2022-01-25,0.7076296850568514
2022-01-26,0.7076505797098298
2022-01-27,0.707665438714683
2022-01-28,0.7076760055565575
2022-01-31,0.7076835200783517
2022-02-01,0.6801784788426146
2022-02-02,0.6820937668448912
2022-02-03,0.686511922104499
2022-02-04,0.6917399153775042
2022-02-07,0.6967945675256755
2022-02-08,0.7012006376741331
2022-02-09,0.7048051767726498
2022-02-10,0.7076326528493563
2022-02-11,0.7097874903176898
2022-02-14,0.7113969053180007
2022-02-15,0.7125819717408318
2022-02-16,0.7134458277497164
2022-02-17,0.7140710498309011
2022-02-18,0.7145212656700005
2022-02-21,0.7148442926588003
2022-02-22,0.7150754681023768
2022-02-23,0.7152406078537041
2022-02-24,0.7153584220590907
2022-02-25,0.7154423956418507
2022-02-28,0.7155022095985774
2022-03-01,0.6668820833861384
2022-03-02,0.6794273382463951
2022-03-03,0.6884547985400895
2022-03-04,0.6949292997511802
2022-03-07,0.6995616908460427
2022-03-08,0.7028703619058141
2022-03-09,0.7052306365097231
2022-03-10,0.7069128639005854
2022-03-11,0.7081110661293919
2022-03-14,0.7089641227413523
2022-03-15,0.7095712567148458
2022-03-16,0.7100032636061471
2022-03-17,0.7103106079267693
2022-03-18,0.7105292374031833
2022-03-21,0.710684746550764
2022-03-22,0.7107953522075509
2022-03-23,0.7108740169928507
2022-03-24,0.7109299631566663
2022-03-25,0.7109697510518956
2022-03-28,0.7109980470492008
2022-03-29,0.7110181701240096
2022-03-30,0.7110324808060606
2022-03-31,0.711042657903789
2022-04-01,0.49104232643205703
2022-04-04,0.5007169231819173
2022-04-05,0.5190249343498846
2022-04-06,0.5426944029223786
2022-04-07,0.56886595894844
2022-04-08,0.5951081268717293
2022-04-11,0.619560983167419
2022-04-12,0.6410402670738788
2022-04-13,0.6590180738479201
2022-04-14,0.6734881680411815
2022-04-15,0.6847790548628361
2022-04-18,0.6933794570457676
2022-04-19,0.699811405295985
2022-04-20,0.7045560306676086
2022-04-21,0.7080206443860341
2022-04-22,0.7105318666153442
2022-04-25,0.7123422754926717
2022-04-26,0.7136423862333503
2022-04-27,0.714573431863274
2022-04-28,0.7152388465276627
2022-04-29,0.7157137357038146
2022-05-02,0.7160523057138062
2022-05-03,0.5283635513577105
2022-05-04,0.5704806972578518
2022-05-05,0.6033496247127166
2022-05-06,0.6284817853408944
2022-05-09,0.6473684503154611
2022-05-10,0.6613652199940528
2022-05-11,0.6716263609158244
2022-05-12,0.6790873648880109
2022-05-13,0.6844792918945458
2022-05-16,0.6883584708153236
2022-05-17,0.6911402030483353
2022-05-18,0.693130251962483
2022-05-19,0.6945515102235904
2022-05-20,0.6955653097841847
2022-05-23,0.6962878331341942
2022-05-24,0.696802446148976
2022-05-25,0.6971688131889163
2022-05-26,0.6974295571732196
2022-05-27,0.6976150871551354
2022-05-30,0.6977470780789703
2022-05-31,0.6978409691581137
2022-06-01,0.5640794844781247
2022-06-02,0.5725652999274881
2022-06-03,0.587664185134107
2022-06-06,0.6061373288773662
2022-06-07,0.6254199458975493
2022-06-08,0.6436670411115464
2022-06-09,0.6597607180692144
2022-06-10,0.6732163942000248
2022-06-13,0.6840130530561956
2022-06-14,0.6924074772990622
2022-06-15,0.6987803726712876
2022-06-16,0.7035331195712201
2022-06-17,0.7070312578663964
2022-06-20,0.7095813004839723
2022-06-21,0.7114272550569148
2022-06-22,0.7127567956880247
2022-06-23,0.7137109208026478
2022-06-24,0.7143938546805821
2022-06-27,0.7148817689304701
2022-06-28,0.7152298905825312
2022-06-29,0.7154780363164837
2022-06-30,0.7156547984195585
2022-07-01,0.7109230612478901
2022-07-04,0.7123958912823216
2022-07-05,0.7134352262270183
2022-07-06,0.7141703082145446
2022-07-07,0.7146910314427788
2022-07-08,0.7150603213144537
2022-07-11,0.7153224259781371
2022-07-12,0.7155085610782668
2022-07-13,0.7156407991808929
2022-07-14,0.7157347734850188
2022-07-15,0.7158015693946178
2022-07-18,0.7158490540549645
2022-07-19,0.7158828139733258
2022-07-20,0.7159068178361794
2022-07-21,0.7159238858671652
2022-07-22,0.7159360225983593
2022-07-25,0.7159446530085709
2022-07-26,0.7159507901940214
2022-07-27,0.7159551544761418
2022-07-28,0.7159582580385613
2022-07-29,0.7159604650829392
2022-08-01,0.7159620345916096
2022-08-02,0.4149500882255741
2022-08-03,0.46557261466080135
2022-08-04,0.5120543998612305
2022-08-05,0.5531190807863529
2022-08-08,0.5880300662295285
2022-08-09,0.616666624791999
2022-08-10,0.6394294289301747
2022-08-11,0.6570528813075618
2022-08-12,0.6704108244159913
2022-08-15,0.6803692550109468
2022-08-16,0.6877001453151621
2022-08-17,0.6930460149871371
2022-08-18,0.6969172681410343
2022-08-19,0.6997064245434881
2022-08-22,0.7017085471840703
2022-08-23,0.7031418975427473
2022-08-24,0.7041660950789793
2022-08-25,0.7048969319488267
2022-08-26,0.70541792527903
2022-08-29,0.7057890676626921
2022-08-30,0.7060533284248127
2022-08-31,0.7062414206061463
2022-09-01,0.4381670904504489
2022-09-02,0.44975736550086476
2022-09-05,0.4702982165091452
2022-09-06,0.496894661005117
2022-09-07,0.5268872233335453
2022-09-08,0.5577996742280722
2022-09-09,0.5874961608382313
2022-09-12,0.6143828484066042
2022-09-13,0.6375220407697442
2022-09-14,0.6566019976685902
2022-09-15,0.671790748698315
2022-09-16,0.6835462365679228
2022-09-19,0.6924470406395096
2022-09-20,0.6990745544592466
2022-09-21,0.703947902663916
2022-09-22,0.7074983306183269
2022-09-23,0.7100674915368416
2022-09-26,0.7119174685284535
2022-09-27,0.7132448637587041
2022-09-28,0.7141948704490887
2022-09-29,0.7148735418142165
2022-09-30,0.7153577420737371
2022-10-03,0.23607732919546592
2022-10-04,0.0042799578549760015
2022-10-05,-0.17176691086917945
2022-10-06,-0.3042436582926057
2022-10-07,-0.4028821389775764
2022-10-10,-0.47559364673697135
2022-10-11,-0.5287351879506289
2022-10-12,-0.5673058296937216
2022-10-13,-0.595150533610364
2022-10-14,-0.6151703424446322
2022-10-17,-0.6295207174814454
2022-10-18,-0.6397843866283541
2022-10-19,-0.6471133282744919
2022-10-20,-0.652340583094343
2022-10-21,-0.6560657185097213
2022-10-24,-0.6587187935686407
2022-10-25,-0.6606075258861314
2022-10-26,-0.6619517078296665
2022-10-27,-0.6629081323210306
2022-10-28,-0.6635885500399968
2022-10-31,-0.664072557798385
2022-11-01,-0.7154327579552666
2022-11-02,-0.7011041268929008
2022-11-03,-0.6908400388559837
2022-11-04,-0.6836040909752391
2022-11-07,-0.6785470949070711
2022-11-08,-0.6750241854605563
2022-11-09,-0.6725690328903896
2022-11-10,-0.6708540396302073
2022-11-11,-0.6696523979539397
2022-11-14,-0.668807853166304
2022-11-15,-0.6682126655414221
2022-11-16,-0.6677922673813478
2022-11-17,-0.667494802417606
2022-11-18,-0.6672840380701377
2022-11-21,-0.6671345533922431
2022-11-22,-0.6670284525197779
2022-11-23,-0.6669531036907458
2022-11-24,-0.6668995728160446
2022-11-25,-0.6668615315656556
2022-11-28,-0.6668344924056615
2022-11-29,-0.6668152705832718
2022-11-30,-0.6668016045997454
2022-12-01,-0.5546810333995599
2022-12-02,-0.15799517399188828
2022-12-05,0.10557685518153477
2022-12-06,0.2844616732922576
2022-12-07,0.4076126747462316
2022-12-08,0.4932244665832454
2022-12-09,0.5531423594652828
2022-12-12,0.5952752763858714
2022-12-13,0.625000093744638
2022-12-14,0.6460197699050393
2022-12-15,0.6609080892703467
2022-12-16,0.671465801940614
2022-12-19,0.6789587300142248
2022-12-20,0.6842796528015966
2022-12-21,0.6880597453819796
2022-12-22,0.6907459916697158
2022-12-23,0.6926553177539604
2022-12-26,0.6940126275272691
2022-12-27,0.694977619635816
2022-12-28,0.6956637413903068
2022-12-29,0.6961516088199516
2022-12-30,0.6964985205324676
2023-01-02,0.6967452084246699
2023-01-03,0.17273030697447617
2023-01-04,-0.050849459545356246
2023-01-05,-0.21675509574943505
2023-01-06,-0.3384415215974017
2023-01-09,-0.42693220649412605
2023-01-10,-0.49088078803671104
2023-01-11,-0.5368842235080652
2023-01-12,-0.5698699390997443
2023-01-13,-0.5934659626514545
2023-01-16,-0.6103167092166094
2023-01-17,-0.6223359159055135
2023-01-18,-0.630901533513799
2023-01-19,-0.6370021686659644
2023-01-20,-0.6413452858022207
2023-01-23,-0.6444362417834127
2023-01-24,-0.6466355588850285
2023-01-25,-0.6482001987486594
2023-01-26,-0.6493131911518146
2023-01-27,-0.6501048450284799
2023-01-30,-0.6506679039276171
2023-01-31,-0.6510683598971536
2023-02-01,-0.16175983922070591
2023-02-02,0.005468403293753037
2023-02-03,0.14670400694900454
2023-02-06,0.26609895958216734
2023-02-07,0.3658254174186396
2023-02-08,0.4475085716192263
2023-02-09,0.5129051656419511
2023-02-10,0.5640830816801079
2023-02-13,0.6033125079097172
2023-02-14,0.6328573625894129
2023-02-15,0.6547924119423227
2023-02-16,0.6708963401567756
2023-02-17,0.6826187473027503
2023-02-20,0.6910974331267223
2023-02-21,0.6972011636546274
2023-02-22,0.7015801099434018
2023-02-23,0.7047138468733899
2023-02-24,0.706952445148598
2023-02-27,0.7085495385835874
2023-02-28,0.709687909837204
2023-03-01,0.03607494292926789
2023-03-02,-0.08106272688526067
2023-03-03,-0.1846099951749955
2023-03-06,-0.27599365784947744
2023-03-07,-0.355513692244366
2023-03-08,-0.4231810986812987
2023-03-09,-0.4792509445687034
2023-03-10,-0.524454139107923
2023-03-13,-0.5599715731470929
2023-03-14,-0.5872579019912216
2023-03-15,-0.6078329615813469
2023-03-16,-0.6231182309641853
2023-03-17,-0.6343437316150526
2023-03-20,-0.6425163035337578
2023-03-21,-0.6484278639728174
2023-03-22,-0.6526836772970939
2023-03-23,-0.6557369239301768
2023-03-24,-0.657921946827414
2023-03-27,-0.6594828257998006
2023-03-28,-0.6605964085070123
2023-03-29,-0.6613901427244064
2023-03-30,-0.6619555242444588
2023-03-31,-0.6623580595941682
2023-04-03,-0.3695009531188172
2023-04-04,-0.40221016235241613
2023-04-05,-0.43179708101581576
2023-04-06,-0.45735477078207093
2023-04-07,-0.47854610085281457
2023-04-10,-0.4955140611553975
2023-04-11,-0.5087163666272774
2023-04-12,-0.5187573172366269
2023-04-13,-0.526260488655786
2023-04-14,-0.5317929471966869
2023-04-17,-0.5358319474754294
2023-04-18,-0.5387591561847684
2023-04-19,-0.540869333723923
2023-04-20,-0.5423846701310497
2023-04-21,-0.5434698271483784
2023-04-24,-0.5442453779739124
2023-04-25,-0.5447988659593952
2023-04-26,-0.5451934716614355
2023-04-27,-0.5454745986863623
2023-04-28,-0.5456747768239247
2023-05-01,-0.5458172621954779
2023-05-02,-0.6192050499395034
2023-05-03,-0.6227836425332104
2023-05-04,-0.6278063610062181
2023-05-05,-0.6331589997443161
2023-05-08,-0.638148459163023
2023-05-09,-0.6424335660968336
2023-05-10,-0.6459168630061598
2023-05-11,-0.6486417349585233
2023-05-12,-0.6507160162197507
2023-05-15,-0.6522646139222348
2023-05-16,-0.6534047733802547
2023-05-17,-0.6542359071302329
2023-05-18,-0.6548374807604285
2023-05-19,-0.6552706953561562
2023-05-22,-0.6555815418563625
2023-05-23,-0.6558040106536495
2023-05-24,-0.6559629365648255
2023-05-25,-0.6560763207647289
2023-05-26,-0.6561571384266284
2023-05-29,-0.6562147052806533
2023-05-30,-0.6562556911502468
2023-05-31,-0.656284862081906
2023-06-01,-0.46162826405981855
2023-06-02,-0.127755153533346
2023-06-05,0.10594912854870112
2023-06-06,0.2703966040041179
2023-06-07,0.38650342378726704
2023-06-08,0.46866368571527384
2023-06-09,0.5268904929330985
2023-06-12,0.5681984707234718
2023-06-13,0.597524687943603
2023-06-14,0.6183549661651142
2023-06-15,0.63315579914649
2023-06-16,0.6436750371503701
2023-06-19,0.6511525637618429
2023-06-20,0.6564685654307139
2023-06-21,0.6602482027013411
2023-06-22,0.6629356626383289
2023-06-23,0.6648466285543659
2023-06-26,0.6662054970314135
2023-06-27,0.6671717960248309
2023-06-28,0.6678589474742744
2023-06-29,0.6683475978827802
2023-06-30,0.6686950920506349
2023-07-03,0.5876266374148333
2023-07-04,0.6074985533268293
2023-07-05,0.627209810099187
2023-07-06,0.6451169091655325
2023-07-07,0.6604013729745954
2023-07-10,0.6728521874839691
2023-07-11,0.6826418714447697
2023-07-12,0.6901360773785038
2023-07-13,0.6957594337547832
2023-07-14,0.6999169723817723
2023-07-17,0.7029576005459582
2023-07-18,0.7051638828278817
2023-07-19,0.7067556479023037
2023-07-20,0.7078993467617922
2023-07-21,0.7087186857924158
2023-07-24,0.7093044178539378
2023-07-25,0.7097225172508245
2023-07-26,0.7100206384802632
2023-07-27,0.7102330476490202
2023-07-28,0.7103843049708269
2023-07-31,0.7104919739670925
2023-08-01,0.645473817464971
2023-08-02,0.6605671466978275
2023-08-03,0.6729497756376466
2023-08-04,0.6826982983375683
2023-08-07,0.6901549041244355
2023-08-08,0.6957421656365168
2023-08-09,0.6998671939530309
2023-08-10,0.702880405484698
2023-08-11,0.7050646939003793
2023-08-14,0.7066394329228229
2023-08-15,0.7077702774608331
2023-08-16,0.7085800808481496
2023-08-17,0.7091588260448807
2023-08-18,0.7095718505089368
2023-08-21,0.7098663081664344
2023-08-22,0.7100760841155052
2023-08-23,0.7102254546250975
2023-08-24,0.710331774598841
2023-08-25,0.7104074320336342
2023-08-28,0.7104612599788701
2023-08-29,0.7104995518586418
2023-08-30,0.7105267892061841
2023-08-31,0.7105461620755038
2023-09-01,0.6374833864964639
2023-09-04,0.6519950219177664
2023-09-05,0.6628610304913017
2023-09-06,0.6708860701964214
2023-09-07,0.6767521209846663
2023-09-08,0.6810074660676064
2023-09-11,0.6840772185200084
2023-09-12,0.6862827615242534
2023-09-13,0.6878627734290208
2023-09-14,0.6889922948611902
2023-09-15,0.689798556684092
2023-09-18,0.6903734552418556
2023-09-19,0.6907830678656242
2023-09-20,0.6910747554784352
2023-09-21,0.6912823870760325
2023-09-22,0.6914301441962912
2023-09-25,0.6915352720078133
2023-09-26,0.6916100589529628
2023-09-27,0.6916632563689719
2023-09-28,0.6917010940392183
2023-09-29,0.6917280054374806
2023-10-02,0.6917471450221178
2023-10-03,-0.6729755931160095
2023-10-04,-0.6577553214973242
2023-10-05,-0.6440850059137706
2023-10-06,-0.6332725882067579
2023-10-09,-0.6262233352011888
2023-10-10,-0.6232158832667788
2023-10-11,-0.6238700094506953
2023-10-12,-0.627309380327111
2023-10-13,-0.6324406185657679
2023-10-16,-0.6382319599266526
2023-10-17,-0.643897508118589
2023-10-18,-0.64895647495022
2023-10-19,-0.6531961239590445
2023-10-20,-0.6565909231051397
2023-10-23,-0.6592208552537712
2023-10-24,-0.6612099296925684
2023-10-25,-0.6626883808776176
2023-10-26,-0.6637735889107292
2023-10-27,-0.6645629914654458
2023-10-30,-0.6651335127255291
2023-10-31,-0.6655439364276786
2023-11-01,-0.7086815222097647
2023-11-02,-0.6977385719909894
2023-11-03,-0.6894362341485819
2023-11-06,-0.6832451870299818
2023-11-07,-0.6786879032486651
2023-11-08,-0.6753651810990164
2023-11-09,-0.6729594644083838
2023-11-10,-0.6712264947834605
2023-11-13,-0.6699827043045125
2023-11-14,-0.6690923541100455
2023-11-15,-0.6684562095054023
2023-11-16,-0.6680023038706606
2023-11-17,-0.667678741866846
2023-11-20,-0.667448252150928
2023-11-21,-0.6672841427999567
2023-11-22,-0.667167337123571
2023-11-23,-0.6670842206761836
2023-11-24,-0.667025087197893
2023-11-27,-0.6669830217614254
2023-11-28,-0.666953100588271
2023-11-29,-0.6669318189887044
2023-11-30,-0.6669166830169446
2023-12-01,-0.5756372036454689
2023-12-04,-0.45056499577636
2023-12-05,-0.3545191848554771
2023-12-06,-0.2804042382902059
2023-12-07,-0.2234851696599009
2023-12-08,-0.18019752360326985
2023-12-11,-0.14765570126474664
2023-12-12,-0.12346849279779161
2023-12-13,-0.10567097985952592
2023-12-14,-0.09268403172174744
2023-12-15,-0.08326994198618591
2023-12-18,-0.07648043881261771
2023-12-19,-0.07160251611576485
2023-12-20,-0.06810788382034019
2023-12-21,-0.06560944927123868
2023-12-22,-0.0638259155268591
2023-12-25,-0.06255410186971087
2023-12-26,-0.06164789552396548
2023-12-27,-0.061002556090939936
2023-12-28,-0.0605431720001453
2023-12-29,-0.06021625315109549
2024-01-01,-0.05998364991876778
2024-01-02,-0.14517754028511803
2024-01-03,-0.1709476423552011
2024-01-04,-0.20045935444585639
2024-01-05,-0.2337913340235251
2024-01-08,-0.270800763302129
2024-01-09,-0.31101347300117343
2024-01-10,-0.3535431244819629
2024-01-11,-0.3970828187558673
2024-01-12,-0.4400122264271757
2024-01-15,-0.48062744012586733
2024-01-16,-0.5174367572577601
2024-01-17,-0.5494157431243366
2024-01-18,-0.5761260212300785
2024-01-19,-0.5976727305467242
2024-01-22,-0.6145508835162554
2024-01-23,-0.6274604175527168
2024-01-24,-0.6371510564684342
2024-01-25,-0.6443216088446886
2024-01-26,-0.6495704361257386
2024-01-29,-0.6533819645051859
2024-01-30,-0.6561336143292813
2024-01-31,-0.6581116782523272
2024-02-01,-0.5339423373984556
2024-02-02,-0.37084825386351017
2024-02-05,-0.23851235454010777
2024-02-06,-0.13245065659672609
2024-02-07,-0.04883779036923892
2024-02-08,0.01590950226432384
2024-02-09,0.06519362728978267
2024-02-12,0.10214084457169068
2024-02-13,0.12948946551256202
2024-02-14,0.14952837613201753
2024-02-15,0.1640961641833989
2024-02-16,0.17462370452465587
2024-02-19,0.18219791715836037
2024-02-20,0.18762962517203516
2024-02-21,0.19151567394432673
2024-02-22,0.19429115099098476
2024-02-23,0.19627100360551103
2024-02-26,0.19768206216874384
2024-02-27,0.1986871018245409
2024-02-28,0.1994026282333914
2024-02-29,0.19991187532180463
2024-03-01,0.19825576651915183
2024-03-04,0.2273258120698371
2024-03-05,0.2610600225245448
2024-03-06,0.2991369527599363
2024-03-07,0.3409385107007897
2024-03-08,0.38543773002143816
2024-03-11,0.4311787079727116
2024-03-12,0.47638702832462543
2024-03-13,0.5192138740715583
2024-03-14,0.5580500196416606
2024-03-15,0.5917944242388437
2024-03-18,0.6199761643070167
2024-03-19,0.6427048396690894
2024-03-20,0.6605043882630122
2024-03-21,0.6741154487059553
2024-03-22,0.6843306289567574
2024-03-25,0.6918880820194567
2024-03-26,0.6974194200569854
2024-03-27,0.7014357144940764
2024-03-28,0.7043349848076268
2024-03-29,0.7064190593615065
2024-04-01,0.7079125777273236
2024-04-02,0.6944386886116756
2024-04-03,0.6984107710343728
2024-04-04,0.7013446193633839
2024-04-05,0.7034866009389685
2024-04-08,0.7050381415246996
2024-04-09,0.7061558803319916
2024-04-10,0.7069580463221379
2024-04-11,0.7075321995566075
2024-04-12,0.7079423787783738
2024-04-15,0.7082350241247558
2024-04-16,0.7084436174655143
2024-04-17,0.7085922004890242
2024-04-18,0.7086979874434547
2024-04-19,0.7087732794528325
2024-04-22,0.7088268544110973
2024-04-23,0.7088649698584468
2024-04-24,0.7088920834947487
2024-04-25,0.7089113692760096
2024-04-26,0.7089250863097551
2024-04-29,0.7089348421422662
2024-04-30,0.7089417804741065
2024-05-01,-0.4199952946461909
2024-05-02,-0.4581337246812591
2024-05-03,-0.4953321371323684
2024-05-06,-0.5296392326905197
2024-05-07,-0.5596846446223733
2024-05-08,-0.5848283801448562
2024-05-09,-0.6050815812450288
2024-05-10,-0.6208992510246858
2024-05-13,-0.6329572663178995
2024-05-14,-0.6419806204443316
2024-05-15,-0.6486399039101305
2024-05-16,-0.6535042675909515
2024-05-17,-0.6570309072302898
2024-05-20,-0.6595737965266204
2024-05-21,-0.6614001484488161
2024-05-22,-0.662708164406965
2024-05-23,-0.6636430563983007
2024-05-24,-0.6643102940386949
2024-05-27,-0.6647860129328749
2024-05-28,-0.6651249350581916
2024-05-29,-0.6653662705466566
2024-05-30,-0.6655380534403674
2024-05-31,-0.6656602961401046
2024-06-03,-0.6057606043829208
2024-06-04,-0.6229984513276018
2024-06-05,-0.6345409185676308
2024-06-06,-0.642414696932347
2024-06-07,-0.6478539163708747
2024-06-10,-0.6516440270501189
2024-06-11,-0.6543009630188503
2024-06-12,-0.6561713828278782
2024-06-13,-0.6574920178219221
2024-06-14,-0.6584264191398932
2024-06-17,-0.6590885218288667
2024-06-18,-0.6595581687100862
2024-06-19,-0.659891548747472
2024-06-20,-0.6601283239950206
2024-06-21,-0.6602965508440204
2024-06-24,-0.6604161063612439
2024-06-25,-0.6605010881504412
2024-06-26,-0.6605615025350099
2024-06-27,-0.6606044558059033
2024-06-28,-0.6606349966868255
2024-07-01,-0.6606567130855028
2024-07-02,-0.5501316593219538
2024-07-03,-0.48382796460754374
2024-07-04,-0.4333016569405944
2024-07-05,-0.3950505970401306
2024-07-08,-0.36635446457330334
2024-07-09,-0.34503506281584917
2024-07-10,-0.32934078566021785
2024-07-11,-0.3178792134306961
2024-07-12,-0.3095634579431771
2024-07-15,-0.3035612114816495
2024-07-16,-0.29924597264516095
2024-07-17,-0.29615279997888927
2024-07-18,-0.29394047590683625
2024-07-19,-0.29236070052819396
2024-07-22,-0.29123392949793137
2024-07-23,-0.2904309381422504
2024-07-24,-0.28985903328645457
2024-07-25,-0.28945188853805653
2024-07-26,-0.2891621277509819
2024-07-29,-0.28895595344090064
2024-07-30,-0.2888092767320615
2024-07-31,-0.28870493955530946
2024-08-01,0.07680873743973915
2024-08-02,0.11843920656066714
2024-08-05,0.16124685967521182
2024-08-06,0.20605656666925504
2024-08-07,0.2532003601115405
2024-08-08,0.30250564773041333
2024-08-09,0.3532632141275743
2024-08-12,0.40424867124572167
2024-08-13,0.45385620781530234
2024-08-14,0.5003588244783803
2024-08-15,0.5422370551659763
2024-08-16,0.5784620566481787
2024-08-19,0.6086294193618214
2024-08-20,0.6329160075174863
2024-08-21,0.6519143587257639
2024-08-22,0.6664319712978315
2024-08-23,0.6773227213180639
2024-08-26,0.6853777097113999
2024-08-27,0.6912721195407211
2024-08-28,0.6955515242790826
2024-08-29,0.6986404787152369
2024-08-30,0.7008607818449181
2024-09-02,0.7024518664323516
2024-09-03,0.055379004053154365
2024-09-04,-0.12075836696638552
2024-09-05,-0.2591538910084745
2024-09-06,-0.3653031677052593
2024-09-09,-0.4451755222887821
2024-09-10,-0.504392220320556
2024-09-11,-0.5478052927195517
2024-09-12,-0.5793674988460226
2024-09-13,-0.6021732054116723
2024-09-16,-0.618578078640659
2024-09-17,-0.6303403927913922
2024-09-18,-0.6387542935384751
2024-09-19,-0.6447628936381589
2024-09-20,-0.6490486510642091
2024-09-23,-0.6521029333226338
2024-09-24,-0.6542782616594428
2024-09-25,-0.6558269031628954
2024-09-26,-0.6569290562699899
2024-09-27,-0.6577132742836685
2024-09-30,-0.6582711831491626
2024-10-01,-0.7067050201863789
2024-10-02,-0.6953705172928328
2024-10-03,-0.6868884186681694
2024-10-04,-0.680629148828385
2024-10-07,-0.676057630173662
2024-10-08,-0.6727438071826422
2024-10-09,-0.6703547036582289
2024-10-10,-0.6686390051556976
2024-10-11,-0.6674103530570973
2024-10-14,-0.6665322487883779
2024-10-15,-0.6659055747109284
2024-10-16,-0.6654587941570516
2024-10-17,-0.6651404982008108
2024-10-18,-0.6649138547298346
2024-10-21,-0.6647525320891892
2024-10-22,-0.6646377342822679
2024-10-23,-0.6645560589578109
2024-10-24,-0.664497957031618
2024-10-25,-0.6644566285727571
2024-10-28,-0.6644272332154989
2024-10-29,-0.6644063264165011
2024-10-30,-0.6643914574219921
2024-10-31,-0.6643808827921847
2024-11-01,-0.3391929371251921
2024-11-04,-0.06993438780840784
2024-11-05,0.13403509433158728
2024-11-06,0.2877212748284366
2024-11-07,0.4024728522567038
2024-11-08,0.487325068680315
2024-11-11,0.5495160897132727
2024-11-12,0.5947620932174915
2024-11-13,0.6274872002932488
2024-11-14,0.6510497418219386
2024-11-15,0.667957739129484
2024-11-18,0.6800602503316706
2024-11-19,0.688707239266892
2024-11-20,0.6948771494575253
2024-11-21,0.699275379663115
2024-11-22,0.702408515464523
2024-11-25,0.7046393492506086
2024-11-26,0.7062271748683444
2024-11-27,0.7073570478940071
2024-11-28,0.7081609051677379
2024-11-29,0.7087327431776204
2024-12-02,0.709139493369433
2024-12-03,0.6410904646669269
2024-12-04,0.6514150883163367
2024-12-05,0.6629044230115392
2024-12-06,0.6738501536589301
2024-12-09,0.6833915504184349
2024-12-10,0.6912358973829067
2024-12-11,0.6974264641845219
2024-12-12,0.7021709568809829
2024-12-13,0.7057312484734096
2024-12-16,0.7083625590472433
2024-12-17,0.7102860940763424
2024-12-18,0.7116812096856453
2024-12-19,0.7126873787266659
2024-12-20,0.7134101149147585
2024-12-23,0.7139277664313664
2024-12-24,0.714297767231436
2024-12-25,0.714561844914842
2024-12-26,0.7147501264044596
2024-12-27,0.7148842672212887
2024-12-30,0.7149797850980047
2024-12-31,0.7150477750903557
2025-01-01,0.21384029603181373
2025-01-02,0.008304971215542307
2025-01-03,-0.15439334634177246
2025-01-06,-0.28183245987054
2025-01-07,-0.3801857454533099
2025-01-08,-0.45491563869912754
2025-01-09,-0.5108837366539283
2025-01-10,-0.552288469870209
2025-01-13,-0.5826164737107267
2025-01-14,-0.6046596477814457
2025-01-15,-0.620587258516493
2025-01-16,-0.6320456601162417
2025-01-17,-0.6402623727938072
2025-01-20,-0.6461406901146053
2025-01-21,-0.6503389641311748
2025-01-22,-0.6533336958139784
2025-01-23,-0.6554680399261628
2025-01-24,-0.6569882325706091
2025-01-27,-0.6580705092365404
2025-01-28,-0.658840772530201
2025-01-29,-0.6593888490694444
2025-01-30,-0.6597787666177117
2025-01-31,-0.6600561332415106
2025-02-03,-0.6124871614770541
2025-02-04,-0.6223004339780349
2025-02-05,-0.629116314397683
2025-02-06,-0.6338837106199555
2025-02-07,-0.6372346339969308
2025-02-10,-0.6395980258398974
2025-02-11,-0.6412689396032124
2025-02-12,-0.6424522847423912
2025-02-13,-0.6432913421245662
2025-02-14,-0.6438867880396547
2025-02-17,-0.6443096082196826
2025-02-18,-0.6446099775459768
2025-02-19,-0.6448234234849246
2025-02-20,-0.6449751335197985
2025-02-21,-0.6450829804011264
2025-02-24,-0.6451596544514426
2025-02-25,-0.6452141703294141
2025-02-26,-0.6452529337095438
2025-02-27,-0.6452804973991785
2025-02-28,-0.6453000978115369
2025-03-03,-0.0484376817291643
2025-03-04,0.08828468455100741
2025-03-05,0.20659239290720827
2025-03-06,0.30889865531544414
2025-03-07,0.39616258820837197
2025-03-10,0.46900292757010675
2025-03-11,0.5282904718204989
2025-03-12,0.575337171720475
2025-03-13,0.6118104588556714
2025-03-14,0.6395263779662449
2025-03-17,0.6602458622019207
2025-03-18,0.6755367254448162
2025-03-19,0.6867104189594377
2025-03-20,0.6948152190429416
2025-03-21,0.7006618724387144
2025-03-24,0.7048626654544725
2025-03-25,0.7078721481909854
2025-03-26,0.7100236462754552
2025-03-27,0.7115594481239496
2025-03-28,0.7126545644686579
2025-03-31,0.7134348435344008
2025-04-01,0.7141172679264471
2025-04-02,0.7144439161456514
2025-04-03,0.7146932751019361
2025-04-04,0.7148792923648035
2025-04-07,0.715015991824873
2025-04-08,0.7151154450529413
2025-04-09,0.7151873063941718
2025-04-10,0.7152389855800005
2025-04-11,0.7152760283068269
2025-04-14,0.7153025185182522
2025-04-15,0.7153214315181273
2025-04-16,0.7153349191537637
2025-04-17,0.715344529913438
2025-04-18,0.7153513742143984
2025-04-21,0.7153562463882382
2025-04-22,0.7153597136793393
2025-04-23,0.715362180674164
2025-04-24,0.7153639356959565
2025-04-25,0.7153651840895958
2025-04-28,0.7153660720394135
2025-04-29,0.7153667035817008
2025-04-30,0.715367152740792
2025-05-01,0.7161732928673571
2025-05-02,0.7159439056200181
2025-05-05,0.7157822101022975
2025-05-06,0.7156679479546288
2025-05-07,0.7155870595107385
2025-05-08,0.7155297228129632
2025-05-09,0.7154890426649175
2025-05-12,0.7154601610526701
2025-05-13,0.715439646269659
2025-05-14,0.7154250695481849
2025-05-15,0.7154147095925897
2025-05-16,0.715407345303728
2025-05-19,0.7154021098170728
2025-05-20,0.7153983874323968
2025-05-21,0.7153957406852485
2025-05-22,0.715393858671156
2025-05-23,0.7153925203912495
2025-05-26,0.7153915687335477
2025-05-27,0.7153908919941017
2025-05-28,0.7153904107480993
2025-05-29,0.7153900685195184
2025-05-30,0.7153898251490343
2025-06-02,0.7153896520792293
2025-06-03,0.5337006765211176
2025-06-04,0.5718438700526013
2025-06-05,0.6030130557385798
2025-06-06,0.627731702533362
2025-06-09,0.646842367506178
2025-06-10,0.6613149705016208
2025-06-11,0.6720985440952038
2025-06-12,0.6800341414905569
2025-06-13,0.6858197002219859
2025-06-16,0.6900087500887434
2025-06-17,0.6930265802381881
2025-06-18,0.6951927083536643
2025-06-19,0.69674340310613
2025-06-20,0.6978514144098298
2025-06-23,0.698642041169985
2025-06-24,0.6992056485031899
2025-06-25,0.6996071437316882
2025-06-26,0.6998930141697703
2025-06-27,0.7000964863287771
2025-06-30,0.7002412740411135
2025-07-01,0.5661139326879241
2025-07-02,0.5808362309962073
2025-07-03,0.599651541538841
2025-07-04,0.6196223093208624
2025-07-07,0.6386863784430522
2025-07-08,0.655594226869274
2025-07-09,0.6697862992532475
2025-07-10,0.6812070712108579
2025-07-11,0.690106188824399
2025-07-14,0.6968733041503437
2025-07-15,0.7019261828479788
2025-07-16,0.7056485480131145
2025-07-17,0.708363813724763
2025-07-18,0.7103303000358674
2025-07-21,0.7117471353362969
2025-07-22,0.7127641548364833
2025-07-23,0.7134922341349594
2025-07-24,0.7140124671508372
2025-07-25,0.714383681079408
2025-07-28,0.7146483041598473
2025-07-29,0.7148368121614632
2025-07-30,0.714971032150129
2025-07-31,0.7150665647912121
2025-08-01,0.688185009930258
2025-08-04,0.6947643240749178
2025-08-05,0.6998696452879944
2025-08-06,0.7037227800720045
2025-08-07,0.7065782621298924
2025-08-08,0.7086683654678818
2025-08-11,0.7101852175373562
2025-08-12,0.7112794959267783
2025-08-13,0.7120656230053491
2025-08-14,0.7126287086239863
2025-08-15,0.7130311927240888
2025-08-18,0.7133184561081647
2025-08-19,0.7135232683811297
2025-08-20,0.7136691861346643
2025-08-21,0.713773089715009
2025-08-22,0.713847048478115
2025-08-25,0.7138996784027707
2025-08-26,0.7139371233645087
2025-08-27,0.7139637609838528
2025-08-28,0.7139827086508987
2025-08-29,0.7139961854403774
2025-09-01,0.7140057705276351
2025-09-02,0.6835850434705206
2025-09-03,0.6906115305288214
2025-09-04,0.6965794672790971
2025-09-05,0.701356965770358
2025-09-08,0.705042081447204
2025-09-09,0.7078153891496982
2025-09-10,0.709867625821855
2025-09-11,0.7113686003305928
2025-09-12,0.7124574191289568
2025-09-15,0.7132427028575892
2025-09-16,0.7138067588128971
2025-09-17,0.7142107390741859
2025-09-18,0.7144994785101716
2025-09-19,0.7147055504540624
2025-09-22,0.7148524707864191
2025-09-23,0.7149571415499181
2025-09-24,0.7150316733788504
2025-09-25,0.7150847247643997
2025-09-26,0.7151224764993496
2025-09-29,0.7151493358494649
2025-09-30,0.7151684430061716
2025-10-01,0.6896751764833842
2025-10-02,0.6957438077569305
2025-10-03,0.7006280061884682
2025-10-06,0.7044025668076646
2025-10-07,0.7072447722368482
2025-10-08,0.7093480914359955
2025-10-09,0.7108862290105958
2025-10-10,0.7120018179802224
2025-10-13,0.7128062823542094
2025-10-14,0.7133840400875157
2025-10-15,0.7137977914852823
2025-10-16,0.7140934919331217
2025-10-17,0.7143045198763673
2025-10-20,0.7144549673431725
2025-10-21,0.7145621477082643
2025-10-22,0.7146384648592732
2025-10-23,0.7146927861779444
2025-10-24,0.7147314411729954
2025-10-27,0.714758942948343
2025-10-28,0.7147785070006113
2025-10-29,0.7147924230626124
2025-10-30,0.7148023210083243
2025-10-31,0.7148093606942103
