date,USA_public_finance_f1__USA_public_finance_f2
1999-02-01,-0.35038629579496333
1999-02-02,-0.5408466560618613
1999-02-03,-0.6638222075433655
1999-02-04,-0.7480875633911196
1999-02-05,-0.805691247879418
1999-02-08,-0.8450040202852395
1999-02-09,-0.8718031378109908
1999-02-10,-0.8900574578555959
1999-02-11,-0.90248475405834
1999-02-12,-0.9109419722649065
1999-02-15,-0.9166959629192925
1999-02-16,-0.920610102232187
1999-02-17,-0.9232723757212422
1999-02-18,-0.9250830257416642
1999-02-19,-0.9263144078903572
1999-02-22,-0.9271518122153822
1999-02-23,-0.9277212767296598
1999-02-24,-0.928108526112007
1999-02-25,-0.928371861829329
1999-02-26,-0.9285509328793548
1999-03-01,-0.9286727024191194
1999-03-02,-0.9225141577152027
1999-03-03,-0.9241771646474553
1999-03-04,-0.925521707769619
1999-03-05,-0.9265316776117154
1999-03-08,-0.9272617958101891
1999-03-09,-0.9277780479835768
1999-03-10,-0.9281381609264823
1999-03-11,-0.9283872029102952
1999-03-12,-0.9285584697343363
1999-03-15,-0.9286758157652232
1999-03-16,-0.9287560193277571
1999-03-17,-0.9288107462759939
1999-03-18,-0.9288480476867759
1999-03-19,-0.9288734528811223
1999-03-22,-0.9288907470034531
1999-03-23,-0.9289025155954888
1999-03-24,-0.9289105222054519
1999-03-25,-0.928915968532209
1999-03-26,-0.9289196728798715
1999-03-29,-0.9289221922261356
1999-03-30,-0.9289239055611306
1999-03-31,-0.9289250707114487
1999-04-01,-0.9178320738539433
1999-04-02,-0.9212404794608581
1999-04-05,-0.923644343284882
1999-04-06,-0.9253095775084285
1999-04-07,-0.9264536096815349
1999-04-08,-0.9272362469351274
1999-04-09,-0.9277704055443763
1999-04-12,-0.9281344803385205
1999-04-13,-0.9283824239489952
1999-04-14,-0.928551192118257
1999-04-15,-0.9286660296319427
1999-04-16,-0.9287441533046062
1999-04-19,-0.9287972930027232
1999-04-20,-0.9288334351414608
1999-04-21,-0.9288580150717177
1999-04-22,-0.9288747309266394
1999-04-23,-0.928886098396174
1999-04-26,-0.9288938285898728
1999-04-27,-0.9288990852645806
1999-04-28,-0.9289026598679356
1999-04-29,-0.9289050906270205
1999-04-30,-0.9289067435558117
1999-05-03,-0.9087309238240107
1999-05-04,-0.9145602191586358
1999-05-05,-0.9188841568764726
1999-05-06,-0.9219692583558534
1999-05-07,-0.9241282181852223
1999-05-10,-0.9256228819377129
1999-05-11,-0.9266510450248233
1999-05-12,-0.9273554992755518
1999-05-13,-0.9278369347703891
1999-05-14,-0.9281654095645269
1999-05-17,-0.9283892759994111
1999-05-18,-0.9285417366079712
1999-05-19,-0.9286455163686232
1999-05-20,-0.9287161357104661
1999-05-21,-0.9287641795068908
1999-05-24,-0.9287968597321095
1999-05-25,-0.9288190871008737
1999-05-26,-0.9288342039306768
1999-05-27,-0.9288444843962668
1999-05-28,-0.9288514755820378
1999-05-31,-0.9288562298032524
1999-06-01,-0.9054677191756435
1999-06-02,-0.9116465515474864
1999-06-03,-0.9165585726483899
1999-06-04,-0.9202116111727903
1999-06-07,-0.9228362942741067
1999-06-08,-0.9246849911651873
1999-06-09,-0.9259713421410886
1999-06-10,-0.9268594871990601
1999-06-11,-0.92746960626491
1999-06-14,-0.9278873364686279
1999-06-15,-0.9281727077893733
1999-06-16,-0.9283673673599552
1999-06-17,-0.9285000162728883
1999-06-18,-0.9285903470767602
1999-06-21,-0.9286518318736335
1999-06-22,-0.9286936691848497
1999-06-23,-0.9287221313270525
1999-06-24,-0.928741491479896
1999-06-25,-0.928754659104386
1999-06-28,-0.9287636143431536
1999-06-29,-0.9287697044828132
1999-06-30,-0.9287738460429619
1999-07-01,-0.8025469972235818
1999-07-02,-0.7738181226596857
1999-07-05,-0.7619841561907865
1999-07-06,-0.7610860456896397
1999-07-07,-0.7663406385070949
1999-07-08,-0.7742080946255124
1999-07-09,-0.7823990483187154
1999-07-12,-0.7896926861193966
1999-07-13,-0.7956268435740834
1999-07-14,-0.8001832600487833
1999-07-15,-0.8035489317775553
1999-07-16,-0.8059705275712777
1999-07-19,-0.8076818786432994
1999-07-20,-0.8088765642458243
1999-07-21,-0.8097036182473564
1999-07-22,-0.8102729099792927
1999-07-23,-0.810663252616866
1999-07-26,-0.810930187917195
1999-07-27,-0.8111124021655709
1999-07-28,-0.8112366318257525
1999-07-29,-0.8113212581279199
1999-07-30,-0.8113788735255422
1999-08-02,-0.8114180841579096
1999-08-03,0.29982885062697123
1999-08-04,0.43992555082874346
1999-08-05,0.5501750330289593
1999-08-06,0.6340832234587018
1999-08-09,0.6961541757585392
1999-08-10,0.7410352740767956
1999-08-11,0.7729240190736621
1999-08-12,0.7952895246093219
1999-08-13,0.810829526128949
1999-08-16,0.8215555187286792
1999-08-17,0.8289244334510844
1999-08-18,0.8339706734201154
1999-08-19,0.8374186630883644
1999-08-20,0.8397710064989854
1999-08-23,0.8413741837991601
1999-08-24,0.8424660071023581
1999-08-25,0.8432092173979582
1999-08-26,0.843714957043757
1999-08-27,0.8440590249595963
1999-08-30,0.844293067378918
1999-08-31,0.8444522514271677
1999-09-01,0.8084361656737771
1999-09-02,0.8121058531203423
1999-09-03,0.8184880011265931
1999-09-06,0.8254056073995211
1999-09-07,0.8316712672602085
1999-09-08,0.836812306379795
1999-09-09,0.8407777293890021
1999-09-10,0.8437144298585544
1999-09-13,0.845830617797909
1999-09-14,0.847327539470158
1999-09-15,0.8483731504679609
1999-09-16,0.8490972785555839
1999-09-17,0.8495958463847783
1999-09-20,0.8499377523589635
1999-09-21,0.8501715899206544
1999-09-22,0.8503312228606353
1999-09-23,0.8504400624708923
1999-09-24,0.8505142074205302
1999-09-27,0.8505646880324849
1999-09-28,0.8505990435554419
1999-09-29,0.8506224185850031
1999-09-30,0.8506383197393254
1999-10-01,0.8505475889461558
1999-10-04,0.8504518259071326
1999-10-05,0.8505254338961816
1999-10-06,0.8506426661291315
1999-10-07,0.8507544635785849
1999-10-08,0.8508456532559096
1999-10-11,0.8509147838172295
1999-10-12,0.8509651203261961
1999-10-13,0.85100089895225
1999-10-14,0.8510259485498474
1999-10-15,0.8510433163699815
1999-10-18,0.8510552813186506
1999-10-19,0.8510634891847622
1999-10-20,0.8510691037207163
1999-10-21,0.851072936960158
1999-10-22,0.8510755506654583
1999-10-25,0.8510773312695725
1999-10-26,0.8510785435989517
1999-10-27,0.8510793686848775
1999-10-28,0.8510799300676826
1999-10-29,0.8510803119578297
1999-11-01,0.8510805717123087
1999-11-02,0.7805136773178585
1999-11-03,0.8008257320913041
1999-11-04,0.8148931319207562
1999-11-05,0.8245793919682453
1999-11-08,0.8312226667112006
1999-11-09,0.8357665999305514
1999-11-10,0.8388688399972453
1999-11-11,0.840984116271036
1999-11-12,0.8424251753941031
1999-11-15,0.8434063341041652
1999-11-16,0.8440740956165405
1999-11-17,0.8445284388562287
1999-11-18,0.8448375149731749
1999-11-19,0.8450477434239836
1999-11-22,0.8451907249357822
1999-11-23,0.8452879644251201
1999-11-24,0.8453540928281689
1999-11-25,0.8453990626900146
1999-11-26,0.8454296433613199
1999-11-29,0.845450438747846
1999-11-30,0.845464579849795
1999-12-01,0.8361998133152309
1999-12-02,0.8380391430222607
1999-12-03,0.8392872397610917
1999-12-06,0.8401346898065295
1999-12-07,0.8407103655606206
1999-12-08,0.8411015491020335
1999-12-09,0.8413674253070376
1999-12-10,0.8415481613105722
1999-12-13,0.8416710339970137
1999-12-14,0.8417545745089994
1999-12-15,0.8418113760529837
1999-12-16,0.8418499983076076
1999-12-17,0.8418762601362744
1999-12-20,0.8418941175687589
1999-12-21,0.8419062603350951
1999-12-22,0.8419145172796246
1999-12-23,0.8419201319363646
1999-12-24,0.8419239498710227
1999-12-27,0.8419265460507277
1999-12-28,0.8419283114448445
1999-12-29,0.8419295119085975
1999-12-30,0.8419303282216407
1999-12-31,0.8419308833132076
2000-01-03,0.7458683879105978
2000-01-04,0.7271077186797528
2000-01-05,0.718108230463731
2000-01-06,0.7150570085717525
2000-01-07,0.7151675847724251
2000-01-10,0.716639988208379
2000-01-11,0.7184614491398251
2000-01-12,0.7201507979208893
2000-01-13,0.7215352576413934
2000-01-14,0.7225955235125205
2000-01-17,0.723374863766268
2000-01-18,0.723932948029136
2000-01-19,0.7243258319720198
2000-01-20,0.7245993057142247
2000-01-21,0.7247882262222743
2000-01-24,0.7249180726575515
2000-01-25,0.7250070105357593
2000-01-26,0.7250677865344497
2000-01-27,0.7251092525029174
2000-01-28,0.72513751342063
2000-01-31,0.725156760497188
2000-02-01,-0.5001129378845002
2000-02-02,-0.5347063665530031
2000-02-03,-0.5774666232501351
2000-02-04,-0.6258951567101493
2000-02-07,-0.6766708064199928
2000-02-08,-0.7262026792856996
2000-02-09,-0.7713539641162203
2000-02-10,-0.8100390504787413
2000-02-11,-0.841436265613503
2000-02-14,-0.8657951570493154
2000-02-15,-0.884028292911294
2000-02-16,-0.8973076120936473
2000-02-17,-0.9067850377380969
2000-02-18,-0.9134507693034933
2000-02-21,-0.9180905167943859
2000-02-22,-0.9212966466636625
2000-02-23,-0.9235009670613504
2000-02-24,-0.9250112412402275
2000-02-25,-0.9260435232590122
2000-02-28,-0.9267479406284473
2000-02-29,-0.9272280897870764
2000-03-01,-0.8667262535074626
2000-03-02,-0.8633445277712929
2000-03-03,-0.8674801381957654
2000-03-06,-0.875963292450719
2000-03-07,-0.886046290344367
2000-03-08,-0.8958211694717078
2000-03-09,-0.9042628665238274
2000-03-10,-0.9110264938691607
2000-03-13,-0.9161760530199903
2000-03-14,-0.9199610053128839
2000-03-15,-0.9226759776974934
2000-03-16,-0.9245909553676972
2000-03-17,-0.925926120434497
2000-03-20,-0.9268496654399269
2000-03-21,-0.9274850282580812
2000-03-22,-0.9279205141675908
2000-03-23,-0.9282182473944587
2000-03-24,-0.9284214510545257
2000-03-27,-0.9285599752724095
2000-03-28,-0.9286543319663099
2000-03-29,-0.9287185687055725
2000-03-30,-0.9287622840137447
2000-03-31,-0.9287920262952951
2000-04-03,-0.9158235669707369
2000-04-04,-0.9161651100014223
2000-04-05,-0.9180175040319011
2000-04-06,-0.9202905962260711
2000-04-07,-0.9224184848519335
2000-04-10,-0.9241794906461258
2000-04-11,-0.9255387850148209
2000-04-12,-0.9265437826116076
2000-04-13,-0.9272664819154113
2000-04-14,-0.9277767536126504
2000-04-17,-0.928132664906153
2000-04-18,-0.9283788821163815
2000-04-19,-0.9285482730962246
2000-04-20,-0.9286643738656262
2000-04-21,-0.9287437476677344
2000-04-24,-0.9287979191940973
2000-04-25,-0.928834847292392
2000-04-26,-0.9288600007509189
2000-04-27,-0.9288771247012473
2000-04-28,-0.9288887780519256
2000-05-01,-0.92889670652064
2000-05-02,-0.9255648250601414
2000-05-03,-0.9256454285732494
2000-05-04,-0.9261779690378775
2000-05-05,-0.9267977544703068
2000-05-08,-0.9273518932483373
2000-05-09,-0.9277948234612747
2000-05-10,-0.9281282069130501
2000-05-11,-0.9283703299876045
2000-05-12,-0.9285422802522335
2000-05-15,-0.9286626415031408
2000-05-16,-0.9287460935918211
2000-05-17,-0.9288035895623186
2000-05-18,-0.9288430347599206
2000-05-19,-0.9288700189460046
2000-05-22,-0.9288884430219658
2000-05-23,-0.9289010060467449
2000-05-24,-0.9289095649416107
2000-05-25,-0.9289153924092999
2000-05-26,-0.9289193585180581
2000-05-29,-0.928922057057798
2000-05-30,-0.9289238927974856
2000-05-31,-0.9289251414387826
2000-06-01,-0.9251557851265906
2000-06-02,-0.9258449042832394
2000-06-05,-0.9265837140630657
2000-06-06,-0.9272170166474898
2000-06-07,-0.9277102312567944
2000-06-08,-0.9280752256157782
2000-06-09,-0.928337333685242
2000-06-12,-0.9285220713111493
2000-06-13,-0.9286507231925402
2000-06-14,-0.9287396149100012
2000-06-15,-0.9288007148170694
2000-06-16,-0.9288425656606636
2000-06-19,-0.9288711645159201
2000-06-20,-0.9288906766677658
2000-06-21,-0.9289039749718911
2000-06-22,-0.9289130317129035
2000-06-23,-0.9289191967211037
2000-06-26,-0.928923391896206
2000-06-27,-0.9289262459873954
2000-06-28,-0.9289281874031176
2000-06-29,-0.9289295078583002
2000-06-30,-0.9289304059026985
2000-07-03,-0.9239262120291354
2000-07-04,-0.924964997240412
2000-07-05,-0.9259682723269553
2000-07-06,-0.9267919688627416
2000-07-07,-0.9274189440107078
2000-07-10,-0.9278766882148868
2000-07-11,-0.9282026329990853
2000-07-12,-0.9284311142491719
2000-07-13,-0.9285896601859913
2000-07-14,-0.928698946455542
2000-07-17,-0.9287739448083477
2000-07-18,-0.9288252603313355
2000-07-19,-0.9288603014540489
2000-07-20,-0.9288841972323105
2000-07-21,-0.9289004777286506
2000-07-24,-0.9289115629707858
2000-07-25,-0.9289191076407974
2000-07-26,-0.9289242411152946
2000-07-27,-0.9289277333095569
2000-07-28,-0.9289301086626722
2000-07-31,-0.9289317242077754
2000-08-01,-0.9272095640089439
2000-08-02,-0.9273947125277964
2000-08-03,-0.9277099180817321
2000-08-04,-0.9280174034440873
2000-08-07,-0.9282714682408032
2000-08-08,-0.9284656598412018
2000-08-09,-0.9286078240202799
2000-08-10,-0.9287092386441451
2000-08-11,-0.9287804149370769
2000-08-14,-0.9288298454609232
2000-08-15,-0.9288639369118751
2000-08-16,-0.9288873411130631
2000-08-17,-0.9289033588358387
2000-08-18,-0.9289142985150773
2000-08-21,-0.9289217595379996
2000-08-22,-0.9289268432298508
2000-08-23,-0.9289303048556796
2000-08-24,-0.9289326609412857
2000-08-25,-0.9289342640870744
2000-08-28,-0.9289353546917164
2000-08-29,-0.9289360965178283
2000-08-30,-0.9289366010587723
2000-08-31,-0.9289369441923351
2000-09-01,-0.9314513966988829
2000-09-04,-0.9304710616097397
2000-09-05,-0.9298865684022237
2000-09-06,-0.9295354115410586
2000-09-07,-0.9293210914279096
2000-09-08,-0.929187738868184
2000-09-11,-0.9291031492400887
2000-09-12,-0.9290485646189097
2000-09-13,-0.9290128440110552
2000-09-14,-0.9289892125641185
2000-09-15,-0.9289734517396827
2000-09-18,-0.9289628783432899
2000-09-19,-0.9289557554118851
2000-09-20,-0.9289509429195734
2000-09-21,-0.9289476848477752
2000-09-22,-0.9289454760418205
2000-09-25,-0.9289439771485757
2000-09-26,-0.9289429593338989
2000-09-27,-0.9289422678831022
2000-09-28,-0.9289417980035393
2000-09-29,-0.9289414786275582
2000-10-02,-0.9289412615177122
2000-10-03,-0.9234266794614358
2000-10-04,-0.9249890977293496
2000-10-05,-0.9261655029891016
2000-10-06,-0.9270143084755494
2000-10-09,-0.9276129653803453
2000-10-10,-0.9280296452337119
2000-10-11,-0.9283173218562671
2000-10-12,-0.9285149149117784
2000-10-13,-0.9286501807827812
2000-10-16,-0.9287425758951503
2000-10-17,-0.9288055951898674
2000-10-18,-0.9288485361408502
2000-10-19,-0.9288777764960832
2000-10-20,-0.9288976786315185
2000-10-23,-0.9289112207128593
2000-10-24,-0.928920433311579
2000-10-25,-0.9289266997170837
2000-10-26,-0.9289309617208029
2000-10-27,-0.9289338602741193
2000-10-30,-0.9289358314702112
2000-10-31,-0.9289371719661335
2000-11-01,-0.9295459688697114
2000-11-02,-0.9293351728288596
2000-11-03,-0.9292008083653688
2000-11-06,-0.929113722375186
2000-11-07,-0.9290565261956713
2000-11-08,-0.9290185814922182
2000-11-09,-0.9289932221072332
2000-11-10,-0.9289761839538425
2000-11-13,-0.9289646938083022
2000-11-14,-0.9289569249469231
2000-11-15,-0.9289516627145151
2000-11-16,-0.9289480939339312
2000-11-17,-0.9289456715785513
2000-11-20,-0.9289440264206211
2000-11-21,-0.9289429086591432
2000-11-22,-0.9289421490191828
2000-11-23,-0.9289416326667288
2000-11-24,-0.9289412816409591
2000-11-27,-0.9289410429869598
2000-11-28,-0.9289408807224357
2000-11-29,-0.9289407703919449
2000-11-30,-0.9289406953715829
2000-12-01,-0.9261709410507388
2000-12-04,-0.9270633268131324
2000-12-05,-0.9276669373402822
2000-12-06,-0.9280756832344299
2000-12-07,-0.9283527769090634
2000-12-08,-0.9285407874788599
2000-12-11,-0.9286684380969237
2000-12-12,-0.9287551479227408
2000-12-13,-0.9288140672530569
2000-12-14,-0.9288541121772135
2000-12-15,-0.9288813333150964
2000-12-18,-0.9288998393142761
2000-12-19,-0.9289124213607982
2000-12-20,-0.928920976207289
2000-12-21,-0.9289267930629348
2000-12-22,-0.928930748319511
2000-12-25,-0.9289334377978835
2000-12-26,-0.9289352665979516
2000-12-27,-0.9289365101605546
2000-12-28,-0.9289373557728496
2000-12-29,-0.9289379307842152
2001-01-01,-0.9289383217894686
2001-01-02,-0.9263263886091728
2001-01-03,-0.927193500131537
2001-01-04,-0.9277656997581791
2001-01-05,-0.9281470295457634
2001-01-08,-0.9284028321846987
2001-01-09,-0.9285751861096357
2001-01-10,-0.9286916590870274
2001-01-11,-0.9287705268132194
2001-01-12,-0.9288240032663977
2001-01-15,-0.9288602964695939
2001-01-16,-0.9288849431863603
2001-01-17,-0.9289016878691376
2001-01-18,-0.9289130672813624
2001-01-19,-0.9289208020569977
2001-01-22,-0.9289260602118922
2001-01-23,-0.9289296350658033
2001-01-24,-0.9289320656458
2001-01-25,-0.9289337182912477
2001-01-26,-0.9289348420208097
2001-01-29,-0.9289356061245267
2001-01-30,-0.9289361256998601
2001-01-31,-0.9289364790039116
2001-02-01,-0.9209274872105104
2001-02-02,-0.9237494678658722
2001-02-05,-0.9255181348742915
2001-02-06,-0.9266580441683839
2001-02-07,-0.9274060331407271
2001-02-08,-0.9279026605860907
2001-02-09,-0.928234980134103
2001-02-12,-0.9284585162343691
2001-02-13,-0.9286094072498535
2001-02-14,-0.9287115029492191
2001-02-15,-0.9287806935612298
2001-02-16,-0.9288276352031744
2001-02-19,-0.9288595057234205
2001-02-20,-0.9288811546875346
2001-02-21,-0.9288958653607143
2001-02-22,-0.9289058637069085
2001-02-23,-0.9289126603097403
2001-02-26,-0.9289172809473111
2001-02-27,-0.9289204224930602
2001-02-28,-0.9289225585177504
2001-03-01,-0.9132029756069052
2001-03-02,-0.9167214931520266
2001-03-05,-0.9199099491874235
2001-03-06,-0.9224569536012476
2001-03-07,-0.9243682899853947
2001-03-08,-0.925752436388321
2001-03-09,-0.9267332097864343
2001-03-12,-0.9274185943775934
2001-03-13,-0.9278932461460788
2001-03-14,-0.9282199990995051
2001-03-15,-0.9284440415469697
2001-03-16,-0.9285972477919519
2001-03-19,-0.9287018250176398
2001-03-20,-0.9287731212441459
2001-03-21,-0.9288216876632357
2001-03-22,-0.9288547521291409
2001-03-23,-0.9288772541347687
2001-03-26,-0.9288925638951224
2001-03-27,-0.9289029784108528
2001-03-28,-0.9289100620722252
2001-03-29,-0.928914879787979
2001-03-30,-0.928918156215272
2001-04-02,-0.9289203843608727
2001-04-03,-0.9041741991148133
2001-04-04,-0.9124865310189347
2001-04-05,-0.9179228861208935
2001-04-06,-0.9215156702110161
2001-04-09,-0.9239102872238902
2001-04-10,-0.9255162130394953
2001-04-11,-0.9265979015190362
2001-04-12,-0.9273286792468699
2001-04-13,-0.9278234064948062
2001-04-16,-0.9281588044207287
2001-04-17,-0.9283864053615238
2001-04-18,-0.9285409569421877
2001-04-19,-0.9286459516600698
2001-04-20,-0.9287173016507868
2001-04-23,-0.9287657981662056
2001-04-24,-0.9287987658529914
2001-04-25,-0.9288211792731262
2001-04-26,-0.928836418262327
2001-04-27,-0.9288467797827413
2001-04-30,-0.9288538251548455
2001-05-01,-0.7690267143725595
2001-05-02,-0.21908239183638628
2001-05-03,0.1353119036762105
2001-05-04,0.36784694598270923
2001-05-07,0.5222351840406738
2001-05-08,0.6255435107777113
2001-05-09,0.695034014471683
2001-05-10,0.7419413257721553
2001-05-11,0.7736796797048244
2001-05-14,0.7951888709374747
2001-05-15,0.8097815557544781
2001-05-16,0.8196891020724962
2001-05-17,0.8264190872979205
2001-05-18,0.8309921753480268
2001-05-21,0.8341003485104906
2001-05-22,0.8362131998567113
2001-05-23,0.8376496116617097
2001-05-24,0.8386262200635562
2001-05-25,0.8392902433978097
2001-05-28,0.8397417465350264
2001-05-29,0.8400487534053198
2001-05-30,0.840257510931534
2001-05-31,0.8403994626852636
2001-06-01,0.44189655193219013
2001-06-04,0.4104716288101205
2001-06-05,0.3998233537041313
2001-06-06,0.40566381398902873
2001-06-07,0.4253450199014004
2001-06-08,0.45669656080998106
2001-06-11,0.4973673136767894
2001-06-12,0.5444739956807184
2001-06-13,0.5945810036767191
2001-06-14,0.6440486324291711
2001-06-15,0.6896391559168393
2001-06-18,0.7290951525762353
2001-06-19,0.7614011945311543
2001-06-20,0.7866491404066697
2001-06-21,0.8056574080820288
2001-06-22,0.8195622581412029
2001-06-25,0.8295183062278165
2001-06-26,0.8365369947111869
2001-06-27,0.8414304760992061
2001-06-28,0.8448158344649264
2001-06-29,0.8471452376217518
2001-07-02,0.8487420884308703
2001-07-03,0.8561331133249682
2001-07-04,0.8536010251676962
2001-07-05,0.85241680596673
2001-07-06,0.8519512561808754
2001-07-09,0.8518295299859705
2001-07-10,0.8518513146937913
2001-07-11,0.8519197016836247
2001-07-12,0.8519927878484831
2001-07-13,0.8520553873888992
2001-07-16,0.8521041210291416
2001-07-17,0.8521401761307703
2001-07-18,0.852166062972597
2001-07-19,0.8521843058913176
2001-07-20,0.8521970090650848
2001-07-23,0.8522057856808045
2001-07-24,0.852211818011667
2001-07-25,0.8522159497626849
2001-07-26,0.8522187731370362
2001-07-27,0.8522206994109627
2001-07-30,0.8522220122285756
2001-07-31,0.852222906309528
2001-08-01,0.8295818533288231
2001-08-02,0.8333690327673036
2001-08-03,0.8376363850340477
2001-08-06,0.8414249989876879
2001-08-07,0.8444515172688017
2001-08-08,0.8467323261840844
2001-08-09,0.8483913508306947
2001-08-10,0.8495711667557324
2001-08-13,0.8503979002613885
2001-08-14,0.8509715712640361
2001-08-15,0.8513670401463332
2001-08-16,0.8516384619222426
2001-08-17,0.8518241919683406
2001-08-20,0.8519510281141054
2001-08-21,0.8520375268163661
2001-08-22,0.8520964617537189
2001-08-23,0.8521365911083386
2001-08-24,0.8521639038598608
2001-08-27,0.8521824879919362
2001-08-28,0.8521951304978092
2001-08-29,0.8522037298476332
2001-08-30,0.8522095785341675
2001-08-31,0.852213556161271
2001-09-03,0.8631000540626715
2001-09-04,0.8597631259966004
2001-09-05,0.857416831888784
2001-09-06,0.855788693457598
2001-09-07,0.8546678943885407
2001-09-10,0.853900016768207
2001-09-11,0.8533754260570988
2001-09-12,0.8530176555455129
2001-09-13,0.852773912652459
2001-09-14,0.8526079639188358
2001-09-17,0.8524950274912417
2001-09-18,0.8524181894400021
2001-09-19,0.8523659207863894
2001-09-20,0.8523303695249755
2001-09-21,0.8523061907403897
2001-09-24,0.8522897473672125
2001-09-25,0.8522785650489104
2001-09-26,0.8522709606953277
2001-09-27,0.8522657895629799
2001-09-28,0.8522622731150707
2001-10-01,0.8522598818955074
2001-10-02,0.6579614110405922
2001-10-03,0.7153499898145764
2001-10-04,0.7563650752529787
2001-10-05,0.7853502270833078
2001-10-08,0.8056281763275497
2001-10-09,0.8197010953057637
2001-10-10,0.8294090910354878
2001-10-11,0.8360768752455844
2001-10-12,0.8406424081406094
2001-10-15,0.8437617520642432
2001-10-16,0.8458898183004606
2001-10-17,0.8473401238753012
2001-10-18,0.8483278282972692
2001-10-19,0.8490001615489856
2001-10-22,0.849457669769512
2001-10-23,0.8497689241868245
2001-10-24,0.8499806459964051
2001-10-25,0.8501246486061598
2001-10-26,0.8502225850417027
2001-10-29,0.8502891885712717
2001-10-30,0.8503344820757203
2001-10-31,0.8503652830813825
2001-11-01,0.8626111680737774
2001-11-02,0.8592582273657299
2001-11-05,0.8568424391600038
2001-11-06,0.8551335318299175
2001-11-07,0.8539398593019036
2001-11-08,0.8531132414259461
2001-11-09,0.8525441529056216
2001-11-12,0.8521539148519457
2001-11-13,0.8518870386553916
2001-11-14,0.8517048602687916
2001-11-15,0.8515806534050664
2001-11-16,0.8514960420049144
2001-11-19,0.8514384365072837
2001-11-20,0.8513992325130658
2001-11-21,0.851372558886313
2001-11-22,0.8513544139309573
2001-11-23,0.8513420721803235
2001-11-26,0.8513336783223483
2001-11-27,0.8513279698226863
2001-11-28,0.8513240877318473
2001-11-29,0.8513214477673507
2001-11-30,0.8513196525262551
2001-12-03,0.6880113571091532
2001-12-04,0.7155198177982838
2001-12-05,0.7381203973400144
2001-12-06,0.755816067073766
2001-12-07,0.7691505593647021
2001-12-10,0.7789087487207927
2001-12-11,0.7858966792047828
2001-12-12,0.7908230530217586
2001-12-13,0.79425768841126
2001-12-14,0.7966337288631888
2001-12-17,0.7982685903577388
2001-12-18,0.7993892923249796
2001-12-19,0.8001555739399158
2001-12-20,0.8006786035322149
2001-12-21,0.8010351734476713
2001-12-24,0.8012780630049029
2001-12-25,0.80144342342444
2001-12-26,0.8015559590129048
2001-12-27,0.8016325250740219
2001-12-28,0.8016846093440871
2001-12-31,0.8017200355838894
2002-01-01,0.791000911423577
2002-01-02,0.8054470859596438
2002-01-03,0.8162921502942823
2002-01-04,0.8242046486105523
2002-01-07,0.8298578262602141
2002-01-08,0.8338364732258188
2002-01-09,0.8366069877879382
2002-01-10,0.8385219531344744
2002-01-11,0.8398387783920703
2002-01-14,0.8407410920245231
2002-01-15,0.8413578745889363
2002-01-16,0.8417787806245215
2002-01-17,0.8420656905806009
2002-01-18,0.8422611111156623
2002-01-21,0.8423941461260237
2002-01-22,0.8424846789142382
2002-01-23,0.8425462731126162
2002-01-24,0.84258817191136
2002-01-25,0.8426166699031072
2002-01-28,0.8426360516785603
2002-01-29,0.8426492327330194
2002-01-30,0.8426581965155134
2002-01-31,0.8426642921927665
2002-02-01,0.7832428406989924
2002-02-04,0.7851727948820327
2002-02-05,0.7929550748467018
2002-02-06,0.8032619174341951
2002-02-07,0.813731591210438
2002-02-08,0.8230197136639965
2002-02-11,0.830592082237091
2002-02-12,0.8364257044618858
2002-02-13,0.8407483271152286
2002-02-14,0.8438663510032508
2002-02-15,0.8460740984229889
2002-02-18,0.8476174643431175
2002-02-19,0.8486869593028143
2002-02-20,0.849423641824954
2002-02-21,0.8499290006451221
2002-02-22,0.8502747038391469
2002-02-25,0.850510739794223
2002-02-26,0.8506716888619625
2002-02-27,0.8507813403438622
2002-02-28,0.850855998807834
2002-03-01,0.8395092325301661
2002-03-04,0.8396202899350979
2002-03-05,0.8413789537737739
2002-03-06,0.8435790681789992
2002-03-07,0.845633461086587
2002-03-08,0.8473248246576677
2002-03-11,0.8486242398748312
2002-03-12,0.8495814603620322
2002-03-13,0.8502679605084904
2002-03-14,0.8507517492403778
2002-03-15,0.8510887382693982
2002-03-18,0.8513216493787129
2002-03-19,0.8514817839510238
2002-03-20,0.8515914923763213
2002-03-21,0.851666473539367
2002-03-22,0.8517176367032836
2002-03-25,0.8517525091816226
2002-03-26,0.8517762602089365
2002-03-27,0.8517924283695931
2002-03-28,0.8518034307939919
2002-03-29,0.8518109161750411
2002-04-01,0.8518160079584125
2002-04-02,0.807895535586656
2002-04-03,0.8088459222965669
2002-04-04,0.814478693263799
2002-04-05,0.8217486636032167
2002-04-08,0.8288507230139613
2002-04-09,0.8349330411650208
2002-04-10,0.8397527554268959
2002-04-11,0.8433861083763043
2002-04-12,0.8460357318746491
2002-04-15,0.8479251911588994
2002-04-16,0.8492522552634468
2002-04-17,0.8501747375801756
2002-04-18,0.8508114886410884
2002-04-19,0.8512489124270584
2002-04-22,0.8515484286822631
2002-04-23,0.8517530617608836
2002-04-24,0.8518926588815575
2002-04-25,0.8519877919867176
2002-04-26,0.8520525784005595
2002-04-29,0.8520966775464014
2002-04-30,0.8521266854944246
2002-05-01,0.8250916645437409
2002-05-02,0.8334782368773477
2002-05-03,0.8393260621131022
2002-05-06,0.8433526213027344
2002-05-07,0.8461093591123798
2002-05-08,0.8479913324375483
2002-05-09,0.8492741304860144
2002-05-10,0.8501477383512543
2002-05-13,0.8507423623348395
2002-05-14,0.8511469603215079
2002-05-15,0.8514222010400767
2002-05-16,0.8516094164407971
2002-05-17,0.8517367464706018
2002-05-20,0.8518233416531096
2002-05-21,0.8518822312992801
2002-05-22,0.8519222785084364
2002-05-23,0.8519495116365152
2002-05-24,0.8519680306292077
2002-05-27,0.8519806237539108
2002-05-28,0.8519891871719445
2002-05-29,0.8519950103368246
2002-05-30,0.8519989701060384
2002-05-31,0.8520016627558656
2002-06-03,0.6763346267584313
2002-06-04,0.31931625527681906
2002-06-05,0.02769488078216181
2002-06-06,-0.20495237381820686
2002-06-07,-0.3855110107784324
2002-06-10,-0.5218245204082821
2002-06-11,-0.6222005186207035
2002-06-12,-0.6945916336924878
2002-06-13,-0.7459521693210943
2002-06-14,-0.7819446984169279
2002-06-17,-0.8069410361846341
2002-06-18,-0.8241890334242217
2002-06-19,-0.8360365893478964
2002-06-20,-0.8441489180252587
2002-06-21,-0.849691512944083
2002-06-24,-0.8534726994008671
2002-06-25,-0.8560495893491707
2002-06-26,-0.8578045120596632
2002-06-27,-0.858999081881777
2002-06-28,-0.8598119552799294
2002-07-01,-0.8603649709634442
2002-07-02,-0.5923489886094081
2002-07-03,-0.5822443983796787
2002-07-04,-0.5896959461628949
2002-07-05,-0.6114639430487416
2002-07-08,-0.6440800347521048
2002-07-09,-0.6836430028331487
2002-07-10,-0.7260063170945424
2002-07-11,-0.7672975388648854
2002-07-12,-0.8045248109409242
2002-07-15,-0.835952453549641
2002-07-16,-0.8610817207727225
2002-07-17,-0.8803226457978446
2002-07-18,-0.8945713521171906
2002-07-19,-0.9048634816672599
2002-07-22,-0.9121641470467944
2002-07-23,-0.9172762754967718
2002-07-24,-0.9208235048557573
2002-07-25,-0.9232693304855626
2002-07-26,-0.9249483670133779
2002-07-29,-0.9260975447139277
2002-07-30,-0.9268824517579175
2002-07-31,-0.9274178004917671
2002-08-01,-0.7547543996194463
2002-08-02,-0.7465553446680423
2002-08-05,-0.754349832234536
2002-08-06,-0.7728368658063924
2002-08-07,-0.7970515571481089
2002-08-08,-0.8227500548805251
2002-08-09,-0.8468326777584824
2002-08-12,-0.867514892055085
2002-08-13,-0.8841653425704449
2002-08-14,-0.8969401188501843
2002-08-15,-0.9064003358418643
2002-08-16,-0.9132287421733779
2002-08-19,-0.9180683327717366
2002-08-20,-0.9214545984118263
2002-08-21,-0.9238028746180572
2002-08-22,-0.9254212951050836
2002-08-23,-0.9265319668751932
2002-08-26,-0.9272919666587373
2002-08-27,-0.9278109759647576
2002-08-28,-0.9281649290333577
2002-08-29,-0.9284060934395109
2002-08-30,-0.9285703059391452
2002-09-02,-0.928682072609584
2002-09-03,-0.9244793120156732
2002-09-04,-0.9259666653502399
2002-09-05,-0.9269387521147316
2002-09-06,-0.9275824184668456
2002-09-09,-0.9280123358239216
2002-09-10,-0.9283011596759627
2002-09-11,-0.9284959554872864
2002-09-12,-0.9286276819267099
2002-09-13,-0.9287169183856613
2002-09-16,-0.9287774437855096
2002-09-17,-0.9288185294066221
2002-09-18,-0.9288464345548321
2002-09-19,-0.9288653947757646
2002-09-20,-0.9288782806619493
2002-09-23,-0.9288870397965713
2002-09-24,-0.9288929944951521
2002-09-25,-0.9288970429890914
2002-09-26,-0.9288997956396848
2002-09-27,-0.9289016672909054
2002-09-30,-0.928902939943296
2002-10-01,-0.9161193460644429
2002-10-02,-0.9181457192986338
2002-10-03,-0.9205376787876016
2002-10-04,-0.9226964080080535
2002-10-07,-0.924433923085193
2002-10-08,-0.9257483909194519
2002-10-09,-0.9267065425100383
2002-10-10,-0.9273887671657747
2002-10-11,-0.9278671753489193
2002-10-14,-0.9281992950838979
2002-10-15,-0.9284283136366618
2002-10-16,-0.9285855254501285
2002-10-17,-0.9286931166394278
2002-10-18,-0.9287665973763202
2002-10-21,-0.9288167119573815
2002-10-22,-0.9288508582464828
2002-10-23,-0.9288741093612027
2002-10-24,-0.9288899347519924
2002-10-25,-0.9289007027825091
2002-10-28,-0.9289080281691768
2002-10-29,-0.9289130108757324
2002-10-30,-0.9289163997823819
2002-10-31,-0.9289187045460043
2002-11-01,-0.9188751449336908
2002-11-04,-0.9201751284476546
2002-11-05,-0.9219815653530368
2002-11-06,-0.9237056348526566
2002-11-07,-0.9251331279618112
2002-11-08,-0.9262310256140879
2002-11-11,-0.9270395826940881
2002-11-12,-0.9276191227458103
2002-11-13,-0.9280273001250329
2002-11-14,-0.9283114882751308
2002-11-15,-0.9285078367406325
2002-11-18,-0.9286427988055372
2002-11-19,-0.9287352448321268
2002-11-20,-0.9287984199066646
2002-11-21,-0.9288415234683063
2002-11-22,-0.9288709008142875
2002-11-25,-0.928890908382852
2002-11-26,-0.928904527857105
2002-11-27,-0.9289137957243303
2002-11-28,-0.9289201009357673
2002-11-29,-0.9289243898938184
2002-12-02,-0.9289273070381279
2002-12-03,-0.9134613832330271
2002-12-04,-0.9183572446043105
2002-12-05,-0.9217290399729222
2002-12-06,-0.9240297078470152
2002-12-09,-0.9255947859393975
2002-12-10,-0.9266585103891243
2002-12-11,-0.9273813655424035
2002-12-12,-0.9278726176146008
2002-12-13,-0.9282065144853373
2002-12-16,-0.9284334865338011
2002-12-17,-0.9285877895456373
2002-12-18,-0.9286926973885304
2002-12-19,-0.9287640260871437
2002-12-20,-0.9288125255308606
2002-12-23,-0.9288455032378233
2002-12-24,-0.9288679271779663
2002-12-25,-0.9288831750325814
2002-12-26,-0.9288935433723936
2002-12-27,-0.9289005937472097
2002-12-30,-0.9289053879554905
2002-12-31,-0.9289086479941779
2003-01-01,-0.9220183450152343
2003-01-02,-0.9225238460832041
2003-01-03,-0.9236670229447791
2003-01-06,-0.924888094055287
2003-01-07,-0.925951858032376
2003-01-08,-0.9267933597667343
2003-01-09,-0.9274237440809472
2003-01-10,-0.9278804887760432
2003-01-13,-0.9282044524549605
2003-01-14,-0.9284310604829273
2003-01-15,-0.9285881137506452
2003-01-16,-0.9286962915865499
2003-01-17,-0.9287704954848489
2003-01-20,-0.9288212527349854
2003-01-21,-0.9288559061369094
2003-01-22,-0.9288795346001707
2003-01-23,-0.9288956316524267
2003-01-24,-0.928906591388254
2003-01-27,-0.9289140503630324
2003-01-28,-0.9289191254032896
2003-01-29,-0.9289225777878588
2003-01-30,-0.9289249260360635
2003-01-31,-0.9289265231339897
2003-02-03,-0.925440354559811
2003-02-04,-0.9265441921900279
2003-02-05,-0.9273017598998561
2003-02-06,-0.927819339363737
2003-02-07,-0.9281721951163288
2003-02-10,-0.9284124881800743
2003-02-11,-0.9285760300214919
2003-02-12,-0.9286872983244295
2003-02-13,-0.9287629865592337
2003-02-14,-0.9288144658870351
2003-02-17,-0.9288494768742318
2003-02-18,-0.9288732866120002
2003-02-19,-0.9288894782573365
2003-02-20,-0.928900489039351
2003-02-21,-0.9289079765804039
2003-02-24,-0.928913068202395
2003-02-25,-0.9289165305472132
2003-02-26,-0.928918884959997
2003-02-27,-0.9289204859684601
2003-02-28,-0.9289215746573416
2003-03-03,-0.9289298260680902
2003-03-04,-0.9287863771697933
2003-03-05,-0.9287629014262412
2003-03-06,-0.9287830113153962
2003-03-07,-0.9288139727303644
2003-03-10,-0.9288432179864387
2003-03-11,-0.9288669564641802
2003-03-12,-0.9288849001276884
2003-03-13,-0.9288979413445415
2003-03-14,-0.9289071996311908
2003-03-17,-0.9289136763725103
2003-03-18,-0.9289181645044302
2003-03-19,-0.9289212553152407
2003-03-20,-0.9289233750647533
2003-03-21,-0.9289248248225817
2003-03-24,-0.9289258145104441
2003-03-25,-0.9289264892799519
2003-03-26,-0.9289269489471068
2003-03-27,-0.9289272619016677
2003-03-28,-0.9289274748868249
2003-03-31,-0.928927619798084
2003-04-01,-0.9292494137851086
2003-04-02,-0.9290841844161329
2003-04-03,-0.9290049180038131
2003-04-04,-0.9289668759059622
2003-04-07,-0.9289485229275714
2003-04-08,-0.9289395770147142
2003-04-09,-0.9289351468137238
2003-04-10,-0.9289329046316366
2003-04-11,-0.9289317380614075
2003-04-14,-0.9289311109866376
2003-04-15,-0.9289307616131963
2003-04-16,-0.9289305597211752
2003-04-17,-0.9289304389527696
2003-04-18,-0.9289303644741964
2003-04-21,-0.928930317365201
2003-04-22,-0.9289302869669263
2003-04-23,-0.9289302670527033
2003-04-24,-0.9289302538609482
2003-04-25,-0.9289302450523773
2003-04-28,-0.9289302391373836
2003-04-29,-0.9289302351497951
2003-04-30,-0.928930232454239
2003-05-01,-0.9284785360624626
2003-05-02,-0.9286023058600846
2003-05-05,-0.9286975505041343
2003-05-06,-0.9287674037695908
2003-05-07,-0.9288172447295189
2003-05-08,-0.9288522153762387
2003-05-09,-0.9288764931329895
2003-05-12,-0.9288932317984745
2003-05-13,-0.9289047202328525
2003-05-14,-0.9289125814107808
2003-05-15,-0.928917949676042
2003-05-16,-0.928921610571446
2003-05-19,-0.9289241048218482
2003-05-20,-0.9289258031497867
2003-05-21,-0.9289269590468838
2003-05-22,-0.9289277455347099
2003-05-23,-0.928928280567129
2003-05-26,-0.9289286444910664
2003-05-27,-0.928928892006353
2003-05-28,-0.9289290603384132
2003-05-29,-0.9289291748141834
2003-05-30,-0.9289292526622842
2003-06-02,-0.9289293056010866
2003-06-03,-0.9306545372976259
2003-06-04,-0.9301201029602182
2003-06-05,-0.9297478104347717
2003-06-06,-0.9294904180579265
2003-06-09,-0.9293133918161438
2003-06-10,-0.9291920759745217
2003-06-11,-0.929109143187225
2003-06-12,-0.9290525450039779
2003-06-13,-0.9290139635427537
2003-06-16,-0.9289876842350202
2003-06-17,-0.9289697939640866
2003-06-18,-0.9289576191653572
2003-06-19,-0.92894933594817
2003-06-20,-0.9289437013482051
2003-06-23,-0.9289398688909514
2003-06-24,-0.9289372623912917
2003-06-25,-0.9289354897739888
2003-06-26,-0.928934284303381
2003-06-27,-0.9289334645417051
2003-06-30,-0.9289329070847359
2003-07-01,-0.9302065635910212
2003-07-02,-0.9297972864562662
2003-07-03,-0.9295198072968642
2003-07-04,-0.9293315865612055
2003-07-07,-0.9292038386454445
2003-07-08,-0.929117090918382
2003-07-09,-0.9290581612206886
2003-07-10,-0.9290181171233045
2003-07-11,-0.9289909004304735
2003-07-14,-0.9289723993258856
2003-07-15,-0.9289598214975208
2003-07-16,-0.9289512699384971
2003-07-17,-0.9289454555145453
2003-07-18,-0.9289415020030136
2003-07-21,-0.928938813753816
2003-07-22,-0.9289369858093348
2003-07-23,-0.9289357428376857
2003-07-24,-0.92893489763148
2003-07-25,-0.9289343228982182
2003-07-28,-0.928933932082984
2003-07-29,-0.9289336663303024
2003-07-30,-0.9289334856193311
2003-07-31,-0.928933362736317
2003-08-01,-0.9305916525939735
2003-08-04,-0.9300466604762827
2003-08-05,-0.929683389605693
2003-08-06,-0.9294401675448268
2003-08-07,-0.9292766749787338
2003-08-08,-0.9291664242142731
2003-08-11,-0.9290918961152745
2003-08-12,-0.929041426444506
2003-08-13,-0.9290072054716765
2003-08-14,-0.9289839812126565
2003-08-15,-0.9289682101502262
2003-08-18,-0.9289574957923661
2003-08-19,-0.9289502146552203
2003-08-20,-0.9289452656280907
2003-08-21,-0.9289419012849724
2003-08-22,-0.9289396139933441
2003-08-25,-0.9289380588493337
2003-08-26,-0.9289370014509928
2003-08-27,-0.9289362824664894
2003-08-28,-0.9289357935786788
2003-08-29,-0.9289354611451224
2003-09-01,-0.9289352350950953
2003-09-02,-0.9162685467092354
2003-09-03,-0.9197487563382059
2003-09-04,-0.9224384881220308
2003-09-05,-0.9244051412400792
2003-09-08,-0.9258027861926623
2003-09-09,-0.9267801068589725
2003-09-10,-0.9274568431941216
2003-09-11,-0.9279225574339993
2003-09-12,-0.9282417745515278
2003-09-15,-0.9284600042300494
2003-09-16,-0.9286089350590822
2003-09-17,-0.928710454383845
2003-09-18,-0.9287796011569219
2003-09-19,-0.9288266734059899
2003-09-22,-0.9288587067464057
2003-09-23,-0.9288805005959224
2003-09-24,-0.928895325573543
2003-09-25,-0.928905408939228
2003-09-26,-0.9289122667256704
2003-09-29,-0.928916930526009
2003-09-30,-0.928920102142641
2003-10-01,-0.9299077972361072
2003-10-02,-0.9290773723928746
2003-10-03,-0.9287522232546479
2003-10-06,-0.9286669320760651
2003-10-07,-0.9286811847044107
2003-10-08,-0.9287276632110308
2003-10-09,-0.9287774398936355
2003-10-10,-0.9288200787103946
2003-10-13,-0.9288532652651035
2003-10-14,-0.9288778117919253
2003-10-15,-0.9288954320433804
2003-10-16,-0.9289078474133182
2003-10-17,-0.9289164916942763
2003-10-20,-0.9289224635516253
2003-10-21,-0.9289265678946708
2003-10-22,-0.928929378994001
2003-10-23,-0.9289312998695155
2003-10-24,-0.9289326103817289
2003-10-27,-0.9289335035270825
2003-10-28,-0.928934111789511
2003-10-29,-0.9289345258349829
2003-10-30,-0.9289348075832792
2003-10-31,-0.9289349992633182
2003-11-03,-0.9253008727231921
2003-11-04,-0.9262776536650076
2003-11-05,-0.9270439809572459
2003-11-06,-0.9276105642152527
2003-11-07,-0.92801635441642
2003-11-10,-0.9283016207251096
2003-11-11,-0.9284998675100185
2003-11-12,-0.9286366329064446
2003-11-13,-0.9287305339169373
2003-11-14,-0.9287948015498599
2003-11-17,-0.9288386949429337
2003-11-18,-0.9288686308011787
2003-11-19,-0.9288890279853681
2003-11-20,-0.9289029169170087
2003-11-21,-0.9289123700967119
2003-11-24,-0.9289188022805467
2003-11-25,-0.9289231780228697
2003-11-26,-0.9289261543850731
2003-11-27,-0.9289281787069428
2003-11-28,-0.9289295554281296
2003-12-01,-0.9289304916824382
2003-12-02,-0.919119299291837
2003-12-03,-0.9219308324064872
2003-12-04,-0.9240304366900204
2003-12-05,-0.9255358750544275
2003-12-08,-0.9265929335624158
2003-12-09,-0.9273264065900557
2003-12-10,-0.9278317275100659
2003-12-11,-0.9281783099656395
2003-12-12,-0.9284153354825194
2003-12-15,-0.9285771302082919
2003-12-16,-0.9286874340123431
2003-12-17,-0.9287625709708732
2003-12-18,-0.9288137241657375
2003-12-19,-0.9288485360341988
2003-12-22,-0.9288722208817165
2003-12-23,-0.9288883324731084
2003-12-24,-0.9288992910745589
2003-12-25,-0.9289067441771838
2003-12-26,-0.9289118128643119
2003-12-29,-0.9289152598370016
2003-12-30,-0.9289176039001592
2003-12-31,-0.9289191979187122
2004-01-01,-0.9293272017147652
2004-01-02,-0.9289651229012942
2004-01-05,-0.9288367193546258
2004-01-06,-0.928809434289158
2004-01-07,-0.928820554758322
2004-01-08,-0.9288424809301843
2004-01-09,-0.9288642440725622
2004-01-12,-0.928882280492601
2004-01-13,-0.9288960642576368
2004-01-14,-0.9289061466128345
2004-01-15,-0.9289133328621607
2004-01-16,-0.9289183729207454
2004-01-19,-0.9289218713179133
2004-01-20,-0.9289242832002452
2004-01-21,-0.9289259385479816
2004-01-22,-0.9289270712507149
2004-01-23,-0.9289278447578719
2004-01-26,-0.9289283722549243
2004-01-27,-0.9289287316522166
2004-01-28,-0.9289289763656934
2004-01-29,-0.9289291429203107
2004-01-30,-0.9289292562465163
2004-02-02,-0.928929333340241
2004-02-03,-0.9278028227073655
2004-02-04,-0.9281420141241357
2004-02-05,-0.9283839910826555
2004-02-06,-0.9285536118815195
2004-02-09,-0.9286712521631788
2004-02-10,-0.9287522950179103
2004-02-11,-0.9288078837775945
2004-02-12,-0.928845904427275
2004-02-13,-0.9288718598632107
2004-02-16,-0.928889556293223
2004-02-17,-0.9289016114250855
2004-02-18,-0.9289098188662199
2004-02-19,-0.9289154045209365
2004-02-20,-0.9289192048877445
2004-02-23,-0.9289217901166662
2004-02-24,-0.9289235485243664
2004-02-25,-0.9289247444500722
2004-02-26,-0.9289255577755904
2004-02-27,-0.9289261108811119
2004-03-01,-0.9289264870131296
2004-03-02,-0.9284977520378987
2004-03-03,-0.9286255884193564
2004-03-04,-0.9287175270060927
2004-03-05,-0.9287823359520544
2004-03-08,-0.92882745722695
2004-03-09,-0.9288586232545043
2004-03-10,-0.9288800389619492
2004-03-11,-0.9288947044189861
2004-03-12,-0.9289047243724037
2004-03-15,-0.9289115598511996
2004-03-16,-0.9289162180986282
2004-03-17,-0.9289193903834921
2004-03-18,-0.9289215496979971
2004-03-19,-0.928923019030154
2004-03-22,-0.9289240186371328
2004-03-23,-0.9289246985827846
2004-03-24,-0.9289251610440722
2004-03-25,-0.9289254755630406
2004-03-26,-0.9289256894567907
2004-03-29,-0.9289258349141208
2004-03-30,-0.9289259338294935
2004-03-31,-0.928926001093947
2004-04-01,-0.9290621256680979
2004-04-02,-0.9286777828717648
2004-04-05,-0.9285857830065214
2004-04-06,-0.9286113563679039
2004-04-07,-0.9286729588076884
2004-04-08,-0.9287364694461817
2004-04-09,-0.9287900450533529
2004-04-12,-0.9288314076207065
2004-04-13,-0.9288618554792426
2004-04-14,-0.9288836465590017
2004-04-15,-0.9288989710914903
2004-04-16,-0.9289096273482834
2004-04-19,-0.9289169829493596
2004-04-20,-0.928922035450206
2004-04-21,-0.9289254946310775
2004-04-22,-0.9289278577434896
2004-04-23,-0.9289294696893947
2004-04-26,-0.928930568139066
2004-04-27,-0.9289313161606858
2004-04-28,-0.9289318253127683
2004-04-29,-0.9289321717660669
2004-04-30,-0.9289324074605201
2004-05-03,-0.9075651799893943
2004-05-04,-0.9140250668723017
2004-05-05,-0.9186479993706671
2004-05-06,-0.9218754595543643
2004-05-07,-0.9241029675038458
2004-05-10,-0.9256311930749457
2004-05-11,-0.9266761544414817
2004-05-12,-0.9273892507894597
2004-05-13,-0.9278752787973505
2004-05-14,-0.928206283307603
2004-05-17,-0.9284315958495251
2004-05-18,-0.9285849131295483
2004-05-19,-0.9286892168693758
2004-05-20,-0.9287601654464537
2004-05-21,-0.9288084206073741
2004-05-24,-0.9288412387739021
2004-05-25,-0.9288635572672311
2004-05-26,-0.9288787348246177
2004-05-27,-0.9288890560129245
2004-05-28,-0.9288960746256278
2004-05-31,-0.9289008473748388
2004-06-01,-0.9205984015809665
2004-06-02,-0.9230119332141351
2004-06-03,-0.9247912727258157
2004-06-04,-0.9260580968363893
2004-06-07,-0.9269438524323056
2004-06-08,-0.9275568278803902
2004-06-09,-0.9279784064654112
2004-06-10,-0.9282672254566041
2004-06-11,-0.928464598024595
2004-06-14,-0.9285992573832015
2004-06-15,-0.9286910303644687
2004-06-16,-0.9287535300867771
2004-06-17,-0.9287960732349305
2004-06-18,-0.928825022553966
2004-06-21,-0.928844717305312
2004-06-22,-0.9288581139865091
2004-06-23,-0.9288672256896895
2004-06-24,-0.9288734225510421
2004-06-25,-0.9288776368324626
2004-06-28,-0.9288805027347875
2004-06-29,-0.9288824516358275
2004-06-30,-0.92888377692841
2004-07-01,-0.919805422190899
2004-07-02,-0.9225346235977478
2004-07-05,-0.9244868255567997
2004-07-06,-0.9258517196105513
2004-07-07,-0.9267951591321666
2004-07-08,-0.9274432058098775
2004-07-09,-0.927886716684897
2004-07-12,-0.9281895653640729
2004-07-13,-0.928396069847931
2004-07-14,-0.9285367503292975
2004-07-15,-0.9286325305409604
2004-07-16,-0.9286977149104605
2004-07-19,-0.9287420650043888
2004-07-20,-0.9287722344410283
2004-07-21,-0.9287927548935196
2004-07-22,-0.9288067112116795
2004-07-23,-0.9288162026171752
2004-07-26,-0.9288226572825985
2004-07-27,-0.9288270466887639
2004-07-28,-0.9288300315917001
2004-07-29,-0.9288320613741812
2004-07-30,-0.9288334416480982
2004-08-02,-0.9288343802440577
2004-08-03,-0.924774252736853
2004-08-04,-0.9260593240958996
2004-08-05,-0.9269331956741039
2004-08-06,-0.9275266857034065
2004-08-09,-0.927929705871408
2004-08-10,-0.9282034431472438
2004-08-11,-0.928389420097471
2004-08-12,-0.9285158029092051
2004-08-13,-0.9286017038255857
2004-08-16,-0.9286600976926941
2004-08-17,-0.9286997966728441
2004-08-18,-0.9287267878260639
2004-08-19,-0.9287451398664193
2004-08-20,-0.928757618344867
2004-08-23,-0.928766103284769
2004-08-24,-0.9287718728442541
2004-08-25,-0.9287757960505747
2004-08-26,-0.9287784637861698
2004-08-27,-0.9287802778249208
2004-08-30,-0.9287815113608244
2004-08-31,-0.9287823501600508
2004-09-01,-0.9254299158572704
2004-09-02,-0.9262188157413236
2004-09-03,-0.9269123390054519
2004-09-06,-0.9274566692684466
2004-09-07,-0.9278605063613145
2004-09-08,-0.9281507196757618
2004-09-09,-0.9283552890198213
2004-09-10,-0.9284977397349149
2004-09-13,-0.9285961532759032
2004-09-14,-0.9286637901498208
2004-09-15,-0.928710114236547
2004-09-16,-0.9287417676966605
2004-09-17,-0.9287633628359624
2004-09-20,-0.9287780802594974
2004-09-21,-0.9287881032381161
2004-09-22,-0.9287949258574089
2004-09-23,-0.928799568470609
2004-09-24,-0.9288027269407909
2004-09-27,-0.9288048753900714
2004-09-28,-0.9288063366538168
2004-09-29,-0.9288073304598952
2004-09-30,-0.9288080063155905
2004-10-01,-0.9138331962602175
2004-10-04,-0.9185799097736426
2004-10-05,-0.9218048508537955
2004-10-06,-0.9239887834167628
2004-10-07,-0.9254677496659547
2004-10-08,-0.9264701017641378
2004-10-11,-0.9271500071380759
2004-10-12,-0.927611516275278
2004-10-13,-0.9279249473131383
2004-10-14,-0.9281378936908904
2004-10-15,-0.9282826096226774
2004-10-18,-0.928380975534441
2004-10-19,-0.9284478452882837
2004-10-20,-0.9284933078493863
2004-10-21,-0.9285242182643799
2004-10-22,-0.9285452354260216
2004-10-25,-0.9285595262007148
2004-10-26,-0.9285692435090916
2004-10-27,-0.9285758510824061
2004-10-28,-0.9285803441395157
2004-10-29,-0.9285833993741606
2004-11-01,-0.9285854769124027
2004-11-02,-0.9236090942868294
2004-11-03,-0.9251596406517285
2004-11-04,-0.9262020399839361
2004-11-05,-0.9269048233344082
2004-11-08,-0.9273797845086351
2004-11-09,-0.9277013651160548
2004-11-10,-0.927919384967562
2004-11-11,-0.9280673323695103
2004-11-12,-0.9281677940623394
2004-11-15,-0.9282360417810538
2004-11-16,-0.9282824194940498
2004-11-17,-0.9283139420853638
2004-11-18,-0.9283353708388454
2004-11-19,-0.9283499393265036
2004-11-22,-0.9283598444759456
2004-11-23,-0.9283665793168386
2004-11-24,-0.9283711587011031
2004-11-25,-0.9283742725388503
2004-11-26,-0.9283763898812348
2004-11-29,-0.9283778296423322
2004-11-30,-0.9283788086647939
2004-12-01,-0.410840300311513
2004-12-02,0.003469367889839828
2004-12-03,0.2794057326141471
2004-12-06,0.4644783427025717
2004-12-07,0.5891763323802904
2004-12-08,0.6734489358964584
2004-12-09,0.7305160894168933
2004-12-10,0.7692125738932425
2004-12-13,0.7954759946828488
2004-12-14,0.8133120019454223
2004-12-15,0.8254298216005739
2004-12-16,0.8336650132620989
2004-12-17,0.8392626665303161
2004-12-20,0.8430680171564635
2004-12-21,0.8456551675958537
2004-12-22,0.8474142035968004
2004-12-23,0.8486102429598155
2004-12-24,0.849423500785018
2004-12-27,0.8499764932442394
2004-12-28,0.8503525173868278
2004-12-29,0.8506082087343854
2004-12-30,0.8507820764330898
2004-12-31,0.8509003053002513
2005-01-03,0.8316370149604635
2005-01-04,0.8344052290592746
2005-01-05,0.8380296676815565
2005-01-06,0.8414470576605134
2005-01-07,0.8442692436506198
2005-01-10,0.8464400797930589
2005-01-11,0.8480401544769997
2005-01-12,0.8491880493692902
2005-01-13,0.8499971363334625
2005-01-14,0.8505607786281536
2005-01-17,0.8509503697866838
2005-01-18,0.8512182399822783
2005-01-19,0.8514017639712751
2005-01-20,0.8515271976405321
2005-01-21,0.8516127881230414
2005-01-24,0.8516711265931037
2005-01-25,0.8517108601482967
2005-01-26,0.851737908296922
2005-01-27,0.8517563146018297
2005-01-28,0.8517688371585901
2005-01-31,0.8517773553934401
2005-02-01,0.7204281089653586
2005-02-02,0.7234357209326875
2005-02-03,0.7372980428024167
2005-02-04,0.7562150325160606
2005-02-07,0.7760286966822545
2005-02-08,0.7941444557446791
2005-02-09,0.8093156939816811
2005-02-10,0.8212647376768748
2005-02-11,0.8302725606127018
2005-02-14,0.836854311462711
2005-02-15,0.8415583464530457
2005-02-16,0.8448687318466963
2005-02-17,0.8471734344532452
2005-02-18,0.8487660991723428
2005-02-21,0.8498611021355424
2005-02-22,0.850611317678377
2005-02-23,0.8511240818130159
2005-02-24,0.8514739786524071
2005-02-25,0.8517124734681952
2005-02-28,0.851874911814912
2005-03-01,0.8377371673083251
2005-03-02,0.8405032273217579
2005-03-03,0.8433400683070527
2005-03-04,0.8457441934419051
2005-03-07,0.8476108098899502
2005-03-08,0.8489915407532613
2005-03-09,0.849983397491378
2005-03-10,0.8506828221778994
2005-03-11,0.851170127329907
2005-03-14,0.8515069526672743
2005-03-15,0.8517385333341065
2005-03-16,0.8518971873869499
2005-03-17,0.8520056189515463
2005-03-18,0.8520796057314904
2005-03-21,0.8521300340123916
2005-03-22,0.8521643795046678
2005-03-23,0.852187759535612
2005-03-24,0.852203669559322
2005-03-25,0.852214493737478
2005-03-28,0.8522218566553929
2005-03-29,0.8522268645828618
2005-03-30,0.8522302705008014
2005-03-31,0.8522325867678388
2005-04-01,0.8384142437362667
2005-04-04,0.8419759319030832
2005-04-05,0.8448658695070581
2005-04-06,0.8470428386171216
2005-04-07,0.8486199772384917
2005-04-08,0.8497368930151854
2005-04-11,0.8505168731950802
2005-04-12,0.8510567053391026
2005-04-13,0.8514281520361464
2005-04-14,0.8516827501555341
2005-04-15,0.8518568076472482
2005-04-18,0.851975596896291
2005-04-19,0.8520565723981361
2005-04-20,0.8521117276292284
2005-04-21,0.8521492756547672
2005-04-22,0.8521748279369371
2005-04-25,0.8521922125553976
2005-04-26,0.8522040382831498
2005-04-27,0.8522120817107169
2005-04-28,0.8522175521328046
2005-04-29,0.8522212724303984
2005-05-02,0.8522238024215376
2005-05-03,0.8388590460074042
2005-05-04,0.8427611639093835
2005-05-05,0.8456237175716773
2005-05-06,0.8476584031624378
2005-05-09,0.8490803325450758
2005-05-10,0.8500642658411197
2005-05-11,0.8507409984278818
2005-05-12,0.8512046527128484
2005-05-13,0.8515215249350717
2005-05-16,0.8517377257525073
2005-05-17,0.8518850768148094
2005-05-18,0.8519854295697851
2005-05-19,0.8520537404508189
2005-05-20,0.852100224605173
2005-05-23,0.8521318489442383
2005-05-24,0.8521533604686279
2005-05-25,0.8521679915218789
2005-05-26,0.8521779421206838
2005-05-27,0.8521847092103741
2005-05-30,0.8521893111449459
2005-05-31,0.8521924406041117
2005-06-01,0.8023453225608397
2005-06-02,0.8163016135580617
2005-06-03,0.8268710358768646
2005-06-06,0.8345319824242168
2005-06-07,0.8399548375544605
2005-06-08,0.8437397099042216
2005-06-09,0.8463580869333912
2005-06-10,0.8481591447852479
2005-06-13,0.8493933463002885
2005-06-14,0.8502369804169638
2005-06-15,0.8508126732513706
2005-06-16,0.8512050783921677
2005-06-17,0.8514723454725661
2005-06-20,0.8516542865164412
2005-06-21,0.8517780985717209
2005-06-22,0.8518623333359899
2005-06-23,0.8519196326324573
2005-06-24,0.8519586052262633
2005-06-27,0.8519851107736299
2005-06-28,0.8520031364726316
2005-06-29,0.8520153948336895
2005-06-30,0.8520237309252365
2005-07-01,0.7726546492179213
2005-07-04,0.797441628225925
2005-07-05,0.8143519015078153
2005-07-06,0.8258662446563272
2005-07-07,0.8337008897704945
2005-07-08,0.8390301763515784
2005-07-11,0.842654750712937
2005-07-12,0.8451197273943033
2005-07-13,0.8467960231075505
2005-07-14,0.8479359521381338
2005-07-15,0.8487111247731447
2005-07-18,0.8492382513149817
2005-07-19,0.8495967013540144
2005-07-20,0.8498404490951483
2005-07-21,0.8500061982732151
2005-07-22,0.8501189079940988
2005-07-25,0.8501955507003843
2005-07-26,0.8502476677627533
2005-07-27,0.8502831073602884
2005-07-28,0.8503072062741259
2005-07-29,0.8503235935228127
2005-08-01,0.850334736841315
2005-08-02,0.17958607394866408
2005-08-03,-0.15597062499365352
2005-08-04,-0.393953198749747
2005-08-05,-0.5605672731424124
2005-08-08,-0.6761623773910549
2005-08-09,-0.7558571625976624
2005-08-10,-0.8105626570049934
2005-08-11,-0.848002493551735
2005-08-12,-0.8735735141410511
2005-08-15,-0.8910138500285075
2005-08-16,-0.9028974299636
2005-08-17,-0.9109894577287109
2005-08-18,-0.9164972193018629
2005-08-19,-0.9202448949553386
2005-08-22,-0.9227944229649985
2005-08-23,-0.9245286141634615
2005-08-24,-0.9257081005875482
2005-08-25,-0.9265102603598427
2005-08-26,-0.9270557791861401
2005-08-29,-0.9274267550373915
2005-08-30,-0.9276790291682699
2005-08-31,-0.9278505803841275
2005-09-01,-0.8475472087511757
2005-09-02,-0.8487478140087988
2005-09-05,-0.8574347295943017
2005-09-06,-0.8695659231555058
2005-09-07,-0.882204310543918
2005-09-08,-0.8936048723134565
2005-09-09,-0.9030116008042012
2005-09-12,-0.9103220243685962
2005-09-13,-0.9157732708794574
2005-09-14,-0.9197231575667834
2005-09-15,-0.9225288012753111
2005-09-16,-0.9244944812232597
2005-09-19,-0.9258587111760181
2005-09-20,-0.9267994020616689
2005-09-21,-0.9274451757122241
2005-09-22,-0.9278871515813766
2005-09-23,-0.9281890215466396
2005-09-26,-0.9283949091264553
2005-09-27,-0.9285351983381653
2005-09-28,-0.9286307273262147
2005-09-29,-0.9286957482843041
2005-09-30,-0.928739990864716
2005-10-03,-0.9130507620924536
2005-10-04,-0.9147808603638765
2005-10-05,-0.9174820236782891
2005-10-06,-0.9201902068898837
2005-10-07,-0.9225011737231934
2005-10-10,-0.924314526621987
2005-10-11,-0.9256682905854424
2005-10-12,-0.9266476806781512
2005-10-13,-0.9273418792736552
2005-10-14,-0.9278273110317853
2005-10-17,-0.9281636969679304
2005-10-18,-0.9283953832153422
2005-10-19,-0.9285543019519014
2005-10-20,-0.9286630045700566
2005-10-21,-0.9287372183708396
2005-10-24,-0.9287878209601498
2005-10-25,-0.9288222942589157
2005-10-26,-0.9288457655064757
2005-10-27,-0.9288617395554457
2005-10-28,-0.9288726081964649
2005-10-31,-0.9288800017777318
2005-11-01,-0.9277783023958005
2005-11-02,-0.9272799824917056
2005-11-03,-0.9273410565151258
2005-11-04,-0.9276079043365957
2005-11-07,-0.9279088769955258
2005-11-08,-0.9281743073614528
2005-11-09,-0.9283847986586379
2005-11-10,-0.9285424408658383
2005-11-11,-0.9286565553789832
2005-11-14,-0.9287374198510975
2005-11-15,-0.9287939399239454
2005-11-16,-0.928833089005985
2005-11-17,-0.928860043391007
2005-11-18,-0.9288785270461001
2005-11-21,-0.9288911676673998
2005-11-22,-0.9288997965263133
2005-11-23,-0.9289056795382679
2005-11-24,-0.9289096871069368
2005-11-25,-0.9289124155471736
2005-11-28,-0.9289142724093602
2005-11-29,-0.9289155357794788
2005-11-30,-0.928916395196314
2005-12-01,-0.9292813849263195
2005-12-02,-0.9286972949908117
2005-12-05,-0.9285248371539914
2005-12-06,-0.9285298289462645
2005-12-07,-0.9285964672250133
2005-12-08,-0.9286733696070741
2005-12-09,-0.9287410628123022
2005-12-12,-0.9287944772478087
2005-12-13,-0.9288342983591847
2005-12-14,-0.9288630222689434
2005-12-15,-0.9288833242081372
2005-12-16,-0.9288974882137079
2005-12-19,-0.9289072864747296
2005-12-20,-0.9289140266681436
2005-12-21,-0.9289186458644767
2005-12-22,-0.9289218035282977
2005-12-23,-0.9289239584281268
2005-12-26,-0.9289254273172645
2005-12-27,-0.9289264278071909
2005-12-28,-0.9289271089011151
2005-12-29,-0.9289275723966539
2005-12-30,-0.9289278877361257
2006-01-02,-0.9289281022420264
2006-01-03,-0.9295668209676486
2006-01-04,-0.9291326249224033
2006-01-05,-0.9289527367296999
2006-01-06,-0.9288897078253721
2006-01-09,-0.9288763323057233
2006-01-10,-0.9288815663236769
2006-01-11,-0.9288919807928422
2006-01-12,-0.9289023070634386
2006-01-13,-0.9289108531096042
2006-01-16,-0.9289173768488544
2006-01-17,-0.9289221448459255
2006-01-18,-0.9289255413012052
2006-01-19,-0.928927922442816
2006-01-20,-0.9289295747806741
2006-01-23,-0.9289307137279661
2006-01-24,-0.9289314953207132
2006-01-25,-0.928932030092951
2006-01-26,-0.9289323952595788
2006-01-27,-0.9289326442765591
2006-01-30,-0.9289328139334864
2006-01-31,-0.9289329294506264
2006-02-01,-0.9288125535284671
2006-02-02,-0.928722580865775
2006-02-03,-0.9287287945640298
2006-02-06,-0.9287655408299188
2006-02-07,-0.92880601420536
2006-02-08,-0.9288408425401234
2006-02-09,-0.9288679511959015
2006-02-10,-0.928887983953524
2006-02-13,-0.9289023503015751
2006-02-14,-0.9289124649808336
2006-02-15,-0.9289195032241163
2006-02-16,-0.9289243634825246
2006-02-17,-0.9289277028386924
2006-02-20,-0.9289299895123128
2006-02-21,-0.9289315518118304
2006-02-22,-0.9289326175804546
2006-02-23,-0.9289333438777212
2006-02-24,-0.9289338384878927
2006-02-27,-0.9289341751593526
2006-02-28,-0.9289344042514798
2006-03-01,-0.9328776510523289
2006-03-02,-0.9317069902557429
2006-03-03,-0.9308649722103992
2006-03-06,-0.9302695533001475
2006-03-07,-0.9298535606669031
2006-03-08,-0.9295653684562083
2006-03-09,-0.9293668798961071
2006-03-10,-0.9292307243275827
2006-03-13,-0.929137585266398
2006-03-14,-0.9290739929442554
2006-03-15,-0.9290306303756628
2006-03-16,-0.9290010882549836
2006-03-17,-0.9289809738621986
2006-03-20,-0.9289672841542942
2006-03-21,-0.9289579696385529
2006-03-22,-0.9289516332187628
2006-03-23,-0.9289473232758289
2006-03-24,-0.9289443919712203
2006-03-27,-0.9289423984335969
2006-03-28,-0.9289410427127427
2006-03-29,-0.928940120769645
2006-03-30,-0.9289394938241339
2006-03-31,-0.9289390674901737
2006-04-03,-0.9256296596450649
2006-04-04,-0.9264987984993408
2006-04-05,-0.9271935877884014
2006-04-06,-0.9277126784899441
2006-04-07,-0.9280868216788712
2006-04-10,-0.9283509023252485
2006-04-11,-0.928534908085424
2006-04-12,-0.9286620692775994
2006-04-13,-0.9287494773039371
2006-04-14,-0.9288093475416853
2006-04-17,-0.9288502590535138
2006-04-18,-0.9288781711244897
2006-04-19,-0.9288971939433679
2006-04-20,-0.9289101491470267
2006-04-21,-0.9289189677815518
2006-04-24,-0.9289249686554168
2006-04-25,-0.9289290511907596
2006-04-26,-0.9289318282110797
2006-04-27,-0.9289337169985057
2006-04-28,-0.9289350015646531
2006-05-01,-0.9289358751574381
2006-05-02,-0.9245336461946873
2006-05-03,-0.9257370006661745
2006-05-04,-0.9266693955604091
2006-05-05,-0.9273536609795751
2006-05-08,-0.9278414442207493
2006-05-09,-0.9281833076796366
2006-05-10,-0.9284204089633417
2006-05-11,-0.9285837593760744
2006-05-12,-0.9286958120244725
2006-05-15,-0.9287724562878237
2006-05-16,-0.928824781091957
2006-05-17,-0.9288604573229804
2006-05-18,-0.9288847611830895
2006-05-19,-0.9289013081373684
2006-05-22,-0.9289125694555884
2006-05-23,-0.9289202314883853
2006-05-24,-0.9289254436730149
2006-05-25,-0.9289289888827418
2006-05-26,-0.9289314000516133
2006-05-29,-0.9289330398428332
2006-05-30,-0.9289341549911933
2006-05-31,-0.9289349133335241
2006-06-01,-0.9317122390452085
2006-06-02,-0.9308652354525525
2006-06-05,-0.93026815440148
2006-06-06,-0.929851916641381
2006-06-07,-0.929563996559988
2006-06-08,-0.9293659058149485
2006-06-09,-0.9292301223738256
2006-06-12,-0.929137284389475
2006-06-13,-0.9290739193433671
2006-06-14,-0.9290307218532735
2006-06-15,-0.9290012968891812
2006-06-16,-0.9289812644407798
2006-06-19,-0.9289676315117107
2006-06-20,-0.9289583560952216
2006-06-21,-0.9289520464896582
2006-06-22,-0.9289477548853381
2006-06-23,-0.9289448360995388
2006-06-26,-0.9289428510971629
2006-06-27,-0.9289415011906619
2006-06-28,-0.9289405832061259
2006-06-29,-0.928939958954656
2006-06-30,-0.9289395344536697
2006-07-03,-0.9304473143585579
2006-07-04,-0.9299529858786049
2006-07-05,-0.929622787442359
2006-07-06,-0.9294013020618387
2006-07-07,-0.9292522028724693
2006-07-10,-0.9291515471584796
2006-07-11,-0.9290834503657961
2006-07-12,-0.9290373094230067
2006-07-13,-0.9290060109292906
2006-07-14,-0.9289847640756128
2006-07-17,-0.9289703330340443
2006-07-18,-0.9289605277417294
2006-07-19,-0.9289538637708203
2006-07-20,-0.9289493339534928
2006-07-21,-0.9289462544582671
2006-07-24,-0.928944160763671
2006-07-25,-0.9289427372195171
2006-07-26,-0.9289417692876988
2006-07-27,-0.9289411111305139
2006-07-28,-0.9289406636006765
2006-07-31,-0.9289403592883999
2006-08-01,-0.9281557286426892
2006-08-02,-0.9282978045255325
2006-08-03,-0.9284523637017411
2006-08-04,-0.928584633453323
2006-08-07,-0.9286872629278132
2006-08-08,-0.9287629567317289
2006-08-09,-0.9288171720662812
2006-08-10,-0.9288553111540346
2006-08-11,-0.9288818354879567
2006-08-14,-0.9289001451365905
2006-08-15,-0.9289127221028463
2006-08-16,-0.928921332926415
2006-08-17,-0.9289272153408124
2006-08-18,-0.9289312278948276
2006-08-21,-0.9289339622173003
2006-08-22,-0.9289358242315094
2006-08-23,-0.9289370916376424
2006-08-24,-0.9289379540452289
2006-08-25,-0.9289385407463738
2006-08-28,-0.9289389398250538
2006-08-29,-0.9289392112548097
2006-08-30,-0.9289393958529772
2006-08-31,-0.92893952139167
2006-09-01,-0.9303840505378241
2006-09-04,-0.9299078262110585
2006-09-05,-0.9295912188124623
2006-09-06,-0.9293795877163235
2006-09-07,-0.9292374791534265
2006-09-08,-0.929141713114669
2006-09-11,-0.929077004871162
2006-09-12,-0.9290331977450368
2006-09-13,-0.929003500000602
2006-09-14,-0.928983348036628
2006-09-15,-0.9289696644765008
2006-09-18,-0.9289603688404721
2006-09-19,-0.928954052069321
2006-09-20,-0.9289497586408552
2006-09-21,-0.928946840025547
2006-09-22,-0.9289448557919195
2006-09-25,-0.9289435067101566
2006-09-26,-0.9289425894261231
2006-09-27,-0.9289419657155948
2006-09-28,-0.9289415416123242
2006-09-29,-0.9289412532314194
2006-10-02,-0.9289410571367969
2006-10-03,-0.9286939354066718
2006-10-04,-0.9287179518772049
2006-10-05,-0.9287635688584441
2006-10-06,-0.9288082988376505
2006-10-09,-0.9288451094765839
2006-10-10,-0.9288731148893843
2006-10-11,-0.9288935393911256
2006-10-12,-0.9289080683040245
2006-10-13,-0.9289182445712738
2006-10-16,-0.928925301756997
2006-10-17,-0.9289301641953134
2006-10-18,-0.9289335000558526
2006-10-19,-0.928935782041238
2006-10-20,-0.9289373400810972
2006-10-23,-0.9289384024566901
2006-10-24,-0.9289391262168392
2006-10-25,-0.9289396189953946
2006-10-26,-0.9289399543721387
2006-10-27,-0.9289401825610928
2006-10-30,-0.9289403377909092
2006-10-31,-0.9289404433754982
2006-11-01,-0.9297072861184672
2006-11-02,-0.9294628595765476
2006-11-03,-0.9292962232320061
2006-11-06,-0.929182719763453
2006-11-07,-0.9291054512992039
2006-11-08,-0.929052869618022
2006-11-09,-0.9290170962120968
2006-11-10,-0.9289927621147074
2006-11-13,-0.9289762111740156
2006-11-14,-0.9289649548098743
2006-11-15,-0.9289572996902611
2006-11-16,-0.9289520938455891
2006-11-17,-0.9289485537049202
2006-11-20,-0.9289461463334594
2006-11-21,-0.9289445092865279
2006-11-22,-0.9289433960792145
2006-11-23,-0.9289426390914434
2006-11-24,-0.9289421243368342
2006-11-27,-0.9289417743024959
2006-11-28,-0.9289415362786902
2006-11-29,-0.9289413744223602
2006-11-30,-0.9289412643600367
2006-12-01,-0.9297436889966771
2006-12-04,-0.9294905400709507
2006-12-05,-0.9293164923976344
2006-12-06,-0.9291972460167067
2006-12-07,-0.9291157411518814
2006-12-08,-0.9290601236270568
2006-12-11,-0.9290222135185331
2006-12-12,-0.9289963928240917
2006-12-13,-0.9289788153814112
2006-12-14,-0.928966853755944
2006-12-15,-0.9289587157049477
2006-12-18,-0.9289531799144063
2006-12-19,-0.9289494146921466
2006-12-20,-0.9289468539328903
2006-12-21,-0.9289451124285808
2006-12-22,-0.928943928119202
2006-12-25,-0.9289431227491876
2006-12-26,-0.9289425750794809
2006-12-27,-0.9289422026558698
2006-12-28,-0.9289419494041246
2006-12-29,-0.9289417771913043
2007-01-01,-0.9289416600858816
2007-01-02,-0.9290471936581671
2007-01-03,-0.9290110881267369
2007-01-04,-0.9289877498817488
2007-01-05,-0.9289724436429692
2007-01-08,-0.9289622969231551
2007-01-09,-0.9289555183471465
2007-01-10,-0.9289509650399755
2007-01-11,-0.928947894770408
2007-01-12,-0.9289458190089958
2007-01-15,-0.9289444130533239
2007-01-16,-0.9289434595765858
2007-01-17,-0.9289428124027399
2007-01-18,-0.928942372875201
2007-01-19,-0.9289420742512583
2007-01-22,-0.9289418713048825
2007-01-23,-0.928941733355927
2007-01-24,-0.9289416395759157
2007-01-25,-0.9289415758172238
2007-01-26,-0.9289415324667494
2007-01-29,-0.9289415029909526
2007-01-30,-0.9289414829485876
2007-01-31,-0.9289414693203291
2007-02-01,-0.9289918064596525
2007-02-02,-0.9289754693682725
2007-02-05,-0.928964480644006
2007-02-06,-0.9289570641391909
2007-02-07,-0.9289520467661998
2007-02-08,-0.9289486469176927
2007-02-09,-0.9289463405576623
2007-02-12,-0.9289447747948293
2007-02-13,-0.928943711261541
2007-02-14,-0.9289429886074592
2007-02-15,-0.9289424974565746
2007-02-16,-0.9289421635915236
2007-02-19,-0.9289419366177436
2007-02-20,-0.9289417823008189
2007-02-21,-0.9289416773770289
2007-02-22,-0.9289416060343005
2007-02-23,-0.9289415575237852
2007-02-26,-0.9289415245378233
2007-02-27,-0.9289415021079284
2007-02-28,-0.9289414868558651
2007-03-01,-0.9281748956666164
2007-03-02,-0.9284209177554428
2007-03-05,-0.928587763973071
2007-03-06,-0.9287010073420107
2007-03-07,-0.9287779133888637
2007-03-08,-0.9288301630808968
2007-03-09,-0.928865671263896
2007-03-12,-0.9288898067870287
2007-03-13,-0.928906214280326
2007-03-14,-0.9289173692112667
2007-03-15,-0.9289249535590176
2007-03-16,-0.9289301104480799
2007-03-19,-0.9289336169149087
2007-03-20,-0.9289360012106255
2007-03-21,-0.928937622483976
2007-03-22,-0.9289387249273099
2007-03-23,-0.9289394745780343
2007-03-26,-0.928939984335343
2007-03-27,-0.9289403309677688
2007-03-28,-0.9289405666765425
2007-03-29,-0.9289407269578503
2007-03-30,-0.9289408359487895
2007-04-02,-0.9289409100624345
2007-04-03,-0.9270037467874237
2007-04-04,-0.9276243242649467
2007-04-05,-0.9280459591306429
2007-04-06,-0.9283323877822796
2007-04-09,-0.9285269939220875
2007-04-10,-0.9286592392947479
2007-04-11,-0.9287491228429251
2007-04-12,-0.9288102226435245
2007-04-13,-0.9288517604765062
2007-04-16,-0.9288800014597867
2007-04-17,-0.928899203098131
2007-04-18,-0.9289122591663418
2007-04-19,-0.9289211368025226
2007-04-20,-0.9289271733650104
2007-04-23,-0.928931278119079
2007-04-24,-0.9289340693004409
2007-04-25,-0.9289359672791664
2007-04-26,-0.9289372578927689
2007-04-27,-0.9289381355041274
2007-04-30,-0.9289387322768737
2007-05-01,-0.927839113807661
2007-05-02,-0.9281842829690342
2007-05-03,-0.9284228572926994
2007-05-04,-0.928586792661511
2007-05-07,-0.9286990327424436
2007-05-08,-0.9287757017989487
2007-05-09,-0.928827994324974
2007-05-10,-0.9288636253681536
2007-05-11,-0.9288878875936086
2007-05-14,-0.9289044011425444
2007-05-15,-0.9289156373739854
2007-05-16,-0.9289232812464118
2007-05-17,-0.9289284805711725
2007-05-18,-0.9289320167995032
2007-05-21,-0.9289344217514313
2007-05-22,-0.9289360572644072
2007-05-23,-0.9289371694800936
2007-05-24,-0.9289379258173508
2007-05-25,-0.9289384401406108
2007-05-28,-0.9289387898867174
2007-05-29,-0.9289390277168772
2007-05-30,-0.928939189442616
2007-05-31,-0.9289392994166401
2007-06-01,-0.9272745608572045
2007-06-04,-0.9275601871241648
2007-06-05,-0.9278846005408762
2007-06-06,-0.9281672904453774
2007-06-07,-0.9283888586594633
2007-06-08,-0.9285532971280266
2007-06-11,-0.9286715498912758
2007-06-12,-0.9287549583690262
2007-06-13,-0.9288130685074387
2007-06-14,-0.9288532293644133
2007-06-15,-0.9288808381071207
2007-06-18,-0.9288997506822004
2007-06-19,-0.9289126753977063
2007-06-20,-0.9289214938913537
2007-06-21,-0.9289275041984624
2007-06-22,-0.9289315975570632
2007-06-25,-0.9289343839765172
2007-06-26,-0.9289362800985708
2007-06-27,-0.92893757008848
2007-06-28,-0.9289384475711511
2007-06-29,-0.9289390443930001
2007-07-02,-0.9289394502934795
2007-07-03,-0.9266476663892778
2007-07-04,-0.9274098785359689
2007-07-05,-0.9279121591930892
2007-07-06,-0.9282465902316924
2007-07-09,-0.928470798062942
2007-07-10,-0.9286218037421962
2007-07-11,-0.9287238226441644
2007-07-12,-0.9287928905255617
2007-07-13,-0.9288397164357033
2007-07-16,-0.9288714934366781
2007-07-17,-0.9288930719861627
2007-07-18,-0.9289077316331598
2007-07-19,-0.928917693830814
2007-07-20,-0.928924465182816
2007-07-23,-0.9289290683404146
2007-07-24,-0.928932197856815
2007-07-25,-0.9289343256354737
2007-07-26,-0.9289357723891244
2007-07-27,-0.9289367561183862
2007-07-30,-0.9289374250247703
2007-07-31,-0.9289378798672723
2007-08-01,-0.9264518554472603
2007-08-02,-0.9272789770182401
2007-08-03,-0.9278238091522993
2007-08-06,-0.9281864738876642
2007-08-07,-0.9284295660545034
2007-08-08,-0.9285932705678859
2007-08-09,-0.9287038596821696
2007-08-10,-0.9287787255327417
2007-08-13,-0.9288294803796173
2007-08-14,-0.9288639227570401
2007-08-15,-0.9288873108569223
2007-08-16,-0.9289031996568048
2007-08-17,-0.9289139970586524
2007-08-20,-0.9289213360629488
2007-08-21,-0.9289263250915233
2007-08-22,-0.9289297169387952
2007-08-23,-0.9289320230739923
2007-08-24,-0.9289335910968822
2007-08-27,-0.9289346572830862
2007-08-28,-0.928935382257328
2007-08-29,-0.9289358752246334
2007-08-30,-0.9289362104352404
2007-08-31,-0.9289364383750461
2007-09-03,-0.92334720998434
2007-09-04,-0.9251760539540588
2007-09-05,-0.9263981040826116
2007-09-06,-0.9272184159624774
2007-09-07,-0.9277711167909777
2007-09-10,-0.9281445453167696
2007-09-11,-0.9283973509894964
2007-09-12,-0.9285687347867619
2007-09-13,-0.9286850323832138
2007-09-14,-0.9287640018714218
2007-09-17,-0.9288176488143751
2007-09-18,-0.928854104504286
2007-09-19,-0.9288788831496794
2007-09-20,-0.928895727428854
2007-09-21,-0.9289071791286652
2007-09-24,-0.9289149651665808
2007-09-25,-0.9289202591530973
2007-09-26,-0.9289238588222698
2007-09-27,-0.9289263064845199
2007-09-28,-0.9289279708419897
2007-10-01,-0.9289291025801465
2007-10-02,-0.9251861121285931
2007-10-03,-0.9264402676825647
2007-10-04,-0.9272611502679253
2007-10-05,-0.9278052460979167
2007-10-08,-0.9281689088865439
2007-10-09,-0.9284133367500929
2007-10-10,-0.9285782425312831
2007-10-11,-0.9286897806917299
2007-10-12,-0.9287653520003902
2007-10-15,-0.9288166140372457
2007-10-16,-0.9288514139117566
2007-10-17,-0.9288750509088283
2007-10-18,-0.928891111630676
2007-10-19,-0.9289020271718783
2007-10-22,-0.9289094470798275
2007-10-23,-0.9289144913856219
2007-10-24,-0.9289179209427825
2007-10-25,-0.9289202527767896
2007-10-26,-0.9289218383007876
2007-10-29,-0.9289229163997211
2007-10-30,-0.9289236494801528
2007-10-31,-0.9289241479622231
2007-11-01,-0.9251579403431818
2007-11-02,-0.9260110375318126
2007-11-05,-0.9267798256372803
2007-11-06,-0.9273904820184906
2007-11-07,-0.927846603871535
2007-11-08,-0.9281757515907079
2007-11-09,-0.9284083788962394
2007-11-12,-0.9285706470079272
2007-11-13,-0.9286828795997139
2007-11-14,-0.9287600727597644
2007-11-15,-0.9288129689927022
2007-11-16,-0.928849125731575
2007-11-19,-0.9288737989420057
2007-11-20,-0.9288906167844115
2007-11-21,-0.928902071438844
2007-11-22,-0.9289098691658839
2007-11-23,-0.9289151755773967
2007-11-26,-0.9289187857655608
2007-11-27,-0.9289212415379221
2007-11-28,-0.9289229118528834
2007-11-29,-0.9289240478468015
2007-11-30,-0.9289248204054527
2007-12-03,-0.9012043797051643
2007-12-04,-0.9110892517901592
2007-12-05,-0.9172104170040437
2007-12-06,-0.921123539963918
2007-12-07,-0.9236772887119165
2007-12-10,-0.925366648880028
2007-12-11,-0.926494302614329
2007-12-12,-0.9272515607776516
2007-12-13,-0.9277621481830901
2007-12-14,-0.9281073574224493
2007-12-17,-0.9283411857285966
2007-12-18,-0.9284997682818791
2007-12-19,-0.9286074104676686
2007-12-20,-0.9286805176361593
2007-12-21,-0.9287301891581178
2007-12-24,-0.9287639466766243
2007-12-25,-0.9287868929461335
2007-12-26,-0.9288024923156698
2007-12-27,-0.9288130979901259
2007-12-28,-0.9288203089687991
2007-12-31,-0.9288252120253885
2008-01-01,-0.9227935287076816
2008-01-02,-0.9248552197201322
2008-01-03,-0.9261716558857
2008-01-04,-0.9270302591385419
2008-01-07,-0.9275980536349163
2008-01-08,-0.927976983616565
2008-01-09,-0.9282314172001568
2008-01-10,-0.9284029578786973
2008-01-11,-0.9285189311117716
2008-01-14,-0.928597483280801
2008-01-15,-0.9286507562653614
2008-01-16,-0.9286869162124738
2008-01-17,-0.9287114746636719
2008-01-18,-0.9287281604084506
2008-01-21,-0.9287395002423711
2008-01-22,-0.928747208335418
2008-01-23,-0.9287524484527117
2008-01-24,-0.9287560110902989
2008-01-25,-0.9287584333859589
2008-01-28,-0.9287600804085827
2008-01-29,-0.9287612003194918
2008-01-30,-0.9287619618287761
2008-01-31,-0.9287624796409372
2008-02-01,-0.46913583817081456
2008-02-04,-0.06683687817966631
2008-02-05,0.21228376975564614
2008-02-06,0.40805261462864206
2008-02-07,0.5451849749130221
2008-02-08,0.6407443934314256
2008-02-11,0.7069537351906879
2008-02-12,0.7525996529392176
2008-02-13,0.7839457418371342
2008-02-14,0.8054090667314954
2008-02-15,0.8200745286299188
2008-02-18,0.8300802279083438
2008-02-19,0.8368996483543963
2008-02-20,0.841544104749933
2008-02-21,0.8447057068016635
2008-02-22,0.8468571608090067
2008-02-25,0.8483208744240232
2008-02-26,0.8493165350900599
2008-02-27,0.8499937393502073
2008-02-28,0.8504543097907248
2008-02-29,0.8507675306592765
2008-03-03,-0.1892022849504281
2008-03-04,-0.3560650974054607
2008-03-05,-0.4984149393899164
2008-03-06,-0.6134513089594312
2008-03-07,-0.7023565034445914
2008-03-10,-0.7686925252273553
2008-03-11,-0.8168861273057751
2008-03-12,-0.8512183869704667
2008-03-13,-0.8753329238528555
2008-03-14,-0.8921021428164485
2008-03-17,-0.9036821954552783
2008-03-18,-0.9116401881988744
2008-03-19,-0.9170908131716005
2008-03-20,-0.9208155356527641
2008-03-21,-0.9233568631401227
2008-03-24,-0.9250889208965286
2008-03-25,-0.9262685541527585
2008-03-26,-0.927071554245275
2008-03-27,-0.9276179874377937
2008-03-28,-0.9279897438112827
2008-03-31,-0.9282426221592548
2008-04-01,-0.8633769516069261
2008-04-02,-0.8677356370835051
2008-04-03,-0.8769128410715186
2008-04-04,-0.8874585370940302
2008-04-07,-0.8973502612659687
2008-04-08,-0.9056672794348892
2008-04-09,-0.9121963890852556
2008-04-10,-0.9170932548031684
2008-04-11,-0.9206537964487024
2008-04-14,-0.9231883597076208
2008-04-15,-0.9249665700782447
2008-04-16,-0.9262018007866285
2008-04-17,-0.9270540462518492
2008-04-18,-0.9276393338627393
2008-04-21,-0.9280400181575992
2008-04-22,-0.9283137346179283
2008-04-23,-0.9285004427900438
2008-04-24,-0.9286276737375508
2008-04-25,-0.9287143155634722
2008-04-28,-0.9287732897585493
2008-04-29,-0.9288134189243797
2008-04-30,-0.9288407191056037
2008-05-01,-0.8188710155163558
2008-05-02,-0.8512737931360248
2008-05-05,-0.8747995297266881
2008-05-06,-0.8914766458254906
2008-05-07,-0.903132992683383
2008-05-08,-0.911206794649383
2008-05-09,-0.9167657956038239
2008-05-12,-0.920577966012926
2008-05-13,-0.9231851407283689
2008-05-14,-0.9249649347726776
2008-05-15,-0.9261784005632335
2008-05-16,-0.927005042151604
2008-05-19,-0.927567845689509
2008-05-20,-0.9279508700073035
2008-05-21,-0.9282114735260696
2008-05-22,-0.9283887518370649
2008-05-23,-0.9285093324518308
2008-05-26,-0.9285913417403323
2008-05-27,-0.92864711472491
2008-05-28,-0.9286850434220978
2008-05-29,-0.928710836343838
2008-05-30,-0.9287283761741174
2008-06-02,-0.9287403035512155
2008-06-03,-0.6988607353990343
2008-06-04,-0.6830808356800399
2008-06-05,-0.6765158059245183
2008-06-06,-0.677730089580605
2008-06-09,-0.684403950387412
2008-06-10,-0.6939926985459062
2008-06-11,-0.7043182506837236
2008-06-12,-0.7139013033359738
2008-06-13,-0.7219895329774656
2008-06-16,-0.728384704658735
2008-06-17,-0.733214614303839
2008-06-18,-0.7367465990119182
2008-06-19,-0.7392717995413729
2008-06-20,-0.7410490833688818
2008-06-23,-0.7422864711926903
2008-06-24,-0.7431415630874516
2008-06-25,-0.7437294539652203
2008-06-26,-0.7441322268555495
2008-06-27,-0.7444075138646133
2008-06-30,-0.7445953604938554
2008-07-01,-0.4711086893249423
2008-07-02,-0.32578266756169966
2008-07-03,-0.20891687577353388
2008-07-04,-0.1187653562251332
2008-07-07,-0.05151271174151793
2008-07-08,-0.00262714160309579
2008-07-09,0.032223976526481665
2008-07-10,0.05672034690388575
2008-07-11,0.07376510806743074
2008-07-14,0.08554075510420688
2008-07-15,0.09363585352159438
2008-07-16,0.09918170571827423
2008-07-17,0.10297213759539806
2008-07-18,0.10555859938968166
2008-07-21,0.10732156075410199
2008-07-22,0.1085223076705856
2008-07-23,0.10933971125439076
2008-07-24,0.10989596028671755
2008-07-25,0.1102744013876199
2008-07-28,0.1105318299626491
2008-07-29,0.110706922321129
2008-07-30,0.11082600400582879
2008-07-31,0.11090698824970682
2008-08-01,-0.618069602841671
2008-08-04,-0.5930115768323047
2008-08-05,-0.5820356844881925
2008-08-06,-0.585211333610574
2008-08-07,-0.6016042755380243
2008-08-08,-0.6292785929842492
2008-08-11,-0.6653358771513773
2008-08-12,-0.7061417975210362
2008-08-13,-0.747828669556381
2008-08-14,-0.7869758792170464
2008-08-15,-0.8211926543013363
2008-08-18,-0.8493463127150407
2008-08-19,-0.8713972684508147
2008-08-20,-0.8880122668351795
2008-08-21,-0.9001686887274828
2008-08-22,-0.9088722505854755
2008-08-25,-0.915007083067393
2008-08-26,-0.9192836985304104
2008-08-27,-0.9222419334601442
2008-08-28,-0.9242772445964866
2008-08-29,-0.9256723906405768
2008-09-01,-0.9266262928633855
2008-09-02,-0.9214321439948214
2008-09-03,-0.923203231831706
2008-09-04,-0.9246832159785849
2008-09-05,-0.9258201400480274
2008-09-08,-0.9266546759559283
2008-09-09,-0.927250922878391
2008-09-10,-0.9276697881777415
2008-09-11,-0.927960858790712
2008-09-12,-0.9281616853458714
2008-09-15,-0.9282995915235672
2008-09-16,-0.9283939904405991
2008-09-17,-0.9284584700112402
2008-09-18,-0.9285024495369505
2008-09-19,-0.9285324173328253
2008-09-22,-0.9285528239761381
2008-09-23,-0.928566713689402
2008-09-24,-0.9285761647933565
2008-09-25,-0.9285825943618421
2008-09-26,-0.9285869677696256
2008-09-29,-0.9285899422873752
2008-09-30,-0.9285919652362499
2008-10-01,-0.8478377918118564
2008-10-02,-0.8408199842866652
2008-10-03,-0.8438161175085178
2008-10-06,-0.8533875924423964
2008-10-07,-0.8661374418365513
2008-10-08,-0.8793613463191916
2008-10-09,-0.8913423395760003
2008-10-10,-0.9012867458709121
2008-10-13,-0.9090568566494966
2008-10-14,-0.9148760553176666
2008-10-15,-0.9191063744567176
2008-10-16,-0.922118379452761
2008-10-17,-0.9242322204691105
2008-10-20,-0.9257010228742935
2008-10-21,-0.92671465680877
2008-10-22,-0.9274109011616141
2008-10-23,-0.9278876060422404
2008-10-24,-0.9282132830287658
2008-10-27,-0.9284354485335139
2008-10-28,-0.9285868481753988
2008-10-29,-0.9286899514855547
2008-10-30,-0.9287601318944476
2008-10-31,-0.9288078870277118
2008-11-03,-0.8933677936622736
2008-11-04,-0.8907839734961963
2008-11-05,-0.8933166156314631
2008-11-06,-0.8985807255225513
2008-11-07,-0.9046880948569181
2008-11-10,-0.9104543133231529
2008-11-11,-0.9153194664458344
2008-11-12,-0.9191449911366201
2008-11-13,-0.9220160765868677
2008-11-14,-0.9241041130350007
2008-11-17,-0.9255905131103969
2008-11-18,-0.926633301937279
2008-11-19,-0.9273576299084836
2008-11-20,-0.9278573513619109
2008-11-21,-0.9282005246462983
2008-11-24,-0.9284354511768689
2008-11-25,-0.9285959309239411
2008-11-26,-0.9287053959169694
2008-11-27,-0.9287799891661108
2008-11-28,-0.9288307853145943
2008-12-01,-0.9288653603591827
2008-12-02,-0.9150753801601241
2008-12-03,-0.9192027860117107
2008-12-04,-0.9221935666631713
2008-12-05,-0.9242985010516945
2008-12-08,-0.9257589841773969
2008-12-09,-0.9267644959554485
2008-12-10,-0.9274536496192126
2008-12-11,-0.927924677071257
2008-12-12,-0.9282460572803036
2008-12-15,-0.9284650867533883
2008-12-16,-0.9286142509204103
2008-12-17,-0.9287157852683129
2008-12-18,-0.928784875816222
2008-12-19,-0.9288318791041859
2008-12-22,-0.9288638513406842
2008-12-23,-0.9288855970681396
2008-12-24,-0.9289003862839924
2008-12-25,-0.92891044392651
2008-12-26,-0.928917283571443
2008-12-29,-0.9289219347351093
2008-12-30,-0.9289250976198798
2008-12-31,-0.928927248423829
2009-01-01,-0.8587791227438074
2009-01-02,-0.8821529043410167
2009-01-05,-0.8975240314596805
2009-01-06,-0.9077323291534981
2009-01-07,-0.9145617641021571
2009-01-08,-0.9191542930987392
2009-01-09,-0.9222535616031704
2009-01-12,-0.9243501821879369
2009-01-13,-0.9257708701763374
2009-01-14,-0.9267346251275288
2009-01-15,-0.9273889106723591
2009-01-16,-0.9278333315101278
2009-01-19,-0.9281353096307206
2009-01-20,-0.9283405492779745
2009-01-21,-0.9284800634271475
2009-01-22,-0.9285749104444477
2009-01-23,-0.9286393959387182
2009-01-26,-0.9286832412120857
2009-01-27,-0.9287130537370188
2009-01-28,-0.9287333251999853
2009-01-29,-0.9287471093016211
2009-01-30,-0.9287564822587232
2009-02-02,-0.9287628557595738
2009-02-03,-0.8002732560856506
2009-02-04,-0.7864852386619204
2009-02-05,-0.7870988394010495
2009-02-06,-0.7984120484707029
2009-02-09,-0.8162751220463467
2009-02-10,-0.8367726479783488
2009-02-11,-0.8568321997717825
2009-02-12,-0.874531074452883
2009-02-13,-0.8890351240288319
2009-02-16,-0.9002971656192937
2009-02-17,-0.9087054485843645
2009-02-18,-0.9148084982497191
2009-02-19,-0.9191505187740275
2009-02-20,-0.9221965585756442
2009-02-23,-0.9243126572540052
2009-02-24,-0.925772831437274
2009-02-25,-0.9267757318617457
2009-02-26,-0.9274623730805756
2009-02-27,-0.9279314648895194
2009-03-02,-0.9282514586792963
2009-03-03,-0.929018376711663
2009-03-04,-0.9289909437399445
2009-03-05,-0.9289726278880356
2009-03-06,-0.9289603338097732
2009-03-09,-0.9289520494760133
2009-03-10,-0.9289464515302066
2009-03-11,-0.9289426614323911
2009-03-12,-0.9289400918414927
2009-03-13,-0.9289383480830293
2009-03-16,-0.9289371639796926
2009-03-17,-0.9289363595551726
2009-03-18,-0.9289358129012313
2009-03-19,-0.9289354413408687
2009-03-20,-0.9289351887559504
2009-03-23,-0.9289350170334933
2009-03-24,-0.9289349002785932
2009-03-25,-0.9289348208928653
2009-03-26,-0.9289347669141103
2009-03-27,-0.9289347302102091
2009-03-30,-0.928934705252331
2009-03-31,-0.9289346882813392
2009-04-01,-0.9299271384797788
2009-04-02,-0.9296142759079111
2009-04-03,-0.9293991602723777
2009-04-06,-0.9292517715894594
2009-04-07,-0.9291510293722097
2009-04-08,-0.9290822837296391
2009-04-09,-0.9290354248357909
2009-04-10,-0.9290035089309903
2009-04-13,-0.9289817820996568
2009-04-14,-0.9289669967409124
2009-04-15,-0.9289569375577609
2009-04-16,-0.9289500949382975
2009-04-17,-0.9289454408604167
2009-04-20,-0.9289422755815664
2009-04-21,-0.9289401229588914
2009-04-22,-0.9289386590683126
2009-04-23,-0.928937663573586
2009-04-24,-0.9289369866147382
2009-04-27,-0.9289365262725428
2009-04-28,-0.9289362132352759
2009-04-29,-0.9289360003679091
2009-04-30,-0.9289358556172249
2009-05-01,-0.930846395626968
2009-05-04,-0.9301067998314704
2009-05-05,-0.9296666050737582
2009-05-06,-0.9294006664488114
2009-05-07,-0.9292368184209343
2009-05-08,-0.9291337857350831
2009-05-11,-0.9290677756001042
2009-05-12,-0.9290248196617137
2009-05-13,-0.9289965209800819
2009-05-14,-0.9289777052069232
2009-05-15,-0.9289651099650261
2009-05-18,-0.9289566380416611
2009-05-19,-0.9289509202543982
2009-05-20,-0.9289470521591383
2009-05-21,-0.9289444311222427
2009-05-22,-0.9289426531092723
2009-05-25,-0.9289414460474923
2009-05-26,-0.9289406261652194
2009-05-27,-0.9289400690709791
2009-05-28,-0.9289396904439594
2009-05-29,-0.9289394330688351
2009-06-01,-0.9289392580960237
2009-06-02,-0.9291363746406113
2009-06-03,-0.9290499596317595
2009-06-04,-0.9290035466082731
2009-06-05,-0.9289777893876785
2009-06-08,-0.9289629880290868
2009-06-09,-0.9289541873983227
2009-06-10,-0.9289487906088537
2009-06-11,-0.9289453934757932
2009-06-12,-0.9289432098175557
2009-06-15,-0.9289417834696103
2009-06-16,-0.9289408406521316
2009-06-17,-0.9289402120765748
2009-06-18,-0.9289397904469832
2009-06-19,-0.9289395064226562
2009-06-22,-0.9289393145274726
2009-06-23,-0.9289391846128977
2009-06-24,-0.9289390965365395
2009-06-25,-0.9289390367674415
2009-06-26,-0.928938996181269
2009-06-29,-0.9289389686089553
2009-06-30,-0.9289389498719435
2009-07-01,-0.9187533542150486
2009-07-02,-0.9216208370696705
2009-07-03,-0.923793855903305
2009-07-06,-0.9253651969326091
2009-07-07,-0.9264743436371572
2009-07-08,-0.9272465647163406
2009-07-09,-0.92777976215535
2009-07-10,-0.9281460036677329
2009-07-13,-0.9283967213397121
2009-07-14,-0.9285679762059231
2009-07-15,-0.9286847819142304
2009-07-16,-0.9287643720422116
2009-07-17,-0.9288185681193664
2009-07-20,-0.9288554559534115
2009-07-21,-0.9288805556028126
2009-07-22,-0.9288976307131295
2009-07-23,-0.9289092451792325
2009-07-24,-0.9289171445802321
2009-07-27,-0.9289225168936498
2009-07-28,-0.9289261703984316
2009-07-29,-0.9289286549339688
2009-07-30,-0.9289303444878291
2009-07-31,-0.9289314934161923
2009-08-03,-0.9291679483050556
2009-08-04,-0.9290835041323752
2009-08-05,-0.9290311825684213
2009-08-06,-0.9289979917167659
2009-08-07,-0.928976535423858
2009-08-10,-0.9289624629950289
2009-08-11,-0.928953134140518
2009-08-12,-0.9289469019781808
2009-08-13,-0.9289427157415239
2009-08-14,-0.9289398930066449
2009-08-17,-0.928937984611141
2009-08-18,-0.9289366920217437
2009-08-19,-0.9289358154295138
2009-08-20,-0.9289352204425572
2009-08-21,-0.9289348163583663
2009-08-24,-0.9289345418156695
2009-08-25,-0.9289343552351805
2009-08-26,-0.9289342284106956
2009-08-27,-0.9289341421933176
2009-08-28,-0.9289340835762864
2009-08-31,-0.9289340437217096
2009-09-01,-0.9297143640833898
2009-09-02,-0.9294660560695429
2009-09-03,-0.9292966081212546
2009-09-04,-0.929181111313094
2009-09-07,-0.9291024491313491
2009-09-08,-0.9290489018508904
2009-09-09,-0.9290124635147875
2009-09-10,-0.9289876733979283
2009-09-11,-0.9289708105701346
2009-09-14,-0.9289593412915069
2009-09-15,-0.9289515410051441
2009-09-16,-0.9289462362689626
2009-09-17,-0.9289426287996748
2009-09-18,-0.928940175606656
2009-09-21,-0.9289385073834563
2009-09-22,-0.9289373729681459
2009-09-23,-0.9289366015551807
2009-09-24,-0.9289360769897065
2009-09-25,-0.9289357202831818
2009-09-28,-0.9289354777219219
2009-09-29,-0.9289353127799546
2009-09-30,-0.9289352006193201
2009-10-01,-0.9286869500257541
2009-10-02,-0.9287621840544232
2009-10-05,-0.9288154997460231
2009-10-06,-0.9288527445264406
2009-10-07,-0.9288785265905131
2009-10-08,-0.9288962683734142
2009-10-09,-0.9289084296592495
2009-10-12,-0.9289167440566526
2009-10-13,-0.9289224185031334
2009-10-14,-0.9289262866698564
2009-10-15,-0.928928921432741
2009-10-16,-0.9289307151090368
2009-10-19,-0.9289319357503465
2009-10-20,-0.9289327662213358
2009-10-21,-0.9289333311424448
2009-10-22,-0.9289337153814965
2009-10-23,-0.9289339767068019
2009-10-26,-0.9289341544277016
2009-10-27,-0.9289342752869676
2009-10-28,-0.92893435747542
2009-10-29,-0.9289344133654638
2009-10-30,-0.928934451371554
2009-11-02,-0.9289344772160825
2009-11-03,-0.9277846417248357
2009-11-04,-0.9277053098540802
2009-11-05,-0.9278757641953336
2009-11-06,-0.9281064022687795
2009-11-09,-0.9283201148827139
2009-11-10,-0.928493034664375
2009-11-11,-0.9286238081463524
2009-11-12,-0.9287189715559886
2009-11-13,-0.9287866117012884
2009-11-16,-0.9288339756976748
2009-11-17,-0.9288668206442162
2009-11-18,-0.9288894513889022
2009-11-19,-0.9289049776988797
2009-11-20,-0.9289155992644162
2009-11-23,-0.9289228514144141
2009-11-24,-0.9289277965226332
2009-11-25,-0.9289311655092867
2009-11-26,-0.9289334593398065
2009-11-27,-0.9289350204943606
2009-11-30,-0.9289360827032934
2009-12-01,-0.9284686205800471
2009-12-02,-0.9283078819921262
2009-12-03,-0.9283562084436277
2009-12-04,-0.9284685464133827
2009-12-07,-0.928583950603088
2009-12-08,-0.9286812231859337
2009-12-09,-0.9287563091506474
2009-12-10,-0.9288115821985221
2009-12-11,-0.9288511424972064
2009-12-14,-0.9288789647839203
2009-12-15,-0.9288983125432883
2009-12-16,-0.928911668026701
2009-12-17,-0.9289208420331451
2009-12-18,-0.9289271231062692
2009-12-21,-0.9289314140270651
2009-12-22,-0.9289343410114933
2009-12-23,-0.9289363355974072
2009-12-24,-0.9289376938750138
2009-12-25,-0.9289386184095736
2009-12-28,-0.9289392475117219
2009-12-29,-0.9289396754946088
2009-12-30,-0.9289399666122964
2009-12-31,-0.9289401646135462
2010-01-01,-0.9276650902180168
2010-01-04,-0.9280701481025493
2010-01-05,-0.92834720667667
2010-01-06,-0.9285362887094696
2010-01-07,-0.9286651598559246
2010-01-08,-0.9287529226529735
2010-01-11,-0.928812659746647
2010-01-12,-0.9288533073675013
2010-01-13,-0.9288809597614014
2010-01-14,-0.9288997688784285
2010-01-15,-0.9289125615929069
2010-01-18,-0.9289212617923508
2010-01-19,-0.9289271784571309
2010-01-20,-0.9289312020316063
2010-01-21,-0.9289339381730147
2010-01-22,-0.9289357987995472
2010-01-25,-0.9289370640483301
2010-01-26,-0.9289379244276474
2010-01-27,-0.928938509490025
2010-01-28,-0.9289389073343265
2010-01-29,-0.9289391778692082
2010-02-01,-0.9289393618331999
2010-02-02,-0.925670784088896
2010-02-03,-0.9259580961880172
2010-02-04,-0.9265306749322586
2010-02-05,-0.9271146826177763
2010-02-08,-0.9276089983698335
2010-02-09,-0.9279925325355154
2010-02-10,-0.928276073223287
2010-02-11,-0.9284796631631737
2010-02-12,-0.9286231768171568
2010-02-15,-0.9287231394094432
2010-02-16,-0.9287922202244544
2010-02-17,-0.9288397095011504
2010-02-18,-0.9288722409074102
2010-02-19,-0.9288944729088721
2010-02-22,-0.9289096419142103
2010-02-23,-0.9289199805566769
2010-02-24,-0.928927021806911
2010-02-25,-0.9289318149318688
2010-02-26,-0.9289350766029071
2010-03-01,-0.9289372956233647
2010-03-02,-0.9286352968622871
2010-03-03,-0.9287067493912745
2010-03-04,-0.9287697120345776
2010-03-05,-0.9288191735528559
2010-03-08,-0.9288558811233072
2010-03-09,-0.9288822636719658
2010-03-10,-0.9289008610988635
2010-03-11,-0.9289138112926668
2010-03-12,-0.9289227579695989
2010-03-15,-0.9289289066971272
2010-03-16,-0.9289331178806866
2010-03-17,-0.9289359953790293
2010-03-18,-0.9289379585014788
2010-03-19,-0.9289392963944498
2010-03-22,-0.928940207534478
2010-03-23,-0.9289408277442206
2010-03-24,-0.9289412497800698
2010-03-25,-0.9289415368999129
2010-03-26,-0.928941732203962
2010-03-29,-0.9289418650395854
2010-03-30,-0.9289419553811201
2010-03-31,-0.9289420168194924
2010-04-01,-0.9278724002441661
2010-04-02,-0.9282146579036537
2010-04-05,-0.9284474017369494
2010-04-06,-0.9286056468580047
2010-04-07,-0.928713236504193
2010-04-08,-0.9287863872846018
2010-04-09,-0.9288361243869668
2010-04-12,-0.9288699428747795
2010-04-13,-0.9288929381011827
2010-04-14,-0.9289085742052641
2010-04-15,-0.928919206444403
2010-04-16,-0.928926436217775
2010-04-19,-0.9289313523919239
2010-04-20,-0.9289346953555498
2010-04-21,-0.9289369685536991
2010-04-22,-0.928938514319851
2010-04-23,-0.9289395654364109
2010-04-26,-0.9289402801933216
2010-04-27,-0.9289407662267277
2010-04-28,-0.9289410967287058
2010-04-29,-0.9289413214696146
2010-04-30,-0.9289414742931653
2010-05-03,-0.9274593373143276
2010-05-04,-0.9279327646816415
2010-05-05,-0.9282552253612097
2010-05-06,-0.9284746727925777
2010-05-07,-0.9286239563910295
2010-05-10,-0.9287254902274235
2010-05-11,-0.9287945409459559
2010-05-12,-0.9288414983715303
2010-05-13,-0.9288734305763792
2010-05-14,-0.928895144941767
2010-05-17,-0.9289099109010437
2010-05-18,-0.928919951831549
2010-05-19,-0.9289267796957454
2010-05-20,-0.9289314226554068
2010-05-21,-0.928934579872013
2010-05-24,-0.9289367267802064
2010-05-25,-0.9289381866775583
2010-05-26,-0.9289391794072303
2010-05-27,-0.9289398544628757
2010-05-28,-0.9289403135002738
2010-05-31,-0.9289406256453684
2010-06-01,-0.926807776422669
2010-06-02,-0.9275001732519125
2010-06-03,-0.9279656769916242
2010-06-04,-0.9282797335629711
2010-06-07,-0.928492136724923
2010-06-08,-0.9286360351120112
2010-06-09,-0.9287336378310065
2010-06-10,-0.928799892776632
2010-06-11,-0.9288448929559148
2010-06-14,-0.9288754684627964
2010-06-15,-0.9288962484136976
2010-06-16,-0.9289103735049354
2010-06-17,-0.9289199761232996
2010-06-18,-0.9289265047709805
2010-06-21,-0.928930943725688
2010-06-22,-0.928933961970512
2010-06-23,-0.9289360142631206
2010-06-24,-0.9289374097688484
2010-06-25,-0.9289383586877208
2010-06-28,-0.9289390039407098
2010-06-29,-0.9289394427070797
2010-06-30,-0.9289397410654668
2010-07-01,-0.9260506787374165
2010-07-02,-0.9269303366540671
2010-07-05,-0.9275539350240428
2010-07-06,-0.9279887792908649
2010-07-07,-0.9282891828600252
2010-07-08,-0.9284955497007141
2010-07-09,-0.9286368206385442
2010-07-12,-0.9287333121714854
2010-07-13,-0.9287991214838297
2010-07-14,-0.9288439612238474
2010-07-15,-0.9288744933344212
2010-07-16,-0.9288952740838841
2010-07-19,-0.9289094137097407
2010-07-20,-0.9289190326741731
2010-07-21,-0.928925575423188
2010-07-22,-0.9289300253468166
2010-07-23,-0.9289330516883977
2010-07-26,-0.928935109781689
2010-07-27,-0.9289365093682127
2010-07-28,-0.9289374611250574
2010-07-29,-0.9289381083370104
2010-07-30,-0.9289385484489504
2010-08-02,-0.9289388477285546
2010-08-03,-0.9224401472497962
2010-08-04,-0.923586999724092
2010-08-05,-0.9248437186931818
2010-08-06,-0.9259351020922394
2010-08-09,-0.926792462635965
2010-08-10,-0.9274306832492315
2010-08-11,-0.9278908465322658
2010-08-12,-0.9282160690781476
2010-08-13,-0.9284429805359121
2010-08-16,-0.928599965283197
2010-08-17,-0.928707963238364
2010-08-18,-0.9287819812126573
2010-08-19,-0.9288325819975636
2010-08-20,-0.9288671149161157
2010-08-23,-0.9288906548743797
2010-08-24,-0.928906688682675
2010-08-25,-0.9289176039912181
2010-08-26,-0.928925032096252
2010-08-27,-0.9289300858396667
2010-08-30,-0.9289335236009727
2010-08-31,-0.9289358618399132
2010-09-01,-0.9236958583829742
2010-09-02,-0.9255101828567657
2010-09-03,-0.9266661983050146
2010-09-06,-0.9274191858297315
2010-09-07,-0.9279167227038769
2010-09-08,-0.9282485853407769
2010-09-09,-0.9284713360011769
2010-09-10,-0.9286214801935366
2010-09-13,-0.9287229717699623
2010-09-14,-0.9287917076994889
2010-09-15,-0.9288383200673797
2010-09-16,-0.9288699574539808
2010-09-17,-0.9288914436400415
2010-09-20,-0.9289060416663953
2010-09-21,-0.9289159625094299
2010-09-22,-0.9289227059930423
2010-09-23,-0.9289272903168945
2010-09-24,-0.9289304070803035
2010-09-27,-0.9289325262118696
2010-09-28,-0.9289339670970289
2010-09-29,-0.9289349468410493
2010-09-30,-0.9289356130399355
2010-10-01,-0.9254047861540643
2010-10-04,-0.9259748126495468
2010-10-05,-0.926651081092913
2010-10-06,-0.9272528581631686
2010-10-07,-0.9277305829786823
2010-10-08,-0.928088084454709
2010-10-11,-0.928346598884171
2010-10-12,-0.9285296182701689
2010-10-13,-0.9286574472067592
2010-10-14,-0.9287459422613521
2010-10-15,-0.9288068487978592
2010-10-18,-0.9288486037805094
2010-10-19,-0.9288771540278867
2010-10-20,-0.9288966408239442
2010-10-21,-0.9289099254556065
2010-10-22,-0.9289189745530542
2010-10-25,-0.928925135129308
2010-10-26,-0.9289293276450524
2010-10-27,-0.9289321800918359
2010-10-28,-0.928934120465208
2010-10-29,-0.9289354402466732
2010-11-01,-0.9289363378491687
2010-11-02,-0.9289015464376918
2010-11-03,-0.9284775998994879
2010-11-04,-0.9284016746612945
2010-11-05,-0.9284626300723136
2010-11-08,-0.928561294240285
2010-11-09,-0.9286566174596154
2010-11-10,-0.9287350861894319
2010-11-11,-0.9287949514651119
2010-11-12,-0.9288387317216574
2010-11-15,-0.9288699430161101
2010-11-16,-0.9288918393481479
2010-11-17,-0.9289070419358358
2010-11-18,-0.9289175251100176
2010-11-19,-0.9289247211102861
2010-11-22,-0.9289296456381573
2010-11-23,-0.9289330087849776
2010-11-24,-0.9289353024201896
2010-11-25,-0.9289368651894246
2010-11-26,-0.9289379293048724
2010-11-29,-0.9289386535655948
2010-11-30,-0.928939146368949
2010-12-01,-0.9264605905146204
2010-12-02,-0.9272404771758725
2010-12-03,-0.9277785298838109
2010-12-06,-0.9281475434048234
2010-12-07,-0.9283997954292599
2010-12-08,-0.9285719000485319
2010-12-09,-0.9286891845266406
2010-12-10,-0.9287690514872556
2010-12-13,-0.9288234123735909
2010-12-14,-0.9288604011596944
2010-12-15,-0.9288855642278115
2010-12-16,-0.9289026800176997
2010-12-17,-0.9289143210066794
2010-12-20,-0.9289222379137556
2010-12-21,-0.928927621885625
2010-12-22,-0.9289312832042826
2010-12-23,-0.9289337730005163
2010-12-24,-0.9289354661072359
2010-12-27,-0.9289366174402451
2010-12-28,-0.9289374003558076
2010-12-29,-0.9289379327423795
2010-12-30,-0.9289382947669389
2010-12-31,-0.9289385409443168
2011-01-03,-0.9278486724262083
2011-01-04,-0.9281333948785171
2011-01-05,-0.928361753538714
2011-01-06,-0.9285329264280253
2011-01-07,-0.9286566169056936
2011-01-10,-0.9287440820177778
2011-01-11,-0.9288051047484567
2011-01-12,-0.9288473136677394
2011-01-13,-0.9288763451258097
2011-01-14,-0.9288962386636626
2011-01-17,-0.9289098365670013
2011-01-18,-0.9289191156275058
2011-01-19,-0.9289254404027388
2011-01-20,-0.9289297481890518
2011-01-21,-0.9289326806906814
2011-01-24,-0.9289346762736774
2011-01-25,-0.9289360339547152
2011-01-26,-0.9289369574939733
2011-01-27,-0.9289375856465862
2011-01-28,-0.9289380128576525
2011-01-31,-0.9289383033921691
2011-02-01,-0.9313342347649901
2011-02-02,-0.9304162699713945
2011-02-03,-0.9298635765107599
2011-02-04,-0.9295274287079988
2011-02-07,-0.9293195983270921
2011-02-08,-0.9291887024194384
2011-02-09,-0.9291047963362009
2011-02-10,-0.9290501924863409
2011-02-11,-0.929014225884941
2011-02-14,-0.9289903165109965
2011-02-15,-0.9289743145838182
2011-02-16,-0.9289635528387579
2011-02-17,-0.9289562904523996
2011-02-18,-0.928951377839286
2011-02-21,-0.9289480492290305
2011-02-22,-0.9289457913181245
2011-02-23,-0.9289442585059947
2011-02-24,-0.9289432173822625
2011-02-25,-0.928942509968296
2011-02-28,-0.9289420291814966
2011-03-01,-0.9249246963185195
2011-03-02,-0.9262137643153258
2011-03-03,-0.9270890008434097
2011-03-04,-0.9276827967158401
2011-03-07,-0.9280857395131196
2011-03-08,-0.9283592932440878
2011-03-09,-0.9285450852050705
2011-03-10,-0.9286713145213054
2011-03-11,-0.9287570982917782
2011-03-14,-0.9288154066085331
2011-03-15,-0.9288550446946384
2011-03-16,-0.9288819931836363
2011-03-17,-0.9289003156318612
2011-03-18,-0.9289127737194003
2011-03-21,-0.9289212446694897
2011-03-22,-0.9289270046585848
2011-03-23,-0.9289309213305433
2011-03-24,-0.9289335846105236
2011-03-25,-0.9289353956137946
2011-03-28,-0.9289366270829543
2011-03-29,-0.9289374644755859
2011-03-30,-0.928938033899376
2011-03-31,-0.9289384211059095
2011-04-01,-0.9271770597062317
2011-04-04,-0.9277576017902894
2011-04-05,-0.9281430173181763
2011-04-06,-0.9284009047635562
2011-04-07,-0.9285743677683329
2011-04-08,-0.9286914559027494
2011-04-11,-0.9287706787833682
2011-04-12,-0.9288243678895267
2011-04-13,-0.928860792464342
2011-04-14,-0.9288855224290924
2011-04-15,-0.9289023209175394
2011-04-18,-0.9289137356248518
2011-04-19,-0.9289214938044071
2011-04-20,-0.928926767598358
2011-04-21,-0.9289303529594847
2011-04-22,-0.928932790625534
2011-04-25,-0.9289344480622919
2011-04-26,-0.9289355750373666
2011-04-27,-0.9289363413422161
2011-04-28,-0.9289368624116302
2011-04-29,-0.9289372167304129
2011-05-02,-0.9289374576631896
2011-05-03,-0.9273283887871187
2011-05-04,-0.9275133540308055
2011-05-05,-0.927809939246555
2011-05-06,-0.9280951088985274
2011-05-09,-0.9283291527109374
2011-05-10,-0.9285073603691758
2011-05-11,-0.9286375172977975
2011-05-12,-0.9287302269229786
2011-05-13,-0.9287952296614406
2011-05-16,-0.9288403432344988
2011-05-17,-0.9288714437160227
2011-05-18,-0.9288927882798709
2011-05-19,-0.928907393485132
2011-05-20,-0.9289173671064963
2011-05-23,-0.9289241686414298
2011-05-24,-0.9289288026924989
2011-05-25,-0.9289319580125147
2011-05-26,-0.9289341055557601
2011-05-27,-0.9289355667751222
2011-05-30,-0.9289365608154333
2011-05-31,-0.928937236952687
2011-06-01,-0.9244059094788462
2011-06-02,-0.9256380176148072
2011-06-03,-0.926596660416464
2011-06-06,-0.9273017873888666
2011-06-07,-0.9278051257830037
2011-06-08,-0.9281581928252187
2011-06-09,-0.9284031999039283
2011-06-10,-0.9285720584755748
2011-06-13,-0.928687917606347
2011-06-14,-0.9287671783899477
2011-06-15,-0.9288212954066369
2011-06-16,-0.9288581963369517
2011-06-17,-0.9288833357622795
2011-06-20,-0.9289004521807729
2011-06-21,-0.9289121013261136
2011-06-22,-0.9289200273546696
2011-06-23,-0.9289254191827025
2011-06-24,-0.9289290866082809
2011-06-27,-0.9289315809108692
2011-06-28,-0.9289332772454477
2011-06-29,-0.928934430849024
2011-06-30,-0.928935215343541
2011-07-01,-0.9210832802986187
2011-07-04,-0.9231594687257704
2011-07-05,-0.9248131129299548
2011-07-06,-0.9260440925851684
2011-07-07,-0.9269288720250572
2011-07-08,-0.9275521302154188
2011-07-11,-0.9279858000190515
2011-07-12,-0.9282852099696421
2011-07-13,-0.9284908831836489
2011-07-14,-0.928631696107943
2011-07-15,-0.9287278892561809
2011-07-18,-0.9287935037987417
2011-07-19,-0.9288382155061142
2011-07-20,-0.9288686627972144
2011-07-21,-0.9288893869700607
2011-07-22,-0.9289034886526839
2011-07-25,-0.928913082066526
2011-07-26,-0.9289196075590829
2011-07-27,-0.928924045803478
2011-07-28,-0.9289270642288826
2011-07-29,-0.9289291169511215
2011-08-01,-0.9289305128908746
2011-08-02,-0.9216839090553851
2011-08-03,-0.9236130807182571
2011-08-04,-0.9251410098815745
2011-08-05,-0.9262750100077213
2011-08-08,-0.9270886402435159
2011-08-09,-0.9276611426241462
2011-08-10,-0.928059209817516
2011-08-11,-0.9283339093653853
2011-08-12,-0.928522548860134
2011-08-15,-0.9286516724670868
2011-08-16,-0.9287398677686117
2011-08-17,-0.9288000210936097
2011-08-18,-0.9288410086942978
2011-08-19,-0.9288689187509838
2011-08-22,-0.9288879153670434
2011-08-23,-0.9289008412772237
2011-08-24,-0.928909634688177
2011-08-25,-0.9289156159581694
2011-08-26,-0.9289196840293794
2011-08-29,-0.9289224506900358
2011-08-30,-0.9289243321905946
2011-08-31,-0.9289256116896437
2011-09-01,-0.9129990422560068
2011-09-02,-0.9183386805499676
2011-09-05,-0.921835300730276
2011-09-06,-0.9241487206285218
2011-09-07,-0.9256918909258276
2011-09-08,-0.9267273941206853
2011-09-09,-0.9274251428147477
2011-09-12,-0.9278966615761379
2011-09-13,-0.9282159323598119
2011-09-14,-0.9284324074716529
2011-09-15,-0.9285793199115683
2011-09-16,-0.9286790860320706
2011-09-19,-0.9287468648774809
2011-09-20,-0.9287929257599178
2011-09-21,-0.9288242338639502
2011-09-22,-0.9288455172185913
2011-09-23,-0.9288599870473551
2011-09-26,-0.9288698252079032
2011-09-27,-0.9288765145425151
2011-09-28,-0.9288810630039626
2011-09-29,-0.928884155824153
2011-09-30,-0.9288862588792189
2011-10-03,-0.8721759637261213
2011-10-04,-0.8913694643854405
2011-10-05,-0.9031040012290402
2011-10-06,-0.9105509213468596
2011-10-07,-0.9153891975987873
2011-10-10,-0.9185807630086877
2011-10-11,-0.9207072249234378
2011-10-12,-0.9221334837245508
2011-10-13,-0.9230943722915594
2011-10-14,-0.9237436785857942
2011-10-17,-0.9241833269591904
2011-10-18,-0.9244814231829007
2011-10-19,-0.9246837301826794
2011-10-20,-0.924821115111829
2011-10-21,-0.9249144519659374
2011-10-24,-0.9249778817887535
2011-10-25,-0.9250209959207033
2011-10-26,-0.9250503051310951
2011-10-27,-0.9250702315032923
2011-10-28,-0.9250837796319592
2011-10-31,-0.9250929915213268
2011-11-01,-0.9200003502034315
2011-11-02,-0.9189582909630608
2011-11-03,-0.9194269637173882
2011-11-04,-0.9207001045158612
2011-11-07,-0.9222239795751892
2011-11-08,-0.9236647921466294
2011-11-09,-0.9248733798626728
2011-11-10,-0.9258170963023995
2011-11-11,-0.9265210041660967
2011-11-14,-0.9270304373918621
2011-11-15,-0.9273917645205905
2011-11-16,-0.9276445873117454
2011-11-17,-0.9278198722490671
2011-11-18,-0.9279406456285648
2011-11-21,-0.9280235094093832
2011-11-22,-0.9280802003361429
2011-11-23,-0.9281189097645618
2011-11-24,-0.9281453062012058
2011-11-25,-0.9281632900749464
2011-11-28,-0.9281755349864135
2011-11-29,-0.928183868871798
2011-11-30,-0.9281895393103963
2011-12-01,-0.6097929730596343
2011-12-02,-0.11321793009984593
2011-12-05,0.20699035742939415
2011-12-06,0.4172410891194344
2011-12-07,0.5569151152042445
2011-12-08,0.6504186327265602
2011-12-09,0.7133339858213568
2011-12-12,0.755812541501744
2011-12-13,0.7845588425298371
2011-12-14,0.8040424297300216
2011-12-15,0.8172618539342327
2011-12-16,0.8262374998083203
2011-12-19,0.8323346784794933
2011-12-20,0.836477867560174
2011-12-21,0.8392938988106416
2011-12-22,0.8412081812870494
2011-12-23,0.8425096068296608
2011-12-26,0.8433944433684475
2011-12-27,0.8439960705523787
2011-12-28,0.8444051483556122
2011-12-29,0.8446833078828321
2011-12-30,0.8448724500952135
2012-01-02,0.8450010638478377
2012-01-03,0.676069166127142
2012-01-04,0.6666985771239573
2012-01-05,0.6733567806374573
2012-01-06,0.6910044708726704
2012-01-09,0.7148567819068006
2012-01-10,0.7406990347245614
2012-01-11,0.7653194331217233
2012-01-12,0.7867522468419301
2012-01-13,0.8041962015843456
2012-01-16,0.8176937462992031
2012-01-17,0.8277531821186017
2012-01-18,0.835048111522901
2012-01-19,0.8402356971360747
2012-01-20,0.8438740481650815
2012-01-23,0.8464013052440821
2012-01-24,0.848145069492841
2012-01-25,0.849342702372923
2012-01-26,0.8501626491975555
2012-01-27,0.8507228033664511
2012-01-30,0.851104912554699
2012-01-31,0.8513653057205777
2012-02-01,0.8572504943212467
2012-02-02,0.8544194459266871
2012-02-03,0.8529923589716745
2012-02-06,0.8523390148869362
2012-02-07,0.8520773521828525
2012-02-08,0.8519976524863334
2012-02-09,0.85199386353285
2012-02-10,0.8520163226761824
2012-02-13,0.8520437524075822
2012-02-14,0.8520682176281839
2012-02-15,0.8520876040240236
2012-02-16,0.8521020783503906
2012-02-17,0.8521125244834216
2012-02-20,0.8521199089744134
2012-02-21,0.8521250610566451
2012-02-22,0.8521286250758524
2012-02-23,0.8521310766946011
2012-02-24,0.8521327568015395
2012-02-27,0.8521339052941489
2012-02-28,0.8521346890543735
2012-02-29,0.8521352232996233
2012-03-01,0.8500893306202173
2012-03-02,0.8496948762066393
2012-03-05,0.8499503083078469
2012-03-06,0.8503994481919906
2012-03-07,0.8508443421863612
2012-03-08,0.8512155849813017
2012-03-09,0.8515012290038882
2012-03-12,0.8517112889225222
2012-03-13,0.8518615988786054
2012-03-14,0.8519673126707705
2012-03-15,0.8520408335663426
2012-03-16,0.8520915890228635
2012-03-19,0.8521264563047998
2012-03-20,0.8521503300387195
2012-03-21,0.8521666401541895
2012-03-22,0.8521777662092256
2012-03-23,0.8521853482047058
2012-03-26,0.8521905114913352
2012-03-27,0.8521940260080318
2012-03-28,0.8521964174888357
2012-03-29,0.8521980444394542
2012-03-30,0.8521991511093271
2012-04-02,0.8521999038033488
2012-04-03,0.8572132790792378
2012-04-04,0.8556791840738104
2012-04-05,0.8546023049371912
2012-04-06,0.8538537989083577
2012-04-09,0.8533370975075123
2012-04-10,0.8529821028654686
2012-04-11,0.8527390022493204
2012-04-12,0.8525728987348855
2012-04-13,0.852459578480569
2012-04-16,0.8523823489994443
2012-04-17,0.8523297533507056
2012-04-18,0.8522939514457117
2012-04-19,0.8522695890923566
2012-04-20,0.8522530148044396
2012-04-23,0.8522417406439715
2012-04-24,0.8522340725321036
2012-04-25,0.8522288574399206
2012-04-26,0.8522253108197957
2012-04-27,0.8522228989538309
2012-04-30,0.8522212588096993
2012-05-01,0.8465042120633862
2012-05-02,0.8472982019514327
2012-05-03,0.8483691701113218
2012-05-04,0.8493620673047894
2012-05-07,0.8501663550615177
2012-05-08,0.8507752773573705
2012-05-09,0.8512187823176882
2012-05-10,0.8515342280086646
2012-05-11,0.851755221773725
2012-05-14,0.8519085246523131
2012-05-15,0.8520141785438954
2012-05-16,0.8520866768002009
2012-05-17,0.8521362786484526
2012-05-18,0.8521701482743095
2012-05-21,0.8521932445988067
2012-05-22,0.852208980164862
2012-05-23,0.8522196942555926
2012-05-24,0.8522269862667932
2012-05-25,0.8522319478061086
2012-05-28,0.8522353230257758
2012-05-29,0.8522376188090994
2012-05-30,0.8522391802342604
2012-05-31,0.8522402421381798
2012-06-01,0.8116145028521974
2012-06-04,0.8207189884677958
2012-06-05,0.8289056425794759
2012-06-06,0.8354571121758683
2012-06-07,0.8403924891837662
2012-06-08,0.8439799615961145
2012-06-11,0.8465296985748586
2012-06-12,0.8483155987146282
2012-06-13,0.8495544537075327
2012-06-14,0.8504082947554735
2012-06-15,0.8509942246723843
2012-06-18,0.8513951279557113
2012-06-19,0.8516688884661103
2012-06-20,0.8518555767853542
2012-06-21,0.8519827707853294
2012-06-22,0.8520693765132299
2012-06-25,0.8521283210459634
2012-06-26,0.8521684276628575
2012-06-27,0.8521957114068648
2012-06-28,0.8522142695455663
2012-06-29,0.8522268914760428
2012-07-02,0.852235475493229
2012-07-03,0.8543829908406871
2012-07-04,0.8537137363956521
2012-07-05,0.8532528245481351
2012-07-06,0.8529366702614866
2012-07-09,0.8527204071233158
2012-07-10,0.8525727527424831
2012-07-11,0.8524720710577681
2012-07-12,0.8524034791454974
2012-07-13,0.852356777167154
2012-07-16,0.8523249922882812
2012-07-17,0.8523033658342887
2012-07-18,0.8522886539581167
2012-07-19,0.8522786471628179
2012-07-20,0.8522718412869669
2012-07-23,0.8522672127128788
2012-07-24,0.8522640650162873
2012-07-25,0.8522619244604019
2012-07-26,0.8522604688265059
2012-07-27,0.8522594789700288
2012-07-30,0.8522588058561518
2012-07-31,0.8522583481336038
2012-08-01,0.8501754336383671
2012-08-02,0.850615262238979
2012-08-03,0.8510353430211912
2012-08-06,0.8513774987680731
2012-08-07,0.8516364823584789
2012-08-08,0.8518248247286371
2012-08-09,0.8519585753548665
2012-08-10,0.8520521579787385
2012-08-13,0.8521170134463875
2012-08-14,0.8521616796364734
2012-08-15,0.8521923138645531
2012-08-16,0.8522132659877666
2012-08-17,0.852227569327511
2012-08-20,0.8522373214475574
2012-08-21,0.8522439648411086
2012-08-22,0.8522484878740451
2012-08-23,0.852251566090255
2012-08-24,0.8522536604573375
2012-08-27,0.8522550851720294
2012-08-28,0.8522560542296586
2012-08-29,0.8522567133049268
2012-08-30,0.8522571615295952
2012-08-31,0.8522574663469726
2012-09-03,0.8532946551790193
2012-09-04,0.8527363880538327
2012-09-05,0.8524742711731891
2012-09-06,0.8523537801254966
2012-09-07,0.8522996994744688
2012-09-10,0.8522761834057371
2012-09-11,0.8522664466244554
2012-09-12,0.8522627571770979
2012-09-13,0.8522616165665369
2012-09-14,0.8522614776348794
2012-09-17,0.8522616788369801
2012-09-18,0.8522619527768602
2012-09-19,0.8522622025880948
2012-09-20,0.8522624018768272
2012-09-21,0.8522625510081244
2012-09-24,0.8522626587168631
2012-09-25,0.8522627348728806
2012-09-26,0.8522627880068061
2012-09-27,0.8522628247612195
2012-09-28,0.852262850042482
2012-10-01,0.8522628673670374
2012-10-02,0.8525512901605667
2012-10-03,0.8523382863732688
2012-10-04,0.8522573553166463
2012-10-05,0.8522327124710875
2012-10-08,0.852230282674279
2012-10-09,0.8522353443689098
2012-10-10,0.8522419193995033
2012-10-11,0.8522478482516338
2012-10-12,0.852252556857221
2012-10-15,0.8522560726591027
2012-10-16,0.8522586088620409
2012-10-17,0.852260400829716
2012-10-18,0.8522616505382736
2012-10-19,0.8522625147619651
2012-10-22,0.8522631091053167
2012-10-23,0.8522635163442887
2012-10-24,0.8522637946936797
2012-10-25,0.8522639846310656
2012-10-26,0.8522641140935512
2012-10-29,0.8522642022690737
2012-10-30,0.8522642622936194
2012-10-31,0.8522643031404382
2012-11-01,0.85068594593671
2012-11-02,0.8511680993923763
2012-11-05,0.8515082353798221
2012-11-06,0.8517450789327305
2012-11-07,0.8519086614761209
2012-11-08,0.8520210552325881
2012-11-09,0.8520980146016728
2012-11-12,0.8521505916329422
2012-11-13,0.8521864567744051
2012-11-14,0.8522108970891024
2012-11-15,0.8522275405144103
2012-11-16,0.8522388691306558
2012-11-19,0.8522465777096231
2012-11-20,0.8522518219074612
2012-11-21,0.8522553890533149
2012-11-22,0.8522578152159874
2012-11-23,0.8522594652386865
2012-11-26,0.8522605873609499
2012-11-27,0.8522613504531596
2012-11-28,0.8522618693783317
2012-11-29,0.8522622222576886
2012-11-30,0.8522624622202846
2012-12-03,0.8505806684406579
2012-12-04,0.8510714675070846
2012-12-05,0.8514306727386441
2012-12-06,0.8516865027937359
2012-12-07,0.851865755317854
2012-12-10,0.8519900730557218
2012-12-11,0.8520757249328883
2012-12-12,0.8521344822854761
2012-12-13,0.8521746743978864
2012-12-14,0.8522021144821167
2012-12-17,0.8522208242831665
2012-12-18,0.8522335702960196
2012-12-19,0.8522422483716297
2012-12-20,0.8522481544466156
2012-12-21,0.852252172879747
2012-12-24,0.8522549064774507
2012-12-25,0.8522567658146579
2012-12-26,0.8522580303903363
2012-12-27,0.8522588904061044
2012-12-28,0.8522594752648089
2012-12-31,0.8522598729907456
2013-01-01,0.848394505130223
2013-01-02,0.8493134962946307
2013-01-03,0.8501087595595308
2013-01-04,0.8507283827605261
2013-01-07,0.8511862411329073
2013-01-08,0.8515144942314234
2013-01-09,0.8517455346090742
2013-01-10,0.8519062650917036
2013-01-11,0.852017238167198
2013-01-14,0.8520934753316783
2013-01-15,0.852145675277004
2013-01-16,0.8521813371125728
2013-01-17,0.8522056638617842
2013-01-18,0.852222241514473
2013-01-21,0.8522335307128642
2013-01-22,0.8522412149457156
2013-01-23,0.8522464437259899
2013-01-24,0.8522500009143964
2013-01-25,0.8522524205495777
2013-01-28,0.8522540662462489
2013-01-29,0.8522551854789235
2013-01-30,0.8522559466303132
2013-01-31,0.8522564642468725
2013-02-01,0.8442125592806299
2013-02-04,0.8460329446641425
2013-02-05,0.8476704728522096
2013-02-06,0.8489716228399893
2013-02-07,0.849944248924926
2013-02-08,0.850646637554106
2013-02-11,0.8511433515931697
2013-02-12,0.8514899871164461
2013-02-13,0.851729814616741
2013-02-14,0.8518948046692753
2013-02-15,0.8520078812475016
2013-02-18,0.8520851821993912
2013-02-19,0.852137936033296
2013-02-20,0.8521738961502262
2013-02-21,0.8521983894981459
2013-02-22,0.8522150636847179
2013-02-25,0.8522264107796728
2013-02-26,0.8522341308002809
2013-02-27,0.8522393822599738
2013-02-28,0.8522429541045352
2013-03-01,0.8479807969151992
2013-03-04,0.8493194703548674
2013-03-05,0.8502435271176593
2013-03-06,0.8508776752640054
2013-03-07,0.8513114034875884
2013-03-08,0.851607446864729
2013-03-11,0.8518092530529437
2013-03-12,0.8519467060434773
2013-03-13,0.852040276477273
2013-03-14,0.8521039512276131
2013-03-15,0.8521472715592362
2013-03-18,0.8521767392687101
2013-03-19,0.8521967818586462
2013-03-20,0.85221041291228
2013-03-21,0.8522196829909683
2013-03-22,0.8522259870862902
2013-03-25,0.8522302740734472
2013-03-26,0.8522331893169963
2013-03-27,0.8522351717244275
2013-03-28,0.8522365197802418
2013-03-29,0.8522374364664813
2013-04-01,0.8522380598166909
2013-04-02,0.8438530284956056
2013-04-03,0.8464489544327509
2013-04-04,0.8482606364321997
2013-04-05,0.8495112340482939
2013-04-08,0.8503694587425803
2013-04-09,0.8509564286114022
2013-04-10,0.8513570578990528
2013-04-11,0.8516301527050195
2013-04-12,0.8518161587238356
2013-04-15,0.851942780108864
2013-04-16,0.8520289454464972
2013-04-17,0.8520875666843912
2013-04-18,0.8521274423664497
2013-04-19,0.8521545639210696
2013-04-22,0.8521730093805127
2013-04-23,0.852185553581432
2013-04-24,0.8521940842296246
2013-04-25,0.8521998853412841
2013-04-26,0.852203830220739
2013-04-29,0.8522065127947316
2013-04-30,0.8522083369701453
2013-05-01,0.8411773203707315
2013-05-02,0.8448191555638641
2013-05-03,0.8472248434629014
2013-05-06,0.848828397790602
2013-05-07,0.8499040348619255
2013-05-08,0.8506286904821408
2013-05-09,0.8511183411194085
2013-05-10,0.8514498691264649
2013-05-13,0.8516746467806532
2013-05-14,0.8518271903261108
2013-05-15,0.8519307789418674
2013-05-16,0.8520011540381398
2013-05-17,0.8520489789723191
2013-05-20,0.8520814859874327
2013-05-21,0.8521035843044412
2013-05-22,0.8521186081702875
2013-05-23,0.8521288230124916
2013-05-24,0.8521357684611618
2013-05-27,0.8521404910664794
2013-05-28,0.8521437022981241
2013-05-29,0.8521458858699978
2013-05-30,0.8521473706678889
2013-05-31,0.8521483803157014
2013-06-03,0.7245974060667069
2013-06-04,0.7641948887728301
2013-06-05,0.791284435310545
2013-06-06,0.8098062402205379
2013-06-07,0.8224556996864786
2013-06-10,0.8310850990495654
2013-06-11,0.8369667175655768
2013-06-12,0.8409727663760923
2013-06-13,0.8436999846536604
2013-06-14,0.8455559527483625
2013-06-17,0.8468186932270378
2013-06-18,0.8476776742670488
2013-06-19,0.8482619287131724
2013-06-20,0.8486592899391225
2013-06-21,0.8489295270710614
2013-06-24,0.8491133028315987
2013-06-25,0.8492382770131252
2013-06-26,0.8493232625045214
2013-06-27,0.8493810540243075
2013-06-28,0.8494203528820673
2013-07-01,0.8494470763827767
2013-07-02,0.09769342421613862
2013-07-03,-0.19561935636191674
2013-07-04,-0.4118124154132623
2013-07-05,-0.5678740859813253
2013-07-08,-0.6786850337309118
2013-07-09,-0.75638810162895
2013-07-10,-0.8103775448616924
2013-07-11,-0.8476443758556924
2013-07-12,-0.8732491401974571
2013-07-15,-0.8907844611988168
2013-07-16,-0.9027665998595584
2013-07-17,-0.9109415653376451
2013-07-18,-0.9165131519496834
2013-07-19,-0.9203076842905243
2013-07-22,-0.9228906794504974
2013-07-23,-0.9246483723898374
2013-07-24,-0.9258441847208307
2013-07-25,-0.9266576057152733
2013-07-26,-0.9272108560370259
2013-07-29,-0.9275871234786064
2013-07-30,-0.9278430116976827
2013-07-31,-0.9280170278035639
2013-08-01,-0.828173742623689
2013-08-02,-0.8185239678767364
2013-08-05,-0.8207421984538865
2013-08-06,-0.8312812932547715
2013-08-07,-0.8463643625099826
2013-08-08,-0.8627169869897731
2013-08-09,-0.8780382139814693
2013-08-12,-0.8910917686685318
2013-08-13,-0.9014974837303881
2013-08-14,-0.909407938823014
2013-08-15,-0.9152215573774297
2013-08-16,-0.919393281563265
2013-08-19,-0.922337152670523
2013-08-20,-0.9243905535354612
2013-08-21,-0.9258113854193708
2013-08-22,-0.9267891075028899
2013-08-23,-0.9274593723484924
2013-08-26,-0.9279176780863049
2013-08-27,-0.9282305008543735
2013-08-28,-0.9284437657654153
2013-08-29,-0.9285890387636916
2013-08-30,-0.928687941507646
2013-09-02,-0.9287552495653207
2013-09-03,-0.9196375790938741
2013-09-04,-0.9212320773006385
2013-09-05,-0.9230070542211766
2013-09-06,-0.9245646698531593
2013-09-09,-0.9257971905588392
2013-09-10,-0.9267193237643119
2013-09-11,-0.9273865206290155
2013-09-12,-0.9278592039026792
2013-09-13,-0.9281895471512033
2013-09-16,-0.9284183487537162
2013-09-17,-0.9285758752822874
2013-09-18,-0.9286838954834452
2013-09-19,-0.9287577677680035
2013-09-20,-0.9288081948847577
2013-09-23,-0.9288425751394331
2013-09-24,-0.9288659952777338
2013-09-25,-0.9288819401987131
2013-09-26,-0.9288927916353064
2013-09-27,-0.9289001747213261
2013-09-30,-0.9289051971181881
2013-10-01,-0.9294849668786233
2013-10-02,-0.9286831611828074
2013-10-03,-0.9284240775693055
2013-10-04,-0.9284112625386629
2013-10-07,-0.9284899067072535
2013-10-08,-0.9285880309712286
2013-10-09,-0.9286768681521941
2013-10-10,-0.9287479949356352
2013-10-11,-0.9288014788673652
2013-10-14,-0.9288402668681478
2013-10-15,-0.9288677780683361
2013-10-16,-0.9288870160435464
2013-10-17,-0.928900344806057
2013-10-18,-0.9289095230856159
2013-10-21,-0.928915817530623
2013-10-22,-0.9289201224117437
2013-10-23,-0.9289230611486873
2013-10-24,-0.9289250647738667
2013-10-25,-0.9289264296834319
2013-10-28,-0.9289273589523785
2013-10-29,-0.9289279913778753
2013-10-30,-0.9289284216687388
2013-10-31,-0.9289287143780992
2013-11-01,-0.9286594622078006
2013-11-04,-0.9284977107151179
2013-11-05,-0.928514832760776
2013-11-06,-0.928589860501723
2013-11-07,-0.9286717553697649
2013-11-08,-0.9287422410826514
2013-11-11,-0.9287971833523936
2013-11-12,-0.9288378411887735
2013-11-13,-0.9288670306049875
2013-11-14,-0.9288875980362838
2013-11-15,-0.9289019179444054
2013-11-18,-0.9289118105032834
2013-11-19,-0.9289186092985391
2013-11-20,-0.9289232657587086
2013-11-21,-0.9289264475561387
2013-11-22,-0.9289286183060101
2013-11-25,-0.9289300977128312
2013-11-26,-0.9289311052340746
2013-11-27,-0.928931791053376
2013-11-28,-0.9289322577362815
2013-11-29,-0.9289325752311803
2013-12-02,-0.9289327911972269
2013-12-03,-0.9324971502953938
2013-12-04,-0.9313683243902812
2013-12-05,-0.9305933037749968
2013-12-06,-0.930064055958105
2013-12-09,-0.9297035905322969
2013-12-10,-0.9294583705279273
2013-12-11,-0.9292916291320109
2013-12-12,-0.9291782675152528
2013-12-13,-0.9291011981868477
2013-12-16,-0.9290488007059414
2013-12-17,-0.9290131755355316
2013-12-18,-0.9289889529976092
2013-12-19,-0.9289724829348397
2013-12-20,-0.9289612839011592
2013-12-23,-0.9289536688494741
2013-12-24,-0.9289484907531945
2013-12-25,-0.9289449697140617
2013-12-26,-0.9289425754393399
2013-12-27,-0.9289409473480267
2013-12-30,-0.9289398402535881
2013-12-31,-0.9289390874332346
2014-01-01,-0.9261021388883341
2014-01-02,-0.9268125916126004
2014-01-03,-0.9274025724850459
2014-01-06,-0.9278524607483548
2014-01-07,-0.9281806945722832
2014-01-08,-0.9284141469104424
2014-01-09,-0.9285776165657544
2014-01-10,-0.9286909535313632
2014-01-13,-0.9287690277518772
2014-01-14,-0.9288225823882754
2014-01-15,-0.9288592139806132
2014-01-16,-0.9288842225546865
2014-01-17,-0.9289012741803644
2014-01-20,-0.9289128904512122
2014-01-21,-0.9289207992971944
2014-01-22,-0.9289261818327438
2014-01-23,-0.9289298440453708
2014-01-24,-0.9289323353145471
2014-01-27,-0.928934029822878
2014-01-28,-0.9289351822939513
2014-01-29,-0.9289359660689281
2014-01-30,-0.9289364990794506
2014-01-31,-0.9289368615465844
2014-02-03,-0.9262883180011335
2014-02-04,-0.9270163910796884
2014-02-05,-0.9275772767354785
2014-02-06,-0.9279880320643225
2014-02-07,-0.9282805971073301
2014-02-10,-0.9284855707958389
2014-02-11,-0.9286277107239957
2014-02-12,-0.9287256317060149
2014-02-13,-0.9287928003554565
2014-02-14,-0.9288387434016111
2014-02-17,-0.928870108466704
2014-02-18,-0.9288914938547879
2014-02-19,-0.9289060623077565
2014-02-20,-0.9289159810450566
2014-02-21,-0.9289227314171069
2014-02-24,-0.928927324270909
2014-02-25,-0.9289304486125083
2014-02-26,-0.9289325737191567
2014-02-27,-0.9289340190473743
2014-02-28,-0.928935001988371
2014-03-03,-0.928116608370665
2014-03-04,-0.9282822659265573
2014-03-05,-0.9284467481823511
2014-03-06,-0.9285827747996075
2014-03-07,-0.9286865226099077
2014-03-10,-0.9287622955656183
2014-03-11,-0.9288162442059871
2014-03-12,-0.9288540519946524
2014-03-13,-0.9288802811588809
2014-03-14,-0.9288983576027543
2014-03-17,-0.9289107609118759
2014-03-18,-0.9289192466593366
2014-03-19,-0.9289250407847449
2014-03-20,-0.9289289918036652
2014-03-21,-0.9289316835888088
2014-03-24,-0.9289335163568205
2014-03-25,-0.9289347637271498
2014-03-26,-0.9289356124417645
2014-03-27,-0.9289361897999546
2014-03-28,-0.928936582510753
2014-03-31,-0.9289368496035662
2014-04-01,-0.9221040174792154
2014-04-02,-0.92407483686494
2014-04-03,-0.925538186066693
2014-04-04,-0.9265848451884003
2014-04-07,-0.9273188822409933
2014-04-08,-0.927827887014004
2014-04-09,-0.9281784316838274
2014-04-10,-0.9284188043828878
2014-04-11,-0.9285831706509261
2014-04-14,-0.9286953577321708
2014-04-15,-0.9287718369514304
2014-04-16,-0.928823931188552
2014-04-17,-0.9288593959931615
2014-04-18,-0.9288835308419715
2014-04-21,-0.9288999512047342
2014-04-22,-0.9289111210498314
2014-04-23,-0.9289187183889498
2014-04-24,-0.9289238854298582
2014-04-25,-0.9289273994092507
2014-04-28,-0.9289297890952521
2014-04-29,-0.9289314141642717
2014-04-30,-0.9289325192488991
2014-05-01,-0.9282014642564259
2014-05-02,-0.9283430812655018
2014-05-05,-0.9284890805646209
2014-05-06,-0.9286115754351282
2014-05-07,-0.928705683693482
2014-05-08,-0.9287747015765215
2014-05-09,-0.9288239649380866
2014-05-12,-0.9288585445056897
2014-05-13,-0.9288825590245989
2014-05-14,-0.9288991205368924
2014-05-15,-0.9289104895510719
2014-05-16,-0.9289182700654898
2014-05-19,-0.9289235837490034
2014-05-20,-0.928927207659299
2014-05-21,-0.92892967682202
2014-05-22,-0.9289313581196812
2014-05-23,-0.9289325024499466
2014-05-26,-0.9289332810787491
2014-05-27,-0.9289338107700221
2014-05-28,-0.9289341710633697
2014-05-29,-0.9289344161105005
2014-05-30,-0.9289345827645148
2014-06-02,-0.9289346960993529
2014-06-03,-0.9274744109663536
2014-06-04,-0.9278654567086076
2014-06-05,-0.9281727362608257
2014-06-06,-0.9284004752196907
2014-06-09,-0.9285639223766855
2014-06-10,-0.928679004228912
2014-06-11,-0.9287590708693937
2014-06-12,-0.9288143505044634
2014-06-13,-0.9288523254756837
2014-06-16,-0.9288783260869323
2014-06-17,-0.9288960885378685
2014-06-18,-0.9289082049030594
2014-06-19,-0.9289164615429238
2014-06-20,-0.9289220841500667
2014-06-23,-0.9289259112621386
2014-06-24,-0.9289285154259666
2014-06-25,-0.9289302870553772
2014-06-26,-0.9289314921318357
2014-06-27,-0.928932311753846
2014-06-30,-0.9289328691751909
2014-07-01,-0.9277623064622343
2014-07-02,-0.9280796133284132
2014-07-03,-0.9283265500493997
2014-07-04,-0.9285086477555885
2014-07-07,-0.9286389607104417
2014-07-08,-0.9287305510855753
2014-07-09,-0.9287942025896725
2014-07-10,-0.9288381170008845
2014-07-11,-0.9288682700841308
2014-07-14,-0.9288889086555027
2014-07-15,-0.928903004994528
2014-07-16,-0.9289126192005592
2014-07-17,-0.928919170120285
2014-07-18,-0.9289236308730426
2014-07-21,-0.9289266670162792
2014-07-22,-0.9289287329018245
2014-07-23,-0.9289301383082224
2014-07-24,-0.9289310942635418
2014-07-25,-0.9289317444418724
2014-07-28,-0.928932186622465
2014-07-29,-0.9289324873325729
2014-07-30,-0.9289326918279853
2014-07-31,-0.9289328308906047
2014-08-01,-0.9230068351733044
2014-08-04,-0.9247170460813545
2014-08-05,-0.9259852602333832
2014-08-06,-0.9268920507704069
2014-08-07,-0.9275279681980478
2014-08-08,-0.9279689501092195
2014-08-11,-0.9282726641874169
2014-08-12,-0.9284809343089874
2014-08-13,-0.9286233541271836
2014-08-14,-0.9287205644377724
2014-08-15,-0.9287868351039805
2014-08-18,-0.9288319763436729
2014-08-19,-0.9288627079651424
2014-08-20,-0.9288836218791087
2014-08-21,-0.9288978509133733
2014-08-22,-0.9289075301511327
2014-08-25,-0.9289141136448867
2014-08-26,-0.9289185911638613
2014-08-27,-0.9289216362190436
2014-08-28,-0.9289237070139298
2014-08-29,-0.9289251152266108
2014-09-01,-0.928926072844191
2014-09-02,-0.9204433543901087
2014-09-03,-0.9229530431078805
2014-09-04,-0.9247781759599122
2014-09-05,-0.9260669114242722
2014-09-08,-0.9269632725941397
2014-09-09,-0.9275814702937254
2014-09-10,-0.9280056796779032
2014-09-11,-0.9282958621049971
2014-09-12,-0.9284939651060191
2014-09-15,-0.92862903022664
2014-09-16,-0.9287210370876761
2014-09-17,-0.9287836764127269
2014-09-18,-0.9288263055047882
2014-09-19,-0.928855309110902
2014-09-22,-0.9288750388563916
2014-09-23,-0.9288884584453316
2014-09-24,-0.9288975853150455
2014-09-25,-0.9289037922997182
2014-09-26,-0.9289080133771748
2014-09-29,-0.9289108838601942
2014-09-30,-0.928912835857327
2014-10-01,-0.9296764020291222
2014-10-02,-0.929428175154649
2014-10-03,-0.9292625578842654
2014-10-06,-0.9291514663614957
2014-10-07,-0.929076649957653
2014-10-08,-0.9290261165933574
2014-10-09,-0.928991913922634
2014-10-10,-0.9289687307298248
2014-10-13,-0.9289530008678509
2014-10-14,-0.9289423206778273
2014-10-15,-0.9289350656233503
2014-10-16,-0.9289301356508758
2014-10-17,-0.928926784874968
2014-10-20,-0.9289245070912502
2014-10-21,-0.9289229585431485
2014-10-22,-0.928921905690393
2014-10-23,-0.9289211898248038
2014-10-24,-0.9289207030707641
2014-10-27,-0.9289203720941405
2014-10-28,-0.9289201470375871
2014-10-29,-0.928919994002688
2014-10-30,-0.9289198899406449
2014-10-31,-0.9289198191792668
2014-11-03,-0.9283169592968432
2014-11-04,-0.9285010337274546
2014-11-05,-0.928630669075163
2014-11-06,-0.9287208480556887
2014-11-07,-0.9287830954029247
2014-11-10,-0.9288258479944376
2014-11-11,-0.9288551148607185
2014-11-12,-0.9288751061858337
2014-11-13,-0.928888741720377
2014-11-14,-0.9288980330041823
2014-11-17,-0.928904359904858
2014-11-18,-0.9289086662739996
2014-11-19,-0.9289115964877568
2014-11-20,-0.9289135899025079
2014-11-21,-0.9289149458258662
2014-11-24,-0.9289158680388991
2014-11-25,-0.928916495229098
2014-11-26,-0.928916921757709
2014-11-27,-0.9289172118152015
2014-11-28,-0.928917409062553
2014-12-01,-0.9289175431945129
2014-12-02,-0.9255766180052148
2014-12-03,-0.9265637080941247
2014-12-04,-0.9272796892741321
2014-12-05,-0.9277857717660065
2014-12-08,-0.9281383562795199
2014-12-09,-0.9283818887670309
2014-12-10,-0.9285491962258293
2014-12-11,-0.9286637414402836
2014-12-12,-0.9287419872030832
2014-12-15,-0.9287953572629759
2014-12-16,-0.9288317238584683
2014-12-17,-0.9288564876749072
2014-12-18,-0.9288733429935838
2014-12-19,-0.9288848119569172
2014-12-22,-0.9288926142421368
2014-12-23,-0.9288979213603038
2014-12-24,-0.9289015309220635
2014-12-25,-0.9289039857564855
2014-12-26,-0.9289056551968629
2014-12-29,-0.9289067904865609
2014-12-30,-0.9289075625157046
2014-12-31,-0.9289080875101646
2015-01-01,-0.8694539319388823
2015-01-02,-0.8892616633788583
2015-01-05,-0.9022599691213866
2015-01-06,-0.9108790675727103
2015-01-07,-0.9166389925023848
2015-01-08,-0.9205093556173227
2015-01-09,-0.9231198903943498
2015-01-12,-0.9248852470370829
2015-01-13,-0.9260811705099579
2015-01-14,-0.9268923138165263
2015-01-15,-0.9274429287918816
2015-01-16,-0.9278169023135874
2015-01-19,-0.9280709987623058
2015-01-20,-0.9282436892846779
2015-01-21,-0.9283610748505328
2015-01-22,-0.9284408766663383
2015-01-23,-0.9284951324612366
2015-01-26,-0.9285320220217109
2015-01-27,-0.9285571048870486
2015-01-28,-0.928574160286964
2015-01-29,-0.9285857575154204
2015-01-30,-0.9285936434223688
2015-02-02,-0.9285990057404592
2015-02-03,-0.9257181232942566
2015-02-04,-0.9263019434284849
2015-02-05,-0.9268912954497774
2015-02-06,-0.9273840553674344
2015-02-09,-0.9277627032095698
2015-02-10,-0.928040670561732
2015-02-11,-0.9282392716861904
2015-02-12,-0.9283787871727633
2015-02-13,-0.9284757343882769
2015-02-16,-0.9285426223182704
2015-02-17,-0.9285885529002461
2015-02-18,-0.9286199926371695
2015-02-19,-0.9286414674519182
2015-02-20,-0.9286561146503237
2015-02-23,-0.9286660952477921
2015-02-24,-0.9286728915350827
2015-02-25,-0.9286775173936006
2015-02-26,-0.9286806650031765
2015-02-27,-0.928682806313611
2015-03-02,-0.9286842628368931
2015-03-03,-0.9280203578483847
2015-03-04,-0.928222719793322
2015-03-05,-0.9283658764790709
2015-03-06,-0.9284657394980499
2015-03-09,-0.9285347944905114
2015-03-10,-0.9285822779688642
2015-03-11,-0.9286148084860826
2015-03-12,-0.9286370405469458
2015-03-13,-0.928652209664786
2015-03-16,-0.9286625483433083
2015-03-17,-0.9286695895761728
2015-03-18,-0.9286743826626628
2015-03-19,-0.928677644292927
2015-03-20,-0.9286798632781794
2015-03-23,-0.9286813726852232
2015-03-24,-0.9286823993113793
2015-03-25,-0.9286830975229149
2015-03-26,-0.9286835723554513
2015-03-27,-0.9286838952639536
2015-03-30,-0.9286841148519891
2015-03-31,-0.9286842641765306
2015-04-01,-0.9059496461325205
2015-04-02,-0.9077738119967375
2015-04-03,-0.9113542090701358
2015-04-06,-0.9152347364371323
2015-04-07,-0.9186995552129554
2015-04-08,-0.9215002361416631
2015-04-09,-0.9236336098962958
2015-04-10,-0.9251984218693096
2015-04-13,-0.9263180902169557
2015-04-14,-0.9271061149425601
2015-04-15,-0.9276546032630346
2015-04-16,-0.9280335157430326
2015-04-17,-0.9282939549400631
2015-04-20,-0.9284723485762865
2015-04-21,-0.9285942582263753
2015-04-22,-0.9286774361287992
2015-04-23,-0.9287341265676969
2015-04-24,-0.9287727360160756
2015-04-27,-0.9287990181826481
2015-04-28,-0.9288169028861402
2015-04-29,-0.9288290704152119
2015-04-30,-0.9288373470748192
2015-05-01,-0.9219513981168098
2015-05-04,-0.922827747875046
2015-05-05,-0.9240803553419491
2015-05-06,-0.9252783051001334
2015-05-07,-0.9262685307526998
2015-05-08,-0.927028528783348
2015-05-11,-0.9275872336799051
2015-05-12,-0.9279871400922296
2015-05-13,-0.9282685170255564
2015-05-14,-0.928464282580828
2015-05-15,-0.928599471642479
2015-05-18,-0.928692363138088
2015-05-19,-0.928755976649825
2015-05-20,-0.9287994412997638
2015-05-21,-0.9288290933849873
2015-05-22,-0.9288493013064755
2015-05-25,-0.9288630632860467
2015-05-26,-0.9288724309567683
2015-05-27,-0.9288788053763484
2015-05-28,-0.9288831420166285
2015-05-29,-0.9288860918719345
2015-06-01,-0.9288880982073717
2015-06-02,-0.9279524022627627
2015-06-03,-0.9281318539740837
2015-06-04,-0.9283194501499086
2015-06-05,-0.9284777625268466
2015-06-08,-0.9285997732138953
2015-06-09,-0.9286894254138729
2015-06-10,-0.9287534946699331
2015-06-11,-0.9287985025272653
2015-06-12,-0.928829775550651
2015-06-15,-0.928851350402412
2015-06-16,-0.9288661644156501
2015-06-17,-0.9288763041629395
2015-06-18,-0.928883229822163
2015-06-19,-0.9288879534368403
2015-06-22,-0.9288911720454446
2015-06-23,-0.9288933637278253
2015-06-24,-0.9288948554717446
2015-06-25,-0.928895870504537
2015-06-26,-0.9288965610256958
2015-06-29,-0.9288970307180817
2015-06-30,-0.9288973501725802
2015-07-01,-0.9232700242695783
2015-07-02,-0.9237132580497214
2015-07-03,-0.9246656445750914
2015-07-06,-0.9256665940190758
2015-07-07,-0.9265301364304833
2015-07-08,-0.9272088449756773
2015-07-09,-0.9277150475810569
2015-07-10,-0.9280807165319838
2015-07-13,-0.9283395493372708
2015-07-14,-0.9285203455772295
2015-07-15,-0.9286455286680769
2015-07-16,-0.9287316982190639
2015-07-17,-0.9287907794306736
2015-07-20,-0.9288311801828738
2015-07-21,-0.9288587572375784
2015-07-22,-0.9288775580528641
2015-07-23,-0.9288903650171944
2015-07-24,-0.9288990841200391
2015-07-27,-0.9289050179038566
2015-07-28,-0.928909055092666
2015-07-29,-0.9289118014047455
2015-07-30,-0.9289136693696035
2015-07-31,-0.9289149398037448
2015-08-03,-0.9241631108021953
2015-08-04,-0.925676990365767
2015-08-05,-0.9267099438757971
2015-08-06,-0.9274126882926451
2015-08-07,-0.9278903550101094
2015-08-10,-0.9282149741627234
2015-08-11,-0.9284355951868796
2015-08-12,-0.9285855528572429
2015-08-13,-0.9286874913740271
2015-08-14,-0.9287567935610304
2015-08-17,-0.9288039113625044
2015-08-18,-0.9288359478174132
2015-08-19,-0.9288577308838912
2015-08-20,-0.9288725425580849
2015-08-21,-0.9288826141147243
2015-08-24,-0.928889462592993
2015-08-25,-0.9288941194726477
2015-08-26,-0.9288972861098271
2015-08-27,-0.9288994394032204
2015-08-28,-0.9289009036329035
2015-08-31,-0.9289018993041208
2015-09-01,-0.9272487529136676
2015-09-02,-0.9276858252852649
2015-09-03,-0.928033468607341
2015-09-04,-0.9282927834571219
2015-09-07,-0.9284795925051382
2015-09-08,-0.9286114288610191
2015-09-09,-0.9287032883925911
2015-09-10,-0.9287667715399193
2015-09-11,-0.9288104099740848
2015-09-14,-0.9288403010256385
2015-09-15,-0.9288607271244089
2015-09-16,-0.9288746631561509
2015-09-17,-0.9288841610448587
2015-09-18,-0.9288906294924293
2015-09-21,-0.9288950326038485
2015-09-22,-0.9288980288298172
2015-09-23,-0.928900067238262
2015-09-24,-0.9289014538061239
2015-09-25,-0.9289023968799945
2015-09-28,-0.9289030382660032
2015-09-29,-0.9289034744525906
2015-09-30,-0.928903771079736
2015-10-01,-0.9253413831903111
2015-10-02,-0.9261590902293185
2015-10-05,-0.9268884222382576
2015-10-06,-0.9274648506698554
2015-10-07,-0.9278941815155964
2015-10-08,-0.928203454059792
2015-10-09,-0.9284217896758513
2015-10-12,-0.9285739770607064
2015-10-13,-0.9286791861451565
2015-10-14,-0.9287515250212148
2015-10-15,-0.9288010840311405
2015-10-16,-0.9288349546362088
2015-10-19,-0.9288580654872127
2015-10-20,-0.9288738173209686
2015-10-21,-0.928884545422184
2015-10-22,-0.9288918483219428
2015-10-23,-0.9288968178943907
2015-10-26,-0.9289001988672042
2015-10-27,-0.9289024986969856
2015-10-28,-0.9289040629358267
2015-10-29,-0.9289051267817517
2015-10-30,-0.9289058502722831
2015-11-02,-0.9289063422804559
2015-11-03,-0.924878226096993
2015-11-04,-0.9262484475878368
2015-11-05,-0.927131477012845
2015-11-06,-0.927710889461548
2015-11-09,-0.9280955883752633
2015-11-10,-0.9283530111762687
2015-11-11,-0.928526168344485
2015-11-12,-0.9286430530828581
2015-11-13,-0.9287221397356398
2015-11-16,-0.9287757371591423
2015-11-17,-0.9288120998269224
2015-11-18,-0.9288367878960585
2015-11-19,-0.9288535579882095
2015-11-20,-0.9288649534288254
2015-11-23,-0.9288726985267861
2015-11-24,-0.9288779634343827
2015-11-25,-0.9288815427570104
2015-11-26,-0.9288839763188329
2015-11-27,-0.9288856309656203
2015-11-30,-0.9288867560439339
2015-12-01,-0.9198109219799977
2015-12-02,-0.922919693318887
2015-12-03,-0.9249069477399723
2015-12-04,-0.9262034731090196
2015-12-07,-0.9270609022915117
2015-12-08,-0.9276331045446372
2015-12-09,-0.92801729063124
2015-12-10,-0.9282762986123296
2015-12-11,-0.9284513989822603
2015-12-14,-0.9285699963544755
2015-12-15,-0.928650425786124
2015-12-16,-0.9287050178460602
2015-12-17,-0.9287420943096112
2015-12-18,-0.9287672849907919
2015-12-21,-0.9287844048007166
2015-12-22,-0.9287960417133964
2015-12-23,-0.9288039527039671
2015-12-24,-0.9288093311998892
2015-12-25,-0.928812988123589
2015-12-28,-0.928815474620971
2015-12-29,-0.928817165341041
2015-12-30,-0.92881831498482
2015-12-31,-0.9288190967210501
2016-01-01,-0.9208655261887774
2016-01-04,-0.9236720573678165
2016-01-05,-0.9253973820820593
2016-01-06,-0.9264960248887725
2016-01-07,-0.9272113646040752
2016-01-08,-0.9276839059986695
2016-01-11,-0.9279990435330144
2016-01-12,-0.9282105443938936
2016-01-13,-0.9283530949785646
2016-01-14,-0.9284494486849129
2016-01-15,-0.9285147027141782
2016-01-18,-0.9285589528484082
2016-01-19,-0.9285889864337495
2016-01-20,-0.92860938319735
2016-01-21,-0.9286232409535398
2016-01-22,-0.9286326586612161
2016-01-25,-0.9286390601276995
2016-01-26,-0.9286434119331175
2016-01-27,-0.9286463706086573
2016-01-28,-0.9286483822519213
2016-01-29,-0.9286497500503587
2016-02-01,-0.9286506800978912
2016-02-02,-0.8039946227849596
2016-02-03,-0.8171334071691874
2016-02-04,-0.8360387234665672
2016-02-05,-0.8557562525425649
2016-02-08,-0.8735433887835249
2016-02-09,-0.8882374257115996
2016-02-10,-0.8996778340626101
2016-02-11,-0.9082248515500105
2016-02-12,-0.9144280632624966
2016-02-15,-0.9188400187031831
2016-02-16,-0.9219341433465637
2016-02-17,-0.9240830752264874
2016-02-18,-0.9255656019330624
2016-02-19,-0.9265837019798018
2016-02-22,-0.9272806749729268
2016-02-23,-0.9277567892905475
2016-02-24,-0.9280815565498493
2016-02-25,-0.9283028665810757
2016-02-26,-0.9284535743782228
2016-02-29,-0.9285561561240944
2016-03-01,-0.8977617750290404
2016-03-02,-0.9086099813930166
2016-03-03,-0.915133011204854
2016-03-04,-0.9192305679584896
2016-03-07,-0.9218755027614548
2016-03-08,-0.9236128599211371
2016-03-09,-0.9247671846549965
2016-03-10,-0.9255399690824343
2016-03-11,-0.9260599520587196
2016-03-14,-0.9264110263935394
2016-03-15,-0.9266486048797535
2016-03-16,-0.9268096287534389
2016-03-17,-0.9269188811275907
2016-03-18,-0.9269930602708409
2016-03-21,-0.9270434501609275
2016-03-22,-0.927077691292106
2016-03-23,-0.9271009641665263
2016-03-24,-0.9271167845873328
2016-03-25,-0.9271275400960425
2016-03-28,-0.9271348527398507
2016-03-29,-0.9271398248260155
2016-03-30,-0.9271432056066311
2016-03-31,-0.9271455044264463
2016-04-01,-0.7573662812226741
2016-04-04,-0.7838037013424314
2016-04-05,-0.8073694168398352
2016-04-06,-0.82710479202794
2016-04-07,-0.842786950161315
2016-04-08,-0.8547354435362785
2016-04-11,-0.8635501231840573
2016-04-12,-0.8698989073386837
2016-04-13,-0.8743929298754699
2016-04-14,-0.8775350311557469
2016-04-15,-0.879712970556669
2016-04-18,-0.8812135523475625
2016-04-19,-0.8822431586187257
2016-04-20,-0.8829475995978777
2016-04-21,-0.8834286275472293
2016-04-22,-0.8837566600087775
2016-04-25,-0.8839801552177678
2016-04-26,-0.8841323326820789
2016-04-27,-0.8842359062870258
2016-04-28,-0.8843063793291007
2016-04-29,-0.88435432087206
2016-05-02,-0.8843869303023058
2016-05-03,0.22633730882360037
2016-05-04,0.3523500535965967
2016-05-05,0.46225120582972257
2016-05-06,0.555211921443055
2016-05-09,0.6310260669729337
2016-05-10,0.6906054198737854
2016-05-11,0.7358684260818267
2016-05-12,0.769288011071383
2016-05-13,0.7934103601963292
2016-05-16,0.8105248944542643
2016-05-17,0.822514835227731
2016-05-18,0.8308386921817561
2016-05-19,0.8365804785726957
2016-05-20,0.8405234693631913
2016-05-23,0.8432228183529356
2016-05-24,0.8450668407178381
2016-05-25,0.8463247180861801
2016-05-26,0.8471819062123176
2016-05-27,0.8477656436372557
2016-05-30,0.8481629786268307
2016-05-31,0.8484333485621388
2016-06-01,0.6631617778901244
2016-06-02,0.6927506526834756
2016-06-03,0.7245743252685514
2016-06-06,0.7540437028606862
2016-06-07,0.7789924261717897
2016-06-08,0.7988367923188806
2016-06-09,0.8139225883089014
2016-06-10,0.8250194798485037
2016-06-13,0.8329910791886259
2016-06-14,0.8386220195315744
2016-06-15,0.8425528500142067
2016-06-16,0.845274402775484
2016-06-17,0.8471480222120024
2016-06-20,0.8484328618188361
2016-06-21,0.8493115877294645
2016-06-22,0.8499114656387917
2016-06-23,0.8503204716340137
2016-06-24,0.850599100795151
2016-06-27,0.8507888026131663
2016-06-28,0.8509179081541116
2016-06-29,0.8510057500161686
2016-06-30,0.8510655056367563
2016-07-01,0.8517205354081283
2016-07-04,0.8513764164608978
2016-07-05,0.8512514143697559
2016-07-06,0.851219419997698
2016-07-07,0.851223045715428
2016-07-08,0.8512375336749699
2016-07-11,0.851253037222782
2016-07-12,0.8512662226780545
2016-07-13,0.8512764203875454
2016-07-14,0.8512839273207542
2016-07-15,0.8512892977024705
2016-07-18,0.8512930727046877
2016-07-19,0.8512956967407147
2016-07-20,0.8512975074869414
2016-07-21,0.8512987510113564
2016-07-22,0.8512996022596656
2016-07-25,0.8513001837225397
2016-07-26,0.8513005803261386
2016-07-27,0.8513008505755316
2016-07-28,0.851301034603525
2016-07-29,0.8513011598620033
2016-08-01,0.8513012450929655
2016-08-02,0.7940803668862743
2016-08-03,0.8107644656603321
2016-08-04,0.8228091561909572
2016-08-05,0.8313031774286397
2016-08-08,0.8372147772960552
2016-08-09,0.8412961794842067
2016-08-10,0.8440996461350161
2016-08-11,0.8460189089221173
2016-08-12,0.8473299473660543
2016-08-15,0.8482241915640202
2016-08-16,0.8488335409811633
2016-08-17,0.8492484818345406
2016-08-18,0.8495309109568757
2016-08-19,0.8497230871499081
2016-08-22,0.8498538244009833
2016-08-23,0.8499427522470989
2016-08-24,0.8500032354153105
2016-08-25,0.850044369608033
2016-08-26,0.8500723434541786
2016-08-29,0.8500913668613995
2016-08-30,0.8501043033239153
2016-08-31,0.85011310036698
2016-09-01,0.7459867348101313
2016-09-02,0.7559960508199757
2016-09-05,0.7660276230870622
2016-09-06,0.7747707837159726
2016-09-07,0.7817893755446508
2016-09-08,0.7871312904673464
2016-09-09,0.791054105381352
2016-09-12,0.7938654354086853
2016-09-13,0.7958469089743198
2016-09-14,0.797227660220877
2016-09-15,0.7981823473961801
2016-09-16,0.7988389443979075
2016-09-19,0.7992888932671608
2016-09-20,0.7995964713475842
2016-09-21,0.7998063738547367
2016-09-22,0.7999494552034949
2016-09-23,0.8000469116010442
2016-09-26,0.8001132565237841
2016-09-27,0.8001584055712018
2016-09-28,0.8001891228747815
2016-09-29,0.800210018011895
2016-09-30,0.8002242301084536
2016-10-03,0.316468546236564
2016-10-04,0.3517780988666268
2016-10-05,0.39674765417866265
2016-10-06,0.44899310081310895
2016-10-07,0.5057798755325749
2016-10-10,0.5638543804343948
2016-10-11,0.6197561524035943
2016-10-12,0.6704260958822356
2016-10-13,0.7137932899533459
2016-10-14,0.7490367692796537
2016-10-17,0.7764409595429567
2016-10-18,0.7970015660307044
2016-10-19,0.8120067344671904
2016-10-20,0.8227334832197073
2016-10-21,0.8302872764913504
2016-10-24,0.8355499429627997
2016-10-25,0.8391888753179573
2016-10-26,0.8416919009241145
2016-10-27,0.843407373674091
2016-10-28,0.8445801664317131
2016-10-31,0.8453805868435104
2016-11-01,-0.03284533396011662
2016-11-02,-0.2627573892796002
2016-11-03,-0.4438000316150225
2016-11-04,-0.5815675165382892
2016-11-07,-0.68344139900148
2016-11-08,-0.7570726710427755
2016-11-09,-0.8093709834726142
2016-11-10,-0.8460412708233856
2016-11-11,-0.8715155776145733
2016-11-14,-0.8890959709667067
2016-11-15,-0.901172783618879
2016-11-16,-0.909442437169503
2016-11-17,-0.9150926538916129
2016-11-18,-0.9189473128547735
2016-11-21,-0.9215742959014257
2016-11-22,-0.9233633421651447
2016-11-23,-0.924581143635274
2016-11-24,-0.9254098272558566
2016-11-25,-0.9259735997377312
2016-11-28,-0.9263570887061122
2016-11-29,-0.926617918314153
2016-11-30,-0.9267953087893673
2016-12-01,-0.8755500806239935
2016-12-02,-0.8788973311303293
2016-12-05,-0.8861849730356982
2016-12-06,-0.8946776419966328
2016-12-07,-0.9027061953626611
2016-12-08,-0.9094874732446553
2016-12-09,-0.9148254137632125
2016-12-12,-0.9188354640721936
2016-12-13,-0.9217541491631402
2016-12-14,-0.9238331329958764
2016-12-15,-0.9252923120980522
2016-12-16,-0.9263061979964281
2016-12-19,-0.9270058495897261
2016-12-20,-0.9274863979239975
2016-12-21,-0.9278154040214142
2016-12-22,-0.9280401672854738
2016-12-23,-0.9281934888076493
2016-12-26,-0.9282979711645202
2016-12-27,-0.928369122793121
2016-12-28,-0.928417553861902
2016-12-29,-0.9284505091725486
2016-12-30,-0.9284729290385613
2017-01-02,-0.9284881792848204
2017-01-03,-0.9086128887439029
2017-01-04,-0.9125521486084641
2017-01-05,-0.9164691836572267
2017-01-06,-0.919762198308138
2017-01-09,-0.9223136122140426
2017-01-10,-0.9242003735515713
2017-01-11,-0.92555610318008
2017-01-12,-0.9265124742501266
2017-01-13,-0.9271790231552736
2017-01-16,-0.9276398637086098
2017-01-17,-0.9279567719819537
2017-01-18,-0.928173913941988
2017-01-19,-0.9283223336227335
2017-01-20,-0.928423612749659
2017-01-23,-0.9284926463841604
2017-01-24,-0.9285396650800004
2017-01-25,-0.9285716728691611
2017-01-26,-0.9285934543846093
2017-01-27,-0.9286082733112143
2017-01-30,-0.9286183536441086
2017-01-31,-0.928625209869046
2017-02-01,-0.9177237240998968
2017-02-02,-0.9191009802485228
2017-02-03,-0.921051279174296
2017-02-06,-0.9229303622577798
2017-02-07,-0.9244957449984926
2017-02-08,-0.9257046918873151
2017-02-09,-0.9265975609935926
2017-02-10,-0.9272387779883128
2017-02-13,-0.9276909969046627
2017-02-14,-0.9280061350934501
2017-02-15,-0.928224002571845
2017-02-16,-0.9283738193981829
2017-02-17,-0.9284764702306295
2017-02-20,-0.9285466327763011
2017-02-21,-0.9285945102054405
2017-02-22,-0.9286271441633142
2017-02-23,-0.9286493710376064
2017-02-24,-0.9286645018662236
2017-02-27,-0.928674798484485
2017-02-28,-0.9286818037229431
2017-03-01,-0.9186158450182345
2017-03-02,-0.9221239659020809
2017-03-03,-0.9242385122757073
2017-03-06,-0.925568704727939
2017-03-07,-0.9264280959584056
2017-03-08,-0.9269929195495892
2017-03-09,-0.9273683363946588
2017-03-10,-0.9276197283978315
2017-03-13,-0.9277889103155091
2017-03-14,-0.9279031487110057
2017-03-15,-0.9279804617303772
2017-03-16,-0.9280328649271213
2017-03-17,-0.9280684209592922
2017-03-20,-0.9280925630192517
2017-03-21,-0.9281089629789683
2017-03-22,-0.9281201072619767
2017-03-23,-0.9281276818186702
2017-03-24,-0.9281328308718457
2017-03-27,-0.9281363314660104
2017-03-28,-0.9281387115167855
2017-03-29,-0.9281403297873123
2017-03-30,-0.928141430134981
2017-03-31,-0.9281421783358053
2017-04-03,-0.8894991134003877
2017-04-04,-0.9015643956476982
2017-04-05,-0.9094477454361665
2017-04-06,-0.9146676810881433
2017-04-07,-0.918154432005826
2017-04-10,-0.9204970662217066
2017-04-11,-0.922077154396325
2017-04-12,-0.9231457121622206
2017-04-13,-0.9238696220305295
2017-04-14,-0.9243606339567217
2017-04-17,-0.9246939473683363
2017-04-18,-0.9249203352647455
2017-04-19,-0.9250741565221181
2017-04-20,-0.9251786983436366
2017-04-21,-0.925249760583847
2017-04-24,-0.9252980707785614
2017-04-25,-0.9253309160906651
2017-04-26,-0.9253532482952053
2017-04-27,-0.9253684329822539
2017-04-28,-0.9253787580046875
2017-05-01,-0.9253857787558427
2017-05-02,-0.5869532148334863
2017-05-03,-0.18730604462966507
2017-05-04,0.10769697079328308
2017-05-05,0.3205619071888767
2017-05-08,0.47154620226124094
2017-05-09,0.5773003158450826
2017-05-10,0.6507085210159979
2017-05-11,0.7013406206768084
2017-05-12,0.7361083917511004
2017-05-15,0.7599091791454711
2017-05-16,0.7761678771535064
2017-05-17,0.7872583301062905
2017-05-18,0.7948158848228174
2017-05-19,0.7999624649633886
2017-05-22,0.8034655875148783
2017-05-23,0.8058493067194468
2017-05-24,0.8074709738080174
2017-05-25,0.8085740484730367
2017-05-26,0.8093242967042114
2017-05-29,0.8098345381186627
2017-05-30,0.8101815357193581
2017-05-31,0.8104175094523979
2017-06-01,0.5867585576382115
2017-06-02,0.6029085316089472
2017-06-05,0.6305279143185397
2017-06-06,0.6642372281929365
2017-06-07,0.6994445945882839
2017-06-08,0.7325890919023499
2017-06-09,0.7614110394135309
2017-06-12,0.784948902235864
2017-06-13,0.8032480068396963
2017-06-14,0.8169483354724576
2017-06-15,0.8269216670609519
2017-06-16,0.8340350494701562
2017-06-19,0.8390351029509204
2017-06-20,0.8425137565546791
2017-06-21,0.8449166740627813
2017-06-22,0.846568318474946
2017-06-23,0.8476997158329318
2017-06-26,0.8484729302418523
2017-06-27,0.8490005141503306
2017-06-28,0.8493601061529272
2017-06-29,0.8496050158429861
2017-06-30,0.849771733733535
2017-07-03,0.711348061647053
2017-07-04,0.7428036745610697
2017-07-05,0.7698604024547849
2017-07-06,0.7914855151591684
2017-07-07,0.8079453248758017
2017-07-10,0.8200535287267045
2017-07-11,0.8287490817555929
2017-07-12,0.8348893248018001
2017-07-13,0.8391744343544961
2017-07-14,0.8421406031874451
2017-07-17,0.8441822847247143
2017-07-18,0.845582206358158
2017-07-19,0.846539558817047
2017-07-20,0.8471930745113024
2017-07-21,0.8476386336921304
2017-07-24,0.8479421557970415
2017-07-25,0.8481488018253782
2017-07-26,0.8482894372922913
2017-07-27,0.8483851231374768
2017-07-28,0.8484502143447508
2017-07-31,0.8484944878346744
2017-08-01,0.819929048159187
2017-08-02,0.820992344342458
2017-08-03,0.8252115119042365
2017-08-04,0.8304113914730252
2017-08-07,0.8353628922212564
2017-08-08,0.8395288096162521
2017-08-09,0.8427878756760424
2017-08-10,0.8452221443089469
2017-08-11,0.846985706373858
2017-08-14,0.8482375115227874
2017-08-15,0.8491138921998458
2017-08-16,0.8497217358281104
2017-08-17,0.8501406625988116
2017-08-18,0.8504281472691391
2017-08-21,0.8506248547101956
2017-08-22,0.8507591817134195
2017-08-23,0.850850786632934
2017-08-24,0.8509131996434764
2017-08-25,0.850955696820519
2017-08-28,0.8509846209638648
2017-08-29,0.8510043014334032
2017-08-30,0.8510176897226834
2017-08-31,0.8510267963319772
2017-09-01,0.7887637117420664
2017-09-04,0.8064365074700235
2017-09-05,0.8192765053937882
2017-09-06,0.8283830728095465
2017-09-07,0.8347487604456751
2017-09-08,0.8391576517106657
2017-09-11,0.8421928801634003
2017-09-12,0.8442740654855948
2017-09-13,0.8456972519901159
2017-09-14,0.846668713403208
2017-09-15,0.8473310168713628
2017-09-18,0.8477821741324235
2017-09-19,0.8480893268222529
2017-09-20,0.8482983597405238
2017-09-21,0.8484405802685908
2017-09-22,0.8485373263256799
2017-09-25,0.8486031303100209
2017-09-26,0.8486478847070742
2017-09-27,0.8486783212391326
2017-09-28,0.8486990197100635
2017-09-29,0.8487130954176595
2017-10-02,0.8487226672403558
2017-10-03,0.8249858992211774
2017-10-04,0.831156668935448
2017-10-05,0.8352572841291187
2017-10-06,0.8380028399806811
2017-10-09,0.8398503932864596
2017-10-10,0.8410978686619257
2017-10-11,0.8419420919516558
2017-10-12,0.8425142979378631
2017-10-13,0.8429025387344334
2017-10-16,0.8431661461817755
2017-10-17,0.8433452162828781
2017-10-18,0.8434668994107605
2017-10-19,0.8435496048464539
2017-10-20,0.84360582645427
2017-10-23,0.8436440487708105
2017-10-24,0.8436700360627399
2017-10-25,0.8436877056184727
2017-10-26,0.8436997200777886
2017-10-27,0.8437078895189379
2017-10-30,0.8437134445556942
2017-10-31,0.8437172218943689
2017-11-01,0.33322879359914453
2017-11-02,-0.07767296883171051
2017-11-03,-0.3524049121395897
2017-11-06,-0.5371111486805715
2017-11-07,-0.6617512012988737
2017-11-08,-0.7460674030596963
2017-11-09,-0.8032009346342672
2017-11-10,-0.8419590348841087
2017-11-13,-0.8682718175280716
2017-11-14,-0.8861447930588473
2017-11-15,-0.8982893090917043
2017-11-16,-0.9065433699192659
2017-11-17,-0.9121541836292038
2017-11-20,-0.9159686352020803
2017-11-21,-0.9185620443492105
2017-11-22,-0.9203253686209273
2017-11-23,-0.9215243389506852
2017-11-24,-0.9223395967373131
2017-11-27,-0.9228939523607106
2017-11-28,-0.9232709049293343
2017-11-29,-0.9235272282879448
2017-11-30,-0.9237015260689928
2017-12-01,-0.7160818432952946
2017-12-04,-0.6984244331678717
2017-12-05,-0.6986860021228531
2017-12-06,-0.7130604175919528
2017-12-07,-0.73731674105115
2017-12-08,-0.7670220247752292
2017-12-11,-0.7980489701968705
2017-12-12,-0.8271511775301177
2017-12-13,-0.852314978765611
2017-12-14,-0.8727397189092113
2017-12-15,-0.8885294304033046
2017-12-18,-0.9002957180856045
2017-12-19,-0.9088298362356063
2017-12-20,-0.9149000701557869
2017-12-21,-0.9191584147579751
2017-12-22,-0.9221168604136459
2017-12-25,-0.9241584149182935
2017-12-26,-0.9255607115854757
2017-12-27,-0.9265208468850266
2017-12-28,-0.9271768044136097
2017-12-29,-0.9276242811584309
2018-01-01,-0.9279292270572504
2018-01-02,-0.9073727819258072
2018-01-03,-0.9091477835044557
2018-01-04,-0.9125277158896858
2018-01-05,-0.916149968175456
2018-01-08,-0.9193613791042441
2018-01-09,-0.9219446458178682
2018-01-10,-0.9239057495762021
2018-01-11,-0.9253408092983477
2018-01-12,-0.92636595570283
2018-01-15,-0.9270866408251219
2018-01-16,-0.9275878694533191
2018-01-17,-0.9279339493640126
2018-01-18,-0.9281717351784752
2018-01-19,-0.9283345714733064
2018-01-22,-0.9284458308180517
2018-01-23,-0.9285217333659999
2018-01-24,-0.9285734611836515
2018-01-25,-0.9286086889217968
2018-01-26,-0.9286326682250129
2018-01-29,-0.9286489854542573
2018-01-30,-0.9286600863945886
2018-01-31,-0.9286676374474182
2018-02-01,-0.9152732670570067
2018-02-02,-0.9184983063820175
2018-02-05,-0.9212680619000252
2018-02-06,-0.9234186981973044
2018-02-07,-0.9250052235460159
2018-02-08,-0.9261416901429816
2018-02-09,-0.926941230483197
2018-02-12,-0.927497317401231
2018-02-13,-0.9278812012599095
2018-02-14,-0.9281449022966498
2018-02-15,-0.9283254501293697
2018-02-16,-0.9284487922658251
2018-02-19,-0.9285329283944231
2018-02-20,-0.9285902628079099
2018-02-21,-0.9286293065464638
2018-02-22,-0.9286558823316878
2018-02-23,-0.9286739659014706
2018-02-26,-0.9286862682894529
2018-02-27,-0.9286946364810401
2018-02-28,-0.9287003280362751
2018-03-01,-0.9254935893509679
2018-03-02,-0.92650727404476
2018-03-05,-0.92719341041933
2018-03-06,-0.9276582014106382
2018-03-07,-0.9279733466494078
2018-03-08,-0.9281871975610626
2018-03-09,-0.9283324013593347
2018-03-12,-0.9284310382412729
2018-03-13,-0.9284980635530884
2018-03-14,-0.9285436184375893
2018-03-15,-0.9285745853532112
2018-03-16,-0.928595638013904
2018-03-19,-0.9286099515715293
2018-03-20,-0.928619683743341
2018-03-21,-0.9286263011324102
2018-03-22,-0.9286308007293244
2018-03-23,-0.9286338603485993
2018-03-26,-0.9286359408395006
2018-03-27,-0.9286373555494929
2018-03-28,-0.9286383175408638
2018-03-29,-0.9286389716894358
2018-03-30,-0.9286394165077051
2018-04-02,-0.9286397189827239
2018-04-03,-0.9299147667207595
2018-04-04,-0.9291809140601585
2018-04-05,-0.9288479566750055
2018-04-06,-0.9287122704651471
2018-04-09,-0.9286670403326964
2018-04-10,-0.9286598074168865
2018-04-11,-0.9286663656837109
2018-04-12,-0.9286763301260605
2018-04-13,-0.9286857157871932
2018-04-16,-0.9286933255532617
2018-04-17,-0.9286990744171555
2018-04-18,-0.9287032512680121
2018-04-19,-0.9287062159408797
2018-04-20,-0.9287082896572688
2018-04-23,-0.9287097265486448
2018-04-24,-0.9287107160310548
2018-04-25,-0.9287113946174235
2018-04-26,-0.928711858711429
2018-04-27,-0.9287121755236674
2018-04-30,-0.9287123915240737
2018-05-01,-0.9320146627346055
2018-05-02,-0.9310303531685997
2018-05-03,-0.9303333704447241
2018-05-04,-0.9298459706238865
2018-05-07,-0.929508097534525
2018-05-08,-0.9292752931709458
2018-05-09,-0.9291155522871449
2018-05-10,-0.9290062580114086
2018-05-11,-0.9289316255277591
2018-05-14,-0.9288807302631114
2018-05-15,-0.928846054130007
2018-05-16,-0.9288224431501344
2018-05-17,-0.9288063732357057
2018-05-18,-0.9287954390102544
2018-05-21,-0.9287880006472373
2018-05-22,-0.9287829411331101
2018-05-23,-0.9287795000047574
2018-05-24,-0.9287771597337926
2018-05-25,-0.9287755682097641
2018-05-28,-0.9287744859092453
2018-05-29,-0.9287737499155252
2018-05-30,-0.9287732494264277
2018-05-31,-0.928772909087804
2018-06-01,-0.9292068107885927
2018-06-04,-0.9287886222297715
2018-06-05,-0.9286498990401146
2018-06-06,-0.9286312557408771
2018-06-07,-0.928656505536745
2018-06-08,-0.9286922072454722
2018-06-11,-0.9287253831521052
2018-06-12,-0.9287521650208702
2018-06-13,-0.9287723636999673
2018-06-14,-0.9287870286686564
2018-06-15,-0.9287974343377231
2018-06-18,-0.9288047117522921
2018-06-19,-0.9288097539461583
2018-06-20,-0.9288132260062758
2018-06-21,-0.9288156070947154
2018-06-22,-0.928817235533688
2018-06-25,-0.9288183471749685
2018-06-26,-0.9288191050814122
2018-06-27,-0.9288196213782658
2018-06-28,-0.9288199728857105
2018-06-29,-0.9288202121074951
2018-07-02,-0.9288203748692146
2018-07-03,-0.9318693811785101
2018-07-04,-0.9307361144091844
2018-07-05,-0.9300427204459412
2018-07-06,-0.9296166795903978
2018-07-09,-0.9293516675587419
2018-07-10,-0.9291841868577134
2018-07-11,-0.9290766336037449
2018-07-12,-0.9290065757007574
2018-07-13,-0.9289604087533253
2018-07-16,-0.928929711932513
2018-07-17,-0.9289091653346764
2018-07-18,-0.9288953465866082
2018-07-19,-0.9288860210733809
2018-07-20,-0.9288797128284977
2018-07-23,-0.9288754385823101
2018-07-24,-0.928872539214878
2018-07-25,-0.9288705709432121
2018-07-26,-0.9288692340457244
2018-07-27,-0.9288683256625175
2018-07-30,-0.9288677082893113
2018-07-31,-0.9288672886271367
2018-08-01,-0.927714651776592
2018-08-02,-0.9274475413581609
2018-08-03,-0.9275762593672282
2018-08-06,-0.9278301175493312
2018-08-07,-0.928087948345069
2018-08-08,-0.928305560978027
2018-08-09,-0.9284740659110932
2018-08-10,-0.9285984632849029
2018-08-13,-0.9286876960858388
2018-08-14,-0.928750554755176
2018-08-15,-0.9287943175824359
2018-08-16,-0.9288245508624232
2018-08-17,-0.928845330001121
2018-08-20,-0.9288595621141642
2018-08-21,-0.9288692873576033
2018-08-22,-0.928875922475065
2018-08-23,-0.9288804445142688
2018-08-24,-0.9288835242006518
2018-08-27,-0.9288856205607103
2018-08-28,-0.9288870470902183
2018-08-29,-0.9288880175945347
2018-08-30,-0.9288886777518918
2018-08-31,-0.9288891267578636
2018-09-03,-0.9239165477704308
2018-09-04,-0.9246348342046307
2018-09-05,-0.9255639692730128
2018-09-06,-0.9264193117680856
2018-09-07,-0.9271112695251954
2018-09-10,-0.9276351874256128
2018-09-11,-0.9280169260783983
2018-09-12,-0.9282885453084643
2018-09-13,-0.9284788953597878
2018-09-14,-0.9286109720490214
2018-09-17,-0.9287020127467049
2018-09-18,-0.9287644911619735
2018-09-19,-0.9288072412260016
2018-09-20,-0.9288364339416273
2018-09-21,-0.9288563417877933
2018-09-24,-0.9288699054081052
2018-09-25,-0.9288791408284989
2018-09-26,-0.9288854265364525
2018-09-27,-0.9288897034165234
2018-09-28,-0.9288926128956182
2018-10-01,-0.9288945918958236
2018-10-02,-0.9284261962833312
2018-10-03,-0.9281244826342948
2018-10-04,-0.9281431490596332
2018-10-05,-0.9282731625531485
2018-10-08,-0.9284207338104161
2018-10-09,-0.9285501218281669
2018-10-10,-0.9286520950915164
2018-10-11,-0.9287280895167381
2018-10-12,-0.9287829013445472
2018-10-15,-0.928821642343268
2018-10-16,-0.9288486715281592
2018-10-17,-0.9288673701773724
2018-10-18,-0.9288802332772549
2018-10-19,-0.9288890488174062
2018-10-22,-0.9288950751782842
2018-10-23,-0.9288991878223575
2018-10-24,-0.9289019912310524
2018-10-25,-0.9289039006993184
2018-10-26,-0.9289052005945039
2018-10-29,-0.9289060851966476
2018-10-30,-0.9289066870372971
2018-10-31,-0.9289070964326782
2018-11-01,-0.9117748315753711
2018-11-02,-0.9157168694373089
2018-11-05,-0.9192112532629408
2018-11-06,-0.921971189361234
2018-11-07,-0.9240285096913309
2018-11-08,-0.9255121315810281
2018-11-09,-0.926560533744007
2018-11-12,-0.9272918640835047
2018-11-13,-0.9277977284758387
2018-11-14,-0.9281456883795233
2018-11-15,-0.9283841422776198
2018-11-16,-0.9285471436638102
2018-11-19,-0.9286583793237642
2018-11-20,-0.9287342022028596
2018-11-21,-0.9287858462327561
2018-11-22,-0.9288210032324709
2018-11-23,-0.9288449280477096
2018-11-26,-0.9288612052654195
2018-11-27,-0.9288722776271756
2018-11-28,-0.9288798086120732
2018-11-29,-0.9288849305022412
2018-11-30,-0.9288884137654634
2018-12-03,-0.9273278306628718
2018-12-04,-0.9273439790994646
2018-12-05,-0.9275990871907989
2018-12-06,-0.9278969174444053
2018-12-07,-0.9281609445269896
2018-12-10,-0.9283702732935698
2018-12-11,-0.9285268385660486
2018-12-12,-0.9286400243808779
2018-12-13,-0.9287201454797251
2018-12-14,-0.9287761015063265
2018-12-17,-0.928814837768961
2018-12-18,-0.9288414972036702
2018-12-19,-0.9288597734890556
2018-12-20,-0.9288722698827506
2018-12-21,-0.9288807991575501
2018-12-24,-0.9288866137474104
2018-12-25,-0.928890574460924
2018-12-26,-0.9288932708872468
2018-12-27,-0.9288951059092878
2018-12-28,-0.9288963543953613
2018-12-31,-0.9288972036758865
2019-01-01,-0.9251039341170516
2019-01-02,-0.9257823936580439
2019-01-03,-0.9265212179125335
2019-01-04,-0.9271585092709332
2019-01-07,-0.9276564905247187
2019-01-08,-0.9280257481288708
2019-01-09,-0.92829125145423
2019-01-10,-0.9284785350136541
2019-01-11,-0.9286090302641028
2019-01-14,-0.9286992281118525
2019-01-15,-0.9287612407781419
2019-01-16,-0.9288037237477693
2019-01-17,-0.9288327577679679
2019-01-18,-0.928852568299365
2019-01-21,-0.9288660706449082
2019-01-22,-0.9288752666634815
2019-01-23,-0.9288815266254219
2019-01-24,-0.9288857864824052
2019-01-25,-0.928888684609686
2019-01-28,-0.9288906559941814
2019-01-29,-0.9288919968393278
2019-01-30,-0.9288929087540738
2019-01-31,-0.9288935289205984
2019-02-01,-0.8973394364891352
2019-02-04,-0.905275399898106
2019-02-05,-0.9118296435048178
2019-02-06,-0.9168162196310746
2019-02-07,-0.9204518584832905
2019-02-08,-0.9230375546411896
2019-02-11,-0.924848450728601
2019-02-12,-0.9261042570208942
2019-02-13,-0.926969509598386
2019-02-14,-0.927563116271887
2019-02-15,-0.927969191942934
2019-02-18,-0.9282464446101616
2019-02-19,-0.9284354950718244
2019-02-20,-0.9285642892432282
2019-02-21,-0.9286519801809657
2019-02-22,-0.9287116612829391
2019-02-25,-0.9287522681224798
2019-02-26,-0.9287798917168808
2019-02-27,-0.9287986808136622
2019-02-28,-0.9288114597304604
2019-03-01,-0.9261149710452508
2019-03-04,-0.9266883254887281
2019-03-05,-0.9272337357821556
2019-03-06,-0.9276778299890803
2019-03-07,-0.9280141097854754
2019-03-08,-0.9282587842930894
2019-03-11,-0.9284326107513107
2019-03-12,-0.9285542718329781
2019-03-13,-0.9286386056950942
2019-03-14,-0.9286966960869509
2019-03-15,-0.9287365417591658
2019-03-18,-0.9287637961202284
2019-03-19,-0.928782402788759
2019-03-20,-0.9287950894135784
2019-03-21,-0.928803732082919
2019-03-22,-0.9288096163865712
2019-03-25,-0.9288136210820311
2019-03-26,-0.9288163458317501
2019-03-27,-0.9288181993806862
2019-03-28,-0.9288194601259674
2019-03-29,-0.9288203175859181
2019-04-01,-0.9288209007292599
2019-04-02,-0.9315833220861401
2019-04-03,-0.9307313733221696
2019-04-04,-0.9301404299506869
2019-04-05,-0.9297332533394799
2019-04-08,-0.92945392561101
2019-04-09,-0.9292628589331946
2019-04-10,-0.929132416900321
2019-04-11,-0.9290434784493826
2019-04-12,-0.9289828906780093
2019-04-15,-0.9289416404322067
2019-04-16,-0.9289135669336182
2019-04-17,-0.9288944661858273
2019-04-18,-0.9288814727070696
2019-04-19,-0.9288726348481882
2019-04-22,-0.9288666240466346
2019-04-23,-0.9288625362144333
2019-04-24,-0.9288597562644962
2019-04-25,-0.9288578657957554
2019-04-26,-0.9288565802300325
2019-04-29,-0.9288557060239893
2019-04-30,-0.9288551115542591
2019-05-01,-0.9095275037925316
2019-05-02,-0.9149089162582269
2019-05-03,-0.9190067502174893
2019-05-06,-0.9219780740366342
2019-05-07,-0.9240790877838021
2019-05-08,-0.9255435863731086
2019-05-09,-0.9265555826587908
2019-05-10,-0.9272510746777496
2019-05-13,-0.9277273616689102
2019-05-14,-0.9280527748412623
2019-05-15,-0.9282747631562924
2019-05-16,-0.9284260410660619
2019-05-17,-0.9285290603130332
2019-05-20,-0.9285991827413738
2019-05-21,-0.928646897999659
2019-05-22,-0.9286793591503409
2019-05-23,-0.9287014395518957
2019-05-24,-0.928716457370624
2019-05-27,-0.9287266709372395
2019-05-28,-0.9287336168299093
2019-05-29,-0.9287383403434812
2019-05-30,-0.9287415524730906
2019-05-31,-0.9287437367852078
2019-06-03,-0.930524503865011
2019-06-04,-0.9299776053508619
2019-06-05,-0.9295999460061757
2019-06-06,-0.9293404398677862
2019-06-07,-0.9291627190230705
2019-06-10,-0.9290412849754021
2019-06-11,-0.9289584390009946
2019-06-12,-0.9289019782637372
2019-06-13,-0.9288635268751567
2019-06-14,-0.9288373530562738
2019-06-17,-0.9288195424319624
2019-06-18,-0.9288074254635454
2019-06-19,-0.9287991832717419
2019-06-20,-0.9287935773565641
2019-06-21,-0.928789764769455
2019-06-24,-0.928787171950137
2019-06-25,-0.9287854087134774
2019-06-26,-0.9287842096577869
2019-06-27,-0.92878339427494
2019-06-28,-0.9287828398032892
2019-07-01,-0.9287824627574943
2019-07-02,-0.9093407792001589
2019-07-03,-0.9149187191080683
2019-07-04,-0.9190452638124714
2019-07-05,-0.9219880531692097
2019-07-08,-0.9240475737016083
2019-07-09,-0.925473680917093
2019-07-10,-0.9264548770114672
2019-07-11,-0.9271272577706344
2019-07-12,-0.9275868280632787
2019-07-15,-0.927900411321069
2019-07-16,-0.9281141415084427
2019-07-17,-0.9282597050699517
2019-07-18,-0.9283587928763447
2019-07-19,-0.9284262208050932
2019-07-22,-0.9284720940395081
2019-07-23,-0.9285032980998554
2019-07-24,-0.9285245215931229
2019-07-25,-0.9285389557495312
2019-07-26,-0.9285487719798778
2019-07-29,-0.9285554474778229
2019-07-30,-0.9285599870277783
2019-07-31,-0.928563074018159
2019-08-01,-0.9039620992526479
2019-08-02,-0.9058173463833007
2019-08-05,-0.9096257771921523
2019-08-06,-0.9138188558664005
2019-08-07,-0.9175993721657618
2019-08-08,-0.9206756409721031
2019-08-09,-0.9230298305619405
2019-08-12,-0.9247621973922855
2019-08-13,-0.9260045370015698
2019-08-14,-0.9268802513179606
2019-08-15,-0.9274904224175394
2019-08-16,-0.9279122543503602
2019-08-19,-0.9282023379014199
2019-08-20,-0.9284011046218325
2019-08-21,-0.9285369681815651
2019-08-22,-0.9286296813422698
2019-08-23,-0.9286928773857039
2019-08-26,-0.928735920670982
2019-08-27,-0.9287652224896483
2019-08-28,-0.9287851627052442
2019-08-29,-0.9287987289763298
2019-08-30,-0.9288079572398877
2019-09-02,-0.9288142339361594
2019-09-03,-0.9187117778305088
2019-09-04,-0.9197412516724279
2019-09-05,-0.9214797638364777
2019-09-06,-0.9232415268235213
2019-09-09,-0.9247459406885128
2019-09-10,-0.9259246314712236
2019-09-11,-0.9268030181097758
2019-09-12,-0.9274375209247074
2019-09-13,-0.9278867302145599
2019-09-16,-0.9282005766184582
2019-09-17,-0.9284179261400548
2019-09-18,-0.928567561114283
2019-09-19,-0.9286701682369064
2019-09-20,-0.9287403384021312
2019-09-23,-0.9287882383978722
2019-09-24,-0.928820895777347
2019-09-25,-0.9288431423245875
2019-09-26,-0.9288582882667837
2019-09-27,-0.9288685959661559
2019-09-30,-0.9288756091118459
2019-10-01,-0.926329245645282
2019-10-02,-0.9270968169409475
2019-10-03,-0.9276452016241281
2019-10-04,-0.9280295383991082
2019-10-07,-0.9282959403744067
2019-10-08,-0.9284793590999604
2019-10-09,-0.9286051095168325
2019-10-10,-0.9286910873090446
2019-10-11,-0.9287497662668174
2019-10-14,-0.9287897662693184
2019-10-15,-0.9288170115143876
2019-10-16,-0.9288355591297166
2019-10-17,-0.9288481811231413
2019-10-18,-0.9288567685147002
2019-10-21,-0.9288626099877231
2019-10-22,-0.9288665831334939
2019-10-23,-0.9288692853078365
2019-10-24,-0.9288711229867938
2019-10-25,-0.9288723727006029
2019-10-28,-0.9288732225482219
2019-10-29,-0.9288738004638833
2019-10-30,-0.9288741934552809
2019-10-31,-0.9288744606933631
2019-11-01,-0.9132421232525522
2019-11-04,-0.917950621792322
2019-11-05,-0.921314412182761
2019-11-06,-0.9236621062051734
2019-11-07,-0.9252825051078722
2019-11-08,-0.926394346722032
2019-11-11,-0.9271546830156111
2019-11-12,-0.9276735945898067
2019-11-13,-0.9280272951652525
2019-11-14,-0.9282681910260467
2019-11-15,-0.9284321727665404
2019-11-18,-0.9285437592073561
2019-11-19,-0.92861967414212
2019-11-20,-0.9286713129074183
2019-11-21,-0.928706434906114
2019-11-22,-0.9287303213785381
2019-11-25,-0.9287465657947845
2019-11-26,-0.9287576127390866
2019-11-27,-0.9287651250005219
2019-11-28,-0.9287702334929475
2019-11-29,-0.9287737073378094
2019-12-02,-0.9287760695836803
2019-12-03,-0.9265928324512765
2019-12-04,-0.9268969873177122
2019-12-05,-0.927315319206732
2019-12-06,-0.9277038281117526
2019-12-09,-0.9280182469678828
2019-12-10,-0.9282559843260384
2019-12-11,-0.9284289421953417
2019-12-12,-0.9285518512232391
2019-12-13,-0.9286379027280487
2019-12-16,-0.9286975689693461
2019-12-17,-0.9287386767149796
2019-12-18,-0.9287668779733046
2019-12-19,-0.9287861697308476
2019-12-20,-0.9287993413262736
2019-12-23,-0.92880832263085
2019-12-24,-0.9288144413069531
2019-12-25,-0.9288186072735436
2019-12-26,-0.9288214425657433
2019-12-27,-0.9288233716897569
2019-12-30,-0.9288246840139487
2019-12-31,-0.9288255766344278
2020-01-01,-0.8953159767147697
2020-01-02,-0.9058224608780622
2020-01-03,-0.9130506450629198
2020-01-06,-0.917983139615383
2020-01-07,-0.9213398913379894
2020-01-08,-0.923622262915501
2020-01-09,-0.9251737627826856
2020-01-10,-0.9262284246359506
2020-01-13,-0.9269453926744282
2020-01-14,-0.9274328263071323
2020-01-15,-0.9277642292658489
2020-01-16,-0.9279895581284812
2020-01-17,-0.9281427697342866
2020-01-20,-0.9282469479216251
2020-01-21,-0.9283177863892561
2020-01-22,-0.9283659552684633
2020-01-23,-0.9283987094980028
2020-01-24,-0.9284209820823826
2020-01-27,-0.928436127298151
2020-01-28,-0.9284464259749344
2020-01-29,-0.9284534290398107
2020-01-30,-0.9284581911055607
2020-01-31,-0.9284614293004037
2020-02-03,-0.6347125910553917
2020-02-04,-0.1545004617642087
2020-02-05,0.16750820043570455
2020-02-06,0.3845417555977994
2020-02-07,0.5312803315796572
2020-02-10,0.6306871511967661
2020-02-11,0.6981147860658332
2020-02-12,0.7438888422320855
2020-02-13,0.7749801501955257
2020-02-14,0.796106162593235
2020-02-17,0.8104644544970803
2020-02-18,0.8202246823652384
2020-02-19,0.8268600617200407
2020-02-20,0.8313713905625734
2020-02-21,0.8344387561554815
2020-02-24,0.8365244077081475
2020-02-25,0.8379425775851319
2020-02-26,0.838906898868398
2020-02-27,0.8395626212380961
2020-02-28,0.8400085048159732
2020-03-02,0.8403117019911955
2020-03-03,0.6920338622879951
2020-03-04,0.6858366394221772
2020-03-05,0.6938860445863476
2020-03-06,0.7113846542815299
2020-03-09,0.7337829734180347
2020-03-10,0.7572282032717267
2020-03-11,0.7789698447715242
2020-03-12,0.7974852046570665
2020-03-13,0.8122921870512714
2020-03-16,0.8235944614343095
2020-03-17,0.8319322120480762
2020-03-18,0.8379336358980377
2020-03-19,0.8421786305094939
2020-03-20,0.8451446881164486
2020-03-23,0.8471995509107868
2020-03-24,0.8486147945901412
2020-03-25,0.8495855805955398
2020-03-26,0.8502496488853001
2020-03-27,0.8507030470237237
2020-03-30,0.8510122086952777
2020-03-31,0.8512228333089901
2020-04-01,0.26357809859541187
2020-04-02,0.26663038301225045
2020-04-03,0.2837155062978781
2020-04-06,0.31205297225826845
2020-04-07,0.350156049945208
2020-04-08,0.3967053304697014
2020-04-09,0.44996749205970094
2020-04-10,0.507503864093494
2020-04-13,0.5661974406436237
2020-04-14,0.6226441783524078
2020-04-15,0.6737997623359093
2020-04-16,0.7175898577181923
2020-04-17,0.7531871715284757
2020-04-20,0.7808747664094591
2020-04-21,0.8016534897888515
2020-04-22,0.8168210721410253
2020-04-23,0.8276656888210594
2020-04-24,0.8353033979314165
2020-04-27,0.8406249841800678
2020-04-28,0.8443048798107481
2020-04-29,0.8468361885390494
2020-04-30,0.8485710959709751
2020-05-01,0.853631832487886
2020-05-04,0.8523112535670263
2020-05-05,0.8518266479257735
2020-05-06,0.8517302709918807
2020-05-07,0.851788497700583
2020-05-08,0.8518910517051428
2020-05-11,0.851991879513849
2020-05-12,0.8520754825798218
2020-05-13,0.852139505399008
2020-05-14,0.8521864283056381
2020-05-15,0.852219924908369
2020-05-18,0.8522434445973679
2020-05-19,0.8522597833788841
2020-05-20,0.8522710541829496
2020-05-21,0.85227879274025
2020-05-22,0.8522840894368312
2020-05-25,0.8522877071542279
2020-05-26,0.8522901745898093
2020-05-27,0.8522918558636426
2020-05-28,0.8522930007103872
2020-05-29,0.8522937799369059
2020-06-01,0.8522943101486741
2020-06-02,0.8506762190658501
2020-06-03,0.851201362783869
2020-06-04,0.8515546383033137
2020-06-05,0.8517931222203877
2020-06-08,0.8519544924978409
2020-06-09,0.8520638571987067
2020-06-10,0.8521380561460372
2020-06-11,0.8521884334669979
2020-06-12,0.8522226540515825
2020-06-15,0.8522459074180786
2020-06-16,0.8522617120174268
2020-06-17,0.8522724555868442
2020-06-18,0.8522797595663653
2020-06-19,0.8522847255086674
2020-06-22,0.8522881019949039
2020-06-23,0.8522903978406601
2020-06-24,0.8522919589388771
2020-06-25,0.8522930204496605
2020-06-26,0.8522937422600396
2020-06-29,0.8522942330830506
2020-06-30,0.852294566838836
2020-07-01,0.850437990411163
2020-07-02,0.8510392796031649
2020-07-03,0.8514443597960459
2020-07-06,0.8517180783126415
2020-07-07,0.851903410181334
2020-07-08,0.8520290692944502
2020-07-09,0.8521143485535223
2020-07-10,0.8521722604946502
2020-07-13,0.8522116046100331
2020-07-14,0.8522383419670291
2020-07-15,0.8522565156728573
2020-07-16,0.8522688702303486
2020-07-17,0.852277269679172
2020-07-20,0.852282980539049
2020-07-21,0.8522868635682934
2020-07-22,0.852289503862709
2020-07-23,0.8522912991856434
2020-07-24,0.8522925199689949
2020-07-27,0.8522933500845638
2020-07-28,0.8522939145549999
2020-07-29,0.852294298390965
2020-07-30,0.8522945593974932
2020-07-31,0.8522947368809652
2020-08-03,0.8549899962897612
2020-08-04,0.8524490879489647
2020-08-05,0.8514338182569071
2020-08-06,0.8511873111544035
2020-08-07,0.8512723299263488
2020-08-10,0.8514651298136594
2020-08-11,0.8516652222413781
2020-08-12,0.8518354641548633
2020-08-13,0.8519678000069728
2020-08-14,0.8520657036989786
2020-08-17,0.8521360202982107
2020-08-18,0.8521855922888731
2020-08-19,0.8522201219481327
2020-08-20,0.8522439842752947
2020-08-21,0.8522603882078067
2020-08-24,0.8522716252437155
2020-08-25,0.8522793045932935
2020-08-26,0.8522845442229073
2020-08-27,0.8522881153493713
2020-08-28,0.8522905474986188
2020-08-31,0.8522922031096057
2020-09-01,0.8181759891805137
2020-09-02,0.830080673264748
2020-09-03,0.8376173644142246
2020-09-04,0.8425036632299271
2020-09-07,0.8457218230944664
2020-09-08,0.8478635939335704
2020-09-09,0.8492989943586343
2020-09-10,0.8502655184602699
2020-09-11,0.8509183903811894
2020-09-14,0.8513603408047397
2020-09-15,0.8516599459617215
2020-09-16,0.8518632529986506
2020-09-17,0.8520013059355371
2020-09-18,0.8520950914849574
2020-09-21,0.8521588238564239
2020-09-22,0.8522021425364177
2020-09-23,0.8522315902916847
2020-09-24,0.8522516106211292
2020-09-25,0.8522652225236089
2020-09-28,0.8522744777250031
2020-09-29,0.8522807708467377
2020-09-30,0.852285049975725
2020-10-01,0.8548087669872106
2020-10-02,0.853717684056088
2020-10-05,0.8531187744333754
2020-10-06,0.8527848722621539
2020-10-07,0.8525942491342829
2020-10-08,0.8524823172079974
2020-10-09,0.8524146634685988
2020-10-12,0.8523726615924809
2020-10-13,0.8523459803511652
2020-10-14,0.8523287157630132
2020-10-15,0.8523173850998056
2020-10-16,0.85230987043001
2020-10-19,0.8523048486926472
2020-10-20,0.8523014748073628
2020-10-21,0.8522991995061122
2020-10-22,0.8522976610693657
2020-10-23,0.852296618990098
2020-10-26,0.8522959122536978
2020-10-27,0.8522954325415921
2020-10-28,0.8522951067392498
2020-10-29,0.8522948853796124
2020-10-30,0.8522947349411173
2020-11-02,0.8522946326827799
2020-11-03,0.7584044096392055
2020-11-04,0.7926537083555537
2020-11-05,0.8134547094492037
2020-11-06,0.8266121656132448
2020-11-09,0.8351453585155718
2020-11-10,0.8407684388893584
2020-11-11,0.8445125919714397
2020-11-12,0.8470228668622437
2020-11-13,0.8487136360360004
2020-11-16,0.8498559557763478
2020-11-17,0.8506293393892658
2020-11-18,0.8511536799989694
2020-11-19,0.8515095129001321
2020-11-20,0.8517511477438525
2020-11-23,0.851915306353228
2020-11-24,0.8520268634633934
2020-11-25,0.8521026895821235
2020-11-26,0.8521542362018947
2020-11-27,0.8521892808900962
2020-11-30,0.8522131080259361
2020-12-01,0.8501737727387029
2020-12-02,0.8507184826926724
2020-12-03,0.8511562297853347
2020-12-04,0.8514847982190562
2020-12-07,0.8517224435684589
2020-12-08,0.8518905965073478
2020-12-09,0.8520079648497964
2020-12-10,0.852089171841928
2020-12-11,0.8521450377360664
2020-12-14,0.8521833246578421
2020-12-15,0.8522094975443543
2020-12-16,0.852227358791068
2020-12-17,0.8522395338754725
2020-12-18,0.8522478265390762
2020-12-21,0.8522534718388799
2020-12-22,0.8522573135487657
2020-12-23,0.852259927254066
2020-12-24,0.8522617051937057
2020-12-25,0.8522629144788468
2020-12-28,0.8522637369247248
2020-12-29,0.8522642962487127
2020-12-30,0.8522646766169729
2020-12-31,0.8522649352802033
2021-01-01,0.8481089427674017
2021-01-04,0.8490999034546203
2021-01-05,0.8499563836967723
2021-01-06,0.8506233029053816
2021-01-07,0.8511159459553639
2021-01-08,0.8514690674834461
2021-01-11,0.8517175809285387
2021-01-12,0.851890453507758
2021-01-13,0.8520098037239147
2021-01-14,0.852091793102825
2021-01-15,0.8521479303466433
2021-01-18,0.8521862814742857
2021-01-19,0.8522124424585253
2021-01-20,0.8522302699416678
2021-01-21,0.8522424102039382
2021-01-22,0.8522506737052664
2021-01-25,0.8522562966399754
2021-01-26,0.8522601219697523
2021-01-27,0.8522627239947916
2021-01-28,0.852264493741357
2021-01-29,0.8522656973393872
2021-02-01,0.8522665158644782
2021-02-02,0.8445321870127537
2021-02-03,0.8453675257552522
2021-02-04,0.8467478131435443
2021-02-05,0.8481074826855349
2021-02-08,0.8492434317202163
2021-02-09,0.8501194545418733
2021-02-10,0.8507650233589085
2021-02-11,0.8512277270178218
2021-02-12,0.8515535457236733
2021-02-15,0.8517803409365253
2021-02-16,0.8519370059096177
2021-02-17,0.8520446752581015
2021-02-18,0.8521184184278878
2021-02-19,0.8521688086160365
2021-02-22,0.852203187361117
2021-02-23,0.8522266174115557
2021-02-24,0.8522425741387455
2021-02-25,0.852253435948549
2021-02-26,0.8522608271734536
2021-03-01,0.8522658556067515
2021-03-02,0.8478478899358058
2021-03-03,0.8490398615470817
2021-03-04,0.8499729535783493
2021-03-05,0.8506629093984337
2021-03-08,0.8511573647511758
2021-03-09,0.8515051795471756
2021-03-10,0.8517470180330797
2021-03-11,0.8519139201704282
2021-03-12,0.8520285442750457
2021-03-15,0.8521070104842297
2021-03-16,0.8521606084719091
2021-03-17,0.852197166416307
2021-03-18,0.8522220772494092
2021-03-19,0.852239040381085
2021-03-22,0.8522505862918149
2021-03-23,0.8522584425845592
2021-03-24,0.8522637872070299
2021-03-25,0.852267422632267
2021-03-26,0.8522698952206479
2021-03-29,0.8522715768108642
2021-03-30,0.85227272039813
2021-03-31,0.8522734980861173
2021-04-01,0.8327070457488626
2021-04-02,0.8374833209526242
2021-04-05,0.8415256909861104
2021-04-06,0.8446431216013565
2021-04-07,0.8469345657495503
2021-04-08,0.8485726111007074
2021-04-09,0.8497236084337024
2021-04-12,0.8505235233353042
2021-04-13,0.8510754590264042
2021-04-14,0.8514544790985478
2021-04-15,0.8517139277822727
2021-04-16,0.8518911466472815
2021-04-19,0.852012022714462
2021-04-20,0.8520943882974393
2021-04-21,0.8521504754376195
2021-04-22,0.8521886510034148
2021-04-23,0.8522146271696232
2021-04-26,0.8522322987156911
2021-04-27,0.8522443189471772
2021-04-28,0.8522524943566653
2021-04-29,0.8522580543967052
2021-04-30,0.852261835574496
2021-05-03,0.8462751520810848
2021-05-04,0.848167301349633
2021-05-05,0.849468041131699
2021-05-06,0.8503580004338853
2021-05-07,0.8509653909879925
2021-05-10,0.8513793516298002
2021-05-11,0.8516612497437844
2021-05-12,0.851853119207707
2021-05-13,0.8519836704488539
2021-05-14,0.8520724814446909
2021-05-17,0.8521328893617603
2021-05-18,0.8521739742512386
2021-05-19,0.8522019154103587
2021-05-20,0.8522209169708022
2021-05-21,0.8522338387510119
2021-05-24,0.8522426258895868
2021-05-25,0.8522486012927296
2021-05-26,0.8522526646339273
2021-05-27,0.8522554277357565
2021-05-28,0.8522573066579836
2021-05-31,0.8522585843305579
2021-06-01,0.8449348076075499
2021-06-02,0.8471301761512429
2021-06-03,0.8487050898105812
2021-06-04,0.8498110491540608
2021-06-07,0.8505784412520458
2021-06-08,0.851107106209776
2021-06-09,0.8514696829557461
2021-06-10,0.8517176375947074
2021-06-11,0.8518868878196726
2021-06-14,0.8520022720675254
2021-06-15,0.8520808685981239
2021-06-16,0.8521343765286891
2021-06-17,0.8521707906387591
2021-06-18,0.852195565479988
2021-06-21,0.8522124184830993
2021-06-22,0.8522238813439464
2021-06-23,0.8522316773887172
2021-06-24,0.8522369792975404
2021-06-25,0.8522405848706351
2021-06-28,0.8522430367864835
2021-06-29,0.852244704146876
2021-06-30,0.8522458379781022
2021-07-01,0.8349931941114555
2021-07-02,0.8400848503824913
2021-07-05,0.8437945244017128
2021-07-06,0.8464190507043601
2021-07-07,0.8482474196674301
2021-07-08,0.8495099141549581
2021-07-09,0.8503769925967771
2021-07-12,0.8509704840373127
2021-07-13,0.8513758236592777
2021-07-14,0.8516522622857955
2021-07-15,0.8518406112898581
2021-07-16,0.8519688591589875
2021-07-19,0.8520561462744145
2021-07-20,0.852115537734671
2021-07-21,0.8521559406339683
2021-07-22,0.8521834223108378
2021-07-23,0.8522021134036236
2021-07-26,0.8522148249832225
2021-07-27,0.8522234696101579
2021-07-28,0.8522293483020034
2021-07-29,0.8522333459705127
2021-07-30,0.8522360644570243
2021-08-02,0.8522379130603246
2021-08-03,0.8439098959184737
2021-08-04,0.8465677843001976
2021-08-05,0.8483776698679549
2021-08-06,0.8496079937786671
2021-08-09,0.8504439948294764
2021-08-10,0.8510120632595148
2021-08-11,0.8513981216400912
2021-08-12,0.8516605244320201
2021-08-13,0.8518389007368881
2021-08-16,0.8519601688727925
2021-08-17,0.8520426180060665
2021-08-18,0.8520986771861512
2021-08-19,0.8521367944990998
2021-08-20,0.8521627128961871
2021-08-23,0.8521803367594322
2021-08-24,0.8521923206812977
2021-08-25,0.8522004696033045
2021-08-26,0.8522060108008402
2021-08-27,0.8522097787814337
2021-08-30,0.8522123409915453
2021-08-31,0.8522140832859618
2021-09-01,0.8375748505967385
2021-09-02,0.8421323646992042
2021-09-03,0.8452999191797996
2021-09-06,0.8474783633787089
2021-09-07,0.8489690888222541
2021-09-08,0.8499865634572344
2021-09-09,0.8506800300520748
2021-09-10,0.8511522700056342
2021-09-13,0.8514736935865367
2021-09-14,0.8516923957790733
2021-09-15,0.851841173795443
2021-09-16,0.8519423703401086
2021-09-17,0.8520111965335273
2021-09-20,0.8520580040810344
2021-09-21,0.8520898358383469
2021-09-22,0.8521114826336138
2021-09-23,0.8521262030018126
2021-09-24,0.8521362131006451
2021-09-27,0.8521430200797206
2021-09-28,0.852147648875217
2021-09-29,0.852150796477801
2021-09-30,0.8521529368566565
2021-10-01,0.8040843944151982
2021-10-04,0.8190268637083533
2021-10-05,0.829391651514556
2021-10-06,0.836507820974031
2021-10-07,0.8413717374954369
2021-10-08,0.8446889403553514
2021-10-11,0.8469486330292283
2021-10-12,0.8484869210729911
2021-10-13,0.8495336962507307
2021-10-14,0.8502458312109669
2021-10-15,0.8507302301463556
2021-10-18,0.8510596880204336
2021-10-19,0.8512837496666397
2021-10-20,0.8514361254009215
2021-10-21,0.8515397472044001
2021-10-22,0.8516102129034434
2021-10-25,0.8516581308828933
2021-10-26,0.8516907156968985
2021-10-27,0.851712873632531
2021-10-28,0.8517279411434565
2021-10-29,0.8517381870995427
2021-11-01,0.8517451543692175
2021-11-02,0.8347692121300432
2021-11-03,0.8406298931343239
2021-11-04,0.8442358181900974
2021-11-05,0.8465332190091152
2021-11-08,0.8480296107477473
2021-11-09,0.8490183316798215
2021-11-10,0.8496778111899681
2021-11-11,0.850120459170754
2021-11-12,0.8504188227439127
2021-11-15,0.8506205041234067
2021-11-16,0.8507570940433836
2021-11-17,0.8508497205664127
2021-11-18,0.8509125892498318
2021-11-19,0.8509552858018384
2021-11-22,0.8509842944451927
2021-11-23,0.8510040087614916
2021-11-24,0.8510174091490101
2021-11-25,0.8510265189372103
2021-11-26,0.8510327124463756
2021-11-29,0.8510369235006648
2021-11-30,0.851039786770438
2021-12-01,0.6932178369851973
2021-12-02,0.22848047491802123
2021-12-03,-0.10683933061834978
2021-12-06,-0.34693291304132384
2021-12-07,-0.5170525548651095
2021-12-08,-0.6363873988657366
2021-12-09,-0.7193990030837805
2021-12-10,-0.776769360193365
2021-12-13,-0.8162281753407655
2021-12-14,-0.843273586133092
2021-12-15,-0.8617653358128564
2021-12-16,-0.8743870688102645
2021-12-17,-0.8829919606628666
2021-12-20,-0.888853581567798
2021-12-21,-0.8928442649467202
2021-12-22,-0.8955601464761233
2021-12-23,-0.8974079724581955
2021-12-24,-0.898664968978957
2021-12-27,-0.899519946047037
2021-12-28,-0.9001014317437306
2021-12-29,-0.9004968887087764
2021-12-30,-0.9007658209280885
2021-12-31,-0.9009487046957073
2022-01-03,-0.6047755606581805
2022-01-04,-0.5966542214818876
2022-01-05,-0.6067359384960871
2022-01-06,-0.6309027170250473
2022-01-07,-0.6650674375885244
2022-01-10,-0.704938287045457
2022-01-11,-0.7462676690844655
2022-01-12,-0.785396957415663
2022-01-13,-0.8197750381404294
2022-01-14,-0.8481613302033952
2022-01-17,-0.8704500788337426
2022-01-18,-0.8872742602406913
2022-01-19,-0.8995993972511406
2022-01-20,-0.9084316843106268
2022-01-21,-0.91466116726297
2022-01-24,-0.9190056615807513
2022-01-25,-0.9220117565556586
2022-01-26,-0.9240804250016185
2022-01-27,-0.9254986379359297
2022-01-28,-0.9264684058159895
2022-01-31,-0.927130355107723
2022-02-01,-0.9198289315862809
2022-02-02,-0.9226956696413422
2022-02-03,-0.9245264383101747
2022-02-04,-0.9257206560831645
2022-02-07,-0.926510470411533
2022-02-08,-0.9270376073597373
2022-02-09,-0.9273915724361245
2022-02-10,-0.9276302260388212
2022-02-11,-0.9277915760069477
2022-02-14,-0.927900864974836
2022-02-15,-0.9279749840466628
2022-02-16,-0.9280252940106208
2022-02-17,-0.9280594627869934
2022-02-18,-0.9280826781548349
2022-02-21,-0.9280984556371508
2022-02-22,-0.9281091801768432
2022-02-23,-0.9281164709435185
2022-02-24,-0.9281214277750998
2022-02-25,-0.9281247980078172
2022-02-28,-0.9281270895742649
2022-03-01,-0.8657929433686246
2022-03-02,-0.8809121490839925
2022-03-03,-0.8936967779507936
2022-03-04,-0.9036235115636836
2022-03-07,-0.9109758565494777
2022-03-08,-0.9162659114178474
2022-03-09,-0.920001701203574
2022-03-10,-0.9226075455649815
2022-03-11,-0.9244102869306128
2022-03-14,-0.9256505327169849
2022-03-15,-0.9265005996059356
2022-03-16,-0.9270817587947301
2022-03-17,-0.9274783917313958
2022-03-18,-0.927748771645923
2022-03-21,-0.9279329400026218
2022-03-22,-0.9280583179430082
2022-03-23,-0.9281436412916108
2022-03-24,-0.9282016918397463
2022-03-25,-0.9282411803830307
2022-03-28,-0.9282680391351069
2022-03-29,-0.9282863061045858
2022-03-30,-0.9282987290342757
2022-03-31,-0.9283071772658751
2022-04-01,-0.6474227902196013
2022-04-04,-0.5993167605738675
2022-04-05,-0.5581591690409705
2022-04-06,-0.52536033221442
2022-04-07,-0.501064781021278
2022-04-08,-0.4843931907325221
2022-04-11,-0.4738412457962499
2022-04-12,-0.4677138150105959
2022-04-13,-0.4644772299498971
2022-04-14,-0.46295227340677036
2022-04-15,-0.46234642713290863
2022-04-18,-0.46218507422096344
2022-04-19,-0.4622115803775679
2022-04-20,-0.4623001493882608
2022-04-21,-0.4623956679958992
2022-04-22,-0.4624778515884766
2022-04-25,-0.4625420076044743
2022-04-26,-0.46258955755376163
2022-04-27,-0.46262373796779166
2022-04-28,-0.4626478447079213
2022-04-29,-0.46266464009483677
2022-05-02,-0.46267624824629405
2022-05-03,-0.4167302187157628
2022-05-04,-0.5057138933332729
2022-05-05,-0.5882957014551125
2022-05-06,-0.6623030036004472
2022-05-09,-0.7258028777711005
2022-05-10,-0.7778776666878718
2022-05-11,-0.818820244693498
2022-05-12,-0.8498643801483633
2022-05-13,-0.8727234796230892
2022-05-16,-0.88917977161546
2022-05-17,-0.9008294354727064
2022-05-18,-0.908976753928243
2022-05-19,-0.9146256616384969
2022-05-20,-0.9185186631337464
2022-05-23,-0.9211903076962197
2022-05-24,-0.9230184633944306
2022-05-25,-0.9242669465993193
2022-05-26,-0.9251183984430998
2022-05-27,-0.9256985386678954
2022-05-30,-0.9260935685528574
2022-05-31,-0.9263624364221433
2022-06-01,-0.4769547614292347
2022-06-02,-0.5280706592986331
2022-06-03,-0.5846606729630823
2022-06-06,-0.6428950261751764
2022-06-07,-0.6989617656884648
2022-06-08,-0.7496377769770716
2022-06-09,-0.792832465572949
2022-06-10,-0.8277847200110903
2022-06-13,-0.8548563110570234
2022-06-14,-0.8751014852475277
2022-06-15,-0.8898389684423789
2022-06-16,-0.9003543225222576
2022-06-17,-0.9077490059566937
2022-06-20,-0.9128957431067516
2022-06-21,-0.9164520512431399
2022-06-22,-0.9188970669818544
2022-06-23,-0.9205722254667328
2022-06-24,-0.921717195784653
2022-06-27,-0.9224985055124588
2022-06-28,-0.9230310643640937
2022-06-29,-0.9233937926070264
2022-06-30,-0.9236407203159659
2022-07-01,-0.9236700001323848
2022-07-04,-0.9120845070667457
2022-07-05,-0.9021402968421008
2022-07-06,-0.8952870432847044
2022-07-07,-0.8923363877375202
2022-07-08,-0.8931604536715662
2022-07-11,-0.8968202813414098
2022-07-12,-0.9020160331103042
2022-07-13,-0.9075623854805026
2022-07-14,-0.9126578186124439
2022-07-15,-0.9169144154976101
2022-07-18,-0.9202493286601816
2022-07-19,-0.922749248697056
2022-07-20,-0.9245668876685221
2022-07-21,-0.9258608924655622
2022-07-22,-0.926768848835796
2022-07-25,-0.9273996203536203
2022-07-26,-0.9278348526443947
2022-07-27,-0.9281337688231897
2022-07-28,-0.9283384129290971
2022-07-29,-0.9284782137130339
2022-08-01,-0.928573576771506
2022-08-02,-0.9274301950892704
2022-08-03,-0.9264106627774743
2022-08-04,-0.9263355810439942
2022-08-05,-0.9266727806771904
2022-08-08,-0.9271243203204782
2022-08-09,-0.9275505753939318
2022-08-10,-0.9279015150832316
2022-08-11,-0.9281704727706831
2022-08-12,-0.9283680817093963
2022-08-15,-0.9285094915483625
2022-08-16,-0.9286089783744077
2022-08-17,-0.928678192382164
2022-08-18,-0.928725988285816
2022-08-19,-0.9287588296541981
2022-08-22,-0.9287813198351286
2022-08-23,-0.9287966864782622
2022-08-24,-0.9288071697713326
2022-08-25,-0.9288143141422136
2022-08-26,-0.9288191795942649
2022-08-29,-0.9288224914688564
2022-08-30,-0.9288247451003684
2022-08-31,-0.9288262782892424
2022-09-01,-0.9355711675003701
2022-09-02,-0.9324611142451464
2022-09-05,-0.9305654725092997
2022-09-06,-0.9295323451111843
2022-09-07,-0.9290336475151183
2022-09-08,-0.9288291678379889
2022-09-09,-0.9287693619836977
2022-09-12,-0.9287718957512181
2022-09-13,-0.928795978107291
2022-09-14,-0.9288235212955691
2022-09-15,-0.9288476934289939
2022-09-16,-0.9288667392264661
2022-09-19,-0.9288809265384382
2022-09-20,-0.9288911551209372
2022-09-21,-0.9288983823732605
2022-09-22,-0.9289034235649867
2022-09-23,-0.92890691045004
2022-09-26,-0.928909308851952
2022-09-27,-0.9289109524280827
2022-09-28,-0.9289120759243445
2022-09-29,-0.928912842616263
2022-09-30,-0.9289133652226693
2022-10-03,-0.9359653958029772
2022-10-04,-0.9339910324644572
2022-10-05,-0.9325123140283617
2022-10-06,-0.9314355149084805
2022-10-07,-0.9306673221035245
2022-10-10,-0.930127271518126
2022-10-11,-0.9297515092001953
2022-10-12,-0.929491931134913
2022-10-13,-0.9293135030684782
2022-10-14,-0.9291912743719847
2022-10-17,-0.9291077399506577
2022-10-18,-0.9290507416302106
2022-10-19,-0.9290118922694746
2022-10-20,-0.9289854327433456
2022-10-21,-0.9289674208315717
2022-10-24,-0.9289551637382084
2022-10-25,-0.9289468247558674
2022-10-26,-0.9289411523260118
2022-10-27,-0.9289372941862937
2022-10-28,-0.9289346702419365
2022-10-31,-0.9289328857712095
2022-11-01,-0.9223431522680177
2022-11-02,-0.9236672404206039
2022-11-03,-0.924975493246858
2022-11-04,-0.9260620899515278
2022-11-07,-0.9268949817191469
2022-11-08,-0.9275058005145776
2022-11-09,-0.9279420363111291
2022-11-10,-0.9282484363021989
2022-11-11,-0.9284613349107617
2022-11-14,-0.928608219055235
2022-11-15,-0.9287090807525911
2022-11-16,-0.9287781211361195
2022-11-17,-0.928825279047594
2022-11-18,-0.928857443834101
2022-11-21,-0.9288793609544632
2022-11-22,-0.9288942854389634
2022-11-23,-0.9289044437251118
2022-11-24,-0.9289113558138181
2022-11-25,-0.9289160580920618
2022-11-28,-0.9289192565915985
2022-11-29,-0.9289214320098264
2022-11-30,-0.928922911496387
2022-12-01,-0.9250712702294988
2022-12-02,-0.9257886167293417
2022-12-05,-0.9265450453505071
2022-12-06,-0.9271892257160667
2022-12-07,-0.9276891991684754
2022-12-08,-0.9280584517937619
2022-12-09,-0.9283232853096578
2022-12-12,-0.928509793019457
2022-12-13,-0.9286396086237549
2022-12-14,-0.9287292727438713
2022-12-15,-0.9287908889848489
2022-12-16,-0.9288330867735498
2022-12-19,-0.9288619196122136
2022-12-20,-0.9288815899713644
2022-12-21,-0.9288949954381414
2022-12-22,-0.928904124855838
2022-12-23,-0.9289103391943505
2022-12-26,-0.9289145678724667
2022-12-27,-0.928917444726446
2022-12-28,-0.9289194016119497
2022-12-29,-0.9289207325824546
2022-12-30,-0.9289216377753594
2023-01-02,-0.9289222533677568
2023-01-03,-0.9242163138652456
2023-01-04,-0.9251947363337221
2023-01-05,-0.9261375154364718
2023-01-06,-0.9269105905401875
2023-01-09,-0.9274985853191169
2023-01-10,-0.9279276570053334
2023-01-11,-0.9282330836990621
2023-01-12,-0.9284471343715213
2023-01-13,-0.9285956443463276
2023-01-16,-0.9286980023265806
2023-01-17,-0.9287682412265169
2023-01-18,-0.9288162979629492
2023-01-19,-0.9288491127526535
2023-01-20,-0.9288714898290482
2023-01-23,-0.9288867353891235
2023-01-24,-0.928897115848195
2023-01-25,-0.9289041807911168
2023-01-26,-0.9289089878318104
2023-01-27,-0.9289122579497187
2023-01-30,-0.9289144822440978
2023-01-31,-0.928915995047655
2023-02-01,-0.8968024762641802
2023-02-02,-0.9052813840111548
2023-02-03,-0.9120335454200029
2023-02-06,-0.9170613221314861
2023-02-07,-0.9206772420753345
2023-02-08,-0.9232259830663906
2023-02-09,-0.925000386761885
2023-02-10,-0.9262259717330686
2023-02-13,-0.927068125280469
2023-02-14,-0.9276448307500121
2023-02-15,-0.9280388566793475
2023-02-16,-0.9283076564610667
2023-02-17,-0.9284908386863462
2023-02-20,-0.9286155866905402
2023-02-21,-0.9287005004010626
2023-02-22,-0.9287582810287363
2023-02-23,-0.928797590011324
2023-02-24,-0.9288243285027534
2023-02-27,-0.9288425145454436
2023-02-28,-0.9288548828379718
2023-03-01,-0.9088661149406614
2023-03-02,-0.9091046579756733
2023-03-03,-0.911695748386404
2023-03-06,-0.9150848858034099
2023-03-07,-0.918375229118229
2023-03-08,-0.9211662064167766
2023-03-09,-0.9233578900835645
2023-03-10,-0.9249979138463654
2023-03-13,-0.9261871666915449
2023-03-14,-0.9270317254488464
2023-03-15,-0.9276231499976804
2023-03-16,-0.9280334127531027
2023-03-17,-0.9283161906211052
2023-03-20,-0.9285102543315362
2023-03-21,-0.9286430440001424
2023-03-22,-0.9287337248607699
2023-03-23,-0.9287955659044232
2023-03-24,-0.9288377003120576
2023-03-27,-0.9288663899013386
2023-03-28,-0.9288859164917926
2023-03-29,-0.9288992027438175
2023-03-30,-0.9289082411711881
2023-03-31,-0.9289143890457716
2023-04-03,-0.8909056553612558
2023-04-04,-0.9020819618908981
2023-04-05,-0.9102584043357212
2023-04-06,-0.916046744124778
2023-04-07,-0.9200784917206808
2023-04-10,-0.9228615722071923
2023-04-11,-0.9247724577421055
2023-04-12,-0.9260801271506937
2023-04-13,-0.9269730932609973
2023-04-14,-0.9275820224697601
2023-04-17,-0.9279968791304162
2023-04-18,-0.9282793423261807
2023-04-19,-0.9284715833333443
2023-04-20,-0.9286023837314905
2023-04-21,-0.9286913632798737
2023-04-24,-0.9287518856393032
2023-04-25,-0.9287930483415692
2023-04-26,-0.9288210424322607
2023-04-27,-0.9288400800019747
2023-04-28,-0.9288530262780095
2023-05-01,-0.9288618300788398
2023-05-02,-0.9164416155567899
2023-05-03,-0.9198574289445844
2023-05-04,-0.922489925561724
2023-05-05,-0.9244123461577787
2023-05-08,-0.9257777023762827
2023-05-09,-0.9267321147255395
2023-05-10,-0.9273928539091784
2023-05-11,-0.9278475023451002
2023-05-12,-0.9281591098098128
2023-05-15,-0.9283721262523659
2023-05-16,-0.9285174943824028
2023-05-17,-0.9286165829457619
2023-05-18,-0.9286840730620008
2023-05-19,-0.9287300170614953
2023-05-22,-0.9287612823975865
2023-05-23,-0.9287825536375013
2023-05-24,-0.9287970230713702
2023-05-25,-0.928806864589213
2023-05-26,-0.9288135578830994
2023-05-29,-0.9288181098118962
2023-05-30,-0.9288212053482353
2023-05-31,-0.9288233104159751
2023-06-01,-0.9246989825613189
2023-06-02,-0.9248683182401498
2023-06-05,-0.9255391752391666
2023-06-06,-0.9262988227019082
2023-06-07,-0.9269730650108853
2023-06-08,-0.927510624662776
2023-06-09,-0.9279148387437661
2023-06-12,-0.9282082903183245
2023-06-13,-0.9284166618211936
2023-06-14,-0.9285625092719578
2023-06-15,-0.9286636305540347
2023-06-16,-0.9287332999730153
2023-06-19,-0.9287810969410558
2023-06-20,-0.9288137946512279
2023-06-21,-0.9288361198502536
2023-06-22,-0.9288513430205964
2023-06-23,-0.9288617142328898
2023-06-26,-0.9288687756584295
2023-06-27,-0.9288735815902633
2023-06-28,-0.9288768515479897
2023-06-29,-0.9288790760082275
2023-06-30,-0.9288805890516865
2023-07-03,-0.8811308786633772
2023-07-04,-0.8822994449852832
2023-07-05,-0.8881557321011763
2023-07-06,-0.8957996220303923
2023-07-07,-0.9033751538383343
2023-07-10,-0.909941793857262
2023-07-11,-0.9151938132468646
2023-07-12,-0.9191802435362502
2023-07-13,-0.9221016773154878
2023-07-14,-0.9241922133656165
2023-07-17,-0.9256640676658636
2023-07-18,-0.9266889165962734
2023-07-19,-0.9273971448706406
2023-07-20,-0.927884056418544
2023-07-21,-0.9282176390345466
2023-07-24,-0.9284456309807632
2023-07-25,-0.9286012023469522
2023-07-26,-0.928707239851359
2023-07-27,-0.9287794606973306
2023-07-28,-0.9288286242642614
2023-07-31,-0.9288620801884201
2023-08-01,-0.9183674244679927
2023-08-02,-0.9214251073521137
2023-08-03,-0.9236901167555599
2023-08-04,-0.9253063297368577
2023-08-07,-0.9264377242390867
2023-08-08,-0.927221231238346
2023-08-09,-0.9277603211244755
2023-08-10,-0.9281297441577661
2023-08-11,-0.9283822432531579
2023-08-14,-0.9285545327396288
2023-08-15,-0.9286719602305964
2023-08-16,-0.9287519353560745
2023-08-17,-0.9288063757431514
2023-08-18,-0.9288434216204187
2023-08-21,-0.9288686249992417
2023-08-22,-0.9288857689160986
2023-08-23,-0.9288974293709006
2023-08-24,-0.9289053596743921
2023-08-25,-0.9289107528304873
2023-08-28,-0.9289144204292047
2023-08-29,-0.9289169145120454
2023-08-30,-0.9289186105411579
2023-08-31,-0.9289197638648697
2023-09-01,-0.919584323090515
2023-09-04,-0.9222691164849957
2023-09-05,-0.924266496128638
2023-09-06,-0.9256957106411989
2023-09-07,-0.9266980294965246
2023-09-08,-0.9273929918006862
2023-09-11,-0.9278715468199261
2023-09-12,-0.9281996660231798
2023-09-13,-0.928424016745878
2023-09-14,-0.9285771377113962
2023-09-15,-0.9286815181254671
2023-09-18,-0.9287526155596968
2023-09-19,-0.9288010165212042
2023-09-20,-0.9288339543993788
2023-09-21,-0.9288563637926176
2023-09-22,-0.9288716075483763
2023-09-25,-0.9288819757784326
2023-09-26,-0.9288890273162855
2023-09-27,-0.928893822887606
2023-09-28,-0.928897084117695
2023-09-29,-0.92889930186491
2023-10-02,-0.9289008099835845
2023-10-03,-0.8817188517796336
2023-10-04,-0.8965162712665976
2023-10-05,-0.9067533395854886
2023-10-06,-0.9137625764109889
2023-10-09,-0.9185430067533555
2023-10-10,-0.9217980873504102
2023-10-11,-0.9240129628069259
2023-10-12,-0.9255195568437526
2023-10-13,-0.9265442085766182
2023-10-16,-0.9272410328837561
2023-10-17,-0.9277148965098949
2023-10-18,-0.9280371327810734
2023-10-19,-0.9282562570380882
2023-10-20,-0.9284052629815233
2023-10-23,-0.9285065876032396
2023-10-24,-0.9285754885704433
2023-10-25,-0.9286223413074787
2023-10-26,-0.9286542011904102
2023-10-27,-0.9286758659112306
2023-10-30,-0.9286905979152038
2023-10-31,-0.928700615670758
2023-11-01,-0.8448688541676326
2023-11-02,-0.8716247580820428
2023-11-03,-0.8893294874521214
2023-11-06,-0.9011568116917504
2023-11-07,-0.9091055210010329
2023-11-08,-0.9144684505634811
2023-11-09,-0.9180960981141769
2023-11-10,-0.9205541572344412
2023-11-13,-0.9222216294535543
2023-11-14,-0.9233536675578541
2023-11-15,-0.9241226042954852
2023-11-16,-0.9246450894482747
2023-11-17,-0.9250001983492862
2023-11-20,-0.9252415887073213
2023-11-21,-0.9254056954133453
2023-11-22,-0.9255172700242118
2023-11-23,-0.9255931324309665
2023-11-24,-0.9256447149955679
2023-11-27,-0.9256797893345542
2023-11-28,-0.9257036390404605
2023-11-29,-0.9257198564430948
2023-11-30,-0.925730884088477
2023-12-01,-0.9226321329071173
2023-12-04,-0.9233213827644078
2023-12-05,-0.9237995974199971
2023-12-06,-0.9241290975681037
2023-12-07,-0.9243551247986127
2023-12-08,-0.9245097242853358
2023-12-11,-0.9246152658338811
2023-12-12,-0.9246872246098905
2023-12-13,-0.9247362443939364
2023-12-14,-0.9247696183574767
2023-12-15,-0.924792331349395
2023-12-18,-0.9248077848146431
2023-12-19,-0.9248182971548758
2023-12-20,-0.9248254473845442
2023-12-21,-0.9248303103884413
2023-12-22,-0.9248336176215975
2023-12-25,-0.9248358667197364
2023-12-26,-0.9248373961888586
2023-12-27,-0.9248384362655143
2023-12-28,-0.9248391435347508
2023-12-29,-0.9248396244855395
2024-01-01,-0.924839951535501
2024-01-02,-0.911508563240034
2024-01-03,-0.9147712755706038
2024-01-04,-0.9178422670783127
2024-01-05,-0.9203910389864544
2024-01-08,-0.9223619655429127
2024-01-09,-0.9238209673512742
2024-01-10,-0.9248710358767681
2024-01-11,-0.9256128879411935
2024-01-12,-0.9261305357045638
2024-01-15,-0.9264887415173422
2024-01-16,-0.9267352250767713
2024-01-17,-0.9269041874024464
2024-01-18,-0.9270197110693293
2024-01-19,-0.927098559209648
2024-01-22,-0.927152311311518
2024-01-23,-0.9271889254280056
2024-01-24,-0.9272138520376227
2024-01-25,-0.927230815550203
2024-01-26,-0.9272423569417675
2024-01-29,-0.9272502079540434
2024-01-30,-0.9272555479657068
2024-01-31,-0.9272591797841052
2024-02-01,-0.029882209411405375
2024-02-02,0.1918179115841289
2024-02-05,0.36780700265109223
2024-02-06,0.5031896887748709
2024-02-07,0.60439454427644
2024-02-08,0.678239282435651
2024-02-09,0.7310902009488944
2024-02-12,0.7683634129913235
2024-02-13,0.7943670184998768
2024-02-14,0.8123675159978637
2024-02-15,0.8247595281562127
2024-02-16,0.8332577350960908
2024-02-19,0.8390701260974659
2024-02-20,0.8430382476322157
2024-02-21,0.8457438764404518
2024-02-22,0.8475870973580673
2024-02-23,0.8488420611010177
2024-02-26,0.8496961652495183
2024-02-27,0.8502772933175766
2024-02-28,0.8506726163350857
2024-02-29,0.8509415080246159
2024-03-01,0.5773974309240624
2024-03-04,0.07940400954746671
2024-03-05,-0.249375314350915
2024-03-06,-0.468645597254004
2024-03-07,-0.6158365580522086
2024-03-08,-0.7150644580279104
2024-03-11,-0.7821477077422078
2024-03-12,-0.8275852804520935
2024-03-13,-0.8584006852790177
2024-03-14,-0.8793173720309125
2024-03-15,-0.8935233033177622
2024-03-18,-0.903175299438303
2024-03-19,-0.9097349439008904
2024-03-20,-0.9141937853681179
2024-03-21,-0.9172250030669085
2024-03-22,-0.9192858630475162
2024-03-25,-0.9206870771137654
2024-03-26,-0.9216398233534694
2024-03-27,-0.9222876538481769
2024-03-28,-0.9227281613150632
2024-03-29,-0.9230276982808779
2024-04-01,-0.9232313795807298
2024-04-02,-0.921939679527933
2024-04-03,-0.9222450836717505
2024-04-04,-0.9224521095087326
2024-04-05,-0.9225925881116189
2024-04-08,-0.9226879756494156
2024-04-09,-0.922752775493223
2024-04-10,-0.9227968099583286
2024-04-11,-0.9228267397855696
2024-04-12,-0.9228470857702701
2024-04-15,-0.9228609181230318
2024-04-16,-0.9228703227705416
2024-04-17,-0.9228767173029183
2024-04-18,-0.9228810652927744
2024-04-19,-0.9228840217895405
2024-04-22,-0.9228860321434522
2024-04-23,-0.922887399153992
2024-04-24,-0.9228883287068383
2024-04-25,-0.922888960795884
2024-04-26,-0.9228893906130677
2024-04-29,-0.9228896828870713
2024-04-30,-0.9228898816325325
2024-05-01,-0.8619608192514898
2024-05-02,-0.8710814552292535
2024-05-03,-0.8820414971860079
2024-05-06,-0.8926214882503409
2024-05-07,-0.9017010866328609
2024-05-08,-0.9089350821526854
2024-05-09,-0.9144185655086359
2024-05-10,-0.9184358207779058
2024-05-13,-0.9213106735599854
2024-05-14,-0.9233350686754542
2024-05-15,-0.9247448954315091
2024-05-16,-0.925719307508011
2024-05-17,-0.9263892975338953
2024-05-20,-0.9268483449477184
2024-05-21,-0.9271621061646174
2024-05-22,-0.9273762114610797
2024-05-23,-0.9275221499147751
2024-05-24,-0.9276215487816477
2024-05-27,-0.9276892144171097
2024-05-28,-0.9277352614723334
2024-05-29,-0.9277665893855823
2024-05-30,-0.9277878997206637
2024-05-31,-0.9278023941440572
2024-06-03,-0.9028776252817095
2024-06-04,-0.9101831155861905
2024-06-05,-0.9151573623144063
2024-06-06,-0.9185405898295246
2024-06-07,-0.9208408908802423
2024-06-10,-0.9224047747566814
2024-06-11,-0.9234680120318737
2024-06-12,-0.9241909021899138
2024-06-13,-0.924682410763138
2024-06-14,-0.9250166086366913
2024-06-17,-0.9252438496760775
2024-06-18,-0.9253983671149281
2024-06-19,-0.9255034358901204
2024-06-20,-0.9255748811862848
2024-06-21,-0.9256234632822139
2024-06-24,-0.9256564987657697
2024-06-25,-0.9256789627266179
2024-06-26,-0.92569423813571
2024-06-27,-0.9257046253704745
2024-06-28,-0.9257116886670316
2024-07-01,-0.925716491695978
2024-07-02,-0.5363876429678519
2024-07-03,-0.10019635758247855
2024-07-04,0.19755398482486256
2024-07-05,0.40055846757138974
2024-07-08,0.5388507475964359
2024-07-09,0.6330054174455432
2024-07-10,0.6970843929045052
2024-07-11,0.7406830261613729
2024-07-12,0.7703416342914376
2024-07-15,0.790514821295556
2024-07-16,0.8042350510703883
2024-07-17,0.8135659427756795
2024-07-18,0.8199114717028662
2024-07-19,0.824226671249632
2024-07-22,0.8271611166388498
2024-07-23,0.8291565893891425
2024-07-24,0.830513533353817
2024-07-25,0.8314362652610722
2024-07-26,0.8320637273216629
2024-07-29,0.8324904033599658
2024-07-30,0.83278054379262
2024-07-31,0.8329778395392518
2024-08-01,0.6213702188753748
2024-08-02,0.5944426466815886
2024-08-05,0.586392302922746
2024-08-06,0.5941597950617261
2024-08-07,0.614374513515859
2024-08-08,0.6432209413550058
2024-08-09,0.6766135121084691
2024-08-12,0.7106686597798594
2024-08-13,0.7422784106495105
2024-08-14,0.7694958108432592
2024-08-15,0.7915600409668632
2024-08-16,0.8086182447318009
2024-08-19,0.821336599204414
2024-08-20,0.830567006264924
2024-08-21,0.8371361566204725
2024-08-22,0.8417465435091939
2024-08-23,0.8449506366643176
2024-08-26,0.8471622425698337
2024-08-27,0.8486816049337917
2024-08-28,0.8497220189070734
2024-08-29,0.8504328815654654
2024-08-30,0.8509178410050966
2024-09-02,0.8512483435982969
2024-09-03,0.8279134101670058
2024-09-04,0.8291905702702486
2024-09-05,0.8328325315461392
2024-09-06,0.8370092421583487
2024-09-09,0.8408180209520506
2024-09-10,0.8439290009500829
2024-09-11,0.8463127828383903
2024-09-12,0.8480675832782487
2024-09-13,0.8493260792939917
2024-09-16,0.8502131387702127
2024-09-17,0.8508311709248499
2024-09-18,0.8512584095965654
2024-09-19,0.8515521959441277
2024-09-20,0.8517534920137538
2024-09-23,0.8518910806088875
2024-09-24,0.8519849690730069
2024-09-25,0.8520489653547985
2024-09-26,0.85209255327232
2024-09-27,0.852122225656005
2024-09-30,0.852142417954488
2024-10-01,0.8496598210742405
2024-10-02,0.8496658648811559
2024-10-03,0.8500810027145663
2024-10-04,0.8505711315869317
2024-10-07,0.8510067857064674
2024-10-08,0.8513524972894154
2024-10-09,0.851611163098079
2024-10-10,0.8517981914871727
2024-10-11,0.8519305945440995
2024-10-14,0.8520230679518875
2024-10-15,0.8520870853953746
2024-10-16,0.8521311447170408
2024-10-17,0.8521613497027981
2024-10-18,0.8521820024496295
2024-10-21,0.8521960988033118
2024-10-22,0.8522057086130315
2024-10-23,0.8522122545196923
2024-10-24,0.8522167109322355
2024-10-25,0.8522197436948544
2024-10-28,0.8522218070835181
2024-10-29,0.8522232107005894
2024-10-30,0.8522241653969251
2024-10-31,0.8522248146996279
2024-11-01,0.8245484452868191
2024-11-04,0.8332106707163601
2024-11-05,0.8392057858210361
2024-11-06,0.8433142417738636
2024-11-07,0.8461183706721347
2024-11-08,0.8480287853156407
2024-11-11,0.8493291911948382
2024-11-12,0.8502139771707781
2024-11-13,0.8508158364194472
2024-11-14,0.8512251858078058
2024-11-15,0.8515035797153854
2024-11-18,0.8516929033850421
2024-11-19,0.8518216504559253
2024-11-20,0.8519092015644635
2024-11-21,0.8519687376990667
2024-11-22,0.8520092228832794
2024-11-25,0.8520367530774728
2024-11-26,0.8520554737250955
2024-11-27,0.8520682038132588
2024-11-28,0.852076860291553
2024-11-29,0.8520827467027555
2024-12-02,0.852086749463426
2024-12-03,0.850702775013221
2024-12-04,0.8511169083533203
2024-12-05,0.8514165226943468
2024-12-06,0.8516284546874532
2024-12-09,0.8517763173168801
2024-12-10,0.8518785849403675
2024-12-11,0.851948918844203
2024-12-12,0.8519971108579893
2024-12-13,0.8520300497936465
2024-12-16,0.8520525259947584
2024-12-17,0.8520678457078887
2024-12-18,0.8520782796952119
2024-12-19,0.8520853824676082
2024-12-20,0.8520902158920862
2024-12-23,0.8520935042555212
2024-12-24,0.8520957410975206
2024-12-25,0.8520972624984476
2024-12-26,0.8520982972117134
2024-12-27,0.85209900089071
2024-12-30,0.8520994794264304
2024-12-31,0.8520998048463047
2025-01-01,0.8402266067994046
2025-01-02,0.8410808479302221
2025-01-03,0.8430549463923804
2025-01-06,0.8451711515295424
2025-01-07,0.8470187489571953
2025-01-08,0.8484827328088033
2025-01-09,0.8495808155452508
2025-01-10,0.8503771758395661
2025-01-13,0.8509424068859118
2025-01-14,0.85133796756761
2025-01-15,0.8516122073301091
2025-01-16,0.8518011468028954
2025-01-17,0.8519307693941047
2025-01-20,0.8520194441079144
2025-01-21,0.8520799893810811
2025-01-22,0.85212127436727
2025-01-23,0.852149401031383
2025-01-24,0.8521685516284765
2025-01-27,0.8521815853496512
2025-01-28,0.8521904535108759
2025-01-29,0.8521964862774584
2025-01-30,0.8522005896748347
2025-01-31,0.8522033805000284
2025-02-03,0.8523300163559615
2025-02-04,0.8521825712616025
2025-02-05,0.8521421097184463
2025-02-06,0.8521429058957011
2025-02-07,0.8521567533456521
2025-02-10,0.8521723919924353
2025-02-11,0.852185925819875
2025-02-12,0.8521964766786255
2025-02-13,0.8522042767626096
2025-02-14,0.8522098707614618
2025-02-17,0.8522138089730014
2025-02-18,0.852216549123307
2025-02-19,0.8522184411927715
2025-02-20,0.8522197411084379
2025-02-21,0.852220631206729
2025-02-24,0.8522212393203641
2025-02-25,0.8522216541540342
2025-02-26,0.8522219368495798
2025-02-27,0.8522221293639295
2025-02-28,0.8522222604037477
2025-03-03,0.8513737175159634
2025-03-04,0.8516401544925761
2025-03-05,0.8518233633945356
2025-03-06,0.851948870574591
2025-03-07,0.8520346387619815
2025-03-10,0.8520931554582472
2025-03-11,0.852133036220368
2025-03-12,0.8521601963343365
2025-03-13,0.8521786842104564
2025-03-14,0.8521912647325206
2025-03-17,0.852199823533247
2025-03-18,0.852205645384698
2025-03-19,0.852209605104874
2025-03-20,0.8522122981115354
2025-03-21,0.8522141295387942
2025-03-24,0.8522153749932834
2025-03-25,0.8522162219407934
2025-03-26,0.8522167978826372
2025-03-27,0.852217189531034
2025-03-28,0.8522174558555037
2025-03-31,0.8522176369577125
2025-04-01,0.8526962389529529
2025-04-02,0.8519609563820366
2025-04-03,0.8517551132008597
2025-04-04,0.8517667167868574
2025-04-07,0.8518501966638219
2025-04-08,0.8519437923166101
2025-04-09,0.852025091766907
2025-04-10,0.8520887429667124
2025-04-11,0.8521359608792969
2025-04-14,0.8521699097536919
2025-04-15,0.8521938528385129
2025-04-16,0.8522105329308922
2025-04-17,0.8522220604655208
2025-04-18,0.8522299849755972
2025-04-21,0.8522354133748505
2025-04-22,0.8522391230781212
2025-04-23,0.8522416541862614
2025-04-24,0.8522433792761334
2025-04-25,0.8522445541575627
2025-04-28,0.8522453539185154
2025-04-29,0.8522458981449431
2025-04-30,0.8522462683986416
2025-05-01,0.8387123302677377
2025-05-02,0.8390389213006972
2025-05-05,0.8410506901573045
2025-05-06,0.8434685716527565
2025-05-07,0.8456898390491733
2025-05-08,0.8475022408747585
2025-05-09,0.848886988478081
2025-05-12,0.8499034549727097
2025-05-13,0.8506307422792371
2025-05-14,0.8511424753499679
2025-05-15,0.8514985558290658
2025-05-16,0.8517444879981684
2025-05-19,0.8519134940824634
2025-05-20,0.8520292428326263
2025-05-21,0.8521083348941711
2025-05-22,0.8521622950506602
2025-05-23,0.8521990702064807
2025-05-26,0.8522241153855092
2025-05-27,0.8522411637212305
2025-05-28,0.852252764734407
2025-05-29,0.8522606571878185
2025-05-30,0.8522660257950478
2025-06-02,0.8522696772506456
2025-06-03,0.8524089361377852
2025-06-04,0.8523615180659043
2025-06-05,0.8523320880794534
2025-06-06,0.8523133814201371
2025-06-09,0.8523012660600463
2025-06-10,0.8522933078888957
2025-06-11,0.8522880260723105
2025-06-12,0.8522844944739805
2025-06-13,0.8522821207629658
2025-06-16,0.8522805194880247
2025-06-17,0.8522794365640449
2025-06-18,0.8522787029245059
2025-06-19,0.8522782053209912
2025-06-20,0.8522778675386675
2025-06-23,0.8522776381187187
2025-06-24,0.852277482239011
2025-06-25,0.8522773762990518
2025-06-26,0.8522773042868418
2025-06-27,0.8522772553310268
2025-06-30,0.8522772220468614
2025-07-01,0.852863571972133
2025-07-02,0.8526769302960872
2025-07-03,0.8525495475778988
2025-07-04,0.8524627107001901
2025-07-07,0.8524035611587435
2025-07-08,0.8523632929317675
2025-07-09,0.8523358889976763
2025-07-10,0.8523172443604015
2025-07-11,0.852304561402809
2025-07-14,0.8522959348653092
2025-07-15,0.852290067838766
2025-07-16,0.8522860778086756
2025-07-17,0.8522833643803094
2025-07-18,0.8522815191536571
2025-07-21,0.8522802643559664
2025-07-22,0.8522794110737517
2025-07-23,0.8522788308329424
2025-07-24,0.8522784362652425
2025-07-25,0.8522781679574937
2025-07-28,0.85227798550751
2025-07-29,0.8522778614412427
2025-07-30,0.8522777770760885
2025-07-31,0.852277719707765
2025-08-01,0.849635974507427
2025-08-04,0.8503969769547564
2025-08-05,0.850959893915582
2025-08-06,0.8513631799451047
2025-08-07,0.8516467413983206
2025-08-08,0.8518438289245898
2025-08-11,0.8519798063520009
2025-08-12,0.8520731717912688
2025-08-13,0.8521370753807286
2025-08-14,0.8521807213009033
2025-08-15,0.8522104889160856
2025-08-18,0.8522307717137872
2025-08-19,0.8522445828716362
2025-08-20,0.8522539831694467
2025-08-21,0.8522603793956208
2025-08-22,0.8522647306876907
2025-08-25,0.8522676904241748
2025-08-26,0.8522697034407699
2025-08-27,0.8522710724744731
2025-08-28,0.8522720035013422
2025-08-29,0.8522726366381634
2025-09-01,0.8522730671888441
2025-09-02,0.8497944554279541
2025-09-03,0.8494768254165365
2025-09-04,0.8498066713361819
2025-09-05,0.8503175627007872
2025-09-08,0.8508099313021165
2025-09-09,0.8512161070839104
2025-09-10,0.8515267698439185
2025-09-11,0.8517544399722892
2025-09-12,0.8519170053255841
2025-09-15,0.8520311838166468
2025-09-16,0.8521105217243783
2025-09-17,0.8521652610989603
2025-09-18,0.852202850596453
2025-09-19,0.8522285815310521
2025-09-22,0.8522461573646936
2025-09-23,0.852258145413843
2025-09-24,0.8522663141692832
2025-09-25,0.8522718767319232
2025-09-26,0.8522756628853542
2025-09-29,0.8522782391387432
2025-09-30,0.8522799917622325
2025-10-01,0.8423722848772182
2025-10-02,0.8452308951717186
2025-10-03,0.8473494677816893
2025-10-06,0.8488654421500371
2025-10-07,0.8499295762160818
2025-10-08,0.8506681069886936
2025-10-09,0.8511770660109901
2025-10-10,0.8515262399152511
2025-10-13,0.851765089789275
2025-10-14,0.851928156238334
2025-10-15,0.852039339971139
2025-10-16,0.8521150825228496
2025-10-17,0.8521666509423476
2025-10-20,0.8522017467682673
2025-10-21,0.8522256254559498
2025-10-22,0.8522418692072242
2025-10-23,0.8522529178392411
2025-10-24,0.8522604322376843
2025-10-27,0.8522655426407162
2025-10-28,0.852269017996297
2025-10-29,0.8522713813672533
2025-10-30,0.8522729885185432
2025-10-31,0.852274081408256
