date,ESP_banking_system_f1,ESP_banking_system_f2
1999-02-01,1.219942737285527,0.07840489064252391
1999-02-02,1.21212802082638,0.0858977870542759
1999-02-03,1.2121280208261216,0.0858999181165649
1999-02-04,1.2121280208261216,0.0858999187503031
1999-02-05,1.2121280208261216,0.08589991875049158
1999-02-08,1.2121280208261216,0.08589991875049163
1999-02-09,1.2121280208261216,0.08589991875049163
1999-02-10,1.2121280208261216,0.08589991875049163
1999-02-11,1.2121280208261216,0.08589991875049163
1999-02-12,1.2121280208261216,0.08589991875049163
1999-02-15,1.2121280208261216,0.08589991875049163
1999-02-16,1.2121280208261216,0.08589991875049163
1999-02-17,1.2121280208261216,0.08589991875049163
1999-02-18,1.2121280208261216,0.08589991875049163
1999-02-19,1.2121280208261216,0.08589991875049163
1999-02-22,1.2121280208261216,0.08589991875049163
1999-02-23,1.2121280208261216,0.08589991875049163
1999-02-24,1.2121280208261216,0.08589991875049163
1999-02-25,1.2121280208261216,0.08589991875049163
1999-02-26,1.2121280208261216,0.08589991875049163
1999-03-01,1.2121280208261216,0.08589991875049163
1999-03-02,1.231295249227595,0.029797074469502277
1999-03-03,1.2312952492282216,0.029764665986367275
1999-03-04,1.2312952492282216,0.0297646563433204
1999-03-05,1.2312952492282216,0.029764656340452698
1999-03-08,1.2312952492282216,0.029764656340451848
1999-03-09,1.2312952492282216,0.029764656340451848
1999-03-10,1.2312952492282216,0.029764656340451848
1999-03-11,1.2312952492282216,0.029764656340451848
1999-03-12,1.2312952492282216,0.029764656340451848
1999-03-15,1.2312952492282216,0.029764656340451848
1999-03-16,1.2312952492282216,0.029764656340451848
1999-03-17,1.2312952492282216,0.029764656340451848
1999-03-18,1.2312952492282216,0.029764656340451848
1999-03-19,1.2312952492282216,0.029764656340451848
1999-03-22,1.2312952492282216,0.029764656340451848
1999-03-23,1.2312952492282216,0.029764656340451848
1999-03-24,1.2312952492282216,0.029764656340451848
1999-03-25,1.2312952492282216,0.029764656340451848
1999-03-26,1.2312952492282216,0.029764656340451848
1999-03-29,1.2312952492282216,0.029764656340451848
1999-03-30,1.2312952492282216,0.029764656340451848
1999-03-31,1.2312952492282216,0.029764656340451848
1999-04-01,1.2832481532299465,0.07786894150362647
1999-04-02,1.2832481532316236,0.07787882769288883
1999-04-05,1.2832481532316236,0.07787883063270705
1999-04-06,1.2832481532316236,0.07787883063358131
1999-04-07,1.2832481532316236,0.07787883063358156
1999-04-08,1.2832481532316236,0.07787883063358156
1999-04-09,1.2832481532316236,0.07787883063358156
1999-04-12,1.2832481532316236,0.07787883063358156
1999-04-13,1.2832481532316236,0.07787883063358156
1999-04-14,1.2832481532316236,0.07787883063358156
1999-04-15,1.2832481532316236,0.07787883063358156
1999-04-16,1.2832481532316236,0.07787883063358156
1999-04-19,1.2832481532316236,0.07787883063358156
1999-04-20,1.2832481532316236,0.07787883063358156
1999-04-21,1.2832481532316236,0.07787883063358156
1999-04-22,1.2832481532316236,0.07787883063358156
1999-04-23,1.2832481532316236,0.07787883063358156
1999-04-26,1.2832481532316236,0.07787883063358156
1999-04-27,1.2832481532316236,0.07787883063358156
1999-04-28,1.2832481532316236,0.07787883063358156
1999-04-29,1.2832481532316236,0.07787883063358156
1999-04-30,1.2832481532316236,0.07787883063358156
1999-05-03,1.1630955268081777,0.18531788740975352
1999-05-04,1.1630955268040148,0.18534057497383122
1999-05-05,1.1630955268040148,0.18534058172036055
1999-05-06,1.1630955268040148,0.18534058172236687
1999-05-07,1.1630955268040148,0.18534058172236748
1999-05-10,1.1630955268040148,0.18534058172236748
1999-05-11,1.1630955268040148,0.18534058172236748
1999-05-12,1.1630955268040148,0.18534058172236748
1999-05-13,1.1630955268040148,0.18534058172236748
1999-05-14,1.1630955268040148,0.18534058172236748
1999-05-17,1.1630955268040148,0.18534058172236748
1999-05-18,1.1630955268040148,0.18534058172236748
1999-05-19,1.1630955268040148,0.18534058172236748
1999-05-20,1.1630955268040148,0.18534058172236748
1999-05-21,1.1630955268040148,0.18534058172236748
1999-05-24,1.1630955268040148,0.18534058172236748
1999-05-25,1.1630955268040148,0.18534058172236748
1999-05-26,1.1630955268040148,0.18534058172236748
1999-05-27,1.1630955268040148,0.18534058172236748
1999-05-28,1.1630955268040148,0.18534058172236748
1999-05-31,1.1630955268040148,0.18534058172236748
1999-06-01,1.1522772689210963,0.2602536417039838
1999-06-02,1.1522772689207381,0.26027271270541347
1999-06-03,1.1522772689207381,0.26027271837663635
1999-06-04,1.1522772689207381,0.2602727183783229
1999-06-07,1.1522772689207381,0.2602727183783234
1999-06-08,1.1522772689207381,0.2602727183783234
1999-06-09,1.1522772689207381,0.2602727183783234
1999-06-10,1.1522772689207381,0.2602727183783234
1999-06-11,1.1522772689207381,0.2602727183783234
1999-06-14,1.1522772689207381,0.2602727183783234
1999-06-15,1.1522772689207381,0.2602727183783234
1999-06-16,1.1522772689207381,0.2602727183783234
1999-06-17,1.1522772689207381,0.2602727183783234
1999-06-18,1.1522772689207381,0.2602727183783234
1999-06-21,1.1522772689207381,0.2602727183783234
1999-06-22,1.1522772689207381,0.2602727183783234
1999-06-23,1.1522772689207381,0.2602727183783234
1999-06-24,1.1522772689207381,0.2602727183783234
1999-06-25,1.1522772689207381,0.2602727183783234
1999-06-28,1.1522772689207381,0.2602727183783234
1999-06-29,1.1522772689207381,0.2602727183783234
1999-06-30,1.1522772689207381,0.2602727183783234
1999-07-01,1.1380796055076334,0.2041293697047096
1999-07-02,1.1380796055071627,0.204110376584222
1999-07-05,1.1380796055071627,0.20411037093568904
1999-07-06,1.1380796055071627,0.20411037093400924
1999-07-07,1.1380796055071627,0.20411037093400874
1999-07-08,1.1380796055071627,0.20411037093400874
1999-07-09,1.1380796055071627,0.20411037093400874
1999-07-12,1.1380796055071627,0.20411037093400874
1999-07-13,1.1380796055071627,0.20411037093400874
1999-07-14,1.1380796055071627,0.20411037093400874
1999-07-15,1.1380796055071627,0.20411037093400874
1999-07-16,1.1380796055071627,0.20411037093400874
1999-07-19,1.1380796055071627,0.20411037093400874
1999-07-20,1.1380796055071627,0.20411037093400874
1999-07-21,1.1380796055071627,0.20411037093400874
1999-07-22,1.1380796055071627,0.20411037093400874
1999-07-23,1.1380796055071627,0.20411037093400874
1999-07-26,1.1380796055071627,0.20411037093400874
1999-07-27,1.1380796055071627,0.20411037093400874
1999-07-28,1.1380796055071627,0.20411037093400874
1999-07-29,1.1380796055071627,0.20411037093400874
1999-07-30,1.1380796055071627,0.20411037093400874
1999-08-02,1.1380796055071627,0.20411037093400874
1999-08-03,1.2280357144500937,0.2864316414483893
1999-08-04,1.2280357144529488,0.2864526038253379
1999-08-05,1.2280357144529488,0.28645261005900724
1999-08-06,1.2280357144529488,0.28645261006086103
1999-08-09,1.2280357144529488,0.2864526100608616
1999-08-10,1.2280357144529488,0.2864526100608616
1999-08-11,1.2280357144529488,0.2864526100608616
1999-08-12,1.2280357144529488,0.2864526100608616
1999-08-13,1.2280357144529488,0.2864526100608616
1999-08-16,1.2280357144529488,0.2864526100608616
1999-08-17,1.2280357144529488,0.2864526100608616
1999-08-18,1.2280357144529488,0.2864526100608616
1999-08-19,1.2280357144529488,0.2864526100608616
1999-08-20,1.2280357144529488,0.2864526100608616
1999-08-23,1.2280357144529488,0.2864526100608616
1999-08-24,1.2280357144529488,0.2864526100608616
1999-08-25,1.2280357144529488,0.2864526100608616
1999-08-26,1.2280357144529488,0.2864526100608616
1999-08-27,1.2280357144529488,0.2864526100608616
1999-08-30,1.2280357144529488,0.2864526100608616
1999-08-31,1.2280357144529488,0.2864526100608616
1999-09-01,1.2521823255701097,0.30564493409130805
1999-09-02,1.2521823255708975,0.3056504623560698
1999-09-03,1.2521823255708975,0.3056504640000782
1999-09-06,1.2521823255708975,0.3056504640005671
1999-09-07,1.2521823255708975,0.3056504640005673
1999-09-08,1.2521823255708975,0.3056504640005673
1999-09-09,1.2521823255708975,0.3056504640005673
1999-09-10,1.2521823255708975,0.3056504640005673
1999-09-13,1.2521823255708975,0.3056504640005673
1999-09-14,1.2521823255708975,0.3056504640005673
1999-09-15,1.2521823255708975,0.3056504640005673
1999-09-16,1.2521823255708975,0.3056504640005673
1999-09-17,1.2521823255708975,0.3056504640005673
1999-09-20,1.2521823255708975,0.3056504640005673
1999-09-21,1.2521823255708975,0.3056504640005673
1999-09-22,1.2521823255708975,0.3056504640005673
1999-09-23,1.2521823255708975,0.3056504640005673
1999-09-24,1.2521823255708975,0.3056504640005673
1999-09-27,1.2521823255708975,0.3056504640005673
1999-09-28,1.2521823255708975,0.3056504640005673
1999-09-29,1.2521823255708975,0.3056504640005673
1999-09-30,1.2521823255708975,0.3056504640005673
1999-10-01,1.236204553168016,0.25933558499126586
1999-10-04,1.2362045531674861,0.25932058130947666
1999-10-05,1.2362045531674861,0.2593205768474769
1999-10-06,1.2362045531674861,0.25932057684614995
1999-10-07,1.2362045531674861,0.25932057684614956
1999-10-08,1.2362045531674861,0.25932057684614956
1999-10-11,1.2362045531674861,0.25932057684614956
1999-10-12,1.2362045531674861,0.25932057684614956
1999-10-13,1.2362045531674861,0.25932057684614956
1999-10-14,1.2362045531674861,0.25932057684614956
1999-10-15,1.2362045531674861,0.25932057684614956
1999-10-18,1.2362045531674861,0.25932057684614956
1999-10-19,1.2362045531674861,0.25932057684614956
1999-10-20,1.2362045531674861,0.25932057684614956
1999-10-21,1.2362045531674861,0.25932057684614956
1999-10-22,1.2362045531674861,0.25932057684614956
1999-10-25,1.2362045531674861,0.25932057684614956
1999-10-26,1.2362045531674861,0.25932057684614956
1999-10-27,1.2362045531674861,0.25932057684614956
1999-10-28,1.2362045531674861,0.25932057684614956
1999-10-29,1.2362045531674861,0.25932057684614956
1999-11-01,1.2362045531674861,0.25932057684614956
1999-11-02,1.4011640005577397,0.00736869164979423
1999-11-03,1.4011640005628543,0.005857940201938412
1999-11-04,1.4011640005628543,0.0058574329715198725
1999-11-05,1.4011640005628543,0.005857432820670596
1999-11-08,1.4011640005628543,0.005857432820625736
1999-11-09,1.4011640005628543,0.005857432820625722
1999-11-10,1.4011640005628543,0.005857432820625722
1999-11-11,1.4011640005628543,0.005857432820625722
1999-11-12,1.4011640005628543,0.005857432820625722
1999-11-15,1.4011640005628543,0.005857432820625722
1999-11-16,1.4011640005628543,0.005857432820625722
1999-11-17,1.4011640005628543,0.005857432820625722
1999-11-18,1.4011640005628543,0.005857432820625722
1999-11-19,1.4011640005628543,0.005857432820625722
1999-11-22,1.4011640005628543,0.005857432820625722
1999-11-23,1.4011640005628543,0.005857432820625722
1999-11-24,1.4011640005628543,0.005857432820625722
1999-11-25,1.4011640005628543,0.005857432820625722
1999-11-26,1.4011640005628543,0.005857432820625722
1999-11-29,1.4011640005628543,0.005857432820625722
1999-11-30,1.4011640005628543,0.005857432820625722
1999-12-01,1.3767367332846676,0.1100490815747144
1999-12-02,1.3767367332838558,0.11006539748382078
1999-12-03,1.3767367332838558,0.1100654023355685
1999-12-06,1.3767367332838558,0.11006540233701133
1999-12-07,1.3767367332838558,0.11006540233701177
1999-12-08,1.3767367332838558,0.11006540233701177
1999-12-09,1.3767367332838558,0.11006540233701177
1999-12-10,1.3767367332838558,0.11006540233701177
1999-12-13,1.3767367332838558,0.11006540233701177
1999-12-14,1.3767367332838558,0.11006540233701177
1999-12-15,1.3767367332838558,0.11006540233701177
1999-12-16,1.3767367332838558,0.11006540233701177
1999-12-17,1.3767367332838558,0.11006540233701177
1999-12-20,1.3767367332838558,0.11006540233701177
1999-12-21,1.3767367332838558,0.11006540233701177
1999-12-22,1.3767367332838558,0.11006540233701177
1999-12-23,1.3767367332838558,0.11006540233701177
1999-12-24,1.3767367332838558,0.11006540233701177
1999-12-27,1.3767367332838558,0.11006540233701177
1999-12-28,1.3767367332838558,0.11006540233701177
1999-12-29,1.3767367332838558,0.11006540233701177
1999-12-30,1.3767367332838558,0.11006540233701177
1999-12-31,1.3767367332838558,0.11006540233701177
2000-01-03,1.3167638726734379,0.17650322784472888
2000-01-04,1.3167638726714173,0.17651926623624353
2000-01-05,1.3167638726714173,0.17651927100560466
2000-01-06,1.3167638726714173,0.176519271007023
2000-01-07,1.3167638726714173,0.17651927100702341
2000-01-10,1.3167638726714173,0.17651927100702341
2000-01-11,1.3167638726714173,0.17651927100702341
2000-01-12,1.3167638726714173,0.17651927100702341
2000-01-13,1.3167638726714173,0.17651927100702341
2000-01-14,1.3167638726714173,0.17651927100702341
2000-01-17,1.3167638726714173,0.17651927100702341
2000-01-18,1.3167638726714173,0.17651927100702341
2000-01-19,1.3167638726714173,0.17651927100702341
2000-01-20,1.3167638726714173,0.17651927100702341
2000-01-21,1.3167638726714173,0.17651927100702341
2000-01-24,1.3167638726714173,0.17651927100702341
2000-01-25,1.3167638726714173,0.17651927100702341
2000-01-26,1.3167638726714173,0.17651927100702341
2000-01-27,1.3167638726714173,0.17651927100702341
2000-01-28,1.3167638726714173,0.17651927100702341
2000-01-31,1.3167638726714173,0.17651927100702341
2000-02-01,1.5599783209877094,0.24017230772270765
2000-02-02,1.5599783209950975,0.24018872817860404
2000-02-03,1.5599783209950975,0.24018873306163518
2000-02-04,1.5599783209950975,0.24018873306308733
2000-02-07,1.5599783209950975,0.24018873306308774
2000-02-08,1.5599783209950975,0.24018873306308774
2000-02-09,1.5599783209950975,0.24018873306308774
2000-02-10,1.5599783209950975,0.24018873306308774
2000-02-11,1.5599783209950975,0.24018873306308774
2000-02-14,1.5599783209950975,0.24018873306308774
2000-02-15,1.5599783209950975,0.24018873306308774
2000-02-16,1.5599783209950975,0.24018873306308774
2000-02-17,1.5599783209950975,0.24018873306308774
2000-02-18,1.5599783209950975,0.24018873306308774
2000-02-21,1.5599783209950975,0.24018873306308774
2000-02-22,1.5599783209950975,0.24018873306308774
2000-02-23,1.5599783209950975,0.24018873306308774
2000-02-24,1.5599783209950975,0.24018873306308774
2000-02-25,1.5599783209950975,0.24018873306308774
2000-02-28,1.5599783209950975,0.24018873306308774
2000-02-29,1.5599783209950975,0.24018873306308774
2000-03-01,1.5357105069891717,0.058596942339521604
2000-03-02,1.5357105069883659,0.058459100430895125
2000-03-03,1.5357105069883659,0.058459059390429724
2000-03-06,1.5357105069883659,0.0584590593782249
2000-03-07,1.5357105069883659,0.05845905937822127
2000-03-08,1.5357105069883659,0.05845905937822127
2000-03-09,1.5357105069883659,0.05845905937822127
2000-03-10,1.5357105069883659,0.05845905937822127
2000-03-13,1.5357105069883659,0.05845905937822127
2000-03-14,1.5357105069883659,0.05845905937822127
2000-03-15,1.5357105069883659,0.05845905937822127
2000-03-16,1.5357105069883659,0.05845905937822127
2000-03-17,1.5357105069883659,0.05845905937822127
2000-03-20,1.5357105069883659,0.05845905937822127
2000-03-21,1.5357105069883659,0.05845905937822127
2000-03-22,1.5357105069883659,0.05845905937822127
2000-03-23,1.5357105069883659,0.05845905937822127
2000-03-24,1.5357105069883659,0.05845905937822127
2000-03-27,1.5357105069883659,0.05845905937822127
2000-03-28,1.5357105069883659,0.05845905937822127
2000-03-29,1.5357105069883659,0.05845905937822127
2000-03-30,1.5357105069883659,0.05845905937822127
2000-03-31,1.5357105069883659,0.05845905937822127
2000-04-03,1.5872959402611817,0.031076480709636346
2000-04-04,1.5872959402628537,0.031064747708848
2000-04-05,1.5872959402628537,0.031064744218969844
2000-04-06,1.5872959402628537,0.031064744217932008
2000-04-07,1.5872959402628537,0.031064744217931702
2000-04-10,1.5872959402628537,0.031064744217931702
2000-04-11,1.5872959402628537,0.031064744217931702
2000-04-12,1.5872959402628537,0.031064744217931702
2000-04-13,1.5872959402628537,0.031064744217931702
2000-04-14,1.5872959402628537,0.031064744217931702
2000-04-17,1.5872959402628537,0.031064744217931702
2000-04-18,1.5872959402628537,0.031064744217931702
2000-04-19,1.5872959402628537,0.031064744217931702
2000-04-20,1.5872959402628537,0.031064744217931702
2000-04-21,1.5872959402628537,0.031064744217931702
2000-04-24,1.5872959402628537,0.031064744217931702
2000-04-25,1.5872959402628537,0.031064744217931702
2000-04-26,1.5872959402628537,0.031064744217931702
2000-04-27,1.5872959402628537,0.031064744217931702
2000-04-28,1.5872959402628537,0.031064744217931702
2000-05-01,1.5872959402628537,0.031064744217931702
2000-05-02,1.6947173228784669,0.018252875399934143
2000-05-03,1.6947173228818937,0.01824772745746602
2000-05-04,1.6947173228818937,0.01824772592632888
2000-05-05,1.6947173228818937,0.018247725925873544
2000-05-08,1.6947173228818937,0.01824772592587341
2000-05-09,1.6947173228818937,0.018247725925873405
2000-05-10,1.6947173228818937,0.018247725925873405
2000-05-11,1.6947173228818937,0.018247725925873405
2000-05-12,1.6947173228818937,0.018247725925873405
2000-05-15,1.6947173228818937,0.018247725925873405
2000-05-16,1.6947173228818937,0.018247725925873405
2000-05-17,1.6947173228818937,0.018247725925873405
2000-05-18,1.6947173228818937,0.018247725925873405
2000-05-19,1.6947173228818937,0.018247725925873405
2000-05-22,1.6947173228818937,0.018247725925873405
2000-05-23,1.6947173228818937,0.018247725925873405
2000-05-24,1.6947173228818937,0.018247725925873405
2000-05-25,1.6947173228818937,0.018247725925873405
2000-05-26,1.6947173228818937,0.018247725925873405
2000-05-29,1.6947173228818937,0.018247725925873405
2000-05-30,1.6947173228818937,0.018247725925873405
2000-05-31,1.6947173228818937,0.018247725925873405
2000-06-01,1.8394373049279569,0.15215935086423638
2000-06-02,1.8394373049325372,0.1521816487956892
2000-06-05,1.8394373049325372,0.15218165542627474
2000-06-06,1.8394373049325372,0.15218165542824658
2000-06-07,1.8394373049325372,0.15218165542824716
2000-06-08,1.8394373049325372,0.15218165542824716
2000-06-09,1.8394373049325372,0.15218165542824716
2000-06-12,1.8394373049325372,0.15218165542824716
2000-06-13,1.8394373049325372,0.15218165542824716
2000-06-14,1.8394373049325372,0.15218165542824716
2000-06-15,1.8394373049325372,0.15218165542824716
2000-06-16,1.8394373049325372,0.15218165542824716
2000-06-19,1.8394373049325372,0.15218165542824716
2000-06-20,1.8394373049325372,0.15218165542824716
2000-06-21,1.8394373049325372,0.15218165542824716
2000-06-22,1.8394373049325372,0.15218165542824716
2000-06-23,1.8394373049325372,0.15218165542824716
2000-06-26,1.8394373049325372,0.15218165542824716
2000-06-27,1.8394373049325372,0.15218165542824716
2000-06-28,1.8394373049325372,0.15218165542824716
2000-06-29,1.8394373049325372,0.15218165542824716
2000-06-30,1.8394373049325372,0.15218165542824716
2000-07-03,1.87560504277245,0.20900249559247316
2000-07-04,1.8756050427736302,0.20901709579337838
2000-07-05,1.8756050427736302,0.20901710013510816
2000-07-06,1.8756050427736302,0.20901710013639932
2000-07-07,1.8756050427736302,0.20901710013639974
2000-07-10,1.8756050427736302,0.20901710013639974
2000-07-11,1.8756050427736302,0.20901710013639974
2000-07-12,1.8756050427736302,0.20901710013639974
2000-07-13,1.8756050427736302,0.20901710013639974
2000-07-14,1.8756050427736302,0.20901710013639974
2000-07-17,1.8756050427736302,0.20901710013639974
2000-07-18,1.8756050427736302,0.20901710013639974
2000-07-19,1.8756050427736302,0.20901710013639974
2000-07-20,1.8756050427736302,0.20901710013639974
2000-07-21,1.8756050427736302,0.20901710013639974
2000-07-24,1.8756050427736302,0.20901710013639974
2000-07-25,1.8756050427736302,0.20901710013639974
2000-07-26,1.8756050427736302,0.20901710013639974
2000-07-27,1.8756050427736302,0.20901710013639974
2000-07-28,1.8756050427736302,0.20901710013639974
2000-07-31,1.8756050427736302,0.20901710013639974
2000-08-01,1.9084830607773642,0.22427398417656413
2000-08-02,1.9084830607784382,0.22427836697595988
2000-08-03,1.9084830607784382,0.22427836827932615
2000-08-04,1.9084830607784382,0.22427836827971376
2000-08-07,1.9084830607784382,0.22427836827971387
2000-08-08,1.9084830607784382,0.22427836827971387
2000-08-09,1.9084830607784382,0.22427836827971387
2000-08-10,1.9084830607784382,0.22427836827971387
2000-08-11,1.9084830607784382,0.22427836827971387
2000-08-14,1.9084830607784382,0.22427836827971387
2000-08-15,1.9084830607784382,0.22427836827971387
2000-08-16,1.9084830607784382,0.22427836827971387
2000-08-17,1.9084830607784382,0.22427836827971387
2000-08-18,1.9084830607784382,0.22427836827971387
2000-08-21,1.9084830607784382,0.22427836827971387
2000-08-22,1.9084830607784382,0.22427836827971387
2000-08-23,1.9084830607784382,0.22427836827971387
2000-08-24,1.9084830607784382,0.22427836827971387
2000-08-25,1.9084830607784382,0.22427836827971387
2000-08-28,1.9084830607784382,0.22427836827971387
2000-08-29,1.9084830607784382,0.22427836827971387
2000-08-30,1.9084830607784382,0.22427836827971387
2000-08-31,1.9084830607784382,0.22427836827971387
2000-09-01,1.9876085596437205,0.26336141581904315
2000-09-04,1.9876085596462756,0.26337217590319356
2000-09-05,1.9876085596462756,0.26337217910301636
2000-09-06,1.9876085596462756,0.26337217910396793
2000-09-07,1.9876085596462756,0.2633721791039682
2000-09-08,1.9876085596462756,0.2633721791039682
2000-09-11,1.9876085596462756,0.2633721791039682
2000-09-12,1.9876085596462756,0.2633721791039682
2000-09-13,1.9876085596462756,0.2633721791039682
2000-09-14,1.9876085596462756,0.2633721791039682
2000-09-15,1.9876085596462756,0.2633721791039682
2000-09-18,1.9876085596462756,0.2633721791039682
2000-09-19,1.9876085596462756,0.2633721791039682
2000-09-20,1.9876085596462756,0.2633721791039682
2000-09-21,1.9876085596462756,0.2633721791039682
2000-09-22,1.9876085596462756,0.2633721791039682
2000-09-25,1.9876085596462756,0.2633721791039682
2000-09-26,1.9876085596462756,0.2633721791039682
2000-09-27,1.9876085596462756,0.2633721791039682
2000-09-28,1.9876085596462756,0.2633721791039682
2000-09-29,1.9876085596462756,0.2633721791039682
2000-10-02,1.9876085596462756,0.2633721791039682
2000-10-03,1.9791490236917857,0.3330069855317944
2000-10-04,1.9791490236915064,0.33302552821321
2000-10-05,1.9791490236915064,0.3330255337273727
2000-10-06,1.9791490236915064,0.33302553372901256
2000-10-09,1.9791490236915064,0.33302553372901306
2000-10-10,1.9791490236915064,0.33302553372901306
2000-10-11,1.9791490236915064,0.33302553372901306
2000-10-12,1.9791490236915064,0.33302553372901306
2000-10-13,1.9791490236915064,0.33302553372901306
2000-10-16,1.9791490236915064,0.33302553372901306
2000-10-17,1.9791490236915064,0.33302553372901306
2000-10-18,1.9791490236915064,0.33302553372901306
2000-10-19,1.9791490236915064,0.33302553372901306
2000-10-20,1.9791490236915064,0.33302553372901306
2000-10-23,1.9791490236915064,0.33302553372901306
2000-10-24,1.9791490236915064,0.33302553372901306
2000-10-25,1.9791490236915064,0.33302553372901306
2000-10-26,1.9791490236915064,0.33302553372901306
2000-10-27,1.9791490236915064,0.33302553372901306
2000-10-30,1.9791490236915064,0.33302553372901306
2000-10-31,1.9791490236915064,0.33302553372901306
2000-11-01,2.0791537795138835,0.3386987039235521
2000-11-02,2.0791537795170987,0.3387003769059092
2000-11-03,2.0791537795170987,0.3387003774034279
2000-11-06,2.0791537795170987,0.33870037740357584
2000-11-07,2.0791537795170987,0.3387003774035759
2000-11-08,2.0791537795170987,0.3387003774035759
2000-11-09,2.0791537795170987,0.3387003774035759
2000-11-10,2.0791537795170987,0.3387003774035759
2000-11-13,2.0791537795170987,0.3387003774035759
2000-11-14,2.0791537795170987,0.3387003774035759
2000-11-15,2.0791537795170987,0.3387003774035759
2000-11-16,2.0791537795170987,0.3387003774035759
2000-11-17,2.0791537795170987,0.3387003774035759
2000-11-20,2.0791537795170987,0.3387003774035759
2000-11-21,2.0791537795170987,0.3387003774035759
2000-11-22,2.0791537795170987,0.3387003774035759
2000-11-23,2.0791537795170987,0.3387003774035759
2000-11-24,2.0791537795170987,0.3387003774035759
2000-11-27,2.0791537795170987,0.3387003774035759
2000-11-28,2.0791537795170987,0.3387003774035759
2000-11-29,2.0791537795170987,0.3387003774035759
2000-11-30,2.0791537795170987,0.3387003774035759
2000-12-01,2.1533002058168336,0.2749000716575475
2000-12-04,2.1533002058192343,0.2748788958764063
2000-12-05,2.1533002058192343,0.2748788895788029
2000-12-06,2.1533002058192343,0.27487888957693013
2000-12-07,2.1533002058192343,0.2748788895769296
2000-12-08,2.1533002058192343,0.2748788895769296
2000-12-11,2.1533002058192343,0.2748788895769296
2000-12-12,2.1533002058192343,0.2748788895769296
2000-12-13,2.1533002058192343,0.2748788895769296
2000-12-14,2.1533002058192343,0.2748788895769296
2000-12-15,2.1533002058192343,0.2748788895769296
2000-12-18,2.1533002058192343,0.2748788895769296
2000-12-19,2.1533002058192343,0.2748788895769296
2000-12-20,2.1533002058192343,0.2748788895769296
2000-12-21,2.1533002058192343,0.2748788895769296
2000-12-22,2.1533002058192343,0.2748788895769296
2000-12-25,2.1533002058192343,0.2748788895769296
2000-12-26,2.1533002058192343,0.2748788895769296
2000-12-27,2.1533002058192343,0.2748788895769296
2000-12-28,2.1533002058192343,0.2748788895769296
2000-12-29,2.1533002058192343,0.2748788895769296
2001-01-01,2.1533002058192343,0.2748788895769296
2001-01-02,2.0566849133480223,0.2916575369368085
2001-01-03,2.056684913344765,0.2916623830896837
2001-01-04,2.056684913344765,0.29166238453084514
2001-01-05,2.056684913344765,0.29166238453127374
2001-01-08,2.056684913344765,0.29166238453127385
2001-01-09,2.056684913344765,0.29166238453127385
2001-01-10,2.056684913344765,0.29166238453127385
2001-01-11,2.056684913344765,0.29166238453127385
2001-01-12,2.056684913344765,0.29166238453127385
2001-01-15,2.056684913344765,0.29166238453127385
2001-01-16,2.056684913344765,0.29166238453127385
2001-01-17,2.056684913344765,0.29166238453127385
2001-01-18,2.056684913344765,0.29166238453127385
2001-01-19,2.056684913344765,0.29166238453127385
2001-01-22,2.056684913344765,0.29166238453127385
2001-01-23,2.056684913344765,0.29166238453127385
2001-01-24,2.056684913344765,0.29166238453127385
2001-01-25,2.056684913344765,0.29166238453127385
2001-01-26,2.056684913344765,0.29166238453127385
2001-01-29,2.056684913344765,0.29166238453127385
2001-01-30,2.056684913344765,0.29166238453127385
2001-01-31,2.056684913344765,0.29166238453127385
2001-02-01,1.8894841976845853,0.3866027292835226
2001-02-02,1.889484197678833,0.38662749555304404
2001-02-05,1.889484197678833,0.3866275029179264
2001-02-06,1.889484197678833,0.3866275029201166
2001-02-07,1.889484197678833,0.38662750292011727
2001-02-08,1.889484197678833,0.38662750292011727
2001-02-09,1.889484197678833,0.38662750292011727
2001-02-12,1.889484197678833,0.38662750292011727
2001-02-13,1.889484197678833,0.38662750292011727
2001-02-14,1.889484197678833,0.38662750292011727
2001-02-15,1.889484197678833,0.38662750292011727
2001-02-16,1.889484197678833,0.38662750292011727
2001-02-19,1.889484197678833,0.38662750292011727
2001-02-20,1.889484197678833,0.38662750292011727
2001-02-21,1.889484197678833,0.38662750292011727
2001-02-22,1.889484197678833,0.38662750292011727
2001-02-23,1.889484197678833,0.38662750292011727
2001-02-26,1.889484197678833,0.38662750292011727
2001-02-27,1.889484197678833,0.38662750292011727
2001-02-28,1.889484197678833,0.38662750292011727
2001-03-01,1.9248820974994736,0.32624014881409874
2001-03-02,1.924882097500629,0.3262205278790877
2001-03-05,1.924882097500629,0.3262205220439394
2001-03-06,1.924882097500629,0.32622052204220414
2001-03-07,1.924882097500629,0.3262205220422036
2001-03-08,1.924882097500629,0.3262205220422036
2001-03-09,1.924882097500629,0.3262205220422036
2001-03-12,1.924882097500629,0.3262205220422036
2001-03-13,1.924882097500629,0.3262205220422036
2001-03-14,1.924882097500629,0.3262205220422036
2001-03-15,1.924882097500629,0.3262205220422036
2001-03-16,1.924882097500629,0.3262205220422036
2001-03-19,1.924882097500629,0.3262205220422036
2001-03-20,1.924882097500629,0.3262205220422036
2001-03-21,1.924882097500629,0.3262205220422036
2001-03-22,1.924882097500629,0.3262205220422036
2001-03-23,1.924882097500629,0.3262205220422036
2001-03-26,1.924882097500629,0.3262205220422036
2001-03-27,1.924882097500629,0.3262205220422036
2001-03-28,1.924882097500629,0.3262205220422036
2001-03-29,1.924882097500629,0.3262205220422036
2001-03-30,1.924882097500629,0.3262205220422036
2001-04-02,1.924882097500629,0.3262205220422036
2001-04-03,1.965139800948961,0.23444252183101902
2001-04-04,1.9651398009502736,0.23440988383353573
2001-04-05,1.9651398009502736,0.23440987412680728
2001-04-06,1.9651398009502736,0.23440987412392064
2001-04-09,1.9651398009502736,0.2344098741239198
2001-04-10,1.9651398009502736,0.2344098741239198
2001-04-11,1.9651398009502736,0.2344098741239198
2001-04-12,1.9651398009502736,0.2344098741239198
2001-04-13,1.9651398009502736,0.2344098741239198
2001-04-16,1.9651398009502736,0.2344098741239198
2001-04-17,1.9651398009502736,0.2344098741239198
2001-04-18,1.9651398009502736,0.2344098741239198
2001-04-19,1.9651398009502736,0.2344098741239198
2001-04-20,1.9651398009502736,0.2344098741239198
2001-04-23,1.9651398009502736,0.2344098741239198
2001-04-24,1.9651398009502736,0.2344098741239198
2001-04-25,1.9651398009502736,0.2344098741239198
2001-04-26,1.9651398009502736,0.2344098741239198
2001-04-27,1.9651398009502736,0.2344098741239198
2001-04-30,1.9651398009502736,0.2344098741239198
2001-05-01,1.911502882154542,0.2830518803873098
2001-05-02,1.9115028821527498,0.2830651025557336
2001-05-03,1.9115028821527498,0.28306510648771693
2001-05-04,1.9115028821527498,0.2830651064888863
2001-05-07,1.9115028821527498,0.2830651064888866
2001-05-08,1.9115028821527498,0.2830651064888866
2001-05-09,1.9115028821527498,0.2830651064888866
2001-05-10,1.9115028821527498,0.2830651064888866
2001-05-11,1.9115028821527498,0.2830651064888866
2001-05-14,1.9115028821527498,0.2830651064888866
2001-05-15,1.9115028821527498,0.2830651064888866
2001-05-16,1.9115028821527498,0.2830651064888866
2001-05-17,1.9115028821527498,0.2830651064888866
2001-05-18,1.9115028821527498,0.2830651064888866
2001-05-21,1.9115028821527498,0.2830651064888866
2001-05-22,1.9115028821527498,0.2830651064888866
2001-05-23,1.9115028821527498,0.2830651064888866
2001-05-24,1.9115028821527498,0.2830651064888866
2001-05-25,1.9115028821527498,0.2830651064888866
2001-05-28,1.9115028821527498,0.2830651064888866
2001-05-29,1.9115028821527498,0.2830651064888866
2001-05-30,1.9115028821527498,0.2830651064888866
2001-05-31,1.9115028821527498,0.2830651064888866
2001-06-01,1.934391546397892,0.2167349957495667
2001-06-04,1.9343915463986419,0.2167122505397637
2001-06-05,1.9343915463986419,0.21671224377532328
2001-06-06,1.9343915463986419,0.21671224377331164
2001-06-07,1.9343915463986419,0.21671224377331105
2001-06-08,1.9343915463986419,0.21671224377331105
2001-06-11,1.9343915463986419,0.21671224377331105
2001-06-12,1.9343915463986419,0.21671224377331105
2001-06-13,1.9343915463986419,0.21671224377331105
2001-06-14,1.9343915463986419,0.21671224377331105
2001-06-15,1.9343915463986419,0.21671224377331105
2001-06-18,1.9343915463986419,0.21671224377331105
2001-06-19,1.9343915463986419,0.21671224377331105
2001-06-20,1.9343915463986419,0.21671224377331105
2001-06-21,1.9343915463986419,0.21671224377331105
2001-06-22,1.9343915463986419,0.21671224377331105
2001-06-25,1.9343915463986419,0.21671224377331105
2001-06-26,1.9343915463986419,0.21671224377331105
2001-06-27,1.9343915463986419,0.21671224377331105
2001-06-28,1.9343915463986419,0.21671224377331105
2001-06-29,1.9343915463986419,0.21671224377331105
2001-07-02,1.9343915463986419,0.21671224377331105
2001-07-03,1.9305217700090764,0.08202322869323654
2001-07-04,1.9305217700089488,0.08195025531032807
2001-07-05,1.9305217700089488,0.08195023359947004
2001-07-06,1.9305217700089488,0.08195023359301355
2001-07-09,1.9305217700089488,0.08195023359301164
2001-07-10,1.9305217700089488,0.08195023359301164
2001-07-11,1.9305217700089488,0.08195023359301164
2001-07-12,1.9305217700089488,0.08195023359301164
2001-07-13,1.9305217700089488,0.08195023359301164
2001-07-16,1.9305217700089488,0.08195023359301164
2001-07-17,1.9305217700089488,0.08195023359301164
2001-07-18,1.9305217700089488,0.08195023359301164
2001-07-19,1.9305217700089488,0.08195023359301164
2001-07-20,1.9305217700089488,0.08195023359301164
2001-07-23,1.9305217700089488,0.08195023359301164
2001-07-24,1.9305217700089488,0.08195023359301164
2001-07-25,1.9305217700089488,0.08195023359301164
2001-07-26,1.9305217700089488,0.08195023359301164
2001-07-27,1.9305217700089488,0.08195023359301164
2001-07-30,1.9305217700089488,0.08195023359301164
2001-07-31,1.9305217700089488,0.08195023359301164
2001-08-01,1.959990089458374,0.06246375090593882
2001-08-02,1.9599900894593374,0.062457051642234425
2001-08-03,1.9599900894593374,0.062457049649866675
2001-08-06,1.9599900894593374,0.06245704964927418
2001-08-07,1.9599900894593374,0.062457049649274
2001-08-08,1.9599900894593374,0.062457049649274
2001-08-09,1.9599900894593374,0.062457049649274
2001-08-10,1.9599900894593374,0.062457049649274
2001-08-13,1.9599900894593374,0.062457049649274
2001-08-14,1.9599900894593374,0.062457049649274
2001-08-15,1.9599900894593374,0.062457049649274
2001-08-16,1.9599900894593374,0.062457049649274
2001-08-17,1.9599900894593374,0.062457049649274
2001-08-20,1.9599900894593374,0.062457049649274
2001-08-21,1.9599900894593374,0.062457049649274
2001-08-22,1.9599900894593374,0.062457049649274
2001-08-23,1.9599900894593374,0.062457049649274
2001-08-24,1.9599900894593374,0.062457049649274
2001-08-27,1.9599900894593374,0.062457049649274
2001-08-28,1.9599900894593374,0.062457049649274
2001-08-29,1.9599900894593374,0.062457049649274
2001-08-30,1.9599900894593374,0.062457049649274
2001-08-31,1.9599900894593374,0.062457049649274
2001-09-03,1.9143627135117645,0.03867050251499038
2001-09-04,1.9143627135102435,0.03866125207974004
2001-09-05,1.9143627135102435,0.03866124932846969
2001-09-06,1.9143627135102435,0.0386612493276515
2001-09-07,1.9143627135102435,0.03866124932765126
2001-09-10,1.9143627135102435,0.03866124932765126
2001-09-11,1.9143627135102435,0.03866124932765126
2001-09-12,1.9143627135102435,0.03866124932765126
2001-09-13,1.9143627135102435,0.03866124932765126
2001-09-14,1.9143627135102435,0.03866124932765126
2001-09-17,1.9143627135102435,0.03866124932765126
2001-09-18,1.9143627135102435,0.03866124932765126
2001-09-19,1.9143627135102435,0.03866124932765126
2001-09-20,1.9143627135102435,0.03866124932765126
2001-09-21,1.9143627135102435,0.03866124932765126
2001-09-24,1.9143627135102435,0.03866124932765126
2001-09-25,1.9143627135102435,0.03866124932765126
2001-09-26,1.9143627135102435,0.03866124932765126
2001-09-27,1.9143627135102435,0.03866124932765126
2001-09-28,1.9143627135102435,0.03866124932765126
2001-10-01,1.9143627135102435,0.03866124932765126
2001-10-02,1.9097329867755948,0.2385269480088462
2001-10-03,1.909732986775442,0.23856148092459015
2001-10-04,1.909732986775442,0.23856149119341952
2001-10-05,1.909732986775442,0.23856149119647332
2001-10-08,1.909732986775442,0.23856149119647424
2001-10-09,1.909732986775442,0.23856149119647424
2001-10-10,1.909732986775442,0.23856149119647424
2001-10-11,1.909732986775442,0.23856149119647424
2001-10-12,1.909732986775442,0.23856149119647424
2001-10-15,1.909732986775442,0.23856149119647424
2001-10-16,1.909732986775442,0.23856149119647424
2001-10-17,1.909732986775442,0.23856149119647424
2001-10-18,1.909732986775442,0.23856149119647424
2001-10-19,1.909732986775442,0.23856149119647424
2001-10-22,1.909732986775442,0.23856149119647424
2001-10-23,1.909732986775442,0.23856149119647424
2001-10-24,1.909732986775442,0.23856149119647424
2001-10-25,1.909732986775442,0.23856149119647424
2001-10-26,1.909732986775442,0.23856149119647424
2001-10-29,1.909732986775442,0.23856149119647424
2001-10-30,1.909732986775442,0.23856149119647424
2001-10-31,1.909732986775442,0.23856149119647424
2001-11-01,1.767912051119597,0.34166378023853433
2001-11-02,1.7679120511147373,0.34168981410045446
2001-11-05,1.7679120511147373,0.3416898218422407
2001-11-06,1.7679120511147373,0.34168982184454305
2001-11-07,1.7679120511147373,0.3416898218445437
2001-11-08,1.7679120511147373,0.3416898218445437
2001-11-09,1.7679120511147373,0.3416898218445437
2001-11-12,1.7679120511147373,0.3416898218445437
2001-11-13,1.7679120511147373,0.3416898218445437
2001-11-14,1.7679120511147373,0.3416898218445437
2001-11-15,1.7679120511147373,0.3416898218445437
2001-11-16,1.7679120511147373,0.3416898218445437
2001-11-19,1.7679120511147373,0.3416898218445437
2001-11-20,1.7679120511147373,0.3416898218445437
2001-11-21,1.7679120511147373,0.3416898218445437
2001-11-22,1.7679120511147373,0.3416898218445437
2001-11-23,1.7679120511147373,0.3416898218445437
2001-11-26,1.7679120511147373,0.3416898218445437
2001-11-27,1.7679120511147373,0.3416898218445437
2001-11-28,1.7679120511147373,0.3416898218445437
2001-11-29,1.7679120511147373,0.3416898218445437
2001-11-30,1.7679120511147373,0.3416898218445437
2001-12-03,1.6500807673834645,0.34252469795206886
2001-12-04,1.6500807673794438,0.34252494592907146
2001-12-05,1.6500807673794438,0.3425249460028161
2001-12-06,1.6500807673794438,0.34252494600283806
2001-12-07,1.6500807673794438,0.34252494600283806
2001-12-10,1.6500807673794438,0.34252494600283806
2001-12-11,1.6500807673794438,0.34252494600283806
2001-12-12,1.6500807673794438,0.34252494600283806
2001-12-13,1.6500807673794438,0.34252494600283806
2001-12-14,1.6500807673794438,0.34252494600283806
2001-12-17,1.6500807673794438,0.34252494600283806
2001-12-18,1.6500807673794438,0.34252494600283806
2001-12-19,1.6500807673794438,0.34252494600283806
2001-12-20,1.6500807673794438,0.34252494600283806
2001-12-21,1.6500807673794438,0.34252494600283806
2001-12-24,1.6500807673794438,0.34252494600283806
2001-12-25,1.6500807673794438,0.34252494600283806
2001-12-26,1.6500807673794438,0.34252494600283806
2001-12-27,1.6500807673794438,0.34252494600283806
2001-12-28,1.6500807673794438,0.34252494600283806
2001-12-31,1.6500807673794438,0.34252494600283806
2002-01-01,1.6391116425602672,0.35854766901940266
2002-01-02,1.6391116425599046,0.3585523274404614
2002-01-03,1.6391116425599046,0.3585523288257972
2002-01-04,1.6391116425599046,0.3585523288262092
2002-01-07,1.6391116425599046,0.3585523288262093
2002-01-08,1.6391116425599046,0.3585523288262093
2002-01-09,1.6391116425599046,0.3585523288262093
2002-01-10,1.6391116425599046,0.3585523288262093
2002-01-11,1.6391116425599046,0.3585523288262093
2002-01-14,1.6391116425599046,0.3585523288262093
2002-01-15,1.6391116425599046,0.3585523288262093
2002-01-16,1.6391116425599046,0.3585523288262093
2002-01-17,1.6391116425599046,0.3585523288262093
2002-01-18,1.6391116425599046,0.3585523288262093
2002-01-21,1.6391116425599046,0.3585523288262093
2002-01-22,1.6391116425599046,0.3585523288262093
2002-01-23,1.6391116425599046,0.3585523288262093
2002-01-24,1.6391116425599046,0.3585523288262093
2002-01-25,1.6391116425599046,0.3585523288262093
2002-01-28,1.6391116425599046,0.3585523288262093
2002-01-29,1.6391116425599046,0.3585523288262093
2002-01-30,1.6391116425599046,0.3585523288262093
2002-01-31,1.6391116425599046,0.3585523288262093
2002-02-01,1.6816883093995705,0.42069245074602674
2002-02-04,1.6816883094009554,0.4207095651424202
2002-02-05,1.6816883094009554,0.42070957023188227
2002-02-06,1.6816883094009554,0.42070957023339584
2002-02-07,1.6816883094009554,0.4207095702333962
2002-02-08,1.6816883094009554,0.4207095702333962
2002-02-11,1.6816883094009554,0.4207095702333962
2002-02-12,1.6816883094009554,0.4207095702333962
2002-02-13,1.6816883094009554,0.4207095702333962
2002-02-14,1.6816883094009554,0.4207095702333962
2002-02-15,1.6816883094009554,0.4207095702333962
2002-02-18,1.6816883094009554,0.4207095702333962
2002-02-19,1.6816883094009554,0.4207095702333962
2002-02-20,1.6816883094009554,0.4207095702333962
2002-02-21,1.6816883094009554,0.4207095702333962
2002-02-22,1.6816883094009554,0.4207095702333962
2002-02-25,1.6816883094009554,0.4207095702333962
2002-02-26,1.6816883094009554,0.4207095702333962
2002-02-27,1.6816883094009554,0.4207095702333962
2002-02-28,1.6816883094009554,0.4207095702333962
2002-03-01,1.6777586099544355,0.40126260314907114
2002-03-04,1.6777586099543058,0.4012566797273921
2002-03-05,1.6777586099543058,0.401256677965842
2002-03-06,1.6777586099543058,0.40125667796531816
2002-03-07,1.6777586099543058,0.40125667796531805
2002-03-08,1.6777586099543058,0.40125667796531805
2002-03-11,1.6777586099543058,0.40125667796531805
2002-03-12,1.6777586099543058,0.40125667796531805
2002-03-13,1.6777586099543058,0.40125667796531805
2002-03-14,1.6777586099543058,0.40125667796531805
2002-03-15,1.6777586099543058,0.40125667796531805
2002-03-18,1.6777586099543058,0.40125667796531805
2002-03-19,1.6777586099543058,0.40125667796531805
2002-03-20,1.6777586099543058,0.40125667796531805
2002-03-21,1.6777586099543058,0.40125667796531805
2002-03-22,1.6777586099543058,0.40125667796531805
2002-03-25,1.6777586099543058,0.40125667796531805
2002-03-26,1.6777586099543058,0.40125667796531805
2002-03-27,1.6777586099543058,0.40125667796531805
2002-03-28,1.6777586099543058,0.40125667796531805
2002-03-29,1.6777586099543058,0.40125667796531805
2002-04-01,1.6777586099543058,0.40125667796531805
2002-04-02,1.662839763921136,0.35483048765820974
2002-04-03,1.6628397639206423,0.35481577767678885
2002-04-04,1.6628397639206423,0.3548157733021696
2002-04-05,1.6628397639206423,0.35481577330086866
2002-04-08,1.6628397639206423,0.3548157733008683
2002-04-09,1.6628397639206423,0.3548157733008683
2002-04-10,1.6628397639206423,0.3548157733008683
2002-04-11,1.6628397639206423,0.3548157733008683
2002-04-12,1.6628397639206423,0.3548157733008683
2002-04-15,1.6628397639206423,0.3548157733008683
2002-04-16,1.6628397639206423,0.3548157733008683
2002-04-17,1.6628397639206423,0.3548157733008683
2002-04-18,1.6628397639206423,0.3548157733008683
2002-04-19,1.6628397639206423,0.3548157733008683
2002-04-22,1.6628397639206423,0.3548157733008683
2002-04-23,1.6628397639206423,0.3548157733008683
2002-04-24,1.6628397639206423,0.3548157733008683
2002-04-25,1.6628397639206423,0.3548157733008683
2002-04-26,1.6628397639206423,0.3548157733008683
2002-04-29,1.6628397639206423,0.3548157733008683
2002-04-30,1.6628397639206423,0.3548157733008683
2002-05-01,1.6562402810209378,0.33450197866394327
2002-05-02,1.65624028102072,0.3344957541562651
2002-05-03,1.65624028102072,0.3344957523051723
2002-05-06,1.65624028102072,0.33449575230462186
2002-05-07,1.65624028102072,0.3344957523046217
2002-05-08,1.65624028102072,0.3344957523046217
2002-05-09,1.65624028102072,0.3344957523046217
2002-05-10,1.65624028102072,0.3344957523046217
2002-05-13,1.65624028102072,0.3344957523046217
2002-05-14,1.65624028102072,0.3344957523046217
2002-05-15,1.65624028102072,0.3344957523046217
2002-05-16,1.65624028102072,0.3344957523046217
2002-05-17,1.65624028102072,0.3344957523046217
2002-05-20,1.65624028102072,0.3344957523046217
2002-05-21,1.65624028102072,0.3344957523046217
2002-05-22,1.65624028102072,0.3344957523046217
2002-05-23,1.65624028102072,0.3344957523046217
2002-05-24,1.65624028102072,0.3344957523046217
2002-05-27,1.65624028102072,0.3344957523046217
2002-05-28,1.65624028102072,0.3344957523046217
2002-05-29,1.65624028102072,0.3344957523046217
2002-05-30,1.65624028102072,0.3344957523046217
2002-05-31,1.65624028102072,0.3344957523046217
2002-06-03,1.6735389342569433,0.3123532797872224
2002-06-04,1.6735389342575102,0.3123464614754901
2002-06-05,1.6735389342575102,0.312346459447804
2002-06-06,1.6735389342575102,0.312346459447201
2002-06-07,1.6735389342575102,0.31234645944720085
2002-06-10,1.6735389342575102,0.31234645944720085
2002-06-11,1.6735389342575102,0.31234645944720085
2002-06-12,1.6735389342575102,0.31234645944720085
2002-06-13,1.6735389342575102,0.31234645944720085
2002-06-14,1.6735389342575102,0.31234645944720085
2002-06-17,1.6735389342575102,0.31234645944720085
2002-06-18,1.6735389342575102,0.31234645944720085
2002-06-19,1.6735389342575102,0.31234645944720085
2002-06-20,1.6735389342575102,0.31234645944720085
2002-06-21,1.6735389342575102,0.31234645944720085
2002-06-24,1.6735389342575102,0.31234645944720085
2002-06-25,1.6735389342575102,0.31234645944720085
2002-06-26,1.6735389342575102,0.31234645944720085
2002-06-27,1.6735389342575102,0.31234645944720085
2002-06-28,1.6735389342575102,0.31234645944720085
2002-07-01,1.6735389342575102,0.31234645944720085
2002-07-02,1.7334444781329568,0.39762349439916383
2002-07-03,1.7334444781348963,0.39764613441866126
2002-07-04,1.7334444781348963,0.39764614115127284
2002-07-05,1.7334444781348963,0.397646141153275
2002-07-08,1.7334444781348963,0.3976461411532757
2002-07-09,1.7334444781348963,0.3976461411532757
2002-07-10,1.7334444781348963,0.3976461411532757
2002-07-11,1.7334444781348963,0.3976461411532757
2002-07-12,1.7334444781348963,0.3976461411532757
2002-07-15,1.7334444781348963,0.3976461411532757
2002-07-16,1.7334444781348963,0.3976461411532757
2002-07-17,1.7334444781348963,0.3976461411532757
2002-07-18,1.7334444781348963,0.3976461411532757
2002-07-19,1.7334444781348963,0.3976461411532757
2002-07-22,1.7334444781348963,0.3976461411532757
2002-07-23,1.7334444781348963,0.3976461411532757
2002-07-24,1.7334444781348963,0.3976461411532757
2002-07-25,1.7334444781348963,0.3976461411532757
2002-07-26,1.7334444781348963,0.3976461411532757
2002-07-29,1.7334444781348963,0.3976461411532757
2002-07-30,1.7334444781348963,0.3976461411532757
2002-07-31,1.7334444781348963,0.3976461411532757
2002-08-01,1.7804111942108796,0.5197942419901271
2002-08-02,1.7804111942124066,0.519826297954931
2002-08-05,1.7804111942124066,0.5198263074876017
2002-08-06,1.7804111942124066,0.5198263074904366
2002-08-07,1.7804111942124066,0.5198263074904373
2002-08-08,1.7804111942124066,0.5198263074904373
2002-08-09,1.7804111942124066,0.5198263074904373
2002-08-12,1.7804111942124066,0.5198263074904373
2002-08-13,1.7804111942124066,0.5198263074904373
2002-08-14,1.7804111942124066,0.5198263074904373
2002-08-15,1.7804111942124066,0.5198263074904373
2002-08-16,1.7804111942124066,0.5198263074904373
2002-08-19,1.7804111942124066,0.5198263074904373
2002-08-20,1.7804111942124066,0.5198263074904373
2002-08-21,1.7804111942124066,0.5198263074904373
2002-08-22,1.7804111942124066,0.5198263074904373
2002-08-23,1.7804111942124066,0.5198263074904373
2002-08-26,1.7804111942124066,0.5198263074904373
2002-08-27,1.7804111942124066,0.5198263074904373
2002-08-28,1.7804111942124066,0.5198263074904373
2002-08-29,1.7804111942124066,0.5198263074904373
2002-08-30,1.7804111942124066,0.5198263074904373
2002-09-02,1.7804111942124066,0.5198263074904373
2002-09-03,1.7450136528063591,0.5152999866506331
2002-09-04,1.7450136528051812,0.5152986346769103
2002-09-05,1.7450136528051812,0.515298634274853
2002-09-06,1.7450136528051812,0.5152986342747334
2002-09-09,1.7450136528051812,0.5152986342747334
2002-09-10,1.7450136528051812,0.5152986342747334
2002-09-11,1.7450136528051812,0.5152986342747334
2002-09-12,1.7450136528051812,0.5152986342747334
2002-09-13,1.7450136528051812,0.5152986342747334
2002-09-16,1.7450136528051812,0.5152986342747334
2002-09-17,1.7450136528051812,0.5152986342747334
2002-09-18,1.7450136528051812,0.5152986342747334
2002-09-19,1.7450136528051812,0.5152986342747334
2002-09-20,1.7450136528051812,0.5152986342747334
2002-09-23,1.7450136528051812,0.5152986342747334
2002-09-24,1.7450136528051812,0.5152986342747334
2002-09-25,1.7450136528051812,0.5152986342747334
2002-09-26,1.7450136528051812,0.5152986342747334
2002-09-27,1.7450136528051812,0.5152986342747334
2002-09-30,1.7450136528051812,0.5152986342747334
2002-10-01,1.8371474511499009,0.6747045268244504
2002-10-02,1.83714745115286,0.6747463305073911
2002-10-03,1.83714745115286,0.6747463429387962
2002-10-04,1.83714745115286,0.6747463429424931
2002-10-07,1.83714745115286,0.6747463429424942
2002-10-08,1.83714745115286,0.6747463429424942
2002-10-09,1.83714745115286,0.6747463429424942
2002-10-10,1.83714745115286,0.6747463429424942
2002-10-11,1.83714745115286,0.6747463429424942
2002-10-14,1.83714745115286,0.6747463429424942
2002-10-15,1.83714745115286,0.6747463429424942
2002-10-16,1.83714745115286,0.6747463429424942
2002-10-17,1.83714745115286,0.6747463429424942
2002-10-18,1.83714745115286,0.6747463429424942
2002-10-21,1.83714745115286,0.6747463429424942
2002-10-22,1.83714745115286,0.6747463429424942
2002-10-23,1.83714745115286,0.6747463429424942
2002-10-24,1.83714745115286,0.6747463429424942
2002-10-25,1.83714745115286,0.6747463429424942
2002-10-28,1.83714745115286,0.6747463429424942
2002-10-29,1.83714745115286,0.6747463429424942
2002-10-30,1.83714745115286,0.6747463429424942
2002-10-31,1.83714745115286,0.6747463429424942
2002-11-01,1.7551729370310742,0.5937760286861286
2002-11-04,1.7551729370283105,0.5937503069760784
2002-11-05,1.7551729370283105,0.5937502993266607
2002-11-06,1.7551729370283105,0.5937502993243858
2002-11-07,1.7551729370283105,0.5937502993243852
2002-11-08,1.7551729370283105,0.5937502993243852
2002-11-11,1.7551729370283105,0.5937502993243852
2002-11-12,1.7551729370283105,0.5937502993243852
2002-11-13,1.7551729370283105,0.5937502993243852
2002-11-14,1.7551729370283105,0.5937502993243852
2002-11-15,1.7551729370283105,0.5937502993243852
2002-11-18,1.7551729370283105,0.5937502993243852
2002-11-19,1.7551729370283105,0.5937502993243852
2002-11-20,1.7551729370283105,0.5937502993243852
2002-11-21,1.7551729370283105,0.5937502993243852
2002-11-22,1.7551729370283105,0.5937502993243852
2002-11-25,1.7551729370283105,0.5937502993243852
2002-11-26,1.7551729370283105,0.5937502993243852
2002-11-27,1.7551729370283105,0.5937502993243852
2002-11-28,1.7551729370283105,0.5937502993243852
2002-11-29,1.7551729370283105,0.5937502993243852
2002-12-02,1.7551729370283105,0.5937502993243852
2002-12-03,1.6539104645617746,0.5585608631051742
2002-12-04,1.6539104645583362,0.5585500685460721
2002-12-05,1.6539104645583362,0.5585500653359006
2002-12-06,1.6539104645583362,0.558550065334946
2002-12-09,1.6539104645583362,0.5585500653349457
2002-12-10,1.6539104645583362,0.5585500653349457
2002-12-11,1.6539104645583362,0.5585500653349457
2002-12-12,1.6539104645583362,0.5585500653349457
2002-12-13,1.6539104645583362,0.5585500653349457
2002-12-16,1.6539104645583362,0.5585500653349457
2002-12-17,1.6539104645583362,0.5585500653349457
2002-12-18,1.6539104645583362,0.5585500653349457
2002-12-19,1.6539104645583362,0.5585500653349457
2002-12-20,1.6539104645583362,0.5585500653349457
2002-12-23,1.6539104645583362,0.5585500653349457
2002-12-24,1.6539104645583362,0.5585500653349457
2002-12-25,1.6539104645583362,0.5585500653349457
2002-12-26,1.6539104645583362,0.5585500653349457
2002-12-27,1.6539104645583362,0.5585500653349457
2002-12-30,1.6539104645583362,0.5585500653349457
2002-12-31,1.6539104645583362,0.5585500653349457
2003-01-01,1.6454311369292884,0.6868805444658278
2003-01-02,1.6454311369290084,0.6869151420946532
2003-01-03,1.6454311369290084,0.6869151523832117
2003-01-06,1.6454311369290084,0.6869151523862713
2003-01-07,1.6454311369290084,0.6869151523862722
2003-01-08,1.6454311369290084,0.6869151523862722
2003-01-09,1.6454311369290084,0.6869151523862722
2003-01-10,1.6454311369290084,0.6869151523862722
2003-01-13,1.6454311369290084,0.6869151523862722
2003-01-14,1.6454311369290084,0.6869151523862722
2003-01-15,1.6454311369290084,0.6869151523862722
2003-01-16,1.6454311369290084,0.6869151523862722
2003-01-17,1.6454311369290084,0.6869151523862722
2003-01-20,1.6454311369290084,0.6869151523862722
2003-01-21,1.6454311369290084,0.6869151523862722
2003-01-22,1.6454311369290084,0.6869151523862722
2003-01-23,1.6454311369290084,0.6869151523862722
2003-01-24,1.6454311369290084,0.6869151523862722
2003-01-27,1.6454311369290084,0.6869151523862722
2003-01-28,1.6454311369290084,0.6869151523862722
2003-01-29,1.6454311369290084,0.6869151523862722
2003-01-30,1.6454311369290084,0.6869151523862722
2003-01-31,1.6454311369290084,0.6869151523862722
2003-02-03,1.6024246567248273,0.7158710199036245
2003-02-04,1.6024246567233913,0.715879456744404
2003-02-05,1.6024246567233913,0.7158794592533796
2003-02-06,1.6024246567233913,0.7158794592541257
2003-02-07,1.6024246567233913,0.7158794592541259
2003-02-10,1.6024246567233913,0.7158794592541259
2003-02-11,1.6024246567233913,0.7158794592541259
2003-02-12,1.6024246567233913,0.7158794592541259
2003-02-13,1.6024246567233913,0.7158794592541259
2003-02-14,1.6024246567233913,0.7158794592541259
2003-02-17,1.6024246567233913,0.7158794592541259
2003-02-18,1.6024246567233913,0.7158794592541259
2003-02-19,1.6024246567233913,0.7158794592541259
2003-02-20,1.6024246567233913,0.7158794592541259
2003-02-21,1.6024246567233913,0.7158794592541259
2003-02-24,1.6024246567233913,0.7158794592541259
2003-02-25,1.6024246567233913,0.7158794592541259
2003-02-26,1.6024246567233913,0.7158794592541259
2003-02-27,1.6024246567233913,0.7158794592541259
2003-02-28,1.6024246567233913,0.7158794592541259
2003-03-03,1.5547487862930125,0.7603522316380611
2003-03-04,1.5547487862914178,0.7603650702884658
2003-03-05,1.5547487862914178,0.7603650741064562
2003-03-06,1.5547487862914178,0.7603650741075917
2003-03-07,1.5547487862914178,0.7603650741075919
2003-03-10,1.5547487862914178,0.7603650741075919
2003-03-11,1.5547487862914178,0.7603650741075919
2003-03-12,1.5547487862914178,0.7603650741075919
2003-03-13,1.5547487862914178,0.7603650741075919
2003-03-14,1.5547487862914178,0.7603650741075919
2003-03-17,1.5547487862914178,0.7603650741075919
2003-03-18,1.5547487862914178,0.7603650741075919
2003-03-19,1.5547487862914178,0.7603650741075919
2003-03-20,1.5547487862914178,0.7603650741075919
2003-03-21,1.5547487862914178,0.7603650741075919
2003-03-24,1.5547487862914178,0.7603650741075919
2003-03-25,1.5547487862914178,0.7603650741075919
2003-03-26,1.5547487862914178,0.7603650741075919
2003-03-27,1.5547487862914178,0.7603650741075919
2003-03-28,1.5547487862914178,0.7603650741075919
2003-03-31,1.5547487862914178,0.7603650741075919
2003-04-01,1.518142133127861,0.8302065604580848
2003-04-02,1.5181421331266405,0.8302264563988099
2003-04-03,1.5181421331266405,0.8302264623154942
2003-04-04,1.5181421331266405,0.8302264623172538
2003-04-07,1.5181421331266405,0.8302264623172544
2003-04-08,1.5181421331266405,0.8302264623172544
2003-04-09,1.5181421331266405,0.8302264623172544
2003-04-10,1.5181421331266405,0.8302264623172544
2003-04-11,1.5181421331266405,0.8302264623172544
2003-04-14,1.5181421331266405,0.8302264623172544
2003-04-15,1.5181421331266405,0.8302264623172544
2003-04-16,1.5181421331266405,0.8302264623172544
2003-04-17,1.5181421331266405,0.8302264623172544
2003-04-18,1.5181421331266405,0.8302264623172544
2003-04-21,1.5181421331266405,0.8302264623172544
2003-04-22,1.5181421331266405,0.8302264623172544
2003-04-23,1.5181421331266405,0.8302264623172544
2003-04-24,1.5181421331266405,0.8302264623172544
2003-04-25,1.5181421331266405,0.8302264623172544
2003-04-28,1.5181421331266405,0.8302264623172544
2003-04-29,1.5181421331266405,0.8302264623172544
2003-04-30,1.5181421331266405,0.8302264623172544
2003-05-01,1.424901434795593,0.7082877216017678
2003-05-02,1.4249014347924207,0.7082483362518277
2003-05-05,1.4249014347924207,0.7082483245388878
2003-05-06,1.4249014347924207,0.7082483245354044
2003-05-07,1.4249014347924207,0.7082483245354034
2003-05-08,1.4249014347924207,0.7082483245354034
2003-05-09,1.4249014347924207,0.7082483245354034
2003-05-12,1.4249014347924207,0.7082483245354034
2003-05-13,1.4249014347924207,0.7082483245354034
2003-05-14,1.4249014347924207,0.7082483245354034
2003-05-15,1.4249014347924207,0.7082483245354034
2003-05-16,1.4249014347924207,0.7082483245354034
2003-05-19,1.4249014347924207,0.7082483245354034
2003-05-20,1.4249014347924207,0.7082483245354034
2003-05-21,1.4249014347924207,0.7082483245354034
2003-05-22,1.4249014347924207,0.7082483245354034
2003-05-23,1.4249014347924207,0.7082483245354034
2003-05-26,1.4249014347924207,0.7082483245354034
2003-05-27,1.4249014347924207,0.7082483245354034
2003-05-28,1.4249014347924207,0.7082483245354034
2003-05-29,1.4249014347924207,0.7082483245354034
2003-05-30,1.4249014347924207,0.7082483245354034
2003-06-02,1.4249014347924207,0.7082483245354034
2003-06-03,1.358738809624214,0.7183268465588669
2003-06-04,1.358738809621981,0.7183298227282818
2003-06-05,1.358738809621981,0.7183298236133483
2003-06-06,1.358738809621981,0.7183298236136115
2003-06-09,1.358738809621981,0.7183298236136116
2003-06-10,1.358738809621981,0.7183298236136116
2003-06-11,1.358738809621981,0.7183298236136116
2003-06-12,1.358738809621981,0.7183298236136116
2003-06-13,1.358738809621981,0.7183298236136116
2003-06-16,1.358738809621981,0.7183298236136116
2003-06-17,1.358738809621981,0.7183298236136116
2003-06-18,1.358738809621981,0.7183298236136116
2003-06-19,1.358738809621981,0.7183298236136116
2003-06-20,1.358738809621981,0.7183298236136116
2003-06-23,1.358738809621981,0.7183298236136116
2003-06-24,1.358738809621981,0.7183298236136116
2003-06-25,1.358738809621981,0.7183298236136116
2003-06-26,1.358738809621981,0.7183298236136116
2003-06-27,1.358738809621981,0.7183298236136116
2003-06-30,1.358738809621981,0.7183298236136116
2003-07-01,1.25857145064586,0.7699606594396642
2003-07-02,1.2585714506424288,0.7699754987349264
2003-07-03,1.2585714506424288,0.7699755031478684
2003-07-04,1.2585714506424288,0.7699755031491807
2003-07-07,1.2585714506424288,0.7699755031491812
2003-07-08,1.2585714506424288,0.7699755031491812
2003-07-09,1.2585714506424288,0.7699755031491812
2003-07-10,1.2585714506424288,0.7699755031491812
2003-07-11,1.2585714506424288,0.7699755031491812
2003-07-14,1.2585714506424288,0.7699755031491812
2003-07-15,1.2585714506424288,0.7699755031491812
2003-07-16,1.2585714506424288,0.7699755031491812
2003-07-17,1.2585714506424288,0.7699755031491812
2003-07-18,1.2585714506424288,0.7699755031491812
2003-07-21,1.2585714506424288,0.7699755031491812
2003-07-22,1.2585714506424288,0.7699755031491812
2003-07-23,1.2585714506424288,0.7699755031491812
2003-07-24,1.2585714506424288,0.7699755031491812
2003-07-25,1.2585714506424288,0.7699755031491812
2003-07-28,1.2585714506424288,0.7699755031491812
2003-07-29,1.2585714506424288,0.7699755031491812
2003-07-30,1.2585714506424288,0.7699755031491812
2003-07-31,1.2585714506424288,0.7699755031491812
2003-08-01,1.2323450999107952,0.7537749644906195
2003-08-04,1.2323450999099221,0.7537700949035299
2003-08-05,1.2323450999099221,0.7537700934553828
2003-08-06,1.2323450999099221,0.753770093454952
2003-08-07,1.2323450999099221,0.7537700934549519
2003-08-08,1.2323450999099221,0.7537700934549519
2003-08-11,1.2323450999099221,0.7537700934549519
2003-08-12,1.2323450999099221,0.7537700934549519
2003-08-13,1.2323450999099221,0.7537700934549519
2003-08-14,1.2323450999099221,0.7537700934549519
2003-08-15,1.2323450999099221,0.7537700934549519
2003-08-18,1.2323450999099221,0.7537700934549519
2003-08-19,1.2323450999099221,0.7537700934549519
2003-08-20,1.2323450999099221,0.7537700934549519
2003-08-21,1.2323450999099221,0.7537700934549519
2003-08-22,1.2323450999099221,0.7537700934549519
2003-08-25,1.2323450999099221,0.7537700934549519
2003-08-26,1.2323450999099221,0.7537700934549519
2003-08-27,1.2323450999099221,0.7537700934549519
2003-08-28,1.2323450999099221,0.7537700934549519
2003-08-29,1.2323450999099221,0.7537700934549519
2003-09-01,1.2323450999099221,0.7537700934549519
2003-09-02,1.24099387942542,0.7577964977802992
2003-09-03,1.240993879425704,0.7577976919907546
2003-09-04,1.240993879425704,0.7577976923458946
2003-09-05,1.240993879425704,0.7577976923460003
2003-09-08,1.240993879425704,0.7577976923460003
2003-09-09,1.240993879425704,0.7577976923460003
2003-09-10,1.240993879425704,0.7577976923460003
2003-09-11,1.240993879425704,0.7577976923460003
2003-09-12,1.240993879425704,0.7577976923460003
2003-09-15,1.240993879425704,0.7577976923460003
2003-09-16,1.240993879425704,0.7577976923460003
2003-09-17,1.240993879425704,0.7577976923460003
2003-09-18,1.240993879425704,0.7577976923460003
2003-09-19,1.240993879425704,0.7577976923460003
2003-09-22,1.240993879425704,0.7577976923460003
2003-09-23,1.240993879425704,0.7577976923460003
2003-09-24,1.240993879425704,0.7577976923460003
2003-09-25,1.240993879425704,0.7577976923460003
2003-09-26,1.240993879425704,0.7577976923460003
2003-09-29,1.240993879425704,0.7577976923460003
2003-09-30,1.240993879425704,0.7577976923460003
2003-10-01,1.2547119780933915,0.7715106890380219
2003-10-02,1.2547119780938412,0.7715147308256629
2003-10-03,1.2547119780938412,0.771514732027627
2003-10-06,1.2547119780938412,0.7715147320279844
2003-10-07,1.2547119780938412,0.7715147320279845
2003-10-08,1.2547119780938412,0.7715147320279845
2003-10-09,1.2547119780938412,0.7715147320279845
2003-10-10,1.2547119780938412,0.7715147320279845
2003-10-13,1.2547119780938412,0.7715147320279845
2003-10-14,1.2547119780938412,0.7715147320279845
2003-10-15,1.2547119780938412,0.7715147320279845
2003-10-16,1.2547119780938412,0.7715147320279845
2003-10-17,1.2547119780938412,0.7715147320279845
2003-10-20,1.2547119780938412,0.7715147320279845
2003-10-21,1.2547119780938412,0.7715147320279845
2003-10-22,1.2547119780938412,0.7715147320279845
2003-10-23,1.2547119780938412,0.7715147320279845
2003-10-24,1.2547119780938412,0.7715147320279845
2003-10-27,1.2547119780938412,0.7715147320279845
2003-10-28,1.2547119780938412,0.7715147320279845
2003-10-29,1.2547119780938412,0.7715147320279845
2003-10-30,1.2547119780938412,0.7715147320279845
2003-10-31,1.2547119780938412,0.7715147320279845
2003-11-03,1.1996998652897362,0.7041647074777411
2003-11-04,1.199699865287882,0.7041437204402297
2003-11-05,1.199699865287882,0.7041437141989054
2003-11-06,1.199699865287882,0.7041437141970494
2003-11-07,1.199699865287882,0.7041437141970488
2003-11-10,1.199699865287882,0.7041437141970488
2003-11-11,1.199699865287882,0.7041437141970488
2003-11-12,1.199699865287882,0.7041437141970488
2003-11-13,1.199699865287882,0.7041437141970488
2003-11-14,1.199699865287882,0.7041437141970488
2003-11-17,1.199699865287882,0.7041437141970488
2003-11-18,1.199699865287882,0.7041437141970488
2003-11-19,1.199699865287882,0.7041437141970488
2003-11-20,1.199699865287882,0.7041437141970488
2003-11-21,1.199699865287882,0.7041437141970488
2003-11-24,1.199699865287882,0.7041437141970488
2003-11-25,1.199699865287882,0.7041437141970488
2003-11-26,1.199699865287882,0.7041437141970488
2003-11-27,1.199699865287882,0.7041437141970488
2003-11-28,1.199699865287882,0.7041437141970488
2003-12-01,1.199699865287882,0.7041437141970488
2003-12-02,1.1629355523305533,0.6414349531497446
2003-12-03,1.1629355523293228,0.641415392627292
2003-12-04,1.1629355523293228,0.6414153868101963
2003-12-05,1.1629355523293228,0.6414153868084663
2003-12-08,1.1629355523293228,0.6414153868084659
2003-12-09,1.1629355523293228,0.6414153868084659
2003-12-10,1.1629355523293228,0.6414153868084659
2003-12-11,1.1629355523293228,0.6414153868084659
2003-12-12,1.1629355523293228,0.6414153868084659
2003-12-15,1.1629355523293228,0.6414153868084659
2003-12-16,1.1629355523293228,0.6414153868084659
2003-12-17,1.1629355523293228,0.6414153868084659
2003-12-18,1.1629355523293228,0.6414153868084659
2003-12-19,1.1629355523293228,0.6414153868084659
2003-12-22,1.1629355523293228,0.6414153868084659
2003-12-23,1.1629355523293228,0.6414153868084659
2003-12-24,1.1629355523293228,0.6414153868084659
2003-12-25,1.1629355523293228,0.6414153868084659
2003-12-26,1.1629355523293228,0.6414153868084659
2003-12-29,1.1629355523293228,0.6414153868084659
2003-12-30,1.1629355523293228,0.6414153868084659
2003-12-31,1.1629355523293228,0.6414153868084659
2004-01-01,1.0737109743676347,0.5276919478357178
2004-01-02,1.0737109743645732,0.5276544826011391
2004-01-05,1.0737109743645732,0.5276544714591428
2004-01-06,1.0737109743645732,0.5276544714558293
2004-01-07,1.0737109743645732,0.5276544714558283
2004-01-08,1.0737109743645732,0.5276544714558283
2004-01-09,1.0737109743645732,0.5276544714558283
2004-01-12,1.0737109743645732,0.5276544714558283
2004-01-13,1.0737109743645732,0.5276544714558283
2004-01-14,1.0737109743645732,0.5276544714558283
2004-01-15,1.0737109743645732,0.5276544714558283
2004-01-16,1.0737109743645732,0.5276544714558283
2004-01-19,1.0737109743645732,0.5276544714558283
2004-01-20,1.0737109743645732,0.5276544714558283
2004-01-21,1.0737109743645732,0.5276544714558283
2004-01-22,1.0737109743645732,0.5276544714558283
2004-01-23,1.0737109743645732,0.5276544714558283
2004-01-26,1.0737109743645732,0.5276544714558283
2004-01-27,1.0737109743645732,0.5276544714558283
2004-01-28,1.0737109743645732,0.5276544714558283
2004-01-29,1.0737109743645732,0.5276544714558283
2004-01-30,1.0737109743645732,0.5276544714558283
2004-02-02,1.0737109743645732,0.5276544714558283
2004-02-03,1.0252004859899242,0.5154813248531217
2004-02-04,1.025200485988288,0.5154776619836309
2004-02-05,1.025200485988288,0.5154776608943444
2004-02-06,1.025200485988288,0.5154776608940205
2004-02-09,1.025200485988288,0.5154776608940204
2004-02-10,1.025200485988288,0.5154776608940204
2004-02-11,1.025200485988288,0.5154776608940204
2004-02-12,1.025200485988288,0.5154776608940204
2004-02-13,1.025200485988288,0.5154776608940204
2004-02-16,1.025200485988288,0.5154776608940204
2004-02-17,1.025200485988288,0.5154776608940204
2004-02-18,1.025200485988288,0.5154776608940204
2004-02-19,1.025200485988288,0.5154776608940204
2004-02-20,1.025200485988288,0.5154776608940204
2004-02-23,1.025200485988288,0.5154776608940204
2004-02-24,1.025200485988288,0.5154776608940204
2004-02-25,1.025200485988288,0.5154776608940204
2004-02-26,1.025200485988288,0.5154776608940204
2004-02-27,1.025200485988288,0.5154776608940204
2004-03-01,1.025200485988288,0.5154776608940204
2004-03-02,0.9763710149700033,0.4623954629748984
2004-03-03,0.9763710149683544,0.4623787707272823
2004-03-04,0.9763710149683544,0.4623787657631678
2004-03-05,0.9763710149683544,0.4623787657616915
2004-03-08,0.9763710149683544,0.46237876576169107
2004-03-09,0.9763710149683544,0.46237876576169107
2004-03-10,0.9763710149683544,0.46237876576169107
2004-03-11,0.9763710149683544,0.46237876576169107
2004-03-12,0.9763710149683544,0.46237876576169107
2004-03-15,0.9763710149683544,0.46237876576169107
2004-03-16,0.9763710149683544,0.46237876576169107
2004-03-17,0.9763710149683544,0.46237876576169107
2004-03-18,0.9763710149683544,0.46237876576169107
2004-03-19,0.9763710149683544,0.46237876576169107
2004-03-22,0.9763710149683544,0.46237876576169107
2004-03-23,0.9763710149683544,0.46237876576169107
2004-03-24,0.9763710149683544,0.46237876576169107
2004-03-25,0.9763710149683544,0.46237876576169107
2004-03-26,0.9763710149683544,0.46237876576169107
2004-03-29,0.9763710149683544,0.46237876576169107
2004-03-30,0.9763710149683544,0.46237876576169107
2004-03-31,0.9763710149683544,0.46237876576169107
2004-04-01,1.0088538972360663,0.5392439625552657
2004-04-02,1.0088538972371193,0.5392651915393238
2004-04-05,1.0088538972371193,0.539265197852382
2004-04-06,1.0088538972371193,0.5392651978542594
2004-04-07,1.0088538972371193,0.53926519785426
2004-04-08,1.0088538972371193,0.53926519785426
2004-04-09,1.0088538972371193,0.53926519785426
2004-04-12,1.0088538972371193,0.53926519785426
2004-04-13,1.0088538972371193,0.53926519785426
2004-04-14,1.0088538972371193,0.53926519785426
2004-04-15,1.0088538972371193,0.53926519785426
2004-04-16,1.0088538972371193,0.53926519785426
2004-04-19,1.0088538972371193,0.53926519785426
2004-04-20,1.0088538972371193,0.53926519785426
2004-04-21,1.0088538972371193,0.53926519785426
2004-04-22,1.0088538972371193,0.53926519785426
2004-04-23,1.0088538972371193,0.53926519785426
2004-04-26,1.0088538972371193,0.53926519785426
2004-04-27,1.0088538972371193,0.53926519785426
2004-04-28,1.0088538972371193,0.53926519785426
2004-04-29,1.0088538972371193,0.53926519785426
2004-04-30,1.0088538972371193,0.53926519785426
2004-05-03,1.0372380427215255,0.5554088664693734
2004-05-04,1.037238042722448,0.5554135975629846
2004-05-05,1.037238042722448,0.5554135989699351
2004-05-06,1.037238042722448,0.5554135989703536
2004-05-07,1.037238042722448,0.5554135989703537
2004-05-10,1.037238042722448,0.5554135989703537
2004-05-11,1.037238042722448,0.5554135989703537
2004-05-12,1.037238042722448,0.5554135989703537
2004-05-13,1.037238042722448,0.5554135989703537
2004-05-14,1.037238042722448,0.5554135989703537
2004-05-17,1.037238042722448,0.5554135989703537
2004-05-18,1.037238042722448,0.5554135989703537
2004-05-19,1.037238042722448,0.5554135989703537
2004-05-20,1.037238042722448,0.5554135989703537
2004-05-21,1.037238042722448,0.5554135989703537
2004-05-24,1.037238042722448,0.5554135989703537
2004-05-25,1.037238042722448,0.5554135989703537
2004-05-26,1.037238042722448,0.5554135989703537
2004-05-27,1.037238042722448,0.5554135989703537
2004-05-28,1.037238042722448,0.5554135989703537
2004-05-31,1.037238042722448,0.5554135989703537
2004-06-01,1.0440166916626723,0.5364085259288864
2004-06-02,1.0440166916628948,0.5364027739507472
2004-06-03,1.0440166916628948,0.5364027722401857
2004-06-04,1.0440166916628948,0.536402772239677
2004-06-07,1.0440166916628948,0.5364027722396768
2004-06-08,1.0440166916628948,0.5364027722396768
2004-06-09,1.0440166916628948,0.5364027722396768
2004-06-10,1.0440166916628948,0.5364027722396768
2004-06-11,1.0440166916628948,0.5364027722396768
2004-06-14,1.0440166916628948,0.5364027722396768
2004-06-15,1.0440166916628948,0.5364027722396768
2004-06-16,1.0440166916628948,0.5364027722396768
2004-06-17,1.0440166916628948,0.5364027722396768
2004-06-18,1.0440166916628948,0.5364027722396768
2004-06-21,1.0440166916628948,0.5364027722396768
2004-06-22,1.0440166916628948,0.5364027722396768
2004-06-23,1.0440166916628948,0.5364027722396768
2004-06-24,1.0440166916628948,0.5364027722396768
2004-06-25,1.0440166916628948,0.5364027722396768
2004-06-28,1.0440166916628948,0.5364027722396768
2004-06-29,1.0440166916628948,0.5364027722396768
2004-06-30,1.0440166916628948,0.5364027722396768
2004-07-01,1.0336887572046918,0.5016013078067187
2004-07-02,1.0336887572043496,0.5015905992314832
2004-07-05,1.0336887572043496,0.501590596046879
2004-07-06,1.0336887572043496,0.5015905960459319
2004-07-07,1.0336887572043496,0.5015905960459316
2004-07-08,1.0336887572043496,0.5015905960459316
2004-07-09,1.0336887572043496,0.5015905960459316
2004-07-12,1.0336887572043496,0.5015905960459316
2004-07-13,1.0336887572043496,0.5015905960459316
2004-07-14,1.0336887572043496,0.5015905960459316
2004-07-15,1.0336887572043496,0.5015905960459316
2004-07-16,1.0336887572043496,0.5015905960459316
2004-07-19,1.0336887572043496,0.5015905960459316
2004-07-20,1.0336887572043496,0.5015905960459316
2004-07-21,1.0336887572043496,0.5015905960459316
2004-07-22,1.0336887572043496,0.5015905960459316
2004-07-23,1.0336887572043496,0.5015905960459316
2004-07-26,1.0336887572043496,0.5015905960459316
2004-07-27,1.0336887572043496,0.5015905960459316
2004-07-28,1.0336887572043496,0.5015905960459316
2004-07-29,1.0336887572043496,0.5015905960459316
2004-07-30,1.0336887572043496,0.5015905960459316
2004-08-02,1.0336887572043496,0.5015905960459316
2004-08-03,1.060753429817209,0.5464354732946178
2004-08-04,1.0607534298180894,0.5464482621034321
2004-08-05,1.0607534298180894,0.5464482659065881
2004-08-06,1.0607534298180894,0.5464482659077191
2004-08-09,1.0607534298180894,0.5464482659077194
2004-08-10,1.0607534298180894,0.5464482659077194
2004-08-11,1.0607534298180894,0.5464482659077194
2004-08-12,1.0607534298180894,0.5464482659077194
2004-08-13,1.0607534298180894,0.5464482659077194
2004-08-16,1.0607534298180894,0.5464482659077194
2004-08-17,1.0607534298180894,0.5464482659077194
2004-08-18,1.0607534298180894,0.5464482659077194
2004-08-19,1.0607534298180894,0.5464482659077194
2004-08-20,1.0607534298180894,0.5464482659077194
2004-08-23,1.0607534298180894,0.5464482659077194
2004-08-24,1.0607534298180894,0.5464482659077194
2004-08-25,1.0607534298180894,0.5464482659077194
2004-08-26,1.0607534298180894,0.5464482659077194
2004-08-27,1.0607534298180894,0.5464482659077194
2004-08-30,1.0607534298180894,0.5464482659077194
2004-08-31,1.0607534298180894,0.5464482659077194
2004-09-01,1.0481458772382963,0.5303647307142073
2004-09-02,1.0481458772378784,0.530359875165765
2004-09-03,1.0481458772378784,0.5303598737217908
2004-09-06,1.0481458772378784,0.5303598737213614
2004-09-07,1.0481458772378784,0.5303598737213613
2004-09-08,1.0481458772378784,0.5303598737213613
2004-09-09,1.0481458772378784,0.5303598737213613
2004-09-10,1.0481458772378784,0.5303598737213613
2004-09-13,1.0481458772378784,0.5303598737213613
2004-09-14,1.0481458772378784,0.5303598737213613
2004-09-15,1.0481458772378784,0.5303598737213613
2004-09-16,1.0481458772378784,0.5303598737213613
2004-09-17,1.0481458772378784,0.5303598737213613
2004-09-20,1.0481458772378784,0.5303598737213613
2004-09-21,1.0481458772378784,0.5303598737213613
2004-09-22,1.0481458772378784,0.5303598737213613
2004-09-23,1.0481458772378784,0.5303598737213613
2004-09-24,1.0481458772378784,0.5303598737213613
2004-09-27,1.0481458772378784,0.5303598737213613
2004-09-28,1.0481458772378784,0.5303598737213613
2004-09-29,1.0481458772378784,0.5303598737213613
2004-09-30,1.0481458772378784,0.5303598737213613
2004-10-01,1.0196416337481176,0.48760879013994235
2004-10-04,1.0196416337471654,0.487595519096924
2004-10-05,1.0196416337471654,0.4875955151502605
2004-10-06,1.0196416337471654,0.48759551514908683
2004-10-07,1.0196416337471654,0.48759551514908644
2004-10-08,1.0196416337471654,0.48759551514908644
2004-10-11,1.0196416337471654,0.48759551514908644
2004-10-12,1.0196416337471654,0.48759551514908644
2004-10-13,1.0196416337471654,0.48759551514908644
2004-10-14,1.0196416337471654,0.48759551514908644
2004-10-15,1.0196416337471654,0.48759551514908644
2004-10-18,1.0196416337471654,0.48759551514908644
2004-10-19,1.0196416337471654,0.48759551514908644
2004-10-20,1.0196416337471654,0.48759551514908644
2004-10-21,1.0196416337471654,0.48759551514908644
2004-10-22,1.0196416337471654,0.48759551514908644
2004-10-25,1.0196416337471654,0.48759551514908644
2004-10-26,1.0196416337471654,0.48759551514908644
2004-10-27,1.0196416337471654,0.48759551514908644
2004-10-28,1.0196416337471654,0.48759551514908644
2004-10-29,1.0196416337471654,0.48759551514908644
2004-11-01,1.0196416337471654,0.48759551514908644
2004-11-02,0.9432757712271033,0.35146860782792966
2004-11-03,0.9432757712244856,0.3514202828590841
2004-11-04,0.9432757712244856,0.35142026848697244
2004-11-05,0.9432757712244856,0.35142026848269836
2004-11-08,0.9432757712244856,0.35142026848269714
2004-11-09,0.9432757712244856,0.35142026848269714
2004-11-10,0.9432757712244856,0.35142026848269714
2004-11-11,0.9432757712244856,0.35142026848269714
2004-11-12,0.9432757712244856,0.35142026848269714
2004-11-15,0.9432757712244856,0.35142026848269714
2004-11-16,0.9432757712244856,0.35142026848269714
2004-11-17,0.9432757712244856,0.35142026848269714
2004-11-18,0.9432757712244856,0.35142026848269714
2004-11-19,0.9432757712244856,0.35142026848269714
2004-11-22,0.9432757712244856,0.35142026848269714
2004-11-23,0.9432757712244856,0.35142026848269714
2004-11-24,0.9432757712244856,0.35142026848269714
2004-11-25,0.9432757712244856,0.35142026848269714
2004-11-26,0.9432757712244856,0.35142026848269714
2004-11-29,0.9432757712244856,0.35142026848269714
2004-11-30,0.9432757712244856,0.35142026848269714
2004-12-01,0.8757454169876279,0.24040241253458944
2004-12-02,0.8757454169853173,0.24036177087185515
2004-12-03,0.8757454169853173,0.24036175878461014
2004-12-06,0.8757454169853173,0.24036175878101557
2004-12-07,0.8757454169853173,0.24036175878101448
2004-12-08,0.8757454169853173,0.24036175878101448
2004-12-09,0.8757454169853173,0.24036175878101448
2004-12-10,0.8757454169853173,0.24036175878101448
2004-12-13,0.8757454169853173,0.24036175878101448
2004-12-14,0.8757454169853173,0.24036175878101448
2004-12-15,0.8757454169853173,0.24036175878101448
2004-12-16,0.8757454169853173,0.24036175878101448
2004-12-17,0.8757454169853173,0.24036175878101448
2004-12-20,0.8757454169853173,0.24036175878101448
2004-12-21,0.8757454169853173,0.24036175878101448
2004-12-22,0.8757454169853173,0.24036175878101448
2004-12-23,0.8757454169853173,0.24036175878101448
2004-12-24,0.8757454169853173,0.24036175878101448
2004-12-27,0.8757454169853173,0.24036175878101448
2004-12-28,0.8757454169853173,0.24036175878101448
2004-12-29,0.8757454169853173,0.24036175878101448
2004-12-30,0.8757454169853173,0.24036175878101448
2004-12-31,0.8757454169853173,0.24036175878101448
2005-01-03,0.8261432165770776,0.16954369896077703
2005-01-04,0.8261432165753945,0.16951823840859265
2005-01-05,0.8261432165753945,0.16951823083643627
2005-01-06,0.8261432165753945,0.1695182308341844
2005-01-07,0.8261432165753945,0.16951823083418374
2005-01-10,0.8261432165753945,0.16951823083418374
2005-01-11,0.8261432165753945,0.16951823083418374
2005-01-12,0.8261432165753945,0.16951823083418374
2005-01-13,0.8261432165753945,0.16951823083418374
2005-01-14,0.8261432165753945,0.16951823083418374
2005-01-17,0.8261432165753945,0.16951823083418374
2005-01-18,0.8261432165753945,0.16951823083418374
2005-01-19,0.8261432165753945,0.16951823083418374
2005-01-20,0.8261432165753945,0.16951823083418374
2005-01-21,0.8261432165753945,0.16951823083418374
2005-01-24,0.8261432165753945,0.16951823083418374
2005-01-25,0.8261432165753945,0.16951823083418374
2005-01-26,0.8261432165753945,0.16951823083418374
2005-01-27,0.8261432165753945,0.16951823083418374
2005-01-28,0.8261432165753945,0.16951823083418374
2005-01-31,0.8261432165753945,0.16951823083418374
2005-02-01,0.812636559607801,0.17672920121233957
2005-02-02,0.8126365596073523,0.17673130188563105
2005-02-03,0.8126365596073523,0.17673130251033617
2005-02-04,0.8126365596073523,0.17673130251052196
2005-02-07,0.8126365596073523,0.17673130251052202
2005-02-08,0.8126365596073523,0.17673130251052202
2005-02-09,0.8126365596073523,0.17673130251052202
2005-02-10,0.8126365596073523,0.17673130251052202
2005-02-11,0.8126365596073523,0.17673130251052202
2005-02-14,0.8126365596073523,0.17673130251052202
2005-02-15,0.8126365596073523,0.17673130251052202
2005-02-16,0.8126365596073523,0.17673130251052202
2005-02-17,0.8126365596073523,0.17673130251052202
2005-02-18,0.8126365596073523,0.17673130251052202
2005-02-21,0.8126365596073523,0.17673130251052202
2005-02-22,0.8126365596073523,0.17673130251052202
2005-02-23,0.8126365596073523,0.17673130251052202
2005-02-24,0.8126365596073523,0.17673130251052202
2005-02-25,0.8126365596073523,0.17673130251052202
2005-02-28,0.8126365596073523,0.17673130251052202
2005-03-01,0.7777294829663717,0.1338437325505593
2005-03-02,0.7777294829651958,0.1338289342075674
2005-03-03,0.7777294829651958,0.13382892980651803
2005-03-04,0.7777294829651958,0.13382892980520922
2005-03-07,0.7777294829651958,0.13382892980520883
2005-03-08,0.7777294829651958,0.13382892980520883
2005-03-09,0.7777294829651958,0.13382892980520883
2005-03-10,0.7777294829651958,0.13382892980520883
2005-03-11,0.7777294829651958,0.13382892980520883
2005-03-14,0.7777294829651958,0.13382892980520883
2005-03-15,0.7777294829651958,0.13382892980520883
2005-03-16,0.7777294829651958,0.13382892980520883
2005-03-17,0.7777294829651958,0.13382892980520883
2005-03-18,0.7777294829651958,0.13382892980520883
2005-03-21,0.7777294829651958,0.13382892980520883
2005-03-22,0.7777294829651958,0.13382892980520883
2005-03-23,0.7777294829651958,0.13382892980520883
2005-03-24,0.7777294829651958,0.13382892980520883
2005-03-25,0.7777294829651958,0.13382892980520883
2005-03-28,0.7777294829651958,0.13382892980520883
2005-03-29,0.7777294829651958,0.13382892980520883
2005-03-30,0.7777294829651958,0.13382892980520883
2005-03-31,0.7777294829651958,0.13382892980520883
2005-04-01,0.818163765005133,0.19067198781102457
2005-04-04,0.8181637650064322,0.19068637179612494
2005-04-05,0.8181637650064322,0.19068637607354566
2005-04-06,0.8181637650064322,0.19068637607481773
2005-04-07,0.8181637650064322,0.19068637607481811
2005-04-08,0.8181637650064322,0.19068637607481811
2005-04-11,0.8181637650064322,0.19068637607481811
2005-04-12,0.8181637650064322,0.19068637607481811
2005-04-13,0.8181637650064322,0.19068637607481811
2005-04-14,0.8181637650064322,0.19068637607481811
2005-04-15,0.8181637650064322,0.19068637607481811
2005-04-18,0.8181637650064322,0.19068637607481811
2005-04-19,0.8181637650064322,0.19068637607481811
2005-04-20,0.8181637650064322,0.19068637607481811
2005-04-21,0.8181637650064322,0.19068637607481811
2005-04-22,0.8181637650064322,0.19068637607481811
2005-04-25,0.8181637650064322,0.19068637607481811
2005-04-26,0.8181637650064322,0.19068637607481811
2005-04-27,0.8181637650064322,0.19068637607481811
2005-04-28,0.8181637650064322,0.19068637607481811
2005-04-29,0.8181637650064322,0.19068637607481811
2005-05-02,0.8181637650064322,0.19068637607481811
2005-05-03,0.8505847082618384,0.24175038167611435
2005-05-04,0.8505847082628862,0.241763963160877
2005-05-05,0.8505847082628862,0.24176396719969404
2005-05-06,0.8505847082628862,0.24176396720089513
2005-05-09,0.8505847082628862,0.2417639672008955
2005-05-10,0.8505847082628862,0.2417639672008955
2005-05-11,0.8505847082628862,0.2417639672008955
2005-05-12,0.8505847082628862,0.2417639672008955
2005-05-13,0.8505847082628862,0.2417639672008955
2005-05-16,0.8505847082628862,0.2417639672008955
2005-05-17,0.8505847082628862,0.2417639672008955
2005-05-18,0.8505847082628862,0.2417639672008955
2005-05-19,0.8505847082628862,0.2417639672008955
2005-05-20,0.8505847082628862,0.2417639672008955
2005-05-23,0.8505847082628862,0.2417639672008955
2005-05-24,0.8505847082628862,0.2417639672008955
2005-05-25,0.8505847082628862,0.2417639672008955
2005-05-26,0.8505847082628862,0.2417639672008955
2005-05-27,0.8505847082628862,0.2417639672008955
2005-05-30,0.8505847082628862,0.2417639672008955
2005-05-31,0.8505847082628862,0.2417639672008955
2005-06-01,0.83480150647891,0.22879900562221783
2005-06-02,0.8348015064783851,0.22879504076317592
2005-06-03,0.8348015064783851,0.2287950395840759
2005-06-06,0.8348015064783851,0.22879503958372524
2005-06-07,0.8348015064783851,0.22879503958372516
2005-06-08,0.8348015064783851,0.22879503958372516
2005-06-09,0.8348015064783851,0.22879503958372516
2005-06-10,0.8348015064783851,0.22879503958372516
2005-06-13,0.8348015064783851,0.22879503958372516
2005-06-14,0.8348015064783851,0.22879503958372516
2005-06-15,0.8348015064783851,0.22879503958372516
2005-06-16,0.8348015064783851,0.22879503958372516
2005-06-17,0.8348015064783851,0.22879503958372516
2005-06-20,0.8348015064783851,0.22879503958372516
2005-06-21,0.8348015064783851,0.22879503958372516
2005-06-22,0.8348015064783851,0.22879503958372516
2005-06-23,0.8348015064783851,0.22879503958372516
2005-06-24,0.8348015064783851,0.22879503958372516
2005-06-27,0.8348015064783851,0.22879503958372516
2005-06-28,0.8348015064783851,0.22879503958372516
2005-06-29,0.8348015064783851,0.22879503958372516
2005-06-30,0.8348015064783851,0.22879503958372516
2005-07-01,0.8109431143426519,0.20694163484692576
2005-07-04,0.8109431143418543,0.2069347927115248
2005-07-05,0.8109431143418543,0.20693479067674234
2005-07-06,0.8109431143418543,0.20693479067613724
2005-07-07,0.8109431143418543,0.20693479067613707
2005-07-08,0.8109431143418543,0.20693479067613707
2005-07-11,0.8109431143418543,0.20693479067613707
2005-07-12,0.8109431143418543,0.20693479067613707
2005-07-13,0.8109431143418543,0.20693479067613707
2005-07-14,0.8109431143418543,0.20693479067613707
2005-07-15,0.8109431143418543,0.20693479067613707
2005-07-18,0.8109431143418543,0.20693479067613707
2005-07-19,0.8109431143418543,0.20693479067613707
2005-07-20,0.8109431143418543,0.20693479067613707
2005-07-21,0.8109431143418543,0.20693479067613707
2005-07-22,0.8109431143418543,0.20693479067613707
2005-07-25,0.8109431143418543,0.20693479067613707
2005-07-26,0.8109431143418543,0.20693479067613707
2005-07-27,0.8109431143418543,0.20693479067613707
2005-07-28,0.8109431143418543,0.20693479067613707
2005-07-29,0.8109431143418543,0.20693479067613707
2005-08-01,0.8109431143418543,0.20693479067613707
2005-08-02,0.7623350884458623,0.12709114075015873
2005-08-03,0.7623350884442097,0.12705993405725657
2005-08-04,0.7623350884442097,0.12705992477571265
2005-08-05,0.7623350884442097,0.12705992477295244
2005-08-08,0.7623350884442097,0.1270599247729516
2005-08-09,0.7623350884442097,0.1270599247729516
2005-08-10,0.7623350884442097,0.1270599247729516
2005-08-11,0.7623350884442097,0.1270599247729516
2005-08-12,0.7623350884442097,0.1270599247729516
2005-08-15,0.7623350884442097,0.1270599247729516
2005-08-16,0.7623350884442097,0.1270599247729516
2005-08-17,0.7623350884442097,0.1270599247729516
2005-08-18,0.7623350884442097,0.1270599247729516
2005-08-19,0.7623350884442097,0.1270599247729516
2005-08-22,0.7623350884442097,0.1270599247729516
2005-08-23,0.7623350884442097,0.1270599247729516
2005-08-24,0.7623350884442097,0.1270599247729516
2005-08-25,0.7623350884442097,0.1270599247729516
2005-08-26,0.7623350884442097,0.1270599247729516
2005-08-29,0.7623350884442097,0.1270599247729516
2005-08-30,0.7623350884442097,0.1270599247729516
2005-08-31,0.7623350884442097,0.1270599247729516
2005-09-01,0.7595541253060035,0.11322923679998965
2005-09-02,0.7595541253059118,0.11322487247691743
2005-09-05,0.7595541253059118,0.11322487117900798
2005-09-06,0.7595541253059118,0.113224871178622
2005-09-07,0.7595541253059118,0.11322487117862187
2005-09-08,0.7595541253059118,0.11322487117862187
2005-09-09,0.7595541253059118,0.11322487117862187
2005-09-12,0.7595541253059118,0.11322487117862187
2005-09-13,0.7595541253059118,0.11322487117862187
2005-09-14,0.7595541253059118,0.11322487117862187
2005-09-15,0.7595541253059118,0.11322487117862187
2005-09-16,0.7595541253059118,0.11322487117862187
2005-09-19,0.7595541253059118,0.11322487117862187
2005-09-20,0.7595541253059118,0.11322487117862187
2005-09-21,0.7595541253059118,0.11322487117862187
2005-09-22,0.7595541253059118,0.11322487117862187
2005-09-23,0.7595541253059118,0.11322487117862187
2005-09-26,0.7595541253059118,0.11322487117862187
2005-09-27,0.7595541253059118,0.11322487117862187
2005-09-28,0.7595541253059118,0.11322487117862187
2005-09-29,0.7595541253059118,0.11322487117862187
2005-09-30,0.7595541253059118,0.11322487117862187
2005-10-03,0.6931873395757614,0.016370299314780987
2005-10-04,0.6931873395734702,0.016255889910372943
2005-10-05,0.6931873395734702,0.01625585576696093
2005-10-06,0.6931873395734702,0.01625585575680718
2005-10-07,0.6931873395734702,0.01625585575680416
2005-10-10,0.6931873395734702,0.016255855756804157
2005-10-11,0.6931873395734702,0.016255855756804157
2005-10-12,0.6931873395734702,0.016255855756804157
2005-10-13,0.6931873395734702,0.016255855756804157
2005-10-14,0.6931873395734702,0.016255855756804157
2005-10-17,0.6931873395734702,0.016255855756804157
2005-10-18,0.6931873395734702,0.016255855756804157
2005-10-19,0.6931873395734702,0.016255855756804157
2005-10-20,0.6931873395734702,0.016255855756804157
2005-10-21,0.6931873395734702,0.016255855756804157
2005-10-24,0.6931873395734702,0.016255855756804157
2005-10-25,0.6931873395734702,0.016255855756804157
2005-10-26,0.6931873395734702,0.016255855756804157
2005-10-27,0.6931873395734702,0.016255855756804157
2005-10-28,0.6931873395734702,0.016255855756804157
2005-10-31,0.6931873395734702,0.016255855756804157
2005-11-01,0.7446138283316572,0.045328352351547294
2005-11-02,0.744613828333293,0.045334225118408636
2005-11-03,0.744613828333293,0.04533422686476855
2005-11-04,0.744613828333293,0.04533422686528789
2005-11-07,0.744613828333293,0.04533422686528804
2005-11-08,0.744613828333293,0.04533422686528804
2005-11-09,0.744613828333293,0.04533422686528804
2005-11-10,0.744613828333293,0.04533422686528804
2005-11-11,0.744613828333293,0.04533422686528804
2005-11-14,0.744613828333293,0.04533422686528804
2005-11-15,0.744613828333293,0.04533422686528804
2005-11-16,0.744613828333293,0.04533422686528804
2005-11-17,0.744613828333293,0.04533422686528804
2005-11-18,0.744613828333293,0.04533422686528804
2005-11-21,0.744613828333293,0.04533422686528804
2005-11-22,0.744613828333293,0.04533422686528804
2005-11-23,0.744613828333293,0.04533422686528804
2005-11-24,0.744613828333293,0.04533422686528804
2005-11-25,0.744613828333293,0.04533422686528804
2005-11-28,0.744613828333293,0.04533422686528804
2005-11-29,0.744613828333293,0.04533422686528804
2005-11-30,0.744613828333293,0.04533422686528804
2005-12-01,0.7979414518670492,0.006572336245187413
2005-12-02,0.7979414518687473,0.006526658106046303
2005-12-05,0.7979414518687473,0.006526644474501194
2005-12-06,0.7979414518687473,0.006526644470447372
2005-12-07,0.7979414518687473,0.006526644470446166
2005-12-08,0.7979414518687473,0.006526644470446166
2005-12-09,0.7979414518687473,0.006526644470446166
2005-12-12,0.7979414518687473,0.006526644470446166
2005-12-13,0.7979414518687473,0.006526644470446166
2005-12-14,0.7979414518687473,0.006526644470446166
2005-12-15,0.7979414518687473,0.006526644470446166
2005-12-16,0.7979414518687473,0.006526644470446166
2005-12-19,0.7979414518687473,0.006526644470446166
2005-12-20,0.7979414518687473,0.006526644470446166
2005-12-21,0.7979414518687473,0.006526644470446166
2005-12-22,0.7979414518687473,0.006526644470446166
2005-12-23,0.7979414518687473,0.006526644470446166
2005-12-26,0.7979414518687473,0.006526644470446166
2005-12-27,0.7979414518687473,0.006526644470446166
2005-12-28,0.7979414518687473,0.006526644470446166
2005-12-29,0.7979414518687473,0.006526644470446166
2005-12-30,0.7979414518687473,0.006526644470446166
2006-01-02,0.7979414518687473,0.006526644470446166
2006-01-03,0.8279646417474237,0.050656901542901395
2006-01-04,0.8279646417483949,0.05066430826936069
2006-01-05,0.8279646417483949,0.050664310471849355
2006-01-06,0.8279646417483949,0.050664310472504345
2006-01-09,0.8279646417483949,0.05066431047250453
2006-01-10,0.8279646417483949,0.05066431047250453
2006-01-11,0.8279646417483949,0.05066431047250453
2006-01-12,0.8279646417483949,0.05066431047250453
2006-01-13,0.8279646417483949,0.05066431047250453
2006-01-16,0.8279646417483949,0.05066431047250453
2006-01-17,0.8279646417483949,0.05066431047250453
2006-01-18,0.8279646417483949,0.05066431047250453
2006-01-19,0.8279646417483949,0.05066431047250453
2006-01-20,0.8279646417483949,0.05066431047250453
2006-01-23,0.8279646417483949,0.05066431047250453
2006-01-24,0.8279646417483949,0.05066431047250453
2006-01-25,0.8279646417483949,0.05066431047250453
2006-01-26,0.8279646417483949,0.05066431047250453
2006-01-27,0.8279646417483949,0.05066431047250453
2006-01-30,0.8279646417483949,0.05066431047250453
2006-01-31,0.8279646417483949,0.05066431047250453
2006-02-01,0.7291709689772106,0.21423379967867892
2006-02-02,0.7291709689737352,0.2142638709524411
2006-02-03,0.7291709689737352,0.21426387989456064
2006-02-06,0.7291709689737352,0.21426387989721987
2006-02-07,0.7291709689737352,0.21426387989722068
2006-02-08,0.7291709689737352,0.21426387989722068
2006-02-09,0.7291709689737352,0.21426387989722068
2006-02-10,0.7291709689737352,0.21426387989722068
2006-02-13,0.7291709689737352,0.21426387989722068
2006-02-14,0.7291709689737352,0.21426387989722068
2006-02-15,0.7291709689737352,0.21426387989722068
2006-02-16,0.7291709689737352,0.21426387989722068
2006-02-17,0.7291709689737352,0.21426387989722068
2006-02-20,0.7291709689737352,0.21426387989722068
2006-02-21,0.7291709689737352,0.21426387989722068
2006-02-22,0.7291709689737352,0.21426387989722068
2006-02-23,0.7291709689737352,0.21426387989722068
2006-02-24,0.7291709689737352,0.21426387989722068
2006-02-27,0.7291709689737352,0.21426387989722068
2006-02-28,0.7291709689737352,0.21426387989722068
2006-03-01,0.7069762645315982,0.3128138354814419
2006-03-02,0.7069762645308556,0.3128385252564568
2006-03-03,0.7069762645308556,0.31283853259853694
2006-03-06,0.7069762645308556,0.31283853260072036
2006-03-07,0.7069762645308556,0.312838532600721
2006-03-08,0.7069762645308556,0.312838532600721
2006-03-09,0.7069762645308556,0.312838532600721
2006-03-10,0.7069762645308556,0.312838532600721
2006-03-13,0.7069762645308556,0.312838532600721
2006-03-14,0.7069762645308556,0.312838532600721
2006-03-15,0.7069762645308556,0.312838532600721
2006-03-16,0.7069762645308556,0.312838532600721
2006-03-17,0.7069762645308556,0.312838532600721
2006-03-20,0.7069762645308556,0.312838532600721
2006-03-21,0.7069762645308556,0.312838532600721
2006-03-22,0.7069762645308556,0.312838532600721
2006-03-23,0.7069762645308556,0.312838532600721
2006-03-24,0.7069762645308556,0.312838532600721
2006-03-27,0.7069762645308556,0.312838532600721
2006-03-28,0.7069762645308556,0.312838532600721
2006-03-29,0.7069762645308556,0.312838532600721
2006-03-30,0.7069762645308556,0.312838532600721
2006-03-31,0.7069762645308556,0.312838532600721
2006-04-03,0.7102878406849306,0.401782230482848
2006-04-04,0.7102878406850394,0.4018057526055194
2006-04-05,0.7102878406850394,0.4018057596004422
2006-04-06,0.7102878406850394,0.40180575960252235
2006-04-07,0.7102878406850394,0.40180575960252296
2006-04-10,0.7102878406850394,0.40180575960252296
2006-04-11,0.7102878406850394,0.40180575960252296
2006-04-12,0.7102878406850394,0.40180575960252296
2006-04-13,0.7102878406850394,0.40180575960252296
2006-04-14,0.7102878406850394,0.40180575960252296
2006-04-17,0.7102878406850394,0.40180575960252296
2006-04-18,0.7102878406850394,0.40180575960252296
2006-04-19,0.7102878406850394,0.40180575960252296
2006-04-20,0.7102878406850394,0.40180575960252296
2006-04-21,0.7102878406850394,0.40180575960252296
2006-04-24,0.7102878406850394,0.40180575960252296
2006-04-25,0.7102878406850394,0.40180575960252296
2006-04-26,0.7102878406850394,0.40180575960252296
2006-04-27,0.7102878406850394,0.40180575960252296
2006-04-28,0.7102878406850394,0.40180575960252296
2006-05-01,0.7102878406850394,0.40180575960252296
2006-05-02,0.6570564681632775,0.5161045236168353
2006-05-03,0.6570564681614527,0.516134749606061
2006-05-04,0.6570564681614527,0.516134758594555
2006-05-05,0.6570564681614527,0.516134758597228
2006-05-08,0.6570564681614527,0.5161347585972289
2006-05-09,0.6570564681614527,0.5161347585972289
2006-05-10,0.6570564681614527,0.5161347585972289
2006-05-11,0.6570564681614527,0.5161347585972289
2006-05-12,0.6570564681614527,0.5161347585972289
2006-05-15,0.6570564681614527,0.5161347585972289
2006-05-16,0.6570564681614527,0.5161347585972289
2006-05-17,0.6570564681614527,0.5161347585972289
2006-05-18,0.6570564681614527,0.5161347585972289
2006-05-19,0.6570564681614527,0.5161347585972289
2006-05-22,0.6570564681614527,0.5161347585972289
2006-05-23,0.6570564681614527,0.5161347585972289
2006-05-24,0.6570564681614527,0.5161347585972289
2006-05-25,0.6570564681614527,0.5161347585972289
2006-05-26,0.6570564681614527,0.5161347585972289
2006-05-29,0.6570564681614527,0.5161347585972289
2006-05-30,0.6570564681614527,0.5161347585972289
2006-05-31,0.6570564681614527,0.5161347585972289
2006-06-01,0.7387961115093787,0.47585225756448785
2006-06-02,0.7387961115119228,0.4758397709381553
2006-06-05,0.7387961115119228,0.4758397672247706
2006-06-06,0.7387961115119228,0.47583976722366633
2006-06-07,0.7387961115119228,0.47583976722366594
2006-06-08,0.7387961115119228,0.47583976722366594
2006-06-09,0.7387961115119228,0.47583976722366594
2006-06-12,0.7387961115119228,0.47583976722366594
2006-06-13,0.7387961115119228,0.47583976722366594
2006-06-14,0.7387961115119228,0.47583976722366594
2006-06-15,0.7387961115119228,0.47583976722366594
2006-06-16,0.7387961115119228,0.47583976722366594
2006-06-19,0.7387961115119228,0.47583976722366594
2006-06-20,0.7387961115119228,0.47583976722366594
2006-06-21,0.7387961115119228,0.47583976722366594
2006-06-22,0.7387961115119228,0.47583976722366594
2006-06-23,0.7387961115119228,0.47583976722366594
2006-06-26,0.7387961115119228,0.47583976722366594
2006-06-27,0.7387961115119228,0.47583976722366594
2006-06-28,0.7387961115119228,0.47583976722366594
2006-06-29,0.7387961115119228,0.47583976722366594
2006-06-30,0.7387961115119228,0.47583976722366594
2006-07-03,0.7409922454182905,0.5467605868307195
2006-07-04,0.7409922454183627,0.5467803094135025
2006-07-05,0.7409922454183627,0.5467803152785979
2006-07-06,0.7409922454183627,0.5467803152803421
2006-07-07,0.7409922454183627,0.5467803152803427
2006-07-10,0.7409922454183627,0.5467803152803427
2006-07-11,0.7409922454183627,0.5467803152803427
2006-07-12,0.7409922454183627,0.5467803152803427
2006-07-13,0.7409922454183627,0.5467803152803427
2006-07-14,0.7409922454183627,0.5467803152803427
2006-07-17,0.7409922454183627,0.5467803152803427
2006-07-18,0.7409922454183627,0.5467803152803427
2006-07-19,0.7409922454183627,0.5467803152803427
2006-07-20,0.7409922454183627,0.5467803152803427
2006-07-21,0.7409922454183627,0.5467803152803427
2006-07-24,0.7409922454183627,0.5467803152803427
2006-07-25,0.7409922454183627,0.5467803152803427
2006-07-26,0.7409922454183627,0.5467803152803427
2006-07-27,0.7409922454183627,0.5467803152803427
2006-07-28,0.7409922454183627,0.5467803152803427
2006-07-31,0.7409922454183627,0.5467803152803427
2006-08-01,0.7349106565143931,0.6488175256403536
2006-08-02,0.734910656514192,0.6488454833059738
2006-08-03,0.734910656514192,0.6488454916199865
2006-08-04,0.734910656514192,0.648845491622459
2006-08-07,0.734910656514192,0.6488454916224596
2006-08-08,0.734910656514192,0.6488454916224596
2006-08-09,0.734910656514192,0.6488454916224596
2006-08-10,0.734910656514192,0.6488454916224596
2006-08-11,0.734910656514192,0.6488454916224596
2006-08-14,0.734910656514192,0.6488454916224596
2006-08-15,0.734910656514192,0.6488454916224596
2006-08-16,0.734910656514192,0.6488454916224596
2006-08-17,0.734910656514192,0.6488454916224596
2006-08-18,0.734910656514192,0.6488454916224596
2006-08-21,0.734910656514192,0.6488454916224596
2006-08-22,0.734910656514192,0.6488454916224596
2006-08-23,0.734910656514192,0.6488454916224596
2006-08-24,0.734910656514192,0.6488454916224596
2006-08-25,0.734910656514192,0.6488454916224596
2006-08-28,0.734910656514192,0.6488454916224596
2006-08-29,0.734910656514192,0.6488454916224596
2006-08-30,0.734910656514192,0.6488454916224596
2006-08-31,0.734910656514192,0.6488454916224596
2006-09-01,0.7147769316332169,0.7717871192458392
2006-09-04,0.7147769316325441,0.7718207675268013
2006-09-05,0.7147769316325441,0.7718207775330789
2006-09-06,0.7147769316325441,0.7718207775360545
2006-09-07,0.7147769316325441,0.7718207775360554
2006-09-08,0.7147769316325441,0.7718207775360554
2006-09-11,0.7147769316325441,0.7718207775360554
2006-09-12,0.7147769316325441,0.7718207775360554
2006-09-13,0.7147769316325441,0.7718207775360554
2006-09-14,0.7147769316325441,0.7718207775360554
2006-09-15,0.7147769316325441,0.7718207775360554
2006-09-18,0.7147769316325441,0.7718207775360554
2006-09-19,0.7147769316325441,0.7718207775360554
2006-09-20,0.7147769316325441,0.7718207775360554
2006-09-21,0.7147769316325441,0.7718207775360554
2006-09-22,0.7147769316325441,0.7718207775360554
2006-09-25,0.7147769316325441,0.7718207775360554
2006-09-26,0.7147769316325441,0.7718207775360554
2006-09-27,0.7147769316325441,0.7718207775360554
2006-09-28,0.7147769316325441,0.7718207775360554
2006-09-29,0.7147769316325441,0.7718207775360554
2006-10-02,0.7147769316325441,0.7718207775360554
2006-10-03,0.6764240588533467,0.9082105389001831
2006-10-04,0.6764240588520473,0.9082480528486094
2006-10-05,0.6764240588520473,0.9082480640044663
2006-10-06,0.6764240588520473,0.908248064007784
2006-10-09,0.6764240588520473,0.908248064007785
2006-10-10,0.6764240588520473,0.908248064007785
2006-10-11,0.6764240588520473,0.908248064007785
2006-10-12,0.6764240588520473,0.908248064007785
2006-10-13,0.6764240588520473,0.908248064007785
2006-10-16,0.6764240588520473,0.908248064007785
2006-10-17,0.6764240588520473,0.908248064007785
2006-10-18,0.6764240588520473,0.908248064007785
2006-10-19,0.6764240588520473,0.908248064007785
2006-10-20,0.6764240588520473,0.908248064007785
2006-10-23,0.6764240588520473,0.908248064007785
2006-10-24,0.6764240588520473,0.908248064007785
2006-10-25,0.6764240588520473,0.908248064007785
2006-10-26,0.6764240588520473,0.908248064007785
2006-10-27,0.6764240588520473,0.908248064007785
2006-10-30,0.6764240588520473,0.908248064007785
2006-10-31,0.6764240588520473,0.908248064007785
2006-11-01,0.6037195039218717,1.1316383989176442
2006-11-02,0.6037195039193322,1.131698273203613
2006-11-03,0.6037195039193322,1.1316982910088593
2006-11-06,0.6037195039193322,1.1316982910141542
2006-11-07,0.6037195039193322,1.1316982910141558
2006-11-08,0.6037195039193322,1.1316982910141558
2006-11-09,0.6037195039193322,1.1316982910141558
2006-11-10,0.6037195039193322,1.1316982910141558
2006-11-13,0.6037195039193322,1.1316982910141558
2006-11-14,0.6037195039193322,1.1316982910141558
2006-11-15,0.6037195039193322,1.1316982910141558
2006-11-16,0.6037195039193322,1.1316982910141558
2006-11-17,0.6037195039193322,1.1316982910141558
2006-11-20,0.6037195039193322,1.1316982910141558
2006-11-21,0.6037195039193322,1.1316982910141558
2006-11-22,0.6037195039193322,1.1316982910141558
2006-11-23,0.6037195039193322,1.1316982910141558
2006-11-24,0.6037195039193322,1.1316982910141558
2006-11-27,0.6037195039193322,1.1316982910141558
2006-11-28,0.6037195039193322,1.1316982910141558
2006-11-29,0.6037195039193322,1.1316982910141558
2006-11-30,0.6037195039193322,1.1316982910141558
2006-12-01,0.558284618070558,1.2674102684546789
2006-12-04,0.5582846180690002,1.2674484658236402
2006-12-05,0.5582846180690002,1.2674484771827954
2006-12-06,0.5582846180690002,1.2674484771861736
2006-12-07,0.5582846180690002,1.2674484771861745
2006-12-08,0.5582846180690002,1.2674484771861745
2006-12-11,0.5582846180690002,1.2674484771861745
2006-12-12,0.5582846180690002,1.2674484771861745
2006-12-13,0.5582846180690002,1.2674484771861745
2006-12-14,0.5582846180690002,1.2674484771861745
2006-12-15,0.5582846180690002,1.2674484771861745
2006-12-18,0.5582846180690002,1.2674484771861745
2006-12-19,0.5582846180690002,1.2674484771861745
2006-12-20,0.5582846180690002,1.2674484771861745
2006-12-21,0.5582846180690002,1.2674484771861745
2006-12-22,0.5582846180690002,1.2674484771861745
2006-12-25,0.5582846180690002,1.2674484771861745
2006-12-26,0.5582846180690002,1.2674484771861745
2006-12-27,0.5582846180690002,1.2674484771861745
2006-12-28,0.5582846180690002,1.2674484771861745
2006-12-29,0.5582846180690002,1.2674484771861745
2007-01-01,0.5582846180690002,1.2674484771861745
2007-01-02,0.5618581574065907,1.3290697373808316
2007-01-03,0.5618581574067081,1.3290876376842262
2007-01-04,0.5618581574067081,1.329087643007473
2007-01-05,0.5618581574067081,1.329087643009056
2007-01-08,0.5618581574067081,1.3290876430090564
2007-01-09,0.5618581574067081,1.3290876430090564
2007-01-10,0.5618581574067081,1.3290876430090564
2007-01-11,0.5618581574067081,1.3290876430090564
2007-01-12,0.5618581574067081,1.3290876430090564
2007-01-15,0.5618581574067081,1.3290876430090564
2007-01-16,0.5618581574067081,1.3290876430090564
2007-01-17,0.5618581574067081,1.3290876430090564
2007-01-18,0.5618581574067081,1.3290876430090564
2007-01-19,0.5618581574067081,1.3290876430090564
2007-01-22,0.5618581574067081,1.3290876430090564
2007-01-23,0.5618581574067081,1.3290876430090564
2007-01-24,0.5618581574067081,1.3290876430090564
2007-01-25,0.5618581574067081,1.3290876430090564
2007-01-26,0.5618581574067081,1.3290876430090564
2007-01-29,0.5618581574067081,1.3290876430090564
2007-01-30,0.5618581574067081,1.3290876430090564
2007-01-31,0.5618581574067081,1.3290876430090564
2007-02-01,0.5066750303411749,1.4465315942624168
2007-02-02,0.5066750303392579,1.4465651021250157
2007-02-05,0.5066750303392579,1.4465651120896375
2007-02-06,0.5066750303392579,1.4465651120926009
2007-02-07,0.5066750303392579,1.4465651120926017
2007-02-08,0.5066750303392579,1.4465651120926017
2007-02-09,0.5066750303392579,1.4465651120926017
2007-02-12,0.5066750303392579,1.4465651120926017
2007-02-13,0.5066750303392579,1.4465651120926017
2007-02-14,0.5066750303392579,1.4465651120926017
2007-02-15,0.5066750303392579,1.4465651120926017
2007-02-16,0.5066750303392579,1.4465651120926017
2007-02-19,0.5066750303392579,1.4465651120926017
2007-02-20,0.5066750303392579,1.4465651120926017
2007-02-21,0.5066750303392579,1.4465651120926017
2007-02-22,0.5066750303392579,1.4465651120926017
2007-02-23,0.5066750303392579,1.4465651120926017
2007-02-26,0.5066750303392579,1.4465651120926017
2007-02-27,0.5066750303392579,1.4465651120926017
2007-02-28,0.5066750303392579,1.4465651120926017
2007-03-01,0.5621169804013306,1.4205490522764364
2007-03-02,0.562116980403067,1.4205412446216263
2007-03-05,0.562116980403067,1.42054124229974
2007-03-06,0.562116980403067,1.4205412422990495
2007-03-07,0.562116980403067,1.4205412422990493
2007-03-08,0.562116980403067,1.4205412422990493
2007-03-09,0.562116980403067,1.4205412422990493
2007-03-12,0.562116980403067,1.4205412422990493
2007-03-13,0.562116980403067,1.4205412422990493
2007-03-14,0.562116980403067,1.4205412422990493
2007-03-15,0.562116980403067,1.4205412422990493
2007-03-16,0.562116980403067,1.4205412422990493
2007-03-19,0.562116980403067,1.4205412422990493
2007-03-20,0.562116980403067,1.4205412422990493
2007-03-21,0.562116980403067,1.4205412422990493
2007-03-22,0.562116980403067,1.4205412422990493
2007-03-23,0.562116980403067,1.4205412422990493
2007-03-26,0.562116980403067,1.4205412422990493
2007-03-27,0.562116980403067,1.4205412422990493
2007-03-28,0.562116980403067,1.4205412422990493
2007-03-29,0.562116980403067,1.4205412422990493
2007-03-30,0.562116980403067,1.4205412422990493
2007-04-02,0.562116980403067,1.4205412422990493
2007-04-03,0.517495115391351,1.5379351155925034
2007-04-04,0.5174951153898175,1.5379686939862471
2007-04-05,0.5174951153898175,1.5379687039718504
2007-04-06,0.5174951153898175,1.5379687039748202
2007-04-09,0.5174951153898175,1.5379687039748209
2007-04-10,0.5174951153898175,1.5379687039748209
2007-04-11,0.5174951153898175,1.5379687039748209
2007-04-12,0.5174951153898175,1.5379687039748209
2007-04-13,0.5174951153898175,1.5379687039748209
2007-04-16,0.5174951153898175,1.5379687039748209
2007-04-17,0.5174951153898175,1.5379687039748209
2007-04-18,0.5174951153898175,1.5379687039748209
2007-04-19,0.5174951153898175,1.5379687039748209
2007-04-20,0.5174951153898175,1.5379687039748209
2007-04-23,0.5174951153898175,1.5379687039748209
2007-04-24,0.5174951153898175,1.5379687039748209
2007-04-25,0.5174951153898175,1.5379687039748209
2007-04-26,0.5174951153898175,1.5379687039748209
2007-04-27,0.5174951153898175,1.5379687039748209
2007-04-30,0.5174951153898175,1.5379687039748209
2007-05-01,0.5320726785476411,1.5664645429775903
2007-05-02,0.5320726785481148,1.566472940113413
2007-05-03,0.5320726785481148,1.5664729426105888
2007-05-04,0.5320726785481148,1.5664729426113315
2007-05-07,0.5320726785481148,1.5664729426113317
2007-05-08,0.5320726785481148,1.5664729426113317
2007-05-09,0.5320726785481148,1.5664729426113317
2007-05-10,0.5320726785481148,1.5664729426113317
2007-05-11,0.5320726785481148,1.5664729426113317
2007-05-14,0.5320726785481148,1.5664729426113317
2007-05-15,0.5320726785481148,1.5664729426113317
2007-05-16,0.5320726785481148,1.5664729426113317
2007-05-17,0.5320726785481148,1.5664729426113317
2007-05-18,0.5320726785481148,1.5664729426113317
2007-05-21,0.5320726785481148,1.5664729426113317
2007-05-22,0.5320726785481148,1.5664729426113317
2007-05-23,0.5320726785481148,1.5664729426113317
2007-05-24,0.5320726785481148,1.5664729426113317
2007-05-25,0.5320726785481148,1.5664729426113317
2007-05-28,0.5320726785481148,1.5664729426113317
2007-05-29,0.5320726785481148,1.5664729426113317
2007-05-30,0.5320726785481148,1.5664729426113317
2007-05-31,0.5320726785481148,1.5664729426113317
2007-06-01,0.44606897291325903,1.7590674353001379
2007-06-04,0.44606897291015246,1.7591215737796384
2007-06-05,0.44606897291015246,1.759121589879365
2007-06-06,0.44606897291015246,1.7591215898841528
2007-06-07,0.44606897291015246,1.7591215898841543
2007-06-08,0.44606897291015246,1.7591215898841543
2007-06-11,0.44606897291015246,1.7591215898841543
2007-06-12,0.44606897291015246,1.7591215898841543
2007-06-13,0.44606897291015246,1.7591215898841543
2007-06-14,0.44606897291015246,1.7591215898841543
2007-06-15,0.44606897291015246,1.7591215898841543
2007-06-18,0.44606897291015246,1.7591215898841543
2007-06-19,0.44606897291015246,1.7591215898841543
2007-06-20,0.44606897291015246,1.7591215898841543
2007-06-21,0.44606897291015246,1.7591215898841543
2007-06-22,0.44606897291015246,1.7591215898841543
2007-06-25,0.44606897291015246,1.7591215898841543
2007-06-26,0.44606897291015246,1.7591215898841543
2007-06-27,0.44606897291015246,1.7591215898841543
2007-06-28,0.44606897291015246,1.7591215898841543
2007-06-29,0.44606897291015246,1.7591215898841543
2007-07-02,0.44606897291015246,1.7591215898841543
2007-07-03,0.5275331721718913,1.7047699312213815
2007-07-04,0.527533172174368,1.704753510110391
2007-07-05,0.527533172174368,1.7047535052269744
2007-07-06,0.527533172174368,1.7047535052255223
2007-07-09,0.527533172174368,1.7047535052255218
2007-07-10,0.527533172174368,1.7047535052255218
2007-07-11,0.527533172174368,1.7047535052255218
2007-07-12,0.527533172174368,1.7047535052255218
2007-07-13,0.527533172174368,1.7047535052255218
2007-07-16,0.527533172174368,1.7047535052255218
2007-07-17,0.527533172174368,1.7047535052255218
2007-07-18,0.527533172174368,1.7047535052255218
2007-07-19,0.527533172174368,1.7047535052255218
2007-07-20,0.527533172174368,1.7047535052255218
2007-07-23,0.527533172174368,1.7047535052255218
2007-07-24,0.527533172174368,1.7047535052255218
2007-07-25,0.527533172174368,1.7047535052255218
2007-07-26,0.527533172174368,1.7047535052255218
2007-07-27,0.527533172174368,1.7047535052255218
2007-07-30,0.527533172174368,1.7047535052255218
2007-07-31,0.527533172174368,1.7047535052255218
2007-08-01,0.5451869129470948,1.7406382782412617
2007-08-02,0.545186912947667,1.7406488398021345
2007-08-03,0.545186912947667,1.7406488429429752
2007-08-06,0.545186912947667,1.740648842943909
2007-08-07,0.545186912947667,1.7406488429439093
2007-08-08,0.545186912947667,1.7406488429439093
2007-08-09,0.545186912947667,1.7406488429439093
2007-08-10,0.545186912947667,1.7406488429439093
2007-08-13,0.545186912947667,1.7406488429439093
2007-08-14,0.545186912947667,1.7406488429439093
2007-08-15,0.545186912947667,1.7406488429439093
2007-08-16,0.545186912947667,1.7406488429439093
2007-08-17,0.545186912947667,1.7406488429439093
2007-08-20,0.545186912947667,1.7406488429439093
2007-08-21,0.545186912947667,1.7406488429439093
2007-08-22,0.545186912947667,1.7406488429439093
2007-08-23,0.545186912947667,1.7406488429439093
2007-08-24,0.545186912947667,1.7406488429439093
2007-08-27,0.545186912947667,1.7406488429439093
2007-08-28,0.545186912947667,1.7406488429439093
2007-08-29,0.545186912947667,1.7406488429439093
2007-08-30,0.545186912947667,1.7406488429439093
2007-08-31,0.545186912947667,1.7406488429439093
2007-09-03,0.6637601491420719,1.8269966077806414
2007-09-04,0.6637601491456294,1.827021679331783
2007-09-05,0.6637601491456294,1.8270216867876365
2007-09-06,0.6637601491456294,1.8270216867898537
2007-09-07,0.6637601491456294,1.8270216867898543
2007-09-10,0.6637601491456294,1.8270216867898543
2007-09-11,0.6637601491456294,1.8270216867898543
2007-09-12,0.6637601491456294,1.8270216867898543
2007-09-13,0.6637601491456294,1.8270216867898543
2007-09-14,0.6637601491456294,1.8270216867898543
2007-09-17,0.6637601491456294,1.8270216867898543
2007-09-18,0.6637601491456294,1.8270216867898543
2007-09-19,0.6637601491456294,1.8270216867898543
2007-09-20,0.6637601491456294,1.8270216867898543
2007-09-21,0.6637601491456294,1.8270216867898543
2007-09-24,0.6637601491456294,1.8270216867898543
2007-09-25,0.6637601491456294,1.8270216867898543
2007-09-26,0.6637601491456294,1.8270216867898543
2007-09-27,0.6637601491456294,1.8270216867898543
2007-09-28,0.6637601491456294,1.8270216867898543
2007-10-01,0.6637601491456294,1.8270216867898543
2007-10-02,0.6435443683621365,2.0065373770753547
2007-10-03,0.64354436836146,2.0065883736417622
2007-10-04,0.64354436836146,2.0065883888071863
2007-10-05,0.64354436836146,2.006588388811696
2007-10-08,0.64354436836146,2.0065883888116973
2007-10-09,0.64354436836146,2.0065883888116973
2007-10-10,0.64354436836146,2.0065883888116973
2007-10-11,0.64354436836146,2.0065883888116973
2007-10-12,0.64354436836146,2.0065883888116973
2007-10-15,0.64354436836146,2.0065883888116973
2007-10-16,0.64354436836146,2.0065883888116973
2007-10-17,0.64354436836146,2.0065883888116973
2007-10-18,0.64354436836146,2.0065883888116973
2007-10-19,0.64354436836146,2.0065883888116973
2007-10-22,0.64354436836146,2.0065883888116973
2007-10-23,0.64354436836146,2.0065883888116973
2007-10-24,0.64354436836146,2.0065883888116973
2007-10-25,0.64354436836146,2.0065883888116973
2007-10-26,0.64354436836146,2.0065883888116973
2007-10-29,0.64354436836146,2.0065883888116973
2007-10-30,0.64354436836146,2.0065883888116973
2007-10-31,0.64354436836146,2.0065883888116973
2007-11-01,0.5595587371320213,2.072718867312672
2007-11-02,0.5595587371290467,2.072738219710873
2007-11-05,0.5595587371290467,2.07273822546596
2007-11-06,0.5595587371290467,2.072738225467671
2007-11-07,0.5595587371290467,2.072738225467672
2007-11-08,0.5595587371290467,2.072738225467672
2007-11-09,0.5595587371290467,2.072738225467672
2007-11-12,0.5595587371290467,2.072738225467672
2007-11-13,0.5595587371290467,2.072738225467672
2007-11-14,0.5595587371290467,2.072738225467672
2007-11-15,0.5595587371290467,2.072738225467672
2007-11-16,0.5595587371290467,2.072738225467672
2007-11-19,0.5595587371290467,2.072738225467672
2007-11-20,0.5595587371290467,2.072738225467672
2007-11-21,0.5595587371290467,2.072738225467672
2007-11-22,0.5595587371290467,2.072738225467672
2007-11-23,0.5595587371290467,2.072738225467672
2007-11-26,0.5595587371290467,2.072738225467672
2007-11-27,0.5595587371290467,2.072738225467672
2007-11-28,0.5595587371290467,2.072738225467672
2007-11-29,0.5595587371290467,2.072738225467672
2007-11-30,0.5595587371290467,2.072738225467672
2007-12-03,0.5402655220584508,2.0620798188515574
2007-12-04,0.5402655220578038,2.062076641006732
2007-12-05,0.5402655220578038,2.0620766400616874
2007-12-06,0.5402655220578038,2.062076640061407
2007-12-07,0.5402655220578038,2.062076640061407
2007-12-10,0.5402655220578038,2.062076640061407
2007-12-11,0.5402655220578038,2.062076640061407
2007-12-12,0.5402655220578038,2.062076640061407
2007-12-13,0.5402655220578038,2.062076640061407
2007-12-14,0.5402655220578038,2.062076640061407
2007-12-17,0.5402655220578038,2.062076640061407
2007-12-18,0.5402655220578038,2.062076640061407
2007-12-19,0.5402655220578038,2.062076640061407
2007-12-20,0.5402655220578038,2.062076640061407
2007-12-21,0.5402655220578038,2.062076640061407
2007-12-24,0.5402655220578038,2.062076640061407
2007-12-25,0.5402655220578038,2.062076640061407
2007-12-26,0.5402655220578038,2.062076640061407
2007-12-27,0.5402655220578038,2.062076640061407
2007-12-28,0.5402655220578038,2.062076640061407
2007-12-31,0.5402655220578038,2.062076640061407
2008-01-01,0.7202096531299655,1.973520401867419
2008-01-02,0.7202096531351532,1.9734934755206963
2008-01-03,0.7202096531351532,1.9734934675131486
2008-01-04,0.7202096531351532,1.9734934675107674
2008-01-07,0.7202096531351532,1.9734934675107665
2008-01-08,0.7202096531351532,1.9734934675107665
2008-01-09,0.7202096531351532,1.9734934675107665
2008-01-10,0.7202096531351532,1.9734934675107665
2008-01-11,0.7202096531351532,1.9734934675107665
2008-01-14,0.7202096531351532,1.9734934675107665
2008-01-15,0.7202096531351532,1.9734934675107665
2008-01-16,0.7202096531351532,1.9734934675107665
2008-01-17,0.7202096531351532,1.9734934675107665
2008-01-18,0.7202096531351532,1.9734934675107665
2008-01-21,0.7202096531351532,1.9734934675107665
2008-01-22,0.7202096531351532,1.9734934675107665
2008-01-23,0.7202096531351532,1.9734934675107665
2008-01-24,0.7202096531351532,1.9734934675107665
2008-01-25,0.7202096531351532,1.9734934675107665
2008-01-28,0.7202096531351532,1.9734934675107665
2008-01-29,0.7202096531351532,1.9734934675107665
2008-01-30,0.7202096531351532,1.9734934675107665
2008-01-31,0.7202096531351532,1.9734934675107665
2008-02-01,0.7834004735709613,1.570518783334879
2008-02-04,0.7834004735729593,1.5703835643484454
2008-02-05,0.7834004735729593,1.5703835241346085
2008-02-06,0.7834004735729593,1.5703835241226496
2008-02-07,0.7834004735729593,1.570383524122646
2008-02-08,0.7834004735729593,1.570383524122646
2008-02-11,0.7834004735729593,1.570383524122646
2008-02-12,0.7834004735729593,1.570383524122646
2008-02-13,0.7834004735729593,1.570383524122646
2008-02-14,0.7834004735729593,1.570383524122646
2008-02-15,0.7834004735729593,1.570383524122646
2008-02-18,0.7834004735729593,1.570383524122646
2008-02-19,0.7834004735729593,1.570383524122646
2008-02-20,0.7834004735729593,1.570383524122646
2008-02-21,0.7834004735729593,1.570383524122646
2008-02-22,0.7834004735729593,1.570383524122646
2008-02-25,0.7834004735729593,1.570383524122646
2008-02-26,0.7834004735729593,1.570383524122646
2008-02-27,0.7834004735729593,1.570383524122646
2008-02-28,0.7834004735729593,1.570383524122646
2008-02-29,0.7834004735729593,1.570383524122646
2008-03-03,0.7441550071027782,1.5333191698846855
2008-03-04,0.7441550071014511,1.5333080142392537
2008-03-05,0.7441550071014511,1.5333080109217194
2008-03-06,0.7441550071014511,1.5333080109207329
2008-03-07,0.7441550071014511,1.5333080109207324
2008-03-10,0.7441550071014511,1.5333080109207324
2008-03-11,0.7441550071014511,1.5333080109207324
2008-03-12,0.7441550071014511,1.5333080109207324
2008-03-13,0.7441550071014511,1.5333080109207324
2008-03-14,0.7441550071014511,1.5333080109207324
2008-03-17,0.7441550071014511,1.5333080109207324
2008-03-18,0.7441550071014511,1.5333080109207324
2008-03-19,0.7441550071014511,1.5333080109207324
2008-03-20,0.7441550071014511,1.5333080109207324
2008-03-21,0.7441550071014511,1.5333080109207324
2008-03-24,0.7441550071014511,1.5333080109207324
2008-03-25,0.7441550071014511,1.5333080109207324
2008-03-26,0.7441550071014511,1.5333080109207324
2008-03-27,0.7441550071014511,1.5333080109207324
2008-03-28,0.7441550071014511,1.5333080109207324
2008-03-31,0.7441550071014511,1.5333080109207324
2008-04-01,0.6922117785558113,1.7844059218837214
2008-04-02,0.6922117785540358,1.7844753393998034
2008-04-03,0.6922117785540358,1.7844753600431333
2008-04-04,0.6922117785540358,1.7844753600492722
2008-04-07,0.6922117785540358,1.7844753600492742
2008-04-08,0.6922117785540358,1.7844753600492742
2008-04-09,0.6922117785540358,1.7844753600492742
2008-04-10,0.6922117785540358,1.7844753600492742
2008-04-11,0.6922117785540358,1.7844753600492742
2008-04-14,0.6922117785540358,1.7844753600492742
2008-04-15,0.6922117785540358,1.7844753600492742
2008-04-16,0.6922117785540358,1.7844753600492742
2008-04-17,0.6922117785540358,1.7844753600492742
2008-04-18,0.6922117785540358,1.7844753600492742
2008-04-21,0.6922117785540358,1.7844753600492742
2008-04-22,0.6922117785540358,1.7844753600492742
2008-04-23,0.6922117785540358,1.7844753600492742
2008-04-24,0.6922117785540358,1.7844753600492742
2008-04-25,0.6922117785540358,1.7844753600492742
2008-04-28,0.6922117785540358,1.7844753600492742
2008-04-29,0.6922117785540358,1.7844753600492742
2008-04-30,0.6922117785540358,1.7844753600492742
2008-05-01,0.6832978477159938,1.9178868986785915
2008-05-02,0.6832978477156981,1.917925192976503
2008-05-05,0.6832978477156981,1.917925204364541
2008-05-06,0.6832978477156981,1.9179252043679276
2008-05-07,0.6832978477156981,1.9179252043679287
2008-05-08,0.6832978477156981,1.9179252043679287
2008-05-09,0.6832978477156981,1.9179252043679287
2008-05-12,0.6832978477156981,1.9179252043679287
2008-05-13,0.6832978477156981,1.9179252043679287
2008-05-14,0.6832978477156981,1.9179252043679287
2008-05-15,0.6832978477156981,1.9179252043679287
2008-05-16,0.6832978477156981,1.9179252043679287
2008-05-19,0.6832978477156981,1.9179252043679287
2008-05-20,0.6832978477156981,1.9179252043679287
2008-05-21,0.6832978477156981,1.9179252043679287
2008-05-22,0.6832978477156981,1.9179252043679287
2008-05-23,0.6832978477156981,1.9179252043679287
2008-05-26,0.6832978477156981,1.9179252043679287
2008-05-27,0.6832978477156981,1.9179252043679287
2008-05-28,0.6832978477156981,1.9179252043679287
2008-05-29,0.6832978477156981,1.9179252043679287
2008-05-30,0.6832978477156981,1.9179252043679287
2008-06-02,0.6832978477156981,1.9179252043679287
2008-06-03,0.7152167458837677,1.9302633810829446
2008-06-04,0.7152167458847958,1.9302670385421157
2008-06-05,0.7152167458847958,1.9302670396297883
2008-06-06,0.7152167458847958,1.9302670396301116
2008-06-09,0.7152167458847958,1.9302670396301118
2008-06-10,0.7152167458847958,1.9302670396301118
2008-06-11,0.7152167458847958,1.9302670396301118
2008-06-12,0.7152167458847958,1.9302670396301118
2008-06-13,0.7152167458847958,1.9302670396301118
2008-06-16,0.7152167458847958,1.9302670396301118
2008-06-17,0.7152167458847958,1.9302670396301118
2008-06-18,0.7152167458847958,1.9302670396301118
2008-06-19,0.7152167458847958,1.9302670396301118
2008-06-20,0.7152167458847958,1.9302670396301118
2008-06-23,0.7152167458847958,1.9302670396301118
2008-06-24,0.7152167458847958,1.9302670396301118
2008-06-25,0.7152167458847958,1.9302670396301118
2008-06-26,0.7152167458847958,1.9302670396301118
2008-06-27,0.7152167458847958,1.9302670396301118
2008-06-30,0.7152167458847958,1.9302670396301118
2008-07-01,1.0076041625826688,1.5892786378676318
2008-07-02,1.007604162590904,1.5891663505657456
2008-07-03,1.007604162590904,1.5891663171720007
2008-07-04,1.007604162590904,1.58916631716207
2008-07-07,1.007604162590904,1.589166317162067
2008-07-08,1.007604162590904,1.589166317162067
2008-07-09,1.007604162590904,1.589166317162067
2008-07-10,1.007604162590904,1.589166317162067
2008-07-11,1.007604162590904,1.589166317162067
2008-07-14,1.007604162590904,1.589166317162067
2008-07-15,1.007604162590904,1.589166317162067
2008-07-16,1.007604162590904,1.589166317162067
2008-07-17,1.007604162590904,1.589166317162067
2008-07-18,1.007604162590904,1.589166317162067
2008-07-21,1.007604162590904,1.589166317162067
2008-07-22,1.007604162590904,1.589166317162067
2008-07-23,1.007604162590904,1.589166317162067
2008-07-24,1.007604162590904,1.589166317162067
2008-07-25,1.007604162590904,1.589166317162067
2008-07-28,1.007604162590904,1.589166317162067
2008-07-29,1.007604162590904,1.589166317162067
2008-07-30,1.007604162590904,1.589166317162067
2008-07-31,1.007604162590904,1.589166317162067
2008-08-01,0.9944989853666538,1.6099332684004164
2008-08-04,0.9944989853662193,1.6099394043380517
2008-08-05,0.9944989853662193,1.6099394061627843
2008-08-06,0.9944989853662193,1.609939406163327
2008-08-07,0.9944989853662193,1.6099394061633272
2008-08-08,0.9944989853662193,1.6099394061633272
2008-08-11,0.9944989853662193,1.6099394061633272
2008-08-12,0.9944989853662193,1.6099394061633272
2008-08-13,0.9944989853662193,1.6099394061633272
2008-08-14,0.9944989853662193,1.6099394061633272
2008-08-15,0.9944989853662193,1.6099394061633272
2008-08-18,0.9944989853662193,1.6099394061633272
2008-08-19,0.9944989853662193,1.6099394061633272
2008-08-20,0.9944989853662193,1.6099394061633272
2008-08-21,0.9944989853662193,1.6099394061633272
2008-08-22,0.9944989853662193,1.6099394061633272
2008-08-25,0.9944989853662193,1.6099394061633272
2008-08-26,0.9944989853662193,1.6099394061633272
2008-08-27,0.9944989853662193,1.6099394061633272
2008-08-28,0.9944989853662193,1.6099394061633272
2008-08-29,0.9944989853662193,1.6099394061633272
2008-09-01,0.9944989853662193,1.6099394061633272
2008-09-02,1.097316650180788,1.4708820435091072
2008-09-03,1.0973166501840166,1.4708387345045233
2008-09-04,1.0973166501840166,1.470838721624883
2008-09-05,1.0973166501840166,1.4708387216210528
2008-09-08,1.0973166501840166,1.4708387216210517
2008-09-09,1.0973166501840166,1.4708387216210517
2008-09-10,1.0973166501840166,1.4708387216210517
2008-09-11,1.0973166501840166,1.4708387216210517
2008-09-12,1.0973166501840166,1.4708387216210517
2008-09-15,1.0973166501840166,1.4708387216210517
2008-09-16,1.0973166501840166,1.4708387216210517
2008-09-17,1.0973166501840166,1.4708387216210517
2008-09-18,1.0973166501840166,1.4708387216210517
2008-09-19,1.0973166501840166,1.4708387216210517
2008-09-22,1.0973166501840166,1.4708387216210517
2008-09-23,1.0973166501840166,1.4708387216210517
2008-09-24,1.0973166501840166,1.4708387216210517
2008-09-25,1.0973166501840166,1.4708387216210517
2008-09-26,1.0973166501840166,1.4708387216210517
2008-09-29,1.0973166501840166,1.4708387216210517
2008-09-30,1.0973166501840166,1.4708387216210517
2008-10-01,1.2222965396180965,1.3392302194618553
2008-10-02,1.2222965396220034,1.3391891573316828
2008-10-03,1.2222965396220034,1.3391891451202318
2008-10-06,1.2222965396220034,1.3391891451166003
2008-10-07,1.2222965396220034,1.3391891451165991
2008-10-08,1.2222965396220034,1.3391891451165991
2008-10-09,1.2222965396220034,1.3391891451165991
2008-10-10,1.2222965396220034,1.3391891451165991
2008-10-13,1.2222965396220034,1.3391891451165991
2008-10-14,1.2222965396220034,1.3391891451165991
2008-10-15,1.2222965396220034,1.3391891451165991
2008-10-16,1.2222965396220034,1.3391891451165991
2008-10-17,1.2222965396220034,1.3391891451165991
2008-10-20,1.2222965396220034,1.3391891451165991
2008-10-21,1.2222965396220034,1.3391891451165991
2008-10-22,1.2222965396220034,1.3391891451165991
2008-10-23,1.2222965396220034,1.3391891451165991
2008-10-24,1.2222965396220034,1.3391891451165991
2008-10-27,1.2222965396220034,1.3391891451165991
2008-10-28,1.2222965396220034,1.3391891451165991
2008-10-29,1.2222965396220034,1.3391891451165991
2008-10-30,1.2222965396220034,1.3391891451165991
2008-10-31,1.2222965396220034,1.3391891451165991
2008-11-03,1.6303823474378614,0.8812376640402566
2008-11-04,1.6303823474496233,0.8810660731211907
2008-11-05,1.6303823474496233,0.8810660220876462
2008-11-06,1.6303823474496233,0.8810660220724695
2008-11-07,1.6303823474496233,0.881066022072465
2008-11-10,1.6303823474496233,0.881066022072465
2008-11-11,1.6303823474496233,0.881066022072465
2008-11-12,1.6303823474496233,0.881066022072465
2008-11-13,1.6303823474496233,0.881066022072465
2008-11-14,1.6303823474496233,0.881066022072465
2008-11-17,1.6303823474496233,0.881066022072465
2008-11-18,1.6303823474496233,0.881066022072465
2008-11-19,1.6303823474496233,0.881066022072465
2008-11-20,1.6303823474496233,0.881066022072465
2008-11-21,1.6303823474496233,0.881066022072465
2008-11-24,1.6303823474496233,0.881066022072465
2008-11-25,1.6303823474496233,0.881066022072465
2008-11-26,1.6303823474496233,0.881066022072465
2008-11-27,1.6303823474496233,0.881066022072465
2008-11-28,1.6303823474496233,0.881066022072465
2008-12-01,1.6303823474496233,0.881066022072465
2008-12-02,1.4229216455217595,0.4989384058925484
2008-12-03,1.4229216455144265,0.49878122508347866
2008-12-04,1.4229216455144265,0.4987811783328886
2008-12-05,1.4229216455144265,0.49878117831898566
2008-12-08,1.4229216455144265,0.49878117831898156
2008-12-09,1.4229216455144265,0.49878117831898156
2008-12-10,1.4229216455144265,0.49878117831898156
2008-12-11,1.4229216455144265,0.49878117831898156
2008-12-12,1.4229216455144265,0.49878117831898156
2008-12-15,1.4229216455144265,0.49878117831898156
2008-12-16,1.4229216455144265,0.49878117831898156
2008-12-17,1.4229216455144265,0.49878117831898156
2008-12-18,1.4229216455144265,0.49878117831898156
2008-12-19,1.4229216455144265,0.49878117831898156
2008-12-22,1.4229216455144265,0.49878117831898156
2008-12-23,1.4229216455144265,0.49878117831898156
2008-12-24,1.4229216455144265,0.49878117831898156
2008-12-25,1.4229216455144265,0.49878117831898156
2008-12-26,1.4229216455144265,0.49878117831898156
2008-12-29,1.4229216455144265,0.49878117831898156
2008-12-30,1.4229216455144265,0.49878117831898156
2008-12-31,1.4229216455144265,0.49878117831898156
2009-01-01,1.039107668339445,0.3064207597345057
2009-01-02,1.0391076683244649,0.30634558969998593
2009-01-05,1.0391076683244649,0.306345567342798
2009-01-06,1.0391076683244649,0.3063455673361493
2009-01-07,1.0391076683244649,0.3063455673361473
2009-01-08,1.0391076683244649,0.3063455673361473
2009-01-09,1.0391076683244649,0.3063455673361473
2009-01-12,1.0391076683244649,0.3063455673361473
2009-01-13,1.0391076683244649,0.3063455673361473
2009-01-14,1.0391076683244649,0.3063455673361473
2009-01-15,1.0391076683244649,0.3063455673361473
2009-01-16,1.0391076683244649,0.3063455673361473
2009-01-19,1.0391076683244649,0.3063455673361473
2009-01-20,1.0391076683244649,0.3063455673361473
2009-01-21,1.0391076683244649,0.3063455673361473
2009-01-22,1.0391076683244649,0.3063455673361473
2009-01-23,1.0391076683244649,0.3063455673361473
2009-01-26,1.0391076683244649,0.3063455673361473
2009-01-27,1.0391076683244649,0.3063455673361473
2009-01-28,1.0391076683244649,0.3063455673361473
2009-01-29,1.0391076683244649,0.3063455673361473
2009-01-30,1.0391076683244649,0.3063455673361473
2009-02-02,1.0391076683244649,0.3063455673361473
2009-02-03,0.9743024843115311,0.22334450553014723
2009-02-04,0.9743024843093251,0.22331523383954263
2009-02-05,0.9743024843093251,0.22331522513400878
2009-02-06,0.9743024843093251,0.22331522513141988
2009-02-09,0.9743024843093251,0.22331522513141913
2009-02-10,0.9743024843093251,0.22331522513141913
2009-02-11,0.9743024843093251,0.22331522513141913
2009-02-12,0.9743024843093251,0.22331522513141913
2009-02-13,0.9743024843093251,0.22331522513141913
2009-02-16,0.9743024843093251,0.22331522513141913
2009-02-17,0.9743024843093251,0.22331522513141913
2009-02-18,0.9743024843093251,0.22331522513141913
2009-02-19,0.9743024843093251,0.22331522513141913
2009-02-20,0.9743024843093251,0.22331522513141913
2009-02-23,0.9743024843093251,0.22331522513141913
2009-02-24,0.9743024843093251,0.22331522513141913
2009-02-25,0.9743024843093251,0.22331522513141913
2009-02-26,0.9743024843093251,0.22331522513141913
2009-02-27,0.9743024843093251,0.22331522513141913
2009-03-02,0.9743024843093251,0.22331522513141913
2009-03-03,0.9596238729690788,0.5958294518908045
2009-03-04,0.9596238729685915,0.5959055971548958
2009-03-05,0.9596238729685915,0.5959056197979118
2009-03-06,0.9596238729685915,0.5959056198046455
2009-03-09,0.9596238729685915,0.5959056198046475
2009-03-10,0.9596238729685915,0.5959056198046475
2009-03-11,0.9596238729685915,0.5959056198046475
2009-03-12,0.9596238729685915,0.5959056198046475
2009-03-13,0.9596238729685915,0.5959056198046475
2009-03-16,0.9596238729685915,0.5959056198046475
2009-03-17,0.9596238729685915,0.5959056198046475
2009-03-18,0.9596238729685915,0.5959056198046475
2009-03-19,0.9596238729685915,0.5959056198046475
2009-03-20,0.9596238729685915,0.5959056198046475
2009-03-23,0.9596238729685915,0.5959056198046475
2009-03-24,0.9596238729685915,0.5959056198046475
2009-03-25,0.9596238729685915,0.5959056198046475
2009-03-26,0.9596238729685915,0.5959056198046475
2009-03-27,0.9596238729685915,0.5959056198046475
2009-03-30,0.9596238729685915,0.5959056198046475
2009-03-31,0.9596238729685915,0.5959056198046475
2009-04-01,0.7916715945264585,0.5988031909156472
2009-04-02,0.7916715945203384,0.598804050524518
2009-04-03,0.7916715945203384,0.5988040507801526
2009-04-06,0.7916715945203384,0.5988040507802287
2009-04-07,0.7916715945203384,0.5988040507802287
2009-04-08,0.7916715945203384,0.5988040507802287
2009-04-09,0.7916715945203384,0.5988040507802287
2009-04-10,0.7916715945203384,0.5988040507802287
2009-04-13,0.7916715945203384,0.5988040507802287
2009-04-14,0.7916715945203384,0.5988040507802287
2009-04-15,0.7916715945203384,0.5988040507802287
2009-04-16,0.7916715945203384,0.5988040507802287
2009-04-17,0.7916715945203384,0.5988040507802287
2009-04-20,0.7916715945203384,0.5988040507802287
2009-04-21,0.7916715945203384,0.5988040507802287
2009-04-22,0.7916715945203384,0.5988040507802287
2009-04-23,0.7916715945203384,0.5988040507802287
2009-04-24,0.7916715945203384,0.5988040507802287
2009-04-27,0.7916715945203384,0.5988040507802287
2009-04-28,0.7916715945203384,0.5988040507802287
2009-04-29,0.7916715945203384,0.5988040507802287
2009-04-30,0.7916715945203384,0.5988040507802287
2009-05-01,0.5523227942091724,0.4306268373137126
2009-05-04,0.5523227941995785,0.4305670536481954
2009-05-05,0.5523227941995785,0.4305670358681924
2009-05-06,0.5523227941995785,0.4305670358629049
2009-05-07,0.5523227941995785,0.43056703586290335
2009-05-08,0.5523227941995785,0.43056703586290335
2009-05-11,0.5523227941995785,0.43056703586290335
2009-05-12,0.5523227941995785,0.43056703586290335
2009-05-13,0.5523227941995785,0.43056703586290335
2009-05-14,0.5523227941995785,0.43056703586290335
2009-05-15,0.5523227941995785,0.43056703586290335
2009-05-18,0.5523227941995785,0.43056703586290335
2009-05-19,0.5523227941995785,0.43056703586290335
2009-05-20,0.5523227941995785,0.43056703586290335
2009-05-21,0.5523227941995785,0.43056703586290335
2009-05-22,0.5523227941995785,0.43056703586290335
2009-05-25,0.5523227941995785,0.43056703586290335
2009-05-26,0.5523227941995785,0.43056703586290335
2009-05-27,0.5523227941995785,0.43056703586290335
2009-05-28,0.5523227941995785,0.43056703586290335
2009-05-29,0.5523227941995785,0.43056703586290335
2009-06-01,0.5523227941995785,0.43056703586290335
2009-06-02,0.3492333812780849,0.2568813470043449
2009-06-03,0.3492333812694486,0.256812224552987
2009-06-04,0.3492333812694486,0.25681220399423615
2009-06-05,0.3492333812694486,0.2568122039881223
2009-06-08,0.3492333812694486,0.2568122039881205
2009-06-09,0.3492333812694486,0.2568122039881205
2009-06-10,0.3492333812694486,0.2568122039881205
2009-06-11,0.3492333812694486,0.2568122039881205
2009-06-12,0.3492333812694486,0.2568122039881205
2009-06-15,0.3492333812694486,0.2568122039881205
2009-06-16,0.3492333812694486,0.2568122039881205
2009-06-17,0.3492333812694486,0.2568122039881205
2009-06-18,0.3492333812694486,0.2568122039881205
2009-06-19,0.3492333812694486,0.2568122039881205
2009-06-22,0.3492333812694486,0.2568122039881205
2009-06-23,0.3492333812694486,0.2568122039881205
2009-06-24,0.3492333812694486,0.2568122039881205
2009-06-25,0.3492333812694486,0.2568122039881205
2009-06-26,0.3492333812694486,0.2568122039881205
2009-06-29,0.3492333812694486,0.2568122039881205
2009-06-30,0.3492333812694486,0.2568122039881205
2009-07-01,0.31042285820741394,0.24416418332187054
2009-07-02,0.3104228582060554,0.2441603245381785
2009-07-03,0.3104228582060554,0.24416032339062485
2009-07-06,0.3104228582060554,0.2441603233902836
2009-07-07,0.3104228582060554,0.2441603233902835
2009-07-08,0.3104228582060554,0.2441603233902835
2009-07-09,0.3104228582060554,0.2441603233902835
2009-07-10,0.3104228582060554,0.2441603233902835
2009-07-13,0.3104228582060554,0.2441603233902835
2009-07-14,0.3104228582060554,0.2441603233902835
2009-07-15,0.3104228582060554,0.2441603233902835
2009-07-16,0.3104228582060554,0.2441603233902835
2009-07-17,0.3104228582060554,0.2441603233902835
2009-07-20,0.3104228582060554,0.2441603233902835
2009-07-21,0.3104228582060554,0.2441603233902835
2009-07-22,0.3104228582060554,0.2441603233902835
2009-07-23,0.3104228582060554,0.2441603233902835
2009-07-24,0.3104228582060554,0.2441603233902835
2009-07-27,0.3104228582060554,0.2441603233902835
2009-07-28,0.3104228582060554,0.2441603233902835
2009-07-29,0.3104228582060554,0.2441603233902835
2009-07-30,0.3104228582060554,0.2441603233902835
2009-07-31,0.3104228582060554,0.2441603233902835
2009-08-03,0.02489621299675403,0.04026107000674244
2009-08-04,0.02489621293340584,0.04004631586993651
2009-08-05,0.02489621293340584,0.04004625183397382
2009-08-06,0.02489621293340584,0.04004625181493047
2009-08-07,0.02489621293340584,0.0400462518149248
2009-08-10,0.02489621293340584,0.0400462518149248
2009-08-11,0.02489621293340584,0.0400462518149248
2009-08-12,0.02489621293340584,0.0400462518149248
2009-08-13,0.02489621293340584,0.0400462518149248
2009-08-14,0.02489621293340584,0.0400462518149248
2009-08-17,0.02489621293340584,0.0400462518149248
2009-08-18,0.02489621293340584,0.0400462518149248
2009-08-19,0.02489621293340584,0.0400462518149248
2009-08-20,0.02489621293340584,0.0400462518149248
2009-08-21,0.02489621293340584,0.0400462518149248
2009-08-24,0.02489621293340584,0.0400462518149248
2009-08-25,0.02489621293340584,0.0400462518149248
2009-08-26,0.02489621293340584,0.0400462518149248
2009-08-27,0.02489621293340584,0.0400462518149248
2009-08-28,0.02489621293340584,0.0400462518149248
2009-08-31,0.02489621293340584,0.0400462518149248
2009-09-01,0.11350711196734535,0.04575479667351138
2009-09-02,0.11350711196912516,0.045756388379924316
2009-09-03,0.11350711196912516,0.04575638885326577
2009-09-04,0.11350711196912516,0.04575638885340654
2009-09-07,0.11350711196912516,0.04575638885340658
2009-09-08,0.11350711196912516,0.04575638885340658
2009-09-09,0.11350711196912516,0.04575638885340658
2009-09-10,0.11350711196912516,0.04575638885340658
2009-09-11,0.11350711196912516,0.04575638885340658
2009-09-14,0.11350711196912516,0.04575638885340658
2009-09-15,0.11350711196912516,0.04575638885340658
2009-09-16,0.11350711196912516,0.04575638885340658
2009-09-17,0.11350711196912516,0.04575638885340658
2009-09-18,0.11350711196912516,0.04575638885340658
2009-09-21,0.11350711196912516,0.04575638885340658
2009-09-22,0.11350711196912516,0.04575638885340658
2009-09-23,0.11350711196912516,0.04575638885340658
2009-09-24,0.11350711196912516,0.04575638885340658
2009-09-25,0.11350711196912516,0.04575638885340658
2009-09-28,0.11350711196912516,0.04575638885340658
2009-09-29,0.11350711196912516,0.04575638885340658
2009-09-30,0.11350711196912516,0.04575638885340658
2009-10-01,0.20783477765441943,0.10984986927463387
2009-10-02,0.20783477765682185,0.1098633683438239
2009-10-05,0.20783477765682185,0.10986337235799858
2009-10-06,0.20783477765682185,0.10986337235919232
2009-10-07,0.20783477765682185,0.10986337235919268
2009-10-08,0.20783477765682185,0.10986337235919268
2009-10-09,0.20783477765682185,0.10986337235919268
2009-10-12,0.20783477765682185,0.10986337235919268
2009-10-13,0.20783477765682185,0.10986337235919268
2009-10-14,0.20783477765682185,0.10986337235919268
2009-10-15,0.20783477765682185,0.10986337235919268
2009-10-16,0.20783477765682185,0.10986337235919268
2009-10-19,0.20783477765682185,0.10986337235919268
2009-10-20,0.20783477765682185,0.10986337235919268
2009-10-21,0.20783477765682185,0.10986337235919268
2009-10-22,0.20783477765682185,0.10986337235919268
2009-10-23,0.20783477765682185,0.10986337235919268
2009-10-26,0.20783477765682185,0.10986337235919268
2009-10-27,0.20783477765682185,0.10986337235919268
2009-10-28,0.20783477765682185,0.10986337235919268
2009-10-29,0.20783477765682185,0.10986337235919268
2009-10-30,0.20783477765682185,0.10986337235919268
2009-11-02,0.20783477765682185,0.10986337235919268
2009-11-03,0.16635810621705904,0.0281679248993358
2009-11-04,0.16635810621552224,0.02810833545610862
2009-11-05,0.16635810621552224,0.02810831771630926
2009-11-06,0.16635810621552224,0.02810831771103371
2009-11-09,0.16635810621552224,0.02810831771103214
2009-11-10,0.16635810621552224,0.02810831771103214
2009-11-11,0.16635810621552224,0.02810831771103214
2009-11-12,0.16635810621552224,0.02810831771103214
2009-11-13,0.16635810621552224,0.02810831771103214
2009-11-16,0.16635810621552224,0.02810831771103214
2009-11-17,0.16635810621552224,0.02810831771103214
2009-11-18,0.16635810621552224,0.02810831771103214
2009-11-19,0.16635810621552224,0.02810831771103214
2009-11-20,0.16635810621552224,0.02810831771103214
2009-11-23,0.16635810621552224,0.02810831771103214
2009-11-24,0.16635810621552224,0.02810831771103214
2009-11-25,0.16635810621552224,0.02810831771103214
2009-11-26,0.16635810621552224,0.02810831771103214
2009-11-27,0.16635810621552224,0.02810831771103214
2009-11-30,0.16635810621552224,0.02810831771103214
2009-12-01,0.25964733888761976,0.14152385748538768
2009-12-02,0.2596473388901411,0.14154406948415577
2009-12-03,0.2596473388901411,0.14154407549447276
2009-12-04,0.2596473388901411,0.14154407549626014
2009-12-07,0.2596473388901411,0.14154407549626066
2009-12-08,0.2596473388901411,0.14154407549626066
2009-12-09,0.2596473388901411,0.14154407549626066
2009-12-10,0.2596473388901411,0.14154407549626066
2009-12-11,0.2596473388901411,0.14154407549626066
2009-12-14,0.2596473388901411,0.14154407549626066
2009-12-15,0.2596473388901411,0.14154407549626066
2009-12-16,0.2596473388901411,0.14154407549626066
2009-12-17,0.2596473388901411,0.14154407549626066
2009-12-18,0.2596473388901411,0.14154407549626066
2009-12-21,0.2596473388901411,0.14154407549626066
2009-12-22,0.2596473388901411,0.14154407549626066
2009-12-23,0.2596473388901411,0.14154407549626066
2009-12-24,0.2596473388901411,0.14154407549626066
2009-12-25,0.2596473388901411,0.14154407549626066
2009-12-28,0.2596473388901411,0.14154407549626066
2009-12-29,0.2596473388901411,0.14154407549626066
2009-12-30,0.2596473388901411,0.14154407549626066
2009-12-31,0.2596473388901411,0.14154407549626066
2010-01-01,0.16703181311929036,0.009876387155794121
2010-01-04,0.1670318131153932,0.009571520427649121
2010-01-05,0.1670318131153932,0.009571428320528123
2010-01-06,0.1670318131153932,0.00957142829313671
2010-01-07,0.1670318131153932,0.009571428293128565
2010-01-08,0.1670318131153932,0.009571428293128561
2010-01-11,0.1670318131153932,0.009571428293128561
2010-01-12,0.1670318131153932,0.009571428293128561
2010-01-13,0.1670318131153932,0.009571428293128561
2010-01-14,0.1670318131153932,0.009571428293128561
2010-01-15,0.1670318131153932,0.009571428293128561
2010-01-18,0.1670318131153932,0.009571428293128561
2010-01-19,0.1670318131153932,0.009571428293128561
2010-01-20,0.1670318131153932,0.009571428293128561
2010-01-21,0.1670318131153932,0.009571428293128561
2010-01-22,0.1670318131153932,0.009571428293128561
2010-01-25,0.1670318131153932,0.009571428293128561
2010-01-26,0.1670318131153932,0.009571428293128561
2010-01-27,0.1670318131153932,0.009571428293128561
2010-01-28,0.1670318131153932,0.009571428293128561
2010-01-29,0.1670318131153932,0.009571428293128561
2010-02-01,0.1670318131153932,0.009571428293128561
2010-02-02,0.04375969357245732,0.19390009024085186
2010-02-03,0.0437596935626758,0.19392884934916116
2010-02-04,0.0437596935626758,0.19392885790105566
2010-02-05,0.0437596935626758,0.19392885790359887
2010-02-08,0.0437596935626758,0.19392885790359962
2010-02-09,0.0437596935626758,0.19392885790359962
2010-02-10,0.0437596935626758,0.19392885790359962
2010-02-11,0.0437596935626758,0.19392885790359962
2010-02-12,0.0437596935626758,0.19392885790359962
2010-02-15,0.0437596935626758,0.19392885790359962
2010-02-16,0.0437596935626758,0.19392885790359962
2010-02-17,0.0437596935626758,0.19392885790359962
2010-02-18,0.0437596935626758,0.19392885790359962
2010-02-19,0.0437596935626758,0.19392885790359962
2010-02-22,0.0437596935626758,0.19392885790359962
2010-02-23,0.0437596935626758,0.19392885790359962
2010-02-24,0.0437596935626758,0.19392885790359962
2010-02-25,0.0437596935626758,0.19392885790359962
2010-02-26,0.0437596935626758,0.19392885790359962
2010-03-01,0.0437596935626758,0.19392885790359962
2010-03-02,0.059964438369160544,0.33884051544022087
2010-03-03,0.05996443836962227,0.33887439319873724
2010-03-04,0.05996443836962227,0.3388744032729724
2010-03-05,0.05996443836962227,0.3388744032759683
2010-03-08,0.05996443836962227,0.33887440327596924
2010-03-09,0.05996443836962227,0.33887440327596924
2010-03-10,0.05996443836962227,0.33887440327596924
2010-03-11,0.05996443836962227,0.33887440327596924
2010-03-12,0.05996443836962227,0.33887440327596924
2010-03-15,0.05996443836962227,0.33887440327596924
2010-03-16,0.05996443836962227,0.33887440327596924
2010-03-17,0.05996443836962227,0.33887440327596924
2010-03-18,0.05996443836962227,0.33887440327596924
2010-03-19,0.05996443836962227,0.33887440327596924
2010-03-22,0.05996443836962227,0.33887440327596924
2010-03-23,0.05996443836962227,0.33887440327596924
2010-03-24,0.05996443836962227,0.33887440327596924
2010-03-25,0.05996443836962227,0.33887440327596924
2010-03-26,0.05996443836962227,0.33887440327596924
2010-03-29,0.05996443836962227,0.33887440327596924
2010-03-30,0.05996443836962227,0.33887440327596924
2010-03-31,0.05996443836962227,0.33887440327596924
2010-04-01,0.025985915208856174,0.2522747095303931
2010-04-02,0.025985915207004873,0.25224453400817376
2010-04-05,0.025985915207004873,0.25224452503388767
2010-04-06,0.025985915207004873,0.25224452503121886
2010-04-07,0.025985915207004873,0.252244525031218
2010-04-08,0.025985915207004873,0.252244525031218
2010-04-09,0.025985915207004873,0.252244525031218
2010-04-12,0.025985915207004873,0.252244525031218
2010-04-13,0.025985915207004873,0.252244525031218
2010-04-14,0.025985915207004873,0.252244525031218
2010-04-15,0.025985915207004873,0.252244525031218
2010-04-16,0.025985915207004873,0.252244525031218
2010-04-19,0.025985915207004873,0.252244525031218
2010-04-20,0.025985915207004873,0.252244525031218
2010-04-21,0.025985915207004873,0.252244525031218
2010-04-22,0.025985915207004873,0.252244525031218
2010-04-23,0.025985915207004873,0.252244525031218
2010-04-26,0.025985915207004873,0.252244525031218
2010-04-27,0.025985915207004873,0.252244525031218
2010-04-28,0.025985915207004873,0.252244525031218
2010-04-29,0.025985915207004873,0.252244525031218
2010-04-30,0.025985915207004873,0.252244525031218
2010-05-03,0.0802258684805143,0.3711745004175594
2010-05-04,0.08022586848169719,0.3712042010029769
2010-05-05,0.08022586848169719,0.3712042098351335
2010-05-06,0.08022586848169719,0.37120420983776004
2010-05-07,0.08022586848169719,0.3712042098377608
2010-05-10,0.08022586848169719,0.3712042098377608
2010-05-11,0.08022586848169719,0.3712042098377608
2010-05-12,0.08022586848169719,0.3712042098377608
2010-05-13,0.08022586848169719,0.3712042098377608
2010-05-14,0.08022586848169719,0.3712042098377608
2010-05-17,0.08022586848169719,0.3712042098377608
2010-05-18,0.08022586848169719,0.3712042098377608
2010-05-19,0.08022586848169719,0.3712042098377608
2010-05-20,0.08022586848169719,0.3712042098377608
2010-05-21,0.08022586848169719,0.3712042098377608
2010-05-24,0.08022586848169719,0.3712042098377608
2010-05-25,0.08022586848169719,0.3712042098377608
2010-05-26,0.08022586848169719,0.3712042098377608
2010-05-27,0.08022586848169719,0.3712042098377608
2010-05-28,0.08022586848169719,0.3712042098377608
2010-05-31,0.08022586848169719,0.3712042098377608
2010-06-01,0.3032493573513162,0.650547501306612
2010-06-02,0.30324935735596187,0.6506127350002144
2010-06-03,0.30324935735596187,0.6506127543987669
2010-06-04,0.30324935735596187,0.6506127544045357
2010-06-07,0.30324935735596187,0.6506127544045374
2010-06-08,0.30324935735596187,0.6506127544045375
2010-06-09,0.30324935735596187,0.6506127544045375
2010-06-10,0.30324935735596187,0.6506127544045375
2010-06-11,0.30324935735596187,0.6506127544045375
2010-06-14,0.30324935735596187,0.6506127544045375
2010-06-15,0.30324935735596187,0.6506127544045375
2010-06-16,0.30324935735596187,0.6506127544045375
2010-06-17,0.30324935735596187,0.6506127544045375
2010-06-18,0.30324935735596187,0.6506127544045375
2010-06-21,0.30324935735596187,0.6506127544045375
2010-06-22,0.30324935735596187,0.6506127544045375
2010-06-23,0.30324935735596187,0.6506127544045375
2010-06-24,0.30324935735596187,0.6506127544045375
2010-06-25,0.30324935735596187,0.6506127544045375
2010-06-28,0.30324935735596187,0.6506127544045375
2010-06-29,0.30324935735596187,0.6506127544045375
2010-06-30,0.30324935735596187,0.6506127544045375
2010-07-01,0.3654588811214684,0.7054242355936313
2010-07-02,0.36545888112334346,0.7054399022750655
2010-07-05,0.36545888112334346,0.7054399069340506
2010-07-06,0.36545888112334346,0.7054399069354361
2010-07-07,0.36545888112334346,0.7054399069354366
2010-07-08,0.36545888112334346,0.7054399069354366
2010-07-09,0.36545888112334346,0.7054399069354366
2010-07-12,0.36545888112334346,0.7054399069354366
2010-07-13,0.36545888112334346,0.7054399069354366
2010-07-14,0.36545888112334346,0.7054399069354366
2010-07-15,0.36545888112334346,0.7054399069354366
2010-07-16,0.36545888112334346,0.7054399069354366
2010-07-19,0.36545888112334346,0.7054399069354366
2010-07-20,0.36545888112334346,0.7054399069354366
2010-07-21,0.36545888112334346,0.7054399069354366
2010-07-22,0.36545888112334346,0.7054399069354366
2010-07-23,0.36545888112334346,0.7054399069354366
2010-07-26,0.36545888112334346,0.7054399069354366
2010-07-27,0.36545888112334346,0.7054399069354366
2010-07-28,0.36545888112334346,0.7054399069354366
2010-07-29,0.36545888112334346,0.7054399069354366
2010-07-30,0.36545888112334346,0.7054399069354366
2010-08-02,0.36545888112334346,0.7054399069354366
2010-08-03,0.11291828218916204,0.23483532628647943
2010-08-04,0.11291828217153824,0.23455497912462933
2010-08-05,0.11291828217153824,0.23455489570373592
2010-08-06,0.11291828217153824,0.2345548956789278
2010-08-09,0.11291828217153824,0.2345548956789204
2010-08-10,0.11291828217153824,0.2345548956789204
2010-08-11,0.11291828217153824,0.2345548956789204
2010-08-12,0.11291828217153824,0.2345548956789204
2010-08-13,0.11291828217153824,0.2345548956789204
2010-08-16,0.11291828217153824,0.2345548956789204
2010-08-17,0.11291828217153824,0.2345548956789204
2010-08-18,0.11291828217153824,0.2345548956789204
2010-08-19,0.11291828217153824,0.2345548956789204
2010-08-20,0.11291828217153824,0.2345548956789204
2010-08-23,0.11291828217153824,0.2345548956789204
2010-08-24,0.11291828217153824,0.2345548956789204
2010-08-25,0.11291828217153824,0.2345548956789204
2010-08-26,0.11291828217153824,0.2345548956789204
2010-08-27,0.11291828217153824,0.2345548956789204
2010-08-30,0.11291828217153824,0.2345548956789204
2010-08-31,0.11291828217153824,0.2345548956789204
2010-09-01,0.22546104845500117,0.3558759984825462
2010-09-02,0.22546104845778356,0.3559059264759998
2010-09-03,0.22546104845778356,0.3559059353757633
2010-09-06,0.22546104845778356,0.35590593537841
2010-09-07,0.22546104845778356,0.35590593537841075
2010-09-08,0.22546104845778356,0.35590593537841075
2010-09-09,0.22546104845778356,0.35590593537841075
2010-09-10,0.22546104845778356,0.35590593537841075
2010-09-13,0.22546104845778356,0.35590593537841075
2010-09-14,0.22546104845778356,0.35590593537841075
2010-09-15,0.22546104845778356,0.35590593537841075
2010-09-16,0.22546104845778356,0.35590593537841075
2010-09-17,0.22546104845778356,0.35590593537841075
2010-09-20,0.22546104845778356,0.35590593537841075
2010-09-21,0.22546104845778356,0.35590593537841075
2010-09-22,0.22546104845778356,0.35590593537841075
2010-09-23,0.22546104845778356,0.35590593537841075
2010-09-24,0.22546104845778356,0.35590593537841075
2010-09-27,0.22546104845778356,0.35590593537841075
2010-09-28,0.22546104845778356,0.35590593537841075
2010-09-29,0.22546104845778356,0.35590593537841075
2010-09-30,0.22546104845778356,0.35590593537841075
2010-10-01,0.0924913338093989,0.18151981237479697
2010-10-04,0.09249133380186923,0.18144302543456237
2010-10-05,0.09249133380186923,0.1814430025944409
2010-10-06,0.09249133380186923,0.1814430025876486
2010-10-07,0.09249133380186923,0.1814430025876466
2010-10-08,0.09249133380186923,0.18144300258764656
2010-10-11,0.09249133380186923,0.18144300258764656
2010-10-12,0.09249133380186923,0.18144300258764656
2010-10-13,0.09249133380186923,0.18144300258764656
2010-10-14,0.09249133380186923,0.18144300258764656
2010-10-15,0.09249133380186923,0.18144300258764656
2010-10-18,0.09249133380186923,0.18144300258764656
2010-10-19,0.09249133380186923,0.18144300258764656
2010-10-20,0.09249133380186923,0.18144300258764656
2010-10-21,0.09249133380186923,0.18144300258764656
2010-10-22,0.09249133380186923,0.18144300258764656
2010-10-25,0.09249133380186923,0.18144300258764656
2010-10-26,0.09249133380186923,0.18144300258764656
2010-10-27,0.09249133380186923,0.18144300258764656
2010-10-28,0.09249133380186923,0.18144300258764656
2010-10-29,0.09249133380186923,0.18144300258764656
2010-11-01,0.09249133380186923,0.18144300258764656
2010-11-02,0.03391088170515464,0.04126200200706121
2010-11-03,0.03391088170155771,0.04114934680724309
2010-11-04,0.03391088170155771,0.04114931325939773
2010-11-05,0.03391088170155771,0.041149313249421095
2010-11-08,0.03391088170155771,0.04114931324941813
2010-11-09,0.03391088170155771,0.04114931324941813
2010-11-10,0.03391088170155771,0.04114931324941813
2010-11-11,0.03391088170155771,0.04114931324941813
2010-11-12,0.03391088170155771,0.04114931324941813
2010-11-15,0.03391088170155771,0.04114931324941813
2010-11-16,0.03391088170155771,0.04114931324941813
2010-11-17,0.03391088170155771,0.04114931324941813
2010-11-18,0.03391088170155771,0.04114931324941813
2010-11-19,0.03391088170155771,0.04114931324941813
2010-11-22,0.03391088170155771,0.04114931324941813
2010-11-23,0.03391088170155771,0.04114931324941813
2010-11-24,0.03391088170155771,0.04114931324941813
2010-11-25,0.03391088170155771,0.04114931324941813
2010-11-26,0.03391088170155771,0.04114931324941813
2010-11-29,0.03391088170155771,0.04114931324941813
2010-11-30,0.03391088170155771,0.04114931324941813
2010-12-01,0.3463854745914892,0.44848657003224607
2010-12-02,0.3463854745971404,0.44855269036849055
2010-12-03,0.3463854745971404,0.4485527100302404
2010-12-06,0.3463854745971404,0.4485527100360875
2010-12-07,0.3463854745971404,0.4485527100360892
2010-12-08,0.3463854745971404,0.4485527100360892
2010-12-09,0.3463854745971404,0.4485527100360892
2010-12-10,0.3463854745971404,0.4485527100360892
2010-12-13,0.3463854745971404,0.4485527100360892
2010-12-14,0.3463854745971404,0.4485527100360892
2010-12-15,0.3463854745971404,0.4485527100360892
2010-12-16,0.3463854745971404,0.4485527100360892
2010-12-17,0.3463854745971404,0.4485527100360892
2010-12-20,0.3463854745971404,0.4485527100360892
2010-12-21,0.3463854745971404,0.4485527100360892
2010-12-22,0.3463854745971404,0.4485527100360892
2010-12-23,0.3463854745971404,0.4485527100360892
2010-12-24,0.3463854745971404,0.4485527100360892
2010-12-27,0.3463854745971404,0.4485527100360892
2010-12-28,0.3463854745971404,0.4485527100360892
2010-12-29,0.3463854745971404,0.4485527100360892
2010-12-30,0.3463854745971404,0.4485527100360892
2010-12-31,0.3463854745971404,0.4485527100360892
2011-01-03,0.25980184231344694,0.3440619742280741
2011-01-04,0.2598018423101191,0.3440261798391572
2011-01-05,0.2598018423101191,0.34402616919388707
2011-01-06,0.2598018423101191,0.3440261691907213
2011-01-07,0.2598018423101191,0.34402616919072043
2011-01-10,0.2598018423101191,0.3440261691907204
2011-01-11,0.2598018423101191,0.3440261691907204
2011-01-12,0.2598018423101191,0.3440261691907204
2011-01-13,0.2598018423101191,0.3440261691907204
2011-01-14,0.2598018423101191,0.3440261691907204
2011-01-17,0.2598018423101191,0.3440261691907204
2011-01-18,0.2598018423101191,0.3440261691907204
2011-01-19,0.2598018423101191,0.3440261691907204
2011-01-20,0.2598018423101191,0.3440261691907204
2011-01-21,0.2598018423101191,0.3440261691907204
2011-01-24,0.2598018423101191,0.3440261691907204
2011-01-25,0.2598018423101191,0.3440261691907204
2011-01-26,0.2598018423101191,0.3440261691907204
2011-01-27,0.2598018423101191,0.3440261691907204
2011-01-28,0.2598018423101191,0.3440261691907204
2011-01-31,0.2598018423101191,0.3440261691907204
2011-02-01,0.02200941347472103,0.013107063243998848
2011-02-02,0.02200941342456646,0.01168971703834276
2011-02-03,0.02200941342456646,0.011689269979507975
2011-02-04,0.02200941342456646,0.01168926984655682
2011-02-07,0.02200941342456646,0.011689269846517282
2011-02-08,0.02200941342456646,0.01168926984651727
2011-02-09,0.02200941342456646,0.01168926984651727
2011-02-10,0.02200941342456646,0.01168926984651727
2011-02-11,0.02200941342456646,0.01168926984651727
2011-02-14,0.02200941342456646,0.01168926984651727
2011-02-15,0.02200941342456646,0.01168926984651727
2011-02-16,0.02200941342456646,0.01168926984651727
2011-02-17,0.02200941342456646,0.01168926984651727
2011-02-18,0.02200941342456646,0.01168926984651727
2011-02-21,0.02200941342456646,0.01168926984651727
2011-02-22,0.02200941342456646,0.01168926984651727
2011-02-23,0.02200941342456646,0.01168926984651727
2011-02-24,0.02200941342456646,0.01168926984651727
2011-02-25,0.02200941342456646,0.01168926984651727
2011-02-28,0.02200941342456646,0.01168926984651727
2011-03-01,0.027700806171781295,0.026203323290466377
2011-03-02,0.027700806171949536,0.026206443975555476
2011-03-03,0.027700806171949536,0.026206444903545296
2011-03-04,0.027700806171949536,0.026206444903821267
2011-03-07,0.027700806171949536,0.026206444903821347
2011-03-08,0.027700806171949536,0.026206444903821347
2011-03-09,0.027700806171949536,0.026206444903821347
2011-03-10,0.027700806171949536,0.026206444903821347
2011-03-11,0.027700806171949536,0.026206444903821347
2011-03-14,0.027700806171949536,0.026206444903821347
2011-03-15,0.027700806171949536,0.026206444903821347
2011-03-16,0.027700806171949536,0.026206444903821347
2011-03-17,0.027700806171949536,0.026206444903821347
2011-03-18,0.027700806171949536,0.026206444903821347
2011-03-21,0.027700806171949536,0.026206444903821347
2011-03-22,0.027700806171949536,0.026206444903821347
2011-03-23,0.027700806171949536,0.026206444903821347
2011-03-24,0.027700806171949536,0.026206444903821347
2011-03-25,0.027700806171949536,0.026206444903821347
2011-03-28,0.027700806171949536,0.026206444903821347
2011-03-29,0.027700806171949536,0.026206444903821347
2011-03-30,0.027700806171949536,0.026206444903821347
2011-03-31,0.027700806171949536,0.026206444903821347
2011-04-01,0.048204404046199106,0.0592923876825434
2011-04-04,0.04820440404673094,0.05929948130251189
2011-04-05,0.04820440404673094,0.059299483411922205
2011-04-06,0.04820440404673094,0.059299483412549515
2011-04-07,0.04820440404673094,0.0592994834125497
2011-04-08,0.04820440404673094,0.0592994834125497
2011-04-11,0.04820440404673094,0.0592994834125497
2011-04-12,0.04820440404673094,0.0592994834125497
2011-04-13,0.04820440404673094,0.0592994834125497
2011-04-14,0.04820440404673094,0.0592994834125497
2011-04-15,0.04820440404673094,0.0592994834125497
2011-04-18,0.04820440404673094,0.0592994834125497
2011-04-19,0.04820440404673094,0.0592994834125497
2011-04-20,0.04820440404673094,0.0592994834125497
2011-04-21,0.04820440404673094,0.0592994834125497
2011-04-22,0.04820440404673094,0.0592994834125497
2011-04-25,0.04820440404673094,0.0592994834125497
2011-04-26,0.04820440404673094,0.0592994834125497
2011-04-27,0.04820440404673094,0.0592994834125497
2011-04-28,0.04820440404673094,0.0592994834125497
2011-04-29,0.04820440404673094,0.0592994834125497
2011-05-02,0.04820440404673094,0.0592994834125497
2011-05-03,0.04053394829980069,0.27412192156891657
2011-05-04,0.04053394829952407,0.2741607712728814
2011-05-05,0.04053394829952407,0.27416078282538375
2011-05-06,0.04053394829952407,0.2741607828288193
2011-05-09,0.04053394829952407,0.2741607828288203
2011-05-10,0.04053394829952407,0.2741607828288203
2011-05-11,0.04053394829952407,0.2741607828288203
2011-05-12,0.04053394829952407,0.2741607828288203
2011-05-13,0.04053394829952407,0.2741607828288203
2011-05-16,0.04053394829952407,0.2741607828288203
2011-05-17,0.04053394829952407,0.2741607828288203
2011-05-18,0.04053394829952407,0.2741607828288203
2011-05-19,0.04053394829952407,0.2741607828288203
2011-05-20,0.04053394829952407,0.2741607828288203
2011-05-23,0.04053394829952407,0.2741607828288203
2011-05-24,0.04053394829952407,0.2741607828288203
2011-05-25,0.04053394829952407,0.2741607828288203
2011-05-26,0.04053394829952407,0.2741607828288203
2011-05-27,0.04053394829952407,0.2741607828288203
2011-05-30,0.04053394829952407,0.2741607828288203
2011-05-31,0.04053394829952407,0.2741607828288203
2011-06-01,0.08924127829311286,0.1854223057922417
2011-06-02,0.08924127829427962,0.1853895987347391
2011-06-03,0.08924127829427962,0.18538958900729088
2011-06-06,0.08924127829427962,0.1853895890043981
2011-06-07,0.08924127829427962,0.18538958900439723
2011-06-08,0.08924127829427962,0.18538958900439723
2011-06-09,0.08924127829427962,0.18538958900439723
2011-06-10,0.08924127829427962,0.18538958900439723
2011-06-13,0.08924127829427962,0.18538958900439723
2011-06-14,0.08924127829427962,0.18538958900439723
2011-06-15,0.08924127829427962,0.18538958900439723
2011-06-16,0.08924127829427962,0.18538958900439723
2011-06-17,0.08924127829427962,0.18538958900439723
2011-06-20,0.08924127829427962,0.18538958900439723
2011-06-21,0.08924127829427962,0.18538958900439723
2011-06-22,0.08924127829427962,0.18538958900439723
2011-06-23,0.08924127829427962,0.18538958900439723
2011-06-24,0.08924127829427962,0.18538958900439723
2011-06-27,0.08924127829427962,0.18538958900439723
2011-06-28,0.08924127829427962,0.18538958900439723
2011-06-29,0.08924127829427962,0.18538958900439723
2011-06-30,0.08924127829427962,0.18538958900439723
2011-07-01,0.14688933567876394,0.1528694592232841
2011-07-04,0.14688933568029047,0.15285875918579064
2011-07-05,0.14688933568029047,0.15285875600364804
2011-07-06,0.14688933568029047,0.15285875600270174
2011-07-07,0.14688933568029047,0.15285875600270143
2011-07-08,0.14688933568029047,0.15285875600270143
2011-07-11,0.14688933568029047,0.15285875600270143
2011-07-12,0.14688933568029047,0.15285875600270143
2011-07-13,0.14688933568029047,0.15285875600270143
2011-07-14,0.14688933568029047,0.15285875600270143
2011-07-15,0.14688933568029047,0.15285875600270143
2011-07-18,0.14688933568029047,0.15285875600270143
2011-07-19,0.14688933568029047,0.15285875600270143
2011-07-20,0.14688933568029047,0.15285875600270143
2011-07-21,0.14688933568029047,0.15285875600270143
2011-07-22,0.14688933568029047,0.15285875600270143
2011-07-25,0.14688933568029047,0.15285875600270143
2011-07-26,0.14688933568029047,0.15285875600270143
2011-07-27,0.14688933568029047,0.15285875600270143
2011-07-28,0.14688933568029047,0.15285875600270143
2011-07-29,0.14688933568029047,0.15285875600270143
2011-08-01,0.14688933568029047,0.15285875600270143
2011-08-02,0.1409274668460643,0.03574244557516198
2011-08-03,0.14092746684586374,0.03565043747792918
2011-08-04,0.14092746684586374,0.03565041008077778
2011-08-05,0.14092746684586374,0.03565041007263028
2011-08-08,0.14092746684586374,0.03565041007262785
2011-08-09,0.14092746684586374,0.03565041007262785
2011-08-10,0.14092746684586374,0.03565041007262785
2011-08-11,0.14092746684586374,0.03565041007262785
2011-08-12,0.14092746684586374,0.03565041007262785
2011-08-15,0.14092746684586374,0.03565041007262785
2011-08-16,0.14092746684586374,0.03565041007262785
2011-08-17,0.14092746684586374,0.03565041007262785
2011-08-18,0.14092746684586374,0.03565041007262785
2011-08-19,0.14092746684586374,0.03565041007262785
2011-08-22,0.14092746684586374,0.03565041007262785
2011-08-23,0.14092746684586374,0.03565041007262785
2011-08-24,0.14092746684586374,0.03565041007262785
2011-08-25,0.14092746684586374,0.03565041007262785
2011-08-26,0.14092746684586374,0.03565041007262785
2011-08-29,0.14092746684586374,0.03565041007262785
2011-08-30,0.14092746684586374,0.03565041007262785
2011-08-31,0.14092746684586374,0.03565041007262785
2011-09-01,0.24115539273970815,0.1387533899310086
2011-09-02,0.241155392742324,0.13877265819294313
2011-09-05,0.241155392742324,0.13877266392263823
2011-09-06,0.241155392742324,0.13877266392434218
2011-09-07,0.241155392742324,0.13877266392434268
2011-09-08,0.241155392742324,0.13877266392434268
2011-09-09,0.241155392742324,0.13877266392434268
2011-09-12,0.241155392742324,0.13877266392434268
2011-09-13,0.241155392742324,0.13877266392434268
2011-09-14,0.241155392742324,0.13877266392434268
2011-09-15,0.241155392742324,0.13877266392434268
2011-09-16,0.241155392742324,0.13877266392434268
2011-09-19,0.241155392742324,0.13877266392434268
2011-09-20,0.241155392742324,0.13877266392434268
2011-09-21,0.241155392742324,0.13877266392434268
2011-09-22,0.241155392742324,0.13877266392434268
2011-09-23,0.241155392742324,0.13877266392434268
2011-09-26,0.241155392742324,0.13877266392434268
2011-09-27,0.241155392742324,0.13877266392434268
2011-09-28,0.241155392742324,0.13877266392434268
2011-09-29,0.241155392742324,0.13877266392434268
2011-09-30,0.241155392742324,0.13877266392434268
2011-10-03,0.3635589740200116,0.32049194691545463
2011-10-04,0.36355897402336534,0.32053066463586666
2011-10-05,0.36355897402336534,0.32053067614924224
2011-10-06,0.36355897402336534,0.32053067615266617
2011-10-07,0.36355897402336534,0.32053067615266717
2011-10-10,0.36355897402336534,0.32053067615266717
2011-10-11,0.36355897402336534,0.32053067615266717
2011-10-12,0.36355897402336534,0.32053067615266717
2011-10-13,0.36355897402336534,0.32053067615266717
2011-10-14,0.36355897402336534,0.32053067615266717
2011-10-17,0.36355897402336534,0.32053067615266717
2011-10-18,0.36355897402336534,0.32053067615266717
2011-10-19,0.36355897402336534,0.32053067615266717
2011-10-20,0.36355897402336534,0.32053067615266717
2011-10-21,0.36355897402336534,0.32053067615266717
2011-10-24,0.36355897402336534,0.32053067615266717
2011-10-25,0.36355897402336534,0.32053067615266717
2011-10-26,0.36355897402336534,0.32053067615266717
2011-10-27,0.36355897402336534,0.32053067615266717
2011-10-28,0.36355897402336534,0.32053067615266717
2011-10-31,0.36355897402336534,0.32053067615266717
2011-11-01,0.3122946781134153,0.1577948676918422
2011-11-02,0.3122946781115878,0.15772150015508174
2011-11-03,0.3122946781115878,0.157721478331597
2011-11-04,0.3122946781115878,0.157721478325107
2011-11-07,0.3122946781115878,0.15772147832510508
2011-11-08,0.3122946781115878,0.15772147832510508
2011-11-09,0.3122946781115878,0.15772147832510508
2011-11-10,0.3122946781115878,0.15772147832510508
2011-11-11,0.3122946781115878,0.15772147832510508
2011-11-14,0.3122946781115878,0.15772147832510508
2011-11-15,0.3122946781115878,0.15772147832510508
2011-11-16,0.3122946781115878,0.15772147832510508
2011-11-17,0.3122946781115878,0.15772147832510508
2011-11-18,0.3122946781115878,0.15772147832510508
2011-11-21,0.3122946781115878,0.15772147832510508
2011-11-22,0.3122946781115878,0.15772147832510508
2011-11-23,0.3122946781115878,0.15772147832510508
2011-11-24,0.3122946781115878,0.15772147832510508
2011-11-25,0.3122946781115878,0.15772147832510508
2011-11-28,0.3122946781115878,0.15772147832510508
2011-11-29,0.3122946781115878,0.15772147832510508
2011-11-30,0.3122946781115878,0.15772147832510508
2011-12-01,0.37005652824350704,0.3075330404396519
2011-12-02,0.37005652824526153,0.3075667388561407
2011-12-05,0.37005652824526153,0.30756674887699686
2011-12-06,0.37005652824526153,0.3075667488799769
2011-12-07,0.37005652824526153,0.3075667488799778
2011-12-08,0.37005652824526153,0.3075667488799778
2011-12-09,0.37005652824526153,0.3075667488799778
2011-12-12,0.37005652824526153,0.3075667488799778
2011-12-13,0.37005652824526153,0.3075667488799778
2011-12-14,0.37005652824526153,0.3075667488799778
2011-12-15,0.37005652824526153,0.3075667488799778
2011-12-16,0.37005652824526153,0.3075667488799778
2011-12-19,0.37005652824526153,0.3075667488799778
2011-12-20,0.37005652824526153,0.3075667488799778
2011-12-21,0.37005652824526153,0.3075667488799778
2011-12-22,0.37005652824526153,0.3075667488799778
2011-12-23,0.37005652824526153,0.3075667488799778
2011-12-26,0.37005652824526153,0.3075667488799778
2011-12-27,0.37005652824526153,0.3075667488799778
2011-12-28,0.37005652824526153,0.3075667488799778
2011-12-29,0.37005652824526153,0.3075667488799778
2011-12-30,0.37005652824526153,0.3075667488799778
2012-01-02,0.37005652824526153,0.3075667488799778
2012-01-03,0.43420321371725007,0.4412458876540373
2012-01-04,0.4342032137192073,0.4412796186115848
2012-01-05,0.4342032137192073,0.4412796286422838
2012-01-06,0.4342032137192073,0.4412796286452668
2012-01-09,0.4342032137192073,0.44127962864526765
2012-01-10,0.4342032137192073,0.44127962864526765
2012-01-11,0.4342032137192073,0.44127962864526765
2012-01-12,0.4342032137192073,0.44127962864526765
2012-01-13,0.4342032137192073,0.44127962864526765
2012-01-16,0.4342032137192073,0.44127962864526765
2012-01-17,0.4342032137192073,0.44127962864526765
2012-01-18,0.4342032137192073,0.44127962864526765
2012-01-19,0.4342032137192073,0.44127962864526765
2012-01-20,0.4342032137192073,0.44127962864526765
2012-01-23,0.4342032137192073,0.44127962864526765
2012-01-24,0.4342032137192073,0.44127962864526765
2012-01-25,0.4342032137192073,0.44127962864526765
2012-01-26,0.4342032137192073,0.44127962864526765
2012-01-27,0.4342032137192073,0.44127962864526765
2012-01-30,0.4342032137192073,0.44127962864526765
2012-01-31,0.4342032137192073,0.44127962864526765
2012-02-01,0.3033411413112039,0.37304563512431743
2012-02-02,0.3033411413059627,0.3730234869075725
2012-02-03,0.3033411413059627,0.3730234803208284
2012-02-06,0.3033411413059627,0.37302348031886956
2012-02-07,0.3033411413059627,0.37302348031886895
2012-02-08,0.3033411413059627,0.37302348031886895
2012-02-09,0.3033411413059627,0.37302348031886895
2012-02-10,0.3033411413059627,0.37302348031886895
2012-02-13,0.3033411413059627,0.37302348031886895
2012-02-14,0.3033411413059627,0.37302348031886895
2012-02-15,0.3033411413059627,0.37302348031886895
2012-02-16,0.3033411413059627,0.37302348031886895
2012-02-17,0.3033411413059627,0.37302348031886895
2012-02-20,0.3033411413059627,0.37302348031886895
2012-02-21,0.3033411413059627,0.37302348031886895
2012-02-22,0.3033411413059627,0.37302348031886895
2012-02-23,0.3033411413059627,0.37302348031886895
2012-02-24,0.3033411413059627,0.37302348031886895
2012-02-27,0.3033411413059627,0.37302348031886895
2012-02-28,0.3033411413059627,0.37302348031886895
2012-02-29,0.3033411413059627,0.37302348031886895
2012-03-01,0.24387535851286918,0.4235798576493004
2012-03-02,0.24387535851067121,0.42359399489017513
2012-03-05,0.24387535851067121,0.423593999094309
2012-03-06,0.24387535851067121,0.4235939990955593
2012-03-07,0.24387535851067121,0.42359399909555967
2012-03-08,0.24387535851067121,0.42359399909555967
2012-03-09,0.24387535851067121,0.42359399909555967
2012-03-12,0.24387535851067121,0.42359399909555967
2012-03-13,0.24387535851067121,0.42359399909555967
2012-03-14,0.24387535851067121,0.42359399909555967
2012-03-15,0.24387535851067121,0.42359399909555967
2012-03-16,0.24387535851067121,0.42359399909555967
2012-03-19,0.24387535851067121,0.42359399909555967
2012-03-20,0.24387535851067121,0.42359399909555967
2012-03-21,0.24387535851067121,0.42359399909555967
2012-03-22,0.24387535851067121,0.42359399909555967
2012-03-23,0.24387535851067121,0.42359399909555967
2012-03-26,0.24387535851067121,0.42359399909555967
2012-03-27,0.24387535851067121,0.42359399909555967
2012-03-28,0.24387535851067121,0.42359399909555967
2012-03-29,0.24387535851067121,0.42359399909555967
2012-03-30,0.24387535851067121,0.42359399909555967
2012-04-02,0.24387535851067121,0.42359399909555967
2012-04-03,0.274862129336193,0.6118216156632332
2012-04-04,0.2748621293371563,0.611868979356875
2012-04-05,0.2748621293371563,0.6118689934415841
2012-04-06,0.2748621293371563,0.6118689934457727
2012-04-09,0.2748621293371563,0.611868993445774
2012-04-10,0.2748621293371563,0.611868993445774
2012-04-11,0.2748621293371563,0.611868993445774
2012-04-12,0.2748621293371563,0.611868993445774
2012-04-13,0.2748621293371563,0.611868993445774
2012-04-16,0.2748621293371563,0.611868993445774
2012-04-17,0.2748621293371563,0.611868993445774
2012-04-18,0.2748621293371563,0.611868993445774
2012-04-19,0.2748621293371563,0.611868993445774
2012-04-20,0.2748621293371563,0.611868993445774
2012-04-23,0.2748621293371563,0.611868993445774
2012-04-24,0.2748621293371563,0.611868993445774
2012-04-25,0.2748621293371563,0.611868993445774
2012-04-26,0.2748621293371563,0.611868993445774
2012-04-27,0.2748621293371563,0.611868993445774
2012-04-30,0.2748621293371563,0.611868993445774
2012-05-01,0.48121359248058865,0.8429090499605189
2012-05-02,0.4812135924859293,0.8429683393756474
2012-05-03,0.4812135924859293,0.8429683570068128
2012-05-04,0.4812135924859293,0.8429683570120561
2012-05-07,0.4812135924859293,0.8429683570120576
2012-05-08,0.4812135924859293,0.8429683570120576
2012-05-09,0.4812135924859293,0.8429683570120576
2012-05-10,0.4812135924859293,0.8429683570120576
2012-05-11,0.4812135924859293,0.8429683570120576
2012-05-14,0.4812135924859293,0.8429683570120576
2012-05-15,0.4812135924859293,0.8429683570120576
2012-05-16,0.4812135924859293,0.8429683570120576
2012-05-17,0.4812135924859293,0.8429683570120576
2012-05-18,0.4812135924859293,0.8429683570120576
2012-05-21,0.4812135924859293,0.8429683570120576
2012-05-22,0.4812135924859293,0.8429683570120576
2012-05-23,0.4812135924859293,0.8429683570120576
2012-05-24,0.4812135924859293,0.8429683570120576
2012-05-25,0.4812135924859293,0.8429683570120576
2012-05-28,0.4812135924859293,0.8429683570120576
2012-05-29,0.4812135924859293,0.8429683570120576
2012-05-30,0.4812135924859293,0.8429683570120576
2012-05-31,0.4812135924859293,0.8429683570120576
2012-06-01,0.6489655653819585,1.1206442927060343
2012-06-04,0.6489655653867707,1.1207166365198906
2012-06-05,0.6489655653867707,1.1207166580331647
2012-06-06,0.6489655653867707,1.1207166580395624
2012-06-07,0.6489655653867707,1.1207166580395642
2012-06-08,0.6489655653867707,1.1207166580395642
2012-06-11,0.6489655653867707,1.1207166580395642
2012-06-12,0.6489655653867707,1.1207166580395642
2012-06-13,0.6489655653867707,1.1207166580395642
2012-06-14,0.6489655653867707,1.1207166580395642
2012-06-15,0.6489655653867707,1.1207166580395642
2012-06-18,0.6489655653867707,1.1207166580395642
2012-06-19,0.6489655653867707,1.1207166580395642
2012-06-20,0.6489655653867707,1.1207166580395642
2012-06-21,0.6489655653867707,1.1207166580395642
2012-06-22,0.6489655653867707,1.1207166580395642
2012-06-25,0.6489655653867707,1.1207166580395642
2012-06-26,0.6489655653867707,1.1207166580395642
2012-06-27,0.6489655653867707,1.1207166580395642
2012-06-28,0.6489655653867707,1.1207166580395642
2012-06-29,0.6489655653867707,1.1207166580395642
2012-07-02,0.6489655653867707,1.1207166580395642
2012-07-03,0.49034822813812007,0.9210787873376358
2012-07-04,0.4903482281320492,0.9210129817108339
2012-07-05,0.4903482281320492,0.921012962140525
2012-07-06,0.4903482281320492,0.9210129621347051
2012-07-09,0.4903482281320492,0.9210129621347033
2012-07-10,0.4903482281320492,0.9210129621347033
2012-07-11,0.4903482281320492,0.9210129621347033
2012-07-12,0.4903482281320492,0.9210129621347033
2012-07-13,0.4903482281320492,0.9210129621347033
2012-07-16,0.4903482281320492,0.9210129621347033
2012-07-17,0.4903482281320492,0.9210129621347033
2012-07-18,0.4903482281320492,0.9210129621347033
2012-07-19,0.4903482281320492,0.9210129621347033
2012-07-20,0.4903482281320492,0.9210129621347033
2012-07-23,0.4903482281320492,0.9210129621347033
2012-07-24,0.4903482281320492,0.9210129621347033
2012-07-25,0.4903482281320492,0.9210129621347033
2012-07-26,0.4903482281320492,0.9210129621347033
2012-07-27,0.4903482281320492,0.9210129621347033
2012-07-30,0.4903482281320492,0.9210129621347033
2012-07-31,0.4903482281320492,0.9210129621347033
2012-08-01,1.8665456011495973,1.1362010196897996
2012-08-02,1.8665456011782222,1.1362589519567112
2012-08-03,1.8665456011782222,1.136258969184462
2012-08-06,1.8665456011782222,1.1362589691895852
2012-08-07,1.8665456011782222,1.1362589691895868
2012-08-08,1.8665456011782222,1.1362589691895868
2012-08-09,1.8665456011782222,1.1362589691895868
2012-08-10,1.8665456011782222,1.1362589691895868
2012-08-13,1.8665456011782222,1.1362589691895868
2012-08-14,1.8665456011782222,1.1362589691895868
2012-08-15,1.8665456011782222,1.1362589691895868
2012-08-16,1.8665456011782222,1.1362589691895868
2012-08-17,1.8665456011782222,1.1362589691895868
2012-08-20,1.8665456011782222,1.1362589691895868
2012-08-21,1.8665456011782222,1.1362589691895868
2012-08-22,1.8665456011782222,1.1362589691895868
2012-08-23,1.8665456011782222,1.1362589691895868
2012-08-24,1.8665456011782222,1.1362589691895868
2012-08-27,1.8665456011782222,1.1362589691895868
2012-08-28,1.8665456011782222,1.1362589691895868
2012-08-29,1.8665456011782222,1.1362589691895868
2012-08-30,1.8665456011782222,1.1362589691895868
2012-08-31,1.8665456011782222,1.1362589691895868
2012-09-03,2.0586848114160508,0.9964016904064256
2012-09-04,2.0586848114220855,0.9963571790106267
2012-09-05,2.0586848114220855,0.9963571657733072
2012-09-06,2.0586848114220855,0.9963571657693706
2012-09-07,2.0586848114220855,0.9963571657693695
2012-09-10,2.0586848114220855,0.9963571657693695
2012-09-11,2.0586848114220855,0.9963571657693695
2012-09-12,2.0586848114220855,0.9963571657693695
2012-09-13,2.0586848114220855,0.9963571657693695
2012-09-14,2.0586848114220855,0.9963571657693695
2012-09-17,2.0586848114220855,0.9963571657693695
2012-09-18,2.0586848114220855,0.9963571657693695
2012-09-19,2.0586848114220855,0.9963571657693695
2012-09-20,2.0586848114220855,0.9963571657693695
2012-09-21,2.0586848114220855,0.9963571657693695
2012-09-24,2.0586848114220855,0.9963571657693695
2012-09-25,2.0586848114220855,0.9963571657693695
2012-09-26,2.0586848114220855,0.9963571657693695
2012-09-27,2.0586848114220855,0.9963571657693695
2012-09-28,2.0586848114220855,0.9963571657693695
2012-10-01,2.0586848114220855,0.9963571657693695
2012-10-02,2.142640704357453,0.9460720422647372
2012-10-03,2.1426407043601645,0.9460566906814687
2012-10-04,2.1426407043601645,0.9460566861161003
2012-10-05,2.1426407043601645,0.9460566861147426
2012-10-08,2.1426407043601645,0.9460566861147423
2012-10-09,2.1426407043601645,0.9460566861147423
2012-10-10,2.1426407043601645,0.9460566861147423
2012-10-11,2.1426407043601645,0.9460566861147423
2012-10-12,2.1426407043601645,0.9460566861147423
2012-10-15,2.1426407043601645,0.9460566861147423
2012-10-16,2.1426407043601645,0.9460566861147423
2012-10-17,2.1426407043601645,0.9460566861147423
2012-10-18,2.1426407043601645,0.9460566861147423
2012-10-19,2.1426407043601645,0.9460566861147423
2012-10-22,2.1426407043601645,0.9460566861147423
2012-10-23,2.1426407043601645,0.9460566861147423
2012-10-24,2.1426407043601645,0.9460566861147423
2012-10-25,2.1426407043601645,0.9460566861147423
2012-10-26,2.1426407043601645,0.9460566861147423
2012-10-29,2.1426407043601645,0.9460566861147423
2012-10-30,2.1426407043601645,0.9460566861147423
2012-10-31,2.1426407043601645,0.9460566861147423
2012-11-01,1.0236608027014311,0.8772137288770667
2012-11-02,1.0236608026444172,0.8771924524065322
2012-11-05,1.0236608026444172,0.8771924460791511
2012-11-06,1.0236608026444172,0.8771924460772695
2012-11-07,1.0236608026444172,0.877192446077269
2012-11-08,1.0236608026444172,0.877192446077269
2012-11-09,1.0236608026444172,0.877192446077269
2012-11-12,1.0236608026444172,0.877192446077269
2012-11-13,1.0236608026444172,0.877192446077269
2012-11-14,1.0236608026444172,0.877192446077269
2012-11-15,1.0236608026444172,0.877192446077269
2012-11-16,1.0236608026444172,0.877192446077269
2012-11-19,1.0236608026444172,0.877192446077269
2012-11-20,1.0236608026444172,0.877192446077269
2012-11-21,1.0236608026444172,0.877192446077269
2012-11-22,1.0236608026444172,0.877192446077269
2012-11-23,1.0236608026444172,0.877192446077269
2012-11-26,1.0236608026444172,0.877192446077269
2012-11-27,1.0236608026444172,0.877192446077269
2012-11-28,1.0236608026444172,0.877192446077269
2012-11-29,1.0236608026444172,0.877192446077269
2012-11-30,1.0236608026444172,0.877192446077269
2012-12-03,1.0548445695782236,0.8462202212403237
2012-12-04,1.0548445695792357,0.8462108419532516
2012-12-05,1.0548445695792357,0.8462108391639764
2012-12-06,1.0548445695792357,0.846210839163147
2012-12-07,1.0548445695792357,0.8462108391631467
2012-12-10,1.0548445695792357,0.8462108391631467
2012-12-11,1.0548445695792357,0.8462108391631467
2012-12-12,1.0548445695792357,0.8462108391631467
2012-12-13,1.0548445695792357,0.8462108391631467
2012-12-14,1.0548445695792357,0.8462108391631467
2012-12-17,1.0548445695792357,0.8462108391631467
2012-12-18,1.0548445695792357,0.8462108391631467
2012-12-19,1.0548445695792357,0.8462108391631467
2012-12-20,1.0548445695792357,0.8462108391631467
2012-12-21,1.0548445695792357,0.8462108391631467
2012-12-24,1.0548445695792357,0.8462108391631467
2012-12-25,1.0548445695792357,0.8462108391631467
2012-12-26,1.0548445695792357,0.8462108391631467
2012-12-27,1.0548445695792357,0.8462108391631467
2012-12-28,1.0548445695792357,0.8462108391631467
2012-12-31,1.0548445695792357,0.8462108391631467
2013-01-01,1.10924453519829,0.7759282394482089
2013-01-02,1.1092445352000384,0.7759063915533427
2013-01-03,1.1092445352000384,0.775906385056014
2013-01-04,1.1092445352000384,0.7759063850540817
2013-01-07,1.1092445352000384,0.775906385054081
2013-01-08,1.1092445352000384,0.775906385054081
2013-01-09,1.1092445352000384,0.775906385054081
2013-01-10,1.1092445352000384,0.775906385054081
2013-01-11,1.1092445352000384,0.775906385054081
2013-01-14,1.1092445352000384,0.775906385054081
2013-01-15,1.1092445352000384,0.775906385054081
2013-01-16,1.1092445352000384,0.775906385054081
2013-01-17,1.1092445352000384,0.775906385054081
2013-01-18,1.1092445352000384,0.775906385054081
2013-01-21,1.1092445352000384,0.775906385054081
2013-01-22,1.1092445352000384,0.775906385054081
2013-01-23,1.1092445352000384,0.775906385054081
2013-01-24,1.1092445352000384,0.775906385054081
2013-01-25,1.1092445352000384,0.775906385054081
2013-01-28,1.1092445352000384,0.775906385054081
2013-01-29,1.1092445352000384,0.775906385054081
2013-01-30,1.1092445352000384,0.775906385054081
2013-01-31,1.1092445352000384,0.775906385054081
2013-02-01,1.1927109194039367,0.6581700295840672
2013-02-04,1.1927109194065901,0.6581318838039418
2013-02-05,1.1927109194065901,0.6581318724596282
2013-02-06,1.1927109194065901,0.6581318724562546
2013-02-07,1.1927109194065901,0.6581318724562536
2013-02-08,1.1927109194065901,0.6581318724562536
2013-02-11,1.1927109194065901,0.6581318724562536
2013-02-12,1.1927109194065901,0.6581318724562536
2013-02-13,1.1927109194065901,0.6581318724562536
2013-02-14,1.1927109194065901,0.6581318724562536
2013-02-15,1.1927109194065901,0.6581318724562536
2013-02-18,1.1927109194065901,0.6581318724562536
2013-02-19,1.1927109194065901,0.6581318724562536
2013-02-20,1.1927109194065901,0.6581318724562536
2013-02-21,1.1927109194065901,0.6581318724562536
2013-02-22,1.1927109194065901,0.6581318724562536
2013-02-25,1.1927109194065901,0.6581318724562536
2013-02-26,1.1927109194065901,0.6581318724562536
2013-02-27,1.1927109194065901,0.6581318724562536
2013-02-28,1.1927109194065901,0.6581318724562536
2013-03-01,1.131100775561581,0.7292673243933081
2013-03-04,1.131100775559496,0.729287446985408
2013-03-05,1.131100775559496,0.7292874529694835
2013-03-06,1.131100775559496,0.729287452971263
2013-03-07,1.131100775559496,0.7292874529712635
2013-03-08,1.131100775559496,0.7292874529712635
2013-03-11,1.131100775559496,0.7292874529712635
2013-03-12,1.131100775559496,0.7292874529712635
2013-03-13,1.131100775559496,0.7292874529712635
2013-03-14,1.131100775559496,0.7292874529712635
2013-03-15,1.131100775559496,0.7292874529712635
2013-03-18,1.131100775559496,0.7292874529712635
2013-03-19,1.131100775559496,0.7292874529712635
2013-03-20,1.131100775559496,0.7292874529712635
2013-03-21,1.131100775559496,0.7292874529712635
2013-03-22,1.131100775559496,0.7292874529712635
2013-03-25,1.131100775559496,0.7292874529712635
2013-03-26,1.131100775559496,0.7292874529712635
2013-03-27,1.131100775559496,0.7292874529712635
2013-03-28,1.131100775559496,0.7292874529712635
2013-03-29,1.131100775559496,0.7292874529712635
2013-04-01,1.131100775559496,0.7292874529712635
2013-04-02,1.0557243990626717,0.8468133994099958
2013-04-03,1.0557243990600997,0.8468459239255328
2013-04-04,1.0557243990600997,0.8468459335976517
2013-04-05,1.0557243990600997,0.846845933600528
2013-04-08,1.0557243990600997,0.8468459336005288
2013-04-09,1.0557243990600997,0.8468459336005288
2013-04-10,1.0557243990600997,0.8468459336005288
2013-04-11,1.0557243990600997,0.8468459336005288
2013-04-12,1.0557243990600997,0.8468459336005288
2013-04-15,1.0557243990600997,0.8468459336005288
2013-04-16,1.0557243990600997,0.8468459336005288
2013-04-17,1.0557243990600997,0.8468459336005288
2013-04-18,1.0557243990600997,0.8468459336005288
2013-04-19,1.0557243990600997,0.8468459336005288
2013-04-22,1.0557243990600997,0.8468459336005288
2013-04-23,1.0557243990600997,0.8468459336005288
2013-04-24,1.0557243990600997,0.8468459336005288
2013-04-25,1.0557243990600997,0.8468459336005288
2013-04-26,1.0557243990600997,0.8468459336005288
2013-04-29,1.0557243990600997,0.8468459336005288
2013-04-30,1.0557243990600997,0.8468459336005288
2013-05-01,1.1373497272015485,0.67288249868142
2013-05-02,1.1373497272041413,0.6728240744885238
2013-05-03,1.1373497272041413,0.6728240571132876
2013-05-06,1.1373497272041413,0.6728240571081205
2013-05-07,1.1373497272041413,0.672824057108119
2013-05-08,1.1373497272041413,0.672824057108119
2013-05-09,1.1373497272041413,0.672824057108119
2013-05-10,1.1373497272041413,0.672824057108119
2013-05-13,1.1373497272041413,0.672824057108119
2013-05-14,1.1373497272041413,0.672824057108119
2013-05-15,1.1373497272041413,0.672824057108119
2013-05-16,1.1373497272041413,0.672824057108119
2013-05-17,1.1373497272041413,0.672824057108119
2013-05-20,1.1373497272041413,0.672824057108119
2013-05-21,1.1373497272041413,0.672824057108119
2013-05-22,1.1373497272041413,0.672824057108119
2013-05-23,1.1373497272041413,0.672824057108119
2013-05-24,1.1373497272041413,0.672824057108119
2013-05-27,1.1373497272041413,0.672824057108119
2013-05-28,1.1373497272041413,0.672824057108119
2013-05-29,1.1373497272041413,0.672824057108119
2013-05-30,1.1373497272041413,0.672824057108119
2013-05-31,1.1373497272041413,0.672824057108119
2013-06-03,1.102905653477962,0.7263476830502245
2013-06-04,1.1029056534768094,0.7263630135583544
2013-06-05,1.1029056534768094,0.7263630181173703
2013-06-06,1.1029056534768094,0.7263630181187261
2013-06-07,1.1029056534768094,0.7263630181187265
2013-06-10,1.1029056534768094,0.7263630181187265
2013-06-11,1.1029056534768094,0.7263630181187265
2013-06-12,1.1029056534768094,0.7263630181187265
2013-06-13,1.1029056534768094,0.7263630181187265
2013-06-14,1.1029056534768094,0.7263630181187265
2013-06-17,1.1029056534768094,0.7263630181187265
2013-06-18,1.1029056534768094,0.7263630181187265
2013-06-19,1.1029056534768094,0.7263630181187265
2013-06-20,1.1029056534768094,0.7263630181187265
2013-06-21,1.1029056534768094,0.7263630181187265
2013-06-24,1.1029056534768094,0.7263630181187265
2013-06-25,1.1029056534768094,0.7263630181187265
2013-06-26,1.1029056534768094,0.7263630181187265
2013-06-27,1.1029056534768094,0.7263630181187265
2013-06-28,1.1029056534768094,0.7263630181187265
2013-07-01,1.1029056534768094,0.7263630181187265
2013-07-02,0.9830795064381151,0.8852586277272565
2013-07-03,0.9830795064339268,0.8853016391103057
2013-07-04,0.9830795064339268,0.8853016519009372
2013-07-05,0.9830795064339268,0.885301651904741
2013-07-08,0.9830795064339268,0.8853016519047421
2013-07-09,0.9830795064339268,0.8853016519047421
2013-07-10,0.9830795064339268,0.8853016519047421
2013-07-11,0.9830795064339268,0.8853016519047421
2013-07-12,0.9830795064339268,0.8853016519047421
2013-07-15,0.9830795064339268,0.8853016519047421
2013-07-16,0.9830795064339268,0.8853016519047421
2013-07-17,0.9830795064339268,0.8853016519047421
2013-07-18,0.9830795064339268,0.8853016519047421
2013-07-19,0.9830795064339268,0.8853016519047421
2013-07-22,0.9830795064339268,0.8853016519047421
2013-07-23,0.9830795064339268,0.8853016519047421
2013-07-24,0.9830795064339268,0.8853016519047421
2013-07-25,0.9830795064339268,0.8853016519047421
2013-07-26,0.9830795064339268,0.8853016519047421
2013-07-29,0.9830795064339268,0.8853016519047421
2013-07-30,0.9830795064339268,0.8853016519047421
2013-07-31,0.9830795064339268,0.8853016519047421
2013-08-01,1.1204525888950867,0.6313746130984877
2013-08-02,1.120452588899335,0.6312839072986649
2013-08-05,1.120452588899335,0.6312838803221776
2013-08-06,1.120452588899335,0.6312838803141552
2013-08-07,1.120452588899335,0.6312838803141528
2013-08-08,1.120452588899335,0.6312838803141528
2013-08-09,1.120452588899335,0.6312838803141528
2013-08-12,1.120452588899335,0.6312838803141528
2013-08-13,1.120452588899335,0.6312838803141528
2013-08-14,1.120452588899335,0.6312838803141528
2013-08-15,1.120452588899335,0.6312838803141528
2013-08-16,1.120452588899335,0.6312838803141528
2013-08-19,1.120452588899335,0.6312838803141528
2013-08-20,1.120452588899335,0.6312838803141528
2013-08-21,1.120452588899335,0.6312838803141528
2013-08-22,1.120452588899335,0.6312838803141528
2013-08-23,1.120452588899335,0.6312838803141528
2013-08-26,1.120452588899335,0.6312838803141528
2013-08-27,1.120452588899335,0.6312838803141528
2013-08-28,1.120452588899335,0.6312838803141528
2013-08-29,1.120452588899335,0.6312838803141528
2013-08-30,1.120452588899335,0.6312838803141528
2013-09-02,1.120452588899335,0.6312838803141528
2013-09-03,1.0921375828956268,0.6670738427411869
2013-09-04,1.0921375828946818,0.6670842005397726
2013-09-05,1.0921375828946818,0.6670842036200032
2013-09-06,1.0921375828946818,0.6670842036209191
2013-09-09,1.0921375828946818,0.6670842036209195
2013-09-10,1.0921375828946818,0.6670842036209195
2013-09-11,1.0921375828946818,0.6670842036209195
2013-09-12,1.0921375828946818,0.6670842036209195
2013-09-13,1.0921375828946818,0.6670842036209195
2013-09-16,1.0921375828946818,0.6670842036209195
2013-09-17,1.0921375828946818,0.6670842036209195
2013-09-18,1.0921375828946818,0.6670842036209195
2013-09-19,1.0921375828946818,0.6670842036209195
2013-09-20,1.0921375828946818,0.6670842036209195
2013-09-23,1.0921375828946818,0.6670842036209195
2013-09-24,1.0921375828946818,0.6670842036209195
2013-09-25,1.0921375828946818,0.6670842036209195
2013-09-26,1.0921375828946818,0.6670842036209195
2013-09-27,1.0921375828946818,0.6670842036209195
2013-09-30,1.0921375828946818,0.6670842036209195
2013-10-01,1.2848679412131394,0.40246645040246054
2013-10-02,1.2848679412190127,0.40236187339361046
2013-10-03,1.2848679412190127,0.4023618422899287
2013-10-04,1.2848679412190127,0.40236184228067895
2013-10-07,1.2848679412190127,0.4023618422806762
2013-10-08,1.2848679412190127,0.4023618422806762
2013-10-09,1.2848679412190127,0.4023618422806762
2013-10-10,1.2848679412190127,0.4023618422806762
2013-10-11,1.2848679412190127,0.4023618422806762
2013-10-14,1.2848679412190127,0.4023618422806762
2013-10-15,1.2848679412190127,0.4023618422806762
2013-10-16,1.2848679412190127,0.4023618422806762
2013-10-17,1.2848679412190127,0.4023618422806762
2013-10-18,1.2848679412190127,0.4023618422806762
2013-10-21,1.2848679412190127,0.4023618422806762
2013-10-22,1.2848679412190127,0.4023618422806762
2013-10-23,1.2848679412190127,0.4023618422806762
2013-10-24,1.2848679412190127,0.4023618422806762
2013-10-25,1.2848679412190127,0.4023618422806762
2013-10-28,1.2848679412190127,0.4023618422806762
2013-10-29,1.2848679412190127,0.4023618422806762
2013-10-30,1.2848679412190127,0.4023618422806762
2013-10-31,1.2848679412190127,0.4023618422806762
2013-11-01,1.382536075755192,0.2157806072855013
2013-11-04,1.3825360757582963,0.2157011171460601
2013-11-05,1.3825360757582963,0.21570109350252395
2013-11-06,1.3825360757582963,0.2157010934954927
2013-11-07,1.3825360757582963,0.2157010934954906
2013-11-08,1.3825360757582963,0.2157010934954906
2013-11-11,1.3825360757582963,0.2157010934954906
2013-11-12,1.3825360757582963,0.2157010934954906
2013-11-13,1.3825360757582963,0.2157010934954906
2013-11-14,1.3825360757582963,0.2157010934954906
2013-11-15,1.3825360757582963,0.2157010934954906
2013-11-18,1.3825360757582963,0.2157010934954906
2013-11-19,1.3825360757582963,0.2157010934954906
2013-11-20,1.3825360757582963,0.2157010934954906
2013-11-21,1.3825360757582963,0.2157010934954906
2013-11-22,1.3825360757582963,0.2157010934954906
2013-11-25,1.3825360757582963,0.2157010934954906
2013-11-26,1.3825360757582963,0.2157010934954906
2013-11-27,1.3825360757582963,0.2157010934954906
2013-11-28,1.3825360757582963,0.2157010934954906
2013-11-29,1.3825360757582963,0.2157010934954906
2013-12-02,1.3825360757582963,0.2157010934954906
2013-12-03,1.3838059325183731,0.21581707624548707
2013-12-04,1.383805932518415,0.21581711072775217
2013-12-05,1.383805932518415,0.2158171107380067
2013-12-06,1.383805932518415,0.21581711073800972
2013-12-09,1.383805932518415,0.21581711073800974
2013-12-10,1.383805932518415,0.21581711073800974
2013-12-11,1.383805932518415,0.21581711073800974
2013-12-12,1.383805932518415,0.21581711073800974
2013-12-13,1.383805932518415,0.21581711073800974
2013-12-16,1.383805932518415,0.21581711073800974
2013-12-17,1.383805932518415,0.21581711073800974
2013-12-18,1.383805932518415,0.21581711073800974
2013-12-19,1.383805932518415,0.21581711073800974
2013-12-20,1.383805932518415,0.21581711073800974
2013-12-23,1.383805932518415,0.21581711073800974
2013-12-24,1.383805932518415,0.21581711073800974
2013-12-25,1.383805932518415,0.21581711073800974
2013-12-26,1.383805932518415,0.21581711073800974
2013-12-27,1.383805932518415,0.21581711073800974
2013-12-30,1.383805932518415,0.21581711073800974
2013-12-31,1.383805932518415,0.21581711073800974
2014-01-01,1.4081832328468897,0.14375721110018222
2014-01-02,1.4081832328476858,0.14373040816791377
2014-01-03,1.4081832328476858,0.143730400196379
2014-01-06,1.4081832328476858,0.14373040019400837
2014-01-07,1.4081832328476858,0.14373040019400768
2014-01-08,1.4081832328476858,0.14373040019400768
2014-01-09,1.4081832328476858,0.14373040019400768
2014-01-10,1.4081832328476858,0.14373040019400768
2014-01-13,1.4081832328476858,0.14373040019400768
2014-01-14,1.4081832328476858,0.14373040019400768
2014-01-15,1.4081832328476858,0.14373040019400768
2014-01-16,1.4081832328476858,0.14373040019400768
2014-01-17,1.4081832328476858,0.14373040019400768
2014-01-20,1.4081832328476858,0.14373040019400768
2014-01-21,1.4081832328476858,0.14373040019400768
2014-01-22,1.4081832328476858,0.14373040019400768
2014-01-23,1.4081832328476858,0.14373040019400768
2014-01-24,1.4081832328476858,0.14373040019400768
2014-01-27,1.4081832328476858,0.14373040019400768
2014-01-28,1.4081832328476858,0.14373040019400768
2014-01-29,1.4081832328476858,0.14373040019400768
2014-01-30,1.4081832328476858,0.14373040019400768
2014-01-31,1.4081832328476858,0.14373040019400768
2014-02-03,1.4082532252309434,0.12906783175884531
2014-02-04,1.4082532252309456,0.1290632235677668
2014-02-05,1.4082532252309456,0.1290632221973352
2014-02-06,1.4082532252309456,0.12906322219692767
2014-02-07,1.4082532252309456,0.12906322219692754
2014-02-10,1.4082532252309456,0.12906322219692754
2014-02-11,1.4082532252309456,0.12906322219692754
2014-02-12,1.4082532252309456,0.12906322219692754
2014-02-13,1.4082532252309456,0.12906322219692754
2014-02-14,1.4082532252309456,0.12906322219692754
2014-02-17,1.4082532252309456,0.12906322219692754
2014-02-18,1.4082532252309456,0.12906322219692754
2014-02-19,1.4082532252309456,0.12906322219692754
2014-02-20,1.4082532252309456,0.12906322219692754
2014-02-21,1.4082532252309456,0.12906322219692754
2014-02-24,1.4082532252309456,0.12906322219692754
2014-02-25,1.4082532252309456,0.12906322219692754
2014-02-26,1.4082532252309456,0.12906322219692754
2014-02-27,1.4082532252309456,0.12906322219692754
2014-02-28,1.4082532252309456,0.12906322219692754
2014-03-03,1.487595052044227,0.02239126391907105
2014-03-04,1.4875950520467711,0.022283719682674542
2014-03-05,1.4875950520467711,0.022283687623428503
2014-03-06,1.4875950520467711,0.022283687613894557
2014-03-07,1.4875950520467711,0.02228368761389172
2014-03-10,1.4875950520467711,0.02228368761389172
2014-03-11,1.4875950520467711,0.02228368761389172
2014-03-12,1.4875950520467711,0.02228368761389172
2014-03-13,1.4875950520467711,0.02228368761389172
2014-03-14,1.4875950520467711,0.02228368761389172
2014-03-17,1.4875950520467711,0.02228368761389172
2014-03-18,1.4875950520467711,0.02228368761389172
2014-03-19,1.4875950520467711,0.02228368761389172
2014-03-20,1.4875950520467711,0.02228368761389172
2014-03-21,1.4875950520467711,0.02228368761389172
2014-03-24,1.4875950520467711,0.02228368761389172
2014-03-25,1.4875950520467711,0.02228368761389172
2014-03-26,1.4875950520467711,0.02228368761389172
2014-03-27,1.4875950520467711,0.02228368761389172
2014-03-28,1.4875950520467711,0.02228368761389172
2014-03-31,1.4875950520467711,0.02228368761389172
2014-04-01,1.5277912353690206,0.04653466998522189
2014-04-02,1.5277912353703276,0.04654000236724783
2014-04-03,1.5277912353703276,0.04654000395292766
2014-04-04,1.5277912353703276,0.04654000395339921
2014-04-07,1.5277912353703276,0.04654000395339935
2014-04-08,1.5277912353703276,0.04654000395339935
2014-04-09,1.5277912353703276,0.04654000395339935
2014-04-10,1.5277912353703276,0.04654000395339935
2014-04-11,1.5277912353703276,0.04654000395339935
2014-04-14,1.5277912353703276,0.04654000395339935
2014-04-15,1.5277912353703276,0.04654000395339935
2014-04-16,1.5277912353703276,0.04654000395339935
2014-04-17,1.5277912353703276,0.04654000395339935
2014-04-18,1.5277912353703276,0.04654000395339935
2014-04-21,1.5277912353703276,0.04654000395339935
2014-04-22,1.5277912353703276,0.04654000395339935
2014-04-23,1.5277912353703276,0.04654000395339935
2014-04-24,1.5277912353703276,0.04654000395339935
2014-04-25,1.5277912353703276,0.04654000395339935
2014-04-28,1.5277912353703276,0.04654000395339935
2014-04-29,1.5277912353703276,0.04654000395339935
2014-04-30,1.5277912353703276,0.04654000395339935
2014-05-01,1.5869359710992954,0.1248656103496172
2014-05-02,1.5869359711012079,0.12488159662541083
2014-05-05,1.5869359711012079,0.12488160137918589
2014-05-06,1.5869359711012079,0.12488160138059959
2014-05-07,1.5869359711012079,0.1248816013806
2014-05-08,1.5869359711012079,0.1248816013806
2014-05-09,1.5869359711012079,0.1248816013806
2014-05-12,1.5869359711012079,0.1248816013806
2014-05-13,1.5869359711012079,0.1248816013806
2014-05-14,1.5869359711012079,0.1248816013806
2014-05-15,1.5869359711012079,0.1248816013806
2014-05-16,1.5869359711012079,0.1248816013806
2014-05-19,1.5869359711012079,0.1248816013806
2014-05-20,1.5869359711012079,0.1248816013806
2014-05-21,1.5869359711012079,0.1248816013806
2014-05-22,1.5869359711012079,0.1248816013806
2014-05-23,1.5869359711012079,0.1248816013806
2014-05-26,1.5869359711012079,0.1248816013806
2014-05-27,1.5869359711012079,0.1248816013806
2014-05-28,1.5869359711012079,0.1248816013806
2014-05-29,1.5869359711012079,0.1248816013806
2014-05-30,1.5869359711012079,0.1248816013806
2014-06-02,1.5869359711012079,0.1248816013806
2014-06-03,1.6335420914290608,0.18540152889170863
2014-06-04,1.6335420914305743,0.1854165885372818
2014-06-05,1.6335420914305743,0.1854165930156133
2014-06-06,1.6335420914305743,0.1854165930169451
2014-06-09,1.6335420914305743,0.1854165930169455
2014-06-10,1.6335420914305743,0.1854165930169455
2014-06-11,1.6335420914305743,0.1854165930169455
2014-06-12,1.6335420914305743,0.1854165930169455
2014-06-13,1.6335420914305743,0.1854165930169455
2014-06-16,1.6335420914305743,0.1854165930169455
2014-06-17,1.6335420914305743,0.1854165930169455
2014-06-18,1.6335420914305743,0.1854165930169455
2014-06-19,1.6335420914305743,0.1854165930169455
2014-06-20,1.6335420914305743,0.1854165930169455
2014-06-23,1.6335420914305743,0.1854165930169455
2014-06-24,1.6335420914305743,0.1854165930169455
2014-06-25,1.6335420914305743,0.1854165930169455
2014-06-26,1.6335420914305743,0.1854165930169455
2014-06-27,1.6335420914305743,0.1854165930169455
2014-06-30,1.6335420914305743,0.1854165930169455
2014-07-01,1.6594400297910183,0.1576484541662607
2014-07-02,1.6594400297918648,0.1576394688153658
2014-07-03,1.6594400297918648,0.1576394661431806
2014-07-04,1.6594400297918648,0.15763946614238594
2014-07-07,1.6594400297918648,0.1576394661423857
2014-07-08,1.6594400297918648,0.1576394661423857
2014-07-09,1.6594400297918648,0.1576394661423857
2014-07-10,1.6594400297918648,0.1576394661423857
2014-07-11,1.6594400297918648,0.1576394661423857
2014-07-14,1.6594400297918648,0.1576394661423857
2014-07-15,1.6594400297918648,0.1576394661423857
2014-07-16,1.6594400297918648,0.1576394661423857
2014-07-17,1.6594400297918648,0.1576394661423857
2014-07-18,1.6594400297918648,0.1576394661423857
2014-07-21,1.6594400297918648,0.1576394661423857
2014-07-22,1.6594400297918648,0.1576394661423857
2014-07-23,1.6594400297918648,0.1576394661423857
2014-07-24,1.6594400297918648,0.1576394661423857
2014-07-25,1.6594400297918648,0.1576394661423857
2014-07-28,1.6594400297918648,0.1576394661423857
2014-07-29,1.6594400297918648,0.1576394661423857
2014-07-30,1.6594400297918648,0.1576394661423857
2014-07-31,1.6594400297918648,0.1576394661423857
2014-08-01,1.6076042228361762,0.06820355504038161
2014-08-04,1.607604222834441,0.06815950553839752
2014-08-05,1.607604222834441,0.06815949243449994
2014-08-06,1.607604222834441,0.06815949243060304
2014-08-07,1.607604222834441,0.06815949243060188
2014-08-08,1.607604222834441,0.06815949243060188
2014-08-11,1.607604222834441,0.06815949243060188
2014-08-12,1.607604222834441,0.06815949243060188
2014-08-13,1.607604222834441,0.06815949243060188
2014-08-14,1.607604222834441,0.06815949243060188
2014-08-15,1.607604222834441,0.06815949243060188
2014-08-18,1.607604222834441,0.06815949243060188
2014-08-19,1.607604222834441,0.06815949243060188
2014-08-20,1.607604222834441,0.06815949243060188
2014-08-21,1.607604222834441,0.06815949243060188
2014-08-22,1.607604222834441,0.06815949243060188
2014-08-25,1.607604222834441,0.06815949243060188
2014-08-26,1.607604222834441,0.06815949243060188
2014-08-27,1.607604222834441,0.06815949243060188
2014-08-28,1.607604222834441,0.06815949243060188
2014-08-29,1.607604222834441,0.06815949243060188
2014-09-01,1.607604222834441,0.06815949243060188
2014-09-02,1.5991949286987925,0.04622083157567889
2014-09-03,1.5991949286985148,0.04621275828203206
2014-09-04,1.5991949286985148,0.04621275588094544
2014-09-05,1.5991949286985148,0.046212755880231396
2014-09-08,1.5991949286985148,0.04621275588023118
2014-09-09,1.5991949286985148,0.04621275588023118
2014-09-10,1.5991949286985148,0.04621275588023118
2014-09-11,1.5991949286985148,0.04621275588023118
2014-09-12,1.5991949286985148,0.04621275588023118
2014-09-15,1.5991949286985148,0.04621275588023118
2014-09-16,1.5991949286985148,0.04621275588023118
2014-09-17,1.5991949286985148,0.04621275588023118
2014-09-18,1.5991949286985148,0.04621275588023118
2014-09-19,1.5991949286985148,0.04621275588023118
2014-09-22,1.5991949286985148,0.04621275588023118
2014-09-23,1.5991949286985148,0.04621275588023118
2014-09-24,1.5991949286985148,0.04621275588023118
2014-09-25,1.5991949286985148,0.04621275588023118
2014-09-26,1.5991949286985148,0.04621275588023118
2014-09-29,1.5991949286985148,0.04621275588023118
2014-09-30,1.5991949286985148,0.04621275588023118
2014-10-01,1.5681376012257342,0.06905915451738345
2014-10-02,1.568137601224701,0.06906482462487626
2014-10-03,1.568137601224701,0.06906482631101223
2014-10-06,1.568137601224701,0.06906482631151366
2014-10-07,1.568137601224701,0.0690648263115138
2014-10-08,1.568137601224701,0.0690648263115138
2014-10-09,1.568137601224701,0.0690648263115138
2014-10-10,1.568137601224701,0.0690648263115138
2014-10-13,1.568137601224701,0.0690648263115138
2014-10-14,1.568137601224701,0.0690648263115138
2014-10-15,1.568137601224701,0.0690648263115138
2014-10-16,1.568137601224701,0.0690648263115138
2014-10-17,1.568137601224701,0.0690648263115138
2014-10-20,1.568137601224701,0.0690648263115138
2014-10-21,1.568137601224701,0.0690648263115138
2014-10-22,1.568137601224701,0.0690648263115138
2014-10-23,1.568137601224701,0.0690648263115138
2014-10-24,1.568137601224701,0.0690648263115138
2014-10-27,1.568137601224701,0.0690648263115138
2014-10-28,1.568137601224701,0.0690648263115138
2014-10-29,1.568137601224701,0.0690648263115138
2014-10-30,1.568137601224701,0.0690648263115138
2014-10-31,1.568137601224701,0.0690648263115138
2014-11-03,1.3865256266260861,0.15466161098407571
2014-11-04,1.3865256266197112,0.15468002105739007
2014-11-05,1.3865256266197112,0.15468002653194474
2014-11-06,1.3865256266197112,0.1546800265335728
2014-11-07,1.3865256266197112,0.15468002653357327
2014-11-10,1.3865256266197112,0.15468002653357327
2014-11-11,1.3865256266197112,0.15468002653357327
2014-11-12,1.3865256266197112,0.15468002653357327
2014-11-13,1.3865256266197112,0.15468002653357327
2014-11-14,1.3865256266197112,0.15468002653357327
2014-11-17,1.3865256266197112,0.15468002653357327
2014-11-18,1.3865256266197112,0.15468002653357327
2014-11-19,1.3865256266197112,0.15468002653357327
2014-11-20,1.3865256266197112,0.15468002653357327
2014-11-21,1.3865256266197112,0.15468002653357327
2014-11-24,1.3865256266197112,0.15468002653357327
2014-11-25,1.3865256266197112,0.15468002653357327
2014-11-26,1.3865256266197112,0.15468002653357327
2014-11-27,1.3865256266197112,0.15468002653357327
2014-11-28,1.3865256266197112,0.15468002653357327
2014-12-01,1.3865256266197112,0.15468002653357327
2014-12-02,1.4211918301095958,0.10803197193621403
2014-12-03,1.421191830110724,0.1080151031363305
2014-12-04,1.421191830110724,0.10801509811940976
2014-12-05,1.421191830110724,0.1080150981179178
2014-12-08,1.421191830110724,0.10801509811791737
2014-12-09,1.421191830110724,0.10801509811791737
2014-12-10,1.421191830110724,0.10801509811791737
2014-12-11,1.421191830110724,0.10801509811791737
2014-12-12,1.421191830110724,0.10801509811791737
2014-12-15,1.421191830110724,0.10801509811791737
2014-12-16,1.421191830110724,0.10801509811791737
2014-12-17,1.421191830110724,0.10801509811791737
2014-12-18,1.421191830110724,0.10801509811791737
2014-12-19,1.421191830110724,0.10801509811791737
2014-12-22,1.421191830110724,0.10801509811791737
2014-12-23,1.421191830110724,0.10801509811791737
2014-12-24,1.421191830110724,0.10801509811791737
2014-12-25,1.421191830110724,0.10801509811791737
2014-12-26,1.421191830110724,0.10801509811791737
2014-12-29,1.421191830110724,0.10801509811791737
2014-12-30,1.421191830110724,0.10801509811791737
2014-12-31,1.421191830110724,0.10801509811791737
2015-01-01,1.2476229554185703,0.3481709938757439
2015-01-02,1.2476229554124543,0.3482177784482346
2015-01-05,1.2476229554124543,0.3482177923603321
2015-01-06,1.2476229554124543,0.34821779236446937
2015-01-07,1.2476229554124543,0.34821779236447065
2015-01-08,1.2476229554124543,0.34821779236447065
2015-01-09,1.2476229554124543,0.34821779236447065
2015-01-12,1.2476229554124543,0.34821779236447065
2015-01-13,1.2476229554124543,0.34821779236447065
2015-01-14,1.2476229554124543,0.34821779236447065
2015-01-15,1.2476229554124543,0.34821779236447065
2015-01-16,1.2476229554124543,0.34821779236447065
2015-01-19,1.2476229554124543,0.34821779236447065
2015-01-20,1.2476229554124543,0.34821779236447065
2015-01-21,1.2476229554124543,0.34821779236447065
2015-01-22,1.2476229554124543,0.34821779236447065
2015-01-23,1.2476229554124543,0.34821779236447065
2015-01-26,1.2476229554124543,0.34821779236447065
2015-01-27,1.2476229554124543,0.34821779236447065
2015-01-28,1.2476229554124543,0.34821779236447065
2015-01-29,1.2476229554124543,0.34821779236447065
2015-01-30,1.2476229554124543,0.34821779236447065
2015-02-02,1.2476229554124543,0.34821779236447065
2015-02-03,1.142488873634946,0.43609635447706463
2015-02-04,1.1424888736313228,0.43611985448289364
2015-02-05,1.1424888736313228,0.43611986147125575
2015-02-06,1.1424888736313228,0.436119861473334
2015-02-09,1.1424888736313228,0.4361198614733346
2015-02-10,1.1424888736313228,0.4361198614733346
2015-02-11,1.1424888736313228,0.4361198614733346
2015-02-12,1.1424888736313228,0.4361198614733346
2015-02-13,1.1424888736313228,0.4361198614733346
2015-02-16,1.1424888736313228,0.4361198614733346
2015-02-17,1.1424888736313228,0.4361198614733346
2015-02-18,1.1424888736313228,0.4361198614733346
2015-02-19,1.1424888736313228,0.4361198614733346
2015-02-20,1.1424888736313228,0.4361198614733346
2015-02-23,1.1424888736313228,0.4361198614733346
2015-02-24,1.1424888736313228,0.4361198614733346
2015-02-25,1.1424888736313228,0.4361198614733346
2015-02-26,1.1424888736313228,0.4361198614733346
2015-02-27,1.1424888736313228,0.4361198614733346
2015-03-02,1.1424888736313228,0.4361198614733346
2015-03-03,1.2728395284802878,0.26685501596844785
2015-03-04,1.2728395284843623,0.2667887066901538
2015-03-05,1.2728395284843623,0.2667886869683144
2015-03-06,1.2728395284843623,0.26678868696244945
2015-03-09,1.2728395284843623,0.26678868696244773
2015-03-10,1.2728395284843623,0.26678868696244773
2015-03-11,1.2728395284843623,0.26678868696244773
2015-03-12,1.2728395284843623,0.26678868696244773
2015-03-13,1.2728395284843623,0.26678868696244773
2015-03-16,1.2728395284843623,0.26678868696244773
2015-03-17,1.2728395284843623,0.26678868696244773
2015-03-18,1.2728395284843623,0.26678868696244773
2015-03-19,1.2728395284843623,0.26678868696244773
2015-03-20,1.2728395284843623,0.26678868696244773
2015-03-23,1.2728395284843623,0.26678868696244773
2015-03-24,1.2728395284843623,0.26678868696244773
2015-03-25,1.2728395284843623,0.26678868696244773
2015-03-26,1.2728395284843623,0.26678868696244773
2015-03-27,1.2728395284843623,0.26678868696244773
2015-03-30,1.2728395284843623,0.26678868696244773
2015-03-31,1.2728395284843623,0.26678868696244773
2015-04-01,1.2862277636450186,0.26433505540345364
2015-04-02,1.2862277636454573,0.2643343223425773
2015-04-03,1.2862277636454573,0.2643343221245757
2015-04-06,1.2862277636454573,0.26433432212451086
2015-04-07,1.2862277636454573,0.2643343221245108
2015-04-08,1.2862277636454573,0.2643343221245108
2015-04-09,1.2862277636454573,0.2643343221245108
2015-04-10,1.2862277636454573,0.2643343221245108
2015-04-13,1.2862277636454573,0.2643343221245108
2015-04-14,1.2862277636454573,0.2643343221245108
2015-04-15,1.2862277636454573,0.2643343221245108
2015-04-16,1.2862277636454573,0.2643343221245108
2015-04-17,1.2862277636454573,0.2643343221245108
2015-04-20,1.2862277636454573,0.2643343221245108
2015-04-21,1.2862277636454573,0.2643343221245108
2015-04-22,1.2862277636454573,0.2643343221245108
2015-04-23,1.2862277636454573,0.2643343221245108
2015-04-24,1.2862277636454573,0.2643343221245108
2015-04-27,1.2862277636454573,0.2643343221245108
2015-04-28,1.2862277636454573,0.2643343221245108
2015-04-29,1.2862277636454573,0.2643343221245108
2015-04-30,1.2862277636454573,0.2643343221245108
2015-05-01,1.250062617821662,0.20906871881997233
2015-05-04,1.2500626178204535,0.20905011057712525
2015-05-05,1.2500626178204535,0.20905010504306562
2015-05-06,1.2500626178204535,0.20905010504141988
2015-05-07,1.2500626178204535,0.2090501050414194
2015-05-08,1.2500626178204535,0.2090501050414194
2015-05-11,1.2500626178204535,0.2090501050414194
2015-05-12,1.2500626178204535,0.2090501050414194
2015-05-13,1.2500626178204535,0.2090501050414194
2015-05-14,1.2500626178204535,0.2090501050414194
2015-05-15,1.2500626178204535,0.2090501050414194
2015-05-18,1.2500626178204535,0.2090501050414194
2015-05-19,1.2500626178204535,0.2090501050414194
2015-05-20,1.2500626178204535,0.2090501050414194
2015-05-21,1.2500626178204535,0.2090501050414194
2015-05-22,1.2500626178204535,0.2090501050414194
2015-05-25,1.2500626178204535,0.2090501050414194
2015-05-26,1.2500626178204535,0.2090501050414194
2015-05-27,1.2500626178204535,0.2090501050414194
2015-05-28,1.2500626178204535,0.2090501050414194
2015-05-29,1.2500626178204535,0.2090501050414194
2015-06-01,1.2500626178204535,0.2090501050414194
2015-06-02,1.2049790771525648,0.28295897962925387
2015-06-03,1.2049790771510518,0.2829780878699587
2015-06-04,1.2049790771510518,0.28297809355227194
2015-06-05,1.2049790771510518,0.28297809355396175
2015-06-08,1.2049790771510518,0.28297809355396225
2015-06-09,1.2049790771510518,0.28297809355396225
2015-06-10,1.2049790771510518,0.28297809355396225
2015-06-11,1.2049790771510518,0.28297809355396225
2015-06-12,1.2049790771510518,0.28297809355396225
2015-06-15,1.2049790771510518,0.28297809355396225
2015-06-16,1.2049790771510518,0.28297809355396225
2015-06-17,1.2049790771510518,0.28297809355396225
2015-06-18,1.2049790771510518,0.28297809355396225
2015-06-19,1.2049790771510518,0.28297809355396225
2015-06-22,1.2049790771510518,0.28297809355396225
2015-06-23,1.2049790771510518,0.28297809355396225
2015-06-24,1.2049790771510518,0.28297809355396225
2015-06-25,1.2049790771510518,0.28297809355396225
2015-06-26,1.2049790771510518,0.28297809355396225
2015-06-29,1.2049790771510518,0.28297809355396225
2015-06-30,1.2049790771510518,0.28297809355396225
2015-07-01,1.1448684809951046,0.36885829204646464
2015-07-02,1.1448684809930723,0.36888085770126544
2015-07-03,1.1448684809930723,0.3688808644117485
2015-07-06,1.1448684809930723,0.3688808644137441
2015-07-07,1.1448684809930723,0.3688808644137447
2015-07-08,1.1448684809930723,0.3688808644137447
2015-07-09,1.1448684809930723,0.3688808644137447
2015-07-10,1.1448684809930723,0.3688808644137447
2015-07-13,1.1448684809930723,0.3688808644137447
2015-07-14,1.1448684809930723,0.3688808644137447
2015-07-15,1.1448684809930723,0.3688808644137447
2015-07-16,1.1448684809930723,0.3688808644137447
2015-07-17,1.1448684809930723,0.3688808644137447
2015-07-20,1.1448684809930723,0.3688808644137447
2015-07-21,1.1448684809930723,0.3688808644137447
2015-07-22,1.1448684809930723,0.3688808644137447
2015-07-23,1.1448684809930723,0.3688808644137447
2015-07-24,1.1448684809930723,0.3688808644137447
2015-07-27,1.1448684809930723,0.3688808644137447
2015-07-28,1.1448684809930723,0.3688808644137447
2015-07-29,1.1448684809930723,0.3688808644137447
2015-07-30,1.1448684809930723,0.3688808644137447
2015-07-31,1.1448684809930723,0.3688808644137447
2015-08-03,1.2051490518882444,0.2919663207694194
2015-08-04,1.2051490518901806,0.29194043356545757
2015-08-05,1.2051490518901806,0.2919404258666487
2015-08-06,1.2051490518901806,0.2919404258643592
2015-08-07,1.2051490518901806,0.2919404258643585
2015-08-10,1.2051490518901806,0.2919404258643585
2015-08-11,1.2051490518901806,0.2919404258643585
2015-08-12,1.2051490518901806,0.2919404258643585
2015-08-13,1.2051490518901806,0.2919404258643585
2015-08-14,1.2051490518901806,0.2919404258643585
2015-08-17,1.2051490518901806,0.2919404258643585
2015-08-18,1.2051490518901806,0.2919404258643585
2015-08-19,1.2051490518901806,0.2919404258643585
2015-08-20,1.2051490518901806,0.2919404258643585
2015-08-21,1.2051490518901806,0.2919404258643585
2015-08-24,1.2051490518901806,0.2919404258643585
2015-08-25,1.2051490518901806,0.2919404258643585
2015-08-26,1.2051490518901806,0.2919404258643585
2015-08-27,1.2051490518901806,0.2919404258643585
2015-08-28,1.2051490518901806,0.2919404258643585
2015-08-31,1.2051490518901806,0.2919404258643585
2015-09-01,1.0901979344961714,0.4578196903900737
2015-09-02,1.0901979344921848,0.45786008188686667
2015-09-03,1.0901979344921848,0.45786009389816396
2015-09-04,1.0901979344921848,0.45786009390173593
2015-09-07,1.0901979344921848,0.457860093901737
2015-09-08,1.0901979344921848,0.457860093901737
2015-09-09,1.0901979344921848,0.457860093901737
2015-09-10,1.0901979344921848,0.457860093901737
2015-09-11,1.0901979344921848,0.457860093901737
2015-09-14,1.0901979344921848,0.457860093901737
2015-09-15,1.0901979344921848,0.457860093901737
2015-09-16,1.0901979344921848,0.457860093901737
2015-09-17,1.0901979344921848,0.457860093901737
2015-09-18,1.0901979344921848,0.457860093901737
2015-09-21,1.0901979344921848,0.457860093901737
2015-09-22,1.0901979344921848,0.457860093901737
2015-09-23,1.0901979344921848,0.457860093901737
2015-09-24,1.0901979344921848,0.457860093901737
2015-09-25,1.0901979344921848,0.457860093901737
2015-09-28,1.0901979344921848,0.457860093901737
2015-09-29,1.0901979344921848,0.457860093901737
2015-09-30,1.0901979344921848,0.457860093901737
2015-10-01,0.9701434340443934,0.6311553957304867
2015-10-02,0.9701434340401934,0.6311998545971421
2015-10-05,0.9701434340401934,0.6311998678180786
2015-10-06,0.9701434340401934,0.6311998678220103
2015-10-07,0.9701434340401934,0.6311998678220114
2015-10-08,0.9701434340401934,0.6311998678220114
2015-10-09,0.9701434340401934,0.6311998678220114
2015-10-12,0.9701434340401934,0.6311998678220114
2015-10-13,0.9701434340401934,0.6311998678220114
2015-10-14,0.9701434340401934,0.6311998678220114
2015-10-15,0.9701434340401934,0.6311998678220114
2015-10-16,0.9701434340401934,0.6311998678220114
2015-10-19,0.9701434340401934,0.6311998678220114
2015-10-20,0.9701434340401934,0.6311998678220114
2015-10-21,0.9701434340401934,0.6311998678220114
2015-10-22,0.9701434340401934,0.6311998678220114
2015-10-23,0.9701434340401934,0.6311998678220114
2015-10-26,0.9701434340401934,0.6311998678220114
2015-10-27,0.9701434340401934,0.6311998678220114
2015-10-28,0.9701434340401934,0.6311998678220114
2015-10-29,0.9701434340401934,0.6311998678220114
2015-10-30,0.9701434340401934,0.6311998678220114
2015-11-02,0.9701434340401934,0.6311998678220114
2015-11-03,1.064062797002398,0.5202278951560795
2015-11-04,1.0640627970053556,0.5201913726349474
2015-11-05,1.0640627970053556,0.5201913617733143
2015-11-06,1.0640627970053556,0.5201913617700842
2015-11-09,1.0640627970053556,0.5201913617700832
2015-11-10,1.0640627970053556,0.5201913617700832
2015-11-11,1.0640627970053556,0.5201913617700832
2015-11-12,1.0640627970053556,0.5201913617700832
2015-11-13,1.0640627970053556,0.5201913617700832
2015-11-16,1.0640627970053556,0.5201913617700832
2015-11-17,1.0640627970053556,0.5201913617700832
2015-11-18,1.0640627970053556,0.5201913617700832
2015-11-19,1.0640627970053556,0.5201913617700832
2015-11-20,1.0640627970053556,0.5201913617700832
2015-11-23,1.0640627970053556,0.5201913617700832
2015-11-24,1.0640627970053556,0.5201913617700832
2015-11-25,1.0640627970053556,0.5201913617700832
2015-11-26,1.0640627970053556,0.5201913617700832
2015-11-27,1.0640627970053556,0.5201913617700832
2015-11-30,1.0640627970053556,0.5201913617700832
2015-12-01,1.033948704710614,0.5878814530440756
2015-12-02,1.0339487047096074,0.5879004238495293
2015-12-03,1.0339487047096074,0.5879004294910721
2015-12-04,1.0339487047096074,0.5879004294927499
2015-12-07,1.0339487047096074,0.5879004294927503
2015-12-08,1.0339487047096074,0.5879004294927503
2015-12-09,1.0339487047096074,0.5879004294927503
2015-12-10,1.0339487047096074,0.5879004294927503
2015-12-11,1.0339487047096074,0.5879004294927503
2015-12-14,1.0339487047096074,0.5879004294927503
2015-12-15,1.0339487047096074,0.5879004294927503
2015-12-16,1.0339487047096074,0.5879004294927503
2015-12-17,1.0339487047096074,0.5879004294927503
2015-12-18,1.0339487047096074,0.5879004294927503
2015-12-21,1.0339487047096074,0.5879004294927503
2015-12-22,1.0339487047096074,0.5879004294927503
2015-12-23,1.0339487047096074,0.5879004294927503
2015-12-24,1.0339487047096074,0.5879004294927503
2015-12-25,1.0339487047096074,0.5879004294927503
2015-12-28,1.0339487047096074,0.5879004294927503
2015-12-29,1.0339487047096074,0.5879004294927503
2015-12-30,1.0339487047096074,0.5879004294927503
2015-12-31,1.0339487047096074,0.5879004294927503
2016-01-01,0.9287423520421961,0.7630833560527712
2016-01-04,0.9287423520385338,0.7631294714492559
2016-01-05,0.9287423520385338,0.7631294851628708
2016-01-06,0.9287423520385338,0.7631294851669491
2016-01-07,0.9287423520385338,0.7631294851669503
2016-01-08,0.9287423520385338,0.7631294851669503
2016-01-11,0.9287423520385338,0.7631294851669503
2016-01-12,0.9287423520385338,0.7631294851669503
2016-01-13,0.9287423520385338,0.7631294851669503
2016-01-14,0.9287423520385338,0.7631294851669503
2016-01-15,0.9287423520385338,0.7631294851669503
2016-01-18,0.9287423520385338,0.7631294851669503
2016-01-19,0.9287423520385338,0.7631294851669503
2016-01-20,0.9287423520385338,0.7631294851669503
2016-01-21,0.9287423520385338,0.7631294851669503
2016-01-22,0.9287423520385338,0.7631294851669503
2016-01-25,0.9287423520385338,0.7631294851669503
2016-01-26,0.9287423520385338,0.7631294851669503
2016-01-27,0.9287423520385338,0.7631294851669503
2016-01-28,0.9287423520385338,0.7631294851669503
2016-01-29,0.9287423520385338,0.7631294851669503
2016-02-01,0.9287423520385338,0.7631294851669503
2016-02-02,0.8096455409728881,0.8827131091697771
2016-02-03,0.8096455409686759,0.8827462620613397
2016-02-04,0.8096455409686759,0.8827462719203287
2016-02-05,0.8096455409686759,0.8827462719232607
2016-02-08,0.8096455409686759,0.8827462719232615
2016-02-09,0.8096455409686759,0.8827462719232615
2016-02-10,0.8096455409686759,0.8827462719232615
2016-02-11,0.8096455409686759,0.8827462719232615
2016-02-12,0.8096455409686759,0.8827462719232615
2016-02-15,0.8096455409686759,0.8827462719232615
2016-02-16,0.8096455409686759,0.8827462719232615
2016-02-17,0.8096455409686759,0.8827462719232615
2016-02-18,0.8096455409686759,0.8827462719232615
2016-02-19,0.8096455409686759,0.8827462719232615
2016-02-22,0.8096455409686759,0.8827462719232615
2016-02-23,0.8096455409686759,0.8827462719232615
2016-02-24,0.8096455409686759,0.8827462719232615
2016-02-25,0.8096455409686759,0.8827462719232615
2016-02-26,0.8096455409686759,0.8827462719232615
2016-02-29,0.8096455409686759,0.8827462719232615
2016-03-01,0.7588204001394875,0.9817080372847197
2016-03-02,0.758820400137757,0.9817359832932675
2016-03-03,0.758820400137757,0.9817359916038744
2016-03-04,0.758820400137757,0.9817359916063458
2016-03-07,0.758820400137757,0.9817359916063465
2016-03-08,0.758820400137757,0.9817359916063465
2016-03-09,0.758820400137757,0.9817359916063465
2016-03-10,0.758820400137757,0.9817359916063465
2016-03-11,0.758820400137757,0.9817359916063465
2016-03-14,0.758820400137757,0.9817359916063465
2016-03-15,0.758820400137757,0.9817359916063465
2016-03-16,0.758820400137757,0.9817359916063465
2016-03-17,0.758820400137757,0.9817359916063465
2016-03-18,0.758820400137757,0.9817359916063465
2016-03-21,0.758820400137757,0.9817359916063465
2016-03-22,0.758820400137757,0.9817359916063465
2016-03-23,0.758820400137757,0.9817359916063465
2016-03-24,0.758820400137757,0.9817359916063465
2016-03-25,0.758820400137757,0.9817359916063465
2016-03-28,0.758820400137757,0.9817359916063465
2016-03-29,0.758820400137757,0.9817359916063465
2016-03-30,0.758820400137757,0.9817359916063465
2016-03-31,0.758820400137757,0.9817359916063465
2016-04-01,0.8661201562167882,0.8676441923716752
2016-04-04,0.8661201562201042,0.8676080316448151
2016-04-05,0.8661201562201042,0.8676080208909314
2016-04-06,0.8661201562201042,0.8676080208877333
2016-04-07,0.8661201562201042,0.8676080208877324
2016-04-08,0.8661201562201042,0.8676080208877324
2016-04-11,0.8661201562201042,0.8676080208877324
2016-04-12,0.8661201562201042,0.8676080208877324
2016-04-13,0.8661201562201042,0.8676080208877324
2016-04-14,0.8661201562201042,0.8676080208877324
2016-04-15,0.8661201562201042,0.8676080208877324
2016-04-18,0.8661201562201042,0.8676080208877324
2016-04-19,0.8661201562201042,0.8676080208877324
2016-04-20,0.8661201562201042,0.8676080208877324
2016-04-21,0.8661201562201042,0.8676080208877324
2016-04-22,0.8661201562201042,0.8676080208877324
2016-04-25,0.8661201562201042,0.8676080208877324
2016-04-26,0.8661201562201042,0.8676080208877324
2016-04-27,0.8661201562201042,0.8676080208877324
2016-04-28,0.8661201562201042,0.8676080208877324
2016-04-29,0.8661201562201042,0.8676080208877324
2016-05-02,0.8661201562201042,0.8676080208877324
2016-05-03,1.0059445159957296,0.7643854470021835
2016-05-04,1.005944516000016,0.7643526767988252
2016-05-05,1.005944516000016,0.7643526670532478
2016-05-06,1.005944516000016,0.7643526670503495
2016-05-09,1.005944516000016,0.7643526670503487
2016-05-10,1.005944516000016,0.7643526670503487
2016-05-11,1.005944516000016,0.7643526670503487
2016-05-12,1.005944516000016,0.7643526670503487
2016-05-13,1.005944516000016,0.7643526670503487
2016-05-16,1.005944516000016,0.7643526670503487
2016-05-17,1.005944516000016,0.7643526670503487
2016-05-18,1.005944516000016,0.7643526670503487
2016-05-19,1.005944516000016,0.7643526670503487
2016-05-20,1.005944516000016,0.7643526670503487
2016-05-23,1.005944516000016,0.7643526670503487
2016-05-24,1.005944516000016,0.7643526670503487
2016-05-25,1.005944516000016,0.7643526670503487
2016-05-26,1.005944516000016,0.7643526670503487
2016-05-27,1.005944516000016,0.7643526670503487
2016-05-30,1.005944516000016,0.7643526670503487
2016-05-31,1.005944516000016,0.7643526670503487
2016-06-01,0.9672471002534969,0.8240124362866019
2016-06-02,0.9672471002521964,0.8240295357613608
2016-06-03,0.9672471002521964,0.8240295408464362
2016-06-06,0.9672471002521964,0.8240295408479484
2016-06-07,0.9672471002521964,0.824029540847949
2016-06-08,0.9672471002521964,0.824029540847949
2016-06-09,0.9672471002521964,0.824029540847949
2016-06-10,0.9672471002521964,0.824029540847949
2016-06-13,0.9672471002521964,0.824029540847949
2016-06-14,0.9672471002521964,0.824029540847949
2016-06-15,0.9672471002521964,0.824029540847949
2016-06-16,0.9672471002521964,0.824029540847949
2016-06-17,0.9672471002521964,0.824029540847949
2016-06-20,0.9672471002521964,0.824029540847949
2016-06-21,0.9672471002521964,0.824029540847949
2016-06-22,0.9672471002521964,0.824029540847949
2016-06-23,0.9672471002521964,0.824029540847949
2016-06-24,0.9672471002521964,0.824029540847949
2016-06-27,0.9672471002521964,0.824029540847949
2016-06-28,0.9672471002521964,0.824029540847949
2016-06-29,0.9672471002521964,0.824029540847949
2016-06-30,0.9672471002521964,0.824029540847949
2016-07-01,0.8127815122371652,1.0459765360375353
2016-07-04,0.8127815122315928,1.0460355353884507
2016-07-05,0.8127815122315928,1.0460355529334806
2016-07-06,0.8127815122315928,1.0460355529386982
2016-07-07,0.8127815122315928,1.0460355529387
2016-07-08,0.8127815122315928,1.0460355529387
2016-07-11,0.8127815122315928,1.0460355529387
2016-07-12,0.8127815122315928,1.0460355529387
2016-07-13,0.8127815122315928,1.0460355529387
2016-07-14,0.8127815122315928,1.0460355529387
2016-07-15,0.8127815122315928,1.0460355529387
2016-07-18,0.8127815122315928,1.0460355529387
2016-07-19,0.8127815122315928,1.0460355529387
2016-07-20,0.8127815122315928,1.0460355529387
2016-07-21,0.8127815122315928,1.0460355529387
2016-07-22,0.8127815122315928,1.0460355529387
2016-07-25,0.8127815122315928,1.0460355529387
2016-07-26,0.8127815122315928,1.0460355529387
2016-07-27,0.8127815122315928,1.0460355529387
2016-07-28,0.8127815122315928,1.0460355529387
2016-07-29,0.8127815122315928,1.0460355529387
2016-08-01,0.8127815122315928,1.0460355529387
2016-08-02,0.8947001950632835,0.9318646144756072
2016-08-03,0.8947001950658587,0.9318285811247146
2016-08-04,0.8947001950658587,0.9318285704087275
2016-08-05,0.8947001950658587,0.9318285704055406
2016-08-08,0.8947001950658587,0.9318285704055397
2016-08-09,0.8947001950658587,0.9318285704055397
2016-08-10,0.8947001950658587,0.9318285704055397
2016-08-11,0.8947001950658587,0.9318285704055397
2016-08-12,0.8947001950658587,0.9318285704055397
2016-08-15,0.8947001950658587,0.9318285704055397
2016-08-16,0.8947001950658587,0.9318285704055397
2016-08-17,0.8947001950658587,0.9318285704055397
2016-08-18,0.8947001950658587,0.9318285704055397
2016-08-19,0.8947001950658587,0.9318285704055397
2016-08-22,0.8947001950658587,0.9318285704055397
2016-08-23,0.8947001950658587,0.9318285704055397
2016-08-24,0.8947001950658587,0.9318285704055397
2016-08-25,0.8947001950658587,0.9318285704055397
2016-08-26,0.8947001950658587,0.9318285704055397
2016-08-29,0.8947001950658587,0.9318285704055397
2016-08-30,0.8947001950658587,0.9318285704055397
2016-08-31,0.8947001950658587,0.9318285704055397
2016-09-01,0.9174002254161765,0.9032439563733774
2016-09-02,0.9174002254169151,0.9032353211870294
2016-09-05,0.9174002254169151,0.9032353186190418
2016-09-06,0.9174002254169151,0.9032353186182781
2016-09-07,0.9174002254169151,0.903235318618278
2016-09-08,0.9174002254169151,0.903235318618278
2016-09-09,0.9174002254169151,0.903235318618278
2016-09-12,0.9174002254169151,0.903235318618278
2016-09-13,0.9174002254169151,0.903235318618278
2016-09-14,0.9174002254169151,0.903235318618278
2016-09-15,0.9174002254169151,0.903235318618278
2016-09-16,0.9174002254169151,0.903235318618278
2016-09-19,0.9174002254169151,0.903235318618278
2016-09-20,0.9174002254169151,0.903235318618278
2016-09-21,0.9174002254169151,0.903235318618278
2016-09-22,0.9174002254169151,0.903235318618278
2016-09-23,0.9174002254169151,0.903235318618278
2016-09-26,0.9174002254169151,0.903235318618278
2016-09-27,0.9174002254169151,0.903235318618278
2016-09-28,0.9174002254169151,0.903235318618278
2016-09-29,0.9174002254169151,0.903235318618278
2016-09-30,0.9174002254169151,0.903235318618278
2016-10-03,0.926347952766406,0.8934707867767485
2016-10-04,0.9263479527666993,0.8934678670785722
2016-10-05,0.9263479527666993,0.8934678662102962
2016-10-06,0.9263479527666993,0.8934678662100379
2016-10-07,0.9263479527666993,0.8934678662100379
2016-10-10,0.9263479527666993,0.8934678662100379
2016-10-11,0.9263479527666993,0.8934678662100379
2016-10-12,0.9263479527666993,0.8934678662100379
2016-10-13,0.9263479527666993,0.8934678662100379
2016-10-14,0.9263479527666993,0.8934678662100379
2016-10-17,0.9263479527666993,0.8934678662100379
2016-10-18,0.9263479527666993,0.8934678662100379
2016-10-19,0.9263479527666993,0.8934678662100379
2016-10-20,0.9263479527666993,0.8934678662100379
2016-10-21,0.9263479527666993,0.8934678662100379
2016-10-24,0.9263479527666993,0.8934678662100379
2016-10-25,0.9263479527666993,0.8934678662100379
2016-10-26,0.9263479527666993,0.8934678662100379
2016-10-27,0.9263479527666993,0.8934678662100379
2016-10-28,0.9263479527666993,0.8934678662100379
2016-10-31,0.9263479527666993,0.8934678662100379
2016-11-01,0.9387518739546465,0.8155375646706399
2016-11-02,0.9387518739550526,0.8155132817214067
2016-11-03,0.9387518739550526,0.8155132744999131
2016-11-04,0.9387518739550526,0.8155132744977656
2016-11-07,0.9387518739550526,0.8155132744977649
2016-11-08,0.9387518739550526,0.8155132744977649
2016-11-09,0.9387518739550526,0.8155132744977649
2016-11-10,0.9387518739550526,0.8155132744977649
2016-11-11,0.9387518739550526,0.8155132744977649
2016-11-14,0.9387518739550526,0.8155132744977649
2016-11-15,0.9387518739550526,0.8155132744977649
2016-11-16,0.9387518739550526,0.8155132744977649
2016-11-17,0.9387518739550526,0.8155132744977649
2016-11-18,0.9387518739550526,0.8155132744977649
2016-11-21,0.9387518739550526,0.8155132744977649
2016-11-22,0.9387518739550526,0.8155132744977649
2016-11-23,0.9387518739550526,0.8155132744977649
2016-11-24,0.9387518739550526,0.8155132744977649
2016-11-25,0.9387518739550526,0.8155132744977649
2016-11-28,0.9387518739550526,0.8155132744977649
2016-11-29,0.9387518739550526,0.8155132744977649
2016-11-30,0.9387518739550526,0.8155132744977649
2016-12-01,0.8294871631947781,0.9695270072788416
2016-12-02,0.8294871631909414,0.96956916986581
2016-12-05,0.8294871631909414,0.9695691824040603
2016-12-06,0.8294871631909414,0.969569182407789
2016-12-07,0.8294871631909414,0.9695691824077901
2016-12-08,0.8294871631909414,0.9695691824077901
2016-12-09,0.8294871631909414,0.9695691824077901
2016-12-12,0.8294871631909414,0.9695691824077901
2016-12-13,0.8294871631909414,0.9695691824077901
2016-12-14,0.8294871631909414,0.9695691824077901
2016-12-15,0.8294871631909414,0.9695691824077901
2016-12-16,0.8294871631909414,0.9695691824077901
2016-12-19,0.8294871631909414,0.9695691824077901
2016-12-20,0.8294871631909414,0.9695691824077901
2016-12-21,0.8294871631909414,0.9695691824077901
2016-12-22,0.8294871631909414,0.9695691824077901
2016-12-23,0.8294871631909414,0.9695691824077901
2016-12-26,0.8294871631909414,0.9695691824077901
2016-12-27,0.8294871631909414,0.9695691824077901
2016-12-28,0.8294871631909414,0.9695691824077901
2016-12-29,0.8294871631909414,0.9695691824077901
2016-12-30,0.8294871631909414,0.9695691824077901
2017-01-02,0.8294871631909414,0.9695691824077901
2017-01-03,0.9114667570818328,0.8584878417746582
2017-01-04,0.9114667570844122,0.8584526699632492
2017-01-05,0.9114667570844122,0.8584526595034639
2017-01-06,0.9114667570844122,0.8584526595003534
2017-01-09,0.9114667570844122,0.8584526595003524
2017-01-10,0.9114667570844122,0.8584526595003524
2017-01-11,0.9114667570844122,0.8584526595003524
2017-01-12,0.9114667570844122,0.8584526595003524
2017-01-13,0.9114667570844122,0.8584526595003524
2017-01-16,0.9114667570844122,0.8584526595003524
2017-01-17,0.9114667570844122,0.8584526595003524
2017-01-18,0.9114667570844122,0.8584526595003524
2017-01-19,0.9114667570844122,0.8584526595003524
2017-01-20,0.9114667570844122,0.8584526595003524
2017-01-23,0.9114667570844122,0.8584526595003524
2017-01-24,0.9114667570844122,0.8584526595003524
2017-01-25,0.9114667570844122,0.8584526595003524
2017-01-26,0.9114667570844122,0.8584526595003524
2017-01-27,0.9114667570844122,0.8584526595003524
2017-01-30,0.9114667570844122,0.8584526595003524
2017-01-31,0.9114667570844122,0.8584526595003524
2017-02-01,0.959548890543507,0.7523636637306642
2017-02-02,0.9595488905450514,0.7523298893470035
2017-02-03,0.9595488905450514,0.7523298793027813
2017-02-06,0.9595488905450514,0.7523298792997942
2017-02-07,0.9595488905450514,0.7523298792997933
2017-02-08,0.9595488905450514,0.7523298792997933
2017-02-09,0.9595488905450514,0.7523298792997933
2017-02-10,0.9595488905450514,0.7523298792997933
2017-02-13,0.9595488905450514,0.7523298792997933
2017-02-14,0.9595488905450514,0.7523298792997933
2017-02-15,0.9595488905450514,0.7523298792997933
2017-02-16,0.9595488905450514,0.7523298792997933
2017-02-17,0.9595488905450514,0.7523298792997933
2017-02-20,0.9595488905450514,0.7523298792997933
2017-02-21,0.9595488905450514,0.7523298792997933
2017-02-22,0.9595488905450514,0.7523298792997933
2017-02-23,0.9595488905450514,0.7523298792997933
2017-02-24,0.9595488905450514,0.7523298792997933
2017-02-27,0.9595488905450514,0.7523298792997933
2017-02-28,0.9595488905450514,0.7523298792997933
2017-03-01,0.951489795814806,0.7658169086748097
2017-03-02,0.9514897958145393,0.7658208841873422
2017-03-03,0.9514897958145393,0.765820885369597
2017-03-06,0.9514897958145393,0.7658208853699486
2017-03-07,0.9514897958145393,0.7658208853699487
2017-03-08,0.9514897958145393,0.7658208853699487
2017-03-09,0.9514897958145393,0.7658208853699487
2017-03-10,0.9514897958145393,0.7658208853699487
2017-03-13,0.9514897958145393,0.7658208853699487
2017-03-14,0.9514897958145393,0.7658208853699487
2017-03-15,0.9514897958145393,0.7658208853699487
2017-03-16,0.9514897958145393,0.7658208853699487
2017-03-17,0.9514897958145393,0.7658208853699487
2017-03-20,0.9514897958145393,0.7658208853699487
2017-03-21,0.9514897958145393,0.7658208853699487
2017-03-22,0.9514897958145393,0.7658208853699487
2017-03-23,0.9514897958145393,0.7658208853699487
2017-03-24,0.9514897958145393,0.7658208853699487
2017-03-27,0.9514897958145393,0.7658208853699487
2017-03-28,0.9514897958145393,0.7658208853699487
2017-03-29,0.9514897958145393,0.7658208853699487
2017-03-30,0.9514897958145393,0.7658208853699487
2017-03-31,0.9514897958145393,0.7658208853699487
2017-04-03,1.1256816941122108,0.5253900158889699
2017-04-04,1.1256816941175054,0.5253021478264975
2017-04-05,1.1256816941175054,0.5253021216936632
2017-04-06,1.1256816941175054,0.5253021216858916
2017-04-07,1.1256816941175054,0.5253021216858894
2017-04-10,1.1256816941175054,0.5253021216858894
2017-04-11,1.1256816941175054,0.5253021216858894
2017-04-12,1.1256816941175054,0.5253021216858894
2017-04-13,1.1256816941175054,0.5253021216858894
2017-04-14,1.1256816941175054,0.5253021216858894
2017-04-17,1.1256816941175054,0.5253021216858894
2017-04-18,1.1256816941175054,0.5253021216858894
2017-04-19,1.1256816941175054,0.5253021216858894
2017-04-20,1.1256816941175054,0.5253021216858894
2017-04-21,1.1256816941175054,0.5253021216858894
2017-04-24,1.1256816941175054,0.5253021216858894
2017-04-25,1.1256816941175054,0.5253021216858894
2017-04-26,1.1256816941175054,0.5253021216858894
2017-04-27,1.1256816941175054,0.5253021216858894
2017-04-28,1.1256816941175054,0.5253021216858894
2017-05-01,1.1256816941175054,0.5253021216858894
2017-05-02,1.4789459004113865,0.4331327490685701
2017-05-03,1.4789459004216348,0.4331024218516972
2017-05-04,1.4789459004216348,0.43310241283252043
2017-05-05,1.4789459004216348,0.43310241282983825
2017-05-08,1.4789459004216348,0.43310241282983747
2017-05-09,1.4789459004216348,0.43310241282983747
2017-05-10,1.4789459004216348,0.43310241282983747
2017-05-11,1.4789459004216348,0.43310241282983747
2017-05-12,1.4789459004216348,0.43310241282983747
2017-05-15,1.4789459004216348,0.43310241282983747
2017-05-16,1.4789459004216348,0.43310241282983747
2017-05-17,1.4789459004216348,0.43310241282983747
2017-05-18,1.4789459004216348,0.43310241282983747
2017-05-19,1.4789459004216348,0.43310241282983747
2017-05-22,1.4789459004216348,0.43310241282983747
2017-05-23,1.4789459004216348,0.43310241282983747
2017-05-24,1.4789459004216348,0.43310241282983747
2017-05-25,1.4789459004216348,0.43310241282983747
2017-05-26,1.4789459004216348,0.43310241282983747
2017-05-29,1.4789459004216348,0.43310241282983747
2017-05-30,1.4789459004216348,0.43310241282983747
2017-05-31,1.4789459004216348,0.43310241282983747
2017-06-01,1.5448996711657283,0.3411397806164314
2017-06-02,1.5448996711678549,0.3411087446870287
2017-06-05,1.5448996711678549,0.3411087354569872
2017-06-06,1.5448996711678549,0.34110873545424236
2017-06-07,1.5448996711678549,0.34110873545424153
2017-06-08,1.5448996711678549,0.34110873545424153
2017-06-09,1.5448996711678549,0.34110873545424153
2017-06-12,1.5448996711678549,0.34110873545424153
2017-06-13,1.5448996711678549,0.34110873545424153
2017-06-14,1.5448996711678549,0.34110873545424153
2017-06-15,1.5448996711678549,0.34110873545424153
2017-06-16,1.5448996711678549,0.34110873545424153
2017-06-19,1.5448996711678549,0.34110873545424153
2017-06-20,1.5448996711678549,0.34110873545424153
2017-06-21,1.5448996711678549,0.34110873545424153
2017-06-22,1.5448996711678549,0.34110873545424153
2017-06-23,1.5448996711678549,0.34110873545424153
2017-06-26,1.5448996711678549,0.34110873545424153
2017-06-27,1.5448996711678549,0.34110873545424153
2017-06-28,1.5448996711678549,0.34110873545424153
2017-06-29,1.5448996711678549,0.34110873545424153
2017-06-30,1.5448996711678549,0.34110873545424153
2017-07-03,1.5206319003877231,0.37510813625299005
2017-07-04,1.5206319003869173,0.3751177888211087
2017-07-05,1.5206319003869173,0.3751177916916012
2017-07-06,1.5206319003869173,0.37511779169245485
2017-07-07,1.5206319003869173,0.37511779169245507
2017-07-10,1.5206319003869173,0.37511779169245507
2017-07-11,1.5206319003869173,0.37511779169245507
2017-07-12,1.5206319003869173,0.37511779169245507
2017-07-13,1.5206319003869173,0.37511779169245507
2017-07-14,1.5206319003869173,0.37511779169245507
2017-07-17,1.5206319003869173,0.37511779169245507
2017-07-18,1.5206319003869173,0.37511779169245507
2017-07-19,1.5206319003869173,0.37511779169245507
2017-07-20,1.5206319003869173,0.37511779169245507
2017-07-21,1.5206319003869173,0.37511779169245507
2017-07-24,1.5206319003869173,0.37511779169245507
2017-07-25,1.5206319003869173,0.37511779169245507
2017-07-26,1.5206319003869173,0.37511779169245507
2017-07-27,1.5206319003869173,0.37511779169245507
2017-07-28,1.5206319003869173,0.37511779169245507
2017-07-31,1.5206319003869173,0.37511779169245507
2017-08-01,1.7478134547062072,0.266033674231711
2017-08-02,1.7478134547132052,0.26599458054781716
2017-08-03,1.7478134547132052,0.2659945689210854
2017-08-04,1.7478134547132052,0.2659945689176278
2017-08-07,1.7478134547132052,0.2659945689176268
2017-08-08,1.7478134547132052,0.2659945689176268
2017-08-09,1.7478134547132052,0.2659945689176268
2017-08-10,1.7478134547132052,0.2659945689176268
2017-08-11,1.7478134547132052,0.2659945689176268
2017-08-14,1.7478134547132052,0.2659945689176268
2017-08-15,1.7478134547132052,0.2659945689176268
2017-08-16,1.7478134547132052,0.2659945689176268
2017-08-17,1.7478134547132052,0.2659945689176268
2017-08-18,1.7478134547132052,0.2659945689176268
2017-08-21,1.7478134547132052,0.2659945689176268
2017-08-22,1.7478134547132052,0.2659945689176268
2017-08-23,1.7478134547132052,0.2659945689176268
2017-08-24,1.7478134547132052,0.2659945689176268
2017-08-25,1.7478134547132052,0.2659945689176268
2017-08-28,1.7478134547132052,0.2659945689176268
2017-08-29,1.7478134547132052,0.2659945689176268
2017-08-30,1.7478134547132052,0.2659945689176268
2017-08-31,1.7478134547132052,0.2659945689176268
2017-09-01,1.7198954588228363,0.303603666693395
2017-09-04,1.719895458821909,0.30361415815923637
2017-09-05,1.719895458821909,0.30361416127918756
2017-09-06,1.719895458821909,0.30361416128011537
2017-09-07,1.719895458821909,0.30361416128011565
2017-09-08,1.719895458821909,0.30361416128011565
2017-09-11,1.719895458821909,0.30361416128011565
2017-09-12,1.719895458821909,0.30361416128011565
2017-09-13,1.719895458821909,0.30361416128011565
2017-09-14,1.719895458821909,0.30361416128011565
2017-09-15,1.719895458821909,0.30361416128011565
2017-09-18,1.719895458821909,0.30361416128011565
2017-09-19,1.719895458821909,0.30361416128011565
2017-09-20,1.719895458821909,0.30361416128011565
2017-09-21,1.719895458821909,0.30361416128011565
2017-09-22,1.719895458821909,0.30361416128011565
2017-09-25,1.719895458821909,0.30361416128011565
2017-09-26,1.719895458821909,0.30361416128011565
2017-09-27,1.719895458821909,0.30361416128011565
2017-09-28,1.719895458821909,0.30361416128011565
2017-09-29,1.719895458821909,0.30361416128011565
2017-10-02,1.719895458821909,0.30361416128011565
2017-10-03,1.7274649090431453,0.2933557407821229
2017-10-04,1.7274649090433942,0.2933526367244955
2017-10-05,1.7274649090433942,0.29335263580139026
2017-10-06,1.7274649090433942,0.2933526358011158
2017-10-09,1.7274649090433942,0.2933526358011157
2017-10-10,1.7274649090433942,0.2933526358011157
2017-10-11,1.7274649090433942,0.2933526358011157
2017-10-12,1.7274649090433942,0.2933526358011157
2017-10-13,1.7274649090433942,0.2933526358011157
2017-10-16,1.7274649090433942,0.2933526358011157
2017-10-17,1.7274649090433942,0.2933526358011157
2017-10-18,1.7274649090433942,0.2933526358011157
2017-10-19,1.7274649090433942,0.2933526358011157
2017-10-20,1.7274649090433942,0.2933526358011157
2017-10-23,1.7274649090433942,0.2933526358011157
2017-10-24,1.7274649090433942,0.2933526358011157
2017-10-25,1.7274649090433942,0.2933526358011157
2017-10-26,1.7274649090433942,0.2933526358011157
2017-10-27,1.7274649090433942,0.2933526358011157
2017-10-30,1.7274649090433942,0.2933526358011157
2017-10-31,1.7274649090433942,0.2933526358011157
2017-11-01,1.7489333756533043,0.29472843207851873
2017-11-02,1.7489333756540073,0.29472884026454266
2017-11-03,1.7489333756540073,0.29472884038593095
2017-11-06,1.7489333756540073,0.2947288403859671
2017-11-07,1.7489333756540073,0.2947288403859671
2017-11-08,1.7489333756540073,0.2947288403859671
2017-11-09,1.7489333756540073,0.2947288403859671
2017-11-10,1.7489333756540073,0.2947288403859671
2017-11-13,1.7489333756540073,0.2947288403859671
2017-11-14,1.7489333756540073,0.2947288403859671
2017-11-15,1.7489333756540073,0.2947288403859671
2017-11-16,1.7489333756540073,0.2947288403859671
2017-11-17,1.7489333756540073,0.2947288403859671
2017-11-20,1.7489333756540073,0.2947288403859671
2017-11-21,1.7489333756540073,0.2947288403859671
2017-11-22,1.7489333756540073,0.2947288403859671
2017-11-23,1.7489333756540073,0.2947288403859671
2017-11-24,1.7489333756540073,0.2947288403859671
2017-11-27,1.7489333756540073,0.2947288403859671
2017-11-28,1.7489333756540073,0.2947288403859671
2017-11-29,1.7489333756540073,0.2947288403859671
2017-11-30,1.7489333756540073,0.2947288403859671
2017-12-01,1.7351943525951083,0.31332723776629584
2017-12-04,1.7351943525946538,0.31333260445524075
2017-12-05,1.7351943525946538,0.3133326060512001
2017-12-06,1.7351943525946538,0.31333260605167473
2017-12-07,1.7351943525946538,0.3133326060516749
2017-12-08,1.7351943525946538,0.3133326060516749
2017-12-11,1.7351943525946538,0.3133326060516749
2017-12-12,1.7351943525946538,0.3133326060516749
2017-12-13,1.7351943525946538,0.3133326060516749
2017-12-14,1.7351943525946538,0.3133326060516749
2017-12-15,1.7351943525946538,0.3133326060516749
2017-12-18,1.7351943525946538,0.3133326060516749
2017-12-19,1.7351943525946538,0.3133326060516749
2017-12-20,1.7351943525946538,0.3133326060516749
2017-12-21,1.7351943525946538,0.3133326060516749
2017-12-22,1.7351943525946538,0.3133326060516749
2017-12-25,1.7351943525946538,0.3133326060516749
2017-12-26,1.7351943525946538,0.3133326060516749
2017-12-27,1.7351943525946538,0.3133326060516749
2017-12-28,1.7351943525946538,0.3133326060516749
2017-12-29,1.7351943525946538,0.3133326060516749
2018-01-01,1.7351943525946538,0.3133326060516749
2018-01-02,1.690437645250774,0.37440300307974833
2018-01-03,1.6904376452492798,0.3744196829394816
2018-01-04,1.6904376452492798,0.374419687899712
2018-01-05,1.6904376452492798,0.37441968790118707
2018-01-08,1.6904376452492798,0.3744196879011875
2018-01-09,1.6904376452492798,0.3744196879011875
2018-01-10,1.6904376452492798,0.3744196879011875
2018-01-11,1.6904376452492798,0.3744196879011875
2018-01-12,1.6904376452492798,0.3744196879011875
2018-01-15,1.6904376452492798,0.3744196879011875
2018-01-16,1.6904376452492798,0.3744196879011875
2018-01-17,1.6904376452492798,0.3744196879011875
2018-01-18,1.6904376452492798,0.3744196879011875
2018-01-19,1.6904376452492798,0.3744196879011875
2018-01-22,1.6904376452492798,0.3744196879011875
2018-01-23,1.6904376452492798,0.3744196879011875
2018-01-24,1.6904376452492798,0.3744196879011875
2018-01-25,1.6904376452492798,0.3744196879011875
2018-01-26,1.6904376452492798,0.3744196879011875
2018-01-29,1.6904376452492798,0.3744196879011875
2018-01-30,1.6904376452492798,0.3744196879011875
2018-01-31,1.6904376452492798,0.3744196879011875
2018-02-01,1.8979036910374538,0.12708316471123426
2018-02-02,1.8979036910439153,0.1269379498800278
2018-02-05,1.8979036910439153,0.1269379066705993
2018-02-06,1.8979036910439153,0.12693790665774946
2018-02-07,1.8979036910439153,0.12693790665774562
2018-02-08,1.8979036910439153,0.12693790665774562
2018-02-09,1.8979036910439153,0.12693790665774562
2018-02-12,1.8979036910439153,0.12693790665774562
2018-02-13,1.8979036910439153,0.12693790665774562
2018-02-14,1.8979036910439153,0.12693790665774562
2018-02-15,1.8979036910439153,0.12693790665774562
2018-02-16,1.8979036910439153,0.12693790665774562
2018-02-19,1.8979036910439153,0.12693790665774562
2018-02-20,1.8979036910439153,0.12693790665774562
2018-02-21,1.8979036910439153,0.12693790665774562
2018-02-22,1.8979036910439153,0.12693790665774562
2018-02-23,1.8979036910439153,0.12693790665774562
2018-02-26,1.8979036910439153,0.12693790665774562
2018-02-27,1.8979036910439153,0.12693790665774562
2018-02-28,1.8979036910439153,0.12693790665774562
2018-03-01,1.7515831890019216,0.32941628506594894
2018-03-02,1.7515831889968996,0.32945799094489725
2018-03-05,1.7515831889968996,0.32945800334681685
2018-03-06,1.7515831889968996,0.329458003350505
2018-03-07,1.7515831889968996,0.3294580033505061
2018-03-08,1.7515831889968996,0.3294580033505061
2018-03-09,1.7515831889968996,0.3294580033505061
2018-03-12,1.7515831889968996,0.3294580033505061
2018-03-13,1.7515831889968996,0.3294580033505061
2018-03-14,1.7515831889968996,0.3294580033505061
2018-03-15,1.7515831889968996,0.3294580033505061
2018-03-16,1.7515831889968996,0.3294580033505061
2018-03-19,1.7515831889968996,0.3294580033505061
2018-03-20,1.7515831889968996,0.3294580033505061
2018-03-21,1.7515831889968996,0.3294580033505061
2018-03-22,1.7515831889968996,0.3294580033505061
2018-03-23,1.7515831889968996,0.3294580033505061
2018-03-26,1.7515831889968996,0.3294580033505061
2018-03-27,1.7515831889968996,0.3294580033505061
2018-03-28,1.7515831889968996,0.3294580033505061
2018-03-29,1.7515831889968996,0.3294580033505061
2018-03-30,1.7515831889968996,0.3294580033505061
2018-04-02,1.7515831889968996,0.3294580033505061
2018-04-03,1.721965308006998,0.3699786357557719
2018-04-04,1.721965308006014,0.369990025930814
2018-04-05,1.721965308006014,0.3699900293180296
2018-04-06,1.721965308006014,0.3699900293190369
2018-04-09,1.721965308006014,0.36999002931903724
2018-04-10,1.721965308006014,0.36999002931903724
2018-04-11,1.721965308006014,0.36999002931903724
2018-04-12,1.721965308006014,0.36999002931903724
2018-04-13,1.721965308006014,0.36999002931903724
2018-04-16,1.721965308006014,0.36999002931903724
2018-04-17,1.721965308006014,0.36999002931903724
2018-04-18,1.721965308006014,0.36999002931903724
2018-04-19,1.721965308006014,0.36999002931903724
2018-04-20,1.721965308006014,0.36999002931903724
2018-04-23,1.721965308006014,0.36999002931903724
2018-04-24,1.721965308006014,0.36999002931903724
2018-04-25,1.721965308006014,0.36999002931903724
2018-04-26,1.721965308006014,0.36999002931903724
2018-04-27,1.721965308006014,0.36999002931903724
2018-04-30,1.721965308006014,0.36999002931903724
2018-05-01,1.790120536826798,0.31290906970955956
2018-05-02,1.7901205368290007,0.3128905458429203
2018-05-03,1.7901205368290007,0.3128905403340362
2018-05-04,1.7901205368290007,0.31289054033239794
2018-05-07,1.7901205368290007,0.31289054033239744
2018-05-08,1.7901205368290007,0.31289054033239744
2018-05-09,1.7901205368290007,0.31289054033239744
2018-05-10,1.7901205368290007,0.31289054033239744
2018-05-11,1.7901205368290007,0.31289054033239744
2018-05-14,1.7901205368290007,0.31289054033239744
2018-05-15,1.7901205368290007,0.31289054033239744
2018-05-16,1.7901205368290007,0.31289054033239744
2018-05-17,1.7901205368290007,0.31289054033239744
2018-05-18,1.7901205368290007,0.31289054033239744
2018-05-21,1.7901205368290007,0.31289054033239744
2018-05-22,1.7901205368290007,0.31289054033239744
2018-05-23,1.7901205368290007,0.31289054033239744
2018-05-24,1.7901205368290007,0.31289054033239744
2018-05-25,1.7901205368290007,0.31289054033239744
2018-05-28,1.7901205368290007,0.31289054033239744
2018-05-29,1.7901205368290007,0.31289054033239744
2018-05-30,1.7901205368290007,0.31289054033239744
2018-05-31,1.7901205368290007,0.31289054033239744
2018-06-01,1.6367118355998789,0.5226698595265463
2018-06-04,1.6367118355945878,0.522719722880279
2018-06-05,1.6367118355945878,0.5227197377081875
2018-06-06,1.6367118355945878,0.522719737712597
2018-06-07,1.6367118355945878,0.5227197377125984
2018-06-08,1.6367118355945878,0.5227197377125984
2018-06-11,1.6367118355945878,0.5227197377125984
2018-06-12,1.6367118355945878,0.5227197377125984
2018-06-13,1.6367118355945878,0.5227197377125984
2018-06-14,1.6367118355945878,0.5227197377125984
2018-06-15,1.6367118355945878,0.5227197377125984
2018-06-18,1.6367118355945878,0.5227197377125984
2018-06-19,1.6367118355945878,0.5227197377125984
2018-06-20,1.6367118355945878,0.5227197377125984
2018-06-21,1.6367118355945878,0.5227197377125984
2018-06-22,1.6367118355945878,0.5227197377125984
2018-06-25,1.6367118355945878,0.5227197377125984
2018-06-26,1.6367118355945878,0.5227197377125984
2018-06-27,1.6367118355945878,0.5227197377125984
2018-06-28,1.6367118355945878,0.5227197377125984
2018-06-29,1.6367118355945878,0.5227197377125984
2018-07-02,1.6367118355945878,0.5227197377125984
2018-07-03,1.6324821772000513,0.5261322334312237
2018-07-04,1.6324821771999118,0.5261332449643817
2018-07-05,1.6324821771999118,0.5261332452651962
2018-07-06,1.6324821771999118,0.5261332452652857
2018-07-09,1.6324821771999118,0.5261332452652857
2018-07-10,1.6324821771999118,0.5261332452652857
2018-07-11,1.6324821771999118,0.5261332452652857
2018-07-12,1.6324821771999118,0.5261332452652857
2018-07-13,1.6324821771999118,0.5261332452652857
2018-07-16,1.6324821771999118,0.5261332452652857
2018-07-17,1.6324821771999118,0.5261332452652857
2018-07-18,1.6324821771999118,0.5261332452652857
2018-07-19,1.6324821771999118,0.5261332452652857
2018-07-20,1.6324821771999118,0.5261332452652857
2018-07-23,1.6324821771999118,0.5261332452652857
2018-07-24,1.6324821771999118,0.5261332452652857
2018-07-25,1.6324821771999118,0.5261332452652857
2018-07-26,1.6324821771999118,0.5261332452652857
2018-07-27,1.6324821771999118,0.5261332452652857
2018-07-30,1.6324821771999118,0.5261332452652857
2018-07-31,1.6324821771999118,0.5261332452652857
2018-08-01,1.6676393904174496,0.4015315315008041
2018-08-02,1.6676393904185958,0.4014887251985162
2018-08-03,1.6676393904185958,0.40148871246788304
2018-08-06,1.6676393904185958,0.4014887124640971
2018-08-07,1.6676393904185958,0.401488712464096
2018-08-08,1.6676393904185958,0.401488712464096
2018-08-09,1.6676393904185958,0.401488712464096
2018-08-10,1.6676393904185958,0.401488712464096
2018-08-13,1.6676393904185958,0.401488712464096
2018-08-14,1.6676393904185958,0.401488712464096
2018-08-15,1.6676393904185958,0.401488712464096
2018-08-16,1.6676393904185958,0.401488712464096
2018-08-17,1.6676393904185958,0.401488712464096
2018-08-20,1.6676393904185958,0.401488712464096
2018-08-21,1.6676393904185958,0.401488712464096
2018-08-22,1.6676393904185958,0.401488712464096
2018-08-23,1.6676393904185958,0.401488712464096
2018-08-24,1.6676393904185958,0.401488712464096
2018-08-27,1.6676393904185958,0.401488712464096
2018-08-28,1.6676393904185958,0.401488712464096
2018-08-29,1.6676393904185958,0.401488712464096
2018-08-30,1.6676393904185958,0.401488712464096
2018-08-31,1.6676393904185958,0.401488712464096
2018-09-03,1.559048403509724,0.5504115547652298
2018-09-04,1.559048403506022,0.5504498495163822
2018-09-05,1.559048403506022,0.5504498609042724
2018-09-06,1.559048403506022,0.550449860907659
2018-09-07,1.559048403506022,0.55044986090766
2018-09-10,1.559048403506022,0.55044986090766
2018-09-11,1.559048403506022,0.55044986090766
2018-09-12,1.559048403506022,0.55044986090766
2018-09-13,1.559048403506022,0.55044986090766
2018-09-14,1.559048403506022,0.55044986090766
2018-09-17,1.559048403506022,0.55044986090766
2018-09-18,1.559048403506022,0.55044986090766
2018-09-19,1.559048403506022,0.55044986090766
2018-09-20,1.559048403506022,0.55044986090766
2018-09-21,1.559048403506022,0.55044986090766
2018-09-24,1.559048403506022,0.55044986090766
2018-09-25,1.559048403506022,0.55044986090766
2018-09-26,1.559048403506022,0.55044986090766
2018-09-27,1.559048403506022,0.55044986090766
2018-09-28,1.559048403506022,0.55044986090766
2018-10-01,1.559048403506022,0.55044986090766
2018-10-02,1.557468543911826,0.5525175545132139
2018-10-03,1.557468543911774,0.5525181682634633
2018-10-04,1.557468543911774,0.5525181684459834
2018-10-05,1.557468543911774,0.5525181684460377
2018-10-08,1.557468543911774,0.5525181684460377
2018-10-09,1.557468543911774,0.5525181684460377
2018-10-10,1.557468543911774,0.5525181684460377
2018-10-11,1.557468543911774,0.5525181684460377
2018-10-12,1.557468543911774,0.5525181684460377
2018-10-15,1.557468543911774,0.5525181684460377
2018-10-16,1.557468543911774,0.5525181684460377
2018-10-17,1.557468543911774,0.5525181684460377
2018-10-18,1.557468543911774,0.5525181684460377
2018-10-19,1.557468543911774,0.5525181684460377
2018-10-22,1.557468543911774,0.5525181684460377
2018-10-23,1.557468543911774,0.5525181684460377
2018-10-24,1.557468543911774,0.5525181684460377
2018-10-25,1.557468543911774,0.5525181684460377
2018-10-26,1.557468543911774,0.5525181684460377
2018-10-29,1.557468543911774,0.5525181684460377
2018-10-30,1.557468543911774,0.5525181684460377
2018-10-31,1.557468543911774,0.5525181684460377
2018-11-01,1.4051735610906575,0.6987079746331539
2018-11-02,1.4051735610853684,0.6987469001367248
2018-11-05,1.4051735610853684,0.6987469117122651
2018-11-06,1.4051735610853684,0.6987469117157076
2018-11-07,1.4051735610853684,0.6987469117157086
2018-11-08,1.4051735610853684,0.6987469117157086
2018-11-09,1.4051735610853684,0.6987469117157086
2018-11-12,1.4051735610853684,0.6987469117157086
2018-11-13,1.4051735610853684,0.6987469117157086
2018-11-14,1.4051735610853684,0.6987469117157086
2018-11-15,1.4051735610853684,0.6987469117157086
2018-11-16,1.4051735610853684,0.6987469117157086
2018-11-19,1.4051735610853684,0.6987469117157086
2018-11-20,1.4051735610853684,0.6987469117157086
2018-11-21,1.4051735610853684,0.6987469117157086
2018-11-22,1.4051735610853684,0.6987469117157086
2018-11-23,1.4051735610853684,0.6987469117157086
2018-11-26,1.4051735610853684,0.6987469117157086
2018-11-27,1.4051735610853684,0.6987469117157086
2018-11-28,1.4051735610853684,0.6987469117157086
2018-11-29,1.4051735610853684,0.6987469117157086
2018-11-30,1.4051735610853684,0.6987469117157086
2018-12-03,1.4469191301761692,0.639976455779617
2018-12-04,1.4469191301775248,0.6399581755668442
2018-12-05,1.4469191301775248,0.6399581701305046
2018-12-06,1.4469191301775248,0.6399581701288879
2018-12-07,1.4469191301775248,0.6399581701288873
2018-12-10,1.4469191301775248,0.6399581701288873
2018-12-11,1.4469191301775248,0.6399581701288873
2018-12-12,1.4469191301775248,0.6399581701288873
2018-12-13,1.4469191301775248,0.6399581701288873
2018-12-14,1.4469191301775248,0.6399581701288873
2018-12-17,1.4469191301775248,0.6399581701288873
2018-12-18,1.4469191301775248,0.6399581701288873
2018-12-19,1.4469191301775248,0.6399581701288873
2018-12-20,1.4469191301775248,0.6399581701288873
2018-12-21,1.4469191301775248,0.6399581701288873
2018-12-24,1.4469191301775248,0.6399581701288873
2018-12-25,1.4469191301775248,0.6399581701288873
2018-12-26,1.4469191301775248,0.6399581701288873
2018-12-27,1.4469191301775248,0.6399581701288873
2018-12-28,1.4469191301775248,0.6399581701288873
2018-12-31,1.4469191301775248,0.6399581701288873
2019-01-01,1.3514996603705447,0.7685482448790798
2019-01-02,1.35149966036729,0.7685832857086494
2019-01-03,1.35149966036729,0.7685832961290306
2019-01-04,1.35149966036729,0.7685832961321296
2019-01-07,1.35149966036729,0.7685832961321305
2019-01-08,1.35149966036729,0.7685832961321305
2019-01-09,1.35149966036729,0.7685832961321305
2019-01-10,1.35149966036729,0.7685832961321305
2019-01-11,1.35149966036729,0.7685832961321305
2019-01-14,1.35149966036729,0.7685832961321305
2019-01-15,1.35149966036729,0.7685832961321305
2019-01-16,1.35149966036729,0.7685832961321305
2019-01-17,1.35149966036729,0.7685832961321305
2019-01-18,1.35149966036729,0.7685832961321305
2019-01-21,1.35149966036729,0.7685832961321305
2019-01-22,1.35149966036729,0.7685832961321305
2019-01-23,1.35149966036729,0.7685832961321305
2019-01-24,1.35149966036729,0.7685832961321305
2019-01-25,1.35149966036729,0.7685832961321305
2019-01-28,1.35149966036729,0.7685832961321305
2019-01-29,1.35149966036729,0.7685832961321305
2019-01-30,1.35149966036729,0.7685832961321305
2019-01-31,1.35149966036729,0.7685832961321305
2019-02-01,1.483895413720804,0.596475282569471
2019-02-04,1.4838954137249711,0.5964167132215894
2019-02-05,1.4838954137249711,0.5964166958030855
2019-02-06,1.4838954137249711,0.5964166957979055
2019-02-07,1.4838954137249711,0.596416695797904
2019-02-08,1.4838954137249711,0.596416695797904
2019-02-11,1.4838954137249711,0.596416695797904
2019-02-12,1.4838954137249711,0.596416695797904
2019-02-13,1.4838954137249711,0.596416695797904
2019-02-14,1.4838954137249711,0.596416695797904
2019-02-15,1.4838954137249711,0.596416695797904
2019-02-18,1.4838954137249711,0.596416695797904
2019-02-19,1.4838954137249711,0.596416695797904
2019-02-20,1.4838954137249711,0.596416695797904
2019-02-21,1.4838954137249711,0.596416695797904
2019-02-22,1.4838954137249711,0.596416695797904
2019-02-25,1.4838954137249711,0.596416695797904
2019-02-26,1.4838954137249711,0.596416695797904
2019-02-27,1.4838954137249711,0.596416695797904
2019-02-28,1.4838954137249711,0.596416695797904
2019-03-01,1.5093229637064824,0.5615841980883095
2019-03-04,1.509322963707313,0.5615735180724126
2019-03-05,1.509322963707313,0.5615735148963054
2019-03-06,1.509322963707313,0.5615735148953608
2019-03-07,1.509322963707313,0.5615735148953606
2019-03-08,1.509322963707313,0.5615735148953606
2019-03-11,1.509322963707313,0.5615735148953606
2019-03-12,1.509322963707313,0.5615735148953606
2019-03-13,1.509322963707313,0.5615735148953606
2019-03-14,1.509322963707313,0.5615735148953606
2019-03-15,1.509322963707313,0.5615735148953606
2019-03-18,1.509322963707313,0.5615735148953606
2019-03-19,1.509322963707313,0.5615735148953606
2019-03-20,1.509322963707313,0.5615735148953606
2019-03-21,1.509322963707313,0.5615735148953606
2019-03-22,1.509322963707313,0.5615735148953606
2019-03-25,1.509322963707313,0.5615735148953606
2019-03-26,1.509322963707313,0.5615735148953606
2019-03-27,1.509322963707313,0.5615735148953606
2019-03-28,1.509322963707313,0.5615735148953606
2019-03-29,1.509322963707313,0.5615735148953606
2019-04-01,1.509322963707313,0.5615735148953606
2019-04-02,1.4734564440381117,0.6117576630438966
2019-04-03,1.4734564440369156,0.6117719747630784
2019-04-04,1.4734564440369156,0.61177197901912
2019-04-05,1.4734564440369156,0.6117719790203856
2019-04-08,1.4734564440369156,0.611771979020386
2019-04-09,1.4734564440369156,0.611771979020386
2019-04-10,1.4734564440369156,0.611771979020386
2019-04-11,1.4734564440369156,0.611771979020386
2019-04-12,1.4734564440369156,0.611771979020386
2019-04-15,1.4734564440369156,0.611771979020386
2019-04-16,1.4734564440369156,0.611771979020386
2019-04-17,1.4734564440369156,0.611771979020386
2019-04-18,1.4734564440369156,0.611771979020386
2019-04-19,1.4734564440369156,0.611771979020386
2019-04-22,1.4734564440369156,0.611771979020386
2019-04-23,1.4734564440369156,0.611771979020386
2019-04-24,1.4734564440369156,0.611771979020386
2019-04-25,1.4734564440369156,0.611771979020386
2019-04-26,1.4734564440369156,0.611771979020386
2019-04-29,1.4734564440369156,0.611771979020386
2019-04-30,1.4734564440369156,0.611771979020386
2019-05-01,1.5663977540731586,0.5058220393552654
2019-05-02,1.5663977540761298,0.5057872303899308
2019-05-03,1.5663977540761298,0.5057872200379087
2019-05-06,1.5663977540761298,0.5057872200348301
2019-05-07,1.5663977540761298,0.5057872200348292
2019-05-08,1.5663977540761298,0.5057872200348292
2019-05-09,1.5663977540761298,0.5057872200348292
2019-05-10,1.5663977540761298,0.5057872200348292
2019-05-13,1.5663977540761298,0.5057872200348292
2019-05-14,1.5663977540761298,0.5057872200348292
2019-05-15,1.5663977540761298,0.5057872200348292
2019-05-16,1.5663977540761298,0.5057872200348292
2019-05-17,1.5663977540761298,0.5057872200348292
2019-05-20,1.5663977540761298,0.5057872200348292
2019-05-21,1.5663977540761298,0.5057872200348292
2019-05-22,1.5663977540761298,0.5057872200348292
2019-05-23,1.5663977540761298,0.5057872200348292
2019-05-24,1.5663977540761298,0.5057872200348292
2019-05-27,1.5663977540761298,0.5057872200348292
2019-05-28,1.5663977540761298,0.5057872200348292
2019-05-29,1.5663977540761298,0.5057872200348292
2019-05-30,1.5663977540761298,0.5057872200348292
2019-05-31,1.5663977540761298,0.5057872200348292
2019-06-03,1.4659071982850371,0.6459069004977115
2019-06-04,1.4659071982816128,0.6459440491456281
2019-06-05,1.4659071982816128,0.6459440601927628
2019-06-06,1.4659071982816128,0.6459440601960481
2019-06-07,1.4659071982816128,0.6459440601960491
2019-06-10,1.4659071982816128,0.6459440601960491
2019-06-11,1.4659071982816128,0.6459440601960491
2019-06-12,1.4659071982816128,0.6459440601960491
2019-06-13,1.4659071982816128,0.6459440601960491
2019-06-14,1.4659071982816128,0.6459440601960491
2019-06-17,1.4659071982816128,0.6459440601960491
2019-06-18,1.4659071982816128,0.6459440601960491
2019-06-19,1.4659071982816128,0.6459440601960491
2019-06-20,1.4659071982816128,0.6459440601960491
2019-06-21,1.4659071982816128,0.6459440601960491
2019-06-24,1.4659071982816128,0.6459440601960491
2019-06-25,1.4659071982816128,0.6459440601960491
2019-06-26,1.4659071982816128,0.6459440601960491
2019-06-27,1.4659071982816128,0.6459440601960491
2019-06-28,1.4659071982816128,0.6459440601960491
2019-07-01,1.4659071982816128,0.6459440601960491
2019-07-02,1.5056833093218178,0.6039397423315981
2019-07-03,1.505683309323111,0.6039268163435143
2019-07-04,1.505683309323111,0.6039268124994775
2019-07-05,1.505683309323111,0.6039268124983344
2019-07-08,1.505683309323111,0.603926812498334
2019-07-09,1.505683309323111,0.603926812498334
2019-07-10,1.505683309323111,0.603926812498334
2019-07-11,1.505683309323111,0.603926812498334
2019-07-12,1.505683309323111,0.603926812498334
2019-07-15,1.505683309323111,0.603926812498334
2019-07-16,1.505683309323111,0.603926812498334
2019-07-17,1.505683309323111,0.603926812498334
2019-07-18,1.505683309323111,0.603926812498334
2019-07-19,1.505683309323111,0.603926812498334
2019-07-22,1.505683309323111,0.603926812498334
2019-07-23,1.505683309323111,0.603926812498334
2019-07-24,1.505683309323111,0.603926812498334
2019-07-25,1.505683309323111,0.603926812498334
2019-07-26,1.505683309323111,0.603926812498334
2019-07-29,1.505683309323111,0.603926812498334
2019-07-30,1.505683309323111,0.603926812498334
2019-07-31,1.505683309323111,0.603926812498334
2019-08-01,1.4749862921318762,0.7075366590399383
2019-08-02,1.4749862921308543,0.7075652144667248
2019-08-05,1.4749862921308543,0.7075652229585104
2019-08-06,1.4749862921308543,0.7075652229610357
2019-08-07,1.4749862921308543,0.7075652229610366
2019-08-08,1.4749862921308543,0.7075652229610366
2019-08-09,1.4749862921308543,0.7075652229610366
2019-08-12,1.4749862921308543,0.7075652229610366
2019-08-13,1.4749862921308543,0.7075652229610366
2019-08-14,1.4749862921308543,0.7075652229610366
2019-08-15,1.4749862921308543,0.7075652229610366
2019-08-16,1.4749862921308543,0.7075652229610366
2019-08-19,1.4749862921308543,0.7075652229610366
2019-08-20,1.4749862921308543,0.7075652229610366
2019-08-21,1.4749862921308543,0.7075652229610366
2019-08-22,1.4749862921308543,0.7075652229610366
2019-08-23,1.4749862921308543,0.7075652229610366
2019-08-26,1.4749862921308543,0.7075652229610366
2019-08-27,1.4749862921308543,0.7075652229610366
2019-08-28,1.4749862921308543,0.7075652229610366
2019-08-29,1.4749862921308543,0.7075652229610366
2019-08-30,1.4749862921308543,0.7075652229610366
2019-09-02,1.4749862921308543,0.7075652229610366
2019-09-03,1.439519896797897,0.789380315779347
2019-09-04,1.4395198967967142,0.7894033851595113
2019-09-05,1.4395198967967142,0.7894033920198997
2019-09-06,1.4395198967967142,0.78940339202194
2019-09-09,1.4395198967967142,0.7894033920219405
2019-09-10,1.4395198967967142,0.7894033920219405
2019-09-11,1.4395198967967142,0.7894033920219405
2019-09-12,1.4395198967967142,0.7894033920219405
2019-09-13,1.4395198967967142,0.7894033920219405
2019-09-16,1.4395198967967142,0.7894033920219405
2019-09-17,1.4395198967967142,0.7894033920219405
2019-09-18,1.4395198967967142,0.7894033920219405
2019-09-19,1.4395198967967142,0.7894033920219405
2019-09-20,1.4395198967967142,0.7894033920219405
2019-09-23,1.4395198967967142,0.7894033920219405
2019-09-24,1.4395198967967142,0.7894033920219405
2019-09-25,1.4395198967967142,0.7894033920219405
2019-09-26,1.4395198967967142,0.7894033920219405
2019-09-27,1.4395198967967142,0.7894033920219405
2019-09-30,1.4395198967967142,0.7894033920219405
2019-10-01,1.5140125208422224,0.6939105499044854
2019-10-02,1.514012520844616,0.6938801970847359
2019-10-03,1.514012520844616,0.6938801880580636
2019-10-04,1.514012520844616,0.6938801880553792
2019-10-07,1.514012520844616,0.6938801880553784
2019-10-08,1.514012520844616,0.6938801880553784
2019-10-09,1.514012520844616,0.6938801880553784
2019-10-10,1.514012520844616,0.6938801880553784
2019-10-11,1.514012520844616,0.6938801880553784
2019-10-14,1.514012520844616,0.6938801880553784
2019-10-15,1.514012520844616,0.6938801880553784
2019-10-16,1.514012520844616,0.6938801880553784
2019-10-17,1.514012520844616,0.6938801880553784
2019-10-18,1.514012520844616,0.6938801880553784
2019-10-21,1.514012520844616,0.6938801880553784
2019-10-22,1.514012520844616,0.6938801880553784
2019-10-23,1.514012520844616,0.6938801880553784
2019-10-24,1.514012520844616,0.6938801880553784
2019-10-25,1.514012520844616,0.6938801880553784
2019-10-28,1.514012520844616,0.6938801880553784
2019-10-29,1.514012520844616,0.6938801880553784
2019-10-30,1.514012520844616,0.6938801880553784
2019-10-31,1.514012520844616,0.6938801880553784
2019-11-01,1.4407697667499701,0.6359555883045351
2019-11-04,1.4407697667474957,0.6359375776476527
2019-11-05,1.4407697667474957,0.6359375722914767
2019-11-06,1.4407697667474957,0.6359375722898839
2019-11-07,1.4407697667474957,0.6359375722898835
2019-11-08,1.4407697667474957,0.6359375722898835
2019-11-11,1.4407697667474957,0.6359375722898835
2019-11-12,1.4407697667474957,0.6359375722898835
2019-11-13,1.4407697667474957,0.6359375722898835
2019-11-14,1.4407697667474957,0.6359375722898835
2019-11-15,1.4407697667474957,0.6359375722898835
2019-11-18,1.4407697667474957,0.6359375722898835
2019-11-19,1.4407697667474957,0.6359375722898835
2019-11-20,1.4407697667474957,0.6359375722898835
2019-11-21,1.4407697667474957,0.6359375722898835
2019-11-22,1.4407697667474957,0.6359375722898835
2019-11-25,1.4407697667474957,0.6359375722898835
2019-11-26,1.4407697667474957,0.6359375722898835
2019-11-27,1.4407697667474957,0.6359375722898835
2019-11-28,1.4407697667474957,0.6359375722898835
2019-11-29,1.4407697667474957,0.6359375722898835
2019-12-02,1.4407697667474957,0.6359375722898835
2019-12-03,1.4310007892640992,0.6405898853532973
2019-12-04,1.4310007892637764,0.6405912638561992
2019-12-05,1.4310007892637764,0.6405912642661449
2019-12-06,1.4310007892637764,0.6405912642662669
2019-12-09,1.4310007892637764,0.6405912642662669
2019-12-10,1.4310007892637764,0.6405912642662669
2019-12-11,1.4310007892637764,0.6405912642662669
2019-12-12,1.4310007892637764,0.6405912642662669
2019-12-13,1.4310007892637764,0.6405912642662669
2019-12-16,1.4310007892637764,0.6405912642662669
2019-12-17,1.4310007892637764,0.6405912642662669
2019-12-18,1.4310007892637764,0.6405912642662669
2019-12-19,1.4310007892637764,0.6405912642662669
2019-12-20,1.4310007892637764,0.6405912642662669
2019-12-23,1.4310007892637764,0.6405912642662669
2019-12-24,1.4310007892637764,0.6405912642662669
2019-12-25,1.4310007892637764,0.6405912642662669
2019-12-26,1.4310007892637764,0.6405912642662669
2019-12-27,1.4310007892637764,0.6405912642662669
2019-12-30,1.4310007892637764,0.6405912642662669
2019-12-31,1.4310007892637764,0.6405912642662669
2020-01-01,1.4637174185172181,0.5902963824107803
2020-01-02,1.463717418518284,0.5902807880722822
2020-01-03,1.463717418518284,0.5902807834346978
2020-01-06,1.463717418518284,0.5902807834333187
2020-01-07,1.463717418518284,0.5902807834333182
2020-01-08,1.463717418518284,0.5902807834333182
2020-01-09,1.463717418518284,0.5902807834333182
2020-01-10,1.463717418518284,0.5902807834333182
2020-01-13,1.463717418518284,0.5902807834333182
2020-01-14,1.463717418518284,0.5902807834333182
2020-01-15,1.463717418518284,0.5902807834333182
2020-01-16,1.463717418518284,0.5902807834333182
2020-01-17,1.463717418518284,0.5902807834333182
2020-01-20,1.463717418518284,0.5902807834333182
2020-01-21,1.463717418518284,0.5902807834333182
2020-01-22,1.463717418518284,0.5902807834333182
2020-01-23,1.463717418518284,0.5902807834333182
2020-01-24,1.463717418518284,0.5902807834333182
2020-01-27,1.463717418518284,0.5902807834333182
2020-01-28,1.463717418518284,0.5902807834333182
2020-01-29,1.463717418518284,0.5902807834333182
2020-01-30,1.463717418518284,0.5902807834333182
2020-01-31,1.463717418518284,0.5902807834333182
2020-02-03,1.5231916618956718,0.6245049720583913
2020-02-04,1.523191661897593,0.6245148708605867
2020-02-05,1.523191661897593,0.624514873804319
2020-02-06,1.523191661897593,0.6245148738051945
2020-02-07,1.523191661897593,0.6245148738051948
2020-02-10,1.523191661897593,0.6245148738051948
2020-02-11,1.523191661897593,0.6245148738051948
2020-02-12,1.523191661897593,0.6245148738051948
2020-02-13,1.523191661897593,0.6245148738051948
2020-02-14,1.523191661897593,0.6245148738051948
2020-02-17,1.523191661897593,0.6245148738051948
2020-02-18,1.523191661897593,0.6245148738051948
2020-02-19,1.523191661897593,0.6245148738051948
2020-02-20,1.523191661897593,0.6245148738051948
2020-02-21,1.523191661897593,0.6245148738051948
2020-02-24,1.523191661897593,0.6245148738051948
2020-02-25,1.523191661897593,0.6245148738051948
2020-02-26,1.523191661897593,0.6245148738051948
2020-02-27,1.523191661897593,0.6245148738051948
2020-02-28,1.523191661897593,0.6245148738051948
2020-03-02,1.523191661897593,0.6245148738051948
2020-03-03,1.4294009580529392,0.7678355365049981
2020-03-04,1.4294009580497478,0.7678741791953815
2020-03-05,1.4294009580497478,0.7678741906868506
2020-03-06,1.4294009580497478,0.767874190690268
2020-03-09,1.4294009580497478,0.767874190690269
2020-03-10,1.4294009580497478,0.767874190690269
2020-03-11,1.4294009580497478,0.767874190690269
2020-03-12,1.4294009580497478,0.767874190690269
2020-03-13,1.4294009580497478,0.767874190690269
2020-03-16,1.4294009580497478,0.767874190690269
2020-03-17,1.4294009580497478,0.767874190690269
2020-03-18,1.4294009580497478,0.767874190690269
2020-03-19,1.4294009580497478,0.767874190690269
2020-03-20,1.4294009580497478,0.767874190690269
2020-03-23,1.4294009580497478,0.767874190690269
2020-03-24,1.4294009580497478,0.767874190690269
2020-03-25,1.4294009580497478,0.767874190690269
2020-03-26,1.4294009580497478,0.767874190690269
2020-03-27,1.4294009580497478,0.767874190690269
2020-03-30,1.4294009580497478,0.767874190690269
2020-03-31,1.4294009580497478,0.767874190690269
2020-04-01,1.085148855641249,1.2501401361560374
2020-04-02,1.0851488556281086,1.250255886202517
2020-04-03,1.0851488556281086,1.2502559206232566
2020-04-06,1.0851488556281086,1.2502559206334927
2020-04-07,1.0851488556281086,1.2502559206334958
2020-04-08,1.0851488556281086,1.2502559206334958
2020-04-09,1.0851488556281086,1.2502559206334958
2020-04-10,1.0851488556281086,1.2502559206334958
2020-04-13,1.0851488556281086,1.2502559206334958
2020-04-14,1.0851488556281086,1.2502559206334958
2020-04-15,1.0851488556281086,1.2502559206334958
2020-04-16,1.0851488556281086,1.2502559206334958
2020-04-17,1.0851488556281086,1.2502559206334958
2020-04-20,1.0851488556281086,1.2502559206334958
2020-04-21,1.0851488556281086,1.2502559206334958
2020-04-22,1.0851488556281086,1.2502559206334958
2020-04-23,1.0851488556281086,1.2502559206334958
2020-04-24,1.0851488556281086,1.2502559206334958
2020-04-27,1.0851488556281086,1.2502559206334958
2020-04-28,1.0851488556281086,1.2502559206334958
2020-04-29,1.0851488556281086,1.2502559206334958
2020-04-30,1.0851488556281086,1.2502559206334958
2020-05-01,1.1103643389758753,1.1660693457419717
2020-05-04,1.1103643389766966,1.1660434058702185
2020-05-05,1.1103643389766966,1.1660433981560028
2020-05-06,1.1103643389766966,1.1660433981537086
2020-05-07,1.1103643389766966,1.166043398153708
2020-05-08,1.1103643389766966,1.166043398153708
2020-05-11,1.1103643389766966,1.166043398153708
2020-05-12,1.1103643389766966,1.166043398153708
2020-05-13,1.1103643389766966,1.166043398153708
2020-05-14,1.1103643389766966,1.166043398153708
2020-05-15,1.1103643389766966,1.166043398153708
2020-05-18,1.1103643389766966,1.166043398153708
2020-05-19,1.1103643389766966,1.166043398153708
2020-05-20,1.1103643389766966,1.166043398153708
2020-05-21,1.1103643389766966,1.166043398153708
2020-05-22,1.1103643389766966,1.166043398153708
2020-05-25,1.1103643389766966,1.166043398153708
2020-05-26,1.1103643389766966,1.166043398153708
2020-05-27,1.1103643389766966,1.166043398153708
2020-05-28,1.1103643389766966,1.166043398153708
2020-05-29,1.1103643389766966,1.166043398153708
2020-06-01,1.1103643389766966,1.166043398153708
2020-06-02,1.1632355044734273,1.1065827169614781
2020-06-03,1.1632355044751297,1.1065645590167372
2020-06-04,1.1632355044751297,1.1065645536167916
2020-06-05,1.1632355044751297,1.1065645536151858
2020-06-08,1.1632355044751297,1.1065645536151854
2020-06-09,1.1632355044751297,1.1065645536151854
2020-06-10,1.1632355044751297,1.1065645536151854
2020-06-11,1.1632355044751297,1.1065645536151854
2020-06-12,1.1632355044751297,1.1065645536151854
2020-06-15,1.1632355044751297,1.1065645536151854
2020-06-16,1.1632355044751297,1.1065645536151854
2020-06-17,1.1632355044751297,1.1065645536151854
2020-06-18,1.1632355044751297,1.1065645536151854
2020-06-19,1.1632355044751297,1.1065645536151854
2020-06-22,1.1632355044751297,1.1065645536151854
2020-06-23,1.1632355044751297,1.1065645536151854
2020-06-24,1.1632355044751297,1.1065645536151854
2020-06-25,1.1632355044751297,1.1065645536151854
2020-06-26,1.1632355044751297,1.1065645536151854
2020-06-29,1.1632355044751297,1.1065645536151854
2020-06-30,1.1632355044751297,1.1065645536151854
2020-07-01,1.240553941094837,1.0791787300616957
2020-07-02,1.240553941097305,1.079170482560686
2020-07-03,1.240553941097305,1.079170480107993
2020-07-06,1.240553941097305,1.0791704801072637
2020-07-07,1.240553941097305,1.0791704801072635
2020-07-08,1.240553941097305,1.0791704801072635
2020-07-09,1.240553941097305,1.0791704801072635
2020-07-10,1.240553941097305,1.0791704801072635
2020-07-13,1.240553941097305,1.0791704801072635
2020-07-14,1.240553941097305,1.0791704801072635
2020-07-15,1.240553941097305,1.0791704801072635
2020-07-16,1.240553941097305,1.0791704801072635
2020-07-17,1.240553941097305,1.0791704801072635
2020-07-20,1.240553941097305,1.0791704801072635
2020-07-21,1.240553941097305,1.0791704801072635
2020-07-22,1.240553941097305,1.0791704801072635
2020-07-23,1.240553941097305,1.0791704801072635
2020-07-24,1.240553941097305,1.0791704801072635
2020-07-27,1.240553941097305,1.0791704801072635
2020-07-28,1.240553941097305,1.0791704801072635
2020-07-29,1.240553941097305,1.0791704801072635
2020-07-30,1.240553941097305,1.0791704801072635
2020-07-31,1.240553941097305,1.0791704801072635
2020-08-03,1.3969944602465947,1.0992675457480503
2020-08-04,1.39699446025146,1.0992734676664786
2020-08-05,1.39699446025146,1.0992734694275639
2020-08-06,1.39699446025146,1.0992734694280875
2020-08-07,1.39699446025146,1.0992734694280877
2020-08-10,1.39699446025146,1.0992734694280877
2020-08-11,1.39699446025146,1.0992734694280877
2020-08-12,1.39699446025146,1.0992734694280877
2020-08-13,1.39699446025146,1.0992734694280877
2020-08-14,1.39699446025146,1.0992734694280877
2020-08-17,1.39699446025146,1.0992734694280877
2020-08-18,1.39699446025146,1.0992734694280877
2020-08-19,1.39699446025146,1.0992734694280877
2020-08-20,1.39699446025146,1.0992734694280877
2020-08-21,1.39699446025146,1.0992734694280877
2020-08-24,1.39699446025146,1.0992734694280877
2020-08-25,1.39699446025146,1.0992734694280877
2020-08-26,1.39699446025146,1.0992734694280877
2020-08-27,1.39699446025146,1.0992734694280877
2020-08-28,1.39699446025146,1.0992734694280877
2020-08-31,1.39699446025146,1.0992734694280877
2020-09-01,1.4317707081688449,1.078376637631057
2020-09-02,1.4317707081699766,1.078370362995914
2020-09-03,1.4317707081699766,1.078370361129926
2020-09-04,1.4317707081699766,1.0783703611293711
2020-09-07,1.4317707081699766,1.078370361129371
2020-09-08,1.4317707081699766,1.078370361129371
2020-09-09,1.4317707081699766,1.078370361129371
2020-09-10,1.4317707081699766,1.078370361129371
2020-09-11,1.4317707081699766,1.078370361129371
2020-09-14,1.4317707081699766,1.078370361129371
2020-09-15,1.4317707081699766,1.078370361129371
2020-09-16,1.4317707081699766,1.078370361129371
2020-09-17,1.4317707081699766,1.078370361129371
2020-09-18,1.4317707081699766,1.078370361129371
2020-09-21,1.4317707081699766,1.078370361129371
2020-09-22,1.4317707081699766,1.078370361129371
2020-09-23,1.4317707081699766,1.078370361129371
2020-09-24,1.4317707081699766,1.078370361129371
2020-09-25,1.4317707081699766,1.078370361129371
2020-09-28,1.4317707081699766,1.078370361129371
2020-09-29,1.4317707081699766,1.078370361129371
2020-09-30,1.4317707081699766,1.078370361129371
2020-10-01,1.3589887804097764,1.1879855627331042
2020-10-02,1.3589887804073144,1.1880166563463832
2020-10-05,1.3589887804073144,1.188016665593038
2020-10-06,1.3589887804073144,1.1880166655957878
2020-10-07,1.3589887804073144,1.1880166655957887
2020-10-08,1.3589887804073144,1.1880166655957887
2020-10-09,1.3589887804073144,1.1880166655957887
2020-10-12,1.3589887804073144,1.1880166655957887
2020-10-13,1.3589887804073144,1.1880166655957887
2020-10-14,1.3589887804073144,1.1880166655957887
2020-10-15,1.3589887804073144,1.1880166655957887
2020-10-16,1.3589887804073144,1.1880166655957887
2020-10-19,1.3589887804073144,1.1880166655957887
2020-10-20,1.3589887804073144,1.1880166655957887
2020-10-21,1.3589887804073144,1.1880166655957887
2020-10-22,1.3589887804073144,1.1880166655957887
2020-10-23,1.3589887804073144,1.1880166655957887
2020-10-26,1.3589887804073144,1.1880166655957887
2020-10-27,1.3589887804073144,1.1880166655957887
2020-10-28,1.3589887804073144,1.1880166655957887
2020-10-29,1.3589887804073144,1.1880166655957887
2020-10-30,1.3589887804073144,1.1880166655957887
2020-11-02,1.3589887804073144,1.1880166655957887
2020-11-03,1.2808084735740755,1.247238275965477
2020-11-04,1.2808084735714211,1.2472554693493216
2020-11-05,1.2808084735714211,1.2472554744623416
2020-11-06,1.2808084735714211,1.2472554744638622
2020-11-09,1.2808084735714211,1.2472554744638626
2020-11-10,1.2808084735714211,1.2472554744638626
2020-11-11,1.2808084735714211,1.2472554744638626
2020-11-12,1.2808084735714211,1.2472554744638626
2020-11-13,1.2808084735714211,1.2472554744638626
2020-11-16,1.2808084735714211,1.2472554744638626
2020-11-17,1.2808084735714211,1.2472554744638626
2020-11-18,1.2808084735714211,1.2472554744638626
2020-11-19,1.2808084735714211,1.2472554744638626
2020-11-20,1.2808084735714211,1.2472554744638626
2020-11-23,1.2808084735714211,1.2472554744638626
2020-11-24,1.2808084735714211,1.2472554744638626
2020-11-25,1.2808084735714211,1.2472554744638626
2020-11-26,1.2808084735714211,1.2472554744638626
2020-11-27,1.2808084735714211,1.2472554744638626
2020-11-30,1.2808084735714211,1.2472554744638626
2020-12-01,1.6178333740972954,0.7899868652807306
2020-12-02,1.6178333741072424,0.789811504870358
2020-12-03,1.6178333741072424,0.7898114527150025
2020-12-04,1.6178333741072424,0.7898114526994923
2020-12-07,1.6178333741072424,0.7898114526994877
2020-12-08,1.6178333741072424,0.7898114526994876
2020-12-09,1.6178333741072424,0.7898114526994876
2020-12-10,1.6178333741072424,0.7898114526994876
2020-12-11,1.6178333741072424,0.7898114526994876
2020-12-14,1.6178333741072424,0.7898114526994876
2020-12-15,1.6178333741072424,0.7898114526994876
2020-12-16,1.6178333741072424,0.7898114526994876
2020-12-17,1.6178333741072424,0.7898114526994876
2020-12-18,1.6178333741072424,0.7898114526994876
2020-12-21,1.6178333741072424,0.7898114526994876
2020-12-22,1.6178333741072424,0.7898114526994876
2020-12-23,1.6178333741072424,0.7898114526994876
2020-12-24,1.6178333741072424,0.7898114526994876
2020-12-25,1.6178333741072424,0.7898114526994876
2020-12-28,1.6178333741072424,0.7898114526994876
2020-12-29,1.6178333741072424,0.7898114526994876
2020-12-30,1.6178333741072424,0.7898114526994876
2020-12-31,1.6178333741072424,0.7898114526994876
2021-01-01,1.6395116104416907,0.7730050067135886
2021-01-04,1.6395116104424001,0.7729999543789313
2021-01-05,1.6395116104424001,0.7729999528764375
2021-01-06,1.6395116104424001,0.7729999528759908
2021-01-07,1.6395116104424001,0.7729999528759907
2021-01-08,1.6395116104424001,0.7729999528759907
2021-01-11,1.6395116104424001,0.7729999528759907
2021-01-12,1.6395116104424001,0.7729999528759907
2021-01-13,1.6395116104424001,0.7729999528759907
2021-01-14,1.6395116104424001,0.7729999528759907
2021-01-15,1.6395116104424001,0.7729999528759907
2021-01-18,1.6395116104424001,0.7729999528759907
2021-01-19,1.6395116104424001,0.7729999528759907
2021-01-20,1.6395116104424001,0.7729999528759907
2021-01-21,1.6395116104424001,0.7729999528759907
2021-01-22,1.6395116104424001,0.7729999528759907
2021-01-25,1.6395116104424001,0.7729999528759907
2021-01-26,1.6395116104424001,0.7729999528759907
2021-01-27,1.6395116104424001,0.7729999528759907
2021-01-28,1.6395116104424001,0.7729999528759907
2021-01-29,1.6395116104424001,0.7729999528759907
2021-02-01,1.6395116104424001,0.7729999528759907
2021-02-02,1.7086162870780817,0.8270604380154353
2021-02-03,1.7086162870803123,0.8270759892230655
2021-02-04,1.7086162870803123,0.8270759938477187
2021-02-05,1.7086162870803123,0.8270759938490939
2021-02-08,1.7086162870803123,0.8270759938490944
2021-02-09,1.7086162870803123,0.8270759938490944
2021-02-10,1.7086162870803123,0.8270759938490944
2021-02-11,1.7086162870803123,0.8270759938490944
2021-02-12,1.7086162870803123,0.8270759938490944
2021-02-15,1.7086162870803123,0.8270759938490944
2021-02-16,1.7086162870803123,0.8270759938490944
2021-02-17,1.7086162870803123,0.8270759938490944
2021-02-18,1.7086162870803123,0.8270759938490944
2021-02-19,1.7086162870803123,0.8270759938490944
2021-02-22,1.7086162870803123,0.8270759938490944
2021-02-23,1.7086162870803123,0.8270759938490944
2021-02-24,1.7086162870803123,0.8270759938490944
2021-02-25,1.7086162870803123,0.8270759938490944
2021-02-26,1.7086162870803123,0.8270759938490944
2021-03-01,1.7086162870803123,0.8270759938490944
2021-03-02,1.7844009232143343,0.7176067597350705
2021-03-03,1.7844009232167781,0.7175717213084933
2021-03-04,1.7844009232167781,0.7175717108883346
2021-03-05,1.7844009232167781,0.7175717108852359
2021-03-08,1.7844009232167781,0.7175717108852349
2021-03-09,1.7844009232167781,0.7175717108852349
2021-03-10,1.7844009232167781,0.7175717108852349
2021-03-11,1.7844009232167781,0.7175717108852349
2021-03-12,1.7844009232167781,0.7175717108852349
2021-03-15,1.7844009232167781,0.7175717108852349
2021-03-16,1.7844009232167781,0.7175717108852349
2021-03-17,1.7844009232167781,0.7175717108852349
2021-03-18,1.7844009232167781,0.7175717108852349
2021-03-19,1.7844009232167781,0.7175717108852349
2021-03-22,1.7844009232167781,0.7175717108852349
2021-03-23,1.7844009232167781,0.7175717108852349
2021-03-24,1.7844009232167781,0.7175717108852349
2021-03-25,1.7844009232167781,0.7175717108852349
2021-03-26,1.7844009232167781,0.7175717108852349
2021-03-29,1.7844009232167781,0.7175717108852349
2021-03-30,1.7844009232167781,0.7175717108852349
2021-03-31,1.7844009232167781,0.7175717108852349
2021-04-01,1.803849619362655,0.6891241166921697
2021-04-02,1.8038496193632922,0.6891154821333549
2021-04-05,1.8038496193632922,0.6891154795655501
2021-04-06,1.8038496193632922,0.6891154795647865
2021-04-07,1.8038496193632922,0.6891154795647862
2021-04-08,1.8038496193632922,0.6891154795647862
2021-04-09,1.8038496193632922,0.6891154795647862
2021-04-12,1.8038496193632922,0.6891154795647862
2021-04-13,1.8038496193632922,0.6891154795647862
2021-04-14,1.8038496193632922,0.6891154795647862
2021-04-15,1.8038496193632922,0.6891154795647862
2021-04-16,1.8038496193632922,0.6891154795647862
2021-04-19,1.8038496193632922,0.6891154795647862
2021-04-20,1.8038496193632922,0.6891154795647862
2021-04-21,1.8038496193632922,0.6891154795647862
2021-04-22,1.8038496193632922,0.6891154795647862
2021-04-23,1.8038496193632922,0.6891154795647862
2021-04-26,1.8038496193632922,0.6891154795647862
2021-04-27,1.8038496193632922,0.6891154795647862
2021-04-28,1.8038496193632922,0.6891154795647862
2021-04-29,1.8038496193632922,0.6891154795647862
2021-04-30,1.8038496193632922,0.6891154795647862
2021-05-03,1.864215745661014,0.566070759643002
2021-05-04,1.8642157456629707,0.5660301896316503
2021-05-05,1.8642157456629707,0.566030177566303
2021-05-06,1.8642157456629707,0.5660301775627149
2021-05-07,1.8642157456629707,0.5660301775627138
2021-05-10,1.8642157456629707,0.5660301775627138
2021-05-11,1.8642157456629707,0.5660301775627138
2021-05-12,1.8642157456629707,0.5660301775627138
2021-05-13,1.8642157456629707,0.5660301775627138
2021-05-14,1.8642157456629707,0.5660301775627138
2021-05-17,1.8642157456629707,0.5660301775627138
2021-05-18,1.8642157456629707,0.5660301775627138
2021-05-19,1.8642157456629707,0.5660301775627138
2021-05-20,1.8642157456629707,0.5660301775627138
2021-05-21,1.8642157456629707,0.5660301775627138
2021-05-24,1.8642157456629707,0.5660301775627138
2021-05-25,1.8642157456629707,0.5660301775627138
2021-05-26,1.8642157456629707,0.5660301775627138
2021-05-27,1.8642157456629707,0.5660301775627138
2021-05-28,1.8642157456629707,0.5660301775627138
2021-05-31,1.8642157456629707,0.5660301775627138
2021-06-01,1.9726693818187728,0.4174861355538378
2021-06-02,1.9726693818222476,0.4174340987095918
2021-06-03,1.9726693818222476,0.41743408323364745
2021-06-04,1.9726693818222476,0.4174340832290451
2021-06-07,1.9726693818222476,0.41743408322904374
2021-06-08,1.9726693818222476,0.41743408322904374
2021-06-09,1.9726693818222476,0.41743408322904374
2021-06-10,1.9726693818222476,0.41743408322904374
2021-06-11,1.9726693818222476,0.41743408322904374
2021-06-14,1.9726693818222476,0.41743408322904374
2021-06-15,1.9726693818222476,0.41743408322904374
2021-06-16,1.9726693818222476,0.41743408322904374
2021-06-17,1.9726693818222476,0.41743408322904374
2021-06-18,1.9726693818222476,0.41743408322904374
2021-06-21,1.9726693818222476,0.41743408322904374
2021-06-22,1.9726693818222476,0.41743408322904374
2021-06-23,1.9726693818222476,0.41743408322904374
2021-06-24,1.9726693818222476,0.41743408322904374
2021-06-25,1.9726693818222476,0.41743408322904374
2021-06-28,1.9726693818222476,0.41743408322904374
2021-06-29,1.9726693818222476,0.41743408322904374
2021-06-30,1.9726693818222476,0.41743408322904374
2021-07-01,1.8494166719247191,0.5901029155480189
2021-07-02,1.8494166719205232,0.5901467504663236
2021-07-05,1.8494166719205232,0.5901467635016887
2021-07-06,1.8494166719205232,0.5901467635055652
2021-07-07,1.8494166719205232,0.5901467635055663
2021-07-08,1.8494166719205232,0.5901467635055663
2021-07-09,1.8494166719205232,0.5901467635055663
2021-07-12,1.8494166719205232,0.5901467635055663
2021-07-13,1.8494166719205232,0.5901467635055663
2021-07-14,1.8494166719205232,0.5901467635055663
2021-07-15,1.8494166719205232,0.5901467635055663
2021-07-16,1.8494166719205232,0.5901467635055663
2021-07-19,1.8494166719205232,0.5901467635055663
2021-07-20,1.8494166719205232,0.5901467635055663
2021-07-21,1.8494166719205232,0.5901467635055663
2021-07-22,1.8494166719205232,0.5901467635055663
2021-07-23,1.8494166719205232,0.5901467635055663
2021-07-26,1.8494166719205232,0.5901467635055663
2021-07-27,1.8494166719205232,0.5901467635055663
2021-07-28,1.8494166719205232,0.5901467635055663
2021-07-29,1.8494166719205232,0.5901467635055663
2021-07-30,1.8494166719205232,0.5901467635055663
2021-08-02,1.8494166719205232,0.5901467635055663
2021-08-03,1.8936939437967824,0.6101608843338737
2021-08-04,1.8936939437982239,0.6101667385908349
2021-08-05,1.8936939437982239,0.6101667403317951
2021-08-06,1.8936939437982239,0.6101667403323128
2021-08-09,1.8936939437982239,0.6101667403323129
2021-08-10,1.8936939437982239,0.6101667403323129
2021-08-11,1.8936939437982239,0.6101667403323129
2021-08-12,1.8936939437982239,0.6101667403323129
2021-08-13,1.8936939437982239,0.6101667403323129
2021-08-16,1.8936939437982239,0.6101667403323129
2021-08-17,1.8936939437982239,0.6101667403323129
2021-08-18,1.8936939437982239,0.6101667403323129
2021-08-19,1.8936939437982239,0.6101667403323129
2021-08-20,1.8936939437982239,0.6101667403323129
2021-08-23,1.8936939437982239,0.6101667403323129
2021-08-24,1.8936939437982239,0.6101667403323129
2021-08-25,1.8936939437982239,0.6101667403323129
2021-08-26,1.8936939437982239,0.6101667403323129
2021-08-27,1.8936939437982239,0.6101667403323129
2021-08-30,1.8936939437982239,0.6101667403323129
2021-08-31,1.8936939437982239,0.6101667403323129
2021-09-01,1.9168725659196597,0.5802144253573503
2021-09-02,1.9168725659204187,0.5802052880028352
2021-09-03,1.9168725659204187,0.5802052852855012
2021-09-06,1.9168725659204187,0.5802052852846931
2021-09-07,1.9168725659204187,0.5802052852846928
2021-09-08,1.9168725659204187,0.5802052852846928
2021-09-09,1.9168725659204187,0.5802052852846928
2021-09-10,1.9168725659204187,0.5802052852846928
2021-09-13,1.9168725659204187,0.5802052852846928
2021-09-14,1.9168725659204187,0.5802052852846928
2021-09-15,1.9168725659204187,0.5802052852846928
2021-09-16,1.9168725659204187,0.5802052852846928
2021-09-17,1.9168725659204187,0.5802052852846928
2021-09-20,1.9168725659204187,0.5802052852846928
2021-09-21,1.9168725659204187,0.5802052852846928
2021-09-22,1.9168725659204187,0.5802052852846928
2021-09-23,1.9168725659204187,0.5802052852846928
2021-09-24,1.9168725659204187,0.5802052852846928
2021-09-27,1.9168725659204187,0.5802052852846928
2021-09-28,1.9168725659204187,0.5802052852846928
2021-09-29,1.9168725659204187,0.5802052852846928
2021-09-30,1.9168725659204187,0.5802052852846928
2021-10-01,1.8617059017161075,0.6545744808005364
2021-10-04,1.8617059017142632,0.6545953403889357
2021-10-05,1.8617059017142632,0.6545953465921667
2021-10-06,1.8617059017142632,0.6545953465940114
2021-10-07,1.8617059017142632,0.654595346594012
2021-10-08,1.8617059017142632,0.654595346594012
2021-10-11,1.8617059017142632,0.654595346594012
2021-10-12,1.8617059017142632,0.654595346594012
2021-10-13,1.8617059017142632,0.654595346594012
2021-10-14,1.8617059017142632,0.654595346594012
2021-10-15,1.8617059017142632,0.654595346594012
2021-10-18,1.8617059017142632,0.654595346594012
2021-10-19,1.8617059017142632,0.654595346594012
2021-10-20,1.8617059017142632,0.654595346594012
2021-10-21,1.8617059017142632,0.654595346594012
2021-10-22,1.8617059017142632,0.654595346594012
2021-10-25,1.8617059017142632,0.654595346594012
2021-10-26,1.8617059017142632,0.654595346594012
2021-10-27,1.8617059017142632,0.654595346594012
2021-10-28,1.8617059017142632,0.654595346594012
2021-10-29,1.8617059017142632,0.654595346594012
2021-11-01,1.8617059017142632,0.654595346594012
2021-11-02,1.891174095628004,0.5560995918030641
2021-11-03,1.8911740956289673,0.5560677057142882
2021-11-04,1.8911740956289673,0.55606769623157
2021-11-05,1.8911740956289673,0.5560676962287501
2021-11-08,1.8911740956289673,0.5560676962287493
2021-11-09,1.8911740956289673,0.5560676962287493
2021-11-10,1.8911740956289673,0.5560676962287493
2021-11-11,1.8911740956289673,0.5560676962287493
2021-11-12,1.8911740956289673,0.5560676962287493
2021-11-15,1.8911740956289673,0.5560676962287493
2021-11-16,1.8911740956289673,0.5560676962287493
2021-11-17,1.8911740956289673,0.5560676962287493
2021-11-18,1.8911740956289673,0.5560676962287493
2021-11-19,1.8911740956289673,0.5560676962287493
2021-11-22,1.8911740956289673,0.5560676962287493
2021-11-23,1.8911740956289673,0.5560676962287493
2021-11-24,1.8911740956289673,0.5560676962287493
2021-11-25,1.8911740956289673,0.5560676962287493
2021-11-26,1.8911740956289673,0.5560676962287493
2021-11-29,1.8911740956289673,0.5560676962287493
2021-11-30,1.8911740956289673,0.5560676962287493
2021-12-01,1.7145058532408564,0.8139234953318086
2021-12-02,1.7145058532347361,0.8139880285038356
2021-12-03,1.7145058532347361,0.8139880476942751
2021-12-06,1.7145058532347361,0.8139880476999821
2021-12-07,1.7145058532347361,0.8139880476999839
2021-12-08,1.7145058532347361,0.8139880476999839
2021-12-09,1.7145058532347361,0.8139880476999839
2021-12-10,1.7145058532347361,0.8139880476999839
2021-12-13,1.7145058532347361,0.8139880476999839
2021-12-14,1.7145058532347361,0.8139880476999839
2021-12-15,1.7145058532347361,0.8139880476999839
2021-12-16,1.7145058532347361,0.8139880476999839
2021-12-17,1.7145058532347361,0.8139880476999839
2021-12-20,1.7145058532347361,0.8139880476999839
2021-12-21,1.7145058532347361,0.8139880476999839
2021-12-22,1.7145058532347361,0.8139880476999839
2021-12-23,1.7145058532347361,0.8139880476999839
2021-12-24,1.7145058532347361,0.8139880476999839
2021-12-27,1.7145058532347361,0.8139880476999839
2021-12-28,1.7145058532347361,0.8139880476999839
2021-12-29,1.7145058532347361,0.8139880476999839
2021-12-30,1.7145058532347361,0.8139880476999839
2021-12-31,1.7145058532347361,0.8139880476999839
2022-01-03,1.7787213093594623,0.7363158189482494
2022-01-04,1.7787213093615397,0.736291501680618
2022-01-05,1.7787213093615397,0.7362914944489066
2022-01-06,1.7787213093615397,0.7362914944467561
2022-01-07,1.7787213093615397,0.7362914944467555
2022-01-10,1.7787213093615397,0.7362914944467555
2022-01-11,1.7787213093615397,0.7362914944467555
2022-01-12,1.7787213093615397,0.7362914944467555
2022-01-13,1.7787213093615397,0.7362914944467555
2022-01-14,1.7787213093615397,0.7362914944467555
2022-01-17,1.7787213093615397,0.7362914944467555
2022-01-18,1.7787213093615397,0.7362914944467555
2022-01-19,1.7787213093615397,0.7362914944467555
2022-01-20,1.7787213093615397,0.7362914944467555
2022-01-21,1.7787213093615397,0.7362914944467555
2022-01-24,1.7787213093615397,0.7362914944467555
2022-01-25,1.7787213093615397,0.7362914944467555
2022-01-26,1.7787213093615397,0.7362914944467555
2022-01-27,1.7787213093615397,0.7362914944467555
2022-01-28,1.7787213093615397,0.7362914944467555
2022-01-31,1.7787213093615397,0.7362914944467555
2022-02-01,1.8215884544188894,0.6645163231220407
2022-02-02,1.8215884544202852,0.664493825136686
2022-02-03,1.8215884544202852,0.6644938184460082
2022-02-04,1.8215884544202852,0.6644938184440184
2022-02-07,1.8215884544202852,0.6644938184440179
2022-02-08,1.8215884544202852,0.6644938184440179
2022-02-09,1.8215884544202852,0.6644938184440179
2022-02-10,1.8215884544202852,0.6644938184440179
2022-02-11,1.8215884544202852,0.6644938184440179
2022-02-14,1.8215884544202852,0.6644938184440179
2022-02-15,1.8215884544202852,0.6644938184440179
2022-02-16,1.8215884544202852,0.6644938184440179
2022-02-17,1.8215884544202852,0.6644938184440179
2022-02-18,1.8215884544202852,0.6644938184440179
2022-02-21,1.8215884544202852,0.6644938184440179
2022-02-22,1.8215884544202852,0.6644938184440179
2022-02-23,1.8215884544202852,0.6644938184440179
2022-02-24,1.8215884544202852,0.6644938184440179
2022-02-25,1.8215884544202852,0.6644938184440179
2022-02-28,1.8215884544202852,0.6644938184440179
2022-03-01,1.7660821775849669,0.7193692793060539
2022-03-02,1.7660821775831095,0.7193849758420537
2022-03-03,1.7660821775831095,0.719384980509918
2022-03-04,1.7660821775831095,0.7193849805113062
2022-03-07,1.7660821775831095,0.7193849805113065
2022-03-08,1.7660821775831095,0.7193849805113065
2022-03-09,1.7660821775831095,0.7193849805113065
2022-03-10,1.7660821775831095,0.7193849805113065
2022-03-11,1.7660821775831095,0.7193849805113065
2022-03-14,1.7660821775831095,0.7193849805113065
2022-03-15,1.7660821775831095,0.7193849805113065
2022-03-16,1.7660821775831095,0.7193849805113065
2022-03-17,1.7660821775831095,0.7193849805113065
2022-03-18,1.7660821775831095,0.7193849805113065
2022-03-21,1.7660821775831095,0.7193849805113065
2022-03-22,1.7660821775831095,0.7193849805113065
2022-03-23,1.7660821775831095,0.7193849805113065
2022-03-24,1.7660821775831095,0.7193849805113065
2022-03-25,1.7660821775831095,0.7193849805113065
2022-03-28,1.7660821775831095,0.7193849805113065
2022-03-29,1.7660821775831095,0.7193849805113065
2022-03-30,1.7660821775831095,0.7193849805113065
2022-03-31,1.7660821775831095,0.7193849805113065
2022-04-01,1.7518431707142628,0.7114951670041427
2022-04-04,1.7518431707137918,0.7114928076784431
2022-04-05,1.7518431707137918,0.7114928069768138
2022-04-06,1.7518431707137918,0.7114928069766052
2022-04-07,1.7518431707137918,0.7114928069766051
2022-04-08,1.7518431707137918,0.7114928069766051
2022-04-11,1.7518431707137918,0.7114928069766051
2022-04-12,1.7518431707137918,0.7114928069766051
2022-04-13,1.7518431707137918,0.7114928069766051
2022-04-14,1.7518431707137918,0.7114928069766051
2022-04-15,1.7518431707137918,0.7114928069766051
2022-04-18,1.7518431707137918,0.7114928069766051
2022-04-19,1.7518431707137918,0.7114928069766051
2022-04-20,1.7518431707137918,0.7114928069766051
2022-04-21,1.7518431707137918,0.7114928069766051
2022-04-22,1.7518431707137918,0.7114928069766051
2022-04-25,1.7518431707137918,0.7114928069766051
2022-04-26,1.7518431707137918,0.7114928069766051
2022-04-27,1.7518431707137918,0.7114928069766051
2022-04-28,1.7518431707137918,0.7114928069766051
2022-04-29,1.7518431707137918,0.7114928069766051
2022-05-02,1.7518431707137918,0.7114928069766051
2022-05-03,1.6769286736126434,0.7668761646409729
2022-05-04,1.67692867361012,0.766892039925672
2022-05-05,1.67692867361012,0.7668920446466955
2022-05-06,1.67692867361012,0.7668920446480995
2022-05-09,1.67692867361012,0.7668920446480999
2022-05-10,1.67692867361012,0.7668920446480999
2022-05-11,1.67692867361012,0.7668920446480999
2022-05-12,1.67692867361012,0.7668920446480999
2022-05-13,1.67692867361012,0.7668920446480999
2022-05-16,1.67692867361012,0.7668920446480999
2022-05-17,1.67692867361012,0.7668920446480999
2022-05-18,1.67692867361012,0.7668920446480999
2022-05-19,1.67692867361012,0.7668920446480999
2022-05-20,1.67692867361012,0.7668920446480999
2022-05-23,1.67692867361012,0.7668920446480999
2022-05-24,1.67692867361012,0.7668920446480999
2022-05-25,1.67692867361012,0.7668920446480999
2022-05-26,1.67692867361012,0.7668920446480999
2022-05-27,1.67692867361012,0.7668920446480999
2022-05-30,1.67692867361012,0.7668920446480999
2022-05-31,1.67692867361012,0.7668920446480999
2022-06-01,1.7633223688160025,0.5998178177117977
2022-06-02,1.763322368818779,0.5997612099404966
2022-06-03,1.763322368818779,0.5997611931053971
2022-06-06,1.763322368818779,0.5997611931003906
2022-06-07,1.763322368818779,0.5997611931003891
2022-06-08,1.763322368818779,0.5997611931003891
2022-06-09,1.763322368818779,0.5997611931003891
2022-06-10,1.763322368818779,0.5997611931003891
2022-06-13,1.763322368818779,0.5997611931003891
2022-06-14,1.763322368818779,0.5997611931003891
2022-06-15,1.763322368818779,0.5997611931003891
2022-06-16,1.763322368818779,0.5997611931003891
2022-06-17,1.763322368818779,0.5997611931003891
2022-06-20,1.763322368818779,0.5997611931003891
2022-06-21,1.763322368818779,0.5997611931003891
2022-06-22,1.763322368818779,0.5997611931003891
2022-06-23,1.763322368818779,0.5997611931003891
2022-06-24,1.763322368818779,0.5997611931003891
2022-06-27,1.763322368818779,0.5997611931003891
2022-06-28,1.763322368818779,0.5997611931003891
2022-06-29,1.763322368818779,0.5997611931003891
2022-06-30,1.763322368818779,0.5997611931003891
2022-07-01,1.5472994545330034,0.7865640083179514
2022-07-04,1.5472994545253898,0.7866129625325368
2022-07-05,1.5472994545253898,0.7866129770903352
2022-07-06,1.5472994545253898,0.7866129770946645
2022-07-07,1.5472994545253898,0.7866129770946657
2022-07-08,1.5472994545253898,0.7866129770946657
2022-07-11,1.5472994545253898,0.7866129770946657
2022-07-12,1.5472994545253898,0.7866129770946657
2022-07-13,1.5472994545253898,0.7866129770946657
2022-07-14,1.5472994545253898,0.7866129770946657
2022-07-15,1.5472994545253898,0.7866129770946657
2022-07-18,1.5472994545253898,0.7866129770946657
2022-07-19,1.5472994545253898,0.7866129770946657
2022-07-20,1.5472994545253898,0.7866129770946657
2022-07-21,1.5472994545253898,0.7866129770946657
2022-07-22,1.5472994545253898,0.7866129770946657
2022-07-25,1.5472994545253898,0.7866129770946657
2022-07-26,1.5472994545253898,0.7866129770946657
2022-07-27,1.5472994545253898,0.7866129770946657
2022-07-28,1.5472994545253898,0.7866129770946657
2022-07-29,1.5472994545253898,0.7866129770946657
2022-08-01,1.5472994545253898,0.7866129770946657
2022-08-02,1.4258813307163403,0.7046355886149474
2022-08-03,1.4258813307121696,0.7046097911737781
2022-08-04,1.4258813307121696,0.7046097835018643
2022-08-05,1.4258813307121696,0.7046097834995828
2022-08-08,1.4258813307121696,0.7046097834995821
2022-08-09,1.4258813307121696,0.7046097834995821
2022-08-10,1.4258813307121696,0.7046097834995821
2022-08-11,1.4258813307121696,0.7046097834995821
2022-08-12,1.4258813307121696,0.7046097834995821
2022-08-15,1.4258813307121696,0.7046097834995821
2022-08-16,1.4258813307121696,0.7046097834995821
2022-08-17,1.4258813307121696,0.7046097834995821
2022-08-18,1.4258813307121696,0.7046097834995821
2022-08-19,1.4258813307121696,0.7046097834995821
2022-08-22,1.4258813307121696,0.7046097834995821
2022-08-23,1.4258813307121696,0.7046097834995821
2022-08-24,1.4258813307121696,0.7046097834995821
2022-08-25,1.4258813307121696,0.7046097834995821
2022-08-26,1.4258813307121696,0.7046097834995821
2022-08-29,1.4258813307121696,0.7046097834995821
2022-08-30,1.4258813307121696,0.7046097834995821
2022-08-31,1.4258813307121696,0.7046097834995821
2022-09-01,1.2619009982113227,0.6575382859228258
2022-09-02,1.2619009982055693,0.6575237863497637
2022-09-05,1.2619009982055693,0.6575237820377599
2022-09-06,1.2619009982055693,0.6575237820364775
2022-09-07,1.2619009982055693,0.6575237820364772
2022-09-08,1.2619009982055693,0.6575237820364772
2022-09-09,1.2619009982055693,0.6575237820364772
2022-09-12,1.2619009982055693,0.6575237820364772
2022-09-13,1.2619009982055693,0.6575237820364772
2022-09-14,1.2619009982055693,0.6575237820364772
2022-09-15,1.2619009982055693,0.6575237820364772
2022-09-16,1.2619009982055693,0.6575237820364772
2022-09-19,1.2619009982055693,0.6575237820364772
2022-09-20,1.2619009982055693,0.6575237820364772
2022-09-21,1.2619009982055693,0.6575237820364772
2022-09-22,1.2619009982055693,0.6575237820364772
2022-09-23,1.2619009982055693,0.6575237820364772
2022-09-26,1.2619009982055693,0.6575237820364772
2022-09-27,1.2619009982055693,0.6575237820364772
2022-09-28,1.2619009982055693,0.6575237820364772
2022-09-29,1.2619009982055693,0.6575237820364772
2022-09-30,1.2619009982055693,0.6575237820364772
2022-10-03,0.9856419356540407,0.5684391090904573
2022-10-04,0.9856419356436638,0.5684105399999531
2022-10-05,0.9856419356436638,0.5684105315037191
2022-10-06,0.9856419356436638,0.5684105315011925
2022-10-07,0.9856419356436638,0.5684105315011917
2022-10-10,0.9856419356436638,0.5684105315011917
2022-10-11,0.9856419356436638,0.5684105315011917
2022-10-12,0.9856419356436638,0.5684105315011917
2022-10-13,0.9856419356436638,0.5684105315011917
2022-10-14,0.9856419356436638,0.5684105315011917
2022-10-17,0.9856419356436638,0.5684105315011917
2022-10-18,0.9856419356436638,0.5684105315011917
2022-10-19,0.9856419356436638,0.5684105315011917
2022-10-20,0.9856419356436638,0.5684105315011917
2022-10-21,0.9856419356436638,0.5684105315011917
2022-10-24,0.9856419356436638,0.5684105315011917
2022-10-25,0.9856419356436638,0.5684105315011917
2022-10-26,0.9856419356436638,0.5684105315011917
2022-10-27,0.9856419356436638,0.5684105315011917
2022-10-28,0.9856419356436638,0.5684105315011917
2022-10-31,0.9856419356436638,0.5684105315011917
2022-11-01,0.8536657923020414,0.2358717792985571
2022-11-02,0.8536657922973574,0.2357031165261714
2022-11-03,0.8536657922973574,0.23570306635043325
2022-11-04,0.8536657922973574,0.23570306633551175
2022-11-07,0.8536657922973574,0.2357030663355073
2022-11-08,0.8536657922973574,0.2357030663355073
2022-11-09,0.8536657922973574,0.2357030663355073
2022-11-10,0.8536657922973574,0.2357030663355073
2022-11-11,0.8536657922973574,0.2357030663355073
2022-11-14,0.8536657922973574,0.2357030663355073
2022-11-15,0.8536657922973574,0.2357030663355073
2022-11-16,0.8536657922973574,0.2357030663355073
2022-11-17,0.8536657922973574,0.2357030663355073
2022-11-18,0.8536657922973574,0.2357030663355073
2022-11-21,0.8536657922973574,0.2357030663355073
2022-11-22,0.8536657922973574,0.2357030663355073
2022-11-23,0.8536657922973574,0.2357030663355073
2022-11-24,0.8536657922973574,0.2357030663355073
2022-11-25,0.8536657922973574,0.2357030663355073
2022-11-28,0.8536657922973574,0.2357030663355073
2022-11-29,0.8536657922973574,0.2357030663355073
2022-11-30,0.8536657922973574,0.2357030663355073
2022-12-01,0.8943822808220985,0.12491318050934641
2022-12-02,0.8943822808234094,0.12486561315769061
2022-12-05,0.8943822808234094,0.12486559900917613
2022-12-06,0.8943822808234094,0.12486559900496857
2022-12-07,0.8943822808234094,0.12486559900496733
2022-12-08,0.8943822808234094,0.12486559900496733
2022-12-09,0.8943822808234094,0.12486559900496733
2022-12-12,0.8943822808234094,0.12486559900496733
2022-12-13,0.8943822808234094,0.12486559900496733
2022-12-14,0.8943822808234094,0.12486559900496733
2022-12-15,0.8943822808234094,0.12486559900496733
2022-12-16,0.8943822808234094,0.12486559900496733
2022-12-19,0.8943822808234094,0.12486559900496733
2022-12-20,0.8943822808234094,0.12486559900496733
2022-12-21,0.8943822808234094,0.12486559900496733
2022-12-22,0.8943822808234094,0.12486559900496733
2022-12-23,0.8943822808234094,0.12486559900496733
2022-12-26,0.8943822808234094,0.12486559900496733
2022-12-27,0.8943822808234094,0.12486559900496733
2022-12-28,0.8943822808234094,0.12486559900496733
2022-12-29,0.8943822808234094,0.12486559900496733
2022-12-30,0.8943822808234094,0.12486559900496733
2023-01-02,0.8943822808234094,0.12486559900496733
2023-01-03,0.8086458705856757,0.18848332087181957
2023-01-04,0.8086458705827013,0.18849904636991013
2023-01-05,0.8086458705827013,0.18849905104624304
2023-01-06,0.8086458705827013,0.1884990510476337
2023-01-09,0.8086458705827013,0.18849905104763415
2023-01-10,0.8086458705827013,0.18849905104763415
2023-01-11,0.8086458705827013,0.18849905104763415
2023-01-12,0.8086458705827013,0.18849905104763415
2023-01-13,0.8086458705827013,0.18849905104763415
2023-01-16,0.8086458705827013,0.18849905104763415
2023-01-17,0.8086458705827013,0.18849905104763415
2023-01-18,0.8086458705827013,0.18849905104763415
2023-01-19,0.8086458705827013,0.18849905104763415
2023-01-20,0.8086458705827013,0.18849905104763415
2023-01-23,0.8086458705827013,0.18849905104763415
2023-01-24,0.8086458705827013,0.18849905104763415
2023-01-25,0.8086458705827013,0.18849905104763415
2023-01-26,0.8086458705827013,0.18849905104763415
2023-01-27,0.8086458705827013,0.18849905104763415
2023-01-30,0.8086458705827013,0.18849905104763415
2023-01-31,0.8086458705827013,0.18849905104763415
2023-02-01,0.9518337138444356,0.564171371702658
2023-02-02,0.9518337138487981,0.564245890091945
2023-02-03,0.9518337138487981,0.5642459122511362
2023-02-06,0.9518337138487981,0.5642459122577259
2023-02-07,0.9518337138487981,0.5642459122577279
2023-02-08,0.9518337138487981,0.5642459122577279
2023-02-09,0.9518337138487981,0.5642459122577279
2023-02-10,0.9518337138487981,0.5642459122577279
2023-02-13,0.9518337138487981,0.5642459122577279
2023-02-14,0.9518337138487981,0.5642459122577279
2023-02-15,0.9518337138487981,0.5642459122577279
2023-02-16,0.9518337138487981,0.5642459122577279
2023-02-17,0.9518337138487981,0.5642459122577279
2023-02-20,0.9518337138487981,0.5642459122577279
2023-02-21,0.9518337138487981,0.5642459122577279
2023-02-22,0.9518337138487981,0.5642459122577279
2023-02-23,0.9518337138487981,0.5642459122577279
2023-02-24,0.9518337138487981,0.5642459122577279
2023-02-27,0.9518337138487981,0.5642459122577279
2023-02-28,0.9518337138487981,0.5642459122577279
2023-03-01,0.9163804872416169,0.7412328742146799
2023-03-02,0.9163804872404262,0.7412792223194784
2023-03-03,0.9163804872404262,0.741279236102281
2023-03-06,0.9163804872404262,0.7412792361063797
2023-03-07,0.9163804872404262,0.7412792361063809
2023-03-08,0.9163804872404262,0.7412792361063809
2023-03-09,0.9163804872404262,0.7412792361063809
2023-03-10,0.9163804872404262,0.7412792361063809
2023-03-13,0.9163804872404262,0.7412792361063809
2023-03-14,0.9163804872404262,0.7412792361063809
2023-03-15,0.9163804872404262,0.7412792361063809
2023-03-16,0.9163804872404262,0.7412792361063809
2023-03-17,0.9163804872404262,0.7412792361063809
2023-03-20,0.9163804872404262,0.7412792361063809
2023-03-21,0.9163804872404262,0.7412792361063809
2023-03-22,0.9163804872404262,0.7412792361063809
2023-03-23,0.9163804872404262,0.7412792361063809
2023-03-24,0.9163804872404262,0.7412792361063809
2023-03-27,0.9163804872404262,0.7412792361063809
2023-03-28,0.9163804872404262,0.7412792361063809
2023-03-29,0.9163804872404262,0.7412792361063809
2023-03-30,0.9163804872404262,0.7412792361063809
2023-03-31,0.9163804872404262,0.7412792361063809
2023-04-03,0.832906094937108,0.832479157986829
2023-04-04,0.8329060949342201,0.8325047934758524
2023-04-05,0.8329060949342201,0.8325048010993461
2023-04-06,0.8329060949342201,0.8325048011016133
2023-04-07,0.8329060949342201,0.832504801101614
2023-04-10,0.8329060949342201,0.832504801101614
2023-04-11,0.8329060949342201,0.832504801101614
2023-04-12,0.8329060949342201,0.832504801101614
2023-04-13,0.8329060949342201,0.832504801101614
2023-04-14,0.8329060949342201,0.832504801101614
2023-04-17,0.8329060949342201,0.832504801101614
2023-04-18,0.8329060949342201,0.832504801101614
2023-04-19,0.8329060949342201,0.832504801101614
2023-04-20,0.8329060949342201,0.832504801101614
2023-04-21,0.8329060949342201,0.832504801101614
2023-04-24,0.8329060949342201,0.832504801101614
2023-04-25,0.8329060949342201,0.832504801101614
2023-04-26,0.8329060949342201,0.832504801101614
2023-04-27,0.8329060949342201,0.832504801101614
2023-04-28,0.8329060949342201,0.832504801101614
2023-05-01,0.8329060949342201,0.832504801101614
2023-05-02,0.8494510469578201,0.9672755498084492
2023-05-03,0.8494510469583599,0.967312835800562
2023-05-04,0.8494510469583599,0.9673128468886449
2023-05-05,0.8494510469583599,0.9673128468919423
2023-05-08,0.8494510469583599,0.9673128468919433
2023-05-09,0.8494510469583599,0.9673128468919433
2023-05-10,0.8494510469583599,0.9673128468919433
2023-05-11,0.8494510469583599,0.9673128468919433
2023-05-12,0.8494510469583599,0.9673128468919433
2023-05-15,0.8494510469583599,0.9673128468919433
2023-05-16,0.8494510469583599,0.9673128468919433
2023-05-17,0.8494510469583599,0.9673128468919433
2023-05-18,0.8494510469583599,0.9673128468919433
2023-05-19,0.8494510469583599,0.9673128468919433
2023-05-22,0.8494510469583599,0.9673128468919433
2023-05-23,0.8494510469583599,0.9673128468919433
2023-05-24,0.8494510469583599,0.9673128468919433
2023-05-25,0.8494510469583599,0.9673128468919433
2023-05-26,0.8494510469583599,0.9673128468919433
2023-05-29,0.8494510469583599,0.9673128468919433
2023-05-30,0.8494510469583599,0.9673128468919433
2023-05-31,0.8494510469583599,0.9673128468919433
2023-06-01,0.7068543172233674,0.922541828906525
2023-06-02,0.7068543172181957,0.9225281915040174
2023-06-05,0.7068543172181957,0.9225281874484278
2023-06-06,0.7068543172181957,0.9225281874472218
2023-06-07,0.7068543172181957,0.9225281874472214
2023-06-08,0.7068543172181957,0.9225281874472214
2023-06-09,0.7068543172181957,0.9225281874472214
2023-06-12,0.7068543172181957,0.9225281874472214
2023-06-13,0.7068543172181957,0.9225281874472214
2023-06-14,0.7068543172181957,0.9225281874472214
2023-06-15,0.7068543172181957,0.9225281874472214
2023-06-16,0.7068543172181957,0.9225281874472214
2023-06-19,0.7068543172181957,0.9225281874472214
2023-06-20,0.7068543172181957,0.9225281874472214
2023-06-21,0.7068543172181957,0.9225281874472214
2023-06-22,0.7068543172181957,0.9225281874472214
2023-06-23,0.7068543172181957,0.9225281874472214
2023-06-26,0.7068543172181957,0.9225281874472214
2023-06-27,0.7068543172181957,0.9225281874472214
2023-06-28,0.7068543172181957,0.9225281874472214
2023-06-29,0.7068543172181957,0.9225281874472214
2023-06-30,0.7068543172181957,0.9225281874472214
2023-07-03,0.7890734923727389,1.165928545046246
2023-07-04,0.7890734923753066,1.1659933714339685
2023-07-05,0.7890734923753066,1.1659933907118312
2023-07-06,0.7890734923753066,1.1659933907175641
2023-07-07,0.7890734923753066,1.165993390717566
2023-07-10,0.7890734923753066,1.165993390717566
2023-07-11,0.7890734923753066,1.165993390717566
2023-07-12,0.7890734923753066,1.165993390717566
2023-07-13,0.7890734923753066,1.165993390717566
2023-07-14,0.7890734923753066,1.165993390717566
2023-07-17,0.7890734923753066,1.165993390717566
2023-07-18,0.7890734923753066,1.165993390717566
2023-07-19,0.7890734923753066,1.165993390717566
2023-07-20,0.7890734923753066,1.165993390717566
2023-07-21,0.7890734923753066,1.165993390717566
2023-07-24,0.7890734923753066,1.165993390717566
2023-07-25,0.7890734923753066,1.165993390717566
2023-07-26,0.7890734923753066,1.165993390717566
2023-07-27,0.7890734923753066,1.165993390717566
2023-07-28,0.7890734923753066,1.165993390717566
2023-07-31,0.7890734923753066,1.165993390717566
2023-08-01,0.841328500379493,1.2843374117407957
2023-08-02,0.8413285003811611,1.2843709835980675
2023-08-03,0.8413285003811611,1.2843709935817054
2023-08-04,0.8413285003811611,1.2843709935846743
2023-08-07,0.8413285003811611,1.2843709935846752
2023-08-08,0.8413285003811611,1.2843709935846752
2023-08-09,0.8413285003811611,1.2843709935846752
2023-08-10,0.8413285003811611,1.2843709935846752
2023-08-11,0.8413285003811611,1.2843709935846752
2023-08-14,0.8413285003811611,1.2843709935846752
2023-08-15,0.8413285003811611,1.2843709935846752
2023-08-16,0.8413285003811611,1.2843709935846752
2023-08-17,0.8413285003811611,1.2843709935846752
2023-08-18,0.8413285003811611,1.2843709935846752
2023-08-21,0.8413285003811611,1.2843709935846752
2023-08-22,0.8413285003811611,1.2843709935846752
2023-08-23,0.8413285003811611,1.2843709935846752
2023-08-24,0.8413285003811611,1.2843709935846752
2023-08-25,0.8413285003811611,1.2843709935846752
2023-08-28,0.8413285003811611,1.2843709935846752
2023-08-29,0.8413285003811611,1.2843709935846752
2023-08-30,0.8413285003811611,1.2843709935846752
2023-08-31,0.8413285003811611,1.2843709935846752
2023-09-01,0.7628159099431479,1.2587148871613802
2023-09-04,0.7628159099404281,1.2587071796376115
2023-09-05,0.7628159099404281,1.258707177345502
2023-09-06,0.7628159099404281,1.2587071773448204
2023-09-07,0.7628159099404281,1.2587071773448204
2023-09-08,0.7628159099404281,1.2587071773448204
2023-09-11,0.7628159099404281,1.2587071773448204
2023-09-12,0.7628159099404281,1.2587071773448204
2023-09-13,0.7628159099404281,1.2587071773448204
2023-09-14,0.7628159099404281,1.2587071773448204
2023-09-15,0.7628159099404281,1.2587071773448204
2023-09-18,0.7628159099404281,1.2587071773448204
2023-09-19,0.7628159099404281,1.2587071773448204
2023-09-20,0.7628159099404281,1.2587071773448204
2023-09-21,0.7628159099404281,1.2587071773448204
2023-09-22,0.7628159099404281,1.2587071773448204
2023-09-25,0.7628159099404281,1.2587071773448204
2023-09-26,0.7628159099404281,1.2587071773448204
2023-09-27,0.7628159099404281,1.2587071773448204
2023-09-28,0.7628159099404281,1.2587071773448204
2023-09-29,0.7628159099404281,1.2587071773448204
2023-10-02,0.7628159099404281,1.2587071773448204
2023-10-03,0.6893160888746513,1.2332910353600097
2023-10-04,0.6893160888721007,1.2332833990726828
2023-10-05,0.6893160888721007,1.2332833968017582
2023-10-06,0.6893160888721007,1.2332833968010828
2023-10-09,0.6893160888721007,1.2332833968010826
2023-10-10,0.6893160888721007,1.2332833968010826
2023-10-11,0.6893160888721007,1.2332833968010826
2023-10-12,0.6893160888721007,1.2332833968010826
2023-10-13,0.6893160888721007,1.2332833968010826
2023-10-16,0.6893160888721007,1.2332833968010826
2023-10-17,0.6893160888721007,1.2332833968010826
2023-10-18,0.6893160888721007,1.2332833968010826
2023-10-19,0.6893160888721007,1.2332833968010826
2023-10-20,0.6893160888721007,1.2332833968010826
2023-10-23,0.6893160888721007,1.2332833968010826
2023-10-24,0.6893160888721007,1.2332833968010826
2023-10-25,0.6893160888721007,1.2332833968010826
2023-10-26,0.6893160888721007,1.2332833968010826
2023-10-27,0.6893160888721007,1.2332833968010826
2023-10-30,0.6893160888721007,1.2332833968010826
2023-10-31,0.6893160888721007,1.2332833968010826
2023-11-01,0.5589211774470653,1.202598077050357
2023-11-02,0.5589211774422683,1.202588835238864
2023-11-03,0.5589211774422683,1.2025888324904768
2023-11-06,0.5589211774422683,1.2025888324896596
2023-11-07,0.5589211774422683,1.2025888324896592
2023-11-08,0.5589211774422683,1.2025888324896592
2023-11-09,0.5589211774422683,1.2025888324896592
2023-11-10,0.5589211774422683,1.2025888324896592
2023-11-13,0.5589211774422683,1.2025888324896592
2023-11-14,0.5589211774422683,1.2025888324896592
2023-11-15,0.5589211774422683,1.2025888324896592
2023-11-16,0.5589211774422683,1.2025888324896592
2023-11-17,0.5589211774422683,1.2025888324896592
2023-11-20,0.5589211774422683,1.2025888324896592
2023-11-21,0.5589211774422683,1.2025888324896592
2023-11-22,0.5589211774422683,1.2025888324896592
2023-11-23,0.5589211774422683,1.2025888324896592
2023-11-24,0.5589211774422683,1.2025888324896592
2023-11-27,0.5589211774422683,1.2025888324896592
2023-11-28,0.5589211774422683,1.2025888324896592
2023-11-29,0.5589211774422683,1.2025888324896592
2023-11-30,0.5589211774422683,1.2025888324896592
2023-12-01,0.8011813578101803,1.5409495605076897
2023-12-04,0.801181357816955,1.5410391339127487
2023-12-05,0.801181357816955,1.541039160549766
2023-12-06,0.801181357816955,1.5410391605576874
2023-12-07,0.801181357816955,1.5410391605576899
2023-12-08,0.801181357816955,1.5410391605576899
2023-12-11,0.801181357816955,1.5410391605576899
2023-12-12,0.801181357816955,1.5410391605576899
2023-12-13,0.801181357816955,1.5410391605576899
2023-12-14,0.801181357816955,1.5410391605576899
2023-12-15,0.801181357816955,1.5410391605576899
2023-12-18,0.801181357816955,1.5410391605576899
2023-12-19,0.801181357816955,1.5410391605576899
2023-12-20,0.801181357816955,1.5410391605576899
2023-12-21,0.801181357816955,1.5410391605576899
2023-12-22,0.801181357816955,1.5410391605576899
2023-12-25,0.801181357816955,1.5410391605576899
2023-12-26,0.801181357816955,1.5410391605576899
2023-12-27,0.801181357816955,1.5410391605576899
2023-12-28,0.801181357816955,1.5410391605576899
2023-12-29,0.801181357816955,1.5410391605576899
2024-01-01,0.801181357816955,1.5410391605576899
2024-01-02,0.8024399352040993,1.513303361250595
2024-01-03,0.8024399352041407,1.5132950374290859
2024-01-04,0.8024399352041407,1.513295034953699
2024-01-05,0.8024399352041407,1.513295034952963
2024-01-08,0.8024399352041407,1.5132950349529626
2024-01-09,0.8024399352041407,1.5132950349529626
2024-01-10,0.8024399352041407,1.5132950349529626
2024-01-11,0.8024399352041407,1.5132950349529626
2024-01-12,0.8024399352041407,1.5132950349529626
2024-01-15,0.8024399352041407,1.5132950349529626
2024-01-16,0.8024399352041407,1.5132950349529626
2024-01-17,0.8024399352041407,1.5132950349529626
2024-01-18,0.8024399352041407,1.5132950349529626
2024-01-19,0.8024399352041407,1.5132950349529626
2024-01-22,0.8024399352041407,1.5132950349529626
2024-01-23,0.8024399352041407,1.5132950349529626
2024-01-24,0.8024399352041407,1.5132950349529626
2024-01-25,0.8024399352041407,1.5132950349529626
2024-01-26,0.8024399352041407,1.5132950349529626
2024-01-29,0.8024399352041407,1.5132950349529626
2024-01-30,0.8024399352041407,1.5132950349529626
2024-01-31,0.8024399352041407,1.5132950349529626
2024-02-01,0.9211212749319645,1.4757007687242318
2024-02-02,0.9211212749356226,1.4756894463001549
2024-02-05,0.9211212749356226,1.4756894429330223
2024-02-06,0.9211212749356226,1.4756894429320209
2024-02-07,0.9211212749356226,1.4756894429320206
2024-02-08,0.9211212749356226,1.4756894429320206
2024-02-09,0.9211212749356226,1.4756894429320206
2024-02-12,0.9211212749356226,1.4756894429320206
2024-02-13,0.9211212749356226,1.4756894429320206
2024-02-14,0.9211212749356226,1.4756894429320206
2024-02-15,0.9211212749356226,1.4756894429320206
2024-02-16,0.9211212749356226,1.4756894429320206
2024-02-19,0.9211212749356226,1.4756894429320206
2024-02-20,0.9211212749356226,1.4756894429320206
2024-02-21,0.9211212749356226,1.4756894429320206
2024-02-22,0.9211212749356226,1.4756894429320206
2024-02-23,0.9211212749356226,1.4756894429320206
2024-02-26,0.9211212749356226,1.4756894429320206
2024-02-27,0.9211212749356226,1.4756894429320206
2024-02-28,0.9211212749356226,1.4756894429320206
2024-02-29,0.9211212749356226,1.4756894429320206
2024-03-01,0.9209853095305235,1.473899709437863
2024-03-04,0.920985309530519,1.4738991768746363
2024-03-05,0.920985309530519,1.47389917671626
2024-03-06,0.920985309530519,1.473899176716213
2024-03-07,0.920985309530519,1.473899176716213
2024-03-08,0.920985309530519,1.473899176716213
2024-03-11,0.920985309530519,1.473899176716213
2024-03-12,0.920985309530519,1.473899176716213
2024-03-13,0.920985309530519,1.473899176716213
2024-03-14,0.920985309530519,1.473899176716213
2024-03-15,0.920985309530519,1.473899176716213
2024-03-18,0.920985309530519,1.473899176716213
2024-03-19,0.920985309530519,1.473899176716213
2024-03-20,0.920985309530519,1.473899176716213
2024-03-21,0.920985309530519,1.473899176716213
2024-03-22,0.920985309530519,1.473899176716213
2024-03-25,0.920985309530519,1.473899176716213
2024-03-26,0.920985309530519,1.473899176716213
2024-03-27,0.920985309530519,1.473899176716213
2024-03-28,0.920985309530519,1.473899176716213
2024-03-29,0.920985309530519,1.473899176716213
2024-04-01,0.920985309530519,1.473899176716213
2024-04-02,1.1376896704974686,1.7731221853907109
2024-04-03,1.137689670503928,1.7732036596885843
2024-04-04,1.137689670503928,1.7732036839172656
2024-04-05,1.137689670503928,1.773203683924471
2024-04-08,1.137689670503928,1.773203683924473
2024-04-09,1.137689670503928,1.773203683924473
2024-04-10,1.137689670503928,1.773203683924473
2024-04-11,1.137689670503928,1.773203683924473
2024-04-12,1.137689670503928,1.773203683924473
2024-04-15,1.137689670503928,1.773203683924473
2024-04-16,1.137689670503928,1.773203683924473
2024-04-17,1.137689670503928,1.773203683924473
2024-04-18,1.137689670503928,1.773203683924473
2024-04-19,1.137689670503928,1.773203683924473
2024-04-22,1.137689670503928,1.773203683924473
2024-04-23,1.137689670503928,1.773203683924473
2024-04-24,1.137689670503928,1.773203683924473
2024-04-25,1.137689670503928,1.773203683924473
2024-04-26,1.137689670503928,1.773203683924473
2024-04-29,1.137689670503928,1.773203683924473
2024-04-30,1.137689670503928,1.773203683924473
2024-05-01,1.0298495356013668,1.70114485508534
2024-05-02,1.029849535597628,1.7011229718658136
2024-05-03,1.029849535597628,1.7011229653580293
2024-05-06,1.029849535597628,1.701122965356094
2024-05-07,1.029849535597628,1.7011229653560935
2024-05-08,1.029849535597628,1.7011229653560935
2024-05-09,1.029849535597628,1.7011229653560935
2024-05-10,1.029849535597628,1.7011229653560935
2024-05-13,1.029849535597628,1.7011229653560935
2024-05-14,1.029849535597628,1.7011229653560935
2024-05-15,1.029849535597628,1.7011229653560935
2024-05-16,1.029849535597628,1.7011229653560935
2024-05-17,1.029849535597628,1.7011229653560935
2024-05-20,1.029849535597628,1.7011229653560935
2024-05-21,1.029849535597628,1.7011229653560935
2024-05-22,1.029849535597628,1.7011229653560935
2024-05-23,1.029849535597628,1.7011229653560935
2024-05-24,1.029849535597628,1.7011229653560935
2024-05-27,1.029849535597628,1.7011229653560935
2024-05-28,1.029849535597628,1.7011229653560935
2024-05-29,1.029849535597628,1.7011229653560935
2024-05-30,1.029849535597628,1.7011229653560935
2024-05-31,1.029849535597628,1.7011229653560935
2024-06-03,1.2009796735828606,1.882278616162312
2024-06-04,1.2009796735880969,1.8823298960043915
2024-06-05,1.2009796735880969,1.8823299112540421
2024-06-06,1.2009796735880969,1.882329911258577
2024-06-07,1.2009796735880969,1.8823299112585785
2024-06-10,1.2009796735880969,1.8823299112585785
2024-06-11,1.2009796735880969,1.8823299112585785
2024-06-12,1.2009796735880969,1.8823299112585785
2024-06-13,1.2009796735880969,1.8823299112585785
2024-06-14,1.2009796735880969,1.8823299112585785
2024-06-17,1.2009796735880969,1.8823299112585785
2024-06-18,1.2009796735880969,1.8823299112585785
2024-06-19,1.2009796735880969,1.8823299112585785
2024-06-20,1.2009796735880969,1.8823299112585785
2024-06-21,1.2009796735880969,1.8823299112585785
2024-06-24,1.2009796735880969,1.8823299112585785
2024-06-25,1.2009796735880969,1.8823299112585785
2024-06-26,1.2009796735880969,1.8823299112585785
2024-06-27,1.2009796735880969,1.8823299112585785
2024-06-28,1.2009796735880969,1.8823299112585785
2024-07-01,1.2009796735880969,1.8823299112585785
2024-07-02,1.063542896164095,1.6239844481763759
2024-07-03,1.0635428961592743,1.623901507026786
2024-07-04,1.0635428961592743,1.623901482360698
2024-07-05,1.0635428961592743,1.6239014823533628
2024-07-08,1.0635428961592743,1.6239014823533606
2024-07-09,1.0635428961592743,1.6239014823533606
2024-07-10,1.0635428961592743,1.6239014823533606
2024-07-11,1.0635428961592743,1.6239014823533606
2024-07-12,1.0635428961592743,1.6239014823533606
2024-07-15,1.0635428961592743,1.6239014823533606
2024-07-16,1.0635428961592743,1.6239014823533606
2024-07-17,1.0635428961592743,1.6239014823533606
2024-07-18,1.0635428961592743,1.6239014823533606
2024-07-19,1.0635428961592743,1.6239014823533606
2024-07-22,1.0635428961592743,1.6239014823533606
2024-07-23,1.0635428961592743,1.6239014823533606
2024-07-24,1.0635428961592743,1.6239014823533606
2024-07-25,1.0635428961592743,1.6239014823533606
2024-07-26,1.0635428961592743,1.6239014823533606
2024-07-29,1.0635428961592743,1.6239014823533606
2024-07-30,1.0635428961592743,1.6239014823533606
2024-07-31,1.0635428961592743,1.6239014823533606
2024-08-01,1.1779631848080656,1.7711714008783683
2024-08-02,1.1779631848116523,1.7712133754766086
2024-08-05,1.1779631848116523,1.7712133879590786
2024-08-06,1.1779631848116523,1.7712133879627907
2024-08-07,1.1779631848116523,1.7712133879627918
2024-08-08,1.1779631848116523,1.7712133879627918
2024-08-09,1.1779631848116523,1.7712133879627918
2024-08-12,1.1779631848116523,1.7712133879627918
2024-08-13,1.1779631848116523,1.7712133879627918
2024-08-14,1.1779631848116523,1.7712133879627918
2024-08-15,1.1779631848116523,1.7712133879627918
2024-08-16,1.1779631848116523,1.7712133879627918
2024-08-19,1.1779631848116523,1.7712133879627918
2024-08-20,1.1779631848116523,1.7712133879627918
2024-08-21,1.1779631848116523,1.7712133879627918
2024-08-22,1.1779631848116523,1.7712133879627918
2024-08-23,1.1779631848116523,1.7712133879627918
2024-08-26,1.1779631848116523,1.7712133879627918
2024-08-27,1.1779631848116523,1.7712133879627918
2024-08-28,1.1779631848116523,1.7712133879627918
2024-08-29,1.1779631848116523,1.7712133879627918
2024-08-30,1.1779631848116523,1.7712133879627918
2024-09-02,1.1779631848116523,1.7712133879627918
2024-09-03,1.3003759381280888,1.8356041473309628
2024-09-04,1.300375938131932,1.835622960224601
2024-09-05,1.300375938131932,1.8356229658192458
2024-09-06,1.300375938131932,1.8356229658209096
2024-09-09,1.300375938131932,1.83562296582091
2024-09-10,1.300375938131932,1.83562296582091
2024-09-11,1.300375938131932,1.83562296582091
2024-09-12,1.300375938131932,1.83562296582091
2024-09-13,1.300375938131932,1.83562296582091
2024-09-16,1.300375938131932,1.83562296582091
2024-09-17,1.300375938131932,1.83562296582091
2024-09-18,1.300375938131932,1.83562296582091
2024-09-19,1.300375938131932,1.83562296582091
2024-09-20,1.300375938131932,1.83562296582091
2024-09-23,1.300375938131932,1.83562296582091
2024-09-24,1.300375938131932,1.83562296582091
2024-09-25,1.300375938131932,1.83562296582091
2024-09-26,1.300375938131932,1.83562296582091
2024-09-27,1.300375938131932,1.83562296582091
2024-09-30,1.300375938131932,1.83562296582091
2024-10-01,1.4148025158527175,1.9068127733600784
2024-10-02,1.414802515856335,1.9068335488315822
2024-10-03,1.414802515856335,1.9068335550098632
2024-10-04,1.414802515856335,1.9068335550117004
2024-10-07,1.414802515856335,1.906833555011701
2024-10-08,1.414802515856335,1.906833555011701
2024-10-09,1.414802515856335,1.906833555011701
2024-10-10,1.414802515856335,1.906833555011701
2024-10-11,1.414802515856335,1.906833555011701
2024-10-14,1.414802515856335,1.906833555011701
2024-10-15,1.414802515856335,1.906833555011701
2024-10-16,1.414802515856335,1.906833555011701
2024-10-17,1.414802515856335,1.906833555011701
2024-10-18,1.414802515856335,1.906833555011701
2024-10-21,1.414802515856335,1.906833555011701
2024-10-22,1.414802515856335,1.906833555011701
2024-10-23,1.414802515856335,1.906833555011701
2024-10-24,1.414802515856335,1.906833555011701
2024-10-25,1.414802515856335,1.906833555011701
2024-10-28,1.414802515856335,1.906833555011701
2024-10-29,1.414802515856335,1.906833555011701
2024-10-30,1.414802515856335,1.906833555011701
2024-10-31,1.414802515856335,1.906833555011701
2024-11-01,1.500793776261713,1.6864906086066893
2024-11-04,1.5007937762644645,1.6864207998748866
2024-11-05,1.5007937762644645,1.6864207791143837
2024-11-06,1.5007937762644645,1.6864207791082098
2024-11-07,1.5007937762644645,1.6864207791082078
2024-11-08,1.5007937762644645,1.6864207791082078
2024-11-11,1.5007937762644645,1.6864207791082078
2024-11-12,1.5007937762644645,1.6864207791082078
2024-11-13,1.5007937762644645,1.6864207791082078
2024-11-14,1.5007937762644645,1.6864207791082078
2024-11-15,1.5007937762644645,1.6864207791082078
2024-11-18,1.5007937762644645,1.6864207791082078
2024-11-19,1.5007937762644645,1.6864207791082078
2024-11-20,1.5007937762644645,1.6864207791082078
2024-11-21,1.5007937762644645,1.6864207791082078
2024-11-22,1.5007937762644645,1.6864207791082078
2024-11-25,1.5007937762644645,1.6864207791082078
2024-11-26,1.5007937762644645,1.6864207791082078
2024-11-27,1.5007937762644645,1.6864207791082078
2024-11-28,1.5007937762644645,1.6864207791082078
2024-11-29,1.5007937762644645,1.6864207791082078
2024-12-02,1.5007937762644645,1.6864207791082078
2024-12-03,1.4720865803262773,1.5244374309586914
2024-12-04,1.4720865803253222,1.524386699393856
2024-12-05,1.4720865803253222,1.524386684306796
2024-12-06,1.4720865803253222,1.5243866843023093
2024-12-09,1.4720865803253222,1.524386684302308
2024-12-10,1.4720865803253222,1.524386684302308
2024-12-11,1.4720865803253222,1.524386684302308
2024-12-12,1.4720865803253222,1.524386684302308
2024-12-13,1.4720865803253222,1.524386684302308
2024-12-16,1.4720865803253222,1.524386684302308
2024-12-17,1.4720865803253222,1.524386684302308
2024-12-18,1.4720865803253222,1.524386684302308
2024-12-19,1.4720865803253222,1.524386684302308
2024-12-20,1.4720865803253222,1.524386684302308
2024-12-23,1.4720865803253222,1.524386684302308
2024-12-24,1.4720865803253222,1.524386684302308
2024-12-25,1.4720865803253222,1.524386684302308
2024-12-26,1.4720865803253222,1.524386684302308
2024-12-27,1.4720865803253222,1.524386684302308
2024-12-30,1.4720865803253222,1.524386684302308
2024-12-31,1.4720865803253222,1.524386684302308
2025-01-01,1.4495088637106985,1.3472964852912608
2025-01-02,1.4495088637099491,1.347240359037586
2025-01-03,1.4495088637099491,1.3472403423461294
2025-01-06,1.4495088637099491,1.3472403423411656
2025-01-07,1.4495088637099491,1.347240342341164
2025-01-08,1.4495088637099491,1.347240342341164
2025-01-09,1.4495088637099491,1.347240342341164
2025-01-10,1.4495088637099491,1.347240342341164
2025-01-13,1.4495088637099491,1.347240342341164
2025-01-14,1.4495088637099491,1.347240342341164
2025-01-15,1.4495088637099491,1.347240342341164
2025-01-16,1.4495088637099491,1.347240342341164
2025-01-17,1.4495088637099491,1.347240342341164
2025-01-20,1.4495088637099491,1.347240342341164
2025-01-21,1.4495088637099491,1.347240342341164
2025-01-22,1.4495088637099491,1.347240342341164
2025-01-23,1.4495088637099491,1.347240342341164
2025-01-24,1.4495088637099491,1.347240342341164
2025-01-27,1.4495088637099491,1.347240342341164
2025-01-28,1.4495088637099491,1.347240342341164
2025-01-29,1.4495088637099491,1.347240342341164
2025-01-30,1.4495088637099491,1.347240342341164
2025-01-31,1.4495088637099491,1.347240342341164
2025-02-03,1.596725137417286,1.6070379508062458
2025-02-04,1.5967251374219125,1.6071089641497223
2025-02-05,1.5967251374219125,1.6071089852675622
2025-02-06,1.5967251374219125,1.6071089852738423
2025-02-07,1.5967251374219125,1.6071089852738443
2025-02-10,1.5967251374219125,1.6071089852738443
2025-02-11,1.5967251374219125,1.6071089852738443
2025-02-12,1.5967251374219125,1.6071089852738443
2025-02-13,1.5967251374219125,1.6071089852738443
2025-02-14,1.5967251374219125,1.6071089852738443
2025-02-17,1.5967251374219125,1.6071089852738443
2025-02-18,1.5967251374219125,1.6071089852738443
2025-02-19,1.5967251374219125,1.6071089852738443
2025-02-20,1.5967251374219125,1.6071089852738443
2025-02-21,1.5967251374219125,1.6071089852738443
2025-02-24,1.5967251374219125,1.6071089852738443
2025-02-25,1.5967251374219125,1.6071089852738443
2025-02-26,1.5967251374219125,1.6071089852738443
2025-02-27,1.5967251374219125,1.6071089852738443
2025-02-28,1.5967251374219125,1.6071089852738443
2025-03-03,1.9058832150062426,1.8985122990773393
2025-03-04,1.9058832150156018,1.8985923057214227
2025-03-05,1.9058832150156018,1.898592329513701
2025-03-06,1.9058832150156018,1.8985923295207765
2025-03-07,1.9058832150156018,1.8985923295207785
2025-03-10,1.9058832150156018,1.8985923295207785
2025-03-11,1.9058832150156018,1.8985923295207785
2025-03-12,1.9058832150156018,1.8985923295207785
2025-03-13,1.9058832150156018,1.8985923295207785
2025-03-14,1.9058832150156018,1.8985923295207785
2025-03-17,1.9058832150156018,1.8985923295207785
2025-03-18,1.9058832150156018,1.8985923295207785
2025-03-19,1.9058832150156018,1.8985923295207785
2025-03-20,1.9058832150156018,1.8985923295207785
2025-03-21,1.9058832150156018,1.8985923295207785
2025-03-24,1.9058832150156018,1.8985923295207785
2025-03-25,1.9058832150156018,1.8985923295207785
2025-03-26,1.9058832150156018,1.8985923295207785
2025-03-27,1.9058832150156018,1.8985923295207785
2025-03-28,1.9058832150156018,1.8985923295207785
2025-03-31,1.9058832150156018,1.8985923295207785
2025-04-01,2.049575277285797,2.0342634975870593
2025-04-02,2.049575277290365,2.034302498372865
2025-04-03,2.049575277290365,2.0343025099710044
2025-04-04,2.049575277290365,2.0343025099744536
2025-04-07,2.049575277290365,2.0343025099744545
2025-04-08,2.049575277290365,2.0343025099744545
2025-04-09,2.049575277290365,2.0343025099744545
2025-04-10,2.049575277290365,2.0343025099744545
2025-04-11,2.049575277290365,2.0343025099744545
2025-04-14,2.049575277290365,2.0343025099744545
2025-04-15,2.049575277290365,2.0343025099744545
2025-04-16,2.049575277290365,2.0343025099744545
2025-04-17,2.049575277290365,2.0343025099744545
2025-04-18,2.049575277290365,2.0343025099744545
2025-04-21,2.049575277290365,2.0343025099744545
2025-04-22,2.049575277290365,2.0343025099744545
2025-04-23,2.049575277290365,2.0343025099744545
2025-04-24,2.049575277290365,2.0343025099744545
2025-04-25,2.049575277290365,2.0343025099744545
2025-04-28,2.049575277290365,2.0343025099744545
2025-04-29,2.049575277290365,2.0343025099744545
2025-04-30,2.049575277290365,2.0343025099744545
2025-05-01,2.3450220129544452,2.1408774486617315
2025-05-02,2.3450220129635655,2.1409083533583955
2025-05-05,2.3450220129635655,2.140908362548924
2025-05-06,2.3450220129635655,2.140908362551657
2025-05-07,2.3450220129635655,2.1409083625516576
2025-05-08,2.3450220129635655,2.1409083625516576
2025-05-09,2.3450220129635655,2.1409083625516576
2025-05-12,2.3450220129635655,2.1409083625516576
2025-05-13,2.3450220129635655,2.1409083625516576
2025-05-14,2.3450220129635655,2.1409083625516576
2025-05-15,2.3450220129635655,2.1409083625516576
2025-05-16,2.3450220129635655,2.1409083625516576
2025-05-19,2.3450220129635655,2.1409083625516576
2025-05-20,2.3450220129635655,2.1409083625516576
2025-05-21,2.3450220129635655,2.1409083625516576
2025-05-22,2.3450220129635655,2.1409083625516576
2025-05-23,2.3450220129635655,2.1409083625516576
2025-05-26,2.3450220129635655,2.1409083625516576
2025-05-27,2.3450220129635655,2.1409083625516576
2025-05-28,2.3450220129635655,2.1409083625516576
2025-05-29,2.3450220129635655,2.1409083625516576
2025-05-30,2.3450220129635655,2.1409083625516576
2025-06-02,2.3450220129635655,2.1409083625516576
2025-06-03,2.62181229862903,2.4037835424063503
2025-06-04,2.6218122986376677,2.4038574418439245
2025-06-05,2.6218122986376677,2.403857463820174
2025-06-06,2.6218122986376677,2.40385746382671
2025-06-09,2.6218122986376677,2.4038574638267116
2025-06-10,2.6218122986376677,2.4038574638267116
2025-06-11,2.6218122986376677,2.4038574638267116
2025-06-12,2.6218122986376677,2.4038574638267116
2025-06-13,2.6218122986376677,2.4038574638267116
2025-06-16,2.6218122986376677,2.4038574638267116
2025-06-17,2.6218122986376677,2.4038574638267116
2025-06-18,2.6218122986376677,2.4038574638267116
2025-06-19,2.6218122986376677,2.4038574638267116
2025-06-20,2.6218122986376677,2.4038574638267116
2025-06-23,2.6218122986376677,2.4038574638267116
2025-06-24,2.6218122986376677,2.4038574638267116
2025-06-25,2.6218122986376677,2.4038574638267116
2025-06-26,2.6218122986376677,2.4038574638267116
2025-06-27,2.6218122986376677,2.4038574638267116
2025-06-30,2.6218122986376677,2.4038574638267116
2025-07-01,2.688940244032402,2.414375906273791
2025-07-02,2.6889402440345855,2.414379027485544
2025-07-03,2.6889402440345855,2.414379028413745
2025-07-04,2.6889402440345855,2.414379028414021
2025-07-07,2.6889402440345855,2.414379028414021
2025-07-08,2.6889402440345855,2.414379028414021
2025-07-09,2.6889402440345855,2.414379028414021
2025-07-10,2.6889402440345855,2.414379028414021
2025-07-11,2.6889402440345855,2.414379028414021
2025-07-14,2.6889402440345855,2.414379028414021
2025-07-15,2.6889402440345855,2.414379028414021
2025-07-16,2.6889402440345855,2.414379028414021
2025-07-17,2.6889402440345855,2.414379028414021
2025-07-18,2.6889402440345855,2.414379028414021
2025-07-21,2.6889402440345855,2.414379028414021
2025-07-22,2.6889402440345855,2.414379028414021
2025-07-23,2.6889402440345855,2.414379028414021
2025-07-24,2.6889402440345855,2.414379028414021
2025-07-25,2.6889402440345855,2.414379028414021
2025-07-28,2.6889402440345855,2.414379028414021
2025-07-29,2.6889402440345855,2.414379028414021
2025-07-30,2.6889402440345855,2.414379028414021
2025-07-31,2.6889402440345855,2.414379028414021
2025-08-01,3.0019018780158913,2.597703687749131
2025-08-04,3.0019018780256643,2.5977562815122184
2025-08-05,3.0019018780256643,2.597756297152659
2025-08-06,3.0019018780256643,2.5977562971573103
2025-08-07,3.0019018780256643,2.5977562971573116
2025-08-08,3.0019018780256643,2.5977562971573116
2025-08-11,3.0019018780256643,2.5977562971573116
2025-08-12,3.0019018780256643,2.5977562971573116
2025-08-13,3.0019018780256643,2.5977562971573116
2025-08-14,3.0019018780256643,2.5977562971573116
2025-08-15,3.0019018780256643,2.5977562971573116
2025-08-18,3.0019018780256643,2.5977562971573116
2025-08-19,3.0019018780256643,2.5977562971573116
2025-08-20,3.0019018780256643,2.5977562971573116
2025-08-21,3.0019018780256643,2.5977562971573116
2025-08-22,3.0019018780256643,2.5977562971573116
2025-08-25,3.0019018780256643,2.5977562971573116
2025-08-26,3.0019018780256643,2.5977562971573116
2025-08-27,3.0019018780256643,2.5977562971573116
2025-08-28,3.0019018780256643,2.5977562971573116
2025-08-29,3.0019018780256643,2.5977562971573116
2025-09-01,3.0019018780256643,2.5977562971573116
2025-09-02,3.2019073880980344,2.9010359078474828
2025-09-03,3.2019073881044178,2.9011213830535914
2025-09-04,3.2019073881044178,2.9011214084722656
2025-09-05,3.2019073881044178,2.9011214084798245
2025-09-08,3.2019073881044178,2.9011214084798267
2025-09-09,3.2019073881044178,2.9011214084798267
2025-09-10,3.2019073881044178,2.9011214084798267
2025-09-11,3.2019073881044178,2.9011214084798267
2025-09-12,3.2019073881044178,2.9011214084798267
2025-09-15,3.2019073881044178,2.9011214084798267
2025-09-16,3.2019073881044178,2.9011214084798267
2025-09-17,3.2019073881044178,2.9011214084798267
2025-09-18,3.2019073881044178,2.9011214084798267
2025-09-19,3.2019073881044178,2.9011214084798267
2025-09-22,3.2019073881044178,2.9011214084798267
2025-09-23,3.2019073881044178,2.9011214084798267
2025-09-24,3.2019073881044178,2.9011214084798267
2025-09-25,3.2019073881044178,2.9011214084798267
2025-09-26,3.2019073881044178,2.9011214084798267
2025-09-29,3.2019073881044178,2.9011214084798267
2025-09-30,3.2019073881044178,2.9011214084798267
2025-10-01,3.3456744923063586,3.104733112449438
2025-10-02,3.3456744923109936,3.104791677471829
2025-10-03,3.3456744923109936,3.104791694888027
2025-10-06,3.3456744923109936,3.104791694893206
2025-10-07,3.3456744923109936,3.1047916948932075
2025-10-08,3.3456744923109936,3.1047916948932075
2025-10-09,3.3456744923109936,3.1047916948932075
2025-10-10,3.3456744923109936,3.1047916948932075
2025-10-13,3.3456744923109936,3.1047916948932075
2025-10-14,3.3456744923109936,3.1047916948932075
2025-10-15,3.3456744923109936,3.1047916948932075
2025-10-16,3.3456744923109936,3.1047916948932075
2025-10-17,3.3456744923109936,3.1047916948932075
2025-10-20,3.3456744923109936,3.1047916948932075
2025-10-21,3.3456744923109936,3.1047916948932075
2025-10-22,3.3456744923109936,3.1047916948932075
2025-10-23,3.3456744923109936,3.1047916948932075
2025-10-24,3.3456744923109936,3.1047916948932075
2025-10-27,3.3456744923109936,3.1047916948932075
2025-10-28,3.3456744923109936,3.1047916948932075
2025-10-29,3.3456744923109936,3.1047916948932075
2025-10-30,3.3456744923109936,3.1047916948932075
2025-10-31,3.3456744923109936,3.1047916948932075
