date,ITA_banking_system_f1__ITA_banking_system_f2
1999-02-01,-0.058678227773757
1999-02-02,-0.09695288033438428
1999-02-03,-0.13144109030027556
1999-02-04,-0.16317926905737604
1999-02-05,-0.19238603611838268
1999-02-08,-0.21926273307851685
1999-02-09,-0.24399477355698462
1999-02-10,-0.26675289001167996
1999-02-11,-0.2876942849933567
1999-02-12,-0.30696369384743183
1999-02-15,-0.32469436540738483
1999-02-16,-0.3410089667821317
1999-02-17,-0.35602041792114614
1999-02-18,-0.369832661245463
1999-02-19,-0.3825413712597926
1999-02-22,-0.39423460871029503
1999-02-23,-0.4049934235234999
1999-02-24,-0.4148924104536347
1999-02-25,-0.4240002210774101
1999-02-26,-0.4323800355062041
1999-03-01,-0.44008999693466366
1999-03-02,-0.4451657713073035
1999-03-03,-0.4518687243099393
1999-03-04,-0.45803264917555003
1999-03-05,-0.46370109891260947
1999-03-08,-0.4689140758754613
1999-03-09,-0.4737083258950136
1999-03-10,-0.4781176075364237
1999-03-11,-0.48217293845590864
1999-03-12,-0.4859028209018043
1999-03-15,-0.4893334482077405
1999-03-16,-0.4924888939496963
1999-03-17,-0.4953912852811927
1999-03-18,-0.4980609618197453
1999-03-19,-0.5005166213310184
1999-03-22,-0.5027754533432497
1999-03-23,-0.5048532617219643
1999-03-24,-0.5067645771425494
1999-03-25,-0.5085227603147735
1999-03-26,-0.510140096737865
1999-03-29,-0.5116278836964425
1999-03-30,-0.5129965101456844
1999-03-31,-0.5142555300779605
1999-04-01,-0.5174952757373379
1999-04-02,-0.5183953771822551
1999-04-05,-0.5192243051278939
1999-04-06,-0.5199876272415817
1999-04-07,-0.5206904845071458
1999-04-08,-0.5213376228480977
1999-04-09,-0.521933422304874
1999-04-12,-0.5224819242369397
1999-04-13,-0.5229868566556178
1999-04-14,-0.5234516577923919
1999-04-15,-0.5238794980054374
1999-04-16,-0.5242733001244038
1999-04-19,-0.5246357583302181
1999-04-20,-0.5249693556630232
1999-04-21,-0.5252763802474093
1999-04-22,-0.5255589403199934
1999-04-23,-0.5258189781401608
1999-04-26,-0.5260582828605378
1999-04-27,-0.5262785024295261
1999-04-28,-0.5264811545940611
1999-04-29,-0.5266676370666777
1999-04-30,-0.5268392369170292
1999-05-03,-0.521791495673238
1999-05-04,-0.5223421151350878
1999-05-05,-0.5228479420702401
1999-05-06,-0.5233126748351102
1999-05-07,-0.5237396984614179
1999-05-10,-0.5241321119715838
1999-05-11,-0.5244927536469418
1999-05-12,-0.5248242238961719
1999-05-13,-0.5251289059766597
1999-05-14,-0.5254089847913576
1999-05-17,-0.5256664639576514
1999-05-18,-0.5259031813221303
1999-05-19,-0.5261208230754918
1999-05-20,-0.526320936604676
1999-05-21,-0.5265049422043296
1999-05-24,-0.5266741437565735
1999-05-25,-0.5268297384765055
1999-05-26,-0.5269728258107138
1999-05-27,-0.527104415567111
1999-05-28,-0.527225435346462
1999-05-31,-0.5273367373389606
1999-06-01,-0.521912632952047
1999-06-02,-0.5224263427914393
1999-06-03,-0.522898314122832
1999-06-04,-0.5233319851496999
1999-06-07,-0.5237305042770491
1999-06-08,-0.5240967548442521
1999-06-09,-0.5244333784089883
1999-06-10,-0.5247427958374034
1999-06-11,-0.5250272264295128
1999-06-14,-0.5252887052817222
1999-06-15,-0.5255290990648536
1999-06-16,-0.5257501203756952
1999-06-17,-0.5259533408023709
1999-06-18,-0.5261402028283638
1999-06-21,-0.5263120306865103
1999-06-22,-0.5264700402624116
1999-06-23,-0.5266153481362894
1999-06-24,-0.5267489798431182
1999-06-25,-0.5268718774227394
1999-06-28,-0.5269849063244819
1999-06-29,-0.5270888617244203
1999-06-30,-0.5271844743077307
1999-07-01,-0.5280876685724878
1999-07-02,-0.528106721541454
1999-07-05,-0.5281242536318468
1999-07-06,-0.5281403860418334
1999-07-07,-0.5281552303025943
1999-07-08,-0.528168889090862
1999-07-09,-0.5281814569268349
1999-07-12,-0.5281930208178564
1999-07-13,-0.5282036608519589
1999-07-14,-0.5282134507450733
1999-07-15,-0.5282224583454318
1999-07-16,-0.5282307460984441
1999-07-19,-0.5282383714750799
1999-07-20,-0.5282453873665686
1999-07-21,-0.5282518424480263
1999-07-22,-0.5282577815134117
1999-07-23,-0.5282632457840469
1999-07-26,-0.5282682731927565
1999-07-27,-0.5282728986455335
1999-07-28,-0.5282771542624898
1999-07-29,-0.528281069599712
1999-07-30,-0.5282846718535272
1999-08-02,-0.5282879860485576
1999-08-03,-0.5185988877802472
1999-08-04,-0.5192720300446654
1999-08-05,-0.5198909695007057
1999-08-06,-0.5204600955478146
1999-08-09,-0.5209834400286264
1999-08-10,-0.5214647048395558
1999-08-11,-0.5219072895113445
1999-08-12,-0.5223143163902246
1999-08-13,-0.5226886536437771
1999-08-16,-0.5230329362921275
1999-08-17,-0.52334958544455
1999-08-18,-0.5236408259034023
1999-08-19,-0.5239087022812907
1999-08-20,-0.5241550937631395
1999-08-23,-0.5243817276321945
1999-08-24,-0.5245901916677176
1999-08-25,-0.5247819455120561
1999-08-26,-0.5249583310957406
1999-08-27,-0.5251205822011703
1999-08-30,-0.5252698332381511
1999-08-31,-0.5254071272979983
1999-09-01,-0.5129093853842666
1999-09-02,-0.5135185854775473
1999-09-03,-0.5140789333982336
1999-09-06,-0.5145943521979668
1999-09-07,-0.5150684519618424
1999-09-08,-0.51550455150416
1999-09-09,-0.5159057020583411
1999-09-10,-0.5162747090098372
1999-09-13,-0.5166141518385674
1999-09-14,-0.5169264024224685
1999-09-15,-0.5172136418402373
1999-09-16,-0.5174778757991754
1999-09-17,-0.5177209488030079
1999-09-20,-0.5179445571645875
1999-09-21,-0.5181502609593261
1999-09-22,-0.5183394950069833
1999-09-23,-0.5185135789619701
1999-09-24,-0.5186737265855241
1999-09-27,-0.5188210542669193
1999-09-28,-0.5189565888552296
1999-09-29,-0.5190812748580198
1999-09-30,-0.5191959810586239
1999-10-01,-0.5202951397658252
1999-10-04,-0.5206062026441269
1999-10-05,-0.5209319068785643
1999-10-06,-0.5212665880618819
1999-10-07,-0.5216054474243331
1999-10-08,-0.5219444646093772
1999-10-11,-0.5222803131160403
1999-10-12,-0.5226102803934626
1999-10-13,-0.5229321931456028
1999-10-14,-0.5232443482002181
1999-10-15,-0.5235454491181561
1999-10-18,-0.5238345485682525
1999-10-19,-0.524110996369791
1999-10-20,-0.5243743930072593
1999-10-21,-0.5246245483489493
1999-10-22,-0.5248614452491585
1999-10-25,-0.5250852076804333
1999-10-26,-0.525296073024482
1999-10-27,-0.5254943681452183
1999-10-28,-0.5256804888721995
1999-10-29,-0.5258548825351157
1999-11-01,-0.5260180332078953
1999-11-02,-0.5344197949049257
1999-11-03,-0.5339535826042685
1999-11-04,-0.5335227080394814
1999-11-05,-0.5331246341679624
1999-11-08,-0.5327569845344708
1999-11-09,-0.5324175366603314
1999-11-10,-0.5321042148732505
1999-11-11,-0.5318150830049845
1999-11-12,-0.5315483370582008
1999-11-15,-0.5313022979254032
1999-11-16,-0.5310754042267021
1999-11-17,-0.5308662053192632
1999-11-18,-0.5306733545193157
1999-11-19,-0.530495602567401
1999-11-22,-0.5303317913589343
1999-11-23,-0.5301808479549298
1999-11-24,-0.5300417788817433
1999-11-25,-0.5299136647237608
1999-11-26,-0.529795655008947
1999-11-29,-0.529686963383952
1999-11-30,-0.5295868630729356
1999-12-01,-0.5311033775615478
1999-12-02,-0.5308979719816371
1999-12-03,-0.5307087423425414
1999-12-06,-0.5305344336264343
1999-12-07,-0.5303738852090314
1999-12-08,-0.5302260243164404
1999-12-09,-0.5300898597482476
1999-12-10,-0.5299644759910526
1999-12-13,-0.5298490277075755
1999-12-14,-0.529742734585312
1999-12-15,-0.5296448765279756
1999-12-16,-0.5295547891725678
1999-12-17,-0.5294718597147976
1999-12-20,-0.5293955230256735
1999-12-21,-0.529325258042359
1999-12-22,-0.5292605844168048
1999-12-23,-0.5292010594061737
1999-12-24,-0.5291462749896733
1999-12-27,-0.5290958551970453
1999-12-28,-0.5290494536346457
1999-12-29,-0.5290067511957467
1999-12-30,-0.5289674539423861
1999-12-31,-0.528931291146809
2000-01-03,-0.5348720502570238
2000-01-04,-0.5343817206324519
2000-01-05,-0.5339329280470485
2000-01-06,-0.5335220357138414
2000-01-07,-0.5331457370536905
2000-01-10,-0.5328010255864178
2000-01-11,-0.5324851667817776
2000-01-12,-0.532195672541856
2000-01-13,-0.5319302780935276
2000-01-14,-0.5316869210808389
2000-01-17,-0.5314637226597403
2000-01-18,-0.5312589704108879
2000-01-19,-0.5310711028998011
2000-01-20,-0.5308986957271532
2000-01-21,-0.5307404489251095
2000-01-24,-0.5305951755682243
2000-01-25,-0.5304617914793404
2000-01-26,-0.5303393059221062
2000-01-27,-0.5302268131820979
2000-01-28,-0.530123484948118
2000-01-31,-0.5300285634140001
2000-02-01,-0.4948772199722732
2000-02-02,-0.42309768127926356
2000-02-03,-0.35662934123361834
2000-02-04,-0.29510910009225877
2000-02-07,-0.23819407239210982
2000-02-08,-0.1855614519867504
2000-02-09,-0.1369078752492104
2000-02-10,-0.09194871799152685
2000-02-11,-0.0504173433413333
2000-02-14,-0.012064315704557217
2000-02-15,0.023343406070353657
2000-02-16,0.0560232850979656
2000-02-17,0.08617802294337074
2000-02-18,0.11399636828881385
2000-02-21,0.13965391130208532
2000-02-22,0.1633138584972669
2000-02-23,0.18512778399444701
2000-02-24,0.20523635405752938
2000-02-25,0.22377002262837697
2000-02-28,0.24084969629240405
2000-02-29,0.2565873677169229
2000-03-01,0.10776657224839707
2000-03-02,0.06064166006888452
2000-03-03,0.01679226848958216
2000-03-06,-0.02397783319210174
2000-03-07,-0.06185731689039688
2000-03-08,-0.09702701779833171
2000-03-09,-0.12965974844685202
2000-03-10,-0.1599201987210789
2000-03-13,-0.18796491282301567
2000-03-14,-0.21394233398860057
2000-03-15,-0.23799290785750343
2000-03-16,-0.2602492356987409
2000-03-17,-0.2808362691608279
2000-03-20,-0.2998715387944677
2000-03-21,-0.3174654092479607
2000-03-22,-0.33372135472655373
2000-03-23,-0.3487362490093217
2000-03-24,-0.36260066500931687
2000-03-27,-0.37539917952844837
2000-03-28,-0.3872106794862938
2000-03-29,-0.3981086664840991
2000-03-30,-0.4081615570971132
2000-03-31,-0.41743297676814184
2000-04-03,-0.4171350633440951
2000-04-04,-0.4253060769700207
2000-04-05,-0.43283983696689055
2000-04-06,-0.439784848464675
2000-04-07,-0.44618610727204583
2000-04-10,-0.45208532422700626
2000-04-11,-0.45752114149756806
2000-04-12,-0.46252933832401033
2000-04-13,-0.4671430260959386
2000-04-14,-0.4713928327941495
2000-04-17,-0.4753070769371752
2000-04-18,-0.47891193125919435
2000-04-19,-0.4822315764131643
2000-04-20,-0.4852883450435902
2000-04-21,-0.4881028566099676
2000-04-24,-0.49069414336693473
2000-04-25,-0.493079767922579
2000-04-26,-0.4952759328038824
2000-04-27,-0.49729758245947137
2000-04-28,-0.4991584981259183
2000-05-01,-0.5008713859759083
2000-05-02,-0.4983220185894409
2000-05-03,-0.4996902672715763
2000-05-04,-0.5009504976812431
2000-05-05,-0.5021111313025837
2000-05-08,-0.5031799498466577
2000-05-09,-0.5041641407078459
2000-05-10,-0.5050703402522474
2000-05-11,-0.5059046742798848
2000-05-12,-0.5066727957926844
2000-05-15,-0.507379920203306
2000-05-16,-0.5080308581208142
2000-05-17,-0.5086300458483716
2000-05-18,-0.509181573725942
2000-05-19,-0.5096892124477405
2000-05-22,-0.5101564374801028
2000-05-23,-0.5105864517007882
2000-05-24,-0.5109822063756626
2000-05-25,-0.5113464205833602
2000-05-26,-0.5116815991930317
2000-05-29,-0.5119900494947323
2000-05-30,-0.5122738965764775
2000-05-31,-0.512535097536537
2000-06-01,-0.5278753930773401
2000-06-02,-0.527720885719108
2000-06-05,-0.5275931340592163
2000-06-06,-0.5274882621803016
2000-06-07,-0.5274028811297418
2000-06-08,-0.527334039322007
2000-06-09,-0.5272791751485375
2000-06-12,-0.5272360731125516
2000-06-13,-0.5272028235580257
2000-06-14,-0.5271777859709816
2000-06-15,-0.5271595557601758
2000-06-16,-0.5271469343710549
2000-06-19,-0.5271389025490227
2000-06-20,-0.5271345965433022
2000-06-21,-0.5271332870286085
2000-06-22,-0.5271343605164154
2000-06-23,-0.5271373030288588
2000-06-26,-0.5271416858146419
2000-06-27,-0.5271471528962892
2000-06-28,-0.5271534102505546
2000-06-29,-0.5271602164377912
2000-06-30,-0.5271673745108763
2000-07-03,-0.4747114504573046
2000-07-04,-0.4010899624611005
2000-07-05,-0.3331796012904648
2000-07-06,-0.2705502511474092
2000-07-07,-0.21280222658565565
2000-07-10,-0.15956442918705152
2000-07-11,-0.11049255648576543
2000-07-12,-0.06526738324696896
2000-07-13,-0.02359311909785751
2000-07-14,0.014804155082450837
2000-07-17,0.05017797092383806
2000-07-18,0.08276287646299035
2000-07-19,0.1127757610328129
2000-07-20,0.1404171026882764
2000-07-21,0.16587214025112146
2000-07-24,0.18931197246413634
2000-07-25,0.21089458704513947
2000-07-26,0.23076582263922613
2000-07-27,0.2490602668008573
2000-07-28,0.26590209320842983
2000-07-31,0.2814058413346575
2000-08-01,0.30577766346579316
2000-08-02,0.3183772476854163
2000-08-03,0.3299895653528546
2000-08-04,0.34069047597493846
2000-08-07,0.3505502367179782
2000-08-08,0.35963388231451376
2000-08-09,0.3680015838151203
2000-08-10,0.37570898725348423
2000-08-11,0.38280753260624184
2000-08-14,0.38934475356608805
2000-08-15,0.3953645587513143
2000-08-16,0.40090749505220846
2000-08-17,0.4060109938690457
2000-08-18,0.4107096010315686
2000-08-21,0.4150351912092354
2000-08-22,0.4190171676280215
2000-08-23,0.4226826479056591
2000-08-24,0.4260566368050286
2000-08-25,0.4291621866867682
2000-08-28,0.43202054641857746
2000-08-29,0.4346512994714082
2000-08-30,0.4370724919028526
2000-08-31,0.4393007508964084
2000-09-01,0.45610851075742276
2000-09-04,0.4570718603213919
2000-09-05,0.45796572460253565
2000-09-06,0.45879458171876936
2000-09-07,0.45956269943819883
2000-09-08,0.46027413362188957
2000-09-11,0.4609327281083747
2000-09-12,0.46154211666263834
2000-09-13,0.4621057266186103
2000-09-14,0.4626267838851813
2000-09-15,0.46310831902518645
2000-09-18,0.4635531741540565
2000-09-19,0.46396401043945035
2000-09-20,0.4643433160149041
2000-09-21,0.46469341414928034
2000-09-22,0.4650164715395504
2000-09-25,0.4653145066173052
2000-09-26,0.46558939777950226
2000-09-27,0.46584289147149766
2000-09-28,0.46607661006559864
2000-09-29,0.46629205949139796
2000-10-02,0.4664906365852579
2000-10-03,0.4625366535175791
2000-10-04,0.4629648176480875
2000-10-05,0.46335883030819863
2000-10-06,0.4637214074363839
2000-10-09,0.4640550507699665
2000-10-10,0.4643620639148043
2000-10-11,0.46464456788865377
2000-10-12,0.4649045154679789
2000-10-13,0.46514370442678066
2000-10-16,0.4653637897500239
2000-10-17,0.46556629489855295
2000-10-18,0.46575262219701535
2000-10-19,0.4659240624112605
2000-10-20,0.4660818035769183
2000-10-23,0.46622693913641156
2000-10-24,0.4663604754374738
2000-10-25,0.46648333864234826
2000-10-26,0.4665963810931938
2000-10-27,0.46670038717583495
2000-10-30,0.46679607872082857
2000-10-31,0.46688411997787765
2000-11-01,0.4595845299665241
2000-11-02,0.4600099998159403
2000-11-03,0.46040134687361334
2000-11-06,0.4607613129778815
2000-11-07,0.46109242002500633
2000-11-08,0.46139698636577064
2000-11-09,0.4616771433734867
2000-11-10,0.4619348506409066
2000-11-13,0.462171909923182
2000-11-14,0.4623899779333948
2000-11-15,0.4625905780876396
2000-11-16,0.4627751112880111
2000-11-17,0.4629448658240838
2000-11-20,0.4631010264664236
2000-11-21,0.46324468281930237
2000-11-22,0.4633768369939971
2000-11-23,0.4634984106588081
2000-11-24,0.46361025151714785
2000-11-27,0.4637131392607083
2000-11-28,0.46380779104075487
2000-11-29,0.4638948664969781
2000-11-30,0.4639749723800459
2000-12-01,0.4519100478253788
2000-12-04,0.451854427182768
2000-12-05,0.45180337303362583
2000-12-06,0.4517564999425777
2000-12-07,0.4517134589457579
2000-12-08,0.45167393113816423
2000-12-11,0.45163762495779236
2000-12-12,0.4516042737309969
2000-12-13,0.45157363345225027
2000-12-14,0.45154548077435064
2000-12-15,0.4515196111877101
2000-12-18,0.4514958373696515
2000-12-19,0.4514739876866853
2000-12-20,0.45145390483456593
2000-12-21,0.4514354446025371
2000-12-22,0.45141847474962127
2000-12-25,0.45140287398208445
2000-12-26,0.4513885310223418
2000-12-27,0.45137534376058497
2000-12-28,0.4513632184813028
2000-12-29,0.4513520691576741
2001-01-01,0.4513418168075129
2001-01-02,0.4550279011651138
2001-01-03,0.45523172838162923
2001-01-04,0.4554192179089847
2001-01-05,0.4555916819849583
2001-01-08,0.455750326690838
2001-01-09,0.45589626099848224
2001-01-10,0.45603050463510886
2001-01-11,0.4561539953040702
2001-01-12,0.4562675953154327
2001-01-15,0.45637209767551645
2001-01-16,0.4564682316803122
2001-01-17,0.45655666805385364
2001-01-18,0.45663802366911566
2001-01-19,0.4567128658858254
2001-01-22,0.45678171653666877
2001-01-23,0.4568450555907285
2001-01-24,0.45690332452057014
2001-01-25,0.45695692939719057
2001-01-26,0.4570062437350272
2001-01-29,0.45705161110738324
2001-01-30,0.45709334755094183
2001-01-31,0.45713174377649995
2001-02-01,0.3979346328200293
2001-02-02,0.3264164036193408
2001-02-05,0.2605094936880621
2001-02-06,0.19978146580723813
2001-02-07,0.14383204327320995
2001-02-08,0.09229089267362495
2001-02-09,0.04481553118776235
2001-02-12,0.0010893583383611862
2001-02-13,-0.03918019191160141
2001-02-14,-0.07626338323700907
2001-02-15,-0.1104097980218441
2001-02-16,-0.1418498524407284
2001-02-19,-0.17079621068169293
2001-02-20,-0.1974451034829861
2001-02-21,-0.22197755613878353
2001-02-22,-0.2445605310616516
2001-02-23,-0.2653479898831013
2001-02-26,-0.2844818799358731
2001-02-27,-0.30209304979997115
2001-02-28,-0.3183020984151082
2001-03-01,-0.2234211333809197
2001-03-02,-0.16897628001913
2001-03-05,-0.1188451833100161
2001-03-06,-0.07268910398954113
2001-03-07,-0.030195440133546195
2001-03-08,0.008924220679360792
2001-03-09,0.04493591312792278
2001-03-12,0.07808497940987216
2001-03-13,0.10859763540356149
2001-03-14,0.13668242493009675
2001-03-15,0.1625315690790334
2001-03-16,0.1863222172943071
2001-03-19,0.20821760663055477
2001-03-20,0.22836813529062283
2001-03-21,0.2469123562488384
2001-03-22,0.26397789645639497
2001-03-23,0.27968230681886674
2001-03-26,0.29413384783450347
2001-03-27,0.30743221548796834
2001-03-28,0.3196692117093722
2001-03-29,0.3309293634341862
2001-03-30,0.3412904940368079
2001-04-02,0.3508242506598282
2001-04-03,0.37740281452396035
2001-04-04,0.38435971328413565
2001-04-05,0.3908021726963223
2001-04-06,0.3967653624602828
2001-04-09,0.40228245755893455
2001-04-10,0.40738469316486525
2001-04-11,0.4121014262901712
2001-04-12,0.4164602036660391
2001-04-13,0.4204868342517778
2001-04-16,0.4242054649594225
2001-04-17,0.42763865836096526
2001-04-18,0.43080747131710334
2001-04-19,0.43373153362668143
2001-04-20,0.4364291259432225
2001-04-23,0.4389172563383259
2001-04-24,0.44121173501109845
2001-04-25,0.4433272467484265
2001-04-26,0.44527742083338606
2001-04-27,0.4470748981792192
2001-04-30,0.44873139553502583
2001-05-01,0.4438161008439435
2001-05-02,0.4455769717318887
2001-05-03,0.4471976125591694
2001-05-04,0.4486891431055676
2001-05-07,0.45006180955914954
2001-05-08,0.4513250510040334
2001-05-09,0.45248756207705537
2001-05-10,0.45355735090062316
2001-05-11,0.4545417926263932
2001-05-14,0.45544767890404064
2001-05-15,0.4562812635697357
2001-05-16,0.4570483048300419
2001-05-17,0.45775410419888685
2001-05-18,0.4584035424280438
2001-05-21,0.4590011126552277
2001-05-22,0.45955095097844606
2001-05-23,0.460056864650658
2001-05-24,0.460522358075053
2001-05-25,0.460950656768364
2001-05-28,0.46134472944751515
2001-05-29,0.4617073083835945
2001-05-30,0.4620409081565418
2001-05-31,0.4623478429340698
2001-06-01,0.4726496079100935
2001-06-04,0.47233922483821733
2001-06-05,0.4720544566085352
2001-06-06,0.47179314525646604
2001-06-07,0.4715533191467832
2001-06-08,0.4713331771622124
2001-06-11,0.47113107347346694
2001-06-12,0.4709455036957583
2001-06-13,0.47077509230993436
2001-06-14,0.4706185812350294
2001-06-15,0.4704748194476197
2001-06-18,0.470342753551766
2001-06-19,0.4702214192114043
2001-06-20,0.4701099333646888
2001-06-21,0.47000748714698387
2001-06-22,0.4699133394558963
2001-06-25,0.46982681109792174
2001-06-26,0.46974727946198286
2001-06-27,0.4696741736703424
2001-06-28,0.469606970162126
2001-06-29,0.4695451886690163
2001-07-02,0.4694883885465837
2001-07-03,0.4737276954996418
2001-07-04,0.47339107963408955
2001-07-05,0.4730815038324494
2001-07-06,0.4727967895328582
2001-07-09,0.47253493409675035
2001-07-10,0.472294097002866
2001-07-11,0.4720725866275239
2001-07-12,0.47186884811208146
2001-07-13,0.47168145222786867
2001-07-16,0.47150908515611406
2001-07-17,0.47135053910710906
2001-07-18,0.47120470370906564
2001-07-19,0.47107055810288
2001-07-20,0.4709471636842937
2001-07-23,0.4708336574398261
2001-07-24,0.4707292458273218
2001-07-25,0.4706331991560712
2001-07-26,0.47054484642522704
2001-07-27,0.47046357058269594
2001-07-30,0.4703888041698525
2001-07-31,0.47032002532031714
2001-08-01,0.4701507924169319
2001-08-02,0.4700992833191521
2001-08-03,0.4700518925956886
2001-08-06,0.4700082911134658
2001-08-07,0.4699681760446343
2001-08-08,0.46993126873936164
2001-08-09,0.46989731279907776
2001-08-10,0.4698660723026931
2001-08-13,0.4698373301737343
2001-08-14,0.46981088667727966
2001-08-15,0.4697865580364383
2001-08-16,0.4697641751589207
2001-08-17,0.46974358246498515
2001-08-20,0.46972463680872667
2001-08-21,0.46970720648530756
2001-08-22,0.46969117031731067
2001-08-23,0.46967641681392897
2001-08-24,0.4696628433972073
2001-08-27,0.4696503556900036
2001-08-28,0.46963886686075923
2001-08-29,0.46962829702056097
2001-08-30,0.46961857266832585
2001-08-31,0.4696096261802811
2001-09-03,0.4720936389000023
2001-09-04,0.47190787195564976
2001-09-05,0.47173696062430803
2001-09-06,0.4715797176462325
2001-09-07,0.4714350502633085
2001-09-10,0.47130195302669187
2001-09-11,0.4711795008296603
2001-09-12,0.47106684249503394
2001-09-13,0.47096319487325095
2001-09-14,0.4708678374106203
2001-09-17,0.4707801071504593
2001-09-18,0.47069939413274375
2001-09-19,0.47062513716061977
2001-09-20,0.47055681990460696
2001-09-21,0.47049396731764026
2001-09-24,0.4704361423362116
2001-09-25,0.47038294284483356
2001-09-26,0.4703339988828534
2001-09-27,0.47028897007430637
2001-09-28,0.47024754326303064
2001-10-01,0.4702094303366784
2001-10-02,0.4771272794099233
2001-10-03,0.47657143076838254
2001-10-04,0.4760610386517188
2001-10-05,0.4755923309639497
2001-10-08,0.4751618542666367
2001-10-09,0.47476644707118604
2001-10-10,0.4744032145930681
2001-10-11,0.47406950571401885
2001-10-12,0.4737628919659085
2001-10-15,0.4734811483629472
2001-10-16,0.4732222359216728
2001-10-17,0.4729842857205698
2001-10-18,0.4727655843630465
2001-10-19,0.4725645607187745
2001-10-22,0.47237977382900403
2001-10-23,0.47220990187138445
2001-10-24,0.4720537320890265
2001-10-25,0.47191015159705385
2001-10-26,0.4717781389877277
2001-10-29,0.4716567566624041
2001-10-30,0.47154514382516033
2001-10-31,0.47144251007890725
2001-11-01,0.4695463725297395
2001-11-02,0.4696009483726403
2001-11-05,0.46965146130539237
2001-11-06,0.4696981901575089
2001-11-07,0.4697413984346634
2001-11-08,0.4697813345325369
2001-11-09,0.4698182320402202
2001-11-12,0.46985231015590323
2001-11-13,0.46988377418542565
2001-11-14,0.4699128160996506
2001-11-15,0.4699396151311255
2001-11-16,0.4699643383942652
2001-11-19,0.4699871415164407
2001-11-20,0.470008169269963
2001-11-21,0.4700275561971289
2001-11-22,0.4700454272222814
2001-11-23,0.47006189824631817
2001-11-26,0.4700770767202864
2001-11-27,0.47009106219569374
2001-11-28,0.4701039468499629
2001-11-29,0.4701158159861051
2001-11-30,0.4701267485061991
2001-12-03,0.46884484392022474
2001-12-04,0.4689561459314083
2001-12-05,0.4690585565407075
2001-12-06,0.4691527851067765
2001-12-07,0.4692394845363016
2001-12-10,0.46931925575726524
2001-12-11,0.4693926518383959
2001-12-12,0.46946018178499827
2001-12-13,0.4695223140361469
2001-12-14,0.4695794796863695
2001-12-17,0.46963207545320507
2001-12-18,0.4696804664104215
2001-12-19,0.4697249885051672
2001-12-20,0.46976595087594825
2001-12-21,0.46980363798702796
2001-12-24,0.4698383115936517
2001-12-25,0.4698702125513887
2001-12-26,0.4698995624818571
2001-12-27,0.4699265653061484
2001-12-28,0.4699514086563907
2001-12-31,0.46997426517507196
2002-01-01,0.4691983221172192
2002-01-02,0.4692801315724124
2002-01-03,0.4693553758756498
2002-01-04,0.4694245833210441
2002-01-07,0.46948823952196983
2002-01-08,0.4695467908322335
2002-01-09,0.4696006475501562
2002-01-10,0.4696501868565457
2002-01-11,0.4696957555093609
2002-01-14,0.4697376723158171
2002-01-15,0.4697762304008149
2002-01-16,0.4698116992889006
2002-01-17,0.4698443268154498
2002-01-18,0.4698743408813849
2002-01-21,0.46990195106449906
2002-01-22,0.4699273500993189
2002-01-23,0.46995071523642235
2002-01-24,0.4699722094911837
2002-01-25,0.46999198279107435
2002-01-28,0.4700101730298758
2002-01-29,0.47002690703644706
2002-01-30,0.470042301465059
2002-01-31,0.4700564636137095
2002-02-01,0.47133703736708343
2002-02-04,0.47125017724396223
2002-02-05,0.4711702475071875
2002-02-06,0.47109669665909354
2002-02-07,0.47102901676199527
2002-02-08,0.4709667401499682
2002-02-11,0.47090943626261633
2002-02-12,0.4708567087236755
2002-02-13,0.4708081926461519
2002-02-14,0.4707635521469644
2002-02-15,0.4707224780552556
2002-02-18,0.47068468579966494
2002-02-19,0.47064991346091406
2002-02-20,0.4706179199770423
2002-02-21,0.47058848348956306
2002-02-22,0.4705613998196707
2002-02-25,0.47053648106444007
2002-02-26,0.4705135543037129
2002-02-27,0.47049246040905834
2002-02-28,0.47047305294685854
2002-03-01,0.4707422644358577
2002-03-04,0.4707033493260794
2002-03-05,0.47066754262731847
2002-03-06,0.4706345964198526
2002-03-07,0.47060428248497316
2002-03-08,0.4705763907662891
2002-03-11,0.470550727931331
2002-03-12,0.47052711604598874
2002-03-13,0.47050539135310676
2002-03-14,0.4704854031471846
2002-03-15,0.4704670127377485
2002-03-18,0.47045009249449904
2002-03-19,0.4704345249678775
2002-03-20,0.47042020207915924
2002-03-21,0.4704070243746432
2002-03-22,0.47039490033891457
2002-03-25,0.4703837457625446
2002-03-26,0.4703734831599529
2002-03-27,0.47036404123347947
2002-03-28,0.4703553543800282
2002-03-29,0.4703473622369215
2002-04-01,0.470340009263869
2002-04-02,0.466682525559054
2002-04-03,0.4669605882699589
2002-04-04,0.4672162634316314
2002-04-05,0.46745136363319084
2002-04-08,0.4676675535872712
2002-04-09,0.4678663619239011
2002-04-10,0.4680491925303024
2002-04-11,0.4682173349123523
2002-04-12,0.4683719736672495
2002-04-15,0.4685141971479566
2002-04-16,0.46864500539202525
2002-04-17,0.46876531738033905
2002-04-18,0.46887597768500056
2002-04-19,0.4689777625599584
2002-04-22,0.4690713855229383
2002-04-23,0.46915750247272553
2002-04-24,0.4692367163817944
2002-04-25,0.46930958160063874
2002-04-26,0.46937660780687407
2002-04-29,0.4694382636292226
2002-04-30,0.46949497997381706
2002-05-01,0.4690701527581269
2002-05-02,0.4691550590165675
2002-05-03,0.4692331585028987
2002-05-06,0.46930499790548746
2002-05-07,0.4693710798977118
2002-05-08,0.469431866651403
2002-05-09,0.4694877831213684
2002-05-10,0.46953922006028537
2002-05-13,0.4695865367866027
2002-05-14,0.46963006372610683
2002-05-15,0.46967010474602067
2002-05-16,0.46970693929887225
2002-05-17,0.4697408243918943
2002-05-20,0.46977199639636824
2002-05-21,0.4698006727101075
2002-05-22,0.4698270532851495
2002-05-23,0.469851322031724
2002-05-24,0.4698736481086201
2002-05-27,0.469894187109246
2002-05-28,0.4699130821518857
2002-05-29,0.4699304648819635
2002-05-30,0.4699464563934707
2002-05-31,0.4699611680761254
2002-06-03,0.4709360859127977
2002-06-04,0.4708736464542076
2002-06-05,0.4708161888478829
2002-06-06,0.4707633166418886
2002-06-07,0.4707146647228727
2002-06-10,0.47066989692320427
2002-06-11,0.47062870374562427
2002-06-12,0.4705908002637638
2002-06-13,0.4705559241854007
2002-06-14,0.47052383406623094
2002-06-17,0.47049430766279016
2002-06-18,0.4704671404139634
2002-06-19,0.47044214404128537
2002-06-20,0.4704191452589351
2002-06-21,0.4703979845850011
2002-06-24,0.470378515246209
2002-06-25,0.4703606021688863
2002-06-26,0.4703441210494762
2002-06-27,0.4703289574984169
2002-06-28,0.47031500625166844
2002-07-01,0.47030217044460626
2002-07-02,0.4708937687854709
2002-07-03,0.47083627110186954
2002-07-04,0.47078336472193333
2002-07-05,0.4707346837087768
2002-07-08,0.470689891128551
2002-07-09,0.4706486768342372
2002-07-10,0.4706107553484005
2002-07-11,0.47057586391139417
2002-07-12,0.47054376068237924
2002-07-15,0.4705142230814402
2002-07-16,0.47048704626194215
2002-07-17,0.47046204170307315
2002-07-18,0.4704390359132694
2002-07-19,0.4704178692359097
2002-07-22,0.47039839474932743
2002-07-23,0.47038047725377496
2002-07-24,0.47036399233855086
2002-07-25,0.47034882552300716
2002-07-26,0.4703348714656434
2002-07-29,0.4703220332359366
2002-07-30,0.4703102216439704
2002-07-31,0.4702993546233103
2002-08-01,0.47452593086600187
2002-08-02,0.47418842713184783
2002-08-05,0.4738777218441718
2002-08-06,0.4735917021990359
2002-08-07,0.47332841932357933
2002-08-08,0.47308607631999855
2002-08-09,0.47286301669978353
2002-08-12,0.4726577136548924
2002-08-13,0.47246876011189964
2002-08-14,0.47229485951760525
2002-08-15,0.47213481730709295
2002-08-16,0.471987533007771
2002-08-19,0.47185199293545244
2002-08-20,0.471727263441031
2002-08-21,0.47161248466875116
2002-08-22,0.4715068647894458
2002-08-23,0.47140967467440575
2002-08-26,0.4713202429777487
2002-08-27,0.4712379515972583
2002-08-28,0.471162231485676
2002-08-29,0.47109255878632184
2002-08-30,0.4710284512687317
2002-09-02,0.47096946504169307
2002-09-03,0.4704284933418047
2002-09-04,0.47041679622777677
2002-09-05,0.47040604434640193
2002-09-06,0.4703961606142241
2002-09-09,0.4703870743518853
2002-09-10,0.4703787207226485
2002-09-11,0.4703710402361273
2002-09-12,0.47036397829613635
2002-09-13,0.47035748478845885
2002-09-16,0.4703515137047629
2002-09-17,0.47034602279929233
2002-09-18,0.4703409732752956
2002-09-19,0.47033632949846704
2002-09-20,0.47033205873494366
2002-09-23,0.470328130911644
2002-09-24,0.4703245183969499
2002-09-25,0.47032119579992254
2002-09-26,0.4703181397864217
2002-09-27,0.47031532891064337
2002-09-30,0.4703127434607377
2002-10-01,0.47511732743985285
2002-10-02,0.47473923763362735
2002-10-03,0.47439110361403813
2002-10-04,0.47407057353973675
2002-10-07,0.4737754765749424
2002-10-08,0.4735038098867963
2002-10-09,0.4732537260548424
2002-10-10,0.4730235213616316
2002-10-11,0.47281162491238493
2002-10-14,0.47261658853318234
2002-10-15,0.47243707739892987
2002-10-16,0.47227186134429605
2002-10-17,0.47211980681288157
2002-10-18,0.47197986940201875
2002-10-21,0.4718510869627687
2002-10-22,0.4717325732168592
2002-10-23,0.47162351185445694
2002-10-24,0.47152315107877935
2002-10-25,0.47143079856561054
2002-10-28,0.47134581680776755
2002-10-29,0.4712676188164813
2002-10-30,0.47119566415348435
2002-10-31,0.47112945526934225
2002-11-01,0.46950066180447525
2002-11-04,0.4695681591998786
2002-11-05,0.4696302452573073
2002-11-06,0.46968735451581045
2002-11-07,0.4697398866442534
2002-11-08,0.4697882091032919
2002-11-11,0.46983265975818256
2002-11-12,0.4698735492769932
2002-11-13,0.4699111633322396
2002-11-14,0.4699457646224061
2002-11-15,0.4699775947283742
2002-11-18,0.4700068758184847
2002-11-19,0.47003381221478435
2002-11-20,0.47005859183193377
2002-11-21,0.47008138749927725
2002-11-22,0.470102358175688
2002-11-25,0.4701216500659925
2002-11-26,0.4701393976470347
2002-11-27,0.4701557246107736
2002-11-28,0.4701707447311848
2002-11-29,0.47018456266117764
2002-12-02,0.4701972746652242
2002-12-03,0.46668172731089597
2002-12-04,0.4669711359425789
2002-12-05,0.46723713568250946
2002-12-06,0.46748163858222636
2002-12-09,0.4677063979469098
2002-12-10,0.4679130216075606
2002-12-11,0.4681029843714841
2002-12-12,0.46827763934917244
2002-12-13,0.4684382282676811
2002-12-16,0.46858589086855174
2002-12-17,0.4687216734777728
2002-12-18,0.468846536825994
2002-12-19,0.4689613631890519
2002-12-20,0.46906696291166194
2002-12-23,0.46916408037075996
2002-12-24,0.46925339942933175
2002-12-25,0.46933554842655795
2002-12-26,0.4694111047456354
2002-12-27,0.46948059899666283
2002-12-30,0.4695445188484163
2002-12-31,0.4696033125396677
2003-01-01,0.4704169451259462
2003-01-02,0.47040695285577283
2003-01-03,0.4703978406487861
2003-01-06,0.4703895259375884
2003-01-07,0.47038193441964116
2003-01-08,0.4703749993451152
2003-01-09,0.4703686606666384
2003-01-10,0.47036286429463015
2003-01-13,0.4703575614440557
2003-01-14,0.4703527080604326
2003-01-15,0.47034826431463006
2003-01-16,0.47034419415747175
2003-01-17,0.47034046492639575
2003-01-20,0.47033704699749856
2003-01-21,0.4703339134772061
2003-01-22,0.47033103992860126
2003-01-23,0.47032840412810395
2003-01-24,0.4703259858487867
2003-01-27,0.4703237666670925
2003-01-28,0.47032172979015874
2003-01-29,0.47031985990130737
2003-01-30,0.4703181430215859
2003-01-31,0.4703165663855044
2003-02-03,0.46933634497507026
2003-02-04,0.46941192740013143
2003-02-05,0.46948146150487435
2003-02-06,0.46954543141666055
2003-02-07,0.4696042824972129
2003-02-10,0.46965842444426475
2003-02-11,0.4697082341501285
2003-02-12,0.4697540583307269
2003-02-13,0.4697962159435837
2003-02-14,0.46983500041177184
2003-02-17,0.4698706816694347
2003-02-18,0.4699035080432361
2003-02-19,0.4699337079829311
2003-02-20,0.4699614916531852
2003-02-21,0.4699870523977894
2003-02-24,0.47001056808652
2003-02-25,0.4700322023540654
2003-02-26,0.4700521057396825
2003-02-27,0.47007041673555
2003-02-28,0.47008726275114204
2003-03-03,0.4684846313639215
2003-03-04,0.4686261633958497
2003-03-05,0.46875631461690864
2003-03-06,0.4688760044184382
2003-03-07,0.4689860773180523
2003-03-10,0.4690873090977081
2003-03-11,0.46918041248431513
2003-03-12,0.46926604234766817
2003-03-13,0.46934480045872384
2003-03-14,0.4694172398471031
2003-03-17,0.46948386879301524
2003-03-18,0.46954515448548867
2003-03-19,0.4696015263758313
2003-03-20,0.46965337925258305
2003-03-21,0.4697010760618272
2003-03-24,0.4697449504945723
2003-03-25,0.4697853093609683
2003-03-26,0.46982243476936786
2003-03-27,0.4698565861266521
2003-03-28,0.46988800197479985
2003-03-31,0.46991690167737793
2003-04-01,0.4713088850882187
2003-04-02,0.47122499396924533
2003-04-03,0.471147914097108
2003-04-04,0.47107708554070205
2003-04-07,0.47101199520878545
2003-04-08,0.470952173039255
2003-04-09,0.470897188255192
2003-04-10,0.47084664596614834
2003-04-11,0.4708001840801639
2003-04-14,0.4707574704957913
2003-04-15,0.4707182005467463
2003-04-16,0.4706820946747343
2003-04-17,0.4706488963086041
2003-04-18,0.4706183699302646
2003-04-21,0.47059029930982627
2003-04-22,0.4705644858942301
2003-04-23,0.470540747335211
2003-04-24,0.4705189161438642
2003-04-25,0.4704988384603398
2003-04-28,0.4704803729283127
2003-04-29,0.47046338966487733
2003-04-30,0.4704477693174126
2003-05-01,0.4664442977573552
2003-05-02,0.4667457690020225
2003-05-05,0.46702288755615773
2003-05-06,0.46727763753597307
2003-05-07,0.46751183923129436
2003-05-08,0.4677271625274528
2003-05-09,0.4679251396831765
2003-05-12,0.4681071769692499
2003-05-13,0.4682745652776066
2003-05-14,0.46842848979878
2003-05-15,0.4685700388553149
2003-05-16,0.46870021196965095
2003-05-19,0.4688199272369614
2003-05-20,0.46893002806632866
2003-05-21,0.4690312893473364
2003-05-22,0.46912442309356106
2003-05-23,0.4692100836094555
2003-05-26,0.4692888722226705
2003-05-27,0.46936134161988247
2003-05-28,0.46942799982062994
2003-05-29,0.4694893138204693
2003-05-30,0.46954571293188707
2003-06-02,0.4695975918488209
2003-06-03,0.4632345667917409
2003-06-04,0.4637816049737862
2003-06-05,0.46428403664386264
2003-06-06,0.4647455609929308
2003-06-09,0.4651695615778885
2003-06-10,0.4655591338928092
2003-06-11,0.4659171111581306
2003-06-12,0.46624608760831066
2003-06-13,0.4665484395492412
2003-06-16,0.46682634442320825
2003-06-17,0.46708179809035955
2003-06-18,0.467316630510807
2003-06-19,0.4675325199899759
2003-06-20,0.4677310061311878
2003-06-23,0.4679135016232327
2003-06-24,0.4680813029765507
2003-06-25,0.46823560030927036
2003-06-26,0.46837748627351355
2003-06-27,0.4685079642028409
2003-06-30,0.46862795555332415
2003-07-01,0.46784744662924777
2003-07-02,0.4680181288444879
2003-07-03,0.4681751855292199
2003-07-04,0.46831970245257704
2003-07-07,0.46845267900461063
2003-07-08,0.4685750352032889
2003-07-09,0.4686876179560044
2003-07-10,0.4687912068335638
2003-07-11,0.4688865193936393
2003-07-14,0.4689742160880008
2003-07-15,0.4690549047853624
2003-07-16,0.46912914493935387
2003-07-17,0.4691974514289504
2003-07-18,0.4692602980966677
2003-07-21,0.46931812100794124
2003-07-22,0.46937132145334926
2003-07-23,0.469420268713706
2003-07-24,0.4694653026065287
2003-07-25,0.46950673583097574
2003-07-28,0.46954485612704633
2003-07-29,0.4695799282636128
2003-07-30,0.4696121958687445
2003-07-31,0.46964188311473165
2003-08-01,0.4696003395502639
2003-08-04,0.46963072605486167
2003-08-05,0.4696586838048122
2003-08-06,0.4696844067765833
2003-08-07,0.4697080734695547
2003-08-08,0.4697298481465991
2003-08-11,0.4697498819663318
2003-08-12,0.4697683140258023
2003-08-13,0.46978527232064193
2003-08-14,0.46980087462913006
2003-08-15,0.469815229326158
2003-08-18,0.46982843613260084
2003-08-19,0.46984058680518653
2003-08-20,0.4698517657715493
2003-08-21,0.4698620507148007
2003-08-22,0.4698715131116027
2003-08-25,0.46988021872742464
2003-08-26,0.46988822807237274
2003-08-27,0.46989559682071674
2003-08-28,0.4699023761969933
2003-08-29,0.4699086133313385
2003-09-01,0.469914351586492
2003-09-02,0.47189154644974646
2003-09-03,0.4717432934669032
2003-09-04,0.47160684392915886
2003-09-05,0.47148126240833715
2003-09-08,0.4713656867964176
2003-09-09,0.4712593228344943
2003-09-10,0.4711614388552933
2003-09-11,0.47107136092044016
2003-09-12,0.4709884683247962
2003-09-15,0.4709121894418111
2003-09-16,0.4708419978854288
2003-09-17,0.4707774089656189
2003-09-18,0.47071797641607627
2003-09-19,0.4706632893740439
2003-09-22,0.4706129695935579
2003-09-23,0.4705666688746853
2003-09-24,0.47052406669253066
2003-09-25,0.4704848680109313
2003-09-26,0.470448801266822
2003-09-29,0.47041561651226493
2003-09-30,0.4703850837020761
2003-10-01,0.4688720476221571
2003-10-02,0.46896189038759684
2003-10-03,0.469044528662126
2003-10-06,0.4691205412691928
2003-10-07,0.4691904605110154
2003-10-08,0.4692547757590141
2003-10-09,0.469313936941783
2003-10-10,0.4693683577457449
2003-10-13,0.4694184185527618
2003-10-14,0.4694644691368273
2003-10-15,0.46950683114002956
2003-10-16,0.469545800346218
2003-10-17,0.4695816487692088
2003-10-20,0.469614626570919
2003-10-21,0.4696449638234997
2003-10-22,0.4696728721283441
2003-10-23,0.4696985461037515
2003-10-24,0.4697221647520367
2003-10-27,0.46974389271596817
2003-10-28,0.469763881433587
2003-10-29,0.46978227019970936
2003-10-30,0.4697991871417194
2003-10-31,0.46981475011663115
2003-11-03,0.4669948058857441
2003-11-04,0.46722810245493673
2003-11-05,0.46744260565288553
2003-11-06,0.46763983867044034
2003-11-07,0.46782120010946865
2003-11-10,0.46798797405148096
2003-11-11,0.46814133962868165
2003-11-12,0.4682823797653056
2003-11-13,0.4684120891657085
2003-11-14,0.46853138161795416
2003-11-17,0.46864109667479537
2003-11-18,0.46874200576786224
2003-11-19,0.4688348178054563
2003-11-20,0.4689201842995237
2003-11-21,0.46899870406305716
2003-11-24,0.46907092751532237
2003-11-25,0.469137360628829
2003-11-26,0.4691984685488609
2003-11-27,0.4692546789135742
2003-11-28,0.4693063849001514
2003-12-01,0.46935394802021657
2003-12-02,0.4647255397543151
2003-12-03,0.4651247905106801
2003-12-04,0.4654917629305624
2003-12-05,0.4658290911809633
2003-12-08,0.46613919122908104
2003-12-09,0.4664242788399604
2003-12-10,0.4666863866786765
2003-12-11,0.46692737987250166
2003-12-12,0.4671489701837873
2003-12-15,0.4673527289277495
2003-12-16,0.4675400987548708
2003-12-17,0.4677124044049369
2003-12-18,0.4678708625285585
2003-12-19,0.4680165906621823
2003-12-22,0.4681506154338962
2003-12-23,0.46827388006961557
2003-12-24,0.46838725126239816
2003-12-25,0.4684915254615383
2003-12-26,0.4685874346326555
2003-12-29,0.4686756515351461
2003-12-30,0.46875679455900954
2003-12-31,0.4688314321591759
2004-01-01,0.46791918499990826
2004-01-02,0.4680569087985096
2004-01-05,0.4681835671345899
2004-01-06,0.46830005248814743
2004-01-07,0.4684071849122629
2004-01-08,0.4685057178963419
2004-01-09,0.46859634383966237
2004-01-12,0.46867969906399565
2004-01-13,0.46875636840576534
2004-01-14,0.4688268894244133
2004-01-15,0.4688917562602295
2004-01-16,0.4689514231718448
2004-01-19,0.4690063077808295
2004-01-20,0.4690567940483692
2004-01-21,0.46910323500674067
2004-01-22,0.46914595526630404
2004-01-23,0.4691852533168891
2004-01-26,0.46922140364080833
2004-01-27,0.4692546586532227
2004-01-28,0.4692852504842309
2004-01-29,0.4693133926158155
2004-01-30,0.4693392813856522
2004-02-02,0.4693630973687743
2004-02-03,0.4635382884679245
2004-02-04,0.46399458401590443
2004-02-05,0.46441382311485313
2004-02-06,0.4647990554836023
2004-02-09,0.465153074291082
2004-02-10,0.46547843791626037
2004-02-11,0.4657774905130715
2004-02-12,0.4660523806473725
2004-02-13,0.4663050782056568
2004-02-16,0.4665373897518247
2004-02-17,0.46675097248799635
2004-02-18,0.4669473469577131
2004-02-19,0.46712790861448944
2004-02-20,0.46729393836524247
2004-02-23,0.4674466121863538
2004-02-24,0.4675870098997853
2004-02-25,0.4677161231875573
2004-02-26,0.46783486291487747
2004-02-27,0.4679440658250955
2004-03-01,0.4680445006633621
2004-03-02,0.46767094830567213
2004-03-03,0.4677907179442906
2004-03-04,0.46790086392359664
2004-03-05,0.4680021625958388
2004-03-08,0.4680953272344883
2004-03-09,0.4681810132044183
2004-03-10,0.4682598227254526
2004-03-11,0.4683323092345517
2004-03-12,0.4683989813818993
2004-03-15,0.4684603066928388
2004-03-16,0.468516714924637
2004-03-17,0.4685686011443844
2004-03-18,0.46861632855194224
2004-03-19,0.46866023106968074
2004-03-22,0.46870061571880967
2004-03-23,0.4687377648003351
2004-03-24,0.4687719378970876
2004-03-25,0.4688033737118249
2004-03-26,0.4688322917551021
2004-03-29,0.46885889389542135
2004-03-30,0.4688833657830946
2004-03-31,0.46890587815827023
2004-04-01,0.4731777332509416
2004-04-02,0.4728851158778795
2004-04-05,0.4726157811452836
2004-04-06,0.472367886147146
2004-04-07,0.47213973202269177
2004-04-08,0.47192975334084913
2004-04-09,0.4717365078006785
2004-04-12,0.4715586666995125
2004-04-13,0.471395006115739
2004-04-14,0.47124439875619517
2004-04-15,0.47110580642108535
2004-04-16,0.4709782730422124
2004-04-19,0.47086091825308257
2004-04-20,0.47075293145209635
2004-04-21,0.47065356632258915
2004-04-22,0.47056213577590134
2004-04-23,0.4704780072859539
2004-04-26,0.4704005985859857
2004-04-27,0.4703293737001516
2004-04-28,0.470263839284622
2004-04-29,0.47020354125463076
2004-04-30,0.4701480616756218
2004-05-03,0.46854977818328963
2004-05-04,0.468618102679246
2004-05-05,0.46868095298632445
2004-05-06,0.46873876812343285
2004-05-07,0.4687919520032804
2004-05-10,0.46884087605638675
2004-05-11,0.4688858818557187
2004-05-12,0.4689272835273379
2004-05-13,0.4689653699647951
2004-05-14,0.4690004068635004
2004-05-17,0.4690326385899139
2004-05-18,0.46906228989914506
2004-05-19,0.46908956751340625
2004-05-20,0.46911466157272
2004-05-21,0.4691377469683273
2004-05-24,0.4691589845683694
2004-05-25,0.4691785223446273
2004-05-26,0.4691964964083686
2004-05-27,0.4692130319626896
2004-05-28,0.4692282441781328
2004-05-31,0.4692422389977973
2004-06-01,0.467637432554332
2004-06-02,0.4677677651288302
2004-06-03,0.46788765669182186
2004-06-04,0.4679979445254585
2004-06-07,0.4680993988431971
2004-06-08,0.46819272794508066
2004-06-09,0.4682785832168117
2004-06-10,0.4683575637217279
2004-06-11,0.4684302204193719
2004-06-14,0.4684970600414742
2004-06-15,0.4685585486535573
2004-06-16,0.4686151149279785
2004-06-17,0.4686671531520687
2004-06-18,0.468715025993031
2004-06-21,0.4687590670394648
2004-06-22,0.468799583137724
2004-06-23,0.46883685653980745
2004-06-24,0.46887114687810283
2004-06-25,0.4689026929810395
2004-06-28,0.46893171454254856
2004-06-29,0.4689584136571721
2004-06-30,0.4689829762316933
2004-07-01,0.4635324540838201
2004-07-02,0.4639413918036045
2004-07-05,0.46431732014945726
2004-07-06,0.464662924786923
2004-07-07,0.4649806703258081
2004-07-08,0.46527281817157395
2004-07-09,0.46554144372875433
2004-07-12,0.4657884520781256
2004-07-13,0.46601559227378375
2004-07-14,0.4662244703906676
2004-07-15,0.46641656143934396
2004-07-16,0.4665932202528076
2004-07-19,0.4667556914393886
2004-07-20,0.46690511848642857
2004-07-21,0.4670425520910224
2004-07-22,0.46716895778668854
2004-07-23,0.4672852229281991
2004-07-26,0.4673921630908913
2004-07-27,0.4674905279354853
2004-07-28,0.4675810065846929
2004-07-29,0.46766423255364475
2004-07-30,0.4677407882723301
2004-08-02,0.4678112092348027
2004-08-03,0.47289896938121406
2004-08-04,0.4726016852852209
2004-08-05,0.4723279356813489
2004-08-06,0.4720758759358713
2004-08-09,0.47184380283242294
2004-08-10,0.4716301445668935
2004-08-11,0.47143345096424205
2004-08-12,0.4712523843690075
2004-08-13,0.4710857111716764
2004-08-16,0.47093229393377484
2004-08-17,0.47079108407552617
2004-08-18,0.47066111509110153
2004-08-19,0.4705414962578115
2004-08-20,0.4704314068070249
2004-08-23,0.47033009052610186
2004-08-24,0.47023685076215693
2004-08-25,0.4701510458000238
2004-08-26,0.4700720845883234
2004-08-27,0.46999942278905854
2004-08-30,0.4699325591276282
2004-08-31,0.4698710320215931
2004-09-01,0.47002242557420554
2004-09-02,0.46995537265316645
2004-09-03,0.4698936723886963
2004-09-06,0.46983689836566167
2004-09-07,0.4697846579838372
2004-09-08,0.4697365898214349
2004-09-09,0.46969236117594226
2004-09-10,0.46965166579633427
2004-09-13,0.4696142217921626
2004-09-14,0.4695797697060674
2004-09-15,0.46954807073722116
2004-09-16,0.4695189051041329
2004-09-17,0.46949207053608155
2004-09-20,0.4694673808832487
2004-09-21,0.4694446648363584
2004-09-22,0.4694237647473193
2004-09-23,0.4694045355430078
2004-09-24,0.46938684372492623
2004-09-27,0.4693705664480206
2004-09-28,0.4693555906724603
2004-09-29,0.46934181238265305
2004-09-30,0.469329135868213
2004-10-01,0.46328756622347966
2004-10-04,0.46369729695081385
2004-10-05,0.4640739186355113
2004-10-06,0.46442013042117775
2004-10-07,0.46473840855193793
2004-10-08,0.4650310244045116
2004-10-11,0.4653000619381259
2004-10-12,0.465547433580823
2004-10-13,0.4657748947040625
2004-10-14,0.46598405682100436
2004-10-15,0.4661763996293929
2004-10-18,0.46635328200725457
2004-10-19,0.466515952058433
2004-10-20,0.46666555629509593
2004-10-21,0.4668031480356097
2004-10-22,0.4669296950884131
2004-10-25,0.46704608678562654
2004-10-26,0.46715314042398376
2004-10-27,0.46725160716519076
2004-10-28,0.46734217744290907
2004-10-29,0.4674254859191597
2004-11-01,0.46750211602900266
2004-11-02,0.45624786840803166
2004-11-03,0.45690879275817675
2004-11-04,0.4575161895954868
2004-11-05,0.45807444025261995
2004-11-08,0.45858756256872096
2004-11-09,0.45905923950382516
2004-11-10,0.4594928480448264
2004-11-11,0.4598914854628695
2004-11-12,0.4602579931882008
2004-11-15,0.4605949785383331
2004-11-16,0.4609048345091234
2004-11-17,0.4611897578154316
2004-11-18,0.46145176534796867
2004-11-19,0.46169270919532024
2004-11-22,0.4619142903646444
2004-11-23,0.462118071320854
2004-11-24,0.46230548745201505
2004-11-25,0.46247785755796234
2004-11-26,0.46263639344961965
2004-11-29,0.4627822087380292
2004-11-30,0.462916326884536
2004-12-01,0.43509542850683575
2004-12-02,0.41801413163817785
2004-12-03,0.40188855214976466
2004-12-06,0.3866816608049244
2004-12-07,0.3723566656292381
2004-12-08,0.35887701907000646
2004-12-09,0.34620646006029476
2004-12-10,0.3343090713167298
2004-12-13,0.32314934837375714
2004-12-14,0.31269227683324874
2004-12-15,0.30290341441915586
2004-12-16,0.2937489746532277
2004-12-17,0.2851959092859791
2004-12-20,0.27721198700115657
2004-12-21,0.26976586633586447
2004-12-22,0.2628271611979281
2004-12-23,0.25636649779562615
2004-12-24,0.25035556220512506
2004-12-27,0.24476713817455056
2004-12-28,0.23957513509160178
2004-12-29,0.23475460631887135
2004-12-30,0.23028175832589376
2004-12-31,0.226133951220504
2005-01-03,0.0631039941485529
2005-01-04,0.015287966404336509
2005-01-05,-0.02843662784898693
2005-01-06,-0.06844082819665571
2005-01-07,-0.1050586041227935
2005-01-10,-0.13859111722963624
2005-01-11,-0.16931040225527358
2005-01-12,-0.19746256208578664
2005-01-13,-0.22327055229961432
2005-01-14,-0.24693661727066013
2005-01-17,-0.2686444290539022
2005-01-18,-0.2885609715865187
2005-01-19,-0.30683820570468623
2005-01-20,-0.32361454475305307
2005-01-21,-0.339016165881628
2005-01-24,-0.35315817827458196
2005-01-25,-0.3661456663739032
2005-01-26,-0.3780746235195295
2005-01-27,-0.3890327892248926
2005-01-28,-0.39910040146196857
2005-01-31,-0.40835087377834434
2005-02-01,-0.4201312217110335
2005-02-02,-0.4280480369144648
2005-02-03,-0.435322465814965
2005-02-04,-0.44200730491557944
2005-02-07,-0.4481509070401616
2005-02-08,-0.45379757180487607
2005-02-09,-0.45898789893072717
2005-02-10,-0.46375910868353365
2005-02-11,-0.4681453328115361
2005-02-14,-0.4721778789600639
2005-02-15,-0.4758854712034952
2005-02-16,-0.47929446903948575
2005-02-17,-0.4824290669327122
2005-02-18,-0.4853114762698148
2005-02-21,-0.4879620913893071
2005-02-22,-0.49039964117611134
2005-02-23,-0.4926413275568666
2005-02-24,-0.4947029520964642
2005-02-25,-0.4965990317760698
2005-02-28,-0.49834290492619127
2005-03-01,-0.507568368270712
2005-03-02,-0.5089081735958411
2005-03-03,-0.5101439425327414
2005-03-04,-0.5112835285525645
2005-03-07,-0.5123342254125622
2005-03-08,-0.5133028026600264
2005-03-09,-0.514195538952968
2005-03-10,-0.5150182539339557
2005-03-11,-0.5157763386076983
2005-03-14,-0.5164747841976981
2005-03-15,-0.517118209477812
2005-03-16,-0.5177108865913149
2005-03-17,-0.518256765383561
2005-03-18,-0.5187594962850003
2005-03-21,-0.5192224517895481
2005-03-22,-0.5196487465794577
2005-03-23,-0.5200412563522665
2005-03-24,-0.5204026354083189
2005-03-25,-0.5207353330590954
2005-03-28,-0.5210416089172972
2005-03-29,-0.5213235471295409
2005-03-30,-0.5215830696117703
2005-03-31,-0.5218219483462325
2005-04-01,-0.5229464113780085
2005-04-04,-0.5231082836301962
2005-04-05,-0.5232573154170398
2005-04-06,-0.5233945173973288
2005-04-07,-0.5235208218001
2005-04-08,-0.523637088430799
2005-04-11,-0.5237441101384972
2005-04-12,-0.5238426178949656
2005-04-13,-0.5239332855093013
2005-04-14,-0.5240167340009914
2005-04-15,-0.524093535653392
2005-04-18,-0.5241642177686456
2005-04-19,-0.5242292661440444
2005-04-20,-0.5242891282888305
2005-04-21,-0.5243442163993974
2005-04-22,-0.5243949101098386
2005-04-25,-0.524441559033789
2005-04-26,-0.5244844851125401
2005-04-27,-0.5245239847834655
2005-04-28,-0.5245603309818903
2005-04-29,-0.5245937749886807
2005-05-02,-0.5246245481349983
2005-05-03,-0.505899156324
2005-05-04,-0.5047591477303948
2005-05-05,-0.5037081750008615
2005-05-06,-0.5027394374305013
2005-05-09,-0.5018466373957028
2005-05-10,-0.5010239384103792
2005-05-11,-0.5002659346468092
2005-05-12,-0.4995676219483756
2005-05-13,-0.49892437035010473
2005-05-16,-0.49833189810345946
2005-05-17,-0.4977862471860864
2005-05-18,-0.4972837602647022
2005-05-19,-0.4968210590695777
2005-05-20,-0.49639502413173175
2005-05-23,-0.4960027758286185
2005-05-24,-0.4956416566804534
2005-05-25,-0.4953092148370792
2005-05-26,-0.4950031886941837
2005-05-27,-0.49472149257751696
2005-05-30,-0.49446220343433533
2005-05-31,-0.49422354847246397
2005-06-01,-0.49201192258657517
2005-06-02,-0.49141908374824034
2005-06-03,-0.4908730400618507
2005-06-06,-0.4903701430546686
2005-06-07,-0.4899070220663327
2005-06-08,-0.4894805639367642
2005-06-09,-0.4890878942077389
2005-06-10,-0.4887263595656003
2005-06-13,-0.4883935114631903
2005-06-14,-0.4880870908589247
2005-06-15,-0.4878050140114438
2005-06-16,-0.4875453592693211
2005-06-17,-0.4873063547967911
2005-06-20,-0.48708636717826637
2005-06-21,-0.4868838908464732
2005-06-22,-0.48669753828128093
2005-06-23,-0.4865260309286603
2005-06-24,-0.4863681907916426
2005-06-27,-0.48622293264761907
2005-06-28,-0.4860892568487894
2005-06-29,-0.48596624266500144
2005-06-30,-0.48585304213062264
2005-07-01,-0.49348582289985593
2005-07-04,-0.49465281639772685
2005-07-05,-0.49572428276691227
2005-07-06,-0.4967082066783301
2005-07-07,-0.4976118788417484
2005-07-08,-0.49844196099864835
2005-07-11,-0.4992045436215926
2005-07-12,-0.49990519778079945
2005-07-13,-0.5005490218507475
2005-07-14,-0.5011406836395962
2005-07-15,-0.5016844584480142
2005-07-18,-0.5021842634992798
2005-07-19,-0.5026436891273018
2005-07-20,-0.503066027061944
2005-07-21,-0.503454296110413
2005-07-22,-0.5038112654984453
2005-07-25,-0.5041394761047255
2005-07-26,-0.5044412597956589
2005-07-27,-0.5047187570447152
2005-07-28,-0.5049739330005572
2005-07-29,-0.5052085921506388
2005-08-01,-0.5054243917115706
2005-08-02,-0.5148175624470954
2005-08-03,-0.515545177212406
2005-08-04,-0.516221600783029
2005-08-05,-0.5168499298264145
2005-08-08,-0.5174331495248479
2005-08-09,-0.5179741257249362
2005-08-10,-0.5184755987951941
2005-08-11,-0.5189401798516938
2005-08-12,-0.5193703489773429
2005-08-15,-0.5197684550996825
2005-08-16,-0.5201367172300708
2005-08-17,-0.5204772268031435
2005-08-18,-0.5207919508890053
2005-08-19,-0.5210827360815223
2005-08-22,-0.5213513128941876
2005-08-23,-0.5215993005203343
2005-08-24,-0.521828211837043
2005-08-25,-0.5220394585520469
2005-08-26,-0.5222343564104658
2005-08-29,-0.5224141303934495
2005-08-30,-0.5225799198540295
2005-08-31,-0.5227327835468062
2005-09-01,-0.5253605550865201
2005-09-02,-0.5253688708231057
2005-09-05,-0.5253767973018046
2005-09-06,-0.5253843244594484
2005-09-07,-0.5253914489257295
2005-09-08,-0.5253981728614435
2005-09-09,-0.5254045027431783
2005-09-12,-0.5254104483563163
2005-09-13,-0.5254160219642589
2005-09-14,-0.5254212376263552
2005-09-15,-0.5254261106410214
2005-09-16,-0.5254306570939828
2005-09-19,-0.5254348934945475
2005-09-20,-0.5254388364853938
2005-09-21,-0.5254425026135496
2005-09-22,-0.5254459081521421
2005-09-23,-0.5254490689641063
2005-09-26,-0.5254520004004297
2005-09-27,-0.5254547172266838
2005-09-28,-0.5254572335726011
2005-09-29,-0.5254595629003029
2005-09-30,-0.5254617179875162
2005-10-03,-0.5281587765494742
2005-10-04,-0.5280131537893458
2005-10-05,-0.5278791806705432
2005-10-06,-0.5277559255854476
2005-10-07,-0.5276425311191555
2005-10-10,-0.527538208433462
2005-10-11,-0.5274422317859113
2005-10-12,-0.5273539334859538
2005-10-13,-0.5272726992535746
2005-10-14,-0.5271979639484515
2005-10-17,-0.5271292076401962
2005-10-18,-0.5270659519925405
2005-10-19,-0.5270077569364664
2005-10-20,-0.5269542176092532
2005-10-21,-0.5269049615382266
2005-10-24,-0.5268596460496916
2005-10-25,-0.526817955885063
2005-10-26,-0.5267796010076483
2005-10-27,-0.5267443145848516
2005-10-28,-0.5267118511317754
2005-10-31,-0.5266819848033224
2005-11-01,-0.5103872755528637
2005-11-02,-0.5105528681302759
2005-11-03,-0.5107057895394078
2005-11-04,-0.510846961762287
2005-11-07,-0.510977252144647
2005-11-08,-0.5110974693964072
2005-11-09,-0.5112083667168585
2005-11-10,-0.5113106448919567
2005-11-11,-0.5114049553357283
2005-11-14,-0.5114919030538646
2005-11-15,-0.5115720495127382
2005-11-16,-0.5116459154014368
2005-11-17,-0.5117139832780639
2005-11-18,-0.5117767000945908
2005-11-21,-0.5118344795970505
2005-11-22,-0.5118877045999034
2005-11-23,-0.5119367291350534
2005-11-24,-0.511981880477302
2005-11-25,-0.5120234610490546
2005-11-28,-0.5120617502078744
2005-11-29,-0.5120970059210642
2005-11-30,-0.5121294663318746
2005-12-01,-0.5251663919490405
2005-12-02,-0.5250465513754586
2005-12-05,-0.5249366521724044
2005-12-06,-0.5248358496392708
2005-12-07,-0.5247433726318684
2005-12-08,-0.5246585176426111
2005-12-09,-0.5245806426284485
2005-12-12,-0.524509161417998
2005-12-13,-0.5244435386447983
2005-12-14,-0.5243832851576313
2005-12-15,-0.5243279538628343
2005-12-16,-0.5242771359573719
2005-12-19,-0.5242304575150911
2005-12-20,-0.5241875763920321
2005-12-21,-0.5241481794198632
2005-12-22,-0.5241119798594802
2005-12-23,-0.5240787150895183
2005-12-26,-0.52404814450702
2005-12-27,-0.524020047619748
2005-12-28,-0.5239942223116874
2005-12-29,-0.5239704832651269
2005-12-30,-0.5239486605243717
2006-01-02,-0.5239285981876436
2006-01-03,-0.5329891880043891
2006-01-04,-0.5324983073935914
2006-01-05,-0.5320462991861403
2006-01-06,-0.5316301171194799
2006-01-09,-0.531246947910585
2006-01-10,-0.5308941949370746
2006-01-11,-0.530569462252431
2006-01-12,-0.5302705396620329
2006-01-13,-0.5299953888105478
2006-01-16,-0.5297421302294436
2006-01-17,-0.5295090312926547
2006-01-18,-0.5292944950285489
2006-01-19,-0.529097049737096
2006-01-20,-0.5289153393623863
2006-01-23,-0.5287481145722551
2006-01-24,-0.5285942244986402
2006-01-25,-0.5284526090943524
2006-01-26,-0.528322292064082
2006-01-27,-0.5282023743296899
2006-01-30,-0.5280920279920474
2006-01-31,-0.5279904907538986
2006-02-01,-0.5358076926308355
2006-02-02,-0.5351954284253261
2006-02-03,-0.5346332097242673
2006-02-06,-0.534116897195887
2006-02-07,-0.5336426973062884
2006-02-08,-0.5332071341781305
2006-02-09,-0.5328070228819429
2006-02-10,-0.5324394448936864
2006-02-13,-0.5321017255716799
2006-02-14,-0.5317914135085116
2006-02-15,-0.5315062616180117
2006-02-16,-0.5312442098232375
2006-02-17,-0.5310033692182352
2006-02-20,-0.5307820075837404
2006-02-21,-0.5305785361446635
2006-02-22,-0.5303914974649562
2006-02-23,-0.530219554383093
2006-02-24,-0.5300614798988196
2006-02-27,-0.529916147928913
2006-02-28,-0.5297825248564249
2006-03-01,-0.5329483061685341
2006-03-02,-0.5325901367714896
2006-03-03,-0.5322603134307803
2006-03-06,-0.5319566155918641
2006-03-07,-0.5316769929372174
2006-03-08,-0.5314195531331154
2006-03-09,-0.5311825501056493
2006-03-10,-0.5309643731171071
2006-03-13,-0.5307635365991615
2006-03-14,-0.5305786706997991
2006-03-15,-0.5304085125017887
2006-03-16,-0.5302518978716757
2006-03-17,-0.5301077538996752
2006-03-20,-0.5299750918924033
2006-03-21,-0.5298530008820597
2006-03-22,-0.5297406416174079
2006-03-23,-0.5296372410036798
2006-03-24,-0.5295420869603027
2006-03-27,-0.5294545236671193
2006-03-28,-0.529373947171491
2006-03-29,-0.5292998013303682
2006-03-30,-0.529231574063032
2006-03-31,-0.5291687938917797
2006-04-03,-0.5326076483607131
2006-04-04,-0.5322893894498114
2006-04-05,-0.5319962493764192
2006-04-06,-0.531726270801723
2006-04-07,-0.5314776448534597
2006-04-10,-0.5312487007023711
2006-04-11,-0.5310378955211527
2006-04-12,-0.5308438050974308
2006-04-13,-0.5306651150703495
2006-04-14,-0.5305006127596388
2006-04-17,-0.5303491795558164
2006-04-18,-0.5302097838403574
2006-04-19,-0.530081474405149
2006-04-20,-0.5299633743412984
2006-04-21,-0.5298546753682766
2006-04-24,-0.5297546325754439
2006-04-25,-0.5296625595491646
2006-04-26,-0.529577823859942
2006-04-27,-0.529499842885259
2006-04-28,-0.5294280799450949
2006-05-01,-0.5293620407283441
2006-05-02,-0.5328068439976587
2006-05-03,-0.5324824775173365
2006-05-04,-0.532183885165711
2006-05-05,-0.5319090320930597
2006-05-08,-0.5316560417770232
2006-05-09,-0.5314231843712987
2006-05-10,-0.5312088654944677
2006-05-11,-0.5310116158368048
2006-05-12,-0.5308300815314382
2006-05-15,-0.5306630152387771
2006-05-16,-0.5305092678957223
2006-05-17,-0.5303677810837665
2006-05-18,-0.5302375799726908
2006-05-19,-0.5301177667990854
2006-05-22,-0.5300075148413974
2006-05-23,-0.5299060628556027
2006-05-24,-0.5298127099378895
2006-05-25,-0.529726810782946
2006-05-26,-0.5296477713085413
2006-05-29,-0.5295750446190807
2006-05-30,-0.529508127282698
2006-05-31,-0.5294465558982329
2006-06-01,-0.5296801616642302
2006-06-02,-0.5296058492029956
2006-06-05,-0.5295374598788734
2006-06-06,-0.5294745231277018
2006-06-07,-0.5294166055888129
2006-06-08,-0.5293633081350606
2006-06-09,-0.5293142632006352
2006-06-12,-0.5292691323125183
2006-06-13,-0.52922760381083
2006-06-14,-0.5291893907442593
2006-06-15,-0.5291542289276819
2006-06-16,-0.5291218751499296
2006-06-19,-0.5290921055204977
2006-06-20,-0.5290647139447513
2006-06-21,-0.5290395107179264
2006-06-22,-0.5290163212289074
2006-06-23,-0.5289949847654123
2006-06-26,-0.528975353412822
2006-06-27,-0.5289572910394613
2006-06-28,-0.528940672361662
2006-06-29,-0.5289253820824443
2006-06-30,-0.5289113140981031
2006-07-03,-0.5306338765563281
2006-07-04,-0.530487672601385
2006-07-05,-0.5303530826807359
2006-07-06,-0.530229190350513
2006-07-07,-0.530115150446548
2006-07-10,-0.5300101837936129
2006-07-11,-0.5299135721734497
2006-07-12,-0.5298246536579092
2006-07-13,-0.5297428182836302
2006-07-14,-0.5296675040457324
2006-07-17,-0.5295981931890819
2006-07-18,-0.5295344087767954
2006-07-19,-0.5294757115167472
2006-07-20,-0.5294216968279463
2006-07-21,-0.5293719921297175
2006-07-24,-0.5293262543376722
2006-07-25,-0.5292841675514527
2006-07-26,-0.5292454409202133
2006-07-27,-0.5292098066727204
2006-07-28,-0.5291770182998388
2006-07-31,-0.5291468488780066
2006-08-01,-0.5311504722470797
2006-08-02,-0.5309674522661846
2006-08-03,-0.5307989485100841
2006-08-04,-0.5306438189395596
2006-08-07,-0.5305010098292993
2006-08-08,-0.5303695492819965
2006-08-09,-0.5302485410571562
2006-08-10,-0.5301371588369437
2006-08-11,-0.5300346409026071
2006-08-14,-0.5299402851958606
2006-08-15,-0.5298534447405867
2006-08-16,-0.5297735234012799
2006-08-17,-0.5296999719557405
2006-08-18,-0.5296322844606773
2006-08-21,-0.5295699948900005
2006-08-22,-0.5295126740267302
2006-08-23,-0.5294599265905562
2006-08-24,-0.5294113885841667
2006-08-25,-0.529366724842526
2006-08-28,-0.5293256267702814
2006-08-29,-0.5292878102534601
2006-08-30,-0.5292530137325344
2006-08-31,-0.5292209964248155
2006-09-01,-0.5336368123330851
2006-09-04,-0.5332639976597755
2006-09-05,-0.5329206427293248
2006-09-06,-0.5326044465815858
2006-09-07,-0.5323132835528714
2006-09-08,-0.5320451909206483
2006-09-11,-0.5317983569359355
2006-09-12,-0.5315711096544802
2006-09-13,-0.531361906526017
2006-09-14,-0.5311693247008489
2006-09-15,-0.530992052013402
2006-09-18,-0.5308288786031596
2006-09-19,-0.5306786891344422
2006-09-20,-0.5305404555777563
2006-09-21,-0.5304132305168691
2006-09-22,-0.5302961409472846
2006-09-25,-0.5301883825334126
2006-09-26,-0.5300892142933513
2006-09-27,-0.5299979536818628
2006-09-28,-0.5299139720437543
2006-09-29,-0.5298366904115028
2006-10-02,-0.5297655756225212
2006-10-03,-0.5304516663430558
2006-10-04,-0.5303331247776165
2006-10-05,-0.5302240077428367
2006-10-06,-0.5301235702618894
2006-10-09,-0.5300311255907696
2006-10-10,-0.5299460407612098
2006-10-11,-0.5298677324559026
2006-10-12,-0.5297956631867995
2006-10-13,-0.5297293377563024
2006-10-16,-0.5296682999821672
2006-10-17,-0.5296121296679598
2006-10-18,-0.529560439801913
2006-10-19,-0.5295128739680313
2006-10-20,-0.5294691039542601
2006-10-23,-0.5294288275434843
2006-10-24,-0.5293917664740222
2006-10-25,-0.5293576645571592
2006-10-26,-0.5293262859400854
2006-10-27,-0.5292974135034024
2006-10-30,-0.5292708473830997
2006-10-31,-0.5292464036076132
2006-11-01,-0.5325466965983487
2006-11-02,-0.5322659517326509
2006-11-03,-0.5320074172644338
2006-11-06,-0.5317693545308648
2006-11-07,-0.53155015792683
2006-11-08,-0.5313483454212266
2006-11-09,-0.5311625494063215
2006-11-10,-0.5309915081691506
2006-11-13,-0.530834057951463
2006-11-14,-0.530689125565018
2006-11-15,-0.5305557215296874
2006-11-16,-0.5304329337026688
2006-11-17,-0.5303199213681655
2006-11-20,-0.5302159097580683
2006-11-21,-0.5301201849754325
2006-11-22,-0.530032089293873
2006-11-23,-0.529951016807358
2006-11-24,-0.5298764094062316
2006-11-27,-0.5298077530566674
2006-11-28,-0.5297445743620681
2006-11-29,-0.5296864373862389
2006-11-30,-0.529632940719408
2006-12-01,-0.5326571180885177
2006-12-04,-0.5323700889374489
2006-12-05,-0.5321058283743212
2006-12-06,-0.5318625446848628
2006-12-07,-0.531638584704287
2006-12-08,-0.5314324237273723
2006-12-11,-0.5312426558047414
2006-12-12,-0.5310679847295264
2006-12-13,-0.530907215671926
2006-12-14,-0.5307592474207043
2006-12-15,-0.5306230651923654
2006-12-18,-0.5304977339705047
2006-12-19,-0.5303823923396841
2006-12-20,-0.5302762467800146
2006-12-21,-0.5301785663904928
2006-12-22,-0.5300886780109594
2006-12-25,-0.5300059617143361
2006-12-26,-0.5299298466425358
2006-12-27,-0.5298598071611147
2006-12-28,-0.5297953593093485
2006-12-29,-0.5297360575239463
2007-01-01,-0.5296814916160852
2007-01-02,-0.5306465084866736
2007-01-03,-0.530520641971008
2007-01-04,-0.530404785491267
2007-01-05,-0.530298147362937
2007-01-08,-0.5301999977933423
2007-01-09,-0.5301096642009372
2007-01-10,-0.5300265268170108
2007-01-11,-0.5299500146121446
2007-01-12,-0.5298796015255391
2007-01-15,-0.5298148029764584
2007-01-16,-0.5297551726381784
2007-01-17,-0.5297002994559552
2007-01-18,-0.5296498048916234
2007-01-19,-0.5296033403785063
2007-01-22,-0.5295605849713547
2007-01-23,-0.5295212431770095
2007-01-24,-0.5294850429524499
2007-01-25,-0.529451733857764
2007-01-26,-0.5294210853524552
2007-01-29,-0.5293928852242855
2007-01-30,-0.5293669381406314
2007-01-31,-0.5293430643130353
2007-02-01,-0.5310191577414451
2007-02-02,-0.5308647540650491
2007-02-05,-0.5307226412872831
2007-02-06,-0.5305918456785389
2007-02-07,-0.5304714697944962
2007-02-08,-0.5303606867762647
2007-02-09,-0.5302587348877051
2007-02-12,-0.5301649124618559
2007-02-13,-0.5300785732279407
2007-02-14,-0.5299991219920872
2007-02-15,-0.5299260106465009
2007-02-16,-0.5298587344834029
2007-02-19,-0.5297968287915488
2007-02-20,-0.5297398657145844
2007-02-21,-0.5296874513518806
2007-02-22,-0.5296392230837911
2007-02-23,-0.5295948471045228
2007-02-26,-0.5295540161469783
2007-02-27,-0.529516447385036
2007-02-28,-0.5294818804997684
2007-03-01,-0.5290993865041547
2007-03-02,-0.5290983724653286
2007-03-05,-0.5290974572304201
2007-03-06,-0.529096630078439
2007-03-07,-0.5290958816812461
2007-03-08,-0.529095203807035
2007-03-09,-0.529094589178932
2007-03-12,-0.5290940313531363
2007-03-13,-0.5290935246137813
2007-03-14,-0.529093063882107
2007-03-15,-0.5290926446378988
2007-03-16,-0.5290922628514406
2007-03-19,-0.5290919149244973
2007-03-20,-0.5290915976390516
2007-03-21,-0.5290913081127111
2007-03-22,-0.5290910437598575
2007-03-23,-0.5290908022577462
2007-03-26,-0.5290905815168756
2007-03-27,-0.5290903796550477
2007-03-28,-0.5290901949746205
2007-03-29,-0.5290900259425273
2007-03-30,-0.5290898711726942
2007-04-02,-0.5290897294105418
2007-04-03,-0.5306297691664926
2007-04-04,-0.5305079137007725
2007-04-05,-0.5303957589805359
2007-04-06,-0.530292536372719
2007-04-09,-0.5301975374702343
2007-04-10,-0.5301101095971275
2007-04-11,-0.5300296514935809
2007-04-12,-0.5299556093243224
2007-04-13,-0.5298874729878553
2007-04-16,-0.5298247727052525
2007-04-17,-0.5297670758685195
2007-04-18,-0.5297139841297892
2007-04-19,-0.5296651307137932
2007-04-20,-0.5296201779372078
2007-04-23,-0.5295788149195579
2007-04-24,-0.5295407554714071
2007-04-25,-0.5295057361465376
2007-04-26,-0.5294735144457593
2007-04-27,-0.5294438671608545
2007-04-30,-0.5294165888479938
2007-05-01,-0.5321824030299876
2007-05-02,-0.5319378428712949
2007-05-03,-0.5317127756246126
2007-05-04,-0.5315056531629774
2007-05-07,-0.531315049190876
2007-05-08,-0.5311396500944422
2007-05-09,-0.530978246144314
2007-05-10,-0.5308297233691056
2007-05-11,-0.5306930560508852
2007-05-14,-0.5305672997971741
2007-05-15,-0.5304515851469767
2007-05-16,-0.5303451116711975
2007-05-17,-0.5302471425305075
2007-05-18,-0.5301569994562778
2007-05-21,-0.5300740581226135
2007-05-22,-0.5299977438797961
2007-05-23,-0.5299275278215654
2007-05-24,-0.5298629231606824
2007-05-25,-0.5298034818890791
2007-05-28,-0.529748791700649
2007-05-29,-0.5296984731563634
2007-05-30,-0.5296521770729176
2007-05-31,-0.5296095821175233
2007-06-01,-0.5297606432791865
2007-06-04,-0.5297101774303514
2007-06-05,-0.5296637417803558
2007-06-06,-0.5296210149428672
2007-06-07,-0.529581701139158
2007-06-08,-0.529545528110831
2007-06-11,-0.5295122452599315
2007-06-12,-0.5294816219345255
2007-06-13,-0.529453445848617
2007-06-14,-0.5294275216260821
2007-06-15,-0.5294036694590692
2007-06-18,-0.5293817238720124
2007-06-19,-0.5293615325830733
2007-06-20,-0.5293429554554385
2007-06-21,-0.5293258635314709
2007-06-22,-0.5293101381432492
2007-06-25,-0.5292956700935154
2007-06-26,-0.5292823589015152
2007-06-27,-0.5292701121086351
2007-06-28,-0.5292588446391348
2007-06-29,-0.529248478211638
2007-07-02,-0.5292389407973784
2007-07-03,-0.5291512469123509
2007-07-04,-0.5291498077474355
2007-07-05,-0.5291485067399309
2007-07-06,-0.5291473292308686
2007-07-09,-0.5291462623594418
2007-07-10,-0.5291452947512179
2007-07-11,-0.5291444163290345
2007-07-12,-0.5291436181497879
2007-07-13,-0.5291428922633926
2007-07-16,-0.5291422315907437
2007-07-17,-0.529141629817975
2007-07-18,-0.5291410813047115
2007-07-19,-0.5291405810043439
2007-07-20,-0.5291401243946474
2007-07-23,-0.5291397074173105
2007-07-24,-0.529139326425142
2007-07-25,-0.5291389781359076
2007-07-26,-0.5291386595918994
2007-07-27,-0.5291383681244617
2007-07-30,-0.529138101322816
2007-07-31,-0.5291378570066163
2007-08-01,-0.5279828997830041
2007-08-02,-0.5280746097260577
2007-08-03,-0.5281590122343245
2007-08-06,-0.5282366872033378
2007-08-07,-0.5283081690410025
2007-08-08,-0.5283739499871607
2007-08-09,-0.5284344833968815
2007-08-10,-0.5284901867750206
2007-08-13,-0.5285414445797838
2007-08-14,-0.528588610811956
2007-08-15,-0.5286320114053993
2007-08-16,-0.5286719464334249
2007-08-17,-0.5287086921446618
2007-08-20,-0.528742502841141
2007-08-21,-0.52877361261043
2007-08-22,-0.5288022369228306
2007-08-23,-0.5288285741038757
2007-08-24,-0.5288528066916267
2007-08-27,-0.5288751026875838
2007-08-28,-0.5288956167093866
2007-08-29,-0.5289144910528708
2007-08-30,-0.5289318566704915
2007-08-31,-0.5289478340726002
2007-09-03,-0.5316296115873904
2007-09-04,-0.5314329278300384
2007-09-05,-0.5312518516788225
2007-09-06,-0.5310851540058483
2007-09-07,-0.5309317009644935
2007-09-10,-0.5307904469135034
2007-09-11,-0.5306604277401915
2007-09-12,-0.5305407546605101
2007-09-13,-0.5304306084664138
2007-09-14,-0.5303292341920323
2007-09-17,-0.530235936171371
2007-09-18,-0.5301500734615117
2007-09-19,-0.5300710556065756
2007-09-20,-0.5299983387190255
2007-09-21,-0.5299314218561719
2007-09-24,-0.5298698436710415
2007-09-25,-0.5298131793180054
2007-09-26,-0.5297610375947891
2007-09-27,-0.5297130583036485
2007-09-28,-0.5296689098156173
2007-10-01,-0.5296282868228044
2007-10-02,-0.5317397609156969
2007-10-03,-0.5315358661888077
2007-10-04,-0.5313481249500095
2007-10-05,-0.5311752691635441
2007-10-08,-0.5310161284253481
2007-10-09,-0.5308696228532166
2007-10-10,-0.5307347563166864
2007-10-11,-0.5306106101374313
2007-10-12,-0.5304963372331564
2007-10-15,-0.5303911566785691
2007-10-16,-0.530294348657774
2007-10-17,-0.5302052497833556
2007-10-18,-0.5301232487583962
2007-10-19,-0.5300477823587632
2007-10-22,-0.5299783317140805
2007-10-23,-0.5299144188669332
2007-10-24,-0.5298556035909683
2007-10-25,-0.5298014804496592
2007-10-26,-0.5297516760785945
2007-10-29,-0.529705846675193
2007-10-30,-0.5296636756807733
2007-10-31,-0.5296248716408782
2007-11-01,-0.5303748695370426
2007-11-02,-0.5302792156645989
2007-11-05,-0.5301912220173535
2007-11-06,-0.5301102747090286
2007-11-07,-0.530035808988909
2007-11-08,-0.5299673054448524
2007-11-09,-0.529904286352245
2007-11-12,-0.529846312318637
2007-11-13,-0.5297929791998666
2007-11-14,-0.5297439152655009
2007-11-15,-0.5296987785932583
2007-11-16,-0.5296572546737602
2007-11-19,-0.529619054208508
2007-11-20,-0.5295839110853806
2007-11-21,-0.5295515805172517
2007-11-22,-0.5295218373304982
2007-11-23,-0.5294944743912633
2007-11-26,-0.5294693011583258
2007-11-27,-0.529446142352342
2007-11-28,-0.5294248367320562
2007-11-29,-0.529405235968849
2007-11-30,-0.5293872036116873
2007-12-03,-0.528338288770784
2007-12-04,-0.5284052066234499
2007-12-05,-0.5284667591750501
2007-12-06,-0.5285233773664246
2007-12-07,-0.5285754575091948
2007-12-10,-0.5286233639693788
2007-12-11,-0.5286674317601471
2007-12-12,-0.5287079689214249
2007-12-13,-0.5287452587042856
2007-12-14,-0.5287795615764977
2007-12-17,-0.5288111170641652
2007-12-18,-0.5288401454431133
2007-12-19,-0.5288668492924874
2007-12-20,-0.528891414921972
2007-12-21,-0.5289140136830632
2007-12-24,-0.5289348031739423
2007-12-25,-0.5289539283466942
2007-12-26,-0.5289715225248789
2007-12-27,-0.528987708338789
2007-12-28,-0.5290025985851236
2007-12-31,-0.5290162970172386
2008-01-01,-0.5277863373679696
2008-01-02,-0.5278964305809948
2008-01-03,-0.5279978759246065
2008-01-04,-0.5280913404254117
2008-01-07,-0.5281774418476208
2008-01-08,-0.5282567517145996
2008-01-09,-0.5283297985195217
2008-01-10,-0.5283970707542632
2008-01-11,-0.5284590197595342
2008-01-14,-0.5285160624007729
2008-01-15,-0.5285685835754794
2008-01-16,-0.5286169385584749
2008-01-17,-0.5286614551921364
2008-01-18,-0.5287024359289987
2008-01-21,-0.528740159734296
2008-01-22,-0.5287748838560609
2008-01-23,-0.5288068454703414
2008-01-24,-0.5288362632089544
2008-01-25,-0.5288633385770026
2008-01-28,-0.5288882572671287
2008-01-29,-0.528911190377214
2008-01-30,-0.5289322955379245
2008-01-31,-0.5289517179562042
2008-02-01,-0.5249503456544478
2008-02-04,-0.5252874486672401
2008-02-05,-0.5255972177605002
2008-02-06,-0.5258818960095661
2008-02-07,-0.5261435386411587
2008-02-08,-0.5263840289973232
2008-02-11,-0.526605093455434
2008-02-12,-0.5268083149699854
2008-02-13,-0.5269951453759139
2008-02-14,-0.5271669165772312
2008-02-15,-0.5273248507308513
2008-02-18,-0.5274700695233763
2008-02-19,-0.5276036026279877
2008-02-20,-0.5277263954192983
2008-02-21,-0.5278393160158272
2008-02-22,-0.5279431617125534
2008-02-25,-0.52803866485964
2008-02-26,-0.5281264982377677
2008-02-27,-0.5282072799755262
2008-02-28,-0.5282815780498518
2008-02-29,-0.5283499144065404
2008-03-03,-0.5264975538025947
2008-03-04,-0.5267076971350475
2008-03-05,-0.5269008907509064
2008-03-06,-0.5270785118160258
2008-03-07,-0.5272418242220586
2008-03-10,-0.5273919879472729
2008-03-11,-0.5275300678053221
2008-03-12,-0.5276570414260036
2008-03-13,-0.5277738065401794
2008-03-14,-0.5278811876335379
2008-03-17,-0.5279799420272823
2008-03-18,-0.5280707654379767
2008-03-19,-0.5281542970635942
2008-03-20,-0.5282311242382018
2008-03-21,-0.5283017866936118
2008-03-24,-0.5283667804626548
2008-03-25,-0.5284265614554654
2008-03-26,-0.5284815487372245
2008-03-27,-0.5285321275331745
2008-03-28,-0.5285786519843578
2008-03-31,-0.5286214476753943
2008-04-01,-0.5299046004958282
2008-04-02,-0.5298423806127781
2008-04-03,-0.5297851530160952
2008-04-04,-0.5297325160736742
2008-04-07,-0.5296841006271894
2008-04-08,-0.5296395673424639
2008-04-09,-0.5295986042790466
2008-04-10,-0.5295609246609945
2008-04-11,-0.5295262648317394
2008-04-14,-0.5294943823774381
2008-04-15,-0.5294650544045867
2008-04-16,-0.5294380759589342
2008-04-17,-0.5294132585738494
2008-04-18,-0.529390428937341
2008-04-21,-0.5293694276678512
2008-04-22,-0.5293501081897924
2008-04-23,-0.5293323357005784
2008-04-24,-0.5293159862215889
2008-04-25,-0.5293009457261603
2008-04-28,-0.5292871093382687
2008-04-29,-0.5292743805961089
2008-04-30,-0.5292626707752566
2008-05-01,-0.5330498289515817
2008-05-02,-0.5327407087222973
2008-05-05,-0.5324560517030719
2008-05-06,-0.5321939416566073
2008-05-07,-0.5319526091542585
2008-05-08,-0.53173042111914
2008-05-09,-0.5315258707016959
2008-05-12,-0.5313375678482001
2008-05-13,-0.5311642305240014
2008-05-14,-0.5310046765538892
2008-05-15,-0.530857816042818
2008-05-16,-0.5307226443413391
2008-05-19,-0.5305982355213504
2008-05-20,-0.5304837363291839
2008-05-21,-0.530378360584524
2008-05-22,-0.5302813839951853
2008-05-23,-0.5301921393593259
2008-05-26,-0.530110012128231
2008-05-27,-0.530034436304325
2008-05-28,-0.5299648906505827
2008-05-29,-0.5299008951889608
2008-05-30,-0.5298420079668842
2008-06-02,-0.529787822072174
2008-06-03,-0.5300639049744322
2008-06-04,-0.5299923404678142
2008-06-05,-0.5299264797527923
2008-06-06,-0.5298658697949072
2008-06-09,-0.5298100933071452
2008-06-10,-0.5297587659608956
2008-06-11,-0.5297115338141688
2008-06-12,-0.5296680709356598
2008-06-13,-0.529628077210496
2008-06-16,-0.5295912763144088
2008-06-17,-0.529557413843943
2008-06-18,-0.5295262555911326
2008-06-19,-0.5294975859518737
2008-06-20,-0.5294712064579528
2008-06-23,-0.5294469344234014
2008-06-24,-0.5294246016965085
2008-06-25,-0.5294040535094359
2008-06-26,-0.529385147417972
2008-06-27,-0.5293677523245055
2008-06-30,-0.5293517475778
2008-07-01,-0.5224689365052599
2008-07-02,-0.522999010009422
2008-07-03,-0.5234866280016366
2008-07-04,-0.5239351938592819
2008-07-07,-0.524347838745674
2008-07-08,-0.524727442160128
2008-07-09,-0.5250766522725765
2008-07-10,-0.5253979045956209
2008-07-11,-0.5256934391336084
2008-07-14,-0.5259653161359039
2008-07-15,-0.5262154305703404
2008-07-16,-0.5264455254227474
2008-07-17,-0.5266572039193265
2008-07-18,-0.5268519407603764
2008-07-21,-0.5270310924463669
2008-07-22,-0.5271959067705273
2008-07-23,-0.5273475315459129
2008-07-24,-0.5274870226292359
2008-07-25,-0.5276153512985886
2008-07-28,-0.5277334110374549
2008-07-29,-0.527842023773099
2008-07-30,-0.5279419456134669
2008-07-31,-0.5280338721231193
2008-08-01,-0.5285081166833172
2008-08-04,-0.5285553373968526
2008-08-05,-0.52859877998981
2008-08-06,-0.5286387468369134
2008-08-07,-0.5286755160499976
2008-08-08,-0.5287093434838969
2008-08-11,-0.5287404645182512
2008-08-12,-0.528769095696574
2008-08-13,-0.5287954362340324
2008-08-14,-0.5288196694044661
2008-08-15,-0.5288419638163294
2008-08-18,-0.5288624745864581
2008-08-19,-0.5288813444198537
2008-08-20,-0.5288987046030129
2008-08-21,-0.5289146759177337
2008-08-22,-0.5289293694817642
2008-08-25,-0.5289428875221598
2008-08-26,-0.528955324086734
2008-08-27,-0.5289667656985637
2008-08-28,-0.5289772919581089
2008-08-29,-0.5289869760971407
2008-09-01,-0.5289958854883363
2008-09-02,-0.526935587654563
2008-09-03,-0.5271056510063038
2008-09-04,-0.5272620843328779
2008-09-05,-0.5274059816134167
2008-09-08,-0.5275383490320245
2008-09-09,-0.5276601117674766
2008-09-10,-0.5277721205528854
2008-09-11,-0.5278751576982422
2008-09-12,-0.5279699426207427
2008-09-15,-0.5280571369238998
2008-09-16,-0.5281373490629175
2008-09-17,-0.5282111386305866
2008-09-18,-0.5282790202950222
2008-09-19,-0.5283414674179348
2008-09-22,-0.5283989153796724
2008-09-23,-0.5284517646350827
2008-09-24,-0.5285003835222224
2008-09-25,-0.5285451108441009
2008-09-26,-0.5285862582419707
2008-09-29,-0.528624112377132
2008-09-30,-0.5286589369368269
2008-10-01,-0.5205496105146735
2008-10-02,-0.521210566624505
2008-10-03,-0.5218182416107485
2008-10-06,-0.5223769599363259
2008-10-07,-0.5228906918331468
2008-10-08,-0.5233630814268692
2008-10-09,-0.5237974741831437
2008-10-10,-0.5241969419373564
2008-10-13,-0.5245643057378984
2008-10-14,-0.5249021567083161
2008-10-15,-0.525212875112089
2008-10-16,-0.5254986477848286
2008-10-17,-0.5257614840819864
2008-10-20,-0.5260032304754068
2008-10-21,-0.5262255839189776
2008-10-22,-0.5264301040920072
2008-10-23,-0.5266182246186131
2008-10-24,-0.5267912633521467
2008-10-27,-0.5269504318054118
2008-10-28,-0.5270968438000082
2008-10-29,-0.5272315234014603
2008-10-30,-0.5273554122007884
2008-10-31,-0.5274693759977607
2008-11-03,-0.493873790344172
2008-11-04,-0.4384629389873306
2008-11-05,-0.38629733239703234
2008-11-06,-0.337248305660388
2008-11-07,-0.29118548645459646
2008-11-10,-0.24797784575946424
2008-11-11,-0.20749438741760823
2008-11-12,-0.1696048144131532
2008-11-13,-0.1341801594145266
2008-11-14,-0.1010933695055497
2008-11-17,-0.07021983745662339
2008-11-18,-0.04143787424696525
2008-11-19,-0.014629119747253182
2008-11-20,0.010321109556861007
2008-11-21,0.033523535218140596
2008-11-24,0.05508469186372817
2008-11-25,0.07510675949907485
2008-11-26,0.09368744912471373
2008-11-27,0.11091993712767771
2008-11-28,0.12689284355467467
2008-12-01,0.14169024921521595
2008-12-02,0.21039808990444467
2008-12-03,0.22228161089305737
2008-12-04,0.2339081121784132
2008-12-05,0.2452653684339865
2008-12-08,0.2563412453991058
2008-12-09,0.2671239496405818
2008-12-10,0.2776022664657913
2008-12-11,0.2877657821062831
2008-12-12,0.29760508513943407
2008-12-15,0.30711194270921205
2008-12-16,0.316279447910944
2008-12-17,0.32510213567191787
2008-12-18,0.3335760655319606
2008-12-19,0.3416988708425536
2008-12-22,0.349469774996038
2008-12-23,0.3568895763093187
2008-12-24,0.36396060406971853
2008-12-25,0.37068664896709397
2008-12-26,0.37707287166298536
2008-12-29,0.38312569357574777
2008-12-30,0.3888526740949917
2008-12-31,0.39426237839521405
2009-01-01,0.3965336755653882
2009-01-02,0.40154399775718047
2009-01-05,0.4062571199509456
2009-01-06,0.41068448687627324
2009-01-07,0.4148378846051513
2009-01-08,0.4187293249638687
2009-01-09,0.4223709373779896
2009-01-12,0.42577486984140067
2009-01-13,0.4289531998037088
2009-01-14,0.43191785538170735
2009-01-15,0.4346805469703456
2009-01-16,0.43725270905748226
2009-01-19,0.4396454518327648
2009-01-20,0.4418695220201763
2009-01-21,0.4439352722507217
2009-01-22,0.44585263822016347
2009-01-23,0.4476311228401628
2009-01-26,0.4492797865832621
2009-01-27,0.45080724323682314
2009-01-28,0.45222166031287436
2009-01-29,0.453530763405019
2009-01-30,0.45474184383602856
2009-02-02,0.45586176899709185
2009-02-03,0.454028431694507
2009-02-04,0.4551203656550618
2009-02-05,0.4561504566461806
2009-02-06,0.45712029705567925
2009-02-09,0.45803175758001613
2009-02-10,0.45888692364110073
2009-02-11,0.4596880388525089
2009-02-12,0.4604374561210572
2009-02-13,0.46113759576533253
2009-02-16,0.4617909100201857
2009-02-17,0.4623998532993343
2009-02-18,0.4629668576041516
2009-02-19,0.463494312492549
2009-02-20,0.4639845490549777
2009-02-23,0.4644398273826301
2009-02-24,0.4648623270539225
2009-02-25,0.4652541402076323
2009-02-26,0.4656172668133339
2009-02-27,0.46595361179098305
2009-03-02,0.4662649836709134
2009-03-03,0.46692122739578634
2009-03-04,0.46712711103011484
2009-03-05,0.46732210444961764
2009-03-06,0.4675062778569115
2009-03-09,0.46767980675349685
2009-03-10,0.4678429494349546
2009-03-11,0.4679960273662327
2009-03-12,0.46813940875098226
2009-03-13,0.46827349486158265
2009-03-16,0.4683987087454503
2009-03-17,0.46851548596823184
2009-03-18,0.468624267095577
2009-03-19,0.4687254916524334
2009-03-20,0.4688195933323517
2009-03-23,0.4689069962593332
2009-03-24,0.4689881121314925
2009-03-25,0.46906333809949846
2009-03-26,0.4691330552536458
2009-03-27,0.4691976276117243
2009-03-30,0.4692574015158778
2009-03-31,0.4693127053605698
2009-04-01,0.4642185220074121
2009-04-02,0.46465370243681897
2009-04-03,0.46505422723867584
2009-04-06,0.46542284479709795
2009-04-07,0.4657620873611727
2009-04-08,0.46607428764201164
2009-04-09,0.4663615943263826
2009-04-10,0.4666259864143441
2009-04-13,0.46686928646583264
2009-04-14,0.467093172835564
2009-04-15,0.46729919097033595
2009-04-16,0.46748876383782073
2009-04-17,0.4676632015512326
2009-04-20,0.4678237102498142
2009-04-21,0.46797140029090967
2009-04-22,0.4681072938054659
2009-04-23,0.46823233166511885
2009-04-24,0.46834737990557035
2009-04-27,0.4684532356477241
2009-04-28,0.4685506325550313
2009-04-29,0.46864024586267183
2009-04-30,0.4687226970115641
2009-05-01,0.4614909830048822
2009-05-04,0.46212343603052486
2009-05-05,0.4627041396860732
2009-05-06,0.4632374129862705
2009-05-07,0.46372720217316643
2009-05-08,0.46417711397860006
2009-05-11,0.4645904465530081
2009-05-12,0.4649702173161893
2009-05-13,0.4653191880746729
2009-05-14,0.4656398877063513
2009-05-15,0.4659346326754016
2009-05-18,0.4662055456081991
2009-05-19,0.4664545721331026
2009-05-20,0.46668349616297433
2009-05-21,0.4668939537784877
2009-05-22,0.4670874458522241
2009-05-25,0.4672653495378375
2009-05-26,0.4674289287348409
2009-05-27,0.46757934362756814
2009-05-28,0.46771765938632814
2009-05-29,0.4678448541095126
2009-06-01,0.46796182607725023
2009-06-02,0.45933593474347634
2009-06-03,0.46008373866779817
2009-06-04,0.4607699989606997
2009-06-05,0.46139990751684357
2009-06-08,0.46197819951618274
2009-06-09,0.46250919551094916
2009-06-10,0.4629968403089841
2009-06-11,0.46344473782070217
2009-06-12,0.46385618234579173
2009-06-15,0.46423418671160244
2009-06-16,0.46458150762074146
2009-06-17,0.4649006685190703
2009-06-18,0.46519398025574743
2009-06-19,0.465463559773089
2009-06-22,0.4657113470349246
2009-06-23,0.4659391203770671
2009-06-24,0.4661485104418553
2009-06-25,0.46634101283997914
2009-06-26,0.4665179996664923
2009-06-29,0.46668072998372995
2009-06-30,0.4668303593714528
2009-07-01,0.4707780170759735
2009-07-02,0.4706108008175295
2009-07-03,0.4704570316630343
2009-07-06,0.47031562363723467
2009-07-07,0.4701855788018609
2009-07-08,0.47006598042039827
2009-07-09,0.4699559862570192
2009-07-10,0.4698548224420051
2009-07-13,0.4697617778538923
2009-07-14,0.46967619897320273
2009-07-15,0.4695974851667697
2009-07-16,0.46952508436542134
2009-07-17,0.4694584891011705
2009-07-20,0.4693972328731095
2009-07-21,0.4693408868139747
2009-07-22,0.46928905663184506
2009-07-23,0.4692413798036951
2009-07-24,0.469197522999579
2009-07-27,0.46915717971807364
2009-07-28,0.46912006811530027
2009-07-29,0.46908592901137325
2009-07-30,0.4690545240595142
2009-07-31,0.4690256340643385
2009-08-03,0.4584941654211445
2009-08-04,0.4591467992220841
2009-08-05,0.4597458928468339
2009-08-06,0.4602959364703729
2009-08-07,0.4608010293025473
2009-08-10,0.46126491507808987
2009-08-11,0.4616910148654332
2009-08-12,0.4620824565475996
2009-08-13,0.4624421013566622
2009-08-14,0.462772567793388
2009-08-17,0.46307625322113993
2009-08-18,0.4633553533867334
2009-08-19,0.46361188008973586
2009-08-20,0.4638476771948505
2009-08-21,0.4640644351588532
2009-08-24,0.4642637042235169
2009-08-25,0.4644469064085612
2009-08-26,0.46461534642353947
2009-08-27,0.4647702216043867
2009-08-28,0.46491263096880764
2009-08-31,0.4650435834745788
2009-09-01,0.453919327715793
2009-09-02,0.4546450007124948
2009-09-03,0.45531103625409697
2009-09-04,0.45592245192332603
2009-09-07,0.45648382647998276
2009-09-08,0.4569993393995426
2009-09-09,0.457472808075292
2009-09-10,0.4579077211925896
2009-09-11,0.4583072687223364
2009-09-14,0.4586743689210211
2009-09-15,0.45901169267398917
2009-09-16,0.45932168547536134
2009-09-17,0.4596065873010825
2009-09-18,0.45986845059990344
2009-09-21,0.4601091565998555
2009-09-22,0.46033043010426994
2009-09-23,0.4605338529310733
2009-09-24,0.46072087613144946
2009-09-25,0.46089283110861967
2009-09-28,0.4610509397441167
2009-09-29,0.4611963236272262
2009-09-30,0.46133001247301497
2009-10-01,0.44954658478816795
2009-10-02,0.4500114977574232
2009-10-05,0.4504387604172556
2009-10-06,0.4508314542213474
2009-10-07,0.4511924050194972
2009-10-08,0.45152420315276287
2009-10-09,0.4518292237830343
2009-10-12,0.452109645358786
2009-10-13,0.45236746640457953
2009-10-14,0.4526045208005169
2009-10-15,0.45282249169927
2009-10-16,0.45302292421210566
2009-10-19,0.4532072369811692
2009-10-20,0.453376732742853
2009-10-21,0.45353260797615685
2009-10-22,0.45367596172031244
2009-10-23,0.4538078036374239
2009-10-26,0.4539290613883353
2009-10-27,0.4540405873832347
2009-10-28,0.45414316496253815
2009-10-29,0.45423751405828117
2009-10-30,0.4543242963814913
2009-11-02,0.4544041201767616
2009-11-03,0.4689278820077803
2009-11-04,0.46818751232399713
2009-11-05,0.4675055279512471
2009-11-06,0.4668773884003427
2009-11-09,0.4662988957170271
2009-11-10,0.4657661709782694
2009-11-11,0.46527563133601313
2009-11-12,0.4648239685085061
2009-11-13,0.4644081286614856
2009-11-16,0.46402529361768374
2009-11-17,0.46367286333075797
2009-11-18,0.46334843955861255
2009-11-19,0.46304981067090495
2009-11-20,0.4627749375261516
2009-11-23,0.46252194035508776
2009-11-24,0.46228908658864637
2009-11-25,0.4620747795710028
2009-11-26,0.46187754810045567
2009-11-27,0.461696036743433
2009-11-30,0.4615289968695304
2009-12-01,0.45642635810728893
2009-12-02,0.45646444619976545
2009-12-03,0.45649950118621674
2009-12-04,0.4565317631509489
2009-12-07,0.45656145379325613
2009-12-08,0.45658877734300374
2009-12-09,0.4566139219174938
2009-12-10,0.4566370607759772
2009-12-11,0.4566583534790594
2009-12-14,0.456677946959812
2009-12-15,0.4566959765129749
2009-12-16,0.4567125667082296
2009-12-17,0.45672783223312563
2009-12-18,0.4567418786708783
2009-12-21,0.45675480321789375
2009-12-22,0.45676669534554826
2009-12-23,0.45677763741042515
2009-12-24,0.45678770521692313
2009-12-25,0.4567969685358606
2009-12-28,0.4568054915824458
2009-12-29,0.4568133334567307
2009-12-30,0.4568205485494414
2009-12-31,0.456827186915859
2010-01-01,0.45702243685362315
2010-01-04,0.4570050657381539
2010-01-05,0.4569890834679138
2010-01-06,0.4569743791011298
2010-01-07,0.45696085050965907
2010-01-08,0.45694840371962253
2010-01-11,0.45693695226151787
2010-01-12,0.4569264165719466
2010-01-13,0.4569167234428847
2010-01-14,0.4569078055147417
2010-01-15,0.45689960080974545
2010-01-18,0.45689205230246455
2010-01-19,0.4568851075245232
2010-01-20,0.45687871820080206
2010-01-21,0.4568728399146237
2010-01-22,0.456867431799626
2010-01-25,0.45686245625620026
2010-01-26,0.4568578786905432
2010-01-27,0.4568536672745246
2010-01-28,0.45684979272471493
2010-01-29,0.4568462280990473
2010-02-01,0.4568429486097097
2010-02-02,0.47457966829977494
2010-02-03,0.4735329909475953
2010-02-04,0.4725675514383661
2010-02-05,0.47167722182037497
2010-02-08,0.4708563094551867
2010-02-09,0.4700995307568727
2010-02-10,0.4694019851214963
2010-02-11,0.46875913001800285
2010-02-12,0.4681667572694391
2010-02-15,0.467620970536445
2010-02-16,0.4671181640008064
2010-02-17,0.4666550022352187
2010-02-18,0.46622840123599707
2010-02-19,0.4658355105880032
2010-02-22,0.46547369672528494
2010-02-23,0.46514052724660193
2010-02-24,0.4648337562419292
2010-02-25,0.4645513105839971
2010-02-26,0.46429127713776536
2010-03-01,0.46405189084029363
2010-03-02,0.46828254126618585
2010-03-03,0.4677877571611585
2010-03-04,0.46733200055585306
2010-03-05,0.46691223345744937
2010-03-08,0.46652564795913143
2010-03-09,0.46616965008059513
2010-03-10,0.465841844246653
2010-03-11,0.46554001877405593
2010-03-12,0.4652621323193555
2010-03-15,0.46500630123976533
2010-03-16,0.46477078781879355
2010-03-17,0.4645539893087819
2010-03-18,0.464354427743288
2010-03-19,0.46417074047340345
2010-03-22,0.46400167138351495
2010-03-23,0.4638460627436399
2010-03-24,0.463702847657224
2010-03-25,0.4635710430651486
2010-03-26,0.46344974326860455
2010-03-29,0.4633381139354258
2010-03-30,0.46323538655640795
2010-03-31,0.4631408533200397
2010-04-01,0.4552990275647123
2010-04-02,0.45555526336915275
2010-04-05,0.4557908942885785
2010-04-06,0.4560075842857919
2010-04-07,0.45620686263290067
2010-04-08,0.456390134086599
2010-04-09,0.456558689188523
2010-04-12,0.4567137136883116
2010-04-13,0.4568562971680041
2010-04-14,0.4569874409387553
2010-04-15,0.45710806527403713
2010-04-16,0.45721901603741094
2010-04-19,0.4573210707575132
2010-04-20,0.457414944198017
2010-04-21,0.4575012934659501
2010-04-22,0.4575807226978124
2010-04-23,0.4576537873593795
2010-04-26,0.45772099819188133
2010-04-27,0.4577828248343466
2010-04-28,0.4578396991492866
2010-04-29,0.4578920182765184
2010-04-30,0.4579401474377792
2010-05-03,0.4673210869739913
2010-05-04,0.46677652501031774
2010-05-05,0.4662749046680049
2010-05-06,0.4658128851967014
2010-05-07,0.4653873784102833
2010-05-10,0.46499553119748555
2010-05-11,0.46463470849324673
2010-05-12,0.4643024773528578
2010-05-13,0.4639965920776642
2010-05-14,0.46371498034010206
2010-05-17,0.46345573025560827
2010-05-18,0.4632170783492977
2010-05-19,0.4629973983661403
2010-05-20,0.462795190874591
2010-05-21,0.46260907361513387
2010-05-24,0.46243777254694474
2010-05-25,0.462280113547763
2010-05-26,0.46213501472407426
2010-05-27,0.4620014792907642
2010-05-28,0.46187858898150835
2010-05-31,0.46176549795325106
2010-06-01,0.4810560737498809
2010-06-02,0.4798109868177295
2010-06-03,0.47866064153639193
2010-06-04,0.4775981778589362
2010-06-07,0.4766171795930858
2010-06-08,0.47571165429787754
2010-06-09,0.47487601211524544
2010-06-10,0.47410504455370844
2010-06-11,0.4733939034513195
2010-06-14,0.47273808030145614
2010-06-15,0.47213338608709704
2010-06-16,0.4715759317365036
2010-06-17,0.47106210928518855
2010-06-18,0.4705885738052755
2010-06-21,0.4701522261433245
2010-06-22,0.46975019649100647
2010-06-23,0.46937982879923545
2010-06-24,0.46903866603511957
2010-06-25,0.46872443627204236
2010-06-28,0.46843503959601085
2010-06-29,0.4681685358058406
2010-06-30,0.46792313288052106
2010-07-01,0.4706626014191415
2010-07-02,0.47029435166884326
2010-07-05,0.46995509818948333
2010-07-06,0.4696425918026386
2010-07-07,0.4693547525191658
2010-07-08,0.4690896577020832
2010-07-09,0.468845530838468
2010-07-12,0.46862073100714086
2010-07-13,0.46841374301617245
2010-07-14,0.4682231681820664
2010-07-15,0.4680477157210514
2010-07-16,0.4678861947221247
2010-07-19,0.4677375066712076
2010-07-20,0.46760063849589617
2010-07-21,0.4674746561007348
2010-07-22,0.46735869836364285
2010-07-23,0.4672519715650083
2010-07-26,0.46715374422199607
2010-07-27,0.46706334230174895
2010-07-28,0.46698014478835137
2010-07-29,0.4669035795796673
2010-07-30,0.4668331196914056
2010-08-02,0.466768279747023
2010-08-03,0.4584365144612038
2010-08-04,0.4590591707240945
2010-08-05,0.4596316490595641
2010-08-06,0.46015801940030554
2010-08-09,0.4606420189018944
2010-08-10,0.46108707808409305
2010-08-11,0.46149634658640215
2010-08-12,0.4618727166642851
2010-08-13,0.46221884463981094
2010-08-16,0.46253717049773563
2010-08-17,0.46282993579811504
2010-08-18,0.46309920005903965
2010-08-19,0.4633468557476264
2010-08-20,0.4635746420037419
2010-08-23,0.4637841572087985
2010-08-24,0.4639768705011798
2010-08-25,0.4641541323302302
2010-08-26,0.46431718413213546
2010-08-27,0.46446716720332404
2010-08-30,0.4646051308400934
2010-08-31,0.4647320398069464
2010-09-01,0.47539752347428044
2010-09-02,0.47477234420561143
2010-09-03,0.4741957921027658
2010-09-06,0.47366418623076856
2010-09-07,0.4731741084717467
2010-09-08,0.47272238761063967
2010-09-09,0.4723060835023188
2010-09-10,0.47192247193742265
2010-09-13,0.4715690302309552
2010-09-14,0.47124342354502496
2010-09-15,0.47094349194679297
2010-09-16,0.4706672381943865
2010-09-17,0.47041281623695963
2010-09-20,0.4701785204099599
2010-09-21,0.4699627753027848
2010-09-22,0.4697641262731751
2010-09-23,0.469581230580706
2010-09-24,0.4694128491104841
2010-09-27,0.46925783865747894
2010-09-28,0.46911514474171034
2010-09-29,0.468983794924696
2010-09-30,0.46886289259804037
2010-10-01,0.4607117232572899
2010-10-04,0.46116464468056517
2010-10-05,0.4615807978039636
2010-10-06,0.46196320612430597
2010-10-07,0.46231463950707247
2010-10-08,0.4626376352613617
2010-10-11,0.46293451846750655
2010-10-12,0.4632074204051373
2010-10-13,0.4634582952776008
2010-10-14,0.4636889354057811
2010-10-15,0.46390098504452804
2010-10-18,0.46409595295765954
2010-10-19,0.4642752238724586
2010-10-20,0.46444006892143597
2010-10-21,0.4645916551676035
2010-10-22,0.4647310542993641
2010-10-25,0.464859250572207
2010-10-26,0.4649771480665021
2010-10-27,0.4650855773237227
2010-10-28,0.4651853014172257
2010-10-29,0.46527702150822603
2010-11-01,0.4653613819326939
2010-11-02,0.4596587289960744
2010-11-03,0.4601802374209285
2010-11-04,0.46065962284523043
2010-11-05,0.4611003168735482
2010-11-08,0.4615054678535925
2010-11-09,0.46187796395622266
2010-11-10,0.46222045530247113
2010-11-11,0.46253537411047263
2010-11-12,0.4628249530548342
2010-11-15,0.46309124200990337
2010-11-16,0.4633361233299762
2010-11-17,0.4635613258033386
2010-11-18,0.46376843740283735
2010-11-19,0.4639589169431627
2010-11-22,0.4641341047439515
2010-11-23,0.4642952323880204
2010-11-24,0.4644434316553127
2010-11-25,0.46457974270539426
2010-11-26,0.46470512157439436
2010-11-29,0.4648204470461083
2010-11-30,0.4649265269514182
2010-12-01,0.4875928905272059
2010-12-02,0.48608198007346776
2010-12-03,0.4846843217185367
2010-12-06,0.48339196268698215
2010-12-07,0.4821974289596319
2010-12-08,0.48109370916042804
2010-12-09,0.4800742361199474
2010-12-10,0.47913286750867085
2010-12-13,0.4782638658952208
2010-12-14,0.47746187853012
2010-12-15,0.4767219171063365
2010-12-16,0.47603933770385426
2010-12-17,0.4754098210865797
2010-12-20,0.47482935348576366
2010-12-21,0.47429420797446614
2010-12-22,0.47380092651204025
2010-12-23,0.4733463027157989
2010-12-24,0.4729273653985559
2010-12-27,0.47254136289526205
2010-12-28,0.47218574818910275
2010-12-29,0.47185816483689924
2010-12-30,0.47155643368512196
2010-12-31,0.47127854036103556
2011-01-03,0.4657433525667226
2011-01-04,0.4658832139432576
2011-01-05,0.4660118655601644
2011-01-06,0.4661302068442669
2011-01-07,0.46623906542288657
2011-01-10,0.4663392022819414
2011-01-11,0.4664313171637232
2011-01-12,0.46651605352258996
2011-01-13,0.4665940030755328
2011-01-14,0.4666657099813659
2011-01-17,0.46673167467938104
2011-01-18,0.46679235741567027
2011-01-19,0.46684818148290996
2011-01-20,0.46689953619721425
2011-01-21,0.46694677963367026
2011-01-24,0.4669902411403496
2011-01-25,0.467030223648931
2011-01-26,0.4670670057985553
2011-01-27,0.4671008438881489
2011-01-28,0.46713197367118886
2011-01-31,0.46716061200572606
2011-02-01,0.45734503654179515
2011-02-02,0.45806629639525387
2011-02-03,0.458728643826611
2011-02-04,0.4593369794733352
2011-02-07,0.4598957841279827
2011-02-08,0.46040915499044893
2011-02-09,0.4608808403452813
2011-02-10,0.46131427082245835
2011-02-11,0.46171258762035844
2011-02-14,0.4620786680216027
2011-02-15,0.46241514849135135
2011-02-16,0.4627244456123323
2011-02-17,0.46300877508048616
2011-02-18,0.46327016895885675
2011-02-21,0.4635104913645981
2011-02-22,0.4637314527442051
2011-02-23,0.4639346228748439
2011-02-24,0.46412144271461053
2011-02-25,0.46429323521135346
2011-02-28,0.46445121516812005
2011-03-01,0.4628340113169077
2011-03-02,0.4631167810604194
2011-03-03,0.4633769143618657
2011-03-04,0.4636162241514792
2011-03-07,0.4638363783680378
2011-03-08,0.46403891118036805
2011-03-09,0.4642252337445517
2011-03-10,0.46439664409108133
2011-03-11,0.4645543362132346
2011-03-14,0.4646994084219293
2011-03-15,0.46483287102685833
2011-03-16,0.46495565339871603
2011-03-17,0.46506861046278425
2011-03-18,0.4651725286699916
2011-03-21,0.4652681314877562
2011-03-22,0.4653560844494605
2011-03-23,0.4654369997982102
2011-03-24,0.46551144075763223
2011-03-25,0.46557992545978505
2011-03-28,0.4656429305578167
2011-03-29,0.4657008945487548
2011-03-30,0.46575422082975937
2011-03-31,0.46580328050927444
2011-04-01,0.46917296975133355
2011-04-04,0.4690041483915045
2011-04-05,0.46884877006180226
2011-04-06,0.4687057689632621
2011-04-07,0.46857416302228605
2011-04-08,0.4684530474953469
2011-04-11,0.46834158897040545
2011-04-12,0.4682390198198021
2011-04-13,0.46814463307277526
2011-04-14,0.46805777767766854
2011-04-15,0.46797785412574183
2011-04-18,0.467904310410292
2011-04-19,0.467836638296488
2011-04-20,0.4677743698789689
2011-04-21,0.4677170744057945
2011-04-22,0.4676643553488137
2011-04-25,0.46761584770190007
2011-04-26,0.4675712154898151
2011-04-27,0.46753014947168725
2011-04-28,0.46749236502424735
2011-04-29,0.46745760019104815
2011-05-02,0.46742561388489673
2011-05-03,0.4517303400332191
2011-05-04,0.45247598296240976
2011-05-05,0.4531616139241593
2011-05-06,0.4537920844698361
2011-05-09,0.4543718555260864
2011-05-10,0.45490502364971225
2011-05-11,0.45539535135287323
2011-05-12,0.4558462948162564
2011-05-13,0.4562610292289733
2011-05-16,0.45664247196998736
2011-05-17,0.45699330382464787
2011-05-18,0.4573159884110472
2011-05-19,0.45761278997411386
2011-05-20,0.45788578969037386
2011-05-23,0.45813690061289514
2011-05-24,0.4583678813739236
2011-05-25,0.45858034875192916
2011-05-26,0.458775789200082
2011-05-27,0.45895556942443966
2011-05-30,0.4591209460922472
2011-05-31,0.4592730747436282
2011-06-01,0.48400940459578595
2011-06-02,0.482722865667496
2011-06-03,0.4815339154926836
2011-06-06,0.48043553545485035
2011-06-07,0.4794211533299683
2011-06-08,0.47848462464234515
2011-06-09,0.4776202123367917
2011-06-10,0.4768225661918386
2011-06-13,0.47608670223205884
2011-06-14,0.4754079823511697
2011-06-15,0.4747820943167417
2011-06-16,0.4742050322917219
2011-06-17,0.4736730779771739
2011-06-20,0.4731827824542465
2011-06-21,0.47273094878097993
2011-06-22,0.47231461538069663
2011-06-23,0.4719310402430275
2011-06-24,0.47157768594567107
2011-06-27,0.471252205494449
2011-06-28,0.47095242897075196
2011-06-29,0.4706763509687928
2011-06-30,0.47042211879991486
2011-07-01,0.4783301880222633
2011-07-04,0.4775480309417176
2011-07-05,0.47682633936521945
2011-07-06,0.4761605907903222
2011-07-07,0.4755465777349104
2011-07-08,0.47498038974011814
2011-07-11,0.4744583953485278
2011-07-12,0.4739772247142001
2011-07-13,0.47353375290338595
2011-07-14,0.4731250839263401
2011-07-15,0.47274853552519647
2011-07-18,0.4724016247300133
2011-07-19,0.47208205418454496
2011-07-20,0.4717876992347393
2011-07-21,0.4715165957661196
2011-07-22,0.4712669287708591
2011-07-25,0.47103702162125033
2011-07-26,0.4708253260232393
2011-07-27,0.4706304126215505
2011-07-28,0.47045096222652727
2011-07-29,0.47028575763202374
2011-08-01,0.47013367599339784
2011-08-02,0.4826058716218411
2011-08-03,0.4815583195261684
2011-08-04,0.48059089719795917
2011-08-05,0.4796977399221338
2011-08-08,0.4788733719317493
2011-08-09,0.47811268728424083
2011-08-10,0.4774109300628888
2011-08-11,0.47676367480511195
2011-08-12,0.47616680731748967
2011-08-15,0.47561650600346067
2011-08-16,0.47510922380044185
2011-08-17,0.47464167079818426
2011-08-18,0.474210797589085
2011-08-19,0.4738137793834865
2011-08-22,0.4734480009082841
2011-08-23,0.47311104209508315
2011-08-24,0.47280066455432374
2011-08-25,0.4725147988239249
2011-08-26,0.4722515323748094
2011-08-29,0.47200909835089344
2011-08-30,0.4717858650175567
2011-08-31,0.4715803258900372
2011-09-01,0.48129088753379723
2011-09-02,0.48036815773835995
2011-09-05,0.47951692576666166
2011-09-06,0.4787318175587276
2011-09-07,0.47800783765587906
2011-09-08,0.4773403469166225
2011-09-09,0.4767250402595742
2011-09-12,0.4761579253124769
2011-09-13,0.4756353020114934
2011-09-14,0.47515374317707604
2011-09-15,0.47471007607777094
2011-09-16,0.47430136498096376
2011-09-19,0.47392489467950144
2011-09-20,0.473578154975054
2011-09-21,0.4732588260927272
2011-09-22,0.47296476499655815
2011-09-23,0.472693992571921
2011-09-26,0.4724446816383102
2011-09-27,0.4722151457543221
2011-09-28,0.4720038287757249
2011-09-29,0.4718092951272054
2011-09-30,0.4716302207485544
2011-10-03,0.47662387449946164
2011-10-04,0.47607525605256856
2011-10-05,0.47556969666496257
2011-10-06,0.4751038772033962
2011-10-07,0.47467472490937435
2011-10-10,0.4742793968936896
2011-10-11,0.4739152641110498
2011-10-12,0.47357989627208985
2011-10-13,0.47327104766676886
2011-10-14,0.4729866438685427
2011-10-17,0.47272476928531265
2011-10-18,0.4724836555207896
2011-10-19,0.4722616705084164
2011-10-20,0.47205730837920046
2011-10-21,0.4718691800245957
2011-10-24,0.4716960043158421
2011-10-25,0.4715365999417975
2011-10-26,0.4713898778282256
2011-10-27,0.4712548341026545
2011-10-28,0.4711305435702341
2011-10-31,0.4710161536674532
2011-11-01,0.4666427196511458
2011-11-02,0.466880569123615
2011-11-03,0.46709929635740544
2011-11-04,0.4673004451276918
2011-11-07,0.46748543411384325
2011-11-08,0.46765556658018814
2011-11-09,0.46781203990773496
2011-11-10,0.46795595431672166
2011-11-11,0.46808832085206503
2011-11-14,0.4682100686968502
2011-11-15,0.4683220518728091
2011-11-16,0.46842505538120155
2011-11-17,0.46851980083254874
2011-11-18,0.46860695160921323
2011-11-21,0.4686871176008123
2011-11-22,0.4687608595488422
2011-11-23,0.46882869303363844
2011-11-24,0.46889109213384916
2011-11-25,0.46894849278594936
2011-11-28,0.4690012958689065
2011-11-29,0.46904987003692955
2011-11-30,0.4690945543212524
2011-12-01,0.47049524767166473
2011-12-02,0.4704219744260454
2011-12-05,0.47035461949958723
2011-12-06,0.4702927010365916
2011-12-07,0.4702357767720739
2011-12-08,0.47018344094309616
2011-12-09,0.4701353211981447
2011-12-12,0.4700910757795673
2011-12-13,0.47005039095334483
2011-12-14,0.4700129786631021
2011-12-15,0.4699785743876104
2011-12-16,0.46994693518311087
2011-12-19,0.46991783789364244
2011-12-20,0.46989107751420833
2011-12-21,0.46986646569308793
2011-12-22,0.4698438293609171
2011-12-23,0.4698230094753407
2011-12-26,0.46980385987109086
2011-12-27,0.4697862462063005
2011-12-28,0.4697700449967034
2011-12-29,0.4697551427301456
2011-12-30,0.4697414350545157
2012-01-02,0.46972882603282873
2012-01-03,0.47098767878256087
2012-01-04,0.4708743412834965
2012-01-05,0.47077009030236067
2012-01-06,0.4706741961176457
2012-01-09,0.4705859876299392
2012-01-10,0.47050484781767543
2012-01-11,0.4704302093515985
2012-01-12,0.4703615505690558
2012-01-13,0.4702983917779759
2012-01-16,0.4702402918630095
2012-01-17,0.47018684516868164
2012-01-18,0.47013767863655986
2012-01-19,0.47009244917541315
2012-01-20,0.4700508412451192
2012-01-23,0.4700125646367114
2012-01-24,0.4699773524324422
2012-01-25,0.46994495913109036
2012-01-26,0.469915158924985
2012-01-27,0.4698877441163414
2012-01-30,0.46986252366153974
2012-01-31,0.46983932183292054
2012-02-01,0.4610353387100161
2012-02-02,0.4616385261171105
2012-02-03,0.4621924633608977
2012-02-06,0.4627012453517746
2012-02-07,0.46316861542490384
2012-02-08,0.46359799692573445
2012-02-09,0.4639925220546848
2012-02-10,0.46435505788469283
2012-02-13,0.464688229862386
2012-02-14,0.46499444306468296
2012-02-15,0.4652759014492247
2012-02-16,0.46553462530827017
2012-02-17,0.4657724671108804
2012-02-20,0.4659911258967249
2012-02-21,0.46619216036620276
2012-02-22,0.4663770007953318
2012-02-23,0.4665469598897009
2012-02-24,0.466703242679381
2012-02-27,0.4668469555458219
2012-02-28,0.46697911446219514
2012-02-29,0.46710065252022304
2012-03-01,0.46214476614740235
2012-03-02,0.4625648598270338
2012-03-05,0.4629509218999974
2012-03-06,0.4633057406814112
2012-03-07,0.4636318712189052
2012-03-08,0.46393165549669835
2012-03-09,0.4642072408380767
2012-03-12,0.46446059662104366
2012-03-13,0.4646935294764385
2012-03-14,0.4649076971186883
2012-03-15,0.4651046209426816
2012-03-16,0.46528569750568693
2012-03-19,0.4654522090004751
2012-03-20,0.4656053328145949
2012-03-21,0.46574615026088084
2012-03-22,0.46587565455555924
2012-03-23,0.4659947581126129
2012-03-26,0.46610429921622987
2012-03-27,0.4662050481270905
2012-03-28,0.4662977126728426
2012-03-29,0.4663829433682857
2012-03-30,0.4664613381064826
2012-04-02,0.4665334464581507
2012-04-03,0.4620856607330849
2012-04-04,0.46234142809295725
2012-04-05,0.46257682699219654
2012-04-06,0.46279347291148965
2012-04-09,0.4629928540526558
2012-04-10,0.46317634139093455
2012-04-11,0.46334519777632716
2012-04-12,0.463500586348415
2012-04-13,0.4636435783133912
2012-04-16,0.4637751601290534
2012-04-17,0.4638962401406159
2012-04-18,0.4640076547074396
2012-04-19,0.4641101738581353
2012-04-20,0.4642045065089876
2012-04-23,0.4642913052782619
2012-04-24,0.4643711709267109
2012-04-25,0.46444465645246835
2012-04-26,0.46451227086652397
2012-04-27,0.4645744826730925
2012-04-30,0.46463172307743644
2012-05-01,0.4654146496665843
2012-05-02,0.46532644002098267
2012-05-03,0.4652454760357775
2012-05-04,0.4651711496474119
2012-05-07,0.4651029054337614
2012-05-08,0.46504023610528755
2012-05-09,0.4649826780974102
2012-05-10,0.46492980759865
2012-05-11,0.4648812369674201
2012-05-14,0.46483661149588834
2012-05-15,0.46479560648418305
2012-05-16,0.4647579245924648
2012-05-17,0.4647232934421015
2012-05-18,0.4646914634404492
2012-05-21,0.46466220580660345
2012-05-22,0.46463531077799736
2012-05-23,0.4646105859799362
2012-05-24,0.4645878549421013
2012-05-25,0.46456695574777207
2012-05-28,0.4645477398030293
2012-05-29,0.46453007071453734
2012-05-30,0.46451382326568824
2012-05-31,0.46449888248193594
2012-06-01,0.4697075679803484
2012-06-04,0.46932552516030523
2012-06-05,0.46897371301135715
2012-06-06,0.4686497639092648
2012-06-07,0.4683514916143751
2012-06-08,0.46807687832073763
2012-06-11,0.46782406215070016
2012-06-12,0.4675913255062182
2012-06-13,0.4673770842293014
2012-06-14,0.4671798775248465
2012-06-15,0.46699835860027283
2012-06-18,0.46683128597780355
2012-06-19,0.4666775154368591
2012-06-20,0.4665359925457929
2012-06-21,0.46640574574404875
2012-06-22,0.4662858799377303
2012-06-25,0.46617557057349535
2012-06-26,0.46607405815761127
2012-06-27,0.46598064318890486
2012-06-28,0.46589468147619434
2012-06-29,0.4658155798125931
2012-07-02,0.4657427919808119
2012-07-03,0.46070423348221035
2012-07-04,0.4608763109882127
2012-07-05,0.46103453320592847
2012-07-06,0.4611800220237583
2012-07-09,0.4613138077782049
2012-07-10,0.4614368365763214
2012-07-11,0.46154997731335035
2012-07-12,0.4616540280855159
2012-07-13,0.46174972205314907
2012-07-16,0.4618377328038409
2012-07-17,0.46191867926044294
2012-07-18,0.46199313017439264
2012-07-19,0.46206160824096476
2012-07-20,0.46212459386959004
2012-07-23,0.4621825286392706
2012-07-24,0.4622358184663493
2012-07-25,0.46228483650937957
2012-07-26,0.4623299258335966
2012-07-27,0.4623714018554639
2012-07-30,0.4624095545859313
2012-07-31,0.4624446506893989
2012-08-01,0.17226884592289005
2012-08-02,0.1304211629858328
2012-08-03,0.09048502130135401
2012-08-06,0.05242083243772096
2012-08-07,0.01618762804096891
2012-08-08,-0.018257218752718428
2012-08-09,-0.050958178611221684
2012-08-10,-0.08196166085715358
2012-08-13,-0.1113160237005722
2012-08-14,-0.1390715076959117
2012-08-15,-0.16528010187347986
2012-08-16,-0.189995353136265
2012-08-17,-0.21327213016255508
2012-08-20,-0.23516635322520515
2012-08-21,-0.25573470106944834
2012-08-22,-0.2750343053450956
2012-08-23,-0.2931224421422976
2012-08-24,-0.3100562290158805
2012-08-27,-0.32589233458454303
2012-08-28,-0.3406867064350534
2012-08-29,-0.35449432171528794
2012-08-30,-0.36736896351847226
2012-08-31,-0.37936302498591257
2012-09-03,-0.3894851750940893
2012-09-04,-0.39994505129610053
2012-09-05,-0.4096660199079916
2012-09-06,-0.41869404321402687
2012-09-07,-0.4270730557377755
2012-09-10,-0.43484494313488153
2012-09-11,-0.4420495386507857
2012-09-12,-0.4487246350333346
2012-09-13,-0.45490601012459597
2012-09-14,-0.46062746431269
2012-09-17,-0.4659208680437374
2012-09-18,-0.4708162176610645
2012-09-19,-0.47534169794041603
2012-09-20,-0.479523749814882
2012-09-21,-0.48338714192230303
2012-09-24,-0.4869550447535421
2012-09-25,-0.49024910632639623
2012-09-26,-0.49328952845262575
2012-09-27,-0.4960951428014107
2012-09-28,-0.4986834860893228
2012-10-01,-0.5010708738432947
2012-10-02,-0.5036568699646251
2012-10-03,-0.505654614804528
2012-10-04,-0.5074966289006481
2012-10-05,-0.5091947595527611
2012-10-08,-0.5107599965271856
2012-10-09,-0.5122025275483166
2012-10-10,-0.5135317912315185
2012-10-11,-0.5147565273744366
2012-10-12,-0.51588482460122
2012-10-15,-0.5169241653821094
2012-10-16,-0.5178814684734907
2012-10-17,-0.5187631288415812
2012-10-18,-0.5195750551469356
2012-10-19,-0.5203227048775526
2012-10-22,-0.521011117226003
2012-10-23,-0.5216449438111688
2012-10-24,-0.5222284773482656
2012-10-25,-0.5227656783722038
2012-10-26,-0.5232602001192912
2012-10-29,-0.5237154116711407
2012-10-30,-0.5241344194625563
2012-10-31,-0.5245200872524274
2012-11-01,-0.5136971695039423
2012-11-02,-0.5148854620839565
2012-11-05,-0.5159776793164443
2012-11-06,-0.5169816663963022
2012-11-07,-0.5179046155235991
2012-11-08,-0.518753122342725
2012-11-09,-0.5195332370622574
2012-11-12,-0.5202505109314166
2012-11-13,-0.5209100385370281
2012-11-14,-0.5215164963319012
2012-11-15,-0.5220741777595933
2012-11-16,-0.5225870253005763
2012-11-19,-0.5230586597299585
2012-11-20,-0.5234924068463612
2012-11-21,-0.5238913219047258
2012-11-22,-0.5242582119621657
2012-11-23,-0.5245956563250735
2012-11-26,-0.5249060252671613
2012-11-27,-0.5251914971716487
2012-11-28,-0.525454074236138
2012-11-29,-0.5256955968656245
2012-11-30,-0.5259177568673725
2012-12-03,-0.5258179904907665
2012-12-04,-0.526031935173672
2012-12-05,-0.526228704628769
2012-12-06,-0.5264096819842506
2012-12-07,-0.5265761383887322
2012-12-10,-0.5267292421000169
2012-12-11,-0.5268700669013624
2012-12-12,-0.5269995998158398
2012-12-13,-0.5271187481793785
2012-12-14,-0.5272283461275412
2012-12-17,-0.5273291605460955
2012-12-18,-0.5274218965309496
2012-12-19,-0.52750720239896
2012-12-20,-0.5275856742874446
2012-12-21,-0.5276578603769202
2012-12-24,-0.5277242647685639
2012-12-25,-0.5277853510451733
2012-12-26,-0.5278415455419193
2012-12-27,-0.5278932403509273
2012-12-28,-0.5279407960816787
2012-12-31,-0.5279845443973544
2013-01-01,-0.5267764961013512
2013-01-02,-0.5269136482828334
2013-01-03,-0.527039828014818
2013-01-04,-0.5271559129456354
2013-01-07,-0.5272627107295451
2013-01-08,-0.5273609643965267
2013-01-09,-0.5274513575243125
2013-01-10,-0.5275345189962801
2013-01-11,-0.527611027378407
2013-01-14,-0.5276814149458173
2013-01-15,-0.5277461713870012
2013-01-16,-0.5278057472115294
2013-01-17,-0.5278605568850142
2013-01-18,-0.5279109817131606
2013-01-21,-0.5279573724950035
2013-01-22,-0.5280000519638064
2013-01-23,-0.5280393170326294
2013-01-24,-0.5280754408601986
2013-01-25,-0.528108674751464
2013-01-28,-0.5281392499060763
2013-01-29,-0.528167379026958
2013-01-30,-0.5281932578001632
2013-01-31,-0.5282170662563304
2013-02-01,-0.525576777689208
2013-02-04,-0.5258053295940123
2013-02-05,-0.5260155081907428
2013-02-06,-0.5262087967958395
2013-02-07,-0.5263865583072712
2013-02-08,-0.5265500447785542
2013-02-11,-0.5267004065682296
2013-02-12,-0.5268387007132962
2013-02-13,-0.5269658985956287
2013-02-14,-0.5270828929637855
2013-02-15,-0.5271905043666851
2013-02-18,-0.5272894870503393
2013-02-19,-0.5273805343640754
2013-02-20,-0.527464283718427
2013-02-21,-0.5275413211330234
2013-02-22,-0.5276121854093672
2013-02-25,-0.5276773719602597
2013-02-26,-0.5277373363248283
2013-02-27,-0.5277924973955543
2013-02-28,-0.5278432403813966
2013-03-01,-0.5303813755935511
2013-03-04,-0.5302221779968672
2013-03-05,-0.5300761122073928
2013-03-06,-0.5299420686165008
2013-03-07,-0.5298190347491042
2013-03-08,-0.5297060866873664
2013-03-11,-0.5296023808740857
2013-03-12,-0.5295071467321557
2013-03-13,-0.5294196800123937
2013-03-14,-0.5293393367920258
2013-03-15,-0.5292655280549649
2013-03-18,-0.5291977147928096
2013-03-19,-0.529135403572389
2013-03-20,-0.5290781425217402
2013-03-21,-0.5290255176917809
2013-03-22,-0.5289771497556551
2013-03-25,-0.5289326910119148
2013-03-26,-0.5288918226613764
2013-03-27,-0.528854252330753
2013-03-28,-0.5288197118190391
2013-03-29,-0.5287879550451628
2013-04-01,-0.5287587561776866
2013-04-02,-0.5300671949847182
2013-04-03,-0.5299361023047998
2013-04-04,-0.5298155261882295
2013-04-05,-0.5297046210551722
2013-04-08,-0.5296026094513004
2013-04-09,-0.5295087766880509
2013-04-10,-0.5294224657361942
2013-04-11,-0.5293430725405034
2013-04-12,-0.5292700417200084
2013-04-15,-0.5292028626214178
2013-04-16,-0.5291410656961169
2013-04-17,-0.5290842191736922
2013-04-18,-0.5290319260072844
2013-04-19,-0.5289838210681707
2013-04-22,-0.5289395685689193
2013-04-23,-0.5288988596962176
2013-04-24,-0.5288614104360685
2013-04-25,-0.5288269595755203
2013-04-26,-0.5287952668664269
2013-04-29,-0.5287661113379446
2013-04-30,-0.5287392897455989
2013-05-01,-0.5257975562239539
2013-05-02,-0.5260080914138756
2013-05-03,-0.5262017824090479
2013-05-06,-0.5263799765389596
2013-05-07,-0.5265439138171534
2013-05-08,-0.5266947350108908
2013-05-09,-0.5268334895888158
2013-05-10,-0.5269611430313559
2013-05-13,-0.5270785835551153
2013-05-14,-0.5271866282983624
2013-05-15,-0.5272860290108956
2013-05-16,-0.527377477288088
2013-05-17,-0.5274616093856844
2013-05-20,-0.5275390106489929
2013-05-21,-0.5276102195873886
2013-05-22,-0.527675731622572
2013-05-23,-0.5277360025367298
2013-05-24,-0.5277914516446479
2013-05-27,-0.5278424647118964
2013-05-28,-0.5278893966394242
2013-05-29,-0.5279325739332791
2013-05-30,-0.5279722969766564
2013-05-31,-0.5280088421201108
2013-06-03,-0.527724753865181
2013-06-04,-0.5277816061395728
2013-06-05,-0.5278339182099917
2013-06-06,-0.527882052005691
2013-06-07,-0.5279263407599812
2013-06-10,-0.5279670912057215
2013-06-11,-0.5280045856710076
2013-06-12,-0.528039084010954
2013-06-13,-0.5280708253881068
2013-06-14,-0.5281000299131058
2013-06-17,-0.528126900156364
2013-06-18,-0.5281516225407311
2013-06-19,-0.5281743686243692
2013-06-20,-0.5281952962823715
2013-06-21,-0.5282145507950149
2013-06-24,-0.5282322658499345
2013-06-25,-0.5282485644649569
2013-06-26,-0.5282635598378119
2013-06-27,-0.5282773561284602
2013-06-28,-0.5282900491793419
2013-07-01,-0.5283017271784303
2013-07-02,-0.5303435664690759
2013-07-03,-0.5301877857465357
2013-07-04,-0.5300446565199928
2013-07-05,-0.5299131384370273
2013-07-08,-0.5297922782729226
2013-07-09,-0.529681202718809
2013-07-10,-0.5295791114437985
2013-07-11,-0.5294852707920913
2013-07-12,-0.5293990080527644
2013-07-15,-0.5293197062465411
2013-07-16,-0.5292467993796759
2013-07-17,-0.5291797681202897
2013-07-18,-0.5291181358570889
2013-07-19,-0.5290614651045187
2013-07-22,-0.5290093542220403
2013-07-23,-0.5289614344184713
2013-07-24,-0.5289173670152337
2013-07-25,-0.528876840944924
2013-07-26,-0.5288395704639401
2013-07-29,-0.5288052930599506
2013-07-30,-0.5287737675368444
2013-07-31,-0.5287447722614493
2013-08-01,-0.5256870272034972
2013-08-02,-0.5259062113025854
2013-08-05,-0.5261078906343007
2013-08-06,-0.5262934605166807
2013-08-07,-0.5264642059055605
2013-08-08,-0.5266213095386929
2013-08-09,-0.5267658600255233
2013-08-12,-0.5268988593029955
2013-08-13,-0.5270212295061267
2013-08-14,-0.5271338192984916
2013-08-15,-0.5272374097043891
2013-08-16,-0.5273327194813372
2013-08-19,-0.5274204100686288
2013-08-20,-0.527501090144983
2013-08-21,-0.5275753198258077
2013-08-22,-0.5276436145282706
2013-08-23,-0.5277064485302065
2013-08-26,-0.5277642582468957
2013-08-27,-0.5278174452478883
2013-08-28,-0.5278663790343435
2013-08-29,-0.5279113995957534
2013-08-30,-0.5279528197634669
2013-09-02,-0.5279909273770627
2013-09-03,-0.5277679229795502
2013-09-04,-0.5278204061412696
2013-09-05,-0.5278686898806709
2013-09-06,-0.5279131102414043
2013-09-09,-0.5279539763984911
2013-09-10,-0.527991572776787
2013-09-11,-0.5280261610334942
2013-09-12,-0.5280579818816867
2013-09-13,-0.5280872567676254
2013-09-16,-0.5281141894136119
2013-09-17,-0.5281389672371795
2013-09-18,-0.5281617626565529
2013-09-19,-0.5281827342915036
2013-09-20,-0.5282020280679973
2013-09-23,-0.5282197782343481
2013-09-24,-0.5282361082959821
2013-09-25,-0.5282511318753349
2013-09-26,-0.5282649535028838
2013-09-27,-0.5282776693448378
2013-09-30,-0.5282893678725606
2013-10-01,-0.5257188960101441
2013-10-02,-0.5259331642421985
2013-10-03,-0.5261303077073746
2013-10-04,-0.5263116934371321
2013-10-07,-0.5264785799471042
2013-10-08,-0.5266321253930986
2013-10-09,-0.5267733955508602
2013-10-10,-0.5269033711649107
2013-10-11,-0.5270229547158047
2013-10-14,-0.5271329766513747
2013-10-15,-0.527234201124027
2013-10-16,-0.5273273312729152
2013-10-17,-0.5274130140868144
2013-10-18,-0.5274918448807394
2013-10-21,-0.527564371416788
2013-10-22,-0.5276310976973115
2013-10-23,-0.5276924874563211
2013-10-24,-0.5277489673730167
2013-10-25,-0.527800930029445
2013-10-28,-0.5278487366325761
2013-10-29,-0.5278927195194852
2013-10-30,-0.5279331844628566
2013-10-31,-0.5279704127926759
2013-11-01,-0.5221080871070076
2013-11-04,-0.5225970435745653
2013-11-05,-0.5230468796852972
2013-11-06,-0.5234607250355688
2013-11-07,-0.5238414597984468
2013-11-08,-0.5241917335224469
2013-11-11,-0.5245139836295729
2013-11-12,-0.5248104524226256
2013-11-13,-0.5250832027234964
2013-11-14,-0.525334132253863
2013-11-15,-0.5255649868603814
2013-11-18,-0.5257773726779433
2013-11-19,-0.5259727673168475
2013-11-20,-0.526152530152657
2013-11-21,-0.5263179117910535
2013-11-22,-0.5264700627741074
2013-11-25,-0.5266100415889634
2013-11-26,-0.5267388220349976
2013-11-27,-0.5268573000009584
2013-11-28,-0.5269662996994406
2013-11-29,-0.5270665794022189
2013-12-02,-0.5271588367164606
2013-12-03,-0.5285879332099421
2013-12-04,-0.5285640590744981
2013-12-05,-0.5285420964982119
2013-12-06,-0.5285218924674846
2013-12-09,-0.5285033060643354
2013-12-10,-0.5284862076797472
2013-12-11,-0.528470478103596
2013-12-12,-0.528456007688187
2013-12-13,-0.5284426955793858
2013-12-16,-0.5284304490098444
2013-12-17,-0.5284191826492602
2013-12-18,-0.5284088180070385
2013-12-19,-0.5283992828830975
2013-12-20,-0.5283905108629153
2013-12-23,-0.5283824408532325
2013-12-24,-0.5283750166551169
2013-12-25,-0.5283681865713716
2013-12-26,-0.5283619030455095
2013-12-27,-0.5283561223297424
2013-12-30,-0.5283508041796481
2013-12-31,-0.5283459115733602
2014-01-01,-0.5266162001567318
2014-01-02,-0.5267426061469891
2014-01-03,-0.5268588510029777
2014-01-06,-0.5269657549575945
2014-01-07,-0.5270640716501777
2014-01-08,-0.5271544934461243
2014-01-09,-0.5272376564908261
2014-01-10,-0.5273141453357051
2014-01-13,-0.5273844971742514
2014-01-14,-0.5274492057223713
2014-01-15,-0.5275087247741042
2014-01-16,-0.5275634714608929
2014-01-17,-0.5276138292399808
2014-01-20,-0.5276601506351771
2014-01-21,-0.5277027597511267
2014-01-22,-0.5277419545803252
2014-01-23,-0.5277780091204055
2014-01-24,-0.5278111753176729
2014-01-27,-0.5278416848514653
2014-01-28,-0.5278697507726408
2014-01-29,-0.5278955690083464
2014-01-30,-0.5279193197441729
2014-01-31,-0.5279411686938487
2014-02-03,-0.528710267573745
2014-02-04,-0.5286698505277863
2014-02-05,-0.5286338014785488
2014-02-06,-0.5286016004785206
2014-02-07,-0.5285727948229808
2014-02-10,-0.528546989579701
2014-02-11,-0.5285238398042517
2014-02-12,-0.5285030438326668
2014-02-13,-0.5284843375019372
2014-02-14,-0.5284674891691885
2014-02-17,-0.5284522954180948
2014-02-18,-0.5284385773564573
2014-02-19,-0.5284261774221959
2014-02-20,-0.5284149566265299
2014-02-21,-0.5284047921730821
2014-02-24,-0.5283955754002438
2014-02-25,-0.5283872100015486
2014-02-26,-0.5283796104851869
2014-02-27,-0.5283727008392896
2014-02-28,-0.5283664133743353
2014-03-03,-0.5213435680872636
2014-03-04,-0.5218354112928689
2014-03-05,-0.5222880699383508
2014-03-06,-0.522704652967594
2014-03-07,-0.5230880257083016
2014-03-10,-0.5234408273714047
2014-03-11,-0.5237654886789387
2014-03-12,-0.5240642481490245
2014-03-13,-0.5243391671358215
2014-03-14,-0.5245921437157881
2014-03-17,-0.5248249255054152
2014-03-18,-0.5250391214897768
2014-03-19,-0.5252362129357553
2014-03-20,-0.5254175634586405
2014-03-21,-0.5255844283059452
2014-03-24,-0.5257379629177377
2014-03-25,-0.5258792308185234
2014-03-26,-0.5260092108917201
2014-03-27,-0.5261288040840438
2014-03-28,-0.526238839583638
2014-03-31,-0.52634008051254
2014-04-01,-0.51413478395458
2014-04-02,-0.5148474980798508
2014-04-03,-0.5155028095576186
2014-04-04,-0.5161053676564636
2014-04-07,-0.5166594438411691
2014-04-08,-0.5171689598296861
2014-04-09,-0.5176375168435179
2014-04-10,-0.518068422314506
2014-04-11,-0.5184647142846766
2014-04-14,-0.5188291837113386
2014-04-15,-0.5191643948680817
2014-04-16,-0.5194727040132575
2014-04-17,-0.5197562764806545
2014-04-18,-0.5200171023320704
2014-04-21,-0.5202570106981158
2014-04-22,-0.5204776829216567
2014-04-23,-0.5206806646076263
2014-04-24,-0.5208673766733551
2014-04-25,-0.5210391254849837
2014-04-28,-0.5211971121577734
2014-04-29,-0.5213424410911603
2014-04-30,-0.5214761278031047
2014-05-01,-0.5151878762141792
2014-05-02,-0.5153462782117804
2014-05-05,-0.5154920460468192
2014-05-06,-0.5156261836451017
2014-05-07,-0.515749616643897
2014-05-08,-0.5158631973619419
2014-05-09,-0.515967710552865
2014-05-12,-0.5160638787154502
2014-05-13,-0.5161523669935855
2014-05-14,-0.5162337876965124
2014-05-15,-0.5163087044678756
2014-05-16,-0.5163776361300778
2014-05-19,-0.5164410602285688
2014-05-20,-0.5164994162989291
2014-05-21,-0.516553108877958
2014-05-22,-0.5166025102784217
2014-05-23,-0.5166479631456767
2014-05-26,-0.5166897828130261
2014-05-27,-0.5167282594714111
2014-05-28,-0.516763660167868
2014-05-29,-0.5167962306460925
2014-05-30,-0.5168261970414356
2014-06-02,-0.5168537674417241
2014-06-03,-0.5228528852554348
2014-06-04,-0.5228537252023038
2014-06-05,-0.5228546268116454
2014-06-06,-0.5228555661671345
2014-06-09,-0.5228565236193328
2014-06-10,-0.5228574835910313
2014-06-11,-0.5228584338792208
2014-06-12,-0.5228593650675183
2014-06-13,-0.5228602700323842
2014-06-16,-0.5228611435288717
2014-06-17,-0.5228619818437364
2014-06-18,-0.5228627825055343
2014-06-19,-0.5228635440428626
2014-06-20,-0.5228642657832262
2014-06-23,-0.5228649476861394
2014-06-24,-0.5228655902050381
2014-06-25,-0.5228661941733986
2014-06-26,-0.5228667607111734
2014-06-27,-0.5228672911482377
2014-06-30,-0.5228677869620674
2014-07-01,-0.5300088639167977
2014-07-02,-0.5296865930506958
2014-07-03,-0.5293899184498132
2014-07-04,-0.529116821602089
2014-07-07,-0.5288654404403478
2014-07-08,-0.5286340581202515
2014-07-09,-0.5284210919838717
2014-07-10,-0.5282250833156091
2014-07-11,-0.5280446878412134
2014-07-14,-0.5278786669223872
2014-07-15,-0.5277258794013912
2014-07-16,-0.5275852740521461
2014-07-17,-0.5274558825964709
2014-07-18,-0.5273368132462928
2014-07-21,-0.527227244734849
2014-07-22,-0.5271264208020627
2014-07-23,-0.527033645101388
2014-07-24,-0.526948276497471
2014-07-25,-0.5268697247259464
2014-07-28,-0.5267974463885792
2014-07-29,-0.5267309412587687
2014-07-30,-0.5266697488741383
2014-07-31,-0.5266134453945606
2014-08-01,-0.532649354864069
2014-08-04,-0.5322467627665675
2014-08-05,-0.5318766627478975
2014-08-06,-0.5315364166659509
2014-08-07,-0.5312236018953562
2014-08-08,-0.5309359941577998
2014-08-11,-0.5306715511103448
2014-08-12,-0.5304283972988928
2014-08-13,-0.5302048103658126
2014-08-14,-0.5299992084087142
2014-08-15,-0.5298101383950021
2014-08-18,-0.5296362655441846
2014-08-19,-0.5294763635968429
2014-08-20,-0.5293293058956997
2014-08-21,-0.5291940572103179
2014-08-22,-0.5290696662426377
2014-08-25,-0.5289552587558215
2014-08-26,-0.5288500312737241
2014-08-27,-0.5287532453027863
2014-08-28,-0.528664222032255
2014-08-29,-0.5285823374724082
2014-09-01,-0.5285070179939136
2014-09-02,-0.5306985166543531
2014-09-03,-0.5304783982860966
2014-09-04,-0.530275848337757
2014-09-05,-0.5300894679258521
2014-09-08,-0.529917968827709
2014-09-09,-0.5297601650480579
2014-09-10,-0.5296149647705504
2014-09-11,-0.5294813629327785
2014-09-12,-0.5293584343781396
2014-09-15,-0.5292453275411058
2014-09-16,-0.5291412586255095
2014-09-17,-0.5290455062383144
2014-09-18,-0.5289574064440474
2014-09-19,-0.5288763482075949
2014-09-22,-0.5288017691954352
2014-09-23,-0.5287331519075977
2014-09-24,-0.528670020114693
2014-09-25,-0.5286119355762987
2014-09-26,-0.5285584950187643
2014-09-29,-0.5285093273521643
2014-09-30,-0.5284640911076809
2014-10-01,-0.5308830841737411
2014-10-02,-0.5306647092239059
2014-10-03,-0.5304636424072201
2014-10-06,-0.5302785239157036
2014-10-07,-0.5301080987856083
2014-10-08,-0.529951209271371
2014-10-09,-0.5298067875494877
2014-10-10,-0.5296738489336688
2014-10-13,-0.5295514855711592
2014-10-14,-0.5294388605909421
2014-10-15,-0.5293352026755156
2014-10-16,-0.5292398010290467
2014-10-17,-0.5291520007158856
2014-10-20,-0.5290711983446605
2014-10-21,-0.5289968380744252
2014-10-22,-0.5289284079206076
2014-10-23,-0.5288654363397511
2014-10-24,-0.5288074890732841
2014-10-27,-0.528754166231742
2014-10-28,-0.5287050996020375
2014-10-29,-0.5286599501614858
2014-10-30,-0.5286184057833618
2014-10-31,-0.5285801791197839
2014-11-03,-0.5303586478735921
2014-11-04,-0.5302021814782372
2014-11-05,-0.5300588030648283
2014-11-06,-0.5299273803494519
2014-11-07,-0.529806883874713
2014-11-10,-0.5296963774161199
2014-11-11,-0.5295950089250192
2014-11-12,-0.5295020024262955
2014-11-13,-0.5294166507623059
2014-11-14,-0.5293383090874823
2014-11-17,-0.5292663890294229
2014-11-18,-0.5292003534423269
2014-11-19,-0.5291397116874086
2014-11-20,-0.5290840153826585
2014-11-21,-0.5290328545710945
2014-11-24,-0.5289858542625913
2014-11-25,-0.528942671309592
2014-11-26,-0.5289029915815839
2014-11-27,-0.5288665274072456
2014-11-28,-0.5288330152566857
2014-12-01,-0.5288022136393135
2014-12-02,-0.5284219061805366
2014-12-03,-0.5284223299248487
2014-12-04,-0.5284227316005219
2014-12-05,-0.5284231111154234
2014-12-08,-0.5284234687143097
2014-12-09,-0.5284238048562374
2014-12-10,-0.5284241201616791
2014-12-11,-0.5284244153693198
2014-12-12,-0.5284246913009305
2014-12-15,-0.5284249488329692
2014-12-16,-0.5284251888737767
2014-12-17,-0.528425412345412
2014-12-18,-0.5284256201693267
2014-12-19,-0.5284258132552108
2014-12-22,-0.5284259924924398
2014-12-23,-0.528426158743664
2014-12-24,-0.5284263128401365
2014-12-25,-0.5284264555784599
2014-12-26,-0.5284265877184753
2014-12-29,-0.5284267099820688
2014-12-30,-0.5284268230527054
2014-12-31,-0.5284269275755396
2015-01-01,-0.5324183045858245
2015-01-02,-0.5321158138352915
2015-01-05,-0.5318376506709368
2015-01-06,-0.5315818506195666
2015-01-07,-0.5313466085195143
2015-01-08,-0.5311302659265844
2015-01-09,-0.5309312990589827
2015-01-12,-0.5307483077477974
2015-01-13,-0.5305800053078552
2015-01-14,-0.5304252092509926
2015-01-15,-0.5302828327704263
2015-01-16,-0.53015187693101
2015-01-19,-0.5300314235057528
2015-01-20,-0.5299206284041027
2015-01-21,-0.5298187156421763
2015-01-22,-0.529724971809405
2015-01-23,-0.5296387409899728
2015-01-26,-0.5295594201009977
2015-01-27,-0.5294864546126586
2015-01-28,-0.5294193346184555
2015-01-29,-0.5293575912264931
2015-01-30,-0.5293007932451614
2015-02-02,-0.5292485441388447
2015-02-03,-0.5206651671720365
2015-02-04,-0.5211991218916199
2015-02-05,-0.5217043710931937
2015-02-06,-0.5221812941703993
2015-02-09,-0.5226304884177861
2015-02-10,-0.5230527216263343
2015-02-11,-0.5234488923586718
2015-02-12,-0.5238199960126607
2015-02-13,-0.5241670960554357
2015-02-16,-0.5244912998440174
2015-02-17,-0.5247937384874317
2015-02-18,-0.5250755502469046
2015-02-19,-0.5253378670136728
2015-02-20,-0.5255818034469151
2015-02-23,-0.5258084483963061
2015-02-24,-0.5260188582739699
2015-02-25,-0.5262140520786147
2015-02-26,-0.5263950078100368
2015-02-27,-0.5265626600447852
2015-03-02,-0.526717898473491
2015-03-03,-0.5182552718429361
2015-03-04,-0.51898344167549
2015-03-05,-0.5196549201179722
2015-03-06,-0.5202740059456843
2015-03-09,-0.520844690934096
2015-03-10,-0.5213706773165087
2015-03-11,-0.5218553965561288
2015-03-12,-0.5223020272511858
2015-03-13,-0.5227135121533149
2015-03-16,-0.5230925742929721
2015-03-17,-0.5234417322166057
2015-03-18,-0.5237633143490759
2015-03-19,-0.5240594725017013
2015-03-20,-0.5243321945516091
2015-03-23,-0.524583316322013
2015-03-24,-0.5248145326958793
2015-03-25,-0.5250274079973253
2015-03-26,-0.5252233856762345
2015-03-27,-0.525403797332062
2015-03-30,-0.5255698711127951
2015-03-31,-0.5257227395246289
2015-04-01,-0.5255576601189673
2015-04-02,-0.5257053883585554
2015-04-03,-0.5258413622337943
2015-04-06,-0.5259665122707975
2015-04-07,-0.5260816961000243
2015-04-08,-0.5261877040064342
2015-04-09,-0.526285264124229
2015-04-10,-0.5263750472453378
2015-04-13,-0.5264576712681099
2015-04-14,-0.5265337053112258
2015-04-15,-0.5266036735164119
2015-04-16,-0.5266680585621292
2015-04-17,-0.5267273049090537
2015-04-20,-0.5267818217968439
2015-04-21,-0.5268319860104285
2015-04-22,-0.5268781444328438
2015-04-23,-0.5269206164004986
2015-04-24,-0.526959695875659
2015-04-27,-0.5269956534499123
2015-04-28,-0.5270287381914042
2015-04-29,-0.527059179347729
2015-04-30,-0.5270871879154938
2015-05-01,-0.5250807466202373
2015-05-04,-0.525259765170288
2015-05-05,-0.5254243706292622
2015-05-06,-0.5255757301379955
2015-05-07,-0.5257149153323498
2015-05-08,-0.5258429102683397
2015-05-11,-0.5259606187151801
2015-05-12,-0.5260688708202682
2015-05-13,-0.5261684292033302
2015-05-14,-0.5262599945312819
2015-05-15,-0.5263442106203048
2015-05-18,-0.5264216691071375
2015-05-19,-0.5264929137275669
2015-05-20,-0.5265584442365153
2015-05-21,-0.5266187200009006
2015-05-22,-0.5266741632935608
2015-05-25,-0.526725162313946
2015-05-26,-0.5267720739589408
2015-05-27,-0.5268152263650782
2015-05-28,-0.5268549212415105
2015-05-29,-0.5268914360113821
2015-06-01,-0.526925025777701
2015-06-02,-0.5224199108236234
2015-06-03,-0.5227156106472381
2015-06-04,-0.5229875105808262
2015-06-05,-0.5232375362384847
2015-06-08,-0.5234674564798022
2015-06-09,-0.5236788957197519
2015-06-10,-0.5238733459419338
2015-06-11,-0.5240521776789538
2015-06-12,-0.524216650053933
2015-06-15,-0.5243679199678067
2015-06-16,-0.5245070505087654
2015-06-17,-0.5246350186528125
2015-06-18,-0.5247527223178172
2015-06-19,-0.5248609868275622
2015-06-22,-0.5249605708369957
2015-06-23,-0.5250521717651877
2015-06-24,-0.5251364307782154
2015-06-25,-0.5252139373603976
2015-06-26,-0.5252852335088278
2015-06-29,-0.5253508175830628
2015-06-30,-0.5254111478389849
2015-07-01,-0.5307072361358951
2015-07-02,-0.5304527597394395
2015-07-03,-0.5302186846359102
2015-07-06,-0.5300033732103899
2015-07-07,-0.5298053190928981
2015-07-08,-0.5296231371234761
2015-07-09,-0.5294555535712924
2015-07-10,-0.5293013971441692
2015-07-13,-0.5291595907251091
2015-07-14,-0.5290291437772956
2015-07-15,-0.5289091453636077
2015-07-16,-0.5287987577309436
2015-07-17,-0.5286972104135998
2015-07-20,-0.5286037948136163
2015-07-21,-0.528517859219383
2015-07-22,-0.5284388042269256
2015-07-23,-0.5283660785311796
2015-07-24,-0.5282991750572077
2015-07-27,-0.5282376274037685
2015-07-28,-0.5281810065738871
2015-07-29,-0.5281289179691447
2015-07-30,-0.5280809986263083
2015-07-31,-0.5280369146766581
2015-08-03,-0.5165261652885687
2015-08-04,-0.5170532639521166
2015-08-05,-0.5175381595435038
2015-08-06,-0.5179842312167704
2015-08-07,-0.5183945899902757
2015-08-10,-0.5187720971839223
2015-08-11,-0.5191193845278244
2015-08-12,-0.5194388726402612
2015-08-13,-0.5197327880091197
2015-08-14,-0.5200031785996309
2015-08-17,-0.5202519282008509
2015-08-18,-0.5204807696138983
2015-08-19,-0.5206912967763526
2015-08-20,-0.5208849759093759
2015-08-21,-0.5210631557669413
2015-08-24,-0.5212270770600047
2015-08-25,-0.5213778811224581
2015-08-26,-0.5215166178802164
2015-08-27,-0.5216442531797695
2015-08-28,-0.5217616755279251
2015-08-31,-0.521869702290255
2015-09-01,-0.5301344255854251
2015-09-02,-0.5298859156391562
2015-09-03,-0.529658516000137
2015-09-04,-0.5294503646166271
2015-09-07,-0.5292597712000855
2015-09-08,-0.5290852013051364
2015-09-09,-0.5289252612097508
2015-09-10,-0.5287786843079569
2015-09-11,-0.5286443188681378
2015-09-14,-0.5285211170218149
2015-09-15,-0.5284081248594019
2015-09-16,-0.5283044735205127
2015-09-17,-0.5282093711769407
2015-09-18,-0.5281220958162594
2015-09-21,-0.5280419887431305
2015-09-22,-0.527968448723803
2015-09-23,-0.5279009267069648
2015-09-24,-0.5278389210610867
2015-09-25,-0.5277819732747197
2015-09-28,-0.5277296640718984
2015-09-29,-0.5276816098999211
2015-09-30,-0.5276374597513626
2015-10-01,-0.5318473722514583
2015-10-02,-0.5315344196010656
2015-10-05,-0.5312465225504265
2015-10-06,-0.5309816750119156
2015-10-07,-0.5307380310410981
2015-10-08,-0.5305138925148426
2015-10-09,-0.5303076973168933
2015-10-12,-0.5301180084598278
2015-10-13,-0.5299435040712819
2015-10-14,-0.5297829681773722
2015-10-15,-0.5296352822210624
2015-10-16,-0.5294994172577769
2015-10-19,-0.5293744267748661
2015-10-20,-0.5292594400855497
2015-10-21,-0.5291536562517478
2015-10-22,-0.5290563384937113
2015-10-23,-0.5289668090476449
2015-10-26,-0.5288844444355465
2015-10-27,-0.5288086711143005
2015-10-28,-0.5287389614736682
2015-10-29,-0.5286748301552262
2015-10-30,-0.5286158306665261
2015-11-02,-0.5285615522667959
2015-11-03,-0.5251449177273301
2015-11-04,-0.5253257364408179
2015-11-05,-0.525492031661608
2015-11-06,-0.5256449737836052
2015-11-09,-0.525785638682014
2015-11-10,-0.5259150149844726
2015-11-11,-0.5260340112330639
2015-11-12,-0.5261434624450803
2015-11-13,-0.5262441361250547
2015-11-16,-0.5263367377756768
2015-11-17,-0.5264219159508137
2015-11-18,-0.5265002668899175
2015-11-19,-0.5265723387695376
2015-11-20,-0.526638635604453
2015-11-23,-0.5266996208280479
2015-11-24,-0.5267557205789302
2015-11-25,-0.526807326718429
2015-11-26,-0.5268547996014613
2015-11-27,-0.5268984706213025
2015-11-30,-0.5269386445470352
2015-12-01,-0.529999005258097
2015-12-02,-0.5298310683553417
2015-12-03,-0.529676522264111
2015-12-04,-0.529534302764027
2015-12-07,-0.5294034294148157
2015-12-08,-0.5292829993403436
2015-12-09,-0.5291721811567376
2015-12-10,-0.5290702093659102
2015-12-11,-0.5289763791803577
2015-12-14,-0.5288900417473504
2015-12-15,-0.5288105997428021
2015-12-16,-0.5287375033071265
2015-12-17,-0.5286702462973285
2015-12-18,-0.5286083628313909
2015-12-21,-0.5285514241027224
2015-12-22,-0.52849903544404
2015-12-23,-0.5284508336215596
2015-12-24,-0.5284064843417671
2015-12-25,-0.5283656799543625
2015-12-28,-0.5283281373361823
2015-12-29,-0.5282935959420532
2015-12-30,-0.5282618160095764
2015-12-31,-0.5282325769058428
2016-01-01,-0.533038473678553
2016-01-04,-0.5326728496255155
2016-01-05,-0.5323363207756614
2016-01-06,-0.5320265838232718
2016-01-07,-0.5317415155400798
2016-01-08,-0.531479159446322
2016-01-11,-0.5312377129522105
2016-01-12,-0.5310155154534605
2016-01-13,-0.5308110373161316
2016-01-14,-0.53062286968942
2016-01-15,-0.5304497150884354
2016-01-18,-0.5302903786923452
2016-01-19,-0.530143760306552
2016-01-20,-0.5300088469407682
2016-01-21,-0.5298847059579197
2016-01-22,-0.529770478751767
2016-01-25,-0.52966537491395
2016-01-26,-0.5295686668538342
2016-01-27,-0.5294796848370799
2016-01-28,-0.5293978124112433
2016-01-29,-0.5293224821889788
2016-02-01,-0.5292531719615219
2016-02-02,-0.5359004458640448
2016-02-03,-0.5353388882090084
2016-02-04,-0.5348227546279234
2016-02-05,-0.5343483462459002
2016-02-08,-0.5339122671485403
2016-02-09,-0.5335114001505084
2016-02-10,-0.5331428837877233
2016-02-11,-0.5328040911849427
2016-02-12,-0.5324926106575162
2016-02-15,-0.5322062279134916
2016-02-16,-0.5319429097300703
2016-02-17,-0.5317007889864155
2016-02-18,-0.5314781509427975
2016-02-19,-0.5312734206638883
2016-02-22,-0.5310851514915966
2016-02-23,-0.5309120144800679
2016-02-24,-0.5307527887123434
2016-02-25,-0.5306063524246319
2016-02-26,-0.5304716748701802
2016-02-29,-0.5303478088603636
2016-03-01,-0.5333717240029563
2016-03-02,-0.5330238861201224
2016-03-03,-0.5327037994273222
2016-03-04,-0.5324092561845974
2016-03-07,-0.5321382229828272
2016-03-08,-0.5318888274723127
2016-03-09,-0.53165934573989
2016-03-10,-0.5314481906527496
2016-03-11,-0.5312539010988386
2016-03-14,-0.5310751320581003
2016-03-15,-0.5309106454430621
2016-03-16,-0.5307593016513577
2016-03-17,-0.5306200517766689
2016-03-18,-0.5304919304282756
2016-03-21,-0.5303740491129068
2016-03-22,-0.5302655901358959
2016-03-23,-0.5301658009817505
2016-03-24,-0.5300739891371642
2016-03-25,-0.529989517322229
2016-03-28,-0.5299117990981524
2016-03-29,-0.5298402948221685
2016-03-30,-0.5297745079225358
2016-03-31,-0.5297139814685823
2016-04-01,-0.5271352895414672
2016-04-04,-0.5272800853728634
2016-04-05,-0.5274132993140611
2016-04-06,-0.5275358572896396
2016-04-07,-0.5276486116085306
2016-04-08,-0.5277523464189721
2016-04-11,-0.5278477831580802
2016-04-12,-0.5279355855658703
2016-04-13,-0.5280163642985262
2016-04-14,-0.5280906811729369
2016-04-15,-0.5281590530719635
2016-04-18,-0.5282219555375367
2016-04-19,-0.5282798260765313
2016-04-20,-0.5283330672023688
2016-04-21,-0.5283820492334554
2016-04-22,-0.5284271128678977
2016-04-25,-0.5284685715523638
2016-04-26,-0.5285067136615474
2016-04-27,-0.5285418045033685
2016-04-28,-0.528574088163839
2016-04-29,-0.5286037892044084
2016-05-02,-0.5286311142235833
2016-05-03,-0.5275047905960353
2016-05-04,-0.5276126838487216
2016-05-05,-0.5277121901661641
2016-05-06,-0.5278039426983226
2016-05-09,-0.5278885300460654
2016-05-10,-0.5279664985809421
2016-05-11,-0.5280383550794578
2016-05-12,-0.528104569260437
2016-05-13,-0.528165576215837
2016-05-16,-0.5282217787287937
2016-05-17,-0.5282735494754351
2016-05-18,-0.5283212331091746
2016-05-19,-0.528365148227923
2016-05-20,-0.5284055892259838
2016-05-23,-0.5284428280334272
2016-05-24,-0.5284771157464824
2016-05-25,-0.5285086841530591
2016-05-26,-0.5285377471578634
2016-05-27,-0.5285645021118346
2016-05-30,-0.5285891310507455
2016-05-31,-0.5286118018478555
2016-06-01,-0.5308330474574658
2016-06-02,-0.5306834486651723
2016-06-03,-0.530545757945478
2016-06-06,-0.5304190320307517
2016-06-07,-0.5303024014531066
2016-06-08,-0.5301950651241059
2016-06-09,-0.5300962850437423
2016-06-10,-0.5300053814055077
2016-06-13,-0.5299217280699602
2016-06-14,-0.5298447483808
2016-06-15,-0.5297739112990159
2016-06-16,-0.5297087278321765
2016-06-17,-0.5296487477373972
2016-06-20,-0.5295935564779033
2016-06-21,-0.529542772414448
2016-06-22,-0.5294960442141075
2016-06-23,-0.5294530484601738
2016-06-24,-0.5294134874480019
2016-06-27,-0.5293770871527353
2016-06-28,-0.5293435953558399
2016-06-29,-0.5293127799183144
2016-06-30,-0.5292844271893352
2016-07-01,-0.5335145965811996
2016-07-04,-0.5331599911191572
2016-07-05,-0.5328337171560782
2016-07-06,-0.5325335148127959
2016-07-07,-0.5322573034388736
2016-07-08,-0.5320031679650599
2016-07-11,-0.5317693458096662
2016-07-12,-0.5315542148049899
2016-07-13,-0.5313562820671958
2016-07-14,-0.5311741737382749
2016-07-15,-0.5310066255336442
2016-07-18,-0.5308524740336587
2016-07-19,-0.5307106486617329
2016-07-20,-0.5305801642959593
2016-07-21,-0.5304601144650124
2016-07-22,-0.5303496650828089
2016-07-25,-0.5302480486798071
2016-07-26,-0.5301545590920226
2016-07-27,-0.5300685465718065
2016-07-28,-0.5299894132871865
2016-07-29,-0.5299166091791336
2016-08-01,-0.529849628148485
2016-08-02,-0.527293873573416
2016-08-03,-0.5274333703505095
2016-08-04,-0.527561652191402
2016-08-05,-0.5276796245635293
2016-08-08,-0.5277881194544153
2016-08-09,-0.5278879011769733
2016-08-10,-0.5279796719559599
2016-08-11,-0.5280640770407681
2016-08-12,-0.5281417093866163
2016-08-15,-0.5282131139421737
2016-08-16,-0.5282787915780688
2016-08-17,-0.5283392026875118
2016-08-18,-0.5283947704873714
2016-08-19,-0.52844588404545
2016-08-22,-0.5284929010573687
2016-08-23,-0.5285361503943611
2016-08-24,-0.5285759344413782
2016-08-25,-0.5286125312431851
2016-08-26,-0.5286461964745786
2016-08-29,-0.5286771652494399
2016-08-30,-0.528705653782067
2016-08-31,-0.5287318609130633
2016-09-01,-0.5281419499354245
2016-09-02,-0.5282120746321439
2016-09-05,-0.5282765792034384
2016-09-06,-0.5283359147439795
2016-09-07,-0.5283904961096557
2016-09-08,-0.5284407047625214
2016-09-09,-0.5284868914739678
2016-09-12,-0.5285293788067519
2016-09-13,-0.5285684633943282
2016-09-14,-0.528604418034339
2016-09-15,-0.5286374936116747
2016-09-16,-0.5286679208651879
2016-09-19,-0.5286959120109636
2016-09-20,-0.5287216622339374
2016-09-21,-0.528745351058679
2016-09-22,-0.5287671436092329
2016-09-23,-0.5287871917670938
2016-09-26,-0.5288056352356285
2016-09-27,-0.5288226025185745
2016-09-28,-0.5288382118196018
2016-09-29,-0.5288525718693585
2016-09-30,-0.5288657826858858
2016-10-03,-0.5299717490496391
2016-10-04,-0.5298975860934603
2016-10-05,-0.5298293521433821
2016-10-06,-0.5297665736208678
2016-10-07,-0.5297088145968
2016-10-10,-0.5296556739388139
2016-10-11,-0.529606782539472
2016-10-12,-0.5295618007643541
2016-10-13,-0.5295204161027521
2016-10-14,-0.529482341004998
2016-10-17,-0.5294473108916966
2016-10-18,-0.5294150823212793
2016-10-19,-0.5293854313033596
2016-10-20,-0.5293581517463462
2016-10-21,-0.529333054028679
2016-10-24,-0.5293099636838834
2016-10-25,-0.5292887201904104
2016-10-26,-0.5292691758579477
2016-10-27,-0.5292511948025314
2016-10-28,-0.5292346520034003
2016-10-31,-0.5292194324350952
2016-11-01,-0.5280554337889842
2016-11-02,-0.5281327854140732
2016-11-03,-0.5282039300864474
2016-11-04,-0.5282693671516153
2016-11-07,-0.5283295556862442
2016-11-08,-0.5283849176605809
2016-11-09,-0.5284358409656419
2016-11-10,-0.5284826821891555
2016-11-11,-0.5285257691617644
2016-11-14,-0.5285654032930559
2016-11-15,-0.5286018617152337
2016-11-16,-0.5286353992506687
2016-11-17,-0.5286662502181338
2016-11-18,-0.528694630091234
2016-11-21,-0.5287207370213615
2016-11-22,-0.5287447532364549
2016-11-23,-0.5287668463258539
2016-11-24,-0.528787170420676
2016-11-25,-0.5288058672783329
2016-11-28,-0.5288230672790736
2016-11-29,-0.5288388903417849
2016-11-30,-0.5288534467656568
2016-12-01,-0.5299911667321847
2016-12-02,-0.5299156836721741
2016-12-05,-0.5298462373052584
2016-12-06,-0.5297823451232125
2016-12-07,-0.5297235630262245
2016-12-08,-0.5296694824061949
2016-12-09,-0.5296197273130122
2016-12-12,-0.5295739518466526
2016-12-13,-0.5295318377571785
2016-12-14,-0.5294930922361171
2016-12-15,-0.5294574458840032
2016-12-16,-0.5294246508400781
2016-12-19,-0.5293944790612355
2016-12-20,-0.52936672073834
2016-12-21,-0.5293411828389691
2016-12-22,-0.5293176877665127
2016-12-23,-0.5292960721263522
2016-12-26,-0.5292761855905863
2016-12-27,-0.5292578898534398
2016-12-28,-0.5292410576701267
2016-12-29,-0.5292255719725047
2016-12-30,-0.5292113250553969
2017-01-02,-0.5291982178279369
2017-01-03,-0.5246709081511781
2017-01-04,-0.5250118178871752
2017-01-05,-0.5253253270482103
2017-01-06,-0.5256136468413601
2017-01-09,-0.525878809267432
2017-01-10,-0.5261226811419636
2017-01-11,-0.5263469777215161
2017-01-12,-0.5265532751748121
2017-01-13,-0.5267430220015419
2017-01-16,-0.5269175494917353
2017-01-17,-0.5270780813097625
2017-01-18,-0.5272257422791156
2017-01-19,-0.527361566437052
2017-01-20,-0.5274865044218275
2017-01-23,-0.5276014302495405
2017-01-24,-0.52770714753247
2017-01-25,-0.5278043951861553
2017-01-26,-0.5278938526682775
2017-01-27,-0.5279761447886174
2017-01-30,-0.5280518461259383
2017-01-31,-0.5281214850845286
2017-02-01,-0.5291817363277808
2017-02-02,-0.529164101275678
2017-02-03,-0.5291478872237652
2017-02-06,-0.5291329790669952
2017-02-07,-0.5291192709898986
2017-02-08,-0.5291066658479178
2017-02-09,-0.5290950744423055
2017-02-10,-0.5290844148578243
2017-02-13,-0.5290746118574915
2017-02-14,-0.5290655963291915
2017-02-15,-0.5290573047794793
2017-02-16,-0.5290496788703559
2017-02-17,-0.5290426649952
2017-02-20,-0.5290362138904046
2017-02-21,-0.5290302802795888
2017-02-22,-0.5290248225475513
2017-02-23,-0.5290198024413877
2017-02-24,-0.5290151847964362
2017-02-27,-0.5290109372849242
2017-02-28,-0.5290070301853818
2017-03-01,-0.5290981130038093
2017-03-02,-0.5290874463073951
2017-03-03,-0.5290776332238918
2017-03-06,-0.5290686054311713
2017-03-07,-0.5290603000685181
2017-03-08,-0.5290526593098173
2017-03-09,-0.5290456299599069
2017-03-10,-0.529039163083356
2017-03-13,-0.5290332136630543
2017-03-14,-0.5290277402862134
2017-03-15,-0.529022704855566
2017-03-16,-0.5290180723237439
2017-03-17,-0.5290138104489581
2017-03-20,-0.5290098895702805
2017-03-21,-0.5290062824009412
2017-03-22,-0.5290029638381983
2017-03-23,-0.5289999107884502
2017-03-24,-0.5289971020063615
2017-03-27,-0.5289945179468837
2017-03-28,-0.5289921406291299
2017-03-29,-0.5289899535111574
2017-03-30,-0.5289879413747781
2017-03-31,-0.5289860902195982
2017-04-03,-0.5240791001346145
2017-04-04,-0.5244552056583724
2017-04-05,-0.524801051844737
2017-04-06,-0.5251190852432007
2017-04-07,-0.5254115533974755
2017-04-10,-0.5256805205362325
2017-04-11,-0.5259278827894104
2017-04-12,-0.5261553820999291
2017-04-13,-0.5263646189491867
2017-04-14,-0.526557064002947
2017-04-17,-0.5267340687738014
2017-04-18,-0.526896875387106
2017-04-19,-0.52704662552901
2017-04-20,-0.5271843686478076
2017-04-21,-0.527311069473203
2017-04-24,-0.5274276149121526
2017-04-25,-0.5275348203745925
2017-04-26,-0.5276334355775532
2017-04-27,-0.5277241498718289
2017-04-28,-0.5278075971314444
2017-05-01,-0.5278843602426269
2017-05-02,-0.525937486682892
2017-05-03,-0.5261526030767283
2017-05-04,-0.5263505315852063
2017-05-05,-0.5265326436435882
2017-05-08,-0.5267002018344169
2017-05-09,-0.5268543681523683
2017-05-10,-0.5269962119871965
2017-05-11,-0.5271267174778395
2017-05-12,-0.5272467902864961
2017-05-15,-0.5273572638378112
2017-05-16,-0.5274589050648837
2017-05-17,-0.527552419700644
2017-05-18,-0.5276384571501966
2017-05-19,-0.5277176149770004
2017-05-22,-0.5277904430332232
2017-05-23,-0.5278574472622671
2017-05-24,-0.5279190931992965
2017-05-25,-0.5279758091935861
2017-05-26,-0.5280279893746627
2017-05-29,-0.5280759963824934
2017-05-30,-0.5281201638803916
2017-05-31,-0.5281607988678494
2017-06-01,-0.5250220438432245
2017-06-02,-0.5252905722509429
2017-06-05,-0.5255375347993338
2017-06-06,-0.5257646692726656
2017-06-07,-0.5259735729161887
2017-06-08,-0.5261657134876225
2017-06-09,-0.5263424398826054
2017-06-12,-0.5265049918682634
2017-06-13,-0.5266545090028796
2017-06-14,-0.5267920388123472
2017-06-15,-0.5269185442875389
2017-06-16,-0.5270349107608518
2017-06-19,-0.5271419522148987
2017-06-20,-0.5272404170715538
2017-06-21,-0.5273309935052698
2017-06-22,-0.527414314320692
2017-06-23,-0.5274909614310854
2017-06-26,-0.5275614699709167
2017-06-27,-0.5276263320730286
2017-06-28,-0.5276860003382434
2017-06-29,-0.5277408910228352
2017-06-30,-0.5277913869671504
2017-07-03,-0.5258910962211265
2017-07-04,-0.5260732976886039
2017-07-05,-0.5262408793272408
2017-07-06,-0.5263950172286029
2017-07-07,-0.5265367926347352
2017-07-10,-0.5266671993999171
2017-07-11,-0.5267871511195356
2017-07-12,-0.5268974876671675
2017-07-13,-0.5269989811905754
2017-07-14,-0.5270923416127472
2017-07-17,-0.527178221679961
2017-07-18,-0.5272572215951259
2017-07-19,-0.5273298932712753
2017-07-20,-0.5273967442370278
2017-07-21,-0.5274582412230648
2017-07-24,-0.5275148134561628
2017-07-25,-0.5275668556850304
2017-07-26,-0.5276147309601347
2017-07-27,-0.5276587731878066
2017-07-28,-0.5276992894771999
2017-07-31,-0.5277365622971115
2017-08-01,-0.5151849348912352
2017-08-02,-0.51595269472216
2017-08-03,-0.5166586650439158
2017-08-04,-0.5173078436730378
2017-08-07,-0.5179048231905347
2017-08-08,-0.5184538209817845
2017-08-09,-0.518958710499154
2017-08-10,-0.5194230498206678
2017-08-11,-0.5198501077548011
2017-08-14,-0.5202428877156935
2017-08-15,-0.5206041495703735
2017-08-16,-0.52093642963955
2017-08-17,-0.5212420590157543
2017-08-18,-0.5215231803468476
2017-08-21,-0.5217817632188407
2017-08-22,-0.5220196182594151
2017-08-23,-0.5222384100723041
2017-08-24,-0.5224396691025894
2017-08-25,-0.5226248025239175
2017-08-28,-0.5227951042304672
2017-08-29,-0.5229517640091378
2017-08-30,-0.5230958759607662
2017-08-31,-0.5232284462331696
2017-09-01,-0.5204211474296545
2017-09-04,-0.5206394058750796
2017-09-05,-0.5208401549257677
2017-09-06,-0.5210248024939744
2017-09-07,-0.5211946431160474
2017-09-08,-0.5213508667720183
2017-09-11,-0.521494567404397
2017-09-12,-0.5216267507313834
2017-09-13,-0.5217483414147281
2017-09-14,-0.521860189637052
2017-09-15,-0.5219630771385482
2017-09-18,-0.5220577227585717
2017-09-19,-0.522144787523627
2017-09-20,-0.5222248793196441
2017-09-21,-0.5222985571831497
2017-09-22,-0.522366335242962
2017-09-25,-0.5224286863413284
2017-09-26,-0.5224860453609604
2017-09-27,-0.522538812282178
2017-09-28,-0.5225873549923354
2017-09-29,-0.5226320118678288
2017-10-02,-0.5226730941472968
2017-10-03,-0.5083496783849933
2017-10-04,-0.5075882422818114
2017-10-05,-0.5068869061568223
2017-10-06,-0.5062409835154751
2017-10-09,-0.5056461478495451
2017-10-10,-0.5050984024143566
2017-10-11,-0.5045940563505383
2017-10-12,-0.5041297023355427
2017-10-13,-0.5037021956996525
2017-10-16,-0.5033086349380675
2017-10-17,-0.5029463435489364
2017-10-18,-0.5026128531266346
2017-10-19,-0.5023058876399571
2017-10-20,-0.5020233488259948
2017-10-23,-0.5017633026321515
2017-10-24,-0.501523966640864
2017-10-25,-0.5013036984140294
2017-10-26,-0.5011009846968075
2017-10-27,-0.50091443142326
2017-10-30,-0.5007427544691886
2017-10-31,-0.5005847711004399
2017-11-01,-0.5078568185807436
2017-11-02,-0.5082562995692171
2017-11-03,-0.5086237418060078
2017-11-06,-0.5089617213504636
2017-11-07,-0.5092726056880094
2017-11-08,-0.5095585712679545
2017-11-09,-0.5098216190443496
2017-11-10,-0.5100635887325051
2017-11-13,-0.5102861718905476
2017-11-14,-0.5104909239255561
2017-11-15,-0.5106792751149416
2017-11-16,-0.510852540725731
2017-11-17,-0.5110119303071713
2017-11-20,-0.5111585562255108
2017-11-21,-0.5112934415038691
2017-11-22,-0.5114175270247072
2017-11-23,-0.511531678147498
2017-11-24,-0.5116366907897392
2017-11-27,-0.5117332970153767
2017-11-28,-0.5118221701710067
2017-11-29,-0.5119039296068368
2017-11-30,-0.5119791450163083
2017-12-01,-0.5129176916699406
2017-12-04,-0.5130199423965814
2017-12-05,-0.5131140022619065
2017-12-06,-0.5132005282809571
2017-12-07,-0.5132801245561709
2017-12-08,-0.5133533466467677
2017-12-11,-0.5134207054854077
2017-12-12,-0.5134826709763838
2017-12-13,-0.5135396753016118
2017-12-14,-0.5135921159584781
2017-12-15,-0.5136403585515575
2017-12-18,-0.5136847393583779
2017-12-19,-0.5137255676877064
2017-12-20,-0.513763128047306
2017-12-21,-0.5137976821366861
2017-12-22,-0.5138294706790978
2017-12-25,-0.5138587151058401
2017-12-26,-0.5138856191048615
2017-12-27,-0.5139103700446691
2017-12-28,-0.5139331402836385
2017-12-29,-0.5139540883740021
2018-01-01,-0.5139733601690284
2018-01-02,-0.5205838730781878
2018-01-03,-0.5206862995006627
2018-01-04,-0.5207806599830673
2018-01-05,-0.5208675808258943
2018-01-08,-0.5209476405763163
2018-01-09,-0.5210213740184528
2018-01-10,-0.5210892752944069
2018-01-11,-0.5211518008324157
2018-01-12,-0.5212093720891715
2018-01-15,-0.5212623781140024
2018-01-16,-0.5213111779430442
2018-01-17,-0.5213561028317671
2018-01-18,-0.5213974583343306
2018-01-19,-0.5214355262382114
2018-01-22,-0.5214705663624426
2018-01-23,-0.5215028182276085
2018-01-24,-0.5215325026055098
2018-01-25,-0.5215598229561204
2018-01-26,-0.521584966759152
2018-01-29,-0.5216081067472138
2018-01-30,-0.521629402047207
2018-01-31,-0.5216489992362543
2018-02-01,-0.43743253918300673
2018-02-02,-0.36562710975017354
2018-02-05,-0.2995317615228958
2018-02-06,-0.23869494183836534
2018-02-07,-0.18270042047212104
2018-02-08,-0.13116458566263323
2018-02-09,-0.0837339382200602
2018-02-12,-0.04008277038378059
2018-02-13,8.898297759218923e-05
2018-02-14,0.03705773259301538
2018-02-15,0.07107807357329139
2018-02-16,0.10238448525092794
2018-02-19,0.13119290195336678
2018-02-20,0.15770216398388803
2018-02-21,0.18209535750135497
2018-02-22,0.20454105142966164
2018-02-23,0.22519443899198152
2018-02-26,0.2441983909547497
2018-02-27,0.26168442718226514
2018-02-28,0.2777736126449811
2018-03-01,0.2593890983983986
2018-03-02,0.24514652616692673
2018-03-05,0.23163546167221066
2018-03-06,0.2188330088134297
2018-03-07,0.20671610958171627
2018-03-08,0.19526151872088937
2018-03-09,0.18444580434702718
2018-03-12,0.17424536774397587
2018-03-13,0.1646364801367883
2018-03-14,0.15559533386893368
2018-03-15,0.14709810516425315
2018-03-16,0.1391210255423055
2018-03-19,0.13164045896878968
2018-03-20,0.12463298194714606
2018-03-21,0.1180754639742552
2018-03-22,0.11194514607053017
2018-03-23,0.10621971542984752
2018-03-26,0.1008773745956831
2018-03-27,0.09589690393661736
2018-03-28,0.09125771655018834
2018-03-29,0.08693990505557586
2018-03-30,0.08292428003314314
2018-04-02,0.07919240012631511
2018-04-03,0.09267036913935178
2018-04-04,0.10330749803854046
2018-04-05,0.11308734186737147
2018-04-06,0.12207946107282105
2018-04-09,0.13034769925353776
2018-04-10,0.13795066440117976
2018-04-11,0.1449421677187197
2018-04-12,0.151371624200925
2018-04-13,0.15728441853175243
2018-04-16,0.1627222394895912
2018-04-17,0.167723385729533
2018-04-18,0.17232304552661554
2018-04-19,0.17655355281057133
2018-04-20,0.18044462159698973
2018-04-23,0.18402356071850817
2018-04-24,0.18731547057971734
2018-04-25,0.19034342349833927
2018-04-26,0.19312862905068406
2018-04-27,0.19569058570950912
2018-04-30,0.198047219945507
2018-05-01,0.2742304005775322
2018-05-02,0.28820444409154683
2018-05-03,0.3012157540523904
2018-05-04,0.31332076125722824
2018-05-07,0.3245739136365124
2018-05-08,0.33502756421007185
2018-05-09,0.3447318878285591
2018-05-10,0.3537348259710063
2018-05-11,0.3620820568539801
2018-05-14,0.36981698801756624
2018-05-15,0.37698076855422386
2018-05-16,0.383612318219783
2018-05-17,0.38974837079425595
2018-05-18,0.3954235292282404
2018-05-21,0.4006703303051522
2018-05-22,0.4055193167591041
2018-05-23,0.40999911500380376
2018-05-24,0.41413651684216246
2018-05-25,0.4179565637339143
2018-05-28,0.42148263239546707
2018-05-29,0.42473652068974205
2018-05-30,0.42773853293225894
2018-05-31,0.43050756389236566
2018-06-01,0.35690949747417117
2018-06-04,0.2873108878703032
2018-06-05,0.22316927232356784
2018-06-06,0.164064746244634
2018-06-07,0.10960852126502975
2018-06-08,0.05944079862741558
2018-06-11,0.013228760725895026
2018-06-12,-0.02933532141480336
2018-06-13,-0.06853586775991291
2018-06-14,-0.10463565960496468
2018-06-15,-0.1378774046916511
2018-06-18,-0.16848520146652998
2018-06-19,-0.1966659070563356
2018-06-20,-0.22261041365215745
2018-06-21,-0.24649483804041344
2018-06-22,-0.26848162900464434
2018-06-25,-0.28872059726020755
2018-06-26,-0.3073498724839005
2018-06-27,-0.32449679187089536
2018-06-28,-0.34027872449935337
2018-06-29,-0.3548038356147979
2018-07-02,-0.3681717947668638
2018-07-03,-0.3906386401224458
2018-07-04,-0.40130028020030684
2018-07-05,-0.4111356997563218
2018-07-06,-0.42020702872504734
2018-07-09,-0.4285720065073306
2018-07-10,-0.4362842510181909
2018-07-11,-0.4433935168135451
2018-07-12,-0.44994594253853054
2018-07-13,-0.4559842872336015
2018-07-16,-0.4615481552304768
2018-07-17,-0.46667420953454064
2018-07-18,-0.47139637372671545
2018-07-19,-0.4757460225293211
2018-07-20,-0.47975216127001163
2018-07-23,-0.4834415945484195
2018-07-24,-0.48683908446422386
2018-07-25,-0.489967498805398
2018-07-26,-0.4928479496235178
2018-07-27,-0.495499922641135
2018-07-30,-0.4979413979460376
2018-07-31,-0.5001889624301874
2018-08-01,-0.4880525472648437
2018-08-02,-0.4901044332308004
2018-08-03,-0.4919955254754841
2018-08-06,-0.49373817935501246
2018-08-07,-0.4953438413855859
2018-08-08,-0.49682310621939735
2018-08-09,-0.4981857754109639
2018-08-10,-0.49944091283190745
2018-08-13,-0.5005968968144529
2018-08-14,-0.5016614691222543
2018-08-15,-0.5026417808610691
2018-08-16,-0.5035444354519296
2018-08-17,-0.5043755287963825
2018-08-20,-0.5051406867675876
2018-08-21,-0.5058451001630513
2018-08-22,-0.5064935572549145
2018-08-23,-0.5070904740723713
2018-08-24,-0.5076399225482606
2018-08-27,-0.5081456566584086
2018-08-28,-0.5086111366781292
2018-08-29,-0.5090395516755944
2018-08-30,-0.5094338403567225
2018-08-31,-0.5097967103709313
2018-09-03,-0.5059545025771834
2018-09-04,-0.5070735259181698
2018-09-05,-0.5081806588097437
2018-09-06,-0.5092687675638983
2018-09-07,-0.5103319054631295
2018-09-10,-0.5113652135311657
2018-09-11,-0.5123648189610939
2018-09-12,-0.5133277343902671
2018-09-13,-0.5142517596699208
2018-09-14,-0.5151353874857516
2018-09-17,-0.515977713895166
2018-09-18,-0.5167783545695254
2018-09-19,-0.5175373672744363
2018-09-20,-0.5182551808939782
2018-09-21,-0.518932531109044
2018-09-24,-0.519570402676865
2018-09-25,-0.5201699781276685
2018-09-26,-0.5207325925933644
2018-09-27,-0.5212596944093987
2018-09-28,-0.5217528110811234
2018-10-01,-0.5222135201766988
2018-10-02,-0.5199046475103231
2018-10-03,-0.5204923781179067
2018-10-04,-0.5210373890230775
2018-10-05,-0.5215424746991144
2018-10-08,-0.5220102942153455
2018-10-09,-0.5224433698153692
2018-10-10,-0.5228440875133682
2018-10-11,-0.5232146989641542
2018-10-12,-0.5235573243557556
2018-10-15,-0.5238739561059986
2018-10-16,-0.524166463174563
2018-10-17,-0.5244365958292553
2018-10-18,-0.524685990729776
2018-10-19,-0.5249161762141084
2018-10-22,-0.525128577691961
2018-10-23,-0.5253245230666206
2018-10-24,-0.5255052481212994
2018-10-25,-0.5256719018187712
2018-10-26,-0.5258255514740153
2018-10-29,-0.5259671877688721
2018-10-30,-0.5260977295855769
2018-10-31,-0.5262180286426483
2018-11-01,-0.5334959561260838
2018-11-02,-0.5330956748081196
2018-11-05,-0.5327297040998953
2018-11-06,-0.5323949856102697
2018-11-07,-0.5320887454702314
2018-11-08,-0.5318084676550117
2018-11-09,-0.5315518690684625
2018-11-12,-0.5313168770383223
2018-11-13,-0.5311016090105006
2018-11-14,-0.5309043542424666
2018-11-15,-0.5307235573088347
2018-11-16,-0.5305578032457463
2018-11-19,-0.5304058041742347
2018-11-20,-0.5302663872561061
2018-11-21,-0.5301384838487581
2018-11-22,-0.5300211197375817
2018-11-23,-0.529913406336116
2018-11-26,-0.5298145327548158
2018-11-27,-0.5297237586491786
2018-11-28,-0.5296404077670346
2018-11-29,-0.5295638621230673
2018-11-30,-0.529493556736118
2018-12-03,-0.5281055949353868
2018-12-04,-0.5281450855532535
2018-12-05,-0.528181482366972
2018-12-06,-0.5282150227514371
2018-12-07,-0.5282459267906043
2018-12-10,-0.5282743982420797
2018-12-11,-0.5283006256497518
2018-12-12,-0.5283247833964381
2018-12-13,-0.5283470326970288
2018-12-14,-0.52836752253322
2018-12-17,-0.5283863905313637
2018-12-18,-0.5284037637853164
2018-12-19,-0.5284197596263978
2018-12-20,-0.5284344863427541
2018-12-21,-0.5284480438505166
2018-12-24,-0.5284605243192002
2018-12-25,-0.5284720127538125
2018-12-26,-0.5284825875361112
2018-12-27,-0.5284923209274164
2018-12-28,-0.5285012795353161
2018-12-31,-0.5285095247465305
2019-01-01,-0.5315618872834458
2019-01-02,-0.53134118205165
2019-01-03,-0.5311381156240285
2019-01-04,-0.5309512800252515
2019-01-07,-0.5307793791024757
2019-01-08,-0.5306212200206073
2019-01-09,-0.5304757050585059
2019-01-10,-0.5303418240511573
2019-01-11,-0.530218647427901
2019-01-14,-0.5301053198004979
2019-01-15,-0.5300010540582492
2019-01-16,-0.529905125930606
2019-01-17,-0.5298168689806946
2019-01-18,-0.5297356699959617
2019-01-21,-0.5296609647447449
2019-01-22,-0.5295922340699559
2019-01-23,-0.5295290002933039
2019-01-24,-0.5294708239055337
2019-01-25,-0.529417300520074
2019-01-28,-0.5293680580692414
2019-01-29,-0.5293227542237864
2019-01-30,-0.5292810740180696
2019-01-31,-0.5292427276645467
2019-02-01,-0.5233561797963902
2019-02-04,-0.5237638461060505
2019-02-05,-0.5241385198742243
2019-02-06,-0.5244828985154473
2019-02-07,-0.5247994554556913
2019-02-08,-0.5250904584889061
2019-02-11,-0.5253579874429931
2019-02-12,-0.5256039502404695
2019-02-13,-0.5258300975129468
2019-02-14,-0.5260380359108341
2019-02-15,-0.5262292402341989
2019-02-18,-0.5264050644971735
2019-02-19,-0.5265667520263978
2019-02-20,-0.5267154446835245
2019-02-21,-0.526852191292573
2019-02-22,-0.5269779553447604
2019-02-25,-0.5270936220461836
2019-02-26,-0.5272000047673142
2019-02-27,-0.5272978509475301
2019-02-28,-0.5273878475028115
2019-03-01,-0.5230654770576038
2019-03-04,-0.5234548871861499
2019-03-05,-0.5238129009745479
2019-03-06,-0.5241420673092199
2019-03-07,-0.5244447259993268
2019-03-08,-0.5247230246811709
2019-03-11,-0.5249789349741032
2019-03-12,-0.5252142672202564
2019-03-13,-0.5254306839412011
2019-03-14,-0.525629712130758
2019-03-15,-0.5258127544909661
2019-03-18,-0.5259810997074063
2019-03-19,-0.5261359318505086
2019-03-20,-0.5262783389809726
2019-03-21,-0.5264093210298733
2019-03-22,-0.5265297970172749
2019-03-25,-0.5266406116671503
2019-03-26,-0.5267425414710101
2019-03-27,-0.5268363002477998
2019-03-28,-0.5269225442432744
2019-03-29,-0.5270018768081501
2019-04-01,-0.5270748526907945
2019-04-02,-0.5245424843348593
2019-04-03,-0.5247781089343847
2019-04-04,-0.5249948011695273
2019-04-05,-0.5251940880378205
2019-04-08,-0.5253773727866213
2019-04-09,-0.5255459447267437
2019-04-10,-0.5257009886083005
2019-04-11,-0.5258435932056503
2019-04-12,-0.5259747591811559
2019-04-15,-0.5260954062908659
2019-04-16,-0.5262063799893169
2019-04-17,-0.5263084574853585
2019-04-18,-0.5264023532961399
2019-04-19,-0.526488724342125
2019-04-22,-0.5265681746221395
2019-04-23,-0.5266412595039739
2019-04-24,-0.5267084896629277
2019-04-25,-0.5267703346978254
2019-04-26,-0.5268272264514667
2019-04-29,-0.5268795620601316
2019-04-30,-0.5269277067546377
2019-05-01,-0.522670824297981
2019-05-02,-0.5229688438711692
2019-05-03,-0.523242955512485
2019-05-06,-0.5234950815312467
2019-05-07,-0.5237269895780756
2019-05-08,-0.5239403045190119
2019-05-09,-0.5241365200737259
2019-05-10,-0.5243170094885483
2019-05-13,-0.524483035327004
2019-05-14,-0.5246357584530282
2019-05-15,-0.524776246275295
2019-05-16,-0.5249054803149743
2019-05-17,-0.5250243631537541
2019-05-20,-0.5251337248139584
2019-05-21,-0.5252343286181053
2019-05-22,-0.5253268765711456
2019-05-23,-0.5254120143049087
2019-05-24,-0.5254903356209163
2019-05-27,-0.5255623866646427
2019-05-28,-0.5256286697615093
2019-05-29,-0.525689646942348
2019-05-30,-0.5257457431837497
2019-05-31,-0.5257973493865808
2019-06-03,-0.5338197993606886
2019-06-04,-0.5333678625815672
2019-06-05,-0.5329560881258225
2019-06-06,-0.5325807326763149
2019-06-07,-0.532238416164539
2019-06-10,-0.531926086961726
2019-06-11,-0.5316409893597664
2019-06-12,-0.5313806341110078
2019-06-13,-0.5311427718004864
2019-06-14,-0.5309253688253841
2019-06-17,-0.5307265857620584
2019-06-18,-0.5305447579097093
2019-06-19,-0.5303783778106841
2019-06-20,-0.5302260795597837
2019-06-21,-0.530086624728104
2019-06-24,-0.5299588897403925
2019-06-25,-0.5298418545582899
2019-06-26,-0.5297345925348119
2019-06-27,-0.5296362613178781
2019-06-28,-0.5295460946924218
2019-07-01,-0.5294633952615552
2019-07-02,-0.5227796883523368
2019-07-03,-0.5231775555034006
2019-07-04,-0.5235436478270346
2019-07-05,-0.5238804978327534
2019-07-08,-0.524190437990922
2019-07-09,-0.5244756152348007
2019-07-10,-0.5247380056409772
2019-07-11,-0.5249794279602493
2019-07-12,-0.5252015560871202
2019-07-15,-0.5254059305495885
2019-07-16,-0.5255939690948817
2019-07-17,-0.5257669764411385
2019-07-18,-0.5259261532598075
2019-07-19,-0.5260726044486401
2019-07-22,-0.5262073467506232
2019-07-23,-0.5263313157699883
2019-07-24,-0.5264453724325152
2019-07-25,-0.5265503089337376
2019-07-26,-0.5266468542152893
2019-07-29,-0.5267356790065321
2019-07-30,-0.5268174004657173
2019-07-31,-0.526892586452284
2019-08-01,-0.5247241786932046
2019-08-02,-0.5249287495577482
2019-08-05,-0.5251169571524293
2019-08-06,-0.5252901098713636
2019-08-07,-0.5254494118635149
2019-08-08,-0.5255959709774385
2019-08-09,-0.5257308064616983
2019-08-12,-0.5258548560495365
2019-08-13,-0.525968982477068
2019-08-14,-0.5260739794803203
2019-08-15,-0.5261705773128018
2019-08-16,-0.5262594478219402
2019-08-19,-0.5263412091196591
2019-08-20,-0.5264164298795422
2019-08-21,-0.5264856332904351
2019-08-22,-0.5265493006939486
2019-08-23,-0.5266078749311254
2019-08-26,-0.5266617634215275
2019-08-27,-0.5267113409961217
2019-08-28,-0.5267569525036528
2019-08-29,-0.5267989152086029
2019-08-30,-0.5268375209974029
2019-09-02,-0.5268730384082212
2019-09-03,-0.5277702181262662
2019-09-04,-0.5277424372110769
2019-09-05,-0.5277168740632887
2019-09-06,-0.5276933520562525
2019-09-09,-0.52767170849865
2019-09-10,-0.527651793622494
2019-09-11,-0.5276334695633502
2019-09-12,-0.5276166094199849
2019-09-13,-0.5276010963874173
2019-09-16,-0.5275868229577778
2019-09-17,-0.5275736901837884
2019-09-18,-0.5275616070000535
2019-09-19,-0.5275504895977086
2019-09-20,-0.5275402608482982
2019-09-23,-0.5275308497730715
2019-09-24,-0.5275221910541604
2019-09-25,-0.5275142245843827
2019-09-26,-0.5275068950526476
2019-09-27,-0.527500151562185
2019-09-30,-0.5274939472790204
2019-10-01,-0.5222162829446471
2019-10-02,-0.5225214940876332
2019-10-03,-0.5228021711357165
2019-10-04,-0.5230602941871929
2019-10-07,-0.5232976830184735
2019-10-08,-0.5235160094224296
2019-10-09,-0.5237168094220285
2019-10-10,-0.5239014944479219
2019-10-11,-0.5240713615722326
2019-10-14,-0.5242276028818958
2019-10-15,-0.5243713140669923
2019-10-16,-0.5245035022924074
2019-10-17,-0.5246250934148134
2019-10-18,-0.5247369386012646
2019-10-21,-0.5248398204005711
2019-10-22,-0.5249344583140082
2019-10-23,-0.5250215139077477
2019-10-24,-0.5251015955056453
2019-10-25,-0.525175262497616
2019-10-28,-0.5252430292957486
2019-10-29,-0.5253053689675198
2019-10-30,-0.5253627165729391
2019-10-31,-0.5254154722301485
2019-11-01,-0.5153443233803583
2019-11-04,-0.5156852917421908
2019-11-05,-0.5159988890889928
2019-11-06,-0.5162873174838485
2019-11-07,-0.5165526029379857
2019-11-08,-0.5167966074562271
2019-11-11,-0.5170210424546504
2019-11-12,-0.5172274810588844
2019-11-13,-0.5174173693797182
2019-11-14,-0.517592036853855
2019-11-15,-0.5177527057296786
2019-11-18,-0.5179004997707226
2019-11-19,-0.5180364522430518
2019-11-20,-0.5181615132469053
2019-11-21,-0.5182765564476455
2019-11-22,-0.5183823852562606
2019-11-25,-0.5184797385052984
2019-11-26,-0.5185692956621644
2019-11-27,-0.5186516816181129
2019-11-28,-0.5187274710879952
2019-11-29,-0.5187971926528427
2019-12-02,-0.5188613324746659
2019-12-03,-0.5171429251081228
2019-12-04,-0.5171905820539067
2019-12-05,-0.5172344280990526
2019-12-06,-0.5172747676674148
2019-12-09,-0.5173118810919235
2019-12-10,-0.5173460263072884
2019-12-11,-0.5173774406375005
2019-12-12,-0.5174063424409985
2019-12-13,-0.5174329326247908
2019-12-16,-0.5174573960379242
2019-12-17,-0.5174799027538808
2019-12-18,-0.5175006092507279
2019-12-19,-0.5175196594971447
2019-12-20,-0.5175371859518155
2019-12-23,-0.5175533104830763
2019-12-24,-0.5175681452151712
2019-12-25,-0.5175817933069528
2019-12-26,-0.5175943496684163
2019-12-27,-0.5176059016200171
2019-12-30,-0.5176165294993328
2019-12-31,-0.5176263072192713
2020-01-01,-0.5067941925227154
2020-01-02,-0.5057614444707927
2020-01-03,-0.504809482450401
2020-01-06,-0.5039321150890512
2020-01-07,-0.5031236082905406
2020-01-08,-0.502378652223781
2020-01-09,-0.5016923323757558
2020-01-10,-0.5010601022165017
2020-01-13,-0.5004777574420031
2020-01-14,-0.4999414117517819
2020-01-15,-0.4994474741108252
2020-01-16,-0.49899262744014217
2020-01-17,-0.4985738086763952
2020-01-20,-0.498188190138501
2020-01-21,-0.4978331621376566
2020-01-22,-0.497506316766721
2020-01-23,-0.49720543280511265
2020-01-24,-0.4969284616762411
2020-01-27,-0.4966735143958343
2020-01-28,-0.49643884945125616
2020-01-29,-0.4962228615539435
2020-01-30,-0.4960240712093297
2020-01-31,-0.4958411150510275
2020-02-03,-0.5060202094643503
2020-02-04,-0.5070306219415909
2020-02-05,-0.5079603313620765
2020-02-06,-0.5088157748292936
2020-02-07,-0.5096028766706545
2020-02-10,-0.510327089855241
2020-02-11,-0.5109934333083932
2020-02-12,-0.5116065263009066
2020-02-13,-0.5121706201378546
2020-02-14,-0.5126896273554
2020-02-17,-0.5131671486184355
2020-02-18,-0.5136064974974508
2020-02-19,-0.5140107232895798
2020-02-20,-0.5143826320362993
2020-02-21,-0.5147248058786512
2020-02-24,-0.5150396208801087
2020-02-25,-0.5153292634372286
2020-02-26,-0.5155957453889959
2020-02-27,-0.5158409179272017
2020-02-28,-0.5160664844022834
2020-03-02,-0.5162740121117251
2020-03-03,-0.5259363317770193
2020-03-04,-0.5259567971758095
2020-03-05,-0.5259801034292548
2020-03-06,-0.5260053995383543
2020-03-09,-0.5260319846025894
2020-03-10,-0.5260592866027759
2020-03-11,-0.5260868430108547
2020-03-12,-0.5261142839320249
2020-03-13,-0.5261413175039245
2020-03-16,-0.5261677172969299
2020-03-17,-0.5261933114800859
2020-03-18,-0.5262179735379064
2020-03-19,-0.526241614343721
2020-03-20,-0.5262641754149476
2020-03-23,-0.5262856231943582
2020-03-24,-0.5263059442188543
2020-03-25,-0.5263251410534034
2020-03-26,-0.5263432288825275
2020-03-27,-0.5263602326651009
2020-03-30,-0.5263761847702467
2020-03-31,-0.5263911230228696
2020-04-01,-0.5191582420365551
2020-04-02,-0.5193307982697595
2020-04-03,-0.519560742604087
2020-04-06,-0.5198365829833935
2020-04-07,-0.5201481752805801
2020-04-08,-0.5204866349587752
2020-04-09,-0.520844243808175
2020-04-10,-0.521214354954311
2020-04-13,-0.5215912979102599
2020-04-14,-0.5219702852195538
2020-04-15,-0.5223473219909354
2020-04-16,-0.5227191193749173
2020-04-17,-0.5230830127871724
2020-04-20,-0.5234368854541402
2020-04-21,-0.523779097648305
2020-04-22,-0.5241084217983383
2020-04-23,-0.5244239835046047
2020-04-24,-0.5247252083635408
2020-04-27,-0.5250117744040598
2020-04-28,-0.5252835698633125
2020-04-29,-0.525540655975253
2020-04-30,-0.5257832344105865
2020-05-01,-0.5247198577475751
2020-05-04,-0.5250360727653243
2020-05-05,-0.5253306656243701
2020-05-06,-0.5256048376437482
2020-05-07,-0.5258597677874438
2020-05-08,-0.5260966045177619
2020-05-11,-0.5263164596842912
2020-05-12,-0.5265204039607074
2020-05-13,-0.5267094635933098
2020-05-14,-0.5268846182517396
2020-05-15,-0.5270467997972852
2020-05-18,-0.5271968918073258
2020-05-19,-0.5273357297156789
2020-05-20,-0.5274641014478407
2020-05-21,-0.5275827484473863
2020-05-22,-0.527692367005187
2020-05-25,-0.5277936098167195
2020-05-26,-0.5278870877047018
2020-05-27,-0.5279733714547303
2020-05-28,-0.5280529937206552
2020-05-29,-0.5281264509642494
2020-06-01,-0.5281942054004318
2020-06-02,-0.5254196555723691
2020-06-03,-0.5256967667524403
2020-06-04,-0.5259517176254278
2020-06-05,-0.5261862793080433
2020-06-08,-0.5264020818817168
2020-06-09,-0.5266006251825891
2020-06-10,-0.5267832891965116
2020-06-11,-0.5269513436261987
2020-06-12,-0.527105956696186
2020-06-15,-0.5272482032560943
2020-06-16,-0.5273790722379181
2020-06-17,-0.5274994735186713
2020-06-18,-0.5276102442356656
2020-06-19,-0.5277121545979615
2020-06-22,-0.5278059132340828
2020-06-23,-0.5278921721129163
2020-06-24,-0.5279715310717876
2020-06-25,-0.5280445419830088
2020-06-26,-0.5281117125877108
2020-06-29,-0.5281735100234877
2020-06-30,-0.5282303640702624
2020-07-01,-0.5246444467506335
2020-07-02,-0.524968206539683
2020-07-03,-0.525266023949738
2020-07-06,-0.5255399803382111
2020-07-07,-0.5257919901628011
2020-07-08,-0.5260238138451094
2020-07-09,-0.5262370702337463
2020-07-10,-0.5264332480477057
2020-07-13,-0.5266137163853251
2020-07-14,-0.5267797343766978
2020-07-15,-0.5269324600506419
2020-07-16,-0.5270729584812204
2020-07-17,-0.5272022092732418
2020-07-20,-0.5273211134411263
2020-07-21,-0.5274304997309188
2020-07-22,-0.5275311304310465
2020-07-23,-0.5276237067135996
2020-07-24,-0.5277088735444292
2020-07-27,-0.5277872241971707
2020-07-28,-0.5278593044033997
2020-07-29,-0.5279256161684627
2020-07-30,-0.5279866212800906
2020-07-31,-0.5280427445346847
2020-08-03,-0.5260631345110636
2020-08-04,-0.5262568617988488
2020-08-05,-0.526435218456639
2020-08-06,-0.5265994141707122
2020-08-07,-0.5267505652819899
2020-08-10,-0.5268897013660241
2020-08-11,-0.5270177717832436
2020-08-12,-0.5271356517653711
2020-08-13,-0.5272441480658454
2020-08-14,-0.5273440042012694
2020-08-17,-0.5274359053099776
2020-08-18,-0.5275204826527404
2020-08-19,-0.5275983177794834
2020-08-20,-0.527669946384737
2020-08-21,-0.5277358618733149
2020-08-24,-0.5277965186565358
2020-08-25,-0.5278523351981146
2020-08-26,-0.5279036968276908
2020-08-27,-0.5279509583388492
2020-08-28,-0.5279944463873969
2020-08-31,-0.5280344617046351
2020-09-01,-0.5243732724528034
2020-09-02,-0.5246721380492538
2020-09-03,-0.5249470317968639
2020-09-04,-0.5251998806448903
2020-09-07,-0.5254324564743907
2020-09-08,-0.5256463881233898
2020-09-09,-0.5258431730331715
2020-09-10,-0.5260241879307459
2020-09-11,-0.5261906986297457
2020-09-14,-0.5263438690245926
2020-09-15,-0.5264847693460759
2020-09-16,-0.5266143837404641
2020-09-17,-0.5267336172288001
2020-09-18,-0.5268433020981035
2020-09-21,-0.5269442037717126
2020-09-22,-0.5270370262019426
2020-09-23,-0.5271224168245426
2020-09-24,-0.527200971111068
2020-09-25,-0.5272732367522358
2020-09-28,-0.5273397175025367
2020-09-29,-0.527400876713842
2020-09-30,-0.527457140583418
2020-10-01,-0.5326672684044915
2020-10-02,-0.5323451141061434
2020-10-05,-0.5320487025233473
2020-10-06,-0.5317759799182311
2020-10-07,-0.5315250553676514
2020-10-08,-0.5312941884675997
2020-10-09,-0.5310817774309237
2020-10-12,-0.53088634811098
2020-10-13,-0.530706543882171
2020-10-14,-0.5305411163128685
2020-10-15,-0.530388916570609
2020-10-16,-0.5302488875036192
2020-10-19,-0.5301200563466977
2020-10-20,-0.5300015280032259
2020-10-21,-0.5298924788586101
2020-10-22,-0.5297921510837639
2020-10-23,-0.5296998473903354
2020-10-26,-0.5296149262022791
2020-10-27,-0.5295367972110606
2020-10-28,-0.5294649172842851
2020-10-29,-0.5293987866998722
2020-10-30,-0.5293379456800499
2020-11-02,-0.5292819712014456
2020-11-03,-0.5328863481475605
2020-11-04,-0.5325659470221047
2020-11-05,-0.532271445741032
2020-11-06,-0.5320007334859075
2020-11-09,-0.5317518734304147
2020-11-10,-0.5315230885586852
2020-11-11,-0.5313127481996867
2020-11-12,-0.5311193557295034
2020-11-13,-0.5309415373370312
2020-11-16,-0.5307780317580735
2020-11-17,-0.5306276808914979
2020-11-18,-0.5304894212190029
2020-11-19,-0.5303622759572335
2020-11-20,-0.5302453478775169
2020-11-23,-0.5301378127344241
2020-11-24,-0.530038913249734
2020-11-25,-0.5299479536032637
2020-11-26,-0.529864294386441
2020-11-27,-0.5297873479784991
2020-11-30,-0.5297165743088024
2020-12-01,-0.5087542708121926
2020-12-02,-0.5099200784491947
2020-12-03,-0.5109922413418411
2020-12-04,-0.5119782940388728
2020-12-07,-0.5128851776519485
2020-12-08,-0.5137192698581237
2020-12-09,-0.5144864312509916
2020-12-10,-0.5151920477820539
2020-12-11,-0.5158410696373387
2020-12-14,-0.5164380468614497
2020-12-15,-0.5169871620118925
2020-12-16,-0.5174922601002412
2020-12-17,-0.5179568760531446
2020-12-18,-0.5183842599049692
2020-12-21,-0.518777399914808
2020-12-22,-0.5191390437833663
2020-12-23,-0.5194717181296986
2020-12-24,-0.5197777463737114
2020-12-25,-0.5200592651576147
2020-12-28,-0.5203182394279604
2020-12-29,-0.5205564762894311
2020-12-30,-0.5207756377320137
2020-12-31,-0.5209772523245394
2021-01-01,-0.5125312412535772
2021-01-04,-0.5126804014525906
2021-01-05,-0.5128178041213305
2021-01-06,-0.5129443617299558
2021-01-07,-0.5130609194971603
2021-01-08,-0.5131682584150924
2021-01-11,-0.5132670998770442
2021-01-12,-0.5133581100110539
2021-01-13,-0.5134419037317506
2021-01-14,-0.5135190485233938
2021-01-15,-0.5135900679674192
2021-01-18,-0.5136554450279218
2021-01-19,-0.5137156251084639
2021-01-20,-0.5137710188933985
2021-01-21,-0.5138220049865991
2021-01-22,-0.5138689323600947
2021-01-25,-0.5139121226246605
2021-01-26,-0.513951872133923
2021-01-27,-0.5139884539330096
2021-01-28,-0.5140221195622375
2021-01-29,-0.5140531007257823
2021-02-01,-0.5140816108347264
2021-02-02,-0.5219678302948279
2021-02-03,-0.5218078178383687
2021-02-04,-0.521660498058132
2021-02-05,-0.5215248724384769
2021-02-08,-0.5214000194015398
2021-02-09,-0.5212850889714318
2021-02-10,-0.521179297368144
2021-02-11,-0.5210819219853929
2021-02-12,-0.5209922967289544
2021-02-15,-0.520909807692821
2021-02-16,-0.5208338891514329
2021-02-17,-0.520764019847179
2021-02-18,-0.5206997195533649
2021-02-19,-0.5206405458938597
2021-02-22,-0.5205860914016491
2021-02-23,-0.520535980799532
2021-02-24,-0.520489868487181
2021-02-25,-0.5204474362197555
2021-02-26,-0.5204083909641827
2021-03-01,-0.5203724629201141
2021-03-02,-0.47836354214915633
2021-03-03,-0.41669164832624106
2021-03-04,-0.35909322955362366
2021-03-05,-0.3053503430769956
2021-03-08,-0.2552503368467674
2021-03-09,-0.20858653834168078
2021-03-10,-0.1651588244284175
2021-03-11,-0.1247740884487096
2021-03-12,-0.08724660725138089
2021-03-15,-0.052398312889953204
2021-03-16,-0.020058975230472755
2021-03-17,0.009933697205942166
2021-03-18,0.037734030158274444
2021-03-19,0.06348842195032356
2021-03-22,0.08733543882171246
2021-03-23,0.10940595903644368
2021-03-24,0.12982335789178695
2021-03-25,0.1487037262312999
2021-03-26,0.16615611563475258
2021-03-29,0.18228280407942068
2021-03-30,0.19717957651268828
2021-03-31,0.21093601542209695
2021-04-01,0.27761778787747665
2021-04-02,0.29091269074461323
2021-04-05,0.30336892746799043
2021-04-06,0.31502624780747934
2021-04-07,0.32592412851914687
2021-04-08,0.33610156494528254
2021-04-09,0.3455968815808316
2021-04-12,0.35444756480506384
2021-04-13,0.36269011843743526
2021-04-14,0.3703599421005667
2021-04-15,0.37749123181355293
2021-04-16,0.3841169017946522
2021-04-19,0.390268526117792
2021-04-20,0.395976298632688
2021-04-21,0.40126900941184085
2021-04-22,0.40617403591627654
2021-04-23,0.4107173470624711
2021-04-26,0.41492351841277647
2021-04-27,0.41881575678915756
2021-04-28,0.4224159327147551
2021-04-29,0.42574461921068496
2021-04-30,0.42882113560907853
2021-05-03,0.4302141070442984
2021-05-04,0.43292662447023234
2021-05-05,0.4354305552318438
2021-05-06,0.4377413442410799
2021-05-07,0.43987338087388483
2021-05-10,0.4418400579536246
2021-05-11,0.44365382953761023
2021-05-12,0.4453262670712058
2021-05-13,0.44686811365893786
2021-05-14,0.4482893362648608
2021-05-17,0.44959917570875974
2021-05-18,0.45080619437119546
2021-05-19,0.45191832155966905
2021-05-20,0.45294289652096575
2021-05-21,0.4538867091117891
2021-05-24,0.45475603816175625
2021-05-25,0.4555566875803684
2021-05-26,0.45629402027326516
2021-05-27,0.45697298994348284
2021-05-28,0.45759817086103827
2021-05-31,0.4581737856893985
2021-06-01,0.47139254901214545
2021-06-02,0.4711749758766993
2021-06-03,0.47097820450709565
2021-06-04,0.4708001098667438
2021-06-07,0.4706387947271631
2021-06-08,0.4704925657962126
2021-06-09,0.4703599113371027
2021-06-10,0.47023948113497527
2021-06-11,0.47013006860626627
2021-06-14,0.470030594853461
2021-06-15,0.4699400944777355
2021-06-16,0.4698577029735037
2021-06-17,0.4697826455413656
2021-06-18,0.469714227168843
2021-06-21,0.46965182384119236
2021-06-22,0.46959487475716477
2021-06-23,0.4695428754366481
2021-06-24,0.46949537161850896
2021-06-25,0.46945195385757066
2021-06-28,0.46941225273945125
2021-06-29,0.4693759346409717
2021-06-30,0.46934269797197825
2021-07-01,0.46263308593884234
2021-07-02,0.4630217351722318
2021-07-05,0.46337931646634806
2021-07-06,0.4637083105099898
2021-07-07,0.4640110013295092
2021-07-08,0.46428949068204384
2021-07-09,0.46454571256766497
2021-07-12,0.4647814465911727
2021-07-13,0.46499833026394477
2021-07-14,0.465197870329259
2021-07-15,0.46538145318804647
2021-07-16,0.4655503544960522
2021-07-19,0.465705747997855
2021-07-20,0.4658487136580888
2021-07-21,0.4659802451454883
2021-07-22,0.46610125672102365
2021-07-23,0.4662125895773677
2021-07-26,0.4663150176732222
2021-07-27,0.46640925310260717
2021-07-28,0.466495951036052
2021-07-29,0.4665757142677179
2021-07-30,0.4666490973997851
2021-08-02,0.46671661069296927
2021-08-03,0.4711473185971485
2021-08-04,0.4709292971562129
2021-08-05,0.4707285729184496
2021-08-06,0.4705437844705516
2021-08-09,0.4703736755750668
2021-08-10,0.47021708766258336
2021-08-11,0.4700729524465536
2021-08-12,0.4699402850645879
2021-08-13,0.4698181777136672
2021-08-16,0.4697057937479327
2021-08-17,0.46960236220901297
2021-08-18,0.46950717276022336
2021-08-19,0.4694195709973862
2021-08-20,0.46933895411045323
2021-08-23,0.46926476687152907
2021-08-24,0.4691964979263018
2021-08-25,0.4691336763672638
2021-08-26,0.46907586856842914
2021-08-27,0.4690226752625468
2021-08-30,0.46897372884303373
2021-08-31,0.46892869087403594
2021-09-01,0.4720374279243212
2021-09-02,0.47179202653767516
2021-09-03,0.47156612430427103
2021-09-06,0.4713581818402128
2021-09-07,0.471166779502182
2021-09-08,0.47099060861396846
2021-09-09,0.47082846298297837
2021-09-10,0.47067923103626863
2021-09-13,0.4705418885353334
2021-09-14,0.470415491830856
2021-09-15,0.4702991716206242
2021-09-16,0.4701921271758225
2021-09-17,0.4700936210028751
2021-09-20,0.4700029739099611
2021-09-21,0.46991956044919453
2021-09-22,0.46984280470728823
2021-09-23,0.4697721764192567
2021-09-24,0.46970718738139283
2021-09-27,0.46964738814133444
2021-09-28,0.46959236494455175
2021-09-29,0.4695417369180134
2021-09-30,0.4694951534731352
2021-10-01,0.4628598112076516
2021-10-04,0.4632324998804396
2021-10-05,0.46357514423002877
2021-10-06,0.46389018228616163
2021-10-07,0.4641798527094849
2021-10-08,0.46444621038116285
2021-10-11,0.46469114183728416
2021-10-12,0.4649163793533434
2021-10-13,0.4651235138050942
2021-10-14,0.46531400641902076
2021-10-15,0.46548919951414697
2021-10-18,0.4656503263267001
2021-10-19,0.4657985200001034
2021-10-20,0.46593482181471946
2021-10-21,0.46606018872460525
2021-10-22,0.4661755002621356
2021-10-25,0.46628156486562866
2021-10-26,0.4663791256799801
2021-10-27,0.4664688658757049
2021-10-28,0.4665514135276448
2021-10-29,0.4666273460908743
2021-11-01,0.4666971945079712
2021-11-02,0.47527411159397537
2021-11-03,0.47479673304393116
2021-11-04,0.4743574187644792
2021-11-05,0.4739531454473607
2021-11-08,0.47358112725215795
2021-11-09,0.4732387982286903
2021-11-10,0.47292379524407047
2021-11-11,0.4726339421838649
2021-11-12,0.4723672353418388
2021-11-15,0.4721218299166634
2021-11-16,0.47189602753808385
2021-11-17,0.47168826474925163
2021-11-18,0.47149710237616516
2021-11-19,0.47132121571933816
2021-11-22,0.4711593855069189
2021-11-23,0.47101048955243974
2021-11-24,0.4708734950641872
2021-11-25,0.4707474515568265
2021-11-26,0.4706314843193642
2021-11-29,0.4705247883968049
2021-11-30,0.4704266230459414
2021-12-01,0.4566009871363347
2021-12-02,0.45727163524631187
2021-12-03,0.4578882938626706
2021-12-06,0.45845533042416325
2021-12-07,0.45897675938453475
2021-12-08,0.4594562671229354
2021-12-09,0.45989723926456894
2021-12-10,0.4603027856479346
2021-12-13,0.4606757631532999
2021-12-14,0.4610187965856929
2021-12-15,0.46133429778671864
2021-12-16,0.46162448313262056
2021-12-17,0.46189138956093095
2021-12-20,0.4621368892545832
2021-12-21,0.4623627031003008
2021-12-22,0.46257041302725516
2021-12-23,0.4627614733222631
2021-12-24,0.46293722100904966
2021-12-27,0.46309888537121663
2021-12-28,0.46324759669144433
2021-12-29,0.4633843942730255
2021-12-30,0.4635102338040128
2021-12-31,0.46362599411899497
2022-01-03,0.475243795036413
2022-01-04,0.4747236528877769
2022-01-05,0.47424534027582665
2022-01-06,0.4738054879703214
2022-01-07,0.47340099699313437
2022-01-10,0.47302901806804026
2022-01-11,0.4726869316974939
2022-01-12,0.47237232976115073
2022-01-13,0.4720829985374348
2022-01-14,0.47181690305173435
2022-01-17,0.4715721726580707
2022-01-18,0.4713470877650736
2022-01-19,0.47114006762152266
2022-01-20,0.47094965908143543
2022-01-21,0.47077452627351146
2022-01-24,0.4706134411045768
2022-01-25,0.4704652745314422
2022-01-26,0.47032898854019944
2022-01-27,0.4702036287764147
2022-01-28,0.47008831777389815
2022-01-31,0.46998224873371175
2022-02-01,0.4736207671645783
2022-02-02,0.47327782518003514
2022-02-03,0.4729621442137262
2022-02-04,0.47267157042148356
2022-02-07,0.47240411778478486
2022-02-08,0.47215795571829167
2022-02-09,0.47193139716109095
2022-02-10,0.4717228875407392
2022-02-11,0.4715309945523513
2022-02-14,0.47135439869778906
2022-02-15,0.4711918845328663
2022-02-16,0.471042332573338
2022-02-17,0.4709047118132672
2022-02-18,0.4707780728121232
2022-02-21,0.47066154130964705
2022-02-22,0.470554312330115
2022-02-23,0.4704556447401096
2022-02-24,0.47036485622629
2022-02-25,0.4702813186619088
2022-02-28,0.4702044538329646
2022-03-01,0.4548522114005228
2022-03-02,0.4555666510618014
2022-03-03,0.45622352087619034
2022-03-04,0.45682748545566193
2022-03-07,0.4573828321621634
2022-03-08,0.4578934968592554
2022-03-09,0.45836309335466463
2022-03-10,0.4587949402807794
2022-03-11,0.4591920856505736
2022-03-14,0.4595573293022783
2022-03-15,0.4598932434247159
2022-03-16,0.46020219133621865
2022-03-17,0.4604863446731617
2022-03-18,0.46074769912908997
2022-03-21,0.46098808887197695
2022-03-22,0.46120919975513475
2022-03-23,0.4614125814265221
2022-03-24,0.46159965843152884
2022-03-25,0.46177174039562385
2022-03-28,0.46193003136542743
2022-03-29,0.46207563837971427
2022-03-30,0.46220957933547924
2022-03-31,0.4623327902084445
2022-04-01,0.44880317994104313
2022-04-04,0.44835132646936404
2022-04-05,0.44793544163357485
2022-04-06,0.4475526729025977
2022-04-07,0.44720039520545574
2022-04-08,0.44687618966321785
2022-04-11,0.44657782769810683
2022-04-12,0.4463032563174567
2022-04-13,0.4460505844939774
2022-04-14,0.44581807056760536
2022-04-15,0.44560411059810245
2022-04-18,0.4454072276014876
2022-04-19,0.4452260616072672
2022-04-20,0.44505936047723543
2022-04-21,0.4449059714303241
2022-04-22,0.4447648332215507
2022-04-25,0.4446349689265414
2022-04-26,0.44451547928637963
2022-04-27,0.44440553657063786
2022-04-28,0.4443043789193889
2022-04-29,0.4442113051277765
2022-05-02,0.44412566983932883
2022-05-03,0.35462645142041255
2022-05-04,0.2848538773936876
2022-05-05,0.22070171977728606
2022-05-06,0.16171438415020217
2022-05-09,0.10747364687983807
2022-05-10,0.05759552113562977
2022-05-11,0.011727397171113846
2022-05-12,-0.030454569813384506
2022-05-13,-0.06924784697836098
2022-05-16,-0.10492570678902387
2022-05-17,-0.13773922403354044
2022-05-18,-0.1679191035502199
2022-05-19,-0.19567735369114753
2022-05-20,-0.2212088191150406
2022-05-23,-0.24469258521886722
2022-05-24,-0.2662932653680706
2022-05-25,-0.28616218105346114
2022-05-26,-0.3044384441754362
2022-05-27,-0.32124994982133187
2022-05-30,-0.336714287149119
2022-05-31,-0.3509395753112873
2022-06-01,-0.32015966822825337
2022-06-02,-0.27422603365429093
2022-06-03,-0.23117129461829797
2022-06-06,-0.19085869251612342
2022-06-07,-0.15315299684383069
2022-06-08,-0.11792105114871632
2022-06-09,-0.08503227188848542
2022-06-10,-0.05435910153137699
2022-06-13,-0.025777410062381375
2022-06-14,0.000833158677179917
2022-06-15,0.02558889737544695
2022-06-16,0.04860180219035404
2022-06-17,0.06997939464389713
2022-06-20,0.08982459573788378
2022-06-21,0.10823564870962575
2022-06-22,0.12530608625510486
2022-06-23,0.14112473768381278
2022-06-24,0.1557757713002149
2022-06-27,0.1693387672975113
2022-06-28,0.18188881656718842
2022-06-29,0.19349664104238767
2022-06-30,0.2042287314772505
2022-07-01,-0.07156956338826787
2022-07-04,-0.09319852434475841
2022-07-05,-0.1142367368739981
2022-07-06,-0.13467921109564074
2022-07-07,-0.15452024913577536
2022-07-08,-0.17375379487514453
2022-07-11,-0.19237377942243478
2022-07-12,-0.21037445652955813
2022-07-13,-0.22775072052264084
2022-07-14,-0.24449839960369524
2022-07-15,-0.2606145180011594
2022-07-18,-0.27609752138296406
2022-07-19,-0.29094746114186926
2022-07-20,-0.3051661345499149
2022-07-21,-0.3187571792752896
2022-07-22,-0.33172612227395937
2022-07-25,-0.34408038452534595
2022-07-26,-0.3558292444003237
2022-07-27,-0.3669837635691906
2022-07-28,-0.3775566802333395
2022-07-29,-0.38756227507303215
2022-08-01,-0.397016215640199
2022-08-02,-0.397565145119139
2022-08-03,-0.4065536019131403
2022-08-04,-0.414995393892878
2022-08-05,-0.4229138430899172
2022-08-08,-0.4303324723646871
2022-08-09,-0.43727484412935413
2022-08-10,-0.4437644109735334
2022-08-11,-0.44982437880250087
2022-08-12,-0.4554775839328039
2022-08-15,-0.4607463849753221
2022-08-16,-0.46565256980539593
2022-08-17,-0.47021727747742226
2022-08-18,-0.47446093458625704
2022-08-19,-0.4784032053052304
2022-08-22,-0.48206295413328637
2022-08-23,-0.48545822025287777
2022-08-24,-0.48860620232617424
2022-08-25,-0.49152325253014606
2022-08-26,-0.4942248786418548
2022-08-29,-0.4967257530251892
2022-08-30,-0.4990397274316629
2022-08-31,-0.5011798526041091
2022-09-01,-0.50498183485552
2022-09-02,-0.5067202234487915
2022-09-05,-0.5083295474075615
2022-09-06,-0.5098186911213907
2022-09-07,-0.51119602906517
2022-09-08,-0.5124694402804879
2022-09-09,-0.513646324503524
2022-09-12,-0.5147336199434897
2022-09-13,-0.515737822260063
2022-09-14,-0.5166650043484111
2022-09-15,-0.5175208365964927
2022-09-16,-0.5183106073309042
2022-09-19,-0.5190392432142861
2022-09-20,-0.519711329399227
2022-09-21,-0.5203311292807602
2022-09-22,-0.5209026037221759
2022-09-23,-0.5214294296572376
2022-09-26,-0.5219150179963261
2022-09-27,-0.5223625307848918
2022-09-28,-0.5227748975802209
2022-09-29,-0.5231548310272768
2022-09-30,-0.5235048416265875
2022-10-03,-0.5217474179894394
2022-10-04,-0.5222296226792864
2022-10-05,-0.5226741838826885
2022-10-06,-0.5230839724437251
2022-10-07,-0.5234616503962127
2022-10-10,-0.5238096847926688
2022-10-11,-0.5241303606311107
2022-10-12,-0.524425793138652
2022-10-13,-0.5246979394074514
2022-10-14,-0.5249486093866416
2022-10-17,-0.5251794762402775
2022-10-18,-0.5253920860863607
2022-10-19,-0.5255878671358437
2022-10-20,-0.5257681382533558
2022-10-21,-0.5259341169634238
2022-10-24,-0.5260869269273
2022-10-25,-0.5262276049162855
2022-10-26,-0.5263571073077731
2022-10-27,-0.5264763161301785
2022-10-28,-0.5265860446826184
2022-10-31,-0.5266870427546095
2022-11-01,-0.5052331747614384
2022-11-02,-0.5036386451681276
2022-11-03,-0.5021722984194423
2022-11-04,-0.5008237867194386
2022-11-07,-0.49958362679736334
2022-11-08,-0.49844309818834936
2022-11-09,-0.4973941823458242
2022-11-10,-0.4964295064895147
2022-11-11,-0.4955422918427011
2022-11-14,-0.4947263059356192
2022-11-15,-0.49397581867318485
2022-11-16,-0.4932855618850185
2022-11-17,-0.49265069209437223
2022-11-18,-0.4920667562601726
2022-11-21,-0.4915296602631156
2022-11-22,-0.4910356399226292
2022-11-23,-0.49058123434657885
2022-11-24,-0.49016326142986777
2022-11-25,-0.48977879533154745
2022-11-28,-0.4894251457727613
2022-11-29,-0.4890998390097591
2022-11-30,-0.4888006003473894
2022-12-01,-0.18148862598965376
2022-12-02,-0.14163122854283358
2022-12-05,-0.10369180818554076
2022-12-06,-0.0676235880166878
2022-12-07,-0.03337839657197325
2022-12-08,-0.0009065004407962728
2022-12-09,0.029843471051895245
2022-12-12,0.058924518564447276
2022-12-13,0.08639119177495218
2022-12-14,0.11229944497371305
2022-12-15,0.1367064403023341
2022-12-16,0.15967031010556454
2022-12-19,0.18124988978508944
2022-12-20,0.20150443206501165
2022-12-21,0.22049331276508935
2022-12-22,0.23827573710883493
2022-12-23,0.25491045435165827
2022-12-26,0.2704554871788075
2022-12-27,0.2849678809656403
2022-12-28,0.29850347667447524
2022-12-29,0.31111670993086143
2022-12-30,0.32286043771226436
2023-01-02,0.333785793115988
2023-01-03,0.3394592677973997
2023-01-04,0.34925922669136483
2023-01-05,0.3583483804890297
2023-01-06,0.36677350880730886
2023-01-09,0.37457896515304934
2023-01-10,0.38180671410357997
2023-01-11,0.3884963813464246
2023-01-12,0.39468531435304754
2023-01-13,0.4004086518524833
2023-01-16,0.4056994003598464
2023-01-17,0.410588516134967
2023-01-18,0.4151049910866571
2023-01-19,0.4192759412892525
2023-01-20,0.42312669693297134
2023-01-23,0.4266808926827431
2023-01-24,0.42996055756744567
2023-01-25,0.43298620366009927
2023-01-26,0.4357769129376435
2023-01-27,0.4383504218254225
2023-01-30,0.4407232030359869
2023-01-31,0.4429105444043262
2023-02-01,0.46048725435799454
2023-02-02,0.4610600353665354
2023-02-03,0.4616117010139137
2023-02-06,0.46214087335428145
2023-02-07,0.4626466190083755
2023-02-08,0.4631283871356625
2023-02-09,0.463585951624427
2023-02-10,0.4640193587635984
2023-02-13,0.46442888030379764
2023-02-14,0.46481497171921093
2023-02-15,0.4651782354097383
2023-02-16,0.46551938853181896
2023-02-17,0.4658392351135556
2023-02-20,0.4661386420923068
2023-02-21,0.4664185189079687
2023-02-22,0.4666798002900831
2023-02-23,0.46692343188932317
2023-02-24,0.46715035842176356
2023-02-27,0.46736151401589043
2023-02-28,0.4675578144760967
2023-03-01,0.4659816825337711
2023-03-02,0.4662788492451977
2023-03-03,0.4665545726686956
2023-03-06,0.46681022483777046
2023-03-07,0.4670471175730166
2023-03-08,0.4672665004817402
2023-03-09,0.46746955988062544
2023-03-10,0.4676574186282652
2023-03-13,0.4678311366900237
2023-03-14,0.4679917122836421
2023-03-15,0.46814008347689695
2023-03-16,0.46827713012872185
2023-03-17,0.46840367608274397
2023-03-20,0.4685204915374219
2023-03-21,0.468628295530126
2023-03-22,0.46872775848381387
2023-03-23,0.4688195047746277
2023-03-24,0.46890411528697556
2023-03-27,0.4689821299296333
2023-03-28,0.4690540500922787
2023-03-29,0.469120341026799
2023-03-30,0.469181434141811
2023-03-31,0.4692377292022383
2023-04-03,0.4670355154784973
2023-04-04,0.46725151010439175
2023-04-05,0.46745052776320123
2023-04-06,0.46763388055669863
2023-04-07,0.46780278250518936
2023-04-10,0.46795835647207906
2023-04-11,0.468101640551448
2023-04-12,0.4682335940812083
2023-04-13,0.4683551032913315
2023-04-14,0.46846698659891384
2023-04-17,0.4685699995634939
2023-04-18,0.46866483951717397
2023-04-19,0.4687521498848195
2023-04-20,0.46883252420999416
2023-04-21,0.46890650990240834
2023-04-24,0.4689746117225585
2023-04-25,0.46903729501897756
2023-04-26,0.46909498873312727
2023-04-27,0.46914808818647435
2023-04-28,0.4691969576637489
2023-05-01,0.4692419328057737
2023-05-02,0.4698075052803302
2023-05-03,0.46979477239945266
2023-05-04,0.4697835018291495
2023-05-05,0.4697735093830626
2023-05-08,0.4697646354673828
2023-05-09,0.46975674195913286
2023-05-10,0.46974970917420683
2023-05-11,0.4697434332750306
2023-05-12,0.4697378240534209
2023-05-15,0.46973280303365594
2023-05-16,0.46972830184883557
2023-05-17,0.4697242608505025
2023-05-18,0.4697206279173842
2023-05-19,0.46971735743413656
2023-05-22,0.4697144094152611
2023-05-23,0.4697117487530288
2023-05-24,0.46970934457135527
2023-05-25,0.4697071696702433
2023-05-26,0.4697052000476646
2023-05-29,0.4697034144876955
2023-05-30,0.46970179420535896
2023-05-31,0.4697003225400342
2023-06-01,0.46280714402104944
2023-06-02,0.4633252091791409
2023-06-05,0.46380100105445066
2023-06-06,0.46423802992566704
2023-06-07,0.46463950568017776
2023-06-08,0.4650083643867694
2023-06-09,0.4653472928858059
2023-06-12,0.4656587509842306
2023-06-13,0.46594499151627206
2023-06-14,0.4662080784984131
2023-06-15,0.4664499035794076
2023-06-16,0.4666722009621585
2023-06-19,0.4668765609535555
2023-06-20,0.4670644422803959
2023-06-21,0.4672371832938862
2023-06-22,0.4673960121715999
2023-06-23,0.4675420562138602
2023-06-26,0.46767635032107835
2023-06-27,0.46779984472941605
2023-06-28,0.46791341207407094
2023-06-29,0.46801785384235933
2023-06-30,0.4681139062724753
2023-07-03,0.4716910755626531
2023-07-04,0.47148539894233094
2023-07-05,0.47129665277095334
2023-07-06,0.4711234115667916
2023-07-07,0.4709643739502407
2023-07-10,0.470818351745933
2023-07-11,0.47068425958789445
2023-07-12,0.47056110554955943
2023-07-13,0.4704479826895373
2023-07-14,0.4703440614163893
2023-07-17,0.47024858258660596
2023-07-18,0.4701608512596165
2023-07-19,0.4700802310421775
2023-07-20,0.4700061389620085
2023-07-21,0.4699380408171718
2023-07-24,0.4698754469535598
2023-07-25,0.46981790842802484
2023-07-26,0.4697650135192628
2023-07-27,0.46971638455260933
2023-07-28,0.46967167500848206
2023-07-31,0.4696305668873816
2023-08-01,0.468554414896184
2023-08-02,0.4685518950636827
2023-08-03,0.46855047492308427
2023-08-04,0.468549931249278
2023-08-07,0.46855007854801295
2023-08-08,0.4685507634992374
2023-08-09,0.46855185980329794
2023-08-10,0.4685532638182205
2023-08-11,0.4685548908702515
2023-08-14,0.46855667213689245
2023-08-15,0.4685585520163328
2023-08-16,0.46856048590978727
2023-08-17,0.4685624383540511
2023-08-18,0.4685643814508592
2023-08-21,0.4685662935475641
2023-08-22,0.4685681581304382
2023-08-23,0.46856996289770186
2023-08-24,0.4685716989843385
2023-08-25,0.4685733603149715
2023-08-28,0.4685749430646918
2023-08-29,0.46857644521078023
2023-08-30,0.46857786616088953
2023-08-31,0.4685792064454608
2023-09-01,0.4632103678001249
2023-09-04,0.4635720695708877
2023-09-05,0.46390450455980803
2023-09-06,0.46421006508875323
2023-09-07,0.46449094442908617
2023-09-08,0.46474915365736447
2023-09-11,0.46498653728300154
2023-09-12,0.4652047874601103
2023-09-13,0.46540545692313384
2023-09-14,0.46558997077044645
2023-09-15,0.4657596372066284
2023-09-18,0.4659156573422864
2023-09-19,0.4660591341399044
2023-09-20,0.46619108058503994
2023-09-21,0.46631242715409615
2023-09-22,0.4664240286427309
2023-09-25,0.46652667041261364
2023-09-26,0.46662107410858744
2023-09-27,0.46670790289325853
2023-09-28,0.4667877662415471
2023-09-29,0.4668612243337106
2023-10-02,0.46692879208175664
2023-10-03,0.4609037097907886
2023-10-04,0.46132981046552773
2023-10-05,0.46172125698497657
2023-10-06,0.4620809093262262
2023-10-09,0.4624113852913282
2023-10-10,0.4627150816772191
2023-10-11,0.46299419377376827
2023-10-12,0.46325073301408437
2023-10-13,0.4634865429710799
2023-10-16,0.46370331387124164
2023-10-17,0.463902595776597
2023-10-18,0.4640858105685486
2023-10-19,0.46425426285218674
2023-10-20,0.4644091498865456
2023-10-23,0.4645515706347725
2023-10-24,0.4646825340181055
2023-10-25,0.464802966448696
2023-10-26,0.46491371870850995
2023-10-27,0.46501557223465406
2023-10-30,0.46510924486537947
2023-10-31,0.4651953960956047
2023-11-01,0.46510526007382486
2023-11-02,0.46519705252025456
2023-11-03,0.4652814763013406
2023-11-06,0.46535912476253205
2023-11-07,0.4654305432268099
2023-11-08,0.4654962328831356
2023-11-09,0.4655566543956062
2023-11-10,0.4656122312117479
2023-11-13,0.4656633525958939
2023-11-14,0.465710376411234
2023-11-15,0.46575363167197903
2023-11-16,0.4657934208851678
2023-11-17,0.4658300221998992
2023-11-20,0.46586369138020617
2023-11-21,0.4658946636163614
2023-11-22,0.4659231551881189
2023-11-23,0.46594936499222395
2023-11-24,0.46597347594546196
2023-11-27,0.4659956562735529
2023-11-28,0.4660160606953167
2023-11-29,0.46603483151073943
2023-11-30,0.46605209960083643
2023-12-01,0.475831360776357
2023-12-04,0.4751637119569214
2023-12-05,0.47454806796195437
2023-12-06,0.4739804805784311
2023-12-07,0.47345728537387366
2023-12-08,0.47297508415637246
2023-12-11,0.47253072764720877
2023-12-12,0.4721212989644711
2023-12-13,0.4717440979336935
2023-12-14,0.4713966262294011
2023-12-15,0.47107657334163106
2023-12-18,0.47078180335364744
2023-12-19,0.47051034251093243
2023-12-20,0.47026036755683687
2023-12-21,0.47003019480677655
2023-12-22,0.46981826993039566
2023-12-25,0.46962315840948254
2023-12-26,0.46944353663848204
2023-12-27,0.4692781836340814
2023-12-28,0.46912597332041994
2023-12-29,0.4689858673569204
2024-01-01,0.4688569084764638
2024-01-02,0.4725996405000774
2024-01-03,0.4722303211728548
2024-01-04,0.4718900859162871
2024-01-05,0.4715766782714277
2024-01-08,0.4712880115179654
2024-01-09,0.4710221568676833
2024-01-10,0.4707773321842535
2024-01-11,0.47055189140372433
2024-01-12,0.4703443146292593
2024-01-15,0.4701531988715467
2024-01-16,0.4699772494049274
2024-01-17,0.46981527170853077
2024-01-18,0.46966616396146205
2024-01-19,0.46952891006123704
2024-01-22,0.46940257313513933
2024-01-23,0.46928628951489465
2024-01-24,0.4691792631459719
2024-01-25,0.4690807604038706
2024-01-26,0.46899010529090324
2024-01-29,0.46890667498819605
2024-01-30,0.46882989573887723
2024-01-31,0.46875923903969036
2024-02-01,0.4731547455098821
2024-02-02,0.4728003529646022
2024-02-05,0.4724739156846251
2024-02-06,0.47217325748729255
2024-02-07,0.4718963671075106
2024-02-08,0.4716413864551099
2024-02-09,0.4714065995220821
2024-02-12,0.47119042200443473
2024-02-13,0.4709913916068281
2024-02-14,0.4708081589970803
2024-02-15,0.470639479377124
2024-02-16,0.47048420463698387
2024-02-19,0.47034127605869896
2024-02-20,0.47020971753778296
2024-02-21,0.4700886292906965
2024-02-22,0.46997718201787947
2024-02-23,0.46987461149307375
2024-02-26,0.4697802135509485
2024-02-27,0.4696933394463658
2024-02-28,0.4696133915599813
2024-02-29,0.46953981942624085
2024-03-01,0.4739536767051368
2024-03-04,0.4735577851033088
2024-03-05,0.4731930344516851
2024-03-06,0.4728570142285581
2024-03-07,0.47254749430909826
2024-03-08,0.47226241265120084
2024-03-11,0.47199986339903016
2024-03-12,0.47175808570804756
2024-03-13,0.4715354532674563
2024-03-14,0.4713304644931288
2024-03-15,0.47114173336208626
2024-03-18,0.47096798085835384
2024-03-19,0.47080802699935614
2024-03-20,0.4706607834118447
2024-03-21,0.4705252464265772
2024-03-22,0.4704004906614826
2024-03-25,0.47028566306381603
2024-03-26,0.4701799773827424
2024-03-27,0.47008270904486815
2024-03-28,0.4699931904063921
2024-03-29,0.4699108063567828
2024-04-01,0.4698349902501323
2024-04-02,0.47507545703445353
2024-04-03,0.4746126982742032
2024-04-04,0.47418626070924896
2024-04-05,0.4737933448955204
2024-04-08,0.47343135906221545
2024-04-09,0.47309790521363715
2024-04-10,0.4727907656558589
2024-04-11,0.47250789030163903
2024-04-12,0.4722473847347534
2024-04-15,0.47200749901030925
2024-04-16,0.4717866171641829
2024-04-17,0.47158324740229896
2024-04-18,0.47139601293886785
2024-04-19,0.47122364345176787
2024-04-22,0.4710649671228864
2024-04-23,0.4709189032312983
2024-04-24,0.4707844552675769
2024-04-25,0.47066070453823017
2024-04-26,0.47054680423015177
2024-04-29,0.4704419739060424
2024-04-30,0.4703454944029244
2024-05-01,0.466335166705933
2024-05-02,0.4665281484329071
2024-05-03,0.4667056056891527
2024-05-06,0.46686879358748495
2024-05-07,0.46701886491116495
2024-05-08,0.46715687848269494
2024-05-09,0.4672838069504264
2024-05-10,0.4674005439101855
2024-05-13,0.46750791042171613
2024-05-14,0.4676066609739041
2024-05-15,0.46769748894756047
2024-05-16,0.4677810316198936
2024-05-17,0.4678578747506599
2024-05-20,0.4679285567862539
2024-05-21,0.4679935727146625
2024-05-22,0.4680533776012091
2024-05-23,0.4681083898322973
2024-05-24,0.4681589940919391
2024-05-27,0.46820554409363674
2024-05-28,0.46824836508820145
2024-05-29,0.4682877561662891
2024-05-30,0.4683239923727941
2024-05-31,0.46835732664876273
2024-06-03,0.4741415424851211
2024-06-04,0.47375025931498455
2024-06-05,0.4733897583235862
2024-06-06,0.47305765617368595
2024-06-07,0.4727517480141017
2024-06-10,0.4724699952394419
2024-06-11,0.4722105137138276
2024-06-12,0.471971562710246
2024-06-13,0.47175153454143476
2024-06-14,0.4715489448553894
2024-06-17,0.4713624235666498
2024-06-18,0.471190706393312
2024-06-19,0.4710326269690866
2024-06-20,0.4708871094995868
2024-06-21,0.47075316193226485
2024-06-24,0.47062986960995234
2024-06-25,0.4705163893787335
2024-06-26,0.47041194412182374
2024-06-27,0.47031581769220243
2024-06-28,0.470227350217907
2024-07-01,0.47014593375511826
2024-07-02,0.4671653681958449
2024-07-03,0.46732754933169773
2024-07-04,0.4674767470558636
2024-07-05,0.46761400105443063
2024-07-08,0.46774026805492874
2024-07-09,0.467856428054539
2024-07-10,0.4679632904887674
2024-07-11,0.46806159990181695
2024-07-12,0.4681520411592943
2024-07-15,0.46823524424051643
2024-07-16,0.4683117886445869
2024-07-17,0.46838220744159653
2024-07-18,0.46844699099771825
2024-07-19,0.468506590400603
2024-07-22,0.46856142060932177
2024-07-23,0.46861186335111227
2024-07-24,0.46865826978537944
2024-07-25,0.46870096295372116
2024-07-26,0.4687402400332388
2024-07-29,0.46877637440897524
2024-07-30,0.4688096175800509
2024-07-31,0.4688402009128753
2024-08-01,0.4710813637671454
2024-08-02,0.4709289786086931
2024-08-05,0.47078875174842105
2024-08-06,0.47065971573925924
2024-08-07,0.4705409794884436
2024-08-08,0.47043172255318355
2024-08-09,0.4703311895857213
2024-08-12,0.4702386852080651
2024-08-13,0.4701535692842458
2024-08-14,0.47007525256017846
2024-08-15,0.47000319264332985
2024-08-16,0.4699368902963662
2024-08-19,0.4698758860208269
2024-08-20,0.4698197569086015
2024-08-21,0.469768113740625
2024-08-22,0.46972059831371993
2024-08-23,0.46967688097793814
2024-08-26,0.46963665836807267
2024-08-27,0.46959965131423614
2024-08-28,0.46956560291755395
2024-08-29,0.4695342767780674
2024-08-30,0.4695054553629413
2024-09-02,0.46947893850397027
2024-09-03,0.47454086503757276
2024-09-04,0.4741466747589529
2024-09-05,0.4737834971437851
2024-09-06,0.4734489306061289
2024-09-09,0.4731407535655728
2024-09-10,0.47285691199638086
2024-09-11,0.47259550754912627
2024-09-12,0.4723547863961223
2024-09-13,0.4721331287758139
2024-09-16,0.471929039208575
2024-09-17,0.47174113735449075
2024-09-18,0.47156814948255965
2024-09-19,0.4714089005201769
2024-09-20,0.4712623066516668
2024-09-23,0.4711273684349019
2024-09-24,0.47100316440562506
2024-09-25,0.47088884513988627
2024-09-26,0.47078362774597776
2024-09-27,0.4706867907583503
2024-09-30,0.4705976694071756
2024-10-01,0.47248219192759633
2024-10-02,0.4722638964413083
2024-10-03,0.47206293811000527
2024-10-04,0.471877949261712
2024-10-07,0.4717076686970651
2024-10-08,0.47155093362276085
2024-10-09,0.47140667215649035
2024-10-10,0.4712738963746106
2024-10-11,0.47115169586762484
2024-10-14,0.471039231770092
2024-10-15,0.4709357312331789
2024-10-16,0.4708404823097021
2024-10-17,0.47075282922313355
2024-10-18,0.4706721679936542
2024-10-21,0.47059794239593367
2024-10-22,0.47052964022484606
2024-10-23,0.47046678984682666
2024-10-24,0.4704089570160038
2024-10-25,0.47035574193561136
2024-10-28,0.470306776546491
2024-10-29,0.4702617220257359
2024-10-30,0.4702202664796905
2024-10-31,0.4701821228166399
2024-11-01,0.47342456205788275
2024-11-04,0.47315432647922095
2024-11-05,0.47290577869541084
2024-11-06,0.47267717328054826
2024-11-07,0.47246690608591135
2024-11-08,0.47227350258979744
2024-11-11,0.472095607339176
2024-11-12,0.4719319742626434
2024-11-13,0.47178145778135805
2024-11-14,0.4716430046509572
2024-11-15,0.47151564647322813
2024-11-18,0.47139849282156093
2024-11-19,0.4712907249290078
2024-11-20,0.4711915898921491
2024-11-21,0.47110039534795034
2024-11-22,0.4710165045844335
2024-11-25,0.4709393320493116
2024-11-26,0.47086833922375426
2024-11-27,0.4708030308312297
2024-11-28,0.47074295135388444
2024-11-29,0.47068768183123477
2024-12-02,0.47063683691805086
2024-12-03,0.4689065267893657
2024-12-04,0.46900025596054196
2024-12-05,0.4690866535149306
2024-12-06,0.4691662800886326
2024-12-09,0.4692396557524783
2024-12-10,0.4693072622857387
2024-12-11,0.46936954573140277
2024-12-12,0.46942691882486554
2024-12-13,0.4694797632942417
2024-12-16,0.4695284320324779
2024-12-17,0.4695732511429721
2024-12-18,0.46961452186158104
2024-12-19,0.4696525223587691
2024-12-20,0.4696875094262948
2024-12-23,0.46971972005327395
2024-12-24,0.4697493728967423
2024-12-25,0.4697766696520031
2024-12-26,0.46980179632810637
2024-12-27,0.4698249244337851
2024-12-30,0.4698462120790965
2024-12-31,0.4698658049978903
2025-01-01,0.4724127608107438
2025-01-02,0.47223527300794416
2025-01-03,0.47207194415057896
2025-01-06,0.47192164766917605
2025-01-07,0.47178334615871986
2025-01-08,0.47165608441611856
2025-01-09,0.47153898298415825
2025-01-10,0.47143123219378025
2025-01-13,0.4713320866675408
2025-01-14,0.4712408602496827
2025-01-15,0.4711569213306616
2025-01-16,0.47107968853625504
2025-01-17,0.4710086267535148
2025-01-20,0.47094324346782956
2025-01-21,0.47088308538724244
2025-01-22,0.4708277353319185
2025-01-23,0.4707768093682966
2025-01-24,0.4707299541689797
2025-01-27,0.4706868445808454
2025-01-28,0.4706471813851705
2025-01-29,0.47061068923479665
2025-01-30,0.4705771147545016
2025-01-31,0.47054622479179625
2025-02-03,0.473775494908797
2025-02-04,0.47349130301221065
2025-02-05,0.473229636921394
2025-02-06,0.47298872676605297
2025-02-07,0.4727669390778228
2025-02-10,0.47256276696911076
2025-02-11,0.4723748206246195
2025-02-12,0.472201818461082
2025-02-13,0.4720425789154241
2025-02-14,0.47189601282276056
2025-02-17,0.4717611163470222
2025-02-18,0.4716369644285185
2025-02-19,0.47152270471435
2025-02-20,0.4714175519392341
2025-02-21,0.4713207827259889
2025-02-24,0.4712317307765925
2025-02-25,0.4711497824264004
2025-02-26,0.4710743725357162
2025-02-27,0.4710049806944967
2025-02-28,0.4709411277174892
2025-03-03,0.47692617278335725
2025-03-04,0.4764030583565459
2025-03-05,0.47592085443558607
2025-03-06,0.4754764303676265
2025-03-07,0.47506688435030214
2025-03-10,0.47468952858629765
2025-03-11,0.47434187486566326
2025-03-12,0.4740216209045193
2025-03-13,0.47372663743671195
2025-03-14,0.4734549560473309
2025-03-17,0.4732047577309945
2025-03-18,0.47297436215320865
2025-03-19,0.47276221758966996
2025-03-20,0.47256689151594233
2025-03-21,0.47238706181828993
2025-03-24,0.47222150859549
2025-03-25,0.4720691065210111
2025-03-26,0.47192881773496054
2025-03-27,0.47179968523555804
2025-03-28,0.47168082674052303
2025-03-31,0.4715714289895998
2025-04-01,0.4737306284033858
2025-04-02,0.47346141847297896
2025-04-03,0.47321350036225607
2025-04-04,0.4729852081656984
2025-04-07,0.47277500345711904
2025-04-08,0.47258146607414026
2025-04-09,0.4724032853848159
2025-04-10,0.47223925214358586
2025-04-11,0.4720882509056754
2025-04-14,0.47194925296914575
2025-04-15,0.4718213098142183
2025-04-16,0.4717035470101874
2025-04-17,0.4715951585611085
2025-04-18,0.47149540166247966
2025-04-21,0.47140359184226843
2025-04-22,0.47131909846083575
2025-04-23,0.47124134054555
2025-04-24,0.4711697829371497
2025-04-25,0.47110393272616485
2025-04-28,0.47104333595896347
2025-04-29,0.47098757459419444
2025-04-30,0.4709362636915944
2025-05-01,0.47548846147657053
2025-05-02,0.4750865394989343
2025-05-05,0.4747162588648201
2025-05-06,0.4743751661242263
2025-05-07,0.47406099224006204
2025-05-08,0.4737716397265552
2025-05-09,0.47350517042073137
2025-05-12,0.4732597940102987
2025-05-13,0.4730338572898101
2025-05-14,0.4728258341146093
2025-05-15,0.4726343160205364
2025-05-16,0.4724580034764941
2025-05-19,0.472295697736663
2025-05-20,0.4721462932592721
2025-05-21,0.472008770659305
2025-05-22,0.47188219016326205
2025-05-23,0.47176568553505704
2025-05-26,0.47165845844322896
2025-05-27,0.47155977324086956
2025-05-28,0.47146895213095774
2025-05-29,0.4713853706911229
2025-05-30,0.4713084537332132
2025-06-02,0.4712376714743962
2025-06-03,0.47610954062259836
2025-06-04,0.4756623896408907
2025-06-05,0.4752503308819789
2025-06-06,0.47487066026378555
2025-06-09,0.4745208742231812
2025-06-10,0.474198656278691
2025-06-11,0.4739018640407059
2025-06-12,0.47362851696841507
2025-06-13,0.4733767848562286
2025-06-16,0.4731449770278195
2025-06-17,0.4729315322124818
2025-06-18,0.47273500907602833
2025-06-19,0.4725540773768132
2025-06-20,0.4723875097164931
2025-06-23,0.4722341738547065
2025-06-24,0.47209302555687394
2025-06-25,0.47196310194467034
2025-06-26,0.471843515319369
2025-06-27,0.47173344742909157
2025-06-30,0.4716321441520023
2025-07-01,0.4727479008156774
2025-07-02,0.4725670671684924
2025-07-03,0.47240059176047317
2025-07-04,0.4722473425388056
2025-07-07,0.47210627544748357
2025-07-08,0.4719764278137458
2025-07-09,0.4718569121629765
2025-07-10,0.4717469104791418
2025-07-11,0.47164566888252457
2025-07-14,0.47155249269767896
2025-07-15,0.4714667418857542
2025-07-16,0.4713878268165944
2025-07-17,0.47131520435731594
2025-07-18,0.4712483742553347
2025-07-21,0.47118687579508933
2025-07-22,0.4711302847089412
2025-07-23,0.47107821032393526
2025-07-24,0.47103029292726745
2025-07-25,0.47098620133441427
2025-07-28,0.47094563064494627
2025-07-29,0.47090830017205687
2025-07-30,0.47087395153279743
2025-07-31,0.4708423468869134
2025-08-01,0.4766950549504672
2025-08-04,0.4762069011032146
2025-08-05,0.4757570442203659
2025-08-06,0.475342534972365
2025-08-07,0.4749606426309532
2025-08-08,0.4746088403119448
2025-08-11,0.47428479084761455
2025-08-12,0.47398633346851116
2025-08-13,0.4737114712761864
2025-08-14,0.473458359483358
2025-08-15,0.47322529439429517
2025-08-18,0.4730107030955518
2025-08-19,0.47281313382536305
2025-08-20,0.47263124698895054
2025-08-21,0.4724638067864819
2025-08-22,0.47230967342041985
2025-08-25,0.4721677958493561
2025-08-26,0.4720372050560884
2025-08-27,0.47191700779858864
2025-08-28,0.4718063808135716
2025-08-29,0.47170456544356476
2025-09-01,0.47161086265964586
2025-09-02,0.4735861469099615
2025-09-03,0.473343504325138
2025-09-04,0.4731200757089003
2025-09-05,0.47291435421889016
2025-09-08,0.47272494878675614
2025-09-09,0.47255057575094095
2025-09-10,0.4723900508514683
2025-09-11,0.4722422817767814
2025-09-12,0.4721062612316391
2025-09-15,0.4719810604956164
2025-09-16,0.4718658234425404
2025-09-17,0.47175976099214745
2025-09-18,0.4716621459663308
2025-09-19,0.47157230832352975
2025-09-22,0.47148963074603717
2025-09-23,0.4714135445562745
2025-09-24,0.47134352593935286
2025-09-25,0.4712790924505099
2025-09-26,0.4712197997872567
2025-09-29,0.47116523880729033
2025-09-30,0.47111503277440336
2025-10-01,0.4720796991313826
2025-10-02,0.47195684306438984
2025-10-03,0.471843769202086
2025-10-06,0.47173970213397776
2025-10-07,0.47164392730422405
2025-10-08,0.4715557864062281
2025-10-09,0.4714746730222871
2025-10-10,0.47140002859084706
2025-10-13,0.4713313386783651
2025-10-14,0.471268129534142
2025-10-15,0.47120996490780387
2025-10-16,0.4711564431103893
2025-10-17,0.47110719430122666
2025-10-20,0.4710618779839535
2025-10-21,0.4710201806961544
2025-10-22,0.4709818138781442
2025-10-23,0.47094651190743503
2025-10-24,0.4709140302863643
2025-10-27,0.47088414397125494
2025-10-28,0.4708566458323131
2025-10-29,0.47083134523425163
2025-10-30,0.4708080667283603
2025-10-31,0.47078664884742993
