date,FRA_public_finance_f1__FRA_public_finance_f2
1999-02-01,0.08170621040731055
1999-02-02,-0.15466836863786332
1999-02-03,-0.2988180280840631
1999-02-04,-0.4029812522310463
1999-02-05,-0.47792389213132813
1999-02-08,-0.531669752119319
1999-02-09,-0.5701233018197382
1999-02-10,-0.5975885541042887
1999-02-11,-0.6171812146191973
1999-02-12,-0.6311454441459051
1999-02-15,-0.6410917944092129
1999-02-16,-0.6481730880360883
1999-02-17,-0.6532129676518077
1999-02-18,-0.6567991053810261
1999-02-19,-0.6593504079902844
1999-02-22,-0.6611652793791938
1999-02-23,-0.6624561815767405
1999-02-24,-0.6633743342980902
1999-02-25,-0.6640273416687954
1999-02-26,-0.6644917586927686
1999-03-01,-0.664822043695173
1999-03-02,-0.4847464637414308
1999-03-03,-0.24342034108821364
1999-03-04,-0.048423050910759824
1999-03-05,0.10474318732546997
1999-03-08,0.22225613490048696
1999-03-09,0.3107269294120289
1999-03-10,0.37635676243092586
1999-03-11,0.42449696135129356
1999-03-12,0.45951131530111633
1999-03-15,0.4848202220151816
1999-03-16,0.5030305648893459
1999-03-17,0.5160899954396011
1999-03-18,0.5254331239856039
1999-03-19,0.5321060220433649
1999-03-22,0.5368659703426466
1999-03-23,0.5402583769794781
1999-03-24,0.542674621200302
1999-03-25,0.5443948224810224
1999-03-26,0.5456190979035748
1999-03-29,0.5464902225760089
1999-03-30,0.54710996503681
1999-03-31,0.5475508164133502
1999-04-01,0.3268288867869553
1999-04-02,0.35444446912697836
1999-04-05,0.3879008704534814
1999-04-06,0.42544769107684777
1999-04-07,0.4651605836676041
1999-04-08,0.5049788560156052
1999-04-09,0.5429152809064024
1999-04-12,0.5773340285645243
1999-04-13,0.6071694316577236
1999-04-14,0.631995275638922
1999-04-15,0.651938100613455
1999-04-16,0.6674983121438438
1999-04-19,0.6793593884016809
1999-04-20,0.6882384114586475
1999-04-21,0.6947942271922348
1999-04-22,0.6995851864288772
1999-04-23,0.7030599619497174
1999-04-26,0.7055662378209778
1999-04-27,0.707366726910163
1999-04-28,0.7086564534836552
1999-04-29,0.7095783965038256
1999-04-30,0.7102364565979817
1999-05-03,0.6993934334825246
1999-05-04,0.7026999622932955
1999-05-05,0.7050141283741602
1999-05-06,0.7066413800706778
1999-05-07,0.7077893933706775
1999-05-10,0.7086011929536441
1999-05-11,0.7091761884874676
1999-05-12,0.709583930563885
1999-05-13,0.7098733081714552
1999-05-14,0.7100788019092964
1999-05-17,0.7102247884488957
1999-05-18,0.7103285306113332
1999-05-19,0.7104022681978748
1999-05-20,0.7104546870274886
1999-05-21,0.7104919546570507
1999-05-24,0.7105184524046109
1999-05-25,0.7105372936420994
1999-05-26,0.7105506912246062
1999-05-27,0.7105602182039977
1999-05-28,0.7105669929400598
1999-05-31,0.7105718105927239
1999-06-01,0.051793142562365294
1999-06-02,-0.08938669358864001
1999-06-03,-0.2092288855158672
1999-06-04,-0.30956920451974357
1999-06-07,-0.39189001303245413
1999-06-08,-0.4578820230949313
1999-06-09,-0.5095814535512615
1999-06-10,-0.5492463375716169
1999-06-11,-0.5791411747882761
1999-06-14,-0.601349075426442
1999-06-15,-0.6176607234010227
1999-06-16,-0.6295384186086606
1999-06-17,-0.6381316239794775
1999-06-18,-0.6443189620982531
1999-06-21,-0.6487584999060899
1999-06-22,-0.6519359141671781
1999-06-23,-0.6542058759910937
1999-06-24,-0.655825428440932
1999-06-25,-0.6569798503942383
1999-06-28,-0.6578021751089733
1999-06-29,-0.658387658511081
1999-06-30,-0.6588043723146905
1999-07-01,-0.6779779630850629
1999-07-02,-0.6731707655166982
1999-07-05,-0.6696923968438979
1999-07-06,-0.667187852593299
1999-07-07,-0.6653908638989579
1999-07-08,-0.6641048120579449
1999-07-09,-0.6631860959166094
1999-07-12,-0.6625306461096121
1999-07-13,-0.6620634550938496
1999-07-14,-0.6617306712881733
1999-07-15,-0.6614937384901858
1999-07-16,-0.6613251055443301
1999-07-19,-0.6612051125406263
1999-07-20,-0.6611197444440589
1999-07-21,-0.6610590173152935
1999-07-22,-0.6610158224092691
1999-07-23,-0.6609850999666295
1999-07-26,-0.660963249533641
1999-07-27,-0.6609477095374432
1999-07-28,-0.6609366577580497
1999-07-29,-0.6609287980447183
1999-07-30,-0.6609232085008494
1999-08-02,-0.6609192334508791
1999-08-03,-0.5917582434202502
1999-08-04,-0.602004705035659
1999-08-05,-0.6092166397875267
1999-08-06,-0.6143081491230775
1999-08-09,-0.6179103368140886
1999-08-10,-0.6204626753638411
1999-08-11,-0.6222730612516318
1999-08-12,-0.6235581419461464
1999-08-13,-0.6244708271784791
1999-08-16,-0.6251192761905564
1999-08-17,-0.625580113062977
1999-08-18,-0.6259076810263603
1999-08-19,-0.6261405515211755
1999-08-20,-0.6263061168270153
1999-08-23,-0.6264238378254152
1999-08-24,-0.6265075444202022
1999-08-25,-0.6265670668212918
1999-08-26,-0.6266093932761747
1999-08-27,-0.626639492198522
1999-08-30,-0.6266608962211442
1999-08-31,-0.6266761172391042
1999-09-01,-0.44862016708639446
1999-09-02,-0.25493456223998273
1999-09-03,-0.10034473202997705
1999-09-06,0.020627506918192783
1999-09-07,0.11351230648180494
1999-09-08,0.18363476173899385
1999-09-09,0.23582523810821943
1999-09-10,0.27422712836056573
1999-09-13,0.30223253090437807
1999-09-14,0.3225182114992654
1999-09-15,0.33713807409140506
1999-09-16,0.3476354837765574
1999-09-17,0.3551524730135697
1999-09-20,0.36052469222634326
1999-09-21,0.36435867312279013
1999-09-22,0.3670920900114894
1999-09-23,0.36903945194279125
1999-09-24,0.37042608755716444
1999-09-27,0.37141308812953455
1999-09-28,0.3721154452168245
1999-09-29,0.3726151539975152
1999-09-30,0.37297063625409077
1999-10-01,0.4432513874708842
1999-10-04,0.46170994669470367
1999-10-05,0.48651206977863687
1999-10-06,0.5153129009826309
1999-10-07,0.5457594715833468
1999-10-08,0.5756776716672671
1999-10-11,0.6033158021851011
1999-10-12,0.6275221714422713
1999-10-13,0.6477797307476062
1999-10-14,0.6641023737518403
1999-10-15,0.6768574910388538
1999-10-18,0.6865872969489137
1999-10-19,0.693873044683063
1999-10-20,0.699252968573598
1999-10-21,0.7031846010865801
1999-10-22,0.7060360343100314
1999-10-25,0.7080926239680193
1999-10-26,0.7095700055619838
1999-10-27,0.7106282499547196
1999-10-28,0.711384702154499
1999-10-29,0.7119246286733207
1999-11-01,0.7123096005802166
1999-11-02,0.6627473536149804
1999-11-03,0.674216087856131
1999-11-04,0.6826217346165814
1999-11-05,0.6887303452752777
1999-11-08,0.6931425026911954
1999-11-09,0.6963152850941351
1999-11-10,0.698589598427575
1999-11-11,0.7002161642656997
1999-11-12,0.7013775748898768
1999-11-15,0.7022058886396412
1999-11-16,0.7027961490532415
1999-11-17,0.7032165228700431
1999-11-18,0.703515780170746
1999-11-19,0.7037287527209639
1999-11-22,0.7038802866305819
1999-11-23,0.7039880894397637
1999-11-24,0.7040647732017385
1999-11-25,0.7041193167476176
1999-11-26,0.7041581103032044
1999-11-29,0.7041857007618476
1999-11-30,0.7042053228961963
1999-12-01,0.5845365583859516
1999-12-02,0.5481850345278041
1999-12-03,0.5200943549171948
1999-12-06,0.49877682997293527
1999-12-07,0.4828417428455778
1999-12-08,0.47107474311401365
1999-12-09,0.4624687932856433
1999-12-10,0.4562211146330445
1999-12-13,0.45171071748770636
1999-12-14,0.4484679919328685
1999-12-15,0.44614373933271384
1999-12-16,0.44448149852431496
1999-12-17,0.44329461409220733
1999-12-20,0.4424481240657815
1999-12-21,0.4418449039646031
1999-12-22,0.4414152957791285
1999-12-23,0.4411094619254695
1999-12-24,0.44089180750522117
1999-12-27,0.44073694153352494
1999-12-28,0.4406267678252714
1999-12-29,0.44054839733647483
1999-12-30,0.4404926539403621
1999-12-31,0.4404530069432204
2000-01-03,-0.54890480452964
2000-01-04,-0.5272341587456983
2000-01-05,-0.5134542669400337
2000-01-06,-0.5078618816999385
2000-01-07,-0.5100400221073899
2000-01-10,-0.5189260207875617
2000-01-11,-0.5329385891148639
2000-01-12,-0.5501830904067362
2000-01-13,-0.5687262666374064
2000-01-14,-0.5868818112587594
2000-01-17,-0.6034203349354247
2000-01-18,-0.6176435962976172
2000-01-19,-0.629326410070245
2000-01-20,-0.638581208118378
2000-01-21,-0.6457098967014929
2000-01-24,-0.6510850780716169
2000-01-25,-0.6550739106734349
2000-01-26,-0.6579992540826088
2000-01-27,-0.6601262224197344
2000-01-28,-0.661663049243973
2000-01-31,-0.6627684636535295
2000-02-01,-0.7171490137344367
2000-02-02,-0.7038756395750149
2000-02-03,-0.6938240209638162
2000-02-04,-0.6863404661447845
2000-02-07,-0.6808389808287036
2000-02-08,-0.6768320350432628
2000-02-09,-0.6739332797731682
2000-02-10,-0.6718464317154954
2000-02-11,-0.6703493415683948
2000-02-14,-0.6692780318666806
2000-02-15,-0.6685127820820311
2000-02-16,-0.6679668537576335
2000-02-17,-0.6675777442105152
2000-02-18,-0.667300587138756
2000-02-21,-0.6671032634893099
2000-02-22,-0.6669628239723706
2000-02-23,-0.666862893538656
2000-02-24,-0.6667917993938279
2000-02-25,-0.6667412264298882
2000-02-28,-0.6667052542832034
2000-02-29,-0.6666796691162409
2000-03-01,-0.5954287174729191
2000-03-02,-0.6164264483654814
2000-03-03,-0.6303892398798292
2000-03-06,-0.6398700879715161
2000-03-07,-0.6463988956280287
2000-03-08,-0.6509383841841954
2000-03-09,-0.6541158465018156
2000-03-10,-0.6563503403327897
2000-03-13,-0.6579268613456595
2000-03-14,-0.6590417265765055
2000-03-15,-0.6598314099364138
2000-03-16,-0.660391405790467
2000-03-17,-0.6607888461074434
2000-03-20,-0.6610710812631422
2000-03-21,-0.6612715881397091
2000-03-22,-0.6614140749168218
2000-03-23,-0.6615153517674666
2000-03-24,-0.6615873480403857
2000-03-27,-0.6616385345456661
2000-03-28,-0.6616749288472847
2000-03-29,-0.6617008070654158
2000-03-30,-0.6617192085029314
2000-03-31,-0.661732293715943
2000-04-03,-0.27854766542391424
2000-04-04,-0.008536728907992229
2000-04-05,0.18992487131350033
2000-04-06,0.33548607865612223
2000-04-07,0.44173167817907094
2000-04-10,0.5188697497979418
2000-04-11,0.5746060661925338
2000-04-12,0.6147186352542182
2000-04-13,0.6434969529979184
2000-04-14,0.6640945868337282
2000-04-17,0.6788109129585997
2000-04-18,0.6893115535914927
2000-04-19,0.6967970493663734
2000-04-20,0.7021295123518128
2000-04-21,0.7059263422058141
2000-04-24,0.7086288129696842
2000-04-25,0.7105518654791136
2000-04-26,0.711920044507184
2000-04-27,0.7128933268265709
2000-04-28,0.7135856277607538
2000-05-01,0.7140780329726446
2000-05-02,0.4113499180763569
2000-05-03,0.16211424709607739
2000-05-04,-0.034504835149792384
2000-05-05,-0.18602930942248452
2000-05-08,-0.30056870823797394
2000-05-09,-0.3858271080249544
2000-05-10,-0.4485361258299515
2000-05-11,-0.4942434667426173
2000-05-12,-0.5273341760734254
2000-05-15,-0.5511719082458146
2000-05-16,-0.5682818249670492
2000-05-17,-0.5805305193556312
2000-05-18,-0.5892825674275124
2000-05-19,-0.5955276702617438
2000-05-22,-0.5999795881040054
2000-05-23,-0.6031510019349673
2000-05-24,-0.6054091029454927
2000-05-25,-0.6070163414195497
2000-05-26,-0.6081600303882315
2000-05-29,-0.6089737179768016
2000-05-30,-0.6095525493186289
2000-05-31,-0.609964274050555
2000-06-01,-0.6706279547441308
2000-06-02,-0.662399771937339
2000-06-05,-0.6581284319337011
2000-06-06,-0.6564242965561592
2000-06-07,-0.6561996811448834
2000-06-08,-0.6567043892676983
2000-06-09,-0.6574792203983649
2000-06-12,-0.65827655984713
2000-06-13,-0.6589834735010931
2000-06-14,-0.6595631778305873
2000-06-15,-0.6600168243244429
2000-06-16,-0.6603613109550159
2000-06-19,-0.6606177117238918
2000-06-20,-0.6608059583217907
2000-06-21,-0.6609428659048303
2000-06-22,-0.6610417807981929
2000-06-23,-0.6611129159054779
2000-06-26,-0.6611639063089673
2000-06-27,-0.6612003725479529
2000-06-28,-0.661226409140184
2000-06-29,-0.6612449775380127
2000-06-30,-0.6612582090019237
2000-07-03,-0.3924087287436282
2000-07-04,-0.0553793313920066
2000-07-05,0.1744898799527878
2000-07-06,0.3332658775881071
2000-07-07,0.44389407162344
2000-07-10,0.5214421386175456
2000-07-11,0.5760320105267489
2000-07-12,0.6145748632716076
2000-07-13,0.6418449214003441
2000-07-14,0.6611678077821574
2000-07-17,0.6748739065268272
2000-07-18,0.6846031483836298
2000-07-19,0.6915130772145712
2000-07-20,0.6964225071914608
2000-07-21,0.6999115339955155
2000-07-24,0.7023915802964763
2000-07-25,0.70415466724672
2000-07-26,0.7054081813664703
2000-07-27,0.7062994615999655
2000-07-28,0.7069332150357609
2000-07-31,0.7073838670491203
2000-08-01,0.6457077808904769
2000-08-02,0.6542260333119754
2000-08-03,0.6603989226060271
2000-08-04,0.6648485718676285
2000-08-07,0.6680437629953271
2000-08-08,0.6703318226456172
2000-08-09,0.6719670419846264
2000-08-10,0.6731340334303895
2000-08-11,0.6739660240607238
2000-08-14,0.6745587508880685
2000-08-15,0.6749808033630261
2000-08-16,0.6752812162402664
2000-08-17,0.6754949912208865
2000-08-18,0.6756470859745809
2000-08-21,0.6757552826640552
2000-08-22,0.6758322440212327
2000-08-23,0.6758869837071001
2000-08-24,0.675925916103896
2000-08-25,0.6759536049736016
2000-08-28,0.6759732969279908
2000-08-29,0.6759873013423469
2000-08-30,0.6759972608019732
2000-08-31,0.6760043435668402
2000-09-01,0.46266556839771583
2000-09-04,0.46937534359246513
2000-09-05,0.4856338574841086
2000-09-06,0.5085837957943843
2000-09-07,0.5355557820855564
2000-09-08,0.5640383614289701
2000-09-11,0.5918390867655592
2000-09-12,0.6172897960706293
2000-09-13,0.639368942994452
2000-09-14,0.6576818889384459
2000-09-15,0.672323221998953
2000-09-18,0.6836911545895779
2000-09-19,0.6923186128595755
2000-09-20,0.6987535188479682
2000-09-21,0.7034910690490133
2000-09-22,0.706945630549784
2000-09-25,0.709447017482327
2000-09-26,0.7112490170744952
2000-09-27,0.7125424109382062
2000-09-28,0.7134682995433628
2000-09-29,0.7141298515954411
2000-10-02,0.7146018941203673
2000-10-03,0.5995477952402588
2000-10-04,0.6272300549892188
2000-10-05,0.6483440260521705
2000-10-06,0.6641727289192159
2000-10-09,0.675878782741238
2000-10-10,0.6844460980293553
2000-10-11,0.6906673397571774
2000-10-12,0.6951588638902054
2000-10-13,0.6983878821577469
2000-10-16,0.7007021428869016
2000-10-17,0.7023571161322013
2000-10-18,0.7035387358140511
2000-10-19,0.7043814276151578
2000-10-20,0.7049819171955048
2000-10-23,0.7054095679643391
2000-10-24,0.7057140016432741
2000-10-25,0.7059306561084937
2000-10-26,0.7060848087939867
2000-10-27,0.7061944741406756
2000-10-30,0.706272482543995
2000-10-31,0.706327968156651
2000-11-01,0.6787210859079805
2000-11-02,0.6830889049040376
2000-11-03,0.6862046048711056
2000-11-06,0.6884252167231419
2000-11-07,0.6900068953380062
2000-11-08,0.6911329721489207
2000-11-09,0.6919344234141807
2000-11-10,0.6925046999062674
2000-11-13,0.6929104155996322
2000-11-14,0.6931990225251748
2000-11-15,0.6934043064994664
2000-11-16,0.6935503146971645
2000-11-17,0.693654158562326
2000-11-20,0.6937280120854419
2000-11-21,0.6937805354061025
2000-11-22,0.6938178884875172
2000-11-23,0.6938444526377647
2000-11-24,0.6938633439458989
2000-11-27,0.69387677857635
2000-11-28,0.6938863326305986
2000-11-29,0.693893126989148
2000-11-30,0.6938979587825107
2000-12-01,0.5715560996912705
2000-12-04,0.5821892928465788
2000-12-05,0.5982485357916061
2000-12-06,0.616652700541186
2000-12-07,0.6350847121247262
2000-12-08,0.6519979137859034
2000-12-11,0.6665591611640507
2000-12-12,0.6785037258002604
2000-12-13,0.6879463825950347
2000-12-14,0.6952047378654255
2000-12-15,0.7006678739323045
2000-12-18,0.7047161062553489
2000-12-19,0.7076816857630147
2000-12-20,0.7098360887082544
2000-12-21,0.7113917654247892
2000-12-22,0.7125102268247564
2000-12-25,0.7133118412751206
2000-12-26,0.7138850839648422
2000-12-27,0.7142943609228506
2000-12-28,0.7145862384693378
2000-12-29,0.714794222951834
2001-01-01,0.7149423415546197
2001-01-02,0.3776202919558805
2001-01-03,0.2779392107467593
2001-01-04,0.1805780012562145
2001-01-05,0.09067019876156694
2001-01-08,0.011845125971559673
2001-01-09,-0.05417911713644407
2001-01-10,-0.10739894483189766
2001-01-11,-0.14898593475058403
2001-01-12,-0.1807011503768819
2001-01-15,-0.20444169880573518
2001-01-16,-0.22196621517944165
2001-01-17,-0.23476928464624724
2001-01-18,-0.2440525189802505
2001-01-19,-0.25074676587635714
2001-01-22,-0.2555549884045235
2001-01-23,-0.25899873822723096
2001-01-24,-0.26146020040193724
2001-01-25,-0.26321699771906293
2001-01-26,-0.264469556789523
2001-01-29,-0.2653619422869273
2001-01-30,-0.26599738611519425
2001-01-31,-0.2664496983192199
2001-02-01,0.2787058164939944
2001-02-02,0.3008197783154109
2001-02-05,0.32933609576940437
2001-02-06,0.3632713052318609
2001-02-07,0.4014006695092174
2001-02-08,0.4421565396266396
2001-02-09,0.4836716225623193
2001-02-12,0.5239712320317252
2001-02-13,0.5612634849264726
2001-02-14,0.5942192323292
2001-02-15,0.6221300880584987
2001-02-16,0.6448973015203656
2001-02-19,0.6628883403096836
2001-02-20,0.6767423033143092
2001-02-21,0.6871951981586094
2001-02-22,0.6949593382000012
2001-02-23,0.7006586687330196
2001-02-26,0.7048058399854482
2001-02-27,0.7078042568823383
2001-02-28,0.7099620261518513
2001-03-01,0.5039591561570704
2001-03-02,0.38950291863926756
2001-03-05,0.288175287896902
2001-03-06,0.20180320391043902
2001-03-07,0.13068362982987247
2001-03-08,0.07388948331294468
2001-03-09,0.029705717016255472
2001-03-12,-0.003935117539091768
2001-03-13,-0.029112316670082874
2001-03-14,-0.04770550734391059
2001-03-15,-0.061298030764763076
2001-03-16,-0.07115994710013146
2001-03-19,-0.07827539207278861
2001-03-20,-0.08338840166171496
2001-03-21,-0.08705169391674447
2001-03-22,-0.08967074718575613
2001-03-23,-0.09154037421629665
2001-03-26,-0.09287356263917382
2001-03-27,-0.09382348758360645
2001-03-28,-0.09449995249916777
2001-03-29,-0.09498148865274539
2001-03-30,-0.09532416941971941
2001-04-02,-0.09556798594006305
2001-04-03,0.30186986390291987
2001-04-04,0.4103101577997409
2001-04-05,0.48882912968999237
2001-04-06,0.5454257389417387
2001-04-09,0.5860763773379765
2001-04-10,0.6151953638590144
2001-04-11,0.6360122570679967
2001-04-12,0.6508722104739191
2001-04-13,0.6614685264051141
2001-04-16,0.6690187020117819
2001-04-17,0.6743954301222174
2001-04-18,0.6782228512618519
2001-04-19,0.6809466236463851
2001-04-20,0.6828845939292993
2001-04-23,0.6842632643867868
2001-04-24,0.6852439481220904
2001-04-25,0.6859414823651018
2001-04-26,0.686437593932774
2001-04-27,0.6867904332651276
2001-04-30,0.6870413693487621
2001-05-01,0.24138470988109972
2001-05-02,0.259383211576543
2001-05-03,0.28407334602339795
2001-05-04,0.3146530819802799
2001-05-07,0.3502719394487107
2001-05-08,0.38981220087167723
2001-05-09,0.4317921214418821
2001-05-10,0.47440755396349255
2001-05-11,0.5157208603963236
2001-05-14,0.5539513741233741
2001-05-15,0.5877621065202363
2001-05-16,0.6164291674005618
2001-05-17,0.6398414364785858
2001-05-18,0.6583631008685014
2001-05-21,0.6726395437167609
2001-05-22,0.6834197395558267
2001-05-23,0.6914319651136671
2001-05-24,0.697316191086171
2001-05-25,0.7015994195487288
2001-05-28,0.7046970144472803
2001-05-29,0.7069265802158737
2001-05-30,0.7085258749552752
2001-05-31,0.7096702449699703
2001-06-01,0.41335162851244667
2001-06-04,0.1253912835445783
2001-06-05,-0.08587121299598185
2001-06-06,-0.23967960378084108
2001-06-07,-0.35098129816244183
2001-06-08,-0.43114964939526984
2001-06-11,-0.48869215851927567
2001-06-12,-0.5298882115993451
2001-06-13,-0.5593259895706257
2001-06-14,-0.5803328901251527
2001-06-15,-0.5953087533358555
2001-06-18,-0.6059775417930997
2001-06-19,-0.6135741333402717
2001-06-20,-0.618981247535963
2001-06-21,-0.6228289398667204
2001-06-22,-0.6255664473216738
2001-06-25,-0.6275138394859354
2001-06-26,-0.6288990348713721
2001-06-27,-0.6298842698778996
2001-06-28,-0.630584995705169
2001-06-29,-0.6310833541535229
2001-07-02,-0.6314377798045085
2001-07-03,-0.6231024598901882
2001-07-04,-0.6245346308641058
2001-07-05,-0.625550809825669
2001-07-06,-0.6262722985482838
2001-07-09,-0.6267847948880025
2001-07-10,-0.6271489576114095
2001-07-11,-0.6274077802279119
2001-07-12,-0.6275917648339151
2001-07-13,-0.6277225662120263
2001-07-16,-0.6278155655421034
2001-07-17,-0.6278816917158749
2001-07-18,-0.6279287120281088
2001-07-19,-0.6279621477579711
2001-07-20,-0.6279859241242518
2001-07-23,-0.6280028319134536
2001-07-24,-0.6280148554688318
2001-07-25,-0.6280234057887218
2001-07-26,-0.6280294862176421
2001-07-27,-0.6280338102384381
2001-07-30,-0.6280368852202023
2001-07-31,-0.6280390719653801
2001-08-01,0.041347162574343246
2001-08-02,0.16464561727696267
2001-08-03,0.2719558152927317
2001-08-06,0.3643577030118221
2001-08-07,0.4423512752560108
2001-08-08,0.5065704207855757
2001-08-09,0.5580898510067351
2001-08-10,0.5984171400757663
2001-08-13,0.6293094223607323
2001-08-14,0.6525530644353528
2001-08-15,0.6697930345067915
2001-08-16,0.682439078720245
2001-08-17,0.691637909823319
2001-08-20,0.6982876447265277
2001-08-21,0.7030727217953345
2001-08-22,0.706504566488197
2001-08-23,0.708959959522252
2001-08-24,0.7107136876772805
2001-08-27,0.7119647073740161
2001-08-28,0.7128563280749709
2001-08-29,0.7134913965473293
2001-08-30,0.7139435276530228
2001-08-31,0.7142653143783835
2001-09-03,0.5984153917726246
2001-09-04,0.6229016794396972
2001-09-05,0.6440295626656968
2001-09-06,0.6613603744418571
2001-09-07,0.6750561645962923
2001-09-10,0.6855809898611496
2001-09-11,0.6935016113327626
2001-09-12,0.6993705824381754
2001-09-13,0.7036699642702706
2001-09-14,0.7067933965756533
2001-09-17,0.7090488594328281
2001-09-18,0.710670475240956
2001-09-19,0.7118327304745409
2001-09-20,0.71266388476978
2001-09-21,0.7132573098561016
2001-09-24,0.713680517389679
2001-09-25,0.7139820863597046
2001-09-26,0.7141968533457144
2001-09-27,0.7143497396760665
2001-09-28,0.7144585429208999
2001-10-01,0.7145359577195318
2001-10-02,0.3844666628794978
2001-10-03,0.11360957403698212
2001-10-04,-0.08978372649267026
2001-10-05,-0.24088255200116482
2001-10-08,-0.35203822542041485
2001-10-09,-0.43313965861326886
2001-10-10,-0.4919255202460491
2001-10-11,-0.5343207819547063
2001-10-12,-0.564779037867975
2001-10-15,-0.5865995905044336
2001-10-16,-0.6021997259271854
2001-10-17,-0.6133359793082132
2001-10-18,-0.6212770571914903
2001-10-19,-0.6269353030817311
2001-10-22,-0.6309647184893681
2001-10-23,-0.6338330488678208
2001-10-24,-0.6358742826490481
2001-10-25,-0.6373266223960572
2001-10-26,-0.6383598141479712
2001-10-29,-0.6390947491651171
2001-10-30,-0.6396174884435198
2001-10-31,-0.6399892792838877
2001-11-01,-0.6872290227507549
2001-11-02,-0.661410383717211
2001-11-05,-0.6446001668309104
2001-11-06,-0.6355663577826947
2001-11-07,-0.6325869441167167
2001-11-08,-0.6337770280905729
2001-11-09,-0.6373942636954066
2001-11-12,-0.6420521814000685
2001-11-13,-0.6468031577603938
2001-11-14,-0.6511054614018109
2001-11-15,-0.6547247772139351
2001-11-16,-0.6576226948608574
2001-11-19,-0.6598646278928793
2001-11-20,-0.6615574911710437
2001-11-21,-0.662813902749553
2001-11-22,-0.6637350019589316
2001-11-23,-0.6644043891318843
2001-11-26,-0.6648878233215447
2001-11-27,-0.6652354121048534
2001-11-28,-0.6654845377597464
2001-11-29,-0.6656626901794758
2001-11-30,-0.6657898845511159
2001-12-03,-0.46677975181687115
2001-12-04,-0.09226176129966594
2001-12-05,0.15657218914486795
2001-12-06,0.32546216916796444
2001-12-07,0.4417397876051118
2001-12-10,0.5225781734421057
2001-12-11,0.5791580284958227
2001-12-12,0.6189452219823524
2001-12-13,0.647015929477886
2001-12-14,0.6668663320760685
2001-12-17,0.6809266659400273
2001-12-18,0.6908973421172655
2001-12-19,0.6979737002250793
2001-12-20,0.7029988346207122
2001-12-21,0.7065688076822677
2001-12-24,0.7091057442049334
2001-12-25,0.7109089478816433
2001-12-26,0.7121908188174597
2001-12-27,0.713102177943452
2001-12-28,0.7137501664496919
2001-12-31,0.7142109194503912
2002-01-01,0.45227325110487376
2002-01-02,0.4985901634106397
2002-01-03,0.5396193491935621
2002-01-04,0.5745967847329069
2002-01-07,0.6033623457960182
2002-01-08,0.6262796974452772
2002-01-09,0.6440563712929266
2002-01-10,0.6575508243747021
2002-01-11,0.6676228156947215
2002-01-14,0.6750438864456207
2002-01-15,0.6804590950641176
2002-01-16,0.6843824660132489
2002-01-17,0.6872101725219942
2002-01-18,0.6892404869813779
2002-01-21,0.6906942881803024
2002-01-22,0.6917332361675435
2002-01-23,0.6924746686619558
2002-01-24,0.6930032510399314
2002-01-25,0.6933798178231896
2002-01-28,0.6936479500800212
2002-01-29,0.6938388025366543
2002-01-30,0.6939746131390603
2002-01-31,0.6940712380985864
2002-02-01,0.6652633631069813
2002-02-04,0.673077815763607
2002-02-05,0.6809819109964161
2002-02-06,0.6880663274633949
2002-02-07,0.6939754614924152
2002-02-08,0.6986763302181517
2002-02-11,0.7022959380016485
2002-02-12,0.7050197676280345
2002-02-13,0.7070364122646731
2002-02-14,0.7085122778856419
2002-02-15,0.7095834971498651
2002-02-18,0.7103564523777798
2002-02-19,0.710911856991902
2002-02-20,0.7113097513677011
2002-02-21,0.7115941993197519
2002-02-22,0.7117972388709528
2002-02-25,0.7119420129562207
2002-02-26,0.7120451627330648
2002-02-27,0.7121186156526249
2002-02-28,0.7121709011770145
2002-03-01,0.680999069244691
2002-03-04,0.6852863272550666
2002-03-05,0.6906557358730585
2002-03-06,0.6959300705641098
2002-03-07,0.7005524338736036
2002-03-08,0.7043408965193485
2002-03-11,0.7073142099269418
2002-03-12,0.7095802669307942
2002-03-13,0.7112725262601709
2002-03-14,0.7125183843573599
2002-03-15,0.713426413476712
2002-03-18,0.7140835220024359
2002-03-19,0.7145566517120472
2002-03-20,0.7148960936873152
2002-03-21,0.7151390030346336
2002-03-22,0.715312517810014
2002-03-25,0.7154363032813248
2002-03-26,0.7155245310837555
2002-03-27,0.7155873743402746
2002-03-28,0.7156321158860649
2002-03-29,0.7156639593585128
2002-04-01,0.7156866177076363
2002-04-02,-0.05727960554416156
2002-04-03,-0.18581607991425422
2002-04-04,-0.2944458451738855
2002-04-05,-0.3834606653118915
2002-04-08,-0.4543582622327688
2002-04-09,-0.5094366749382242
2002-04-10,-0.5513416295033334
2002-04-11,-0.5826916903240649
2002-04-12,-0.6058387944847845
2002-04-15,-0.6227586195208725
2002-04-16,-0.6350339068987043
2002-04-17,-0.6438903300268434
2002-04-18,-0.650254253129404
2002-04-19,-0.6548137322315166
2002-04-22,-0.6580734890060489
2002-04-23,-0.6604004768417409
2002-04-24,-0.6620597946281074
2002-04-25,-0.6632420916907109
2002-04-26,-0.6640840335836138
2002-04-29,-0.6646833627593611
2002-04-30,-0.665109869628881
2002-05-01,-0.5731964739934015
2002-05-02,-0.5915994510289008
2002-05-03,-0.6042572388510498
2002-05-06,-0.6130514393178548
2002-05-07,-0.6192038824304869
2002-05-08,-0.6235289794253138
2002-05-09,-0.6265797749933215
2002-05-10,-0.6287368439928896
2002-05-13,-0.6302645668766067
2002-05-14,-0.6313478481971826
2002-05-15,-0.6321166308761637
2002-05-16,-0.6326625461872939
2002-05-17,-0.6330503669420201
2002-05-20,-0.6333259595447795
2002-05-21,-0.6335218426364352
2002-05-22,-0.6336610917223359
2002-05-23,-0.6337600916040215
2002-05-24,-0.6338304815048676
2002-05-27,-0.6338805321576275
2002-05-28,-0.6339161219947116
2002-05-29,-0.6339414297859647
2002-05-30,-0.633959426408707
2002-05-31,-0.6339722241652594
2002-06-03,-0.679642646360928
2002-06-04,-0.6730958693784805
2002-06-05,-0.6685447747380792
2002-06-06,-0.6653881375354316
2002-06-07,-0.6631959233072152
2002-06-10,-0.6616687669355796
2002-06-11,-0.6606009585137482
2002-06-12,-0.6598516438950268
2002-06-13,-0.6593241775183631
2002-06-14,-0.658951927065476
2002-06-17,-0.6586886917839063
2002-06-18,-0.6585022628798872
2002-06-19,-0.6583700801846921
2002-06-20,-0.6582762812646143
2002-06-21,-0.6582096796801802
2002-06-24,-0.6581623687136786
2002-06-25,-0.6581287503790526
2002-06-26,-0.6581048563764919
2002-06-27,-0.658087871125602
2002-06-28,-0.6580757956215216
2002-07-01,-0.6580672099472165
2002-07-02,-0.44861644889538577
2002-07-03,-0.11409115180817435
2002-07-04,0.11928469502109026
2002-07-05,0.28305732854277843
2002-07-08,0.39844740194160116
2002-07-09,0.4799734768762377
2002-07-10,0.5376846936462364
2002-07-11,0.5785927684625027
2002-07-12,0.6076175798704012
2002-07-15,0.6282248361520901
2002-07-16,0.6428626531606007
2002-07-17,0.6532637210924147
2002-07-18,0.6606560744598233
2002-07-19,0.6659109293190653
2002-07-22,0.6696467904852395
2002-07-23,0.6723029715211509
2002-07-24,0.6741916188375535
2002-07-25,0.6755345777286581
2002-07-26,0.676489543566975
2002-07-29,0.6771686258241467
2002-07-30,0.6776515329746947
2002-07-31,0.6779949403803037
2002-08-01,0.45508813492713784
2002-08-02,0.4609984715987385
2002-08-05,0.4767227892205852
2002-08-06,0.49946323883229105
2002-08-07,0.526597574576217
2002-08-08,0.555615859787693
2002-08-09,0.5842665268354302
2002-08-12,0.6107722498144623
2002-08-13,0.6339829868922638
2002-08-14,0.6533901367758412
2002-08-15,0.6690101404146194
2002-08-16,0.6812029134814199
2002-08-19,0.6904949430875844
2002-08-20,0.6974475051366199
2002-08-21,0.7025782975674408
2002-08-22,0.7063261440417814
2002-08-23,0.7090433555741622
2002-08-26,0.7110026451643714
2002-08-27,0.7124098720373784
2002-08-28,0.7134177312974855
2002-08-29,0.7141380986312975
2002-08-30,0.7146522340145498
2002-09-02,0.7150187987103984
2002-09-03,0.495089752595141
2002-09-04,0.5331712033640026
2002-09-05,0.5644058172528746
2002-09-06,0.5892204631751166
2002-09-09,0.6084201469474699
2002-09-10,0.6229641245528422
2002-09-11,0.633801342831363
2002-09-12,0.6417760135374344
2002-09-13,0.6475896008310111
2002-09-16,0.6517986145594671
2002-09-17,0.654830622461297
2002-09-18,0.6570068097086161
2002-09-19,0.6585646411296728
2002-09-20,0.6596777172582675
2002-09-23,0.6604719399070422
2002-09-24,0.6610381011857819
2002-09-25,0.6614414109037836
2002-09-26,0.6617285707959446
2002-09-27,0.6619329594710305
2002-09-30,0.6620783987157596
2002-10-01,-0.5263881978556821
2002-10-02,-0.5115156718548995
2002-10-03,-0.5031829884982489
2002-10-04,-0.501882652999307
2002-10-07,-0.50737356741827
2002-10-08,-0.5187265448907779
2002-10-09,-0.5344614169014548
2002-10-10,-0.5527779748129875
2002-10-11,-0.5718529845061417
2002-10-14,-0.590130940051991
2002-10-15,-0.6065207797155988
2002-10-16,-0.6204490089594267
2002-10-17,-0.6317856466639883
2002-10-18,-0.6407041452597243
2002-10-21,-0.6475380192037511
2002-10-22,-0.6526709196376456
2002-10-23,-0.6564690734026586
2002-10-24,-0.6592487610987595
2002-10-25,-0.6612667651094487
2002-10-28,-0.6627232673689637
2002-10-29,-0.6637700830203376
2002-10-30,-0.6645201746441118
2002-10-31,-0.6650564852422944
2002-11-01,-0.5274754987325923
2002-11-04,-0.13565782366711976
2002-11-05,0.12405887277133777
2002-11-06,0.30001304499047493
2002-11-07,0.42098891311664943
2002-11-08,0.505009623631688
2002-11-11,0.5637743193446321
2002-11-12,0.6050764133647256
2002-11-13,0.6342050568673238
2002-11-14,0.6547980996681512
2002-11-15,0.669381683676509
2002-11-18,0.6797220133442533
2002-11-19,0.6870600123070165
2002-11-20,0.6922705875358525
2002-11-21,0.695972120997736
2002-11-22,0.6986024569545002
2002-11-25,0.7004720007722253
2002-11-26,0.7018010085209065
2002-11-27,0.7027458681999498
2002-11-28,0.7034176700583836
2002-11-29,0.703895352543238
2002-12-02,0.7042350205662855
2002-12-03,0.40080021339608607
2002-12-04,0.43207371438643094
2002-12-05,0.4675891913785266
2002-12-06,0.5047746077695815
2002-12-09,0.5412988675150527
2002-12-10,0.5752217325407687
2002-12-11,0.6051841430990539
2002-12-12,0.6304964263298927
2002-12-13,0.6510781058531252
2002-12-16,0.6672905956124068
2002-12-17,0.6797400376618321
2002-12-18,0.6891115017305968
2002-12-19,0.696059680885211
2002-12-20,0.7011529228039906
2002-12-23,0.7048551876253077
2002-12-24,0.7075298671815984
2002-12-25,0.7094535770680102
2002-12-26,0.7108327231298951
2002-12-27,0.7118191776054119
2002-12-30,0.7125235861325927
2002-12-31,0.7130259957860494
2003-01-01,0.44967348522095696
2003-01-02,0.49656260390723783
2003-01-03,0.5381367928834864
2003-01-06,0.5736174078331419
2003-01-07,0.6028286655735724
2003-01-08,0.6261242603495449
2003-01-09,0.644209654236352
2003-01-10,0.6579479104457389
2003-01-13,0.6682074009225702
2003-01-14,0.6757697314124749
2003-01-15,0.6812897169141725
2003-01-16,0.685289907838269
2003-01-17,0.6881734590644785
2003-01-20,0.6902441191766959
2003-01-21,0.6917269381582125
2003-01-22,0.6927866893667369
2003-01-23,0.6935430014926067
2003-01-24,0.6940822090173305
2003-01-27,0.6944663539704236
2003-01-28,0.694739886647392
2003-01-29,0.694934585285675
2003-01-30,0.6950731339682701
2003-01-31,0.6951717075614934
2003-02-03,0.5336132134595848
2003-02-04,0.5583392430585965
2003-02-05,0.5845062090966355
2003-02-06,0.6096314362800359
2003-02-07,0.6321351817202612
2003-02-10,0.6512319638455202
2003-02-11,0.6667597691284872
2003-02-12,0.6789682677005305
2003-02-13,0.6883203688422622
2003-02-14,0.6953438308992005
2003-02-17,0.7005407487483738
2003-02-18,0.7043441488177243
2003-02-19,0.7071054094336239
2003-02-20,0.7090984090586834
2003-02-21,0.7105308475529792
2003-02-24,0.7115572746661447
2003-02-25,0.7122911739417935
2003-02-26,0.7128150997622339
2003-02-27,0.713188712062677
2003-02-28,0.7134549247668174
2003-03-03,0.2661562033878999
2003-03-04,0.03522151010609093
2003-03-05,-0.14262494758277525
2003-03-06,-0.2781092440613684
2003-03-07,-0.38003611775891144
2003-03-10,-0.4558033013732551
2003-03-11,-0.5115423659201497
2003-03-12,-0.5522013819037092
2003-03-13,-0.5816640122148309
2003-03-14,-0.6029058332477164
2003-03-17,-0.6181630070259381
2003-03-18,-0.6290912647511204
2003-03-19,-0.6369030311924031
2003-03-20,-0.6424788911666517
2003-03-21,-0.646454619996407
2003-03-24,-0.6492872723251636
2003-03-25,-0.6513044065679182
2003-03-26,-0.6527402545830621
2003-03-27,-0.6537620463341771
2003-03-28,-0.6544890405589976
2003-03-31,-0.6550062170019181
2003-04-01,-0.266855774076455
2003-04-02,0.011922068356263683
2003-04-03,0.21166631554173376
2003-04-04,0.354799984443491
2003-04-07,0.457262710528918
2003-04-08,0.5305157920389104
2003-04-09,0.5828223547505218
2003-04-10,0.6201339327098618
2003-04-11,0.6467278441014945
2003-04-14,0.6656711349422295
2003-04-15,0.6791586232345295
2003-04-16,0.6887584137522037
2003-04-17,0.6955894572857415
2003-04-18,0.700449457128057
2003-04-21,0.7039067069060061
2003-04-22,0.7063658628148213
2003-04-23,0.7081149576025572
2003-04-24,0.7093589582958877
2003-04-25,0.7102436941635855
2003-04-28,0.710872905417928
2003-04-29,0.7113203838337921
2003-04-30,0.7116386148823213
2003-05-01,0.706386642317844
2003-05-02,0.7079923683357835
2003-05-05,0.7093930754636676
2003-05-06,0.7105249304364321
2003-05-07,0.711400416103301
2003-05-08,0.7120594414766311
2003-05-09,0.7125468046183542
2003-05-12,0.7129029510877927
2003-05-13,0.7131610959015611
2003-05-14,0.7133471525808832
2003-05-15,0.7134807242204029
2003-05-16,0.7135763512217023
2003-05-19,0.7136446792849256
2003-05-20,0.7136934342238315
2003-05-21,0.7137281889590745
2003-05-22,0.7137529465666239
2003-05-23,0.7137705740378275
2003-05-26,0.7137831204592141
2003-05-27,0.7137920482112504
2003-05-28,0.7137983998809609
2003-05-29,0.7138029182255424
2003-05-30,0.7138061321240525
2003-06-02,0.7138084180255044
2003-06-03,-0.4506421815796472
2003-06-04,-0.48163017217713877
2003-06-05,-0.5126426336281947
2003-06-06,-0.5419847947243295
2003-06-09,-0.5683054899485862
2003-06-10,-0.5908071579907507
2003-06-11,-0.6092634538749613
2003-06-12,-0.6238921932762029
2003-06-13,-0.6351745310697483
2003-06-16,-0.6436933229427209
2003-06-17,-0.6500227384540403
2003-06-18,-0.6546692970582627
2003-06-19,-0.6580503842666783
2003-06-20,-0.6604948179304814
2003-06-23,-0.662253834561281
2003-06-24,-0.6635153680348602
2003-06-25,-0.6644179309260014
2003-06-26,-0.6650625517465629
2003-06-27,-0.6655223781914398
2003-06-30,-0.6658500961152802
2003-07-01,-0.6266095729744792
2003-07-02,-0.6386064934275655
2003-07-03,-0.6467909070948904
2003-07-04,-0.6524455110625201
2003-07-07,-0.65638625322018
2003-07-08,-0.6591491087335426
2003-07-09,-0.6610942726442769
2003-07-10,-0.6624677775458057
2003-07-11,-0.6634396366525139
2003-07-14,-0.6641283073965438
2003-07-15,-0.6646168130817869
2003-07-16,-0.6649635869346439
2003-07-17,-0.6652098783107276
2003-07-18,-0.6653848680647266
2003-07-21,-0.6655092307467656
2003-07-22,-0.6655976299951968
2003-07-23,-0.6656604741165657
2003-07-24,-0.6657051549931059
2003-07-25,-0.6657369243055249
2003-07-28,-0.6657595142227906
2003-07-29,-0.6657755775748979
2003-07-30,-0.6657870002593743
2003-07-31,-0.6657951230941975
2003-08-01,-0.4892281353174856
2003-08-04,-0.5240353078031821
2003-08-05,-0.5547022917735273
2003-08-06,-0.5805049617487521
2003-08-07,-0.601402854171428
2003-08-08,-0.6178097192102581
2003-08-11,-0.6303752187484762
2003-08-12,-0.6398149741205821
2003-08-13,-0.6468032284388647
2003-08-14,-0.6519201524745095
2003-08-15,-0.6556366164907659
2003-08-18,-0.6583199783657874
2003-08-19,-0.6602491170171402
2003-08-20,-0.6616317355366539
2003-08-21,-0.6626204590287406
2003-08-22,-0.6633263783087813
2003-08-25,-0.663829809768879
2003-08-26,-0.6641885436710905
2003-08-27,-0.6644440211515632
2003-08-28,-0.6646258879310304
2003-08-29,-0.6647553153652135
2003-09-01,-0.6648474044900661
2003-09-02,-0.6722783714532921
2003-09-03,-0.6703084028369704
2003-09-04,-0.6688953692995112
2003-09-05,-0.6678843038458988
2003-09-08,-0.6671621303290436
2003-09-09,-0.6666469526977723
2003-09-10,-0.6662797702317347
2003-09-11,-0.6660182361189498
2003-09-12,-0.6658320375832425
2003-09-15,-0.6656995171609696
2003-09-16,-0.6656052221489643
2003-09-17,-0.6655381375226981
2003-09-18,-0.6654904168753822
2003-09-19,-0.6654564736278249
2003-09-22,-0.6654323315488266
2003-09-23,-0.6654151612601198
2003-09-24,-0.6654029498032106
2003-09-25,-0.6653942652378981
2003-09-26,-0.6653880890273813
2003-09-29,-0.6653836967333813
2003-09-30,-0.6653805731192721
2003-10-01,-0.42387133464414567
2003-10-02,-0.09674742459169484
2003-10-03,0.1352470279760488
2003-10-06,0.3004908165441854
2003-10-07,0.4183469567434045
2003-10-08,0.5024106703304605
2003-10-09,0.5623471523578654
2003-10-10,0.6050592988120689
2003-10-13,0.6354823593811508
2003-10-14,0.6571434545001988
2003-10-15,0.6725612104426084
2003-10-16,0.6835325099892482
2003-10-17,0.6913383164406663
2003-10-20,0.6968912296860609
2003-10-21,0.7008411005011419
2003-10-22,0.7036505111730585
2003-10-23,0.7056486527019391
2003-10-24,0.7070697440432017
2003-10-27,0.7080804081077032
2003-10-28,0.7087991680468575
2003-10-29,0.7093103262644602
2003-10-30,0.7096738417137828
2003-10-31,0.7099323578048966
2003-11-03,0.31901795495193613
2003-11-04,0.358500522413835
2003-11-05,0.3984312900935931
2003-11-06,0.4370988397423664
2003-11-07,0.47290343872074003
2003-11-10,0.5046221201020309
2003-11-11,0.5315744924772278
2003-11-12,0.5536369821206627
2003-11-13,0.5711281144303922
2003-11-14,0.5846350229782646
2003-11-17,0.5948494474407735
2003-11-18,0.6024501186712519
2003-11-19,0.6080371211416737
2003-11-20,0.6121067357561233
2003-11-21,0.6150513099140993
2003-11-24,0.6171715046382158
2003-11-25,0.6186927461427199
2003-11-26,0.6197814717413529
2003-11-27,0.6205592359852274
2003-11-28,0.621114132039134
2003-12-01,0.6215096544235343
2003-12-02,0.6474233451457838
2003-12-03,0.6604270989929788
2003-12-04,0.6704624091859623
2003-12-05,0.6780410309600509
2003-12-08,0.6836719567449807
2003-12-09,0.6878055209147472
2003-12-10,0.6908131256966759
2003-12-11,0.6929874080447076
2003-12-12,0.6945519440993486
2003-12-15,0.6956739553270672
2003-12-16,0.6964766731403369
2003-12-17,0.6970499707501944
2003-12-18,0.6974589136859294
2003-12-19,0.6977503635523934
2003-12-22,0.6979579472015108
2003-12-23,0.6981057316625296
2003-12-24,0.6982109100549342
2003-12-25,0.6982857487414535
2003-12-26,0.6983389909375267
2003-12-29,0.6983768644939514
2003-12-30,0.6984038034572875
2003-12-31,0.6984229636792074
2004-01-01,0.6906605309890027
2004-01-02,0.6947464573195571
2004-01-05,0.6982624602846871
2004-01-06,0.7010973261895533
2004-01-07,0.7032930505763002
2004-01-08,0.7049495953300671
2004-01-09,0.7061773234187971
2004-01-12,0.7070761497210412
2004-01-13,0.7077285856677311
2004-01-14,0.7081993413730379
2004-01-15,0.7085375757756701
2004-01-16,0.7087798697629605
2004-01-19,0.7089530701324719
2004-01-20,0.7090766943637726
2004-01-21,0.7091648390469822
2004-01-22,0.7092276391525529
2004-01-23,0.7092723580845082
2004-01-26,0.7093041895585356
2004-01-27,0.7093268414403231
2004-01-28,0.7093429578421521
2004-01-29,0.7093544227971598
2004-01-30,0.7093625779911032
2004-02-02,0.7093683785005018
2004-02-03,0.613650632257208
2004-02-04,0.6312982777016038
2004-02-05,0.6482278447337975
2004-02-06,0.6631254960471517
2004-02-09,0.6754933527198664
2004-02-10,0.6853401189810591
2004-02-11,0.6929426072310725
2004-02-12,0.6986811702284529
2004-02-13,0.7029416184308863
2004-02-16,0.706066707935433
2004-02-17,0.7083390177903715
2004-02-18,0.7099808528537189
2004-02-19,0.7111617710858398
2004-02-20,0.7120084076398719
2004-02-23,0.7126139765697492
2004-02-24,0.7130463993129714
2004-02-25,0.7133548166543512
2004-02-26,0.7135746037914115
2004-02-27,0.7137311362952821
2004-03-01,0.7138425710925869
2004-03-02,0.46972169962225635
2004-03-03,0.3123777594685798
2004-03-04,0.17329021388416138
2004-03-05,0.05560639585208287
2004-03-08,-0.04025646834476336
2004-03-09,-0.11590419331634759
2004-03-10,-0.17408731679847972
2004-03-11,-0.21794522619451379
2004-03-12,-0.2504981944699266
2004-03-15,-0.27438112010248206
2004-03-16,-0.29175291617664245
2004-03-17,-0.3043091936338658
2004-03-18,-0.31334328943363143
2004-03-19,-0.31982170883391325
2004-03-22,-0.3244563714264876
2004-03-23,-0.3277663480820942
2004-03-24,-0.33012737433620726
2004-03-25,-0.3318100389896641
2004-03-26,-0.33300850001128585
2004-03-29,-0.33386171317495117
2004-03-30,-0.3344689441708606
2004-03-31,-0.334901012674169
2004-04-01,-0.5963087861285454
2004-04-02,-0.5860081394550066
2004-04-05,-0.5829127175713911
2004-04-06,-0.5857482129291088
2004-04-07,-0.5928196392054798
2004-04-08,-0.6023280216459165
2004-04-09,-0.6126699088569929
2004-04-12,-0.6226407774159292
2004-04-13,-0.6315011679017792
2004-04-14,-0.6389233672634542
2004-04-15,-0.6448747558154928
2004-04-16,-0.6494941942961008
2004-04-19,-0.6529946212888599
2004-04-20,-0.6556006981662236
2004-04-21,-0.6575161181264771
2004-04-22,-0.6589108475742556
2004-04-23,-0.6599196229045319
2004-04-26,-0.6606457285997777
2004-04-27,-0.6611665649340543
2004-04-28,-0.6615392374666643
2004-04-29,-0.6618054238390632
2004-04-30,-0.6619953115249347
2004-05-03,-0.3811019804974006
2004-05-04,-0.42218961367219565
2004-05-05,-0.46247208171382836
2004-05-06,-0.5001018742394715
2004-05-07,-0.5336712811061826
2004-05-10,-0.5623612522350735
2004-05-11,-0.5859579584413126
2004-05-12,-0.604737449024398
2004-05-13,-0.6192833295479716
2004-05-14,-0.6303092675098227
2004-05-17,-0.6385283600565401
2004-05-18,-0.6445779327454977
2004-05-19,-0.6489887747297451
2004-05-20,-0.6521825083559117
2004-05-21,-0.6544832876601389
2004-05-24,-0.6561347096289291
2004-05-25,-0.6573169170088564
2004-05-26,-0.6581616233988419
2004-05-27,-0.65876436122333
2004-05-28,-0.6591940262260247
2004-05-31,-0.6595001034661817
2004-06-01,-0.7262145961728843
2004-06-02,-0.709788315472565
2004-06-03,-0.6974904146883082
2004-06-04,-0.6884705120316059
2004-06-07,-0.6819454320910939
2004-06-08,-0.6772654238521263
2004-06-09,-0.6739252509487903
2004-06-10,-0.6715474952814907
2004-06-11,-0.6698569031562255
2004-06-14,-0.668655446965736
2004-06-15,-0.6678016884643017
2004-06-16,-0.6671949658906621
2004-06-17,-0.6667637477987297
2004-06-18,-0.6664572286420722
2004-06-21,-0.6662393244679312
2004-06-22,-0.6660844029331852
2004-06-23,-0.6659742521213086
2004-06-24,-0.6658959297262547
2004-06-25,-0.6658402367094374
2004-06-28,-0.6658006337532216
2004-06-29,-0.6657724717708959
2004-06-30,-0.6657524452666657
2004-07-01,-0.6266371209461551
2004-07-02,-0.6377745200511062
2004-07-05,-0.6454205977582335
2004-07-06,-0.6507262515612675
2004-07-07,-0.6544349919122558
2004-07-08,-0.6570406962487038
2004-07-09,-0.6588779509282506
2004-07-12,-0.6601766227594033
2004-07-13,-0.6610962145551753
2004-07-14,-0.6617481910441794
2004-07-15,-0.6622108404365747
2004-07-16,-0.6625393467748357
2004-07-19,-0.6627727077927246
2004-07-20,-0.6629385327014573
2004-07-21,-0.6630563932540895
2004-07-22,-0.6631401763269288
2004-07-23,-0.6631997416103989
2004-07-26,-0.663242092745701
2004-07-27,-0.6632722062796008
2004-07-28,-0.6632936192068066
2004-07-29,-0.6633088458056706
2004-07-30,-0.6633196735675491
2004-08-02,-0.6633273733921377
2004-08-03,-0.600498819210227
2004-08-04,-0.6141443408023397
2004-08-05,-0.6234768396292315
2004-08-06,-0.6299349771372158
2004-08-09,-0.6344404449401624
2004-08-10,-0.637601464245512
2004-08-11,-0.6398280272311767
2004-08-12,-0.6414007565583264
2004-08-13,-0.6425138409776917
2004-08-16,-0.643302714232663
2004-08-17,-0.643862362357712
2004-08-18,-0.6442596700297379
2004-08-19,-0.6445418685275471
2004-08-20,-0.6447423783920592
2004-08-23,-0.64488488194979
2004-08-24,-0.644986178131639
2004-08-25,-0.6450581918880366
2004-08-26,-0.6451093927142787
2004-08-27,-0.6451457981541693
2004-08-30,-0.645171684775449
2004-08-31,-0.6451900924326082
2004-09-01,-0.13970649022127885
2004-09-02,0.00962208501408987
2004-09-03,0.1389875188232177
2004-09-06,0.25120304376216357
2004-09-07,0.34741420173282267
2004-09-08,0.42825732231509145
2004-09-09,0.4945386347949017
2004-09-10,0.5475113374135635
2004-09-13,0.5888441212062705
2004-09-14,0.6204250465568126
2004-09-15,0.6441388194339612
2004-09-16,0.661700312104285
2004-09-17,0.6745672696344689
2004-09-20,0.6839187710223753
2004-09-21,0.6906746296456727
2004-09-22,0.6955338589594442
2004-09-23,0.6990177404137551
2004-09-24,0.7015097757752333
2004-09-27,0.703289374022928
2004-09-28,0.7045586945473596
2004-09-29,0.7054632804000593
2004-09-30,0.7061075437935292
2004-10-01,0.6901792630319262
2004-10-04,0.693593045512122
2004-10-05,0.6960275851646004
2004-10-06,0.6977623226624636
2004-10-07,0.6989976936135693
2004-10-08,0.6998770876475282
2004-10-11,0.7005029008044932
2004-10-12,0.7009481648394839
2004-10-13,0.7012649232041954
2004-10-14,0.7014902403822116
2004-10-15,0.7016505018482424
2004-10-18,0.7017644852527288
2004-10-19,0.7018455511700931
2004-10-20,0.7019032044111286
2004-10-21,0.7019442060441634
2004-10-22,0.7019733650623898
2004-10-25,0.7019941018079472
2004-10-26,0.7020088488672567
2004-10-27,0.7020193362764093
2004-10-28,0.7020267943994497
2004-10-29,0.7020320982324708
2004-11-01,0.7020358700389937
2004-11-02,0.5900167521384465
2004-11-03,0.5625011703235702
2004-11-04,0.5415770806132838
2004-11-05,0.5259243966119603
2004-11-08,0.5143657581365221
2004-11-09,0.5059150043509837
2004-11-10,0.4997827507271331
2004-11-11,0.49535765416945976
2004-11-12,0.4921774893640541
2004-11-15,0.4898987959931159
2004-11-16,0.48826953737351597
2004-11-17,0.4871064188542443
2004-11-18,0.48627699297937593
2004-11-19,0.4856859926720367
2004-11-22,0.48526511817746576
2004-11-23,0.4849655176105011
2004-11-24,0.48475230737799047
2004-11-25,0.48460060768005264
2004-11-26,0.48449268860418604
2004-11-29,0.48441592298379366
2004-11-30,0.4843613216408448
2004-12-01,0.056998675737415974
2004-12-02,0.04276085107772677
2004-12-03,0.026551487865777164
2004-12-06,0.008727641645825002
2004-12-07,-0.010215766547847121
2004-12-08,-0.029690829599720157
2004-12-09,-0.04905930652519665
2004-12-10,-0.06767610377157572
2004-12-13,-0.0849442025747466
2004-12-14,-0.10038155134835576
2004-12-15,-0.11368175021571322
2004-12-16,-0.12474271624650818
2004-12-17,-0.13365038786089284
2004-12-20,-0.14062688195111128
2004-12-21,-0.14596604413063102
2004-12-22,-0.14997729323991402
2004-12-23,-0.15294792550099956
2004-12-24,-0.15512404583586045
2004-12-27,-0.15670523676072323
2004-12-28,-0.15784728533254017
2004-12-29,-0.15866855912633676
2004-12-30,-0.15925729133713518
2004-12-31,-0.15967836501159743
2005-01-03,0.25794541434934126
2005-01-04,0.3506678547374895
2005-01-05,0.428904243003853
2005-01-06,0.4934553762526447
2005-01-07,0.5453992569293866
2005-01-10,0.5861900549296571
2005-01-11,0.6175299770887656
2005-01-12,0.6411695727593726
2005-01-13,0.658738568568044
2005-01-14,0.6716461106531506
2005-01-17,0.6810462600931183
2005-01-18,0.6878474971377124
2005-01-19,0.692744749265894
2005-01-20,0.696258692563826
2005-01-21,0.6987736767634567
2005-01-24,0.7005704047592578
2005-01-25,0.7018523222475119
2005-01-26,0.7027660784336531
2005-01-27,0.7034169712627698
2005-01-28,0.7038803978603347
2005-01-31,0.7042102386691284
2005-02-01,0.5320096005440978
2005-02-02,0.5673011968054316
2005-02-03,0.595797819143921
2005-02-04,0.6181644346031132
2005-02-07,0.6353099677461639
2005-02-08,0.6482069304269018
2005-02-09,0.6577665920689802
2005-02-10,0.6647739545565412
2005-02-11,0.6698679109871173
2005-02-14,0.6735483344627871
2005-02-15,0.676195631287898
2005-02-16,0.6780936685367687
2005-02-17,0.6794513455293414
2005-02-18,0.6804208796317384
2005-02-21,0.6811124091232081
2005-02-22,0.6816052282009617
2005-02-23,0.6819562222424427
2005-02-24,0.6822060975736606
2005-02-25,0.682383930706615
2005-02-28,0.6825104644411337
2005-03-01,0.1620561024482039
2005-03-02,0.059540516412962666
2005-03-03,-0.038970362985028144
2005-03-04,-0.13075652121231138
2005-03-07,-0.21357571054996768
2005-03-08,-0.28586230715063704
2005-03-09,-0.34688943771752495
2005-03-10,-0.39679630978870334
2005-03-11,-0.4364463383438834
2005-03-14,-0.46717042102871376
2005-03-15,-0.4904910700283266
2005-03-16,-0.5079028558535794
2005-03-17,-0.520737918830278
2005-03-18,-0.5301081195656953
2005-03-21,-0.536899662197142
2005-03-22,-0.5417961531981416
2005-03-23,-0.5453127574461649
2005-03-24,-0.5478312910437736
2005-03-25,-0.5496313951219481
2005-03-28,-0.5509161494525855
2005-03-29,-0.5518321453834368
2005-03-30,-0.5524847441147971
2005-03-31,-0.552949441308391
2005-04-01,-0.7263364853931457
2005-04-04,-0.6937768209235093
2005-04-05,-0.6679718590384147
2005-04-06,-0.6495875702231482
2005-04-07,-0.6383556536909927
2005-04-08,-0.6332480201538939
2005-04-11,-0.6327740284998742
2005-04-12,-0.6353210921082417
2005-04-13,-0.6394484309546282
2005-04-14,-0.6440645831658685
2005-04-15,-0.6484713453023139
2005-04-18,-0.6523084557309062
2005-04-19,-0.6554545481378711
2005-04-20,-0.657929547719671
2005-04-21,-0.6598207811157744
2005-04-22,-0.6612363987486167
2005-04-25,-0.6622805331630676
2005-04-26,-0.6630426283743556
2005-04-27,-0.6635947207324919
2005-04-28,-0.6639925504515962
2005-04-29,-0.6642781331070768
2005-05-02,-0.6644825847958984
2005-05-03,-0.5495143833044172
2005-05-04,-0.15316331522875354
2005-05-05,0.10964024101092965
2005-05-06,0.2877250332734632
2005-05-09,0.4101849168665339
2005-05-10,0.49524571290899133
2005-05-11,0.5547425091297444
2005-05-12,0.5965614722727789
2005-05-13,0.6260558032603527
2005-05-16,0.6469079585685062
2005-05-17,0.661675334090417
2005-05-18,0.672146126807943
2005-05-19,0.6795767831643571
2005-05-20,0.6848531902672781
2005-05-23,0.6886015089334265
2005-05-24,0.6912651003820691
2005-05-25,0.6931582858003305
2005-05-26,0.6945041021692215
2005-05-27,0.6954609131962379
2005-05-30,0.696141213173308
2005-05-31,0.6966249385339878
2005-06-01,-0.37278875393676386
2005-06-02,-0.4121022293498847
2005-06-03,-0.45160867988454245
2005-06-06,-0.48948414430845055
2005-06-07,-0.5241265928387583
2005-06-08,-0.5544140536975792
2005-06-09,-0.5798222838123235
2005-06-10,-0.6003808153654433
2005-06-13,-0.6165188671835719
2005-06-14,-0.6288805070804562
2005-06-15,-0.6381694509472049
2005-06-16,-0.6450477659535293
2005-06-17,-0.6500852575773917
2005-06-20,-0.6537446466794363
2005-06-21,-0.6563871408352548
2005-06-22,-0.658287082186124
2005-06-23,-0.659648871754041
2005-06-24,-0.660622750695075
2005-06-27,-0.6613180974395002
2005-06-28,-0.6618140023778628
2005-06-29,-0.6621673798760939
2005-06-30,-0.6624190461939282
2005-07-01,-0.6704603680344179
2005-07-04,-0.6685142194650744
2005-07-05,-0.667119525923912
2005-07-06,-0.6661222274800064
2005-07-07,-0.6654102167770635
2005-07-08,-0.6649024569497911
2005-07-11,-0.6645406467940709
2005-07-12,-0.6642829826070642
2005-07-13,-0.6640995612543111
2005-07-14,-0.6639690285453133
2005-07-15,-0.6638761535386537
2005-07-18,-0.6638100820102009
2005-07-19,-0.6637630834766834
2005-07-20,-0.6637296545938955
2005-07-21,-0.663705878726333
2005-07-22,-0.6636889690812455
2005-07-25,-0.6636769430880438
2005-07-26,-0.6636683904690653
2005-07-27,-0.6636623081191888
2005-07-28,-0.6636579825876883
2005-07-29,-0.6636549064584517
2005-08-01,-0.6636527188602641
2005-08-02,-0.5465846362846412
2005-08-03,-0.22913865090441982
2005-08-04,0.0039166985453231214
2005-08-05,0.17415119612133237
2005-08-08,0.2978194274825682
2005-08-09,0.387216510799496
2005-08-10,0.45157629650427694
2005-08-11,0.4977623827493205
2005-08-12,0.5308256388668955
2005-08-15,0.5544515227364004
2005-08-16,0.5713111620655992
2005-08-17,0.5833306144333268
2005-08-18,0.5918933925654173
2005-08-19,0.5979905058583324
2005-08-22,0.6023303664500824
2005-08-23,0.6054186291153241
2005-08-24,0.6076158410320516
2005-08-25,0.6091788881677638
2005-08-26,0.6102906996802124
2005-08-29,0.611081489430342
2005-08-30,0.6116439215178772
2005-08-31,0.6120439255236467
2005-09-01,-0.48868625697773294
2005-09-02,-0.47209346610533276
2005-09-05,-0.4637610835701208
2005-09-06,-0.4636378280089344
2005-09-07,-0.4710939883994878
2005-09-08,-0.4849637244069116
2005-09-09,-0.5036283859822979
2005-09-12,-0.525177601704194
2005-09-13,-0.54765403407356
2005-09-14,-0.5693317828511294
2005-09-15,-0.5889392767009463
2005-09-16,-0.6057534198819068
2005-09-19,-0.619554367352657
2005-09-20,-0.6304901802730654
2005-09-21,-0.6389193266267592
2005-09-22,-0.645279782880773
2005-09-23,-0.6500029467758259
2005-09-26,-0.6534687681398523
2005-09-27,-0.655989814384049
2005-09-28,-0.6578119880313966
2005-09-29,-0.6591229740991915
2005-09-30,-0.6600630568110357
2005-10-03,-0.532914226084824
2005-10-04,-0.1613023315401485
2005-10-05,0.09248546175470833
2005-10-06,0.26794043250170896
2005-10-07,0.3902663038637928
2005-10-10,0.47605174237350734
2005-10-11,0.5364588910619106
2005-10-12,0.5791182584134801
2005-10-13,0.609305490537005
2005-10-14,0.6306977400914456
2005-10-17,0.6458728484409939
2005-10-18,0.6566454528121626
2005-10-19,0.664296698759482
2005-10-20,0.669732976639921
2005-10-21,0.6735964987689305
2005-10-24,0.6763427795847315
2005-10-25,0.6782951543706303
2005-10-26,0.6796832575545535
2005-10-27,0.6806702389614003
2005-10-28,0.6813720441432614
2005-10-31,0.6818710879379493
2005-11-01,-0.5095402556632878
2005-11-02,-0.527671675024784
2005-11-03,-0.5468705872573456
2005-11-04,-0.5660983996163756
2005-11-07,-0.5843107065170019
2005-11-08,-0.6006701833304806
2005-11-09,-0.6146768388464835
2005-11-10,-0.626182008145698
2005-11-11,-0.6353130061155986
2005-11-14,-0.6423629314384888
2005-11-15,-0.6476906942348306
2005-11-16,-0.6516518979904893
2005-11-17,-0.6545614096123438
2005-11-18,-0.6566793452379869
2005-11-21,-0.6582109896426688
2005-11-22,-0.6593133902601861
2005-11-23,-0.660104129419744
2005-11-24,-0.6606699239012498
2005-11-25,-0.6610740520569967
2005-11-28,-0.6613623441483814
2005-11-29,-0.6615678177933402
2005-11-30,-0.6617141706870038
2005-12-01,-0.5447004370065393
2005-12-02,-0.26848109179468455
2005-12-05,-0.058797269171873515
2005-12-06,0.09922442538258155
2005-12-07,0.21714430231726467
2005-12-08,0.30426878896260634
2005-12-09,0.3680748737392855
2005-12-12,0.41446454127606047
2005-12-13,0.4479986817006718
2005-12-14,0.47213368702435443
2005-12-15,0.4894470603422414
2005-12-16,0.501836874847098
2005-12-19,0.51068764499011
2005-12-20,0.5170021893164309
2005-12-21,0.5215031265838979
2005-12-22,0.5247092248431429
2005-12-23,0.5269919057962145
2005-12-26,0.5286165819222411
2005-12-27,0.5297726506173346
2005-12-28,0.5305951315214578
2005-12-29,0.5311802109434165
2005-12-30,0.5315963763326242
2006-01-02,0.5318923752646245
2006-01-03,0.0642133093748587
2006-01-04,0.015165212773490405
2006-01-05,-0.03683328816914772
2006-01-06,-0.09003621982106627
2006-01-09,-0.1425632372584854
2006-01-10,-0.19256351774345665
2006-01-11,-0.2384045100384325
2006-01-12,-0.2788655825051134
2006-01-13,-0.31327716781176085
2006-01-16,-0.3415474154858658
2006-01-17,-0.3640677923177429
2006-01-18,-0.3815442157985437
2006-01-19,-0.3948195867279071
2006-01-20,-0.4047349596988095
2006-01-23,-0.4120452118512512
2006-01-24,-0.41738232888762533
2006-01-25,-0.4212507088152645
2006-01-26,-0.4240396559490522
2006-01-27,-0.426042610539117
2006-01-30,-0.4274770685542383
2006-01-31,-0.4285023221893913
2006-02-01,0.1653087697932834
2006-02-02,0.2523151143910515
2006-02-03,0.33180780705041624
2006-02-06,0.4033645334257683
2006-02-07,0.4662366810477432
2006-02-08,0.5198742596179277
2006-02-09,0.5642349254725436
2006-02-10,0.5998487736324035
2006-02-13,0.6276927484553567
2006-02-14,0.6489807118328283
2006-02-15,0.6649648836547531
2006-02-16,0.6767983345059932
2006-02-17,0.6854650763095891
2006-02-20,0.691761611812185
2006-02-21,0.6963090470542876
2006-02-22,0.6995790403558992
2006-02-23,0.7019230607415439
2006-02-24,0.7035995135700799
2006-02-27,0.7047965690987446
2006-02-28,0.7056503196318666
2006-03-01,0.7041218796775065
2006-03-02,0.7050866091127717
2006-03-03,0.7057907707309672
2006-03-06,0.7063007208842829
2006-03-07,0.7066680300536612
2006-03-08,0.7069316021211485
2006-03-09,0.7071202363988622
2006-03-10,0.7072549883721452
2006-03-13,0.707351123076942
2006-03-14,0.707419643873652
2006-03-15,0.7074684505437114
2006-03-16,0.707503198838588
2006-03-17,0.7075279299772064
2006-03-20,0.7075455275456557
2006-03-21,0.7075580470951578
2006-03-22,0.7075669529006839
2006-03-23,0.7075732875281999
2006-03-24,0.7075777930274112
2006-03-27,0.7075809974238391
2006-03-28,0.7075832763822294
2006-03-29,0.7075848971365664
2006-03-30,0.707586049770319
2006-03-31,0.7075868694812765
2006-04-03,0.10320541491881527
2006-04-04,-0.05357225738098949
2006-04-05,-0.18465181598968733
2006-04-06,-0.2925550657462474
2006-04-07,-0.37958193530244966
2006-04-10,-0.44824586178094883
2006-04-11,-0.501294566830778
2006-04-12,-0.5415249478975779
2006-04-13,-0.5715652641879205
2006-04-14,-0.5937205035033659
2006-04-17,-0.6099044219753882
2006-04-18,-0.6216409785419594
2006-04-19,-0.6301065337949628
2006-04-20,-0.6361885887099976
2006-04-21,-0.6405456509825095
2006-04-24,-0.6436604677430169
2006-04-25,-0.6458838814868775
2006-04-26,-0.6474692902746552
2006-04-27,-0.6485988996413001
2006-04-28,-0.6494033084374786
2006-05-01,-0.6499759135450667
2006-05-02,-0.7652612471528432
2006-05-03,-0.7396799083629528
2006-05-04,-0.7192232545804386
2006-05-05,-0.7036343994896165
2006-05-08,-0.6922162407794061
2006-05-09,-0.6840982022780879
2006-05-10,-0.6784394117080779
2006-05-11,-0.6745370828575834
2006-05-12,-0.6718558298173829
2006-05-15,-0.6700113925051057
2006-05-16,-0.6687376571901915
2006-05-17,-0.6678536606549731
2006-05-18,-0.6672370860160275
2006-05-19,-0.6668051210688883
2006-05-22,-0.6665013753261682
2006-05-23,-0.6662871665310055
2006-05-24,-0.6661357635185292
2006-05-25,-0.6660285722966207
2006-05-26,-0.6659525884842753
2006-05-29,-0.6658986777503001
2006-05-30,-0.66586040288042
2006-05-31,-0.6658332161410644
2006-06-01,-0.6546167587549336
2006-06-02,-0.6578298558700673
2006-06-05,-0.6600798459689015
2006-06-06,-0.6616625727393242
2006-06-07,-0.6627794738860797
2006-06-08,-0.6635694230536308
2006-06-09,-0.6641290173206682
2006-06-12,-0.6645258759113362
2006-06-13,-0.6648075485197844
2006-06-14,-0.6650075803891952
2006-06-15,-0.6651496915776162
2006-06-16,-0.6652506822608926
2006-06-19,-0.665322465398523
2006-06-20,-0.6653734954696109
2006-06-21,-0.6654097760659023
2006-06-22,-0.6654355721807365
2006-06-23,-0.6654539146028946
2006-06-26,-0.6654669575299312
2006-06-27,-0.6654762323356256
2006-06-28,-0.6654828277587694
2006-06-29,-0.6654875179036648
2006-06-30,-0.6654908531963122
2006-07-03,-0.6948522824868019
2006-07-04,-0.6870632976410275
2006-07-05,-0.6812830409864038
2006-07-06,-0.6770434057913243
2006-07-07,-0.6739604346105172
2006-07-10,-0.671732591640533
2006-07-11,-0.6701299858424339
2006-07-12,-0.6689809121285012
2006-07-13,-0.6681589546286559
2006-07-14,-0.667571977795154
2006-07-17,-0.6671533085033037
2006-07-18,-0.6668549425923682
2006-07-19,-0.6666424410474223
2006-07-20,-0.6664911594622644
2006-07-21,-0.6663834942166753
2006-07-24,-0.6663068870729307
2006-07-25,-0.6662523872761039
2006-07-26,-0.6662136193980168
2006-07-27,-0.6661860444499843
2006-07-28,-0.6661664319547403
2006-07-31,-0.6661524832603912
2006-08-01,-0.6043476270173751
2006-08-02,-0.6223170357656135
2006-08-03,-0.6342820912300468
2006-08-04,-0.6424132692004159
2006-08-07,-0.6480157041776273
2006-08-08,-0.6519125027096426
2006-08-09,-0.6546407829664751
2006-08-10,-0.6565597249709667
2006-08-11,-0.6579137727920032
2006-08-14,-0.6588713916626882
2006-08-15,-0.6595497336304009
2006-08-16,-0.6600307927085451
2006-08-17,-0.6603722199610175
2006-08-18,-0.6606146834435571
2006-08-21,-0.6607869380559406
2006-08-22,-0.660909349117401
2006-08-23,-0.6609963571788898
2006-08-24,-0.6610582102967303
2006-08-25,-0.6611021855833403
2006-08-28,-0.6611334526931631
2006-08-29,-0.6611556852563736
2006-08-30,-0.6611714943691999
2006-08-31,-0.6611827361977527
2006-09-01,-0.4331948632974195
2006-09-04,-0.07874106666614944
2006-09-05,0.16049439199142168
2006-09-06,0.32463076140291436
2006-09-07,0.4384847135225527
2006-09-08,0.5180534928311528
2006-09-11,0.5739499597946847
2006-09-12,0.6133586917343978
2006-09-13,0.6412134266131824
2006-09-14,0.6609367042345693
2006-09-15,0.6749198660332463
2006-09-18,0.6848422999577094
2006-09-19,0.6918876888536585
2006-09-20,0.6968924809383511
2006-09-21,0.7004488354915036
2006-09-22,0.7029765151702767
2006-09-25,0.7047733519701733
2006-09-26,0.7060508042992566
2006-09-27,0.7069590763233041
2006-09-28,0.7076048973383463
2006-09-29,0.7080641230363004
2006-10-02,0.7083906753996739
2006-10-03,0.5847536672068867
2006-10-04,0.6105706353607672
2006-10-05,0.6325238849330596
2006-10-06,0.6503945770005305
2006-10-09,0.6644565884866378
2006-10-10,0.6752355477367963
2006-10-11,0.6833348364558168
2006-10-12,0.6893302888522896
2006-10-13,0.6937195105084415
2006-10-16,0.6969068499075136
2006-10-17,0.6992077964306194
2006-10-18,0.7008617864163503
2006-10-19,0.7020470826960288
2006-10-20,0.7028946331707242
2006-10-23,0.7034997242141426
2006-10-24,0.7039312311000969
2006-10-25,0.7042387037796021
2006-10-26,0.7044576700251226
2006-10-27,0.7046135430838459
2006-10-30,0.7047244705537625
2006-10-31,0.7048033961005522
2006-11-01,0.7084173996115287
2006-11-02,0.7082212339924402
2006-11-03,0.7085066328935401
2006-11-06,0.7089464557848055
2006-11-07,0.7093880195317628
2006-11-08,0.7097707241409525
2006-11-09,0.710078991479505
2006-11-10,0.7103169937873834
2006-11-13,0.7104959384451461
2006-11-14,0.7106281660668083
2006-11-15,0.7107247396601601
2006-11-16,0.7107947118279745
2006-11-17,0.7108451302092614
2006-11-20,0.7108813190105041
2006-11-21,0.7109072238641315
2006-11-22,0.710925731783547
2006-11-23,0.7109389370506725
2006-11-24,0.7109483499042162
2006-11-27,0.7109550549366379
2006-11-28,0.7109598288164469
2006-11-29,0.7109632265842751
2006-11-30,0.7109656443294198
2006-12-01,0.3882395337160367
2006-12-04,0.14261736351605026
2006-12-05,-0.049604866096420314
2006-12-06,-0.19660798255082665
2006-12-07,-0.3069857109394507
2006-12-08,-0.38869312839198367
2006-12-11,-0.4485284772635426
2006-12-12,-0.49199557904630153
2006-12-13,-0.5233855503430378
2006-12-14,-0.5459562326830971
2006-12-15,-0.562134774785538
2006-12-18,-0.5737053456261099
2006-12-19,-0.5819670029056205
2006-12-20,-0.5878591860912508
2006-12-21,-0.5920579904895122
2006-12-22,-0.5950483155163522
2006-12-25,-0.5971770827903423
2006-12-26,-0.5986920653560233
2006-12-27,-0.5997700045911512
2006-12-28,-0.6005368624425185
2006-12-29,-0.601082354525823
2007-01-01,-0.6014703517276476
2007-01-02,-0.009812247244520754
2007-01-03,0.09841013272327276
2007-01-04,0.19610630229401782
2007-01-05,0.28479276833189215
2007-01-08,0.36454987965416036
2007-01-09,0.43484427126306247
2007-01-10,0.4951529065796211
2007-01-11,0.545372461846827
2007-01-12,0.5859715112880329
2007-01-15,0.617916821041134
2007-01-16,0.6424747217696585
2007-01-17,0.6609966769554221
2007-01-18,0.6747570538452161
2007-01-19,0.684862078419181
2007-01-22,0.6922182797100109
2007-01-23,0.697538881979791
2007-01-24,0.70136898266469
2007-01-25,0.7041166532416768
2007-01-26,0.7060829074573431
2007-01-29,0.707487461916672
2007-01-30,0.708489493174608
2007-01-31,0.7092037036092798
2007-02-01,0.3236540446769039
2007-02-02,0.07961410561572672
2007-02-05,-0.10765048769575683
2007-02-06,-0.24914666214533057
2007-02-07,-0.35460785110038345
2007-02-08,-0.43232078150003406
2007-02-09,-0.4890689257885804
2007-02-12,-0.530218661790322
2007-02-13,-0.5599002455574678
2007-02-14,-0.5812259928961938
2007-02-15,-0.5965042313325216
2007-02-16,-0.6074270638564399
2007-02-19,-0.6152243271679394
2007-02-20,-0.620784369830786
2007-02-21,-0.6247460230738192
2007-02-22,-0.6275672198407264
2007-02-23,-0.6295754705458999
2007-02-26,-0.6310046262719036
2007-02-27,-0.6320214685280466
2007-02-28,-0.6327448464280736
2007-03-01,-0.10721839705650928
2007-03-02,0.03186561842909634
2007-03-05,0.1534200038403817
2007-03-06,0.25989107137787076
2007-03-07,0.3521132450923806
2007-03-08,0.43039340877887394
2007-03-09,0.49518752330737925
2007-03-12,0.5474138641926942
2007-03-13,0.588460647406653
2007-03-14,0.6200095891316829
2007-03-15,0.6438107881063045
2007-03-16,0.6615008737913097
2007-03-19,0.67449745763893
2007-03-20,0.6839623260329537
2007-03-21,0.6908102592420109
2007-03-22,0.6957410447518169
2007-03-23,0.6992789944002564
2007-03-26,0.7018111290742801
2007-03-27,0.7036200924617915
2007-03-28,0.704910730483468
2007-03-29,0.7058306979367197
2007-03-30,0.7064860127455644
2007-04-02,0.7069525864592667
2007-04-03,0.6415002378235038
2007-04-04,0.6535590087154268
2007-04-05,0.6655288833597603
2007-04-06,0.6762149035704819
2007-04-09,0.6851396269451118
2007-04-10,0.6922606148321736
2007-04-11,0.6977612026206017
2007-04-12,0.701912265725593
2007-04-13,0.7049927175973948
2007-04-16,0.7072511898144098
2007-04-17,0.7088926795362734
2007-04-18,0.710078320306278
2007-04-19,0.7109308896969029
2007-04-20,0.7115420025304935
2007-04-23,0.7119790461422848
2007-04-24,0.7122910956972747
2007-04-25,0.7125136420054127
2007-04-26,0.7126722261588503
2007-04-27,0.712785165372597
2007-04-30,0.7128655640085688
2007-05-01,0.721860714009084
2007-05-02,0.7195153608033704
2007-05-03,0.7178316677701124
2007-05-04,0.7166262297850241
2007-05-07,0.7157648641175957
2007-05-08,0.7151502101038224
2007-05-09,0.7147120365198714
2007-05-10,0.7143998911992813
2007-05-11,0.7141776368122692
2007-05-14,0.7140194430787312
2007-05-15,0.713906874237929
2007-05-16,0.7138267859830786
2007-05-17,0.7137698136801225
2007-05-18,0.7137292890459055
2007-05-21,0.71370046557657
2007-05-22,0.7136799656001509
2007-05-23,0.7136653859797949
2007-05-24,0.7136550171694291
2007-05-25,0.713647643147266
2007-05-28,0.7136423990007357
2007-05-29,0.7136386695785386
2007-05-30,0.7136360173820758
2007-05-31,0.7136341312678638
2007-06-01,0.1515732067857148
2007-06-04,-0.042563139533123046
2007-06-05,-0.19589102279217918
2007-06-06,-0.31514738072820686
2007-06-07,-0.4063863628984693
2007-06-08,-0.47511689041642813
2007-06-11,-0.5262024218940048
2007-06-12,-0.5637589561191967
2007-06-13,-0.5911324689153554
2007-06-14,-0.6109530092425035
2007-06-15,-0.6252340173907948
2007-06-18,-0.6354863338049381
2007-06-19,-0.642826929624055
2007-06-20,-0.6480726421807064
2007-06-21,-0.651816117863177
2007-06-22,-0.6544848983349633
2007-06-25,-0.6563861555502558
2007-06-26,-0.6577399337233928
2007-06-27,-0.6587035323100028
2007-06-28,-0.6593892291906116
2007-06-29,-0.6598770810436823
2007-07-02,-0.6602241267015838
2007-07-03,-0.7406374434803482
2007-07-04,-0.7212948997102353
2007-07-05,-0.7064046771514537
2007-07-06,-0.6952422923851793
2007-07-09,-0.6870328197647476
2007-07-10,-0.6810728333286381
2007-07-11,-0.676781864374229
2007-07-12,-0.6737083212865453
2007-07-13,-0.6715134894993866
2007-07-16,-0.6699489115392974
2007-07-17,-0.6688347305627573
2007-07-18,-0.6680417442906745
2007-07-19,-0.667477543400607
2007-07-20,-0.6670761964123548
2007-07-23,-0.6667907279339209
2007-07-24,-0.6665876945629754
2007-07-25,-0.6664432973185772
2007-07-26,-0.66634060471627
2007-07-27,-0.6662675728904837
2007-07-30,-0.6662156354708307
2007-07-31,-0.6661786998532361
2007-08-01,-0.5832122595563787
2007-08-02,-0.6027853361593299
2007-08-03,-0.6159722909538379
2007-08-06,-0.6250046730114249
2007-08-07,-0.6312615640701449
2007-08-08,-0.6356297554118338
2007-08-09,-0.6386959948878976
2007-08-10,-0.6408565559640877
2007-08-13,-0.642383043298772
2007-08-14,-0.6434635897403852
2007-08-15,-0.6442294975015456
2007-08-16,-0.6447729011024318
2007-08-17,-0.6451587004902244
2007-08-20,-0.6454327370714481
2007-08-21,-0.645627453802188
2007-08-22,-0.6457658432433773
2007-08-23,-0.6458642165422127
2007-08-24,-0.6459341531457957
2007-08-27,-0.6459838775438107
2007-08-28,-0.6460192333977484
2007-08-29,-0.6460443737977785
2007-08-30,-0.6460622508778939
2007-08-31,-0.6460749633678884
2007-09-03,-0.21990888507639936
2007-09-04,0.03644804083838579
2007-09-05,0.22381764427437822
2007-09-06,0.3602951740528799
2007-09-07,0.45925724358107023
2007-09-10,0.5307061558539361
2007-09-11,0.5821010151485237
2007-09-12,0.6189616440247683
2007-09-13,0.6453383551956526
2007-09-14,0.6641808920833274
2007-09-17,0.6776243975382543
2007-09-18,0.6872070883032292
2007-09-19,0.6940332097426796
2007-09-20,0.6988933945448634
2007-09-21,0.7023526485416409
2007-09-24,0.7048141800391718
2007-09-25,0.7065654459722898
2007-09-26,0.7078112347224592
2007-09-27,0.7086973657354327
2007-09-28,0.7093276316910997
2007-10-01,0.7097758918055218
2007-10-02,0.45715994732952014
2007-10-03,0.2333430077439399
2007-10-04,0.05111640970043487
2007-10-05,-0.0924984281697747
2007-10-08,-0.20278594439313113
2007-10-09,-0.2857944575967984
2007-10-10,-0.34732567303025474
2007-10-11,-0.39242061504335346
2007-10-12,-0.42519404675700356
2007-10-15,-0.44886753603305907
2007-10-16,-0.46589228055156806
2007-10-17,-0.4780966122405264
2007-10-18,-0.486825385056438
2007-10-19,-0.4930581474291606
2007-10-22,-0.4975034293428958
2007-10-23,-0.500671209890293
2007-10-24,-0.5029272775379013
2007-10-25,-0.5045333488299829
2007-10-26,-0.5056763489450624
2007-10-29,-0.5064896181189255
2007-10-30,-0.5070681880683064
2007-10-31,-0.5074797452077815
2007-11-01,-0.15281223741445804
2007-11-02,0.08981340347670574
2007-11-05,0.25590361150170826
2007-11-06,0.37091186159654027
2007-11-07,0.4511819010421811
2007-11-08,0.5075164935695938
2007-11-09,0.547206172185857
2007-11-12,0.5752452254984703
2007-11-13,0.5950917604033661
2007-11-14,0.6091586241409339
2007-11-15,0.6191385848658796
2007-11-16,0.6262238739529575
2007-11-19,0.6312565303873883
2007-11-20,0.6348324424327367
2007-11-21,0.6373738998155916
2007-11-22,0.6391804685651032
2007-11-23,0.6404648083469691
2007-11-26,0.6413779614700685
2007-11-27,0.6420272451178446
2007-11-28,0.6424889289321337
2007-11-29,0.642817227188698
2007-11-30,0.6430506817028289
2007-12-03,0.0857694428194847
2007-12-04,0.06464060335485101
2007-12-05,0.040789733688034895
2007-12-06,0.014709665651792075
2007-12-07,-0.01297031071809213
2007-12-10,-0.041536116735790045
2007-12-11,-0.07021634678827719
2007-12-12,-0.09819857566995278
2007-12-13,-0.12466459416128559
2007-12-14,-0.1488641789649279
2007-12-17,-0.17021501227741653
2007-12-18,-0.18838789968940625
2007-12-19,-0.2033366244687998
2007-12-20,-0.2152611761030181
2007-12-21,-0.22452645513100977
2007-12-24,-0.23157184497578764
2007-12-25,-0.23683841341765943
2007-12-26,-0.24072374754894232
2007-12-27,-0.24356174032467448
2007-12-28,-0.2456194682851892
2007-12-31,-0.2471033932855241
2008-01-01,0.24047101473348076
2008-01-02,0.2695946265826663
2008-01-03,0.30384668833422757
2008-01-04,0.3425355926460818
2008-01-07,0.3846320484452435
2008-01-08,0.4287029382528573
2008-01-09,0.47297624261508786
2008-01-10,0.5155485591763391
2008-01-11,0.5546867766226262
2008-01-14,0.5891158517061966
2008-01-15,0.6181806783534521
2008-01-16,0.641835229935845
2008-01-17,0.6604972728038485
2008-01-18,0.6748514526132725
2008-01-21,0.6856729277997227
2008-01-22,0.6937061749648243
2008-01-23,0.6996006111367225
2008-01-24,0.7038884930207271
2008-01-25,0.7069879963471176
2008-01-28,0.7092181795452935
2008-01-29,0.7108175275253148
2008-01-30,0.7119617359235677
2008-01-31,0.712778922803153
2008-02-01,0.2280635818582159
2008-02-04,0.005032714911119583
2008-02-05,-0.16666330841323168
2008-02-06,-0.297359258048363
2008-02-07,-0.39559522895697863
2008-02-08,-0.468556599241868
2008-02-11,-0.5221923309246939
2008-02-12,-0.5612939679023123
2008-02-13,-0.5896150742863767
2008-02-14,-0.6100267892854142
2008-02-15,-0.6246839430028841
2008-02-18,-0.6351804342674776
2008-02-19,-0.642682530084324
2008-02-20,-0.6480368210350009
2008-02-21,-0.6518542921593026
2008-02-22,-0.6545740484145828
2008-02-25,-0.6565107181571642
2008-02-26,-0.6578892533337963
2008-02-27,-0.6588702412398056
2008-02-28,-0.6595681946537781
2008-02-29,-0.6600647070424944
2008-03-03,-0.6497142678142297
2008-03-04,-0.652551594303495
2008-03-05,-0.6545582173670407
2008-03-06,-0.6559796444503437
2008-03-07,-0.6569876860980031
2008-03-10,-0.6577031410453416
2008-03-11,-0.6582112231169639
2008-03-12,-0.6585721847982448
2008-03-13,-0.6588286999187585
2008-03-14,-0.6590110279058493
2008-03-17,-0.6591406432955005
2008-03-18,-0.6592327952335131
2008-03-19,-0.6592983167780085
2008-03-20,-0.6593449060955638
2008-03-21,-0.6593780348125923
2008-03-24,-0.6594015925889363
2008-03-25,-0.6594183447979595
2008-03-26,-0.659430257647051
2008-03-27,-0.6594387292052568
2008-03-28,-0.6594447536062945
2008-03-31,-0.6594490377746045
2008-04-01,-0.7035920573259431
2008-04-02,-0.6928374729069067
2008-04-03,-0.6849110684673264
2008-04-04,-0.6791321906250082
2008-04-07,-0.6749508950843888
2008-04-08,-0.6719414198652289
2008-04-09,-0.6697832283665026
2008-04-10,-0.6682394120621147
2008-04-11,-0.6671370046062111
2008-04-14,-0.6663507567827609
2008-04-15,-0.6657904752481185
2008-04-16,-0.6653914568918686
2008-04-17,-0.6651074060960569
2008-04-18,-0.6649052580388309
2008-04-21,-0.6647614273903599
2008-04-22,-0.6646591055533664
2008-04-23,-0.6645863210154745
2008-04-24,-0.6645345511288727
2008-04-25,-0.6644977304269475
2008-04-28,-0.6644715431461438
2008-04-29,-0.6644529189723632
2008-04-30,-0.6644396738709858
2008-05-01,-0.4218605713413688
2008-05-02,-0.07340209469841064
2008-05-05,0.16366850768517652
2008-05-06,0.3272971085706361
2008-05-07,0.441300359145051
2008-05-08,0.5212292148475297
2008-05-09,0.5775086169511988
2008-05-12,0.6172532755804356
2008-05-13,0.6453788685304837
2008-05-14,0.6653108588958766
2008-05-15,0.6794505584748625
2008-05-16,0.6894884068878828
2008-05-19,0.6966179389792647
2008-05-20,0.701683613061102
2008-05-21,0.7052837910640819
2008-05-22,0.7078429021862542
2008-05-23,0.7096622260721913
2008-05-26,0.710955738113263
2008-05-27,0.7118754653675268
2008-05-28,0.7125294501278411
2008-05-29,0.712994490237427
2008-05-30,0.7133251819420231
2008-06-02,0.7135603418998536
2008-06-03,0.3951609033081547
2008-06-04,0.2741416829979004
2008-06-05,0.15964568637467627
2008-06-06,0.05701291043019674
2008-06-09,-0.030627715246613646
2008-06-10,-0.10241648403907219
2008-06-11,-0.15924225267970488
2008-06-12,-0.20301691876448263
2008-06-13,-0.23603637937692162
2008-06-16,-0.2605501473950587
2008-06-17,-0.27853515278634694
2008-06-18,-0.2916159324531227
2008-06-19,-0.3010697154957739
2008-06-20,-0.3078709447602658
2008-06-23,-0.3127477606736695
2008-06-24,-0.3162364103158526
2008-06-25,-0.31872780607288986
2008-06-26,-0.32050486813893114
2008-06-27,-0.32177131676969434
2008-06-30,-0.32267331430491186
2008-07-01,0.43184708185308124
2008-07-02,0.4631581991255263
2008-07-03,0.496884709016026
2008-07-04,0.5311699850625391
2008-07-07,0.5641434761272566
2008-07-08,0.5942363622766516
2008-07-09,0.6204104887092081
2008-07-10,0.6422279481083131
2008-07-11,0.6597675452777361
2008-07-14,0.673455781641882
2008-07-15,0.6838895525262575
2008-07-16,0.6916990251855969
2008-07-17,0.6974641905031881
2008-07-18,0.7016767020255994
2008-07-21,0.7047315514742356
2008-07-22,0.7069347214748598
2008-07-23,0.7085173394628783
2008-07-24,0.7096509352345145
2008-07-25,0.7104612359762338
2008-07-28,0.7110395907228326
2008-07-29,0.7114519589286229
2008-07-30,0.7117457576072495
2008-07-31,0.7119549673867929
2008-08-01,0.5944451529893188
2008-08-04,0.5830611371450876
2008-08-05,0.5750284733188671
2008-08-06,0.5694053398707847
2008-08-07,0.5654807893146543
2008-08-08,0.5627410136598507
2008-08-11,0.5608244008955059
2008-08-12,0.5594799126113109
2008-08-13,0.558534112661301
2008-08-14,0.5578671091516685
2008-08-15,0.5573957459597361
2008-08-18,0.5570620950908376
2008-08-19,0.5568256278893696
2008-08-20,0.5566578807514673
2008-08-21,0.556538800910592
2008-08-22,0.5564542264189505
2008-08-25,0.5563941369455975
2008-08-26,0.5563514326963699
2008-08-27,0.5563210780366541
2008-08-28,0.5562994987026221
2008-08-29,0.5562841563337264
2008-09-01,0.5562732475441383
2008-09-02,0.4465024667232227
2008-09-03,0.4612107273096815
2008-09-04,0.4834866489090777
2008-09-05,0.5107406004485892
2008-09-08,0.5404655189026445
2008-09-09,0.5703359482111683
2008-09-10,0.5984218933305853
2008-09-11,0.6233788479413314
2008-09-12,0.6445136422969465
2008-09-15,0.6617068419013732
2008-09-16,0.6752441500142394
2008-09-17,0.6856310938879442
2008-09-18,0.6934434085687062
2008-09-19,0.6992312363490583
2008-09-22,0.7034712655424562
2008-09-23,0.7065518289621755
2008-09-24,0.7087765384665773
2008-09-25,0.7103761742110443
2008-09-26,0.7115227522339462
2008-09-29,0.712342737873331
2008-09-30,0.7129282116445099
2008-10-01,0.6782689861188157
2008-10-02,0.6870322641384174
2008-10-03,0.6934925737046613
2008-10-06,0.6982044075869085
2008-10-07,0.7016155587586895
2008-10-08,0.7040722448101047
2008-10-09,0.7058350421558202
2008-10-10,0.707096653538447
2008-10-13,0.7079979090800337
2008-10-14,0.7086408955726937
2008-10-15,0.709099197838245
2008-10-16,0.7094256467863232
2008-10-17,0.7096580673984542
2008-10-20,0.7098234877958188
2008-10-21,0.7099411942907088
2008-10-22,0.7100249353642287
2008-10-23,0.7100845049419459
2008-10-24,0.7101268764061698
2008-10-27,0.7101570131328184
2008-10-28,0.7101784469712312
2008-10-29,0.7101936906751196
2008-10-30,0.7102045317309781
2008-10-31,0.7102122415808853
2008-11-03,-0.1242824414377279
2008-11-04,-0.24009659321736193
2008-11-05,-0.33834130254854167
2008-11-06,-0.4184542829473975
2008-11-07,-0.48168182422492767
2008-11-10,-0.5302955646956236
2008-11-11,-0.5669209693584585
2008-11-12,-0.5940909837567657
2008-11-13,-0.6140150217383212
2008-11-14,-0.6285014812653716
2008-11-17,-0.6389689890578882
2008-11-18,-0.6464984569276868
2008-11-19,-0.6518969438192451
2008-11-20,-0.6557585219523854
2008-11-21,-0.658516118164392
2008-11-24,-0.6604829940364373
2008-11-25,-0.6618846854411966
2008-11-26,-0.662882990983231
2008-11-27,-0.6635936907836588
2008-11-28,-0.6640994860714347
2008-12-01,-0.6644593745082694
2008-12-02,-0.42898175771489877
2008-12-03,-0.4600426452293471
2008-12-04,-0.4926073128704701
2008-12-05,-0.5242395364293195
2008-12-08,-0.5531570684807113
2008-12-09,-0.5782698675528467
2008-12-10,-0.599148039376437
2008-12-11,-0.6158871031762178
2008-12-12,-0.6289191558963437
2008-12-15,-0.638833077460879
2008-12-16,-0.6462418981410589
2008-12-17,-0.6517047954486097
2008-12-18,-0.6556929028105951
2008-12-19,-0.6585831278695097
2008-12-22,-0.6606665770846091
2008-12-23,-0.6621626791878642
2008-12-24,-0.6632340393755147
2008-12-25,-0.6639997173282349
2008-12-26,-0.6645461527350367
2008-12-29,-0.6649357268943991
2008-12-30,-0.665213267534255
2008-12-31,-0.6654108910463801
2009-01-01,-0.7910701029215332
2009-01-02,-0.7636929415159722
2009-01-05,-0.7405636922894141
2009-01-06,-0.7218795739882207
2009-01-07,-0.7073321034073422
2009-01-08,-0.6963244523975464
2009-01-09,-0.688167835410435
2009-01-12,-0.6822111663298156
2009-01-13,-0.6779030083390355
2009-01-14,-0.6748064770147977
2009-01-15,-0.672589516133167
2009-01-16,-0.6710061507234344
2009-01-19,-0.669877019480988
2009-01-20,-0.6690725802342179
2009-01-21,-0.6684998130511073
2009-01-22,-0.6680921587094544
2009-01-23,-0.6678020949914792
2009-01-26,-0.6675957379144859
2009-01-27,-0.6674489486943265
2009-01-28,-0.6673445406804145
2009-01-29,-0.6672702816673197
2009-01-30,-0.6672174678526028
2009-02-02,-0.6671799071248149
2009-02-03,-0.5975609409034977
2009-02-04,-0.6199554124208396
2009-02-05,-0.6344500157275905
2009-02-06,-0.6441161704194008
2009-02-09,-0.6506914404444192
2009-02-10,-0.6552247211370205
2009-02-11,-0.6583792075975191
2009-02-12,-0.6605884119906176
2009-02-13,-0.662142572738354
2009-02-16,-0.6632393761945092
2009-02-17,-0.6640151409692314
2009-02-18,-0.6645647020817906
2009-02-19,-0.6649544527438924
2009-02-20,-0.6652310842139719
2009-02-23,-0.6654275379694274
2009-02-24,-0.6655671080634
2009-02-25,-0.6656662934085714
2009-02-26,-0.6657367935723861
2009-02-27,-0.6657869117095858
2009-03-02,-0.665822544014485
2009-03-03,-0.6132053328264067
2009-03-04,-0.6286277020416147
2009-03-05,-0.6389499321208414
2009-03-06,-0.6459890145624987
2009-03-09,-0.6508504740279515
2009-03-10,-0.6542374191898244
2009-03-11,-0.6566114401861906
2009-03-12,-0.6582825495407679
2009-03-13,-0.6594623857246773
2009-03-16,-0.6602971295530329
2009-03-17,-0.6608885978944095
2009-03-18,-0.6613081326071675
2009-03-19,-0.6616059356644328
2009-03-20,-0.6618174408181354
2009-03-23,-0.661967712267711
2009-03-24,-0.6620745066250225
2009-03-25,-0.6621504172889212
2009-03-26,-0.662204382765951
2009-03-27,-0.6622427509295895
2009-03-30,-0.6622700316414425
2009-03-31,-0.6622894298441923
2009-04-01,-0.7757681699908878
2009-04-02,-0.7504066243515635
2009-04-03,-0.7295692978565405
2009-04-06,-0.713117680257152
2009-04-07,-0.7005332375716136
2009-04-08,-0.6911328356026664
2009-04-09,-0.6842285143606628
2009-04-10,-0.6792153602023259
2009-04-13,-0.6756026229471989
2009-04-14,-0.67301157317294
2009-04-15,-0.6711588968125268
2009-04-16,-0.6698367017457912
2009-04-17,-0.6688942322603981
2009-04-20,-0.6682229532608268
2009-04-21,-0.6677450718419353
2009-04-22,-0.667404982821833
2009-04-23,-0.6671630092202745
2009-04-24,-0.6669908709935175
2009-04-27,-0.6668684259391578
2009-04-28,-0.666781334859529
2009-04-29,-0.6667193930185537
2009-04-30,-0.6666753396510328
2009-05-01,-0.5707718943372682
2009-05-04,-0.5078182583648942
2009-05-05,-0.4621565041444434
2009-05-06,-0.428855765288001
2009-05-07,-0.4045748700303399
2009-05-08,-0.38692192661635605
2009-05-11,-0.3741368563046847
2009-05-12,-0.3649126677691195
2009-05-13,-0.3582799564858636
2009-05-14,-0.35352381907422276
2009-05-15,-0.35012070636401615
2009-05-18,-0.34768972733283215
2009-05-19,-0.345955320741497
2009-05-20,-0.3447190123434279
2009-05-21,-0.34383833701802274
2009-05-22,-0.3432112940677707
2009-05-25,-0.34276499153795326
2009-05-26,-0.34244741073662704
2009-05-27,-0.34222146588427593
2009-05-28,-0.34206073627335176
2009-05-29,-0.3419464088894403
2009-06-01,-0.34186509274231286
2009-06-02,-0.08281737408468648
2009-06-03,-0.11655211899541489
2009-06-04,-0.1523169258808052
2009-06-05,-0.19048237407440927
2009-06-08,-0.23113476314086331
2009-06-09,-0.27399360084320284
2009-06-10,-0.31834738531247586
2009-06-11,-0.36305411229136964
2009-06-12,-0.4066502504001018
2009-06-15,-0.44757641809680515
2009-06-16,-0.4844657974040595
2009-06-17,-0.5163927277976897
2009-06-18,-0.542989186788402
2009-06-19,-0.5644047941753795
2009-06-22,-0.5811589122328644
2009-06-23,-0.5939622268898972
2009-06-24,-0.6035671868425075
2009-06-25,-0.610671261081617
2009-06-26,-0.6158698423026372
2009-06-29,-0.6196440730338724
2009-06-30,-0.6223683833557059
2009-07-01,-0.24559851147580508
2009-07-02,0.029196211546939875
2009-07-03,0.22343264925397488
2009-07-06,0.3610371760799319
2009-07-07,0.4586534107447277
2009-07-08,0.5279600235590194
2009-07-09,0.5771932690985383
2009-07-10,0.6121791658907032
2009-07-13,0.6370464238306978
2009-07-14,0.6547243244734771
2009-07-15,0.667292725254933
2009-07-16,0.6762291040941113
2009-07-17,0.6825833729866952
2009-07-20,0.6871017800987802
2009-07-21,0.6903148207263519
2009-07-22,0.6925996560465745
2009-07-23,0.6942244531206102
2009-07-24,0.6953798927967889
2009-07-27,0.6962015642665329
2009-07-28,0.6967858847540324
2009-07-29,0.6972014176616665
2009-07-30,0.6974969198685204
2009-07-31,0.6977070637465556
2009-08-03,-0.05408682806361309
2009-08-04,-0.1682610304698007
2009-08-05,-0.2677857894756866
2009-08-06,-0.35296276029311413
2009-08-07,-0.4241299919209299
2009-08-10,-0.48204576275154193
2009-08-11,-0.5279746205567379
2009-08-12,-0.5635543987761774
2009-08-13,-0.5905721423733015
2009-08-14,-0.6107575378235677
2009-08-17,-0.6256470808682378
2009-08-18,-0.6365234805964239
2009-08-19,-0.6444104418266658
2009-08-20,-0.6500987782640129
2009-08-21,-0.65418520586963
2009-08-24,-0.6571124366400204
2009-08-25,-0.6592049675358711
2009-08-26,-0.660698592449356
2009-08-27,-0.6617635910635826
2009-08-28,-0.6625223890555975
2009-08-31,-0.6630627295398517
2009-09-01,-0.5765210094022157
2009-09-02,-0.3456091767981625
2009-09-03,-0.1545736989540073
2009-09-04,-0.0014300137666076874
2009-09-07,0.11807424522244411
2009-09-08,0.20927834474911142
2009-09-09,0.2776593171576892
2009-09-10,0.3282260723498877
2009-09-11,0.36522948474288935
2009-09-14,0.3920963900213554
2009-09-15,0.4114912501382253
2009-09-16,0.4254332756757235
2009-09-17,0.4354249706383556
2009-09-18,0.44256987979493484
2009-09-21,0.44767102835374617
2009-09-22,0.45130890355437725
2009-09-23,0.4539011507256497
2009-09-24,0.45574724714005055
2009-09-25,0.457061423518854
2009-09-28,0.45799666902955094
2009-09-29,0.45866210605503227
2009-09-30,0.459135501168379
2009-10-01,-0.8281037862788225
2009-10-02,-0.8128602908836441
2009-10-05,-0.7955585971691382
2009-10-06,-0.7769237206249426
2009-10-07,-0.7579525746908816
2009-10-08,-0.7397152614463317
2009-10-09,-0.7231245525402773
2009-10-12,-0.7087724739022647
2009-10-13,-0.6968876003528645
2009-10-14,-0.6873967387068668
2009-10-15,-0.6800350459699444
2009-10-16,-0.6744527403613775
2009-10-19,-0.6702920048362468
2009-10-20,-0.6672304684813777
2009-10-21,-0.6649990015255811
2009-10-22,-0.663383765951594
2009-10-23,-0.6622204342817601
2009-10-26,-0.6613855973491087
2009-10-27,-0.6607880493458943
2009-10-28,-0.6603611386814392
2009-10-29,-0.6600565424380891
2009-10-30,-0.6598394220747548
2009-11-02,-0.6596847602285096
2009-11-03,-0.5637128595791705
2009-11-04,-0.3478923358467034
2009-11-05,-0.17169985062792265
2009-11-06,-0.031015096837131655
2009-11-09,0.07890204609771176
2009-11-10,0.16309394247163944
2009-11-11,0.22649046652054758
2009-11-12,0.27356432307067546
2009-11-13,0.3081331238053837
2009-11-16,0.33330352668987273
2009-11-17,0.3515135899197587
2009-11-18,0.3646255938473585
2009-11-19,0.37403397313002773
2009-11-20,0.3807678039196545
2009-11-23,0.38557859448152754
2009-11-24,0.3890110148723829
2009-11-25,0.39145768718167995
2009-11-26,0.39320053265373867
2009-11-27,0.3944414226850801
2009-11-30,0.39532462236019184
2009-12-01,-0.8690724870634134
2009-12-02,-0.846625321577096
2009-12-03,-0.8214282223633209
2009-12-04,-0.7946958090755303
2009-12-07,-0.7680527655198504
2009-12-08,-0.7432126865263458
2009-12-09,-0.7215932407644783
2009-12-10,-0.7040245045828519
2009-12-11,-0.6906604899906547
2009-12-14,-0.6810978646168824
2009-12-15,-0.6746138764115501
2009-12-16,-0.6704082350369398
2009-12-17,-0.6677700085007368
2009-12-18,-0.6661506020264849
2009-12-21,-0.665166699363623
2009-12-22,-0.6645688076036782
2009-12-23,-0.6642022922330316
2009-12-24,-0.663974230888411
2009-12-25,-0.6638296671482151
2009-12-28,-0.6637362101489089
2009-12-29,-0.6636746411798482
2009-12-30,-0.6636333921310494
2009-12-31,-0.6636053628123304
2010-01-01,-0.7541827419859567
2010-01-04,-0.7335644873580244
2010-01-05,-0.7168735414550279
2010-01-06,-0.7037780129676781
2010-01-07,-0.6937556570962784
2010-01-08,-0.6862314347595453
2010-01-11,-0.6806644262235001
2010-01-12,-0.6765900388169165
2010-01-13,-0.6736318337209509
2010-01-14,-0.6714965258243023
2010-01-15,-0.6699617044309116
2010-01-18,-0.6688618552420289
2010-01-19,-0.6680754264382798
2010-01-20,-0.6675139826921603
2010-01-21,-0.6671136071061332
2010-01-22,-0.6668283197763553
2010-01-25,-0.6666251540666719
2010-01-26,-0.6664805293911615
2010-01-27,-0.6663776071785843
2010-01-28,-0.6663043775779495
2010-01-29,-0.6662522820109911
2010-02-01,-0.6662152250559334
2010-02-02,-0.6074659514481886
2010-02-03,-0.6252026025189364
2010-02-04,-0.6368764202166759
2010-02-05,-0.6447479399211319
2010-02-08,-0.650142533161574
2010-02-09,-0.6538808904685021
2010-02-10,-0.6564914803149471
2010-02-11,-0.6583243143909032
2010-02-12,-0.6596159494545639
2010-02-15,-0.6605286032682105
2010-02-16,-0.6611746802536329
2010-02-17,-0.6616326503247472
2010-02-18,-0.6619575858291636
2010-02-19,-0.6621882850577729
2010-02-22,-0.6623521553449269
2010-02-23,-0.6624685947457192
2010-02-24,-0.6625513514552106
2010-02-25,-0.6626101789058547
2010-02-26,-0.6626520013232231
2010-03-01,-0.6626817368344344
2010-03-02,-0.6574835008795734
2010-03-03,-0.6589138745869292
2010-03-04,-0.6599384259855645
2010-03-05,-0.6606706991753779
2010-03-08,-0.6611932901405254
2010-03-09,-0.6615658519317895
2010-03-10,-0.6618312624450696
2010-03-11,-0.6620202422047912
2010-03-12,-0.6621547524574418
2010-03-15,-0.6622504684283216
2010-03-16,-0.6623185664904807
2010-03-17,-0.6623670092982027
2010-03-18,-0.6624014668377989
2010-03-19,-0.6624259750201424
2010-03-22,-0.6624434058460791
2010-03-23,-0.6624558026757413
2010-03-24,-0.6624646191148396
2010-03-25,-0.662470889130379
2010-03-26,-0.6624753481452732
2010-03-29,-0.6624785192136232
2010-03-30,-0.6624807743338743
2010-03-31,-0.6624823780665339
2010-04-01,-0.8436215462307455
2010-04-02,-0.8152648334281523
2010-04-05,-0.7879392487307386
2010-04-06,-0.7630206001107054
2010-04-07,-0.7414149694267365
2010-04-08,-0.7234869478623678
2010-04-09,-0.7091454261825658
2010-04-12,-0.6980055766198558
2010-04-13,-0.6895489525649272
2010-04-14,-0.6832404991145706
2010-04-15,-0.6785956695996556
2010-04-16,-0.6752085831904273
2010-04-19,-0.6727560093580743
2010-04-20,-0.6709891622094483
2010-04-21,-0.669720996766249
2010-04-22,-0.6688131684521336
2010-04-23,-0.6681645212748284
2010-04-26,-0.6677016874349905
2010-04-27,-0.6673717574054314
2010-04-28,-0.6671367295922395
2010-04-29,-0.6669693881841323
2010-04-30,-0.6668502816118812
2010-05-03,-0.6366348952303162
2010-05-04,-0.6456424812646947
2010-05-05,-0.6517866933947849
2010-05-06,-0.6560308301814057
2010-05-07,-0.658988012414619
2010-05-10,-0.6610609487929979
2010-05-11,-0.6625201919763
2010-05-12,-0.6635504813619759
2010-05-13,-0.6642794367447635
2010-05-14,-0.6647959558342227
2010-05-17,-0.6651623324879219
2010-05-18,-0.6654224038790826
2010-05-19,-0.6656071123799279
2010-05-20,-0.6657383457178894
2010-05-21,-0.6658316104100571
2010-05-24,-0.665897904167482
2010-05-25,-0.6659450329800675
2010-05-26,-0.6659785404734309
2010-05-27,-0.6660023651461917
2010-05-28,-0.6660193059091942
2010-05-31,-0.666031352216413
2010-06-01,-0.5782322841442702
2010-06-02,-0.3399733036326761
2010-06-03,-0.15358448517787326
2010-06-04,-0.008810376376640554
2010-06-07,0.1022688347831412
2010-06-08,0.1863286992731678
2010-06-09,0.2491113922421263
2010-06-10,0.2954703882411524
2010-06-11,0.3293836650675045
2010-06-14,0.3540109208202127
2010-06-15,0.371794807339775
2010-06-16,0.38458317176686907
2010-06-17,0.39375085440808205
2010-06-18,0.4003081313458663
2010-06-21,0.404990624701305
2010-06-22,0.4083304135815715
2010-06-23,0.41071050414865173
2010-06-24,0.41240564173385996
2010-06-25,0.41361242285504585
2010-06-28,0.4144712741524762
2010-06-29,0.41508237355915467
2010-06-30,0.4155171216257465
2010-07-01,-0.6904067041551565
2010-07-02,-0.6590555482530711
2010-07-05,-0.6318456665828135
2010-07-06,-0.6105536124806632
2010-07-07,-0.5962021596817593
2010-07-08,-0.5889417352894664
2010-07-09,-0.5880974614450314
2010-07-12,-0.5923574426265691
2010-07-13,-0.6000631639371036
2010-07-14,-0.6095370912329774
2010-07-15,-0.6193615165425403
2010-07-16,-0.6285374938187502
2010-07-19,-0.6365056869882312
2010-07-20,-0.6430664554453949
2010-07-21,-0.6482595095946576
2010-07-22,-0.6522516200743129
2010-07-23,-0.6552551696728085
2010-07-26,-0.6574796497887616
2010-07-27,-0.6591083891103702
2010-07-28,-0.6602911071699102
2010-07-29,-0.6611448444462468
2010-07-30,-0.6617584812746827
2010-08-02,-0.6621981952955364
2010-08-03,-0.6274294596465586
2010-08-04,-0.637414745011532
2010-08-05,-0.6442257506721291
2010-08-06,-0.6489304604407085
2010-08-09,-0.6522085589619692
2010-08-10,-0.6545064580196384
2010-08-11,-0.6561240677777953
2010-08-12,-0.6572661734145718
2010-08-13,-0.6580742430142199
2010-08-16,-0.6586468211888978
2010-08-17,-0.6590529620140391
2010-08-18,-0.6593412601013036
2010-08-19,-0.6595460159426472
2010-08-20,-0.6596914927506005
2010-08-23,-0.6597948799977987
2010-08-24,-0.6598683690140384
2010-08-25,-0.6599206130066937
2010-08-26,-0.6599577572783717
2010-08-27,-0.6599841677941758
2010-08-30,-0.6600029472467649
2010-08-31,-0.660016301017415
2010-09-01,-0.8963803488856288
2010-09-02,-0.8706282428913412
2010-09-03,-0.8428541889669714
2010-09-06,-0.8145392691422955
2010-09-07,-0.7872822600779339
2010-09-08,-0.762454735567116
2010-09-09,-0.740953283897902
2010-09-10,-0.7231313614385729
2010-09-13,-0.708888585868755
2010-09-14,-0.697834459745848
2010-09-15,-0.6894484123427445
2010-09-16,-0.6831957998591196
2010-09-17,-0.678593870017149
2010-09-20,-0.6752390372983955
2010-09-21,-0.6728103353999306
2010-09-22,-0.6710609572795017
2010-09-23,-0.6698054714166723
2010-09-24,-0.668906792631483
2010-09-27,-0.668264720120819
2010-09-28,-0.6678065965931578
2010-09-29,-0.6674800339967817
2010-09-30,-0.6672474099255727
2010-10-01,-0.6673230973729167
2010-10-04,-0.6671277327918859
2010-10-05,-0.6669937214911861
2010-10-06,-0.6669009163971157
2010-10-07,-0.6668361837874468
2010-10-08,-0.6667907904187127
2010-10-11,-0.6667588336489084
2010-10-12,-0.6667362719978343
2010-10-13,-0.666720310508376
2010-10-14,-0.6667090016292423
2010-10-15,-0.6667009806527603
2010-10-18,-0.666695287339244
2010-10-19,-0.6666912440132398
2010-10-20,-0.6666883713771335
2010-10-21,-0.6666863299102423
2010-10-22,-0.6666848788366363
2010-10-25,-0.6666838472699105
2010-10-26,-0.6666831138571447
2010-10-27,-0.6666825923858776
2010-10-28,-0.6666822215905949
2010-10-29,-0.6666819579249215
2010-11-01,-0.6666817704323502
2010-11-02,-0.636470428471192
2010-11-03,-0.6455951418179231
2010-11-04,-0.6518201902585898
2010-11-05,-0.6561206454963946
2010-11-08,-0.659117312140969
2010-11-09,-0.6612180495298515
2010-11-10,-0.6626969254099803
2010-11-11,-0.6637411077473484
2010-11-12,-0.6644799086088009
2010-11-15,-0.6650034119712664
2010-11-16,-0.6653747467536061
2010-11-17,-0.6656383397066618
2010-11-18,-0.6658255503350977
2010-11-19,-0.6659585619306272
2010-11-22,-0.666053090656759
2010-11-23,-0.6661202830398856
2010-11-24,-0.6661680507610628
2010-11-25,-0.6662020125378676
2010-11-26,-0.6662261602349273
2010-11-29,-0.6662433306962252
2010-11-30,-0.6662555403426786
2010-12-01,-0.6045176428532492
2010-12-02,-0.6233386615348473
2010-12-03,-0.635668894504091
2010-12-06,-0.6439574862968216
2010-12-07,-0.649626071506759
2010-12-08,-0.653548664717934
2010-12-09,-0.6562851796906688
2010-12-10,-0.6582050822027519
2010-12-13,-0.6595574123240455
2010-12-14,-0.6605126218076949
2010-12-15,-0.6611886588933644
2010-12-16,-0.6616677830393267
2010-12-17,-0.6620076858388909
2010-12-20,-0.6622489905653475
2010-12-21,-0.6624203835321606
2010-12-22,-0.6625421628762231
2010-12-23,-0.6626287121246127
2010-12-24,-0.6626902341267983
2010-12-27,-0.6627339715005321
2010-12-28,-0.6627650681859434
2010-12-29,-0.6627871789290449
2010-12-30,-0.6628029010948566
2010-12-31,-0.6628140809321015
2011-01-03,-0.7199342877858799
2011-01-04,-0.7060138068949415
2011-01-05,-0.6952473678019059
2011-01-06,-0.6871010736194169
2011-01-07,-0.6810391301522527
2011-01-10,-0.6765839663751534
2011-01-11,-0.6733395389414936
2011-01-12,-0.670992549485341
2011-01-13,-0.6693029536458237
2011-01-14,-0.6680908482910244
2011-01-17,-0.6672234652099617
2011-01-18,-0.6666038767469564
2011-01-19,-0.6661618590845952
2011-01-20,-0.6658468093484111
2011-01-21,-0.6656224026874797
2011-01-24,-0.6654626342992576
2011-01-25,-0.6653489232983619
2011-01-26,-0.6652680114756959
2011-01-27,-0.6652104477606262
2011-01-28,-0.6651694996430065
2011-01-31,-0.665140373546155
2011-02-01,-0.6926793328799787
2011-02-02,-0.6851809647970794
2011-02-03,-0.6797196843972465
2011-02-04,-0.6757693479070604
2011-02-07,-0.6729259434428795
2011-02-08,-0.6708864446416639
2011-02-09,-0.6694271988510259
2011-02-10,-0.6683849613548911
2011-02-11,-0.6676414963587443
2011-02-14,-0.6671116282970617
2011-02-15,-0.6667342296545378
2011-02-16,-0.6664655481327453
2011-02-17,-0.666274326687468
2011-02-18,-0.6661382646942304
2011-02-21,-0.6660414665584105
2011-02-22,-0.6659726096779643
2011-02-23,-0.6659236326673479
2011-02-24,-0.6658887979717403
2011-02-25,-0.6658640229606237
2011-02-28,-0.665846403079996
2011-03-01,-0.670653345289046
2011-03-02,-0.6692719423670401
2011-03-03,-0.668297803809162
2011-03-04,-0.66760931625615
2011-03-07,-0.6671218961922324
2011-03-08,-0.6667763932150365
2011-03-09,-0.6665312636082332
2011-03-10,-0.6663572325875773
2011-03-11,-0.6662336194866791
2011-03-14,-0.6661457878495778
2011-03-15,-0.6660833649529323
2011-03-16,-0.6660389925494166
2011-03-17,-0.6660074471303545
2011-03-18,-0.6659850187263198
2011-03-21,-0.6659690713945757
2011-03-22,-0.6659577318051371
2011-03-23,-0.6659496683603647
2011-03-24,-0.665943934411031
2011-03-25,-0.6659398569091877
2011-03-28,-0.6659369572996666
2011-03-29,-0.6659348953006654
2011-03-30,-0.6659334289429384
2011-03-31,-0.6659323861616598
2011-04-01,-0.6954211196847586
2011-04-04,-0.6875567735077243
2011-04-05,-0.6817141353739335
2011-04-06,-0.6774253155245284
2011-04-07,-0.6743047818075063
2011-04-08,-0.6720488635819908
2011-04-11,-0.6704255822569564
2011-04-12,-0.6692614385507398
2011-04-13,-0.6684285758491642
2011-04-14,-0.6678337476103351
2011-04-15,-0.6674094457967462
2011-04-18,-0.6671070494147587
2011-04-19,-0.6668916689641413
2011-04-20,-0.6667383336419617
2011-04-21,-0.6666292046400488
2011-04-22,-0.6665515549069404
2011-04-25,-0.6664963128446655
2011-04-26,-0.6664570166866736
2011-04-27,-0.6664290658418388
2011-04-28,-0.6664091859216811
2011-04-29,-0.6663950469949714
2011-05-02,-0.6663849914519684
2011-05-03,-0.6392194186927079
2011-05-04,-0.6473143924097879
2011-05-05,-0.652859153090109
2011-05-06,-0.6567001962907112
2011-05-09,-0.6593818391668711
2011-05-10,-0.6612642406358884
2011-05-11,-0.6625906512227592
2011-05-12,-0.6635277999924933
2011-05-13,-0.6641911788564006
2011-05-16,-0.6646613941362374
2011-05-17,-0.6649950081422544
2011-05-18,-0.6652318641318967
2011-05-19,-0.6654001052506264
2011-05-20,-0.66551964915214
2011-05-23,-0.6656046116954515
2011-05-24,-0.6656650068453418
2011-05-25,-0.6657079436345243
2011-05-26,-0.6657384713779745
2011-05-27,-0.6657601777179688
2011-05-30,-0.6657756123942702
2011-05-31,-0.6657865878352709
2011-06-01,-0.6010958523274363
2011-06-02,-0.6199672773747313
2011-06-03,-0.6323368381120225
2011-06-06,-0.6406546799834567
2011-06-07,-0.646344574236525
2011-06-08,-0.650282534338
2011-06-09,-0.6530300708932129
2011-06-10,-0.654957853853986
2011-06-13,-0.6563158079785822
2011-06-14,-0.6572750264208964
2011-06-15,-0.6579539190507255
2011-06-16,-0.6584350761548506
2011-06-17,-0.6587764257961461
2011-06-20,-0.6590187599909363
2011-06-21,-0.6591908853358459
2011-06-22,-0.6593131856456579
2011-06-23,-0.659400105445887
2011-06-24,-0.6594618909991681
2011-06-27,-0.6595058158135474
2011-06-28,-0.6595370458052829
2011-06-29,-0.659559251352952
2011-06-30,-0.6595750409407839
2011-07-01,-0.8432333449794007
2011-07-04,-0.8148172990094823
2011-07-05,-0.7874694631082666
2011-07-06,-0.7625531836848309
2011-07-07,-0.7409619280037326
2011-07-08,-0.7230512953268174
2011-07-11,-0.7087254668724694
2011-07-12,-0.6975980102175354
2011-07-13,-0.6891505024866389
2011-07-14,-0.6828485085186382
2011-07-15,-0.6782081757822505
2011-07-18,-0.674824200926829
2011-07-19,-0.6723737807607646
2011-07-20,-0.6706084291560289
2011-07-21,-0.6693413066747046
2011-07-22,-0.6684342087513147
2011-07-25,-0.667786074936183
2011-07-26,-0.6673236029877905
2011-07-27,-0.6669939286604513
2011-07-28,-0.6667590818351532
2011-07-29,-0.6665918686980778
2011-08-01,-0.666472853121643
2011-08-02,-0.6072125559513953
2011-08-03,-0.6250936658891941
2011-08-04,-0.636861014587307
2011-08-05,-0.6447949412597557
2011-08-08,-0.6502320074724326
2011-08-09,-0.653999659794764
2011-08-10,-0.6566306412481133
2011-08-11,-0.6584777598323728
2011-08-12,-0.6597794457744626
2011-08-15,-0.6606991936384495
2011-08-16,-0.6613502886973187
2011-08-17,-0.6618118138765836
2011-08-18,-0.662139270800451
2011-08-19,-0.6623717597080466
2011-08-22,-0.6625369009930815
2011-08-23,-0.6626542433874529
2011-08-24,-0.662737641816625
2011-08-25,-0.6627969254007323
2011-08-26,-0.6628390720827064
2011-08-29,-0.6628690381361786
2011-08-30,-0.6628903451297176
2011-08-31,-0.6629054958616802
2011-09-01,-0.7517914492378757
2011-09-02,-0.7314938189561526
2011-09-05,-0.7151383329080224
2011-09-06,-0.7023528687834935
2011-09-07,-0.6925953205593658
2011-09-08,-0.685285423658407
2011-09-09,-0.6798854928018419
2011-09-12,-0.6759379422107914
2011-09-13,-0.6730742286231906
2011-09-14,-0.6710083784580008
2011-09-15,-0.6695241285093362
2011-09-16,-0.6684608506313071
2011-09-19,-0.6677007412325872
2011-09-20,-0.6671581738055326
2011-09-21,-0.6667713032402781
2011-09-22,-0.6664956612320423
2011-09-23,-0.6662993757057
2011-09-26,-0.6661596544662562
2011-09-27,-0.666060224692067
2011-09-28,-0.6659894814476068
2011-09-29,-0.6659391554199301
2011-09-30,-0.6659033575616904
2011-10-03,-0.7233136579137116
2011-10-04,-0.7089981872242502
2011-10-05,-0.6978849955082875
2011-10-06,-0.689452445052622
2011-10-07,-0.6831641439647376
2011-10-10,-0.6785353661128285
2011-10-11,-0.6751606399503783
2011-10-12,-0.6727173633491794
2011-10-13,-0.6709573956049077
2011-10-14,-0.6696942619986763
2011-10-17,-0.6687900841922815
2011-10-18,-0.6681440701090059
2011-10-19,-0.6676831277276084
2011-10-20,-0.6673545524565013
2011-10-21,-0.6671204929841092
2011-10-24,-0.6669538427001296
2011-10-25,-0.6668352288817789
2011-10-26,-0.6667508259924941
2011-10-27,-0.666690777369167
2011-10-28,-0.6666480609812522
2011-10-31,-0.6666176768111872
2011-11-01,-0.5908631271392747
2011-11-02,-0.6125701409795716
2011-11-03,-0.6266629661424017
2011-11-04,-0.636080113306394
2011-11-07,-0.6424946779075211
2011-11-08,-0.6469212607891309
2011-11-09,-0.6500034781190693
2011-11-10,-0.6521630363683883
2011-11-11,-0.6536827487816534
2011-11-14,-0.654755478756897
2011-11-15,-0.6555143351075112
2011-11-16,-0.6560519775924072
2011-11-17,-0.6564333054354513
2011-11-18,-0.6567039737453108
2011-11-21,-0.6568962002733959
2011-11-22,-0.6570327709768606
2011-11-23,-0.6571298267436824
2011-11-24,-0.6571988141976977
2011-11-25,-0.6572478574528076
2011-11-28,-0.6572827258025407
2011-11-29,-0.6573075179430641
2011-11-30,-0.65732514656486
2011-12-01,-0.7128808206098229
2011-12-02,-0.6999005234947887
2011-12-05,-0.6899793713807005
2011-12-06,-0.6825385384346319
2011-12-07,-0.6770373146682809
2011-12-08,-0.6730132740100623
2011-12-09,-0.6700927869204525
2011-12-12,-0.6679853126498123
2011-12-13,-0.6664708121027345
2011-12-14,-0.6653856864769319
2011-12-15,-0.6646098682454746
2011-12-16,-0.6640560417421987
2011-12-19,-0.6636611196118799
2011-12-20,-0.6633797290384328
2011-12-21,-0.6631793439102683
2011-12-22,-0.6630367014098892
2011-12-23,-0.6629351912324104
2011-12-26,-0.6628629670194307
2011-12-27,-0.662811587049322
2011-12-28,-0.6627750393012556
2011-12-29,-0.6627490439364165
2011-12-30,-0.6627305551323884
2012-01-02,-0.6627174057366896
2012-01-03,-0.6990838341550842
2012-01-04,-0.6897320584567939
2012-01-05,-0.6827605488878892
2012-01-06,-0.6776294726401004
2012-01-09,-0.6738886031046837
2012-01-10,-0.671180178988731
2012-01-11,-0.6692291469890016
2012-01-12,-0.6678288355893129
2012-01-13,-0.6668264318620376
2012-01-16,-0.6661102197866527
2012-01-17,-0.6655991801074724
2012-01-18,-0.6652348885550983
2012-01-19,-0.6649753839596366
2012-01-20,-0.6647906153254515
2012-01-23,-0.6646591049830226
2012-01-24,-0.6645655248439504
2012-01-25,-0.6644989468533092
2012-01-26,-0.664451585614992
2012-01-27,-0.6644178975126789
2012-01-30,-0.6643939366528788
2012-01-31,-0.6643768951228908
2012-02-01,-0.6627607175860364
2012-02-02,-0.6631096882945775
2012-02-03,-0.6633814396888913
2012-02-06,-0.6635866437411262
2012-02-07,-0.6637386260549851
2012-02-08,-0.6638497720383675
2012-02-09,-0.6639303641204222
2012-02-10,-0.6639884617453238
2012-02-13,-0.6640301747390409
2012-02-14,-0.6640600396408354
2012-02-15,-0.6640813795439082
2012-02-16,-0.6640966067100353
2012-02-17,-0.6641074614281919
2012-02-20,-0.6641151938522518
2012-02-21,-0.6641206993739396
2012-02-22,-0.6641246179588108
2012-02-23,-0.6641274063397226
2012-02-24,-0.6641293901415162
2012-02-27,-0.6641308013461118
2012-02-28,-0.6641318051363545
2012-02-29,-0.6641325190874061
2012-03-01,-0.5713819313148738
2012-03-02,-0.5377324613469767
2012-03-05,-0.5144755247115947
2012-03-06,-0.4982644320363411
2012-03-07,-0.48690352933135905
2012-03-08,-0.47891184925916863
2012-03-09,-0.4732746821101925
2012-03-12,-0.4692900309268635
2012-03-13,-0.4664689956319661
2012-03-14,-0.464469381397309
2012-03-15,-0.463050743857535
2012-03-16,-0.4620436204884757
2012-03-19,-0.4613282960864492
2012-03-20,-0.4608200486029363
2012-03-21,-0.4604588408658398
2012-03-22,-0.4602020866072415
2012-03-23,-0.46001955639874337
2012-03-26,-0.4598897810398337
2012-03-27,-0.4597975072050158
2012-03-28,-0.45973189487336796
2012-03-29,-0.45968523892393764
2012-03-30,-0.45965206177737133
2012-04-02,-0.45962846903295274
2012-04-03,-0.3949557789629399
2012-04-04,-0.3769705273031655
2012-04-05,-0.3702655639800362
2012-04-06,-0.37330677499364406
2012-04-09,-0.38479398976423856
2012-04-10,-0.40340750038707957
2012-04-11,-0.4276406200327736
2012-04-12,-0.4557313653707229
2012-04-13,-0.485719852015162
2012-04-16,-0.5156322083804538
2012-04-17,-0.5437363297740354
2012-04-18,-0.5687694429035717
2012-04-19,-0.5900465615757757
2012-04-20,-0.6074229157199488
2012-04-23,-0.6211533089227692
2012-04-24,-0.6317202641272395
2012-04-25,-0.639687287107383
2012-04-26,-0.6456008585613002
2012-04-27,-0.6499391823798628
2012-04-30,-0.6530945015074703
2012-05-01,-0.49180804613023116
2012-05-02,-0.12809591265283313
2012-05-03,0.12000704487617667
2012-05-04,0.2913930028843425
2012-05-07,0.41081440083236165
2012-05-08,0.494529695571628
2012-05-09,0.5534626074340983
2012-05-10,0.5950726329859217
2012-05-11,0.6245131872879087
2012-05-14,0.6453742285684729
2012-05-15,0.6601714679726595
2012-05-16,0.6706753023342527
2012-05-17,0.6781353889458954
2012-05-18,0.683435712467634
2012-05-21,0.6872025451835315
2012-05-22,0.6898800627398828
2012-05-23,0.6917835353489485
2012-05-24,0.6931368612338571
2012-05-25,0.6940991105616396
2012-05-28,0.6947833274637585
2012-05-29,0.6952698633510198
2012-05-30,0.6956158398150234
2012-05-31,0.6958618685114916
2012-06-01,-0.6140811507602331
2012-06-04,-0.6143971289557417
2012-06-05,-0.6161472144218124
2012-06-06,-0.6194467747225088
2012-06-07,-0.6241087223744607
2012-06-08,-0.6296834199117775
2012-06-11,-0.6355965666168893
2012-06-12,-0.6413118714199261
2012-06-13,-0.6464441229223954
2012-06-14,-0.6507932112823381
2012-06-15,-0.6543162927986388
2012-06-18,-0.6570736404876394
2012-06-19,-0.6591764822398405
2012-06-20,-0.660749619604873
2012-06-21,-0.661909974747046
2012-06-22,-0.6627570991309127
2012-06-25,-0.6633709609553077
2012-06-26,-0.6638134129111368
2012-06-27,-0.664131093813995
2012-06-28,-0.6643585618686891
2012-06-29,-0.6645211150471524
2012-07-02,-0.6646371158530475
2012-07-03,-0.6290116091042149
2012-07-04,-0.6391941057516071
2012-07-05,-0.6461354149226028
2012-07-06,-0.6509282034850333
2012-07-09,-0.6542667634692141
2012-07-10,-0.6566066075193293
2012-07-11,-0.658253530806084
2012-07-12,-0.659416227674976
2012-07-13,-0.6602388137091467
2012-07-16,-0.6608216516978194
2012-07-17,-0.661235056888096
2012-07-18,-0.6615285049736186
2012-07-19,-0.6617369151406709
2012-07-20,-0.6618849866338199
2012-07-23,-0.661990217023628
2012-07-24,-0.6620650157434901
2012-07-25,-0.6621181906006522
2012-07-26,-0.6621559965866409
2012-07-27,-0.6621828775430274
2012-07-30,-0.6622019914791295
2012-07-31,-0.6622155830816358
2012-08-01,-0.7008393527367982
2012-08-02,-0.6910513131688066
2012-08-03,-0.6837033490545357
2012-08-06,-0.6782674261427635
2012-08-07,-0.6742895390000002
2012-08-08,-0.6714017723142552
2012-08-09,-0.6693175340428634
2012-08-10,-0.6678195484584452
2012-08-13,-0.6667461656349234
2012-08-14,-0.6659786984785248
2012-08-15,-0.6654308113395424
2012-08-16,-0.6650401133852718
2012-08-17,-0.664761727085622
2012-08-20,-0.664563478589627
2012-08-21,-0.6644223556315406
2012-08-22,-0.6643219261154216
2012-08-23,-0.6642504704336438
2012-08-24,-0.6641996370131464
2012-08-27,-0.6641634779474441
2012-08-28,-0.664137758995304
2012-08-29,-0.6641194667623558
2012-08-30,-0.6641064571579609
2012-08-31,-0.6640972048513415
2012-09-03,-0.6164141218153611
2012-09-04,-0.6288405973546474
2012-09-05,-0.6373009066880956
2012-09-06,-0.6431376195409984
2012-09-07,-0.6472010400953949
2012-09-10,-0.6500477895702192
2012-09-11,-0.6520509578073237
2012-09-12,-0.6534648875121224
2012-09-13,-0.654465082078294
2012-09-14,-0.6551736965099798
2012-09-17,-0.6556762809849295
2012-09-18,-0.6560330144797568
2012-09-19,-0.6562863621697991
2012-09-20,-0.6564663566428883
2012-09-21,-0.6565942716666546
2012-09-24,-0.6566851937397737
2012-09-25,-0.6567498302339011
2012-09-26,-0.6567957848769187
2012-09-27,-0.65682845958171
2012-09-28,-0.6568516931414543
2012-10-01,-0.6568682141039243
2012-10-02,-0.6257474529603764
2012-10-03,-0.6320445196300187
2012-10-04,-0.6364087455458993
2012-10-05,-0.6394566230501675
2012-10-08,-0.6415965782076172
2012-10-09,-0.6431047029172837
2012-10-10,-0.6441703532190456
2012-10-11,-0.6449247517445215
2012-10-12,-0.6454595121751292
2012-10-15,-0.6458389348742138
2012-10-16,-0.6461083209252028
2012-10-17,-0.6462996721200218
2012-10-18,-0.6464356387544447
2012-10-19,-0.6465322742349626
2012-10-22,-0.6466009674973777
2012-10-23,-0.6466498039102574
2012-10-24,-0.6466845263631356
2012-10-25,-0.6467092153553571
2012-10-26,-0.6467267709298726
2012-10-29,-0.6467392545354913
2012-10-30,-0.6467481317046951
2012-10-31,-0.6467544444124738
2012-11-01,-0.49289958063304784
2012-11-02,-0.2816060783386142
2012-11-05,-0.11392961517845218
2012-11-06,0.017093722533366523
2012-11-07,0.11777383362556462
2012-11-08,0.19391145100697715
2012-11-09,0.25068812384945627
2012-11-12,0.29253915700650973
2012-11-13,0.32310581464273447
2012-11-14,0.3452732469735476
2012-11-15,0.361263984497275
2012-11-16,0.3727536430885378
2012-11-19,0.38098535760457286
2012-11-20,0.3868705652107773
2012-11-21,0.391071782784605
2012-11-22,0.3940676015795975
2012-11-23,0.39620220381892945
2012-11-26,0.39772231737645125
2012-11-27,0.3988044041659583
2012-11-28,0.39957446455746615
2012-11-29,0.40012236237447807
2012-11-30,0.40051213537599384
2012-12-03,-0.5106031850521913
2012-12-04,-0.5204154894350367
2012-12-05,-0.5340041289314792
2012-12-06,-0.5502208312196464
2012-12-07,-0.567624209843314
2012-12-10,-0.5847923880652948
2012-12-11,-0.6005908978643273
2012-12-12,-0.6143144019516658
2012-12-13,-0.6256861884948305
2012-12-14,-0.6347599999740683
2012-12-17,-0.6417893303964874
2012-12-18,-0.6471128812522923
2012-12-19,-0.6510764336758517
2012-12-20,-0.6539903303518972
2012-12-21,-0.6561127579585468
2012-12-24,-0.6576482905662775
2012-12-25,-0.658753806467305
2012-12-26,-0.6595469378352576
2012-12-27,-0.6601145227925633
2012-12-28,-0.6605199693254467
2012-12-31,-0.660809221754899
2013-01-01,-0.5090117940029069
2013-01-02,-0.1919232346870491
2013-01-03,0.03853898860383739
2013-01-04,0.205475256672533
2013-01-07,0.3259423624054325
2013-01-08,0.4125798014652863
2013-01-09,0.47471238399139914
2013-01-10,0.5191727967085982
2013-01-11,0.5509340986797988
2013-01-14,0.5735951624972577
2013-01-15,0.5897485586327811
2013-01-16,0.6012554411703273
2013-01-17,0.6094484277735575
2013-01-18,0.6152798748353134
2013-01-21,0.6194294399572648
2013-01-22,0.6223816803166606
2013-01-23,0.6244818084048549
2013-01-24,0.6259756363875125
2013-01-25,0.6270381326727387
2013-01-28,0.6277938064055172
2013-01-29,0.6283312427712
2013-01-30,0.6287134594898593
2013-01-31,0.6289852818183903
2013-02-01,0.3334430411995323
2013-02-04,0.37070893896039325
2013-02-05,0.4114654832650202
2013-02-06,0.4538291554476587
2013-02-07,0.49578917604469375
2013-02-08,0.5354143212871776
2013-02-11,0.5711313285460431
2013-02-12,0.6019414412247754
2013-02-13,0.6274846330766044
2013-02-14,0.6479475064089125
2013-02-15,0.6638809037447004
2013-02-18,0.6760081287504245
2013-02-19,0.685076343107258
2013-02-20,0.6917664525889448
2013-02-21,0.6966527001799467
2013-02-22,0.7001950957222388
2013-02-25,0.7027493725921896
2013-02-26,0.7045839482244134
2013-02-27,0.705897888432828
2013-02-28,0.706837036543398
2013-03-01,0.4057226012447125
2013-03-04,0.4239245809393456
2013-03-05,0.4411654465417984
2013-03-06,0.45665065781555975
2013-03-07,0.4699062285091986
2013-03-08,0.4807919103388354
2013-03-11,0.4894292246312033
2013-03-12,0.4960965664326974
2013-03-13,0.5011343036737452
2013-03-14,0.5048793374186209
2013-03-15,0.507629767771501
2013-03-18,0.5096317355836522
2013-03-19,0.5110794250535933
2013-03-20,0.512121351894165
2013-03-21,0.5128686893021979
2013-03-22,0.5134034159836371
2013-03-25,0.5137853469157723
2013-03-26,0.5140578008808148
2013-03-27,0.5142519845598482
2013-03-28,0.514390295074697
2013-03-29,0.5144887642379399
2013-04-01,0.5145588459531243
2013-04-02,-0.2386975134013778
2013-04-03,-0.3368623883979731
2013-04-04,-0.41505673608313515
2013-04-05,-0.4756583907262099
2013-04-08,-0.5216138884257016
2013-04-09,-0.5558808536716843
2013-04-10,-0.5811082823236149
2013-04-11,-0.5995050516455491
2013-04-12,-0.6128271247529327
2013-04-15,-0.6224252631077705
2013-04-16,-0.6293149335426509
2013-04-17,-0.6342472913902563
2013-04-18,-0.6377716612385048
2013-04-19,-0.6402865267191801
2013-04-22,-0.642079293911348
2013-04-23,-0.6433564100257914
2013-04-24,-0.6442657392111673
2013-04-25,-0.6449129685392149
2013-04-26,-0.6453735281182263
2013-04-29,-0.6457011972759344
2013-04-30,-0.6459342906282294
2013-05-01,-0.7611114229733298
2013-05-02,-0.7314612143354752
2013-05-03,-0.7080106114707625
2013-05-06,-0.6907843977201389
2013-05-07,-0.6790791146573865
2013-05-08,-0.6717686479828928
2013-05-09,-0.6676238394291572
2013-05-10,-0.6655511659584412
2013-05-13,-0.6647108727526687
2013-05-14,-0.6645305751050754
2013-05-15,-0.6646585639878342
2013-05-16,-0.6648989166445743
2013-05-17,-0.6651535835117461
2013-05-20,-0.6653803274080897
2013-05-21,-0.6655659342072585
2013-05-22,-0.6657107328249108
2013-05-23,-0.6658203636968962
2013-05-24,-0.6659017617083597
2013-05-27,-0.6659614091917212
2013-05-28,-0.6660047271630654
2013-05-29,-0.6660359909328292
2013-05-30,-0.6660584570212305
2013-05-31,-0.6660745519354743
2013-06-03,-0.547727738504413
2013-06-04,-0.15385417384962854
2013-06-05,0.10805306885640664
2013-06-06,0.28590506271549965
2013-06-07,0.40839204195811746
2013-06-10,0.4935652753474783
2013-06-11,0.5531876369139579
2013-06-12,0.5951184221136818
2013-06-13,0.6247034757895964
2013-06-14,0.6456257443468613
2013-06-17,0.6604457862650652
2013-06-18,0.6709554425770841
2013-06-19,0.6784144465847786
2013-06-20,0.6837113709107305
2013-06-21,0.687474460904338
2013-06-24,0.690148648097906
2013-06-25,0.6920494146896445
2013-06-26,0.6934006456468742
2013-06-27,0.6943613189941507
2013-06-28,0.6950443715865633
2013-07-01,0.6955300574613236
2013-07-02,0.12251671816382345
2013-07-03,0.017793387708747967
2013-07-04,-0.07891738224880045
2013-07-05,-0.16819575666642297
2013-07-08,-0.24981319734818588
2013-07-09,-0.32306475145240354
2013-07-10,-0.3871712244990809
2013-07-11,-0.4416555008099706
2013-07-12,-0.4865744532992776
2013-07-15,-0.5225479285817317
2013-07-16,-0.550621294452986
2013-07-17,-0.5720557024578388
2013-07-18,-0.5881341567863874
2013-07-19,-0.6000290938197592
2013-07-22,-0.6087365231475552
2013-07-23,-0.6150603710620377
2013-07-24,-0.6196263767242136
2013-07-25,-0.6229091331344447
2013-07-26,-0.6252620014412729
2013-07-29,-0.6269446292646608
2013-07-30,-0.6281460162763828
2013-07-31,-0.6290028166510229
2013-08-01,-0.6661644453507395
2013-08-02,-0.6618284051671077
2013-08-05,-0.6586696305013802
2013-08-06,-0.6563840905071522
2013-08-07,-0.6547384935387706
2013-08-08,-0.6535578403659374
2013-08-09,-0.6527129109885408
2013-08-12,-0.6521093358709269
2013-08-13,-0.6516787296673986
2013-08-14,-0.6513718073274095
2013-08-15,-0.6511531866762613
2013-08-16,-0.6509975361728473
2013-08-19,-0.6508867552106766
2013-08-20,-0.6508079278961189
2013-08-21,-0.650751846987278
2013-08-22,-0.6507119535719119
2013-08-23,-0.6506835776285136
2013-08-26,-0.6506633952186393
2013-08-27,-0.6506490410853818
2013-08-28,-0.650638832452578
2013-08-29,-0.6506315722506018
2013-08-30,-0.6506264090015472
2013-09-02,-0.6506227370863189
2013-09-03,-0.713155548947086
2013-09-04,-0.698621139220135
2013-09-05,-0.6881862903902676
2013-09-06,-0.6808445579956407
2013-09-09,-0.6757392726482115
2013-09-10,-0.6722064594528536
2013-09-11,-0.6697620550223461
2013-09-12,-0.6680661974226489
2013-09-13,-0.6668850478650603
2013-09-16,-0.6660589959387174
2013-09-17,-0.6654791150079352
2013-09-18,-0.6650707588457931
2013-09-19,-0.6647824675938224
2013-09-20,-0.6645785449815034
2013-09-23,-0.6644340899829796
2013-09-24,-0.6643316502494181
2013-09-25,-0.6642589481161663
2013-09-26,-0.6642073213864131
2013-09-27,-0.6641706454250991
2013-09-30,-0.6641445828520081
2013-10-01,-0.5381923009889144
2013-10-02,-0.18397111265855687
2013-10-03,0.0633488102422734
2013-10-04,0.23727522862558578
2013-10-07,0.36009620679286003
2013-10-08,0.44704386992121925
2013-10-09,0.5086907548159741
2013-10-10,0.5524419851662749
2013-10-11,0.5835124566125613
2013-10-14,0.6055869721384951
2013-10-15,0.6212747154117733
2013-10-16,0.6324257777171942
2013-10-17,0.6403531991676759
2013-10-18,0.6459894393058081
2013-10-21,0.6499969656237442
2013-10-22,0.6528465659489913
2013-10-23,0.6548728770370505
2013-10-24,0.6563137928983412
2013-10-25,0.6573384497409847
2013-10-28,0.6580671072768116
2013-10-29,0.6585852771553611
2013-10-30,0.6589537652703923
2013-10-31,0.6592158107465975
2013-11-01,0.5084587394210647
2013-11-04,0.5316743451891397
2013-11-05,0.5579809414616419
2013-11-06,0.5846824000240692
2013-11-07,0.6097546811228808
2013-11-08,0.6319005675240937
2013-11-11,0.6505157817663385
2013-11-12,0.6655492240669283
2013-11-13,0.6773103186207934
2013-11-14,0.6862868095631324
2013-11-15,0.6930101533909375
2013-11-18,0.6979752979736781
2013-11-19,0.7016039312089043
2013-11-20,0.704235620095792
2013-11-21,0.7061337028476877
2013-11-22,0.707497202496367
2013-11-25,0.7084738625478015
2013-11-26,0.7091719901728744
2013-11-27,0.7096702831247935
2013-11-28,0.7100255679440054
2013-11-29,0.7102786969490849
2013-12-02,0.7104589465897195
2013-12-03,0.39565715401258045
2013-12-04,0.21396508874623532
2013-12-05,0.0558671986284409
2013-12-06,-0.07572848342341643
2013-12-09,-0.18127181081732585
2013-12-10,-0.2634241231701805
2013-12-11,-0.3258900022356783
2013-12-12,-0.3725458043525217
2013-12-13,-0.4069296065190716
2013-12-16,-0.4320199364776586
2013-12-17,-0.4501967713713302
2013-12-18,-0.46329618155312796
2013-12-19,-0.4727008080391395
2013-12-20,-0.47943445608741253
2013-12-23,-0.48424631917666083
2013-12-24,-0.48768009005613444
2013-12-25,-0.4901280125109805
2013-12-26,-0.4918718908117746
2013-12-27,-0.4931135870567581
2013-12-30,-0.49399739597675835
2013-12-31,-0.49462630846554306
2014-01-01,-0.7155637047118997
2014-01-02,-0.6765634487930154
2014-01-03,-0.6441820476798299
2014-01-06,-0.6198072172903946
2014-01-07,-0.6039037677998833
2014-01-08,-0.5960448933081791
2014-01-09,-0.5950604330462492
2014-01-10,-0.5992793958598053
2014-01-13,-0.606836705209105
2014-01-14,-0.6159847741574846
2014-01-15,-0.6253314447970577
2014-01-16,-0.63394852416571
2014-01-17,-0.6413507286411461
2014-01-20,-0.6473925582184048
2014-01-21,-0.6521423670696705
2014-01-22,-0.6557747796564144
2014-01-23,-0.6584970577019611
2014-01-24,-0.6605074143627279
2014-01-27,-0.6619762712214929
2014-01-28,-0.6630412568425121
2014-01-29,-0.6638091601802798
2014-01-30,-0.6643606640987452
2014-01-31,-0.664755630543938
2014-02-03,-0.5140553429334599
2014-02-04,-0.11937928526471248
2014-02-05,0.13949966069597727
2014-02-06,0.31366949480242307
2014-02-07,0.4328548746708345
2014-02-10,0.5153638634392477
2014-02-11,0.5729413022461336
2014-02-12,0.6133451775248953
2014-02-13,0.64180877351332
2014-02-14,0.6619159203187742
2014-02-17,0.6761475326023085
2014-02-18,0.6862343505814155
2014-02-19,0.6933904584294849
2014-02-20,0.6984708751696702
2014-02-21,0.7020794406436688
2014-02-24,0.704643458049993
2014-02-25,0.7064657364353906
2014-02-26,0.7077610794515048
2014-02-27,0.7086819722858297
2014-02-28,0.7093367169385392
2014-03-03,0.7123095292899116
2014-03-04,0.7120778779590178
2014-03-05,0.7119239298512917
2014-03-06,0.7118199663096586
2014-03-07,0.7117488444636011
2014-03-10,0.7116996962230637
2014-03-11,0.711665470630988
2014-03-12,0.7116414994475456
2014-03-13,0.7116246390385514
2014-03-14,0.7116127433400978
2014-03-17,0.7116043316147197
2014-03-18,0.7115983738720915
2014-03-19,0.711594149306287
2014-03-20,0.7115911512272421
2014-03-21,0.7115890222951224
2014-03-24,0.7115875099027571
2014-03-25,0.7115864351755066
2014-03-26,0.7115856712949469
2014-03-27,0.7115851282707687
2014-03-28,0.7115847422059574
2014-03-31,0.7115844677106278
2014-04-01,0.5715636383839553
2014-04-02,0.5914875745505199
2014-04-03,0.6071206293488773
2014-04-04,0.6190860032943825
2014-04-07,0.6280695868942479
2014-04-08,0.6347167163872954
2014-04-09,0.6395818202278295
2014-04-10,0.6431142246008357
2014-04-11,0.645664054615994
2014-04-14,0.6474968523356472
2014-04-15,0.6488102431866015
2014-04-16,0.6497493676708959
2014-04-17,0.6504198263805998
2014-04-18,0.650897944066144
2014-04-21,0.6512386272648046
2014-04-22,0.6514812432189756
2014-04-23,0.6516539509784878
2014-04-24,0.6517768586314057
2014-04-25,0.6518643080107764
2014-04-28,0.6519265195598597
2014-04-29,0.651970772293719
2014-04-30,0.6520022481132751
2014-05-01,0.6414903678148971
2014-05-02,0.6534377092098632
2014-05-05,0.6647734344928613
2014-05-06,0.6746707684817813
2014-05-07,0.6828330901082905
2014-05-08,0.689294997047661
2014-05-09,0.6942609950050682
2014-05-12,0.6979956841106798
2014-05-13,0.7007605511639989
2014-05-14,0.70278428185019
2014-05-15,0.7042534422868745
2014-05-16,0.7053137371439681
2014-05-19,0.7060757291265791
2014-05-20,0.7066216917476714
2014-05-21,0.7070120282766417
2014-05-22,0.7072906710394579
2014-05-23,0.7074893630997784
2014-05-26,0.707630934124376
2014-05-27,0.7077317495496689
2014-05-28,0.7078035137589413
2014-05-29,0.7078545838528466
2014-05-30,0.7078909199684456
2014-06-02,0.7079167692524395
2014-06-03,0.5974168278040374
2014-06-04,0.614851194605169
2014-06-05,0.6330095380101471
2014-06-06,0.6499349534924991
2014-06-09,0.6646064058223866
2014-06-10,0.6766782653659478
2014-06-11,0.6862346568224205
2014-06-12,0.6935848047689384
2014-06-13,0.6991183387638278
2014-06-16,0.7032190471732014
2014-06-17,0.7062230913710127
2014-06-18,0.7084053986234998
2014-06-19,0.7099811861983083
2014-06-20,0.7111140799276863
2014-06-23,0.7119260222692665
2014-06-24,0.7125066415576203
2014-06-25,0.7129211802926545
2014-06-26,0.7132168077081132
2014-06-27,0.7134274628981441
2014-06-30,0.7135774827765412
2014-07-01,0.6635108844094196
2014-07-02,0.6741043048940067
2014-07-03,0.6833331027362372
2014-07-04,0.6908751478509872
2014-07-07,0.6967874713030409
2014-07-08,0.7012920298978561
2014-07-09,0.7046561964681916
2014-07-10,0.7071334363556939
2014-07-11,0.7089393569488939
2014-07-14,0.7102465073832746
2014-07-15,0.7111878380391629
2014-07-16,0.7118632750385839
2014-07-17,0.7123466752875403
2014-07-18,0.7126920028501535
2014-07-21,0.7129383729390087
2014-07-22,0.7131139795401062
2014-07-23,0.7132390648671991
2014-07-24,0.7133281217549519
2014-07-25,0.7133915062861178
2014-07-28,0.7134366082706949
2014-07-29,0.713468695667354
2014-07-30,0.7134915212048589
2014-07-31,0.7135077568798268
2014-08-01,0.7098969107266481
2014-08-04,0.7105615991732269
2014-08-05,0.7111222537852977
2014-08-06,0.7115660767856272
2014-08-07,0.7119047586632061
2014-08-08,0.7121573639269566
2014-08-11,0.7123429809144954
2014-08-12,0.7124780172645883
2014-08-13,0.7125755875159229
2014-08-14,0.7126457544941074
2014-08-15,0.7126960486414458
2014-08-18,0.712732015171357
2014-08-19,0.7127576938565163
2014-08-20,0.7127760063621675
2014-08-21,0.7127890551277021
2014-08-22,0.7127983478010318
2014-08-25,0.7128049628683029
2014-08-26,0.7128096704920353
2014-08-27,0.7128130199894354
2014-08-28,0.7128154028240467
2014-08-29,0.7128170977975763
2014-09-01,0.7128183033879926
2014-09-02,0.6441518349327289
2014-09-03,0.6563765455642097
2014-09-04,0.6683816497967647
2014-09-05,0.6790083099794408
2014-09-08,0.6878248824714848
2014-09-09,0.6948240402677615
2014-09-10,0.7002099456922004
2014-09-11,0.7042629677976031
2014-09-12,0.7072644128005017
2014-09-15,0.7094616271477935
2014-09-16,0.7110568428179638
2014-09-17,0.7122081499865811
2014-09-18,0.7130355614566783
2014-09-19,0.7136284006445041
2014-09-22,0.7140522527132847
2014-09-23,0.7143548208658431
2014-09-24,0.7145705734295467
2014-09-25,0.7147243002745785
2014-09-26,0.7148337720561966
2014-09-29,0.7149116981621492
2014-09-30,0.7149671532784332
2014-10-01,0.591650373923653
2014-10-02,0.6186997711115743
2014-10-03,0.6410129302146333
2014-10-06,0.6587506340533877
2014-10-07,0.6724550158273905
2014-10-08,0.6828150136579072
2014-10-09,0.6905190723207304
2014-10-10,0.6961783626743383
2014-10-13,0.7002982844334701
2014-10-14,0.7032778909248201
2014-10-15,0.7054225510000008
2014-10-16,0.7069609374373299
2014-10-17,0.7080617173145298
2014-10-20,0.7088479802712752
2014-10-21,0.7094088815498908
2014-10-22,0.7098086545079149
2014-10-23,0.7100934028287258
2014-10-24,0.7102961290822797
2014-10-27,0.7104404127455914
2014-10-28,0.7105430780013944
2014-10-29,0.7106161175486738
2014-10-30,0.7106680742535468
2014-10-31,0.7107050305813054
2014-11-03,0.6737364829591059
2014-11-04,0.6802878099921997
2014-11-05,0.6871812580275325
2014-11-06,0.6934524858168125
2014-11-07,0.6987165458054859
2014-11-10,0.7029160203190471
2014-11-11,0.7061536005467209
2014-11-12,0.7085912539051933
2014-11-13,0.7103964033782618
2014-11-14,0.7117175756646081
2014-11-17,0.71267651998038
2014-11-18,0.7133684496607555
2014-11-19,0.7138656223698652
2014-11-20,0.7142217915307445
2014-11-21,0.7144764062819735
2014-11-24,0.7146581482759868
2014-11-25,0.7147877350968856
2014-11-26,0.7148800633994425
2014-11-27,0.7149458099684016
2014-11-28,0.7149926097324893
2014-12-01,0.7150259136247259
2014-12-02,0.6945419231070953
2014-12-03,0.6992750385489067
2014-12-04,0.7032334543528203
2014-12-05,0.7063650833280415
2014-12-08,0.7087592241633089
2014-12-09,0.7105490654175126
2014-12-10,0.7118670898115818
2014-12-11,0.7128276476553543
2014-12-12,0.7135226506098051
2014-12-15,0.7140229747157736
2014-12-16,0.7143818705084068
2014-12-17,0.7146386687789442
2014-12-18,0.7148220868344066
2014-12-19,0.7149529277773412
2014-12-22,0.7150461793485556
2014-12-23,0.7151125983602419
2014-12-24,0.7151598843453235
2014-12-25,0.7151935380630429
2014-12-26,0.7152174841503147
2014-12-29,0.7152345200719548
2014-12-30,0.7152466385094722
2014-12-31,0.7152552582068041
2015-01-01,0.7262858484456511
2015-01-02,0.7232917851079128
2015-01-05,0.7211235898323295
2015-01-06,0.7195614980547536
2015-01-07,0.7184402373647457
2015-01-08,0.7176375409878849
2015-01-09,0.7170639948441033
2015-01-12,0.7166547400543832
2015-01-13,0.7163629994644742
2015-01-14,0.7161551739740624
2015-01-15,0.7160071996992085
2015-01-16,0.7159018772754367
2015-01-19,0.7158269315762759
2015-01-20,0.7157736109559226
2015-01-21,0.7157356804524185
2015-01-22,0.7157087003962118
2015-01-23,0.7156895106501044
2015-01-26,0.7156758624371906
2015-01-27,0.7156661558121504
2015-01-28,0.7156592526083805
2015-01-29,0.7156543432356809
2015-01-30,0.7156508518627303
2015-02-02,0.7156483689418731
2015-02-03,0.126315812375787
2015-02-04,-0.06027705597368728
2015-02-05,-0.20858587976635082
2015-02-06,-0.3245743459366879
2015-02-09,-0.4137238959983176
2015-02-10,-0.48113306388971866
2015-02-11,-0.5313851278166011
2015-02-12,-0.5684132423771271
2015-02-13,-0.5954480520126386
2015-02-16,-0.6150483514547809
2015-02-17,-0.6291839096580194
2015-02-18,-0.6393387267794761
2015-02-19,-0.6466130969879624
2015-02-20,-0.6518133269353585
2015-02-23,-0.6555252887122336
2015-02-24,-0.6581720838521706
2015-02-25,-0.6600579235476601
2015-02-26,-0.66140084821575
2015-02-27,-0.6623567845762639
2015-03-02,-0.6630370610154576
2015-03-03,-0.3827117631998297
2015-03-04,-0.04878066484875
2015-03-05,0.17990560421505378
2015-03-06,0.33840320585640443
2015-03-09,0.4491309172181883
2015-03-10,0.5269039621294664
2015-03-11,0.5817329646572904
2015-03-12,0.6204862641632352
2015-03-13,0.6479265277820542
2015-03-16,0.6673808869737868
2015-03-17,0.68118577163542
2015-03-18,0.6909879445649446
2015-03-19,0.6979510949763659
2015-03-20,0.702899060081001
2015-03-23,0.7064158385206579
2015-03-24,0.708915796105407
2015-03-25,0.7106931318192006
2015-03-26,0.7119568238690434
2015-03-27,0.7128553648423579
2015-03-30,0.7134942932249874
2015-03-31,0.7139486311952705
2015-04-01,0.6373186548288946
2015-04-02,0.6559901788737857
2015-04-03,0.6696347141766281
2015-04-06,0.6795352974020477
2015-04-07,0.6866804687953576
2015-04-08,0.6918162708055765
2015-04-09,0.6954968046361452
2015-04-10,0.698128714563782
2015-04-13,0.7000078125014352
2015-04-14,0.7013479117770585
2015-04-15,0.7023028437439899
2015-04-16,0.7029829174019943
2015-04-17,0.7034670446484661
2015-04-20,0.7038115807452161
2015-04-21,0.7040567231507733
2015-04-22,0.704231119340873
2015-04-23,0.7043551728773054
2015-04-24,0.7044434093802079
2015-04-27,0.7045061666340233
2015-04-28,0.704550800330991
2015-04-29,0.7045825434721393
2015-04-30,0.7046051185097686
2015-05-01,0.6179125583068735
2015-05-04,0.6296970008228039
2015-05-05,0.6436944317337336
2015-05-06,0.6576583393820059
2015-05-07,0.6702773013138896
2015-05-08,0.6809517721798297
2015-05-11,0.6895653398583677
2015-05-12,0.6962803996918694
2015-05-13,0.7013845917989318
2015-05-14,0.705193134383982
2015-05-15,0.7079968291712109
2015-05-18,0.7100407157233234
2015-05-19,0.7115202340995831
2015-05-20,0.7125858067729048
2015-05-21,0.7133504671008413
2015-05-22,0.7138977679511297
2015-05-25,0.7142887693696596
2015-05-26,0.7145677385067931
2015-05-27,0.714766588081818
2015-05-28,0.714908233215628
2015-05-29,0.7150090821053512
2015-06-01,0.7150808603591444
2015-06-02,0.6892569521155125
2015-06-03,0.6951096280390179
2015-06-04,0.7000863793635161
2015-06-05,0.7040685369598356
2015-06-08,0.7071373783714311
2015-06-09,0.7094447735357895
2015-06-10,0.7111508909286386
2015-06-11,0.7123979358092769
2015-06-12,0.7133021176615879
2015-06-15,0.7139540027394236
2015-06-16,0.7144221172930869
2015-06-17,0.7147573194429142
2015-06-18,0.7149968674468866
2015-06-19,0.7151678146615525
2015-06-22,0.7152896838818963
2015-06-23,0.7153765029924525
2015-06-24,0.7154383211242266
2015-06-25,0.7154823218186545
2015-06-26,0.7155136324384823
2015-06-29,0.7155359088133584
2015-06-30,0.7155517555924069
2015-07-01,0.5249411627136792
2015-07-02,0.5488817685321145
2015-07-03,0.5682079588379398
2015-07-06,0.5833295898352501
2015-07-07,0.5948743239869201
2015-07-08,0.6035237475589385
2015-07-09,0.6099128068980413
2015-07-10,0.6145829233231731
2015-07-13,0.6179704169669147
2015-07-14,0.6204138612893826
2015-07-15,0.6221692516303605
2015-07-16,0.6234266840413769
2015-07-17,0.6243255443471396
2015-07-20,0.6249671285528784
2015-07-21,0.6254245892680672
2015-07-22,0.6257505197162612
2015-07-23,0.6259826124846162
2015-07-24,0.6261478205742766
2015-07-27,0.6262653866830091
2015-07-28,0.6263490333007745
2015-07-29,0.6264085384346227
2015-07-30,0.626450865452166
2015-07-31,0.6264809712707973
2015-08-03,0.48208313425267757
2015-08-04,0.4894828595550549
2015-08-05,0.505731525648631
2015-08-06,0.528038201531468
2015-08-07,0.5537521134359724
2015-08-10,0.5804293105185518
2015-08-11,0.6060269998532642
2015-08-12,0.6290866879441032
2015-08-13,0.6488027780599962
2015-08-14,0.6649517802226236
2015-08-17,0.6777295430820565
2015-08-18,0.6875685025718002
2015-08-19,0.6949875914982735
2015-08-20,0.700494207837676
2015-08-21,0.7045335559040997
2015-08-24,0.7074710923131775
2015-08-25,0.709593946209893
2015-08-26,0.7111210818862757
2015-08-27,0.7122160708416345
2015-08-28,0.7129993543755577
2015-08-31,0.713558720473636
2015-09-01,0.7139243557299111
2015-09-02,0.7142093827386455
2015-09-03,0.7144560707693555
2015-09-04,0.7146540020257248
2015-09-07,0.7148062337890874
2015-09-08,0.7149203305754498
2015-09-09,0.7150044352890925
2015-09-10,0.715065750321729
2015-09-11,0.7151101167221257
2015-09-14,0.7151420539101767
2015-09-15,0.7151649614357435
2015-09-16,0.7151813509820723
2015-09-17,0.7151930564060818
2015-09-18,0.7152014059950151
2015-09-21,0.7152073565783179
2015-09-22,0.7152115947869346
2015-09-23,0.7152146120451217
2015-09-24,0.715216759410221
2015-09-25,0.7152182873358284
2015-09-28,0.7152193743358375
2015-09-29,0.71522014756436
2015-09-30,0.7152206975499878
2015-10-01,0.6748030755032525
2015-10-02,0.6837945738506168
2015-10-05,0.6914305573507719
2015-10-06,0.6975530119932638
2015-10-07,0.7022845418082383
2015-10-08,0.7058515425160582
2015-10-09,0.7084948880301651
2015-10-12,0.7104303503536951
2015-10-13,0.7118355362321012
2015-10-14,0.7128496267909114
2015-10-15,0.7135783647852062
2015-10-16,0.7141004649453828
2015-10-19,0.7144737185193706
2015-10-20,0.7147401537028242
2015-10-21,0.7149301338422946
2015-10-22,0.7150654937330991
2015-10-23,0.7151618841186481
2015-10-26,0.7152304973950885
2015-10-27,0.7152793246407904
2015-10-28,0.7153140647115267
2015-10-29,0.7153387784417107
2015-10-30,0.7153563577838208
2015-11-02,0.7153688614149663
2015-11-03,0.6524529547582801
2015-11-04,0.6659978391371816
2015-11-05,0.67761088941155
2015-11-06,0.6870174456087532
2015-11-09,0.6943527494111335
2015-11-10,0.6999233964790397
2015-11-11,0.7040751876881758
2015-11-12,0.7071282892198476
2015-11-13,0.7093520184781974
2015-11-16,0.7109606056635456
2015-11-17,0.7121185293032604
2015-11-18,0.7129491389119494
2015-11-19,0.7135434739376347
2015-11-20,0.7139679900885668
2015-11-23,0.7142708262011651
2015-11-24,0.7144866652160051
2015-11-25,0.7146404006053331
2015-11-26,0.7147498515895507
2015-11-27,0.7148277492776749
2015-11-30,0.7148831772794073
2015-12-01,0.6914714298875295
2015-12-02,0.6970879080278773
2015-12-03,0.7014015620005756
2015-12-04,0.7046343600329886
2015-12-07,0.7070183552509866
2015-12-08,0.7087572950023626
2015-12-09,0.7100161926718389
2015-12-10,0.7109227922563772
2015-12-11,0.7115732822785941
2015-12-14,0.7120388024503308
2015-12-15,0.7123713393576814
2015-12-16,0.71260857355108
2015-12-17,0.7127776623895196
2015-12-18,0.7128981018827574
2015-12-21,0.7129838493843768
2015-12-22,0.7130448776385294
2015-12-23,0.7130883025300584
2015-12-24,0.713119196539324
2015-12-25,0.7131411730344516
2015-12-28,0.7131568047292594
2015-12-29,0.7131679227565537
2015-12-30,0.7131758301061537
2015-12-31,0.7131814537915264
2016-01-01,0.5996084920498599
2016-01-04,0.6109329068648752
2016-01-05,0.6195269525535195
2016-01-06,0.6259369851061396
2016-01-07,0.6306563288464364
2016-01-08,0.6340976954986138
2016-01-11,0.6365895785076167
2016-01-12,0.638384760005981
2016-01-13,0.6396732756523584
2016-01-14,0.6405956803485
2016-01-15,0.6412547474115835
2016-01-18,0.6417250190131165
2016-01-19,0.6420602525373027
2016-01-20,0.642299059124176
2016-01-21,0.642469091459235
2016-01-22,0.6425901135340584
2016-01-25,0.642676230628165
2016-01-26,0.6427374991024877
2016-01-27,0.642781083387618
2016-01-28,0.6428120849639327
2016-01-29,0.6428341350290456
2016-02-01,0.6428498175630561
2016-02-02,0.34801388528351207
2016-02-03,0.3496411063943108
2016-02-04,0.361419526702574
2016-02-05,0.3815787737854367
2016-02-08,0.4085666788120682
2016-02-09,0.44072527609386414
2016-02-10,0.47616003572888455
2016-02-11,0.5127846939187406
2016-02-12,0.548520006412895
2016-02-15,0.5815727672689858
2016-02-16,0.6106784503594229
2016-02-17,0.6352080585641094
2016-02-18,0.6551145741521354
2016-02-19,0.6707707211674816
2016-02-22,0.6827781446261044
2016-02-23,0.691808288784751
2016-02-24,0.6984985966197724
2016-02-25,0.7034001866023571
2016-02-26,0.7069617378396974
2016-02-29,0.709534021588005
2016-03-01,0.6470896096743893
2016-03-02,0.6636471219947773
2016-03-03,0.6766940214050876
2016-03-04,0.6866764639125968
2016-03-07,0.6941573520166906
2016-03-08,0.6996809262210917
2016-03-09,0.7037160232109935
2016-03-10,0.7066412510833678
2016-03-11,0.708750260630034
2016-03-14,0.7102648278783125
2016-03-15,0.7113494467182913
2016-03-16,0.7121246111057958
2016-03-17,0.7126778194188249
2016-03-18,0.7130722226934858
2016-03-21,0.7133532035810906
2016-03-22,0.7135532765486727
2016-03-23,0.7136956864483651
2016-03-24,0.713797025817815
2016-03-25,0.7138691258222823
2016-03-28,0.7139204160729696
2016-03-29,0.7139568993136052
2016-03-30,0.7139828484478301
2016-03-31,0.7140013041947365
2016-04-01,0.7098420130218263
2016-04-04,0.7105012492609675
2016-04-05,0.7114268955191896
2016-04-06,0.7123340989457245
2016-04-07,0.7131124204708689
2016-04-08,0.7137361258242787
2016-04-11,0.7142162719613303
2016-04-12,0.7145766484667162
2016-04-13,0.7148426516773317
2016-04-14,0.7150367923068329
2016-04-15,0.7151773904494567
2016-04-18,0.7152786661374522
2016-04-19,0.7153513429445094
2016-04-20,0.7154033589713713
2016-04-21,0.7154405182976735
2016-04-22,0.7154670292469895
2016-04-25,0.7154859255457655
2016-04-26,0.7154993853992956
2016-04-27,0.7155089683579228
2016-04-28,0.715515788820187
2016-04-29,0.7155206419838742
2016-05-02,0.7155240947155219
2016-05-03,0.7042570369994687
2016-05-04,0.7066994947383263
2016-05-05,0.7088876221509618
2016-05-06,0.710684189575178
2016-05-09,0.7120884167646078
2016-05-10,0.7131530038489968
2016-05-11,0.7139441905304134
2016-05-12,0.7145243689443859
2016-05-13,0.7149459287285582
2016-05-16,0.7152502925973119
2016-05-17,0.7154690663393621
2016-05-18,0.7156258279772891
2016-05-19,0.7157379076935194
2016-05-20,0.7158179164274019
2016-05-23,0.715874968103919
2016-05-24,0.7159156180074976
2016-05-25,0.7159445653970005
2016-05-26,0.7159651711265479
2016-05-27,0.7159798348714528
2016-05-30,0.7159902680183836
2016-05-31,0.7159976900754018
2016-06-01,0.7218512135981783
2016-06-02,0.7202078731648118
2016-06-03,0.7190424416060541
2016-06-06,0.7182153878426326
2016-06-07,0.7176281514283651
2016-06-08,0.7172110207305777
2016-06-09,0.716914628340539
2016-06-10,0.7167039778377535
2016-06-13,0.7165542400054401
2016-06-14,0.7164477879663629
2016-06-15,0.7163721020716659
2016-06-16,0.7163182870417777
2016-06-17,0.7162800211320517
2016-06-20,0.7162528107483401
2016-06-21,0.7162334613528919
2016-06-22,0.7162197017042679
2016-06-23,0.716209916893694
2016-06-24,0.7162029586255878
2016-06-27,0.7161980103657443
2016-06-28,0.7161944914757645
2016-06-29,0.7161919890557913
2016-06-30,0.7161902094834618
2016-07-01,0.38747454638962653
2016-07-04,0.1360954278229842
2016-07-05,-0.060251839813127823
2016-07-06,-0.21114785547274947
2016-07-07,-0.3253019878176897
2016-07-08,-0.4104638805144749
2016-07-11,-0.47326284555670195
2016-07-12,-0.5191444584248324
2016-07-13,-0.5524273692604142
2016-07-14,-0.5764412859135922
2016-07-15,-0.593698399272434
2016-07-18,-0.6060635800572373
2016-07-19,-0.6149047116101248
2016-07-20,-0.6212164247444192
2016-07-21,-0.6257173973318976
2016-07-22,-0.628924561913587
2016-07-25,-0.6312085295994009
2016-07-26,-0.6328343886888821
2016-07-27,-0.6339914343744681
2016-07-28,-0.6348146787912288
2016-07-29,-0.6354003359717846
2016-08-01,-0.6358169298368231
2016-08-02,-0.5873081046620001
2016-08-03,-0.5840630370750761
2016-08-04,-0.581799412479492
2016-08-05,-0.5802137934121352
2016-08-08,-0.5790991224893819
2016-08-09,-0.5783132470762917
2016-08-10,-0.5777579271118114
2016-08-11,-0.5773648486714089
2016-08-12,-0.577086254902962
2016-08-15,-0.5768886159475002
2016-08-16,-0.5767483114710655
2016-08-17,-0.5766486594967848
2016-08-18,-0.5765778559001031
2016-08-19,-0.5765275364451811
2016-08-22,-0.5764917683267414
2016-08-23,-0.576466340275122
2016-08-24,-0.5764482614332069
2016-08-25,-0.5764354068790528
2016-08-26,-0.5764262665042416
2016-08-29,-0.5764197669190599
2016-08-30,-0.5764151450493329
2016-08-31,-0.5764118583711753
2016-09-01,-0.23368446667064685
2016-09-02,0.021111041509994044
2016-09-05,0.2012004809838861
2016-09-06,0.3287157464533137
2016-09-07,0.4191191209845586
2016-09-08,0.4832688773514049
2016-09-09,0.5288180136566556
2016-09-12,0.561174408781781
2016-09-13,0.5841664962549811
2016-09-14,0.6005081076905328
2016-09-15,0.6121247635391839
2016-09-16,0.6203835634689836
2016-09-19,0.6262555899733702
2016-09-20,0.6304308556979497
2016-09-21,0.6333997726125805
2016-09-22,0.6355109495415496
2016-09-23,0.6370122244391435
2016-09-26,0.6380798088352915
2016-09-27,0.6388389958393311
2016-09-28,0.6393788774693812
2016-09-29,0.6397628062223266
2016-09-30,0.6400358324466794
2016-10-03,0.4838829781593831
2016-10-04,0.35424898245877867
2016-10-05,0.2506985071122949
2016-10-06,0.16974377787081188
2016-10-07,0.10768864759672893
2016-10-10,0.06092455134864111
2016-10-11,0.026175811775766923
2016-10-12,0.0006423619337209853
2016-10-13,-0.017958377352875563
2016-10-14,-0.03142066225881046
2016-10-17,-0.04111690032012784
2016-10-18,-0.04807584636180169
2016-10-19,-0.05305734761251725
2016-10-20,-0.05661665092608663
2016-10-21,-0.05915636914208282
2016-10-24,-0.06096682165750883
2016-10-25,-0.062256522706839235
2016-10-26,-0.06317480655010112
2016-10-27,-0.06382840674426637
2016-10-28,-0.06429349846174882
2016-10-31,-0.06462439143950097
2016-11-01,0.3283219791607374
2016-11-02,0.3639600764666546
2016-11-03,0.4034935128651693
2016-11-04,0.44524805268876316
2016-11-07,0.48730258292130746
2016-11-08,0.5276908529524406
2016-11-09,0.5646924131417278
2016-11-10,0.5970942175287862
2016-11-11,0.6243166729981942
2016-11-14,0.6463720319952384
2016-11-15,0.6637040822432223
2016-11-16,0.6769920476115114
2016-11-17,0.686983937907884
2016-11-18,0.6943866479770197
2016-11-21,0.6998103125119581
2016-11-22,0.7037513647090505
2016-11-23,0.7065978497672345
2016-11-24,0.7086447712317014
2016-11-25,0.7101120702429179
2016-11-28,0.7111614865121844
2016-11-29,0.7119108089293508
2016-11-30,0.7124452295736174
2016-12-01,0.27588997602237
2016-12-02,0.3076813857612953
2016-12-05,0.3413720192962125
2016-12-06,0.3755278104746363
2016-12-07,0.4085889780162449
2016-12-08,0.4391270901025599
2016-12-09,0.4660817000305465
2016-12-12,0.48889198177491977
2016-12-13,0.5074889080449058
2016-12-14,0.5221795150368985
2016-12-15,0.5334894754282016
2016-12-16,0.5420216642506134
2016-12-19,0.5483585444961234
2016-12-20,0.5530098848434688
2016-12-21,0.5563943295753787
2016-12-22,0.5588412206078326
2016-12-23,0.5606020560305068
2016-12-26,0.5618649327673895
2016-12-27,0.5627684813146209
2016-12-28,0.5634138203841976
2016-12-29,0.5638741670697633
2016-12-30,0.5642022600046075
2017-01-02,0.5644359466969502
2017-01-03,0.30435066244010106
2017-01-04,0.1101311193524769
2017-01-05,-0.03302274445924813
2017-01-06,-0.1375232989856646
2017-01-09,-0.2132609392216368
2017-01-10,-0.2678630224667463
2017-01-11,-0.3070763874051732
2017-01-12,-0.3351597220030553
2017-01-13,-0.3552317692758942
2017-01-16,-0.36955725234931786
2017-01-17,-0.3797708625023007
2017-01-18,-0.38704747936211664
2017-01-19,-0.39222893273272874
2017-01-20,-0.39591710381399914
2017-01-23,-0.398541652801207
2017-01-24,-0.4004089602644272
2017-01-25,-0.40173732788707733
2017-01-26,-0.4026822128998278
2017-01-27,-0.40335427580098926
2017-01-30,-0.40383226682893325
2017-01-31,-0.40417221642609036
2017-02-01,0.0013902623586215736
2017-02-02,0.20159302086719466
2017-02-03,0.33751340209945613
2017-02-06,0.4311241507176641
2017-02-07,0.49622427214626363
2017-02-08,0.5418001582841687
2017-02-09,0.573855515765208
2017-02-10,0.5964745239188063
2017-02-13,0.6124714217465141
2017-02-14,0.6238031392558255
2017-02-15,0.6318393076961779
2017-02-16,0.6375429423981945
2017-02-17,0.6415933815083812
2017-02-20,0.6444709675745472
2017-02-21,0.6465159019575157
2017-02-22,0.6479694156237639
2017-02-23,0.6490027048096605
2017-02-24,0.649737336135284
2017-02-27,0.6502596707962123
2017-02-28,0.6506310784822654
2017-03-01,0.5769093904633045
2017-03-02,0.5850505326251859
2017-03-03,0.5989768851948483
2017-03-06,0.61583143382928
2017-03-07,0.6333038495595835
2017-03-08,0.6497386529850324
2017-03-09,0.6641542109388051
2017-03-10,0.6761482074224403
2017-03-13,0.6857324830156769
2017-03-14,0.6931594521041885
2017-03-15,0.6987831466928744
2017-03-16,0.7029687894548762
2017-03-17,0.7060449190877113
2017-03-20,0.7082848533633197
2017-03-21,0.7099050146770433
2017-03-22,0.7110712458690235
2017-03-23,0.7119078212033464
2017-03-24,0.712506435002195
2017-03-27,0.7129340148938612
2017-03-28,0.7132390412799681
2017-03-29,0.7134564440559369
2017-03-30,0.7136112947432509
2017-03-31,0.7137215405471858
2017-04-03,0.7105644353516092
2017-04-04,0.7115802170036384
2017-04-05,0.7123734189848577
2017-04-06,0.7129734924105469
2017-04-07,0.7134185035379749
2017-04-10,0.7137442390106276
2017-04-11,0.7139805816965228
2017-04-12,0.7141510351705138
2017-04-13,0.7142734571314153
2017-04-14,0.7143611267182745
2017-04-17,0.7144237810868763
2017-04-18,0.7144684935434886
2017-04-19,0.7145003695521788
2017-04-20,0.7145230779560436
2017-04-21,0.7145392471214153
2017-04-24,0.7145507559550284
2017-04-25,0.7145589455674642
2017-04-26,0.714564772179027
2017-04-27,0.7145689170634026
2017-04-28,0.7145718653433268
2017-05-01,0.7145739623341721
2017-05-02,0.700964448313646
2017-05-03,0.7028871999166508
2017-05-04,0.7053264356527691
2017-05-05,0.7076798491247387
2017-05-08,0.7096997200628274
2017-05-09,0.7113250420457138
2017-05-10,0.7125819119908707
2017-05-11,0.7135289538213394
2017-05-12,0.7142301644076556
2017-05-15,0.7147431514138438
2017-05-16,0.7151153157543012
2017-05-17,0.715383739799218
2017-05-18,0.7155765453098335
2017-05-19,0.7157146329182396
2017-05-22,0.7158133282264786
2017-05-23,0.7158837659281894
2017-05-24,0.7159339845423027
2017-05-25,0.7159697616675362
2017-05-26,0.7159952369911097
2017-05-29,0.7160133701338471
2017-05-30,0.7160262737698206
2017-05-31,0.716035454343971
2017-06-01,0.7041729308454507
2017-06-02,0.706034498931603
2017-06-05,0.7081095334818206
2017-06-06,0.7100033316120217
2017-06-07,0.7115775978567502
2017-06-08,0.7128186311025141
2017-06-09,0.7137651475287735
2017-06-12,0.7144715643278238
2017-06-13,0.714991132795568
2017-06-14,0.7153694549980245
2017-06-15,0.7156430133309855
2017-06-16,0.7158398548870204
2017-06-19,0.7159810083894703
2017-06-20,0.7160819833408673
2017-06-21,0.71615409258235
2017-06-22,0.7162055254340736
2017-06-23,0.7162421789878433
2017-06-26,0.7162682841244356
2017-06-27,0.7162868684679171
2017-06-28,0.7163000946489647
2017-06-29,0.7163095054472353
2017-06-30,0.7163162004501219
2017-07-03,0.7056735217731909
2017-07-04,0.7079935449508151
2017-07-05,0.7100177312607281
2017-07-06,0.7116547051108328
2017-07-07,0.7129219947312623
2017-07-10,0.7138766742590017
2017-07-11,0.7145831089483761
2017-07-12,0.7150995855517657
2017-07-13,0.7154740728435308
2017-07-14,0.7157440522277134
2017-07-17,0.7159379089710523
2017-07-18,0.7160767142520416
2017-07-19,0.7161759040177306
2017-07-20,0.716246685018598
2017-07-21,0.7162971434517478
2017-07-24,0.7163330889030435
2017-07-25,0.7163586827947315
2017-07-26,0.7163768996771909
2017-07-27,0.7163898625694843
2017-07-28,0.7163990851337652
2017-07-31,0.7164056457702259
2017-08-01,0.7137474475202543
2017-08-02,0.71444643864122
2017-08-03,0.7149793103581203
2017-08-04,0.715376353181294
2017-08-07,0.7156678591803811
2017-08-08,0.7158797908447867
2017-08-09,0.7160328462047527
2017-08-10,0.7161428749396287
2017-08-11,0.716221720254677
2017-08-14,0.7162780936172172
2017-08-15,0.7163183364431994
2017-08-16,0.71634703239713
2017-08-17,0.716367478555741
2017-08-18,0.7163820385474265
2017-08-21,0.7163924028276727
2017-08-22,0.7163997783966661
2017-08-23,0.7164050260547423
2017-08-24,0.7164087591937348
2017-08-25,0.7164114146501516
2017-08-28,0.7164133033945824
2017-08-29,0.716414646732207
2017-08-30,0.7164156021239712
2017-08-31,0.7164162815883093
2017-09-01,0.6333977220501091
2017-09-04,0.6535649346246268
2017-09-05,0.6694015851743993
2017-09-06,0.6815004060739078
2017-09-07,0.6905620093190432
2017-09-08,0.6972515647601395
2017-09-11,0.7021384506790178
2017-09-12,0.7056814135755665
2017-09-13,0.7082359969698819
2017-09-14,0.7100706840341451
2017-09-15,0.7113846283643821
2017-09-18,0.712323733630905
2017-09-19,0.712993965069656
2017-09-20,0.7134718113525643
2017-09-21,0.713812245390294
2017-09-22,0.7140546555264385
2017-09-25,0.7142272023584006
2017-09-26,0.7143499881746894
2017-09-27,0.7144373471605546
2017-09-28,0.7144994925264132
2017-09-29,0.7145436972319702
2017-10-02,0.7145751384092182
2017-10-03,0.6622650819415794
2017-10-04,0.6701990223709979
2017-10-05,0.6789049740113968
2017-10-06,0.6870447244657494
2017-10-09,0.6940151046901678
2017-10-10,0.6996595727939658
2017-10-11,0.7040600381641577
2017-10-12,0.7074007800529264
2017-10-13,0.7098897625069315
2017-10-16,0.7117195026110943
2017-10-17,0.7130518395290708
2017-10-18,0.7140154122551647
2017-10-19,0.7147089162817444
2017-10-20,0.7152063244427537
2017-10-23,0.7155622081346301
2017-10-24,0.7158163887191598
2017-10-25,0.7159977042893935
2017-10-26,0.7161269280756509
2017-10-27,0.7162189678725384
2017-10-30,0.71628449389455
2017-10-31,0.7163311290279111
2017-11-01,0.717604063721105
2017-11-02,0.7172622911290512
2017-11-03,0.717028114657013
2017-11-06,0.7168661011391103
2017-11-07,0.716753183775894
2017-11-08,0.7166740495376047
2017-11-09,0.7166183650771792
2017-11-10,0.716579065047661
2017-11-13,0.7165512688058382
2017-11-14,0.7165315784850463
2017-11-15,0.7165176147012187
2017-11-16,0.716507704105857
2017-11-17,0.7165006661934232
2017-11-20,0.7164956662557561
2017-11-21,0.7164921131246274
2017-11-22,0.716489587623404
2017-11-23,0.7164877922788724
2017-11-24,0.7164865158592076
2017-11-27,0.7164856083072015
2017-11-28,0.7164849629909936
2017-11-29,0.7164845041206411
2017-11-30,0.7164841778191398
2017-12-01,0.7141862108099892
2017-12-04,0.7146434903537396
2017-12-05,0.7150666837103861
2017-12-06,0.7154179470473931
2017-12-07,0.7156934801534427
2017-12-08,0.7159025482003079
2017-12-11,0.716057903938857
2017-12-12,0.7161717767070872
2017-12-13,0.7162544778349842
2017-12-14,0.7163141627165397
2017-12-15,0.7163570492286264
2017-12-18,0.7163877714967541
2017-12-19,0.7164097327244133
2017-12-20,0.7164254076403851
2017-12-21,0.7164365837653448
2017-12-22,0.7164445462724475
2017-12-25,0.7164502161844533
2017-12-26,0.7164542520634212
2017-12-27,0.7164571240541708
2017-12-28,0.7164591674142113
2017-12-29,0.7164606210236991
2018-01-01,0.7164616549954276
2018-01-02,0.7154944763936295
2018-01-03,0.7157432622060025
2018-01-04,0.7159298108122487
2018-01-05,0.7160673377804279
2018-01-08,0.7161675978333755
2018-01-09,0.7162401401146493
2018-01-10,0.7162923565770145
2018-01-11,0.7163298077831753
2018-01-12,0.7163566016814404
2018-01-15,0.7163757372672549
2018-01-16,0.7163893865223736
2018-01-17,0.7163991138932413
2018-01-18,0.7164060419668749
2018-01-19,0.7164109741417533
2018-01-22,0.7164144843176599
2018-01-23,0.7164169819185925
2018-01-24,0.716418758760738
2018-01-25,0.7164200226995956
2018-01-26,0.71642092171836
2018-01-29,0.7164215611393717
2018-01-30,0.7164220159049662
2018-01-31,0.7164223393316825
2018-02-01,0.601874535081254
2018-02-02,0.6270629089990951
2018-02-05,0.6481556088346969
2018-02-06,0.6650800265823988
2018-02-07,0.6782360900208027
2018-02-08,0.6882227459503533
2018-02-09,0.6956703727228952
2018-02-12,0.7011521870578742
2018-02-13,0.7051484911215276
2018-02-14,0.7080415481000951
2018-02-15,0.7101253659149066
2018-02-16,0.7116208493779583
2018-02-19,0.712691306122855
2018-02-20,0.7134561005451816
2018-02-21,0.7140017832982332
2018-02-22,0.7143907584481886
2018-02-23,0.7146678405382816
2018-02-26,0.7148651213690981
2018-02-27,0.7150055357804839
2018-02-28,0.7151054510752326
2018-03-01,0.6782309833708449
2018-03-02,0.6876314997629067
2018-03-05,0.6944901806845101
2018-03-06,0.6994557439110789
2018-03-07,0.7030316899788942
2018-03-08,0.7055974035824151
2018-03-09,0.7074335125281672
2018-03-12,0.7087450894427989
2018-03-13,0.709680768082543
2018-03-14,0.7103476687186381
2018-03-15,0.7108226897043576
2018-03-16,0.7111608819977446
2018-03-19,0.7114015797363211
2018-03-20,0.7115728488212212
2018-03-21,0.7116946955626327
2018-03-22,0.711781371322996
2018-03-23,0.7118430230149478
2018-03-26,0.7118868726978935
2018-03-27,0.7119180594043255
2018-03-28,0.7119402392990637
2018-03-29,0.711956013237585
2018-03-30,0.7119672312054022
2018-04-02,0.7119752090124835
2018-04-03,0.6513662364677766
2018-04-04,0.6587592517627915
2018-04-05,0.6681740522727718
2018-04-06,0.6777022368475452
2018-04-09,0.6862993376996116
2018-04-10,0.6935240538202063
2018-04-11,0.699310179898289
2018-04-12,0.7037899921202542
2018-04-13,0.7071756647890056
2018-04-16,0.7096905064370691
2018-04-17,0.7115354440166746
2018-04-18,0.7128769314517669
2018-04-19,0.7138461573199946
2018-04-20,0.7145432435279101
2018-04-23,0.7150429753939769
2018-04-24,0.7154003976075746
2018-04-25,0.7156556143693993
2018-04-26,0.7158376374047792
2018-04-27,0.715967349390191
2018-04-30,0.7160597288123067
2018-05-01,0.6278606795599418
2018-05-02,0.6500680534114198
2018-05-03,0.6667051437708916
2018-05-04,0.6789997059172828
2018-05-07,0.6879917382480211
2018-05-08,0.6945179028349614
2018-05-09,0.6992276406793221
2018-05-10,0.702612499821041
2018-05-11,0.705037907294487
2018-05-14,0.70677208005105
2018-05-15,0.7080101003922723
2018-05-16,0.7088929402613517
2018-05-17,0.7095220004568581
2018-05-18,0.7099699788653717
2018-05-21,0.7102888733633808
2018-05-22,0.7105158140432609
2018-05-23,0.7106772829652955
2018-05-24,0.7107921518446937
2018-05-25,0.7108738610302586
2018-05-28,0.7109319785946289
2018-05-29,0.7109733139031763
2018-05-30,0.7110027119707297
2018-05-31,0.7110236196041095
2018-06-01,0.6675032757373949
2018-06-04,0.67244466991308
2018-06-05,0.6793642845748373
2018-06-06,0.6865648563975487
2018-06-07,0.6931265310332156
2018-06-08,0.698659009184811
2018-06-11,0.7030927635502582
2018-06-12,0.7065242748597359
2018-06-13,0.709115921849518
2018-06-14,0.7110396279566473
2018-06-15,0.7124500421582971
2018-06-18,0.7134750804078405
2018-06-19,0.7142153936950888
2018-06-20,0.714747691676141
2018-06-21,0.715129209841171
2018-06-22,0.7154020409965256
2018-06-25,0.7155968342990403
2018-06-26,0.7157357517830261
2018-06-27,0.7158347405873403
2018-06-28,0.7159052364486127
2018-06-29,0.7159554200908033
2018-07-02,0.7159911336742999
2018-07-03,0.7182118090169952
2018-07-04,0.7175785523244969
2018-07-05,0.717167421302233
2018-07-06,0.7168952344977049
2018-07-09,0.7167120138168784
2018-07-10,0.7165869981729762
2018-07-11,0.71650078286169
2018-07-12,0.7164408378205426
2018-07-13,0.716398901734976
2018-07-16,0.7163694307190693
2018-07-17,0.7163486507003974
2018-07-18,0.7163339633059815
2018-07-19,0.7163235641054908
2018-07-20,0.7163161918777072
2018-07-23,0.7163109608497062
2018-07-24,0.7163072467476547
2018-07-25,0.7163046084765163
2018-07-26,0.716302733798068
2018-07-27,0.716301401396426
2018-07-30,0.7163004542536184
2018-07-31,0.7162997808941403
2018-08-01,0.6741458096657256
2018-08-02,0.6850349098628948
2018-08-03,0.6931614776597463
2018-08-06,0.6991380557327642
2018-08-07,0.7034897713851807
2018-08-08,0.706636480819503
2018-08-09,0.7089008125323968
2018-08-10,0.7105246148320847
2018-08-13,0.7116862552324367
2018-08-14,0.7125158436770733
2018-08-15,0.713107573069111
2018-08-16,0.7135292761895627
2018-08-17,0.7138296228401773
2018-08-20,0.714043442937386
2018-08-21,0.7141956164328976
2018-08-22,0.7143038927232939
2018-08-23,0.7143809226284266
2018-08-24,0.7144357171013399
2018-08-27,0.7144746915143843
2018-08-28,0.7145024118087147
2018-08-29,0.7145221268919494
2018-08-30,0.7145361481494464
2018-08-31,0.7145461197868435
2018-09-03,0.7007426695524361
2018-09-04,0.7028302874156322
2018-09-05,0.7053663858718996
2018-09-06,0.7077743942723088
2018-09-07,0.7098240228332313
2018-09-10,0.7114651225786442
2018-09-11,0.712730160149554
2018-09-12,0.7136813354159852
2018-09-13,0.7143845876967583
2018-09-14,0.7148985533889777
2018-09-17,0.715271167200052
2018-09-18,0.7155397835608425
2018-09-19,0.7157326604727738
2018-09-20,0.7158707654473679
2018-09-21,0.7159694560801229
2018-09-24,0.716039881800073
2018-09-25,0.7160900874985845
2018-09-26,0.716125853210289
2018-09-27,0.716151319287904
2018-09-28,0.7161694452835274
2018-10-01,0.7161823435473602
2018-10-02,0.5740671952316518
2018-10-03,0.6045523473164762
2018-10-04,0.6274506449324391
2018-10-05,0.6444178951964423
2018-10-08,0.6568567934022757
2018-10-09,0.665901862625081
2018-10-10,0.6724390813794838
2018-10-11,0.6771425774680897
2018-10-12,0.6805156287472907
2018-10-15,0.6829288233457491
2018-10-16,0.6846523481982069
2018-10-17,0.685881791556308
2018-10-18,0.6867580193647292
2018-10-19,0.687382116586455
2018-10-22,0.6878264331028736
2018-10-23,0.6881426562458112
2018-10-24,0.6883676631346253
2018-10-25,0.6885277395933844
2018-10-26,0.6886416094922847
2018-10-29,0.6887226038358456
2018-10-30,0.6887802108064183
2018-10-31,0.688821181876822
2018-11-01,0.224209391665386
2018-11-02,-0.018265053952047264
2018-11-05,-0.19447102517229797
2018-11-06,-0.32174748252272345
2018-11-07,-0.41327786840479686
2018-11-08,-0.47889271598687116
2018-11-09,-0.5258222179235599
2018-11-12,-0.5593324741149623
2018-11-13,-0.5832326012753348
2018-11-14,-0.6002643379767247
2018-11-15,-0.6123942655752568
2018-11-16,-0.6210294691872428
2018-11-19,-0.6271749414814572
2018-11-20,-0.6315475862300424
2018-11-21,-0.63465834548281
2018-11-22,-0.6368711402327868
2018-11-23,-0.6384450581806465
2018-11-26,-0.6395644935313447
2018-11-27,-0.640360650787831
2018-11-28,-0.6409268725324768
2018-11-29,-0.6413295576552323
2018-11-30,-0.6416159348813617
2018-12-03,-0.34261867864650186
2018-12-04,-0.04096036286852338
2018-12-05,0.17071243652300397
2018-12-06,0.31983588762189574
2018-12-07,0.42518501141197496
2018-12-10,0.4997541128023151
2018-12-11,0.5526083487288129
2018-12-12,0.5901072934249207
2018-12-13,0.6167301198192425
2018-12-14,0.635640438709107
2018-12-17,0.6490771247409833
2018-12-18,0.6586268520387699
2018-12-19,0.6654152091241714
2018-12-20,0.670241256777864
2018-12-21,0.6736725382949484
2018-12-24,0.6761123031811846
2018-12-25,0.6778471403219766
2018-12-26,0.6790807649526303
2018-12-27,0.6799580020967573
2018-12-28,0.6805818200384308
2018-12-31,0.6810254323539662
2019-01-01,0.46611312991025783
2019-01-02,0.4669716056453634
2019-01-03,0.47852494104742055
2019-01-04,0.49801791138873847
2019-01-07,0.52286208343136
2019-01-08,0.5505296416386174
2019-01-09,0.5786689150805931
2019-01-10,0.6053226210589657
2019-01-11,0.6291174468096935
2019-01-14,0.6493287248176001
2019-01-15,0.6658030046864181
2019-01-16,0.6787911728871304
2019-01-17,0.6887654788075185
2019-01-18,0.6962718784823722
2019-01-21,0.7018353197049897
2019-01-22,0.7059121086161106
2019-01-23,0.708874647088374
2019-01-24,0.7110144128013387
2019-01-25,0.7125531182969699
2019-01-28,0.7136560973357696
2019-01-29,0.7144449402914935
2019-01-30,0.71500819699812
2019-01-31,0.7154099108065834
2019-02-01,0.6993050900744687
2019-02-04,0.7039178520091358
2019-02-05,0.7072844849406892
2019-02-06,0.7097216825284137
2019-02-07,0.7114764533170126
2019-02-08,0.7127351946722509
2019-02-11,0.7136358053471514
2019-02-12,0.7142790254961296
2019-02-13,0.714737839109706
2019-02-14,0.7150648245212601
2019-02-15,0.7152977134120715
2019-02-18,0.7154635104843509
2019-02-19,0.7155815068499318
2019-02-20,0.715665465160804
2019-02-21,0.7157251948275807
2019-02-22,0.7157676829675752
2019-02-25,0.715797904097077
2019-02-26,0.7158193986805776
2019-02-27,0.7158346859481945
2019-02-28,0.7158455581687826
2019-03-01,0.6617555210818424
2019-03-04,0.6755248460145249
2019-03-05,0.6856899370843462
2019-03-06,0.6931135027558913
2019-03-07,0.6984936652214935
2019-03-08,0.7023717452661129
2019-03-11,0.7051562877915347
2019-03-12,0.7071501229437952
2019-03-13,0.708574967858133
2019-03-14,0.709591766697669
2019-03-15,0.7103166486194004
2019-03-18,0.7108330525954107
2019-03-19,0.7112007505990523
2019-03-20,0.7114624700286987
2019-03-21,0.7116487083077501
2019-03-22,0.7117812103169961
2019-03-25,0.711875468583356
2019-03-26,0.7119425151005334
2019-03-27,0.7119902025834315
2019-03-28,0.7120241191777601
2019-03-29,0.7120482407498532
2019-04-01,0.7120653956697164
2019-04-02,0.6141082452949288
2019-04-03,0.6258734409117599
2019-04-04,0.6402594910472381
2019-04-05,0.6548328509961772
2019-04-08,0.6681400551131123
2019-04-09,0.6794834867225996
2019-04-10,0.6886902210147938
2019-04-11,0.6958993239866615
2019-04-12,0.7013971160137153
2019-04-15,0.7055093692605257
2019-04-16,0.7085420697197609
2019-04-17,0.7107557852438594
2019-04-18,0.7123597509644221
2019-04-19,0.7135157376426139
2019-04-22,0.7143456840331377
2019-04-23,0.7149399203080826
2019-04-24,0.7153645590876079
2019-04-25,0.7156675814937137
2019-04-26,0.7158836036650984
2019-04-29,0.7160374951369588
2019-04-30,0.7161470702559347
2019-05-01,0.6208182367442352
2019-05-02,0.6445442265273511
2019-05-03,0.6626666259822036
2019-05-06,0.6762520218438284
2019-05-07,0.686293376944301
2019-05-08,0.693637401705393
2019-05-09,0.6989670442596961
2019-05-10,0.7028128998972166
2019-05-13,0.7055766339251752
2019-05-14,0.7075568227264689
2019-05-15,0.7089725765108633
2019-05-16,0.7099832317005812
2019-05-17,0.7107039112343659
2019-05-20,0.7112174124446249
2019-05-21,0.7115830900523559
2019-05-22,0.7118433950756843
2019-05-23,0.7120286388979667
2019-05-24,0.7121604394900013
2019-05-27,0.7122542018820542
2019-05-28,0.7123208972483184
2019-05-29,0.7123683357655475
2019-05-30,0.7124020756907362
2019-05-31,0.7124260718185965
2019-06-03,0.5553622101735937
2019-06-04,0.5725222015873339
2019-06-05,0.5934616880578498
2019-06-06,0.6151938220437987
2019-06-07,0.6356668993384256
2019-06-10,0.6536704111815614
2019-06-11,0.6686954734921147
2019-06-12,0.6807384669075347
2019-06-13,0.6900961718999941
2019-06-14,0.6971979167198222
2019-06-17,0.7024931976737866
2019-06-18,0.7063902326988549
2019-06-19,0.7092308861352316
2019-06-20,0.7112871395065443
2019-06-21,0.7127681166165931
2019-06-24,0.713830904848499
2019-06-25,0.714591610765716
2019-06-26,0.7151350857716343
2019-06-27,0.7155228482447287
2019-06-28,0.715799249922399
2019-07-01,0.7159961393657771
2019-07-02,0.709981492398714
2019-07-03,0.711596239524299
2019-07-04,0.7128589236151383
2019-07-05,0.7138151427334187
2019-07-08,0.7145247992267367
2019-07-09,0.7150445310216645
2019-07-10,0.7154217803556768
2019-07-11,0.7156939354731024
2019-07-12,0.7158894411770358
2019-07-15,0.7160294686378994
2019-07-16,0.7161295519136199
2019-07-17,0.7162009804036122
2019-07-18,0.7162519053125143
2019-07-19,0.7162881855066314
2019-07-22,0.7163140189601289
2019-07-23,0.7163324069657993
2019-07-24,0.716345491934351
2019-07-25,0.7163548015056067
2019-07-26,0.7163614241140654
2019-07-29,0.7163661348367754
2019-07-30,0.7163694853929308
2019-07-31,0.7163718684013245
2019-08-01,0.7096023134263305
2019-08-02,0.7108460593712835
2019-08-05,0.7120933813501125
2019-08-06,0.7131734956846618
2019-08-07,0.714043104496898
2019-08-08,0.7147143408878014
2019-08-09,0.7152189656730461
2019-08-12,0.7155918343650397
2019-08-13,0.7158641602623855
2019-08-14,0.7160614742825939
2019-08-15,0.7162036499313381
2019-08-16,0.7163057002346125
2019-08-19,0.7163787509580481
2019-08-20,0.7164309429180962
2019-08-21,0.7164681816787677
2019-08-22,0.7164947259522959
2019-08-23,0.7165136342112142
2019-08-26,0.7165270966255415
2019-08-27,0.716536678395947
2019-08-28,0.7165434964902486
2019-08-29,0.716548347199383
2019-08-30,0.7165517977956432
2019-09-02,0.7165542521946141
2019-09-03,0.4221868219165566
2019-09-04,0.21390432993329073
2019-09-05,0.0372872854209798
2019-09-06,-0.10673218408052532
2019-09-09,-0.22041912106763056
2019-09-10,-0.30785443153494807
2019-09-11,-0.3737472387035723
2019-09-12,-0.4226417647171967
2019-09-13,-0.45850447214806456
2019-09-16,-0.4845842178339004
2019-09-17,-0.5034312115349846
2019-09-18,-0.5169895438730503
2019-09-19,-0.5267113262374018
2019-09-20,-0.5336657621359943
2019-09-23,-0.5386321951633495
2019-09-24,-0.5421746390829617
2019-09-25,-0.544699207471478
2019-09-26,-0.546497268540316
2019-09-27,-0.5477773322855223
2019-09-30,-0.54868834273067
2019-10-01,0.2051705358191016
2019-10-02,0.2501085445809938
2019-10-03,0.2976048487488413
2019-10-04,0.34711646756395925
2019-10-07,0.39755396879696125
2019-10-08,0.4473799359634203
2019-10-09,0.49483305439061925
2019-10-10,0.5382479475084143
2019-10-11,0.5763706442119222
2019-10-14,0.6085530499750453
2019-10-15,0.6347680597690379
2019-10-16,0.6554755596994253
2019-10-17,0.6714229261229703
2019-10-18,0.6834588589091797
2019-10-21,0.69240186074055
2019-10-22,0.698968588143621
2019-10-23,0.7037481699501194
2019-10-24,0.7072045301390564
2019-10-25,0.7096922412046758
2019-10-28,0.7114766691229066
2019-10-29,0.7127534934372695
2019-10-30,0.7136654996426904
2019-10-31,0.7143161034834852
2019-11-01,0.6759341593659409
2019-11-04,0.6839677278576479
2019-11-05,0.6913043473365854
2019-11-06,0.6974569628307182
2019-11-07,0.702355823256495
2019-11-08,0.706125509302072
2019-11-11,0.7089593938680014
2019-11-12,0.711055439599785
2019-11-13,0.7125881324628617
2019-11-14,0.7136998657782194
2019-11-15,0.7145016533077884
2019-11-18,0.7150775611597914
2019-11-19,0.7154900317975066
2019-11-20,0.7157848417839339
2019-11-21,0.7159952477682292
2019-11-22,0.7161452590021659
2019-11-25,0.7162521323427828
2019-11-26,0.7163282328204958
2019-11-27,0.716382400912408
2019-11-28,0.7164209473817824
2019-11-29,0.7164483722047845
2019-12-02,0.7164678816474606
2019-12-03,0.6973046368832999
2019-12-04,0.7019678496406081
2019-12-05,0.70567689272483
2019-12-06,0.708518959576558
2019-12-09,0.7106458208689392
2019-12-10,0.7122127375439943
2019-12-11,0.7133549170093777
2019-12-12,0.7141814035455702
2019-12-13,0.7147764022606852
2019-12-16,0.715203215839899
2019-12-17,0.7155086115061726
2019-12-18,0.7157267398524199
2019-12-19,0.7158823408764183
2019-12-20,0.715993238876225
2019-12-23,0.7160722264752419
2019-12-24,0.7161284603628094
2019-12-25,0.7161684822971797
2019-12-26,0.7161969596169144
2019-12-27,0.7162172191687164
2019-12-30,0.7162316307147139
2019-12-31,0.7162418814678861
2020-01-01,0.6056738004971002
2020-01-02,0.6327392420012025
2020-01-03,0.6529432141668624
2020-01-06,0.6678462933859832
2020-01-07,0.678735803051943
2020-01-08,0.686635169553706
2020-01-09,0.6923343985495048
2020-01-10,0.6964298139995538
2020-01-13,0.699364137165603
2020-01-14,0.7014620931087767
2020-01-15,0.7029597787567918
2020-01-16,0.7040277712832665
2020-01-17,0.7047887533714633
2020-01-20,0.7053306753501564
2020-01-21,0.7057164423429059
2020-01-22,0.7059909720249534
2020-01-23,0.7061863003264535
2020-01-24,0.7063252565863194
2020-01-27,0.7064240996667993
2020-01-28,0.7064944040752008
2020-01-29,0.706544407087786
2020-01-30,0.7065799696999614
2020-01-31,0.7066052614955962
2020-02-03,0.5281741842404493
2020-02-04,0.5229850562595346
2020-02-05,0.5290658147226096
2020-02-06,0.5433901677551088
2020-02-07,0.563132106273097
2020-02-10,0.5856406940921433
2020-02-11,0.6085911518281006
2020-02-12,0.6301802820915526
2020-02-13,0.6492457407384584
2020-02-14,0.6652504964754378
2020-02-17,0.6781530121918607
2020-02-18,0.6882290422733233
2020-02-19,0.6959072213563201
2020-02-20,0.7016505749268491
2020-02-21,0.7058875971740055
2020-02-24,0.708981640842069
2020-02-25,0.71122427885901
2020-02-26,0.7128410514178354
2020-02-27,0.7140020977130943
2020-02-28,0.7148335494530795
2020-03-02,0.7154277810780485
2020-03-03,0.5755646408396006
2020-03-04,0.6088134424203016
2020-03-05,0.6353557230559206
2020-03-06,0.6559695791193166
2020-03-09,0.6716312442818273
2020-03-10,0.6833282292532317
2020-03-11,0.691950695569808
2020-03-12,0.6982447991858759
2020-03-13,0.7028061311696692
2020-03-16,0.706094267866362
2020-03-17,0.708455503611154
2020-03-18,0.7101464303883553
2020-03-19,0.7113549259490649
2020-03-20,0.712217398822092
2020-03-23,0.712832296229915
2020-03-24,0.713270366245627
2020-03-25,0.713582297444575
2020-03-26,0.713804328320401
2020-03-27,0.713962327005202
2020-03-30,0.7140747388554965
2020-03-31,0.7141547062120487
2020-04-01,-0.4537921173308569
2020-04-02,-0.4806518444891782
2020-04-03,-0.5085005932396716
2020-04-06,-0.5358740191073145
2020-04-07,-0.561393137543497
2020-04-08,-0.5840211745613839
2020-04-09,-0.6031980171836608
2020-04-10,-0.6188269268022666
2020-04-13,-0.6311576656512706
2020-04-14,-0.6406364792156745
2020-04-15,-0.64777685058231
2020-04-16,-0.6530733668181417
2020-04-17,-0.6569571201932355
2020-04-20,-0.6597808178460371
2020-04-21,-0.6618210812602927
2020-04-22,-0.6632886484785577
2020-04-23,-0.6643408506545802
2020-04-24,-0.6650934906413262
2020-04-27,-0.6656309551603965
2020-04-28,-0.6660143036024628
2020-04-29,-0.6662874952822867
2020-04-30,-0.6664820659353086
2020-05-01,-0.6891983430131081
2020-05-04,-0.6831131090717453
2020-05-05,-0.6786360848967623
2020-05-06,-0.6753732008207411
2020-05-07,-0.6730115240757557
2020-05-08,-0.6713106593761589
2020-05-11,-0.6700901107010024
2020-05-12,-0.6692165012478244
2020-05-13,-0.6685923709542076
2020-05-14,-0.6681470651187456
2020-05-15,-0.667829647315337
2020-05-18,-0.6676035415126923
2020-05-19,-0.6674425571208125
2020-05-20,-0.6673279774766987
2020-05-21,-0.6672464459525873
2020-05-22,-0.6671884405422777
2020-05-25,-0.6671471778103326
2020-05-26,-0.6671178277215806
2020-05-27,-0.667096952369723
2020-05-28,-0.6670821053615799
2020-05-29,-0.667071546176482
2020-06-01,-0.6670640366573953
2020-06-02,-0.651750566525295
2020-06-03,-0.6562614212276432
2020-06-04,-0.659410898741256
2020-06-05,-0.66162184578113
2020-06-08,-0.6631798495704366
2020-06-09,-0.6642806750797503
2020-06-10,-0.6650599422591088
2020-06-11,-0.6656123153612042
2020-06-12,-0.6660042269920641
2020-06-15,-0.6662824763227047
2020-06-16,-0.6664801214664161
2020-06-17,-0.6666205594144892
2020-06-18,-0.6667203723293431
2020-06-19,-0.6667913240380957
2020-06-22,-0.6668417659425243
2020-06-23,-0.6668776298337074
2020-06-24,-0.6669031304027742
2020-06-25,-0.6669212630494795
2020-06-26,-0.6669341569982542
2020-06-29,-0.6669433259612232
2020-06-30,-0.6669498461666528
2020-07-01,-0.6618886229337391
2020-07-02,-0.6633605344289591
2020-07-03,-0.6644003290769943
2020-07-06,-0.6651362915827574
2020-07-07,-0.665657917686791
2020-07-08,-0.6660279884037279
2020-07-09,-0.6662907181252598
2020-07-10,-0.6664773328646876
2020-07-13,-0.66660992977454
2020-07-14,-0.6667041681820141
2020-07-15,-0.6667711564214058
2020-07-16,-0.6668187801365146
2020-07-17,-0.6668526400953438
2020-07-20,-0.6668767156839406
2020-07-21,-0.6668938350167838
2020-07-22,-0.6669060083799091
2020-07-23,-0.6669146649160091
2020-07-24,-0.6669208207188173
2020-07-27,-0.6669251982598257
2020-07-28,-0.6669283112609705
2020-07-29,-0.6669305250225728
2020-07-30,-0.6669320993106531
2020-07-31,-0.6669332188486413
2020-08-03,-0.6994106982944914
2020-08-04,-0.6907023666358422
2020-08-05,-0.6842116463431936
2020-08-06,-0.6794353489704839
2020-08-07,-0.6759537472496185
2020-08-10,-0.6734334059685507
2020-08-11,-0.671618072069627
2020-08-12,-0.6703152711223882
2020-08-13,-0.6693827317528129
2020-08-14,-0.6687164700930721
2020-08-17,-0.668241088607832
2020-08-18,-0.6679022245600645
2020-08-19,-0.6676608378538422
2020-08-20,-0.6674889715509551
2020-08-21,-0.6673666457022253
2020-08-24,-0.6672796016609874
2020-08-25,-0.6672176741071851
2020-08-26,-0.6671736211790325
2020-08-27,-0.6671422863590627
2020-08-28,-0.6671199993243802
2020-08-31,-0.6671041482782758
2020-09-01,-0.6119639800038487
2020-09-02,-0.6292513067217216
2020-09-03,-0.6407258778735831
2020-09-04,-0.6485073493221105
2020-09-07,-0.6538611759626702
2020-09-08,-0.6575813878086554
2020-09-09,-0.6601842497641807
2020-09-10,-0.6620141004406508
2020-09-11,-0.6633048478040684
2020-09-14,-0.6642174815410291
2020-09-15,-0.664863848823428
2020-09-16,-0.6653221777610266
2020-09-17,-0.6656474449828668
2020-09-18,-0.6658784185996155
2020-09-21,-0.6660425034080348
2020-09-22,-0.6661591051450271
2020-09-23,-0.6662419822358758
2020-09-24,-0.6663008977883704
2020-09-25,-0.6663427841185966
2020-09-28,-0.6663725657177151
2020-09-29,-0.6663937418880471
2020-09-30,-0.6664087997630049
2020-10-01,-0.6754418759998402
2020-10-02,-0.672920436277808
2020-10-05,-0.6711033749679071
2020-10-06,-0.6697988574790232
2020-10-07,-0.6688648470902931
2020-10-08,-0.6681974114827371
2020-10-09,-0.6677211300466226
2020-10-12,-0.6673815929158354
2020-10-13,-0.6671397107582239
2020-10-14,-0.6669674836044827
2020-10-15,-0.6668448968256497
2020-10-16,-0.6667576650414797
2020-10-19,-0.6666956028698798
2020-10-20,-0.6666514536496206
2020-10-21,-0.6666200500690226
2020-10-22,-0.6665977139924213
2020-10-23,-0.6665818279980038
2020-10-26,-0.6665705298424625
2020-10-27,-0.6665624947575239
2020-10-28,-0.6665567804168855
2020-10-29,-0.6665527165768028
2020-10-30,-0.6665498265397082
2020-11-02,-0.6665477712757327
2020-11-03,-0.5275125647866046
2020-11-04,-0.1280223025720277
2020-11-05,0.13363214769973814
2020-11-06,0.30949238987327254
2020-11-09,0.4297505160704904
2020-11-10,0.5129615076658709
2020-11-11,0.5710089176941672
2020-11-12,0.6117327411527806
2020-11-13,0.6404168328854577
2020-11-16,0.6606772910860377
2020-11-17,0.6750161861377435
2020-11-18,0.6851784238471905
2020-11-19,0.6923877269799038
2020-11-20,0.6975057522446988
2020-11-23,0.7011409514101781
2020-11-24,0.7037238530105506
2020-11-25,0.7055595324067134
2020-11-26,0.7068643911418109
2020-11-27,0.7077920437828671
2020-11-30,0.7084515919731048
2020-12-01,0.7065894486064952
2020-12-02,0.7074636100242442
2020-12-03,0.7080836173798278
2020-12-04,0.7085237020328743
2020-12-07,0.7088362470864042
2020-12-08,0.7090583004117615
2020-12-09,0.7092161056522291
2020-12-10,0.7093282740342375
2020-12-11,0.7094080146933315
2020-12-14,0.7094647080368873
2020-12-15,0.7095050182233519
2020-12-16,0.7095336810632972
2020-12-17,0.7095540626993158
2020-12-18,0.7095685560841208
2020-12-21,0.7095788625174195
2020-12-22,0.7095861916488875
2020-12-23,0.7095914036028089
2020-12-24,0.7095951099954514
2020-12-25,0.7095977457458165
2020-12-28,0.7095996201297052
2020-12-29,0.7096009530795785
2020-12-30,0.7096019009954811
2020-12-31,0.70960257509856
2021-01-01,0.7169777169374832
2021-01-04,0.7155150731685055
2021-01-05,0.7145790330085262
2021-01-06,0.7139688199746544
2021-01-07,0.713563990097356
2021-01-08,0.7132912325120129
2021-01-11,0.7131050689432239
2021-01-12,0.7129766839440592
2021-01-13,0.7128874293043932
2021-01-14,0.7128249984126673
2021-01-15,0.7127811307525986
2021-01-18,0.7127502033932481
2021-01-19,0.7127283459128174
2021-01-20,0.7127128711669444
2021-01-21,0.7127019013698377
2021-01-22,0.7126941179681866
2021-01-25,0.7126885918073236
2021-01-26,0.7126846664433758
2021-01-27,0.7126818772368056
2021-01-28,0.7126798948686499
2021-01-29,0.7126784857056584
2021-02-01,0.7126774838842224
2021-02-02,0.6985036607076693
2021-02-03,0.700382206368675
2021-02-04,0.7030563317113934
2021-02-05,0.705753637373352
2021-02-08,0.7081273773653927
2021-02-09,0.710068381657959
2021-02-10,0.7115857817717789
2021-02-11,0.7127377868797999
2021-02-12,0.7135952834192967
2021-02-15,0.7142249535254226
2021-02-16,0.7146829801332304
2021-02-17,0.7150139531765993
2021-02-18,0.7152520039176599
2021-02-19,0.715422657764882
2021-02-22,0.7155447112491561
2021-02-23,0.715631861096832
2021-02-24,0.7156940157861879
2021-02-25,0.7157383072108305
2021-02-26,0.7157698506178771
2021-03-01,0.7157923057221982
2021-03-02,0.5812924396611251
2021-03-03,0.6027902857126433
2021-03-04,0.6243512778316387
2021-03-05,0.6440324631790102
2021-03-08,0.6608768800173358
2021-03-09,0.6746240341117158
2021-03-10,0.685448036616822
2021-03-11,0.693742842253686
2021-03-12,0.6999719698167703
2021-03-15,0.7045801754164394
2021-03-16,0.7079519214584664
2021-03-17,0.7103992743216325
2021-03-18,0.7121653908113139
2021-03-19,0.7134345846094587
2021-03-22,0.7143439418744155
2021-03-23,0.7149940851973116
2021-03-24,0.7154581917691596
2021-03-25,0.7157891331949024
2021-03-26,0.7160249342790017
2021-03-29,0.7161928530101687
2021-03-30,0.7163123840418025
2021-03-31,0.7163974468848
2021-04-01,0.6103466716435896
2021-04-02,0.6371090308337175
2021-04-05,0.6571682539564465
2021-04-06,0.6720072137752207
2021-04-07,0.6828721470718064
2021-04-08,0.6907652566479057
2021-04-09,0.6964659477064438
2021-04-12,0.7005654848627796
2021-04-13,0.703504332879642
2021-04-14,0.7056063257581189
2021-04-15,0.7071073013509098
2021-04-16,0.7081778472339942
2021-04-19,0.7089407538661056
2021-04-20,0.7094840997012916
2021-04-21,0.7098709072772134
2021-04-22,0.7101461911632476
2021-04-23,0.7103420630046762
2021-04-26,0.710481409441104
2021-04-27,0.7105805318363456
2021-04-28,0.7106510358103867
2021-04-29,0.7107011812147388
2021-04-30,0.710736845326678
2021-05-03,0.677919141756725
2021-05-04,0.6812918109312509
2021-05-05,0.6865979756280821
2021-05-06,0.6922924463647508
2021-05-07,0.697541552050385
2021-05-10,0.7019878765734647
2021-05-11,0.705557642999046
2021-05-12,0.7083221301625539
2021-05-13,0.7104102011128182
2021-05-14,0.7119599609535474
2021-05-17,0.7130960303397632
2021-05-18,0.7139215584540328
2021-05-19,0.71451770196685
2021-05-20,0.7149462950831045
2021-05-21,0.7152534597606098
2021-05-24,0.7154731063169948
2021-05-25,0.7156299206047312
2021-05-26,0.7157417497021099
2021-05-27,0.7158214342459441
2021-05-28,0.7158781814560469
2021-05-31,0.7159185774194339
2021-06-01,0.7156262248387556
2021-06-02,0.7153675699707948
2021-06-03,0.7154274300481642
2021-06-04,0.7155997745981022
2021-06-07,0.715790522065294
2021-06-08,0.7159616359993125
2021-06-09,0.716101628494008
2021-06-10,0.7162105788383601
2021-06-11,0.7162928605585936
2021-06-14,0.7163538219625973
2021-06-15,0.7163984187092745
2021-06-16,0.7164307652075921
2021-06-17,0.7164540886297723
2021-06-18,0.7164708373014139
2021-06-21,0.7164828302458507
2021-06-22,0.7164914005836411
2021-06-23,0.7164975163958381
2021-06-24,0.7165018762795892
2021-06-25,0.7165049821784806
2021-06-28,0.7165071936485929
2021-06-29,0.7165087677027635
2021-06-30,0.716509887780326
2021-07-01,0.682956374049529
2021-07-02,0.6900921817813978
2021-07-05,0.696356516097026
2021-07-06,0.7014749263389595
2021-07-07,0.7054769893875585
2021-07-08,0.7085170276579349
2021-07-09,0.710781323116664
2021-07-12,0.7124449912622736
2021-07-13,0.713655740176082
2021-07-14,0.7145309672787955
2021-07-15,0.7151606516128299
2021-07-16,0.7156121566654485
2021-07-19,0.7159351288271047
2021-07-20,0.7161657670288493
2021-07-21,0.7163302702490848
2021-07-22,0.7164475021902107
2021-07-23,0.7165309958305883
2021-07-26,0.7165904350495905
2021-07-27,0.7166327368954121
2021-07-28,0.7166628357966585
2021-07-29,0.716684248647344
2021-07-30,0.7166994804166656
2021-08-02,0.716710314498211
2021-08-03,0.5981074364561283
2021-08-04,0.6272999938884352
2021-08-05,0.649815138257497
2021-08-06,0.666834346200547
2021-08-09,0.6794981348167728
2021-08-10,0.6888082382813971
2021-08-11,0.6955911465112989
2021-08-12,0.7004998823538342
2021-08-13,0.7040349283153369
2021-08-16,0.7065716633737884
2021-08-17,0.7083873447648737
2021-08-18,0.7096845310493993
2021-08-19,0.7106100609685544
2021-08-20,0.7112697932324648
2021-08-23,0.7117397432493469
2021-08-24,0.7120743436426904
2021-08-25,0.7123124945179831
2021-08-26,0.7124819563031155
2021-08-27,0.7126025197943632
2021-08-30,0.7126882840030093
2021-08-31,0.7127492879726631
2021-09-01,0.722470521051821
2021-09-02,0.7200492041187389
2021-09-03,0.7184053683127518
2021-09-06,0.7172787023269536
2021-09-07,0.7165000022008386
2021-09-08,0.7159580463859341
2021-09-09,0.7155787695911568
2021-09-10,0.7153122087351538
2021-09-13,0.7151242649358539
2021-09-14,0.7149914366130277
2021-09-15,0.7148973975144981
2021-09-16,0.7148307360924757
2021-09-17,0.7147834387739069
2021-09-20,0.7147498585974585
2021-09-21,0.7147260061309203
2021-09-22,0.714709057704531
2021-09-23,0.7146970120743127
2021-09-24,0.714688449509414
2021-09-27,0.7146823621198142
2021-09-28,0.7146780340329155
2021-09-29,0.7146749566067058
2021-09-30,0.7146727683493432
2021-10-01,0.6814681861431626
2021-10-04,0.6855505705421014
2021-10-05,0.69088949825193
2021-10-06,0.6962235174340123
2021-10-07,0.7009417777462921
2021-10-08,0.7048314330226886
2021-10-11,0.707896077276631
2021-10-12,0.7102380163416682
2021-10-13,0.711990229502967
2021-10-14,0.7132819344782089
2021-10-15,0.7142242607780793
2021-10-18,0.714906642138073
2021-10-19,0.7153982005572042
2021-10-20,0.7157509822367913
2021-10-21,0.7160034978066014
2021-10-22,0.7161839050390251
2021-10-25,0.7163126230878233
2021-10-26,0.7164043744280093
2021-10-27,0.7164697314229241
2021-10-28,0.7165162646507104
2021-10-29,0.7165493843193866
2021-11-01,0.7165729512668997
2021-11-02,0.7174213246235115
2021-11-03,0.7171658920570105
2021-11-04,0.7169945448500414
2021-11-05,0.7168779346643142
2021-11-08,0.7167976711056844
2021-11-09,0.7167419432838119
2021-11-10,0.7167029976538397
2021-11-11,0.7166756486323609
2021-11-12,0.7166563751960668
2021-11-15,0.7166427579145259
2021-11-16,0.7166331190547985
2021-11-17,0.7166262871981296
2021-11-18,0.7166214402777281
2021-11-19,0.7166179992428277
2021-11-22,0.716615555116703
2021-11-23,0.7166138184804649
2021-11-24,0.7166125842351381
2021-11-25,0.7166117068897501
2021-11-26,0.7166110831633299
2021-11-29,0.7166106397013168
2021-11-30,0.7166103243851265
2021-12-01,0.6269197426883344
2021-12-02,0.6498571847795338
2021-12-03,0.6669638157886508
2021-12-06,0.6795642188078844
2021-12-07,0.6887582959554277
2021-12-08,0.6954198199970003
2021-12-09,0.700221409019045
2021-12-10,0.7036692815828626
2021-12-13,0.706138305793417
2021-12-14,0.7079028814051114
2021-12-15,0.7091622076563603
2021-12-16,0.7100600384138851
2021-12-17,0.7106996775095142
2021-12-20,0.711155137493148
2021-12-21,0.7114793313898099
2021-12-22,0.7117100300210866
2021-12-23,0.7118741659759145
2021-12-24,0.7119909287598462
2021-12-27,0.712073983397679
2021-12-28,0.7121330570708426
2021-12-29,0.7121750719555914
2021-12-30,0.7122049531202475
2021-12-31,0.7122262042145158
2022-01-03,0.6907394045530848
2022-01-04,0.6956507397617758
2022-01-05,0.6991377649303534
2022-01-06,0.7016146323801585
2022-01-07,0.7033745526280581
2022-01-10,0.7046253505418129
2022-01-11,0.7055144623801392
2022-01-12,0.7061465533406246
2022-01-13,0.7065959619495996
2022-01-14,0.7069155060379826
2022-01-17,0.7071427225407264
2022-01-18,0.7073042933808648
2022-01-19,0.7074191870468927
2022-01-20,0.7075008897272215
2022-01-21,0.7075589904564832
2022-01-24,0.7076003076167605
2022-01-25,0.7076296896542605
2022-01-26,0.7076505843078437
2022-01-27,0.7076654433131704
2022-01-28,0.7076760101554117
2022-01-31,0.7076835246774884
2022-02-01,0.6801784822164862
2022-02-02,0.6820937704323985
2022-02-03,0.6865119258441167
2022-02-04,0.6917399192396068
2022-02-07,0.6967945714952815
2022-02-08,0.7012006417408498
2022-02-09,0.7048051809262301
2022-02-10,0.7076326570786526
2022-02-11,0.709787494611114
2022-02-14,0.7113969096643331
2022-02-15,0.7125819761298655
2022-02-16,0.7134458321726032
2022-02-17,0.7140710542802466
2022-02-18,0.7145212701397928
2022-02-21,0.7148442971442528
2022-02-22,0.7150754725997367
2022-02-23,0.7152406123600656
2022-02-24,0.7153584265722249
2022-02-25,0.7154424001600604
2022-02-28,0.7155022141205785
2022-03-01,0.666882088153645
2022-03-02,0.6794273428630015
2022-03-03,0.6884548030764839
2022-03-04,0.6949293042499711
2022-03-07,0.6995616953319761
2022-03-08,0.702870366392487
2022-03-09,0.7052306410039422
2022-03-10,0.7069128684051524
2022-03-11,0.7081110706448497
2022-03-14,0.7089641272670597
2022-03-15,0.7095712612496188
2022-03-16,0.7100032681486275
2022-03-17,0.7103106124756251
2022-03-18,0.7105292419572082
2022-03-21,0.7106847511089158
2022-03-22,0.7107953567689578
2022-03-23,0.7108740215568006
2022-03-24,0.7109299677225864
2022-03-25,0.7109697556193313
2022-03-28,0.7109980516177963
2022-03-29,0.7110181746934882
2022-03-30,0.7110324853762083
2022-03-31,0.7110426624744417
2022-04-01,0.49104232855148755
2022-04-04,0.500716925443244
2022-04-05,0.5190249366505616
2022-04-06,0.5426944052256303
2022-04-07,0.5688659612696094
2022-04-08,0.5951081292615594
2022-04-11,0.6195609856906961
2022-04-12,0.6410402697887971
2022-04-13,0.659018076792453
2022-04-14,0.6734881712289105
2022-04-15,0.68477905828625
2022-04-18,0.6933794606830941
2022-04-19,0.6998114091182086
2022-04-20,0.7045560346439123
2022-04-21,0.7080206484872587
2022-04-22,0.7105318708157726
2022-04-25,0.7123422797706513
2022-04-26,0.7136423905712279
2022-04-27,0.7145734362469855
2022-04-28,0.7152388509461898
2022-04-29,0.7157137401486348
2022-05-02,0.7160523101783897
2022-05-03,0.528363555584705
2022-05-04,0.5704807012616128
2022-05-05,0.6033496286266343
2022-05-06,0.6284817892561179
2022-05-09,0.6473684542873108
2022-05-10,0.661365224050475
2022-05-11,0.6716263650659583
2022-05-12,0.6790873691294208
2022-05-13,0.6844792962185797
2022-05-16,0.6883584752107013
2022-05-17,0.6911402075033333
2022-05-18,0.6931302564661329
2022-05-19,0.6945515147662368
2022-05-20,0.6955653143576583
2022-05-23,0.6962878377317703
2022-05-24,0.6968024507652305
2022-05-25,0.6971688178195405
2022-05-26,0.6974295618148307
2022-05-27,0.6976150918051038
2022-05-30,0.697747082735268
2022-05-31,0.6978409738191853
2022-06-01,0.5640794868692245
2022-06-02,0.5725653025275301
2022-06-03,0.5876641878511635
2022-06-06,0.6061373316822968
2022-06-07,0.6254199488021975
2022-06-08,0.6436670441466879
2022-06-09,0.659760721265663
2022-06-10,0.6732163975769256
2022-06-13,0.6840130566173306
2022-06-14,0.6924074810349
2022-06-15,0.698780376563552
2022-06-16,0.7035331235975332
2022-06-17,0.7070312620038128
2022-06-20,0.7095813047111705
2022-06-21,0.7114272593552785
2022-06-22,0.7127568000419702
2022-06-23,0.7137109251995104
2022-06-24,0.714393859110289
2022-06-27,0.7148817733851351
2022-06-28,0.7152298950560557
2022-06-29,0.7154780408041922
2022-06-30,0.7156548029178949
2022-07-01,0.7109230658312218
2022-07-04,0.7123958958396207
2022-07-05,0.7134352307690253
2022-07-06,0.7141703127478849
2022-07-07,0.7146910359714902
2022-07-08,0.7150603258409491
2022-07-11,0.7153224305038154
2022-07-12,0.7155085656039002
2022-07-13,0.7156408037068753
2022-07-14,0.7157347780115195
2022-07-15,0.7158015739216792
2022-07-18,0.7158490585825611
2022-07-19,0.7158828185014006
2022-07-20,0.715906822364663
2022-07-21,0.7159238903959888
2022-07-22,0.7159360271274596
2022-07-25,0.7159446575378928
2022-07-26,0.7159507947235187
2022-07-27,0.715955159005776
2022-07-28,0.7159582625683023
2022-07-29,0.7159604696127622
2022-08-01,0.7159620391214958
2022-08-02,0.414950091349221
2022-08-03,0.4655726176050069
2022-08-04,0.5120544027015278
2022-08-05,0.5531190836120348
2022-08-08,0.5880300691277167
2022-08-09,0.6166666278323583
2022-08-10,0.639429432156568
2022-08-11,0.6570528847378161
2022-08-12,0.6704108280471509
2022-08-15,0.6803692588264754
2022-08-16,0.6877001492915491
2022-08-17,0.6930460190987942
2022-08-18,0.6969172723633708
2022-08-19,0.6997064288545332
2022-08-22,0.7017085515650998
2022-08-23,0.7031419019783165
2022-08-24,0.7041660995566427
2022-08-25,0.7048969364587292
2022-08-26,0.7054179298134687
2022-08-29,0.7057890722157085
2022-08-30,0.7060533329918344
2022-08-31,0.706241425183687
2022-09-01,0.43816709229989026
2022-09-02,0.44975736747300005
2022-09-05,0.4702982184961896
2022-09-06,0.49689466296031376
2022-09-07,0.5268872252634281
2022-09-08,0.5577996761827586
2022-09-09,0.5874961628939577
2022-09-12,0.6143828506432047
2022-09-13,0.6375220432505997
2022-09-14,0.6566020004294323
2022-09-15,0.6717907517462129
2022-09-16,0.6835462398873051
2022-09-19,0.6924470442007644
2022-09-20,0.6990745582265969
2022-09-21,0.7039479066011094
2022-09-22,0.7074983346920187
2022-09-23,0.7100674957181756
2022-09-26,0.7119174727934608
2022-09-27,0.713244868088039
2022-09-28,0.7141948748274576
2022-09-29,0.7148735462297116
2022-09-30,0.7153577465171921
2022-10-03,0.2360773330472494
2022-10-04,0.004279961051884839
2022-10-05,-0.17176690859177124
2022-10-06,-0.30424365704931144
2022-10-07,-0.4028821387767064
2022-10-10,-0.475593647515107
2022-10-11,-0.5287351896026058
2022-10-12,-0.5673058320964626
2022-10-13,-0.5951505366395594
2022-10-14,-0.6151703459848632
2022-10-17,-0.6295207214312414
2022-10-18,-0.6397843909018252
2022-10-19,-0.6471133328009073
2022-10-20,-0.6523405878166393
2022-10-21,-0.6560657233825793
2022-10-24,-0.6587187985565096
2022-10-25,-0.6606075309613957
2022-10-26,-0.6619517129710449
2022-10-27,-0.6629081375122314
2022-10-28,-0.6635885552686167
2022-10-31,-0.664072563055025
2022-11-01,-0.7154327618120923
2022-11-02,-0.701104131171605
2022-11-03,-0.6908400434453301
2022-11-04,-0.6836040957888496
2022-11-07,-0.678547099880313
2022-11-08,-0.6750241905461353
2022-11-09,-0.6725690380541935
2022-11-10,-0.6708540448479097
2022-11-11,-0.6696524032083766
2022-11-14,-0.6688078584454961
2022-11-15,-0.6682126708371007
2022-11-16,-0.6677922726878689
2022-11-17,-0.6674948077311602
2022-11-18,-0.6672840433881835
2022-11-21,-0.6671345587131045
2022-11-22,-0.6670284578423632
2022-11-23,-0.666953109014355
2022-11-24,-0.6668995781402351
2022-11-25,-0.666861536890154
2022-11-28,-0.6668344977303029
2022-11-29,-0.6668152759079609
2022-11-30,-0.6668016099244293
2022-12-01,-0.5546810398837257
2022-12-02,-0.15799517978007346
2022-12-05,0.1055768507858288
2022-12-06,0.2844616704114181
2022-12-07,0.4076126732775789
2022-12-08,0.4932244663445454
2022-12-09,0.5531423602581593
2022-12-12,0.595275278023297
2022-12-13,0.6250000960617899
2022-12-14,0.6460197727622295
2022-12-15,0.6609080925521955
2022-12-16,0.6714658055535689
2022-12-19,0.6789587338834966
2022-12-20,0.6842796568680689
2022-12-21,0.6880597495993568
2022-12-22,0.690745996002027
2022-12-23,0.6926553221734426
2022-12-26,0.694012632012619
2022-12-27,0.6949776241707704
2022-12-28,0.6956637459625052
2022-12-29,0.6961516134200372
2022-12-30,0.6964985251533824
2023-01-02,0.6967452130611074
2023-01-03,0.1727303109017132
2023-01-04,-0.050849456553011575
2023-01-05,-0.21675509387643452
2023-01-06,-0.33844152087863333
2023-01-09,-0.4269322068662713
2023-01-10,-0.49088078938273166
2023-01-11,-0.5368842256894678
2023-01-12,-0.5698699419771619
2023-01-13,-0.5934659660961912
2023-01-16,-0.6103167131160017
2023-01-17,-0.6223359201644374
2023-01-18,-0.6309015380539977
2023-01-19,-0.6370021734242932
2023-01-20,-0.6413452907284836
2023-01-23,-0.644436246838175
2023-01-24,-0.6466355640376042
2023-01-25,-0.6482002039753558
2023-01-26,-0.6493131964344583
2023-01-27,-0.6501048503532083
2023-01-30,-0.6506679092839056
2023-01-31,-0.6510683652770454
2023-02-01,-0.16175984218461345
2023-02-02,0.0054684005289899335
2023-02-03,0.1467040045284542
2023-02-06,0.2660989576221402
2023-02-07,0.36582541602648333
2023-02-08,0.44750857088253376
2023-02-09,0.5129051656118376
2023-02-10,0.5640830823626536
2023-02-13,0.6033125092693197
2023-02-14,0.6328573645603898
2023-02-15,0.6547924144429114
2023-02-16,0.6708963431012046
2023-02-17,0.6826187506095818
2023-02-20,0.691097436723509
2023-02-21,0.6972011674797565
2023-02-22,0.7015801139461354
2023-02-23,0.7047138510129178
2023-02-24,0.7069524493926688
2023-02-27,0.7085495429070516
2023-02-28,0.7096879142206529
2023-03-01,0.03607494517868124
2023-03-02,-0.08106272505249348
2023-03-03,-0.18460999379035437
2023-03-06,-0.27599365695109784
2023-03-07,-0.35551369188628656
2023-03-08,-0.4231810989224494
2023-03-09,-0.47925094545372515
2023-03-10,-0.5244541406515231
2023-03-13,-0.5599715753287848
2023-03-14,-0.5872579047603392
2023-03-15,-0.6078329648677637
2023-03-16,-0.6231182346897362
2023-03-17,-0.6343437357025774
2023-03-20,-0.6425163079128183
2023-03-21,-0.6484278685824707
2023-03-22,-0.6526836820865816
2023-03-23,-0.655736928858376
2023-03-24,-0.6579219518616801
2023-03-27,-0.6594828309146141
2023-03-28,-0.6605964136826548
2023-03-29,-0.6613901479457782
2023-03-30,-0.6619555295000796
2023-03-31,-0.6623580648753582
2023-04-03,-0.36950095713151876
2023-04-04,-0.4022101664295865
2023-04-05,-0.4317970852021696
2023-04-06,-0.45735477512181066
2023-04-07,-0.47854610537871134
2023-04-10,-0.49551406588322056
2023-04-11,-0.5087163715559976
2023-04-12,-0.518757322352366
2023-04-13,-0.5262604939369697
2023-04-14,-0.5317929526186265
2023-04-17,-0.5358319530135971
2023-04-18,-0.5387591618167369
2023-04-19,-0.5408693394302678
2023-04-20,-0.5423846758955657
2023-04-21,-0.5434698329579044
2023-04-24,-0.5442453838179694
2023-04-25,-0.5447988718297618
2023-04-26,-0.545193477551736
2023-04-27,-0.5454746045916963
2023-04-28,-0.5456747827405523
2023-05-01,-0.5458172681205612
2023-05-02,-0.6192050530725518
2023-05-03,-0.6227836461355174
2023-05-04,-0.6278063649761545
2023-05-05,-0.6331590040078331
2023-05-08,-0.6381484636647112
2023-05-09,-0.6424335707929205
2023-05-10,-0.64591686786034
2023-05-11,-0.64864173993999
2023-05-12,-0.6507160213024017
2023-05-15,-0.6522646190842826
2023-05-16,-0.6534047786038685
2023-05-17,-0.6542359124011002
2023-05-18,-0.6548374860672554
2023-05-19,-0.655270700690157
2023-05-22,-0.6555815472107818
2023-05-23,-0.6558040160233398
2023-05-24,-0.655962941945894
2023-05-25,-0.6560763261542484
2023-05-26,-0.6561571438224084
2023-05-29,-0.656214710681061
2023-05-30,-0.6562556965540688
2023-05-31,-0.6562848674882429
2023-06-01,-0.46162827023659836
2023-06-02,-0.1277551590102348
2023-06-05,0.10594912435633054
2023-06-06,0.2703966012457468
2023-06-07,0.38650342240231506
2023-06-08,0.4686636855513596
2023-06-09,0.5268904938081679
2023-06-12,0.5681984724574185
2023-06-13,0.5975246903731074
2023-06-14,0.6183549691493095
2023-06-15,0.6331558025677613
2023-06-16,0.6436750409127342
2023-06-19,0.6511525677882887
2023-06-20,0.6564685696602592
2023-06-21,0.6602482070862004
2023-06-22,0.6629356671413784
2023-06-23,0.6648466331469707
2023-06-26,0.6662055016916206
2023-06-27,0.6671718007358981
2023-06-28,0.6678589522234917
2023-06-29,0.6683476026605366
2023-06-30,0.6686950968496886
2023-07-03,0.5876266403647233
2023-07-04,0.6074985564559076
2023-07-05,0.6272098133702689
2023-07-06,0.6451169125736371
2023-07-07,0.6604013765255117
2023-07-10,0.6728521911815173
2023-07-11,0.682641875285706
2023-07-12,0.6901360813524973
2023-07-13,0.6957594378467109
2023-07-14,0.6999169765743973
2023-07-17,0.7029576048220634
2023-07-18,0.7051638871716159
2023-07-19,0.7067556522998499
2023-07-20,0.7078993512015573
2023-07-21,0.7087186902649387
2023-07-24,0.7093044223516534
2023-07-25,0.7097225217677771
2023-07-26,0.7100206430118189
2023-07-27,0.7102330521916078
2023-07-28,0.7103843095217152
2023-07-31,0.7104919785242041
2023-08-01,0.6454738216696791
2023-08-02,0.6605671508725203
2023-08-03,0.6729497798129985
2023-08-04,0.6826983025384583
2023-08-07,0.6901549083661686
2023-08-08,0.6957421699256854
2023-08-09,0.6998671982899395
2023-08-10,0.7028804098658343
2023-08-11,0.7050646983203426
2023-08-14,0.7066394373756231
2023-08-15,0.7077702819406637
2023-08-16,0.7085800853497847
2023-08-17,0.7091588305638338
2023-08-18,0.7095718550414779
2023-08-21,0.7098663127095337
2023-08-22,0.7100760886667432
2023-08-23,0.7102254591825683
2023-08-24,0.7103317791610585
2023-08-25,0.7104074365994497
2023-08-28,0.7104612645474019
2023-08-29,0.7104995564292169
2023-08-30,0.7105267937782915
2023-08-31,0.7105461666487574
2023-09-01,0.6374833911119617
2023-09-04,0.6519950264534202
2023-09-05,0.6628610349960844
2023-09-06,0.6708860747010471
2023-09-07,0.6767521255062781
2023-09-08,0.6810074706141519
2023-09-11,0.684077223093698
2023-09-12,0.68628276612403
2023-09-13,0.6878627780521916
2023-09-14,0.6889922995044364
2023-09-15,0.68979856134405
2023-09-18,0.6903734599154219
2023-09-19,0.6907830725500868
2023-09-20,0.6910747601715096
2023-09-21,0.6912823917758418
2023-09-22,0.6914301489013233
2023-09-25,0.6915352767168664
2023-09-26,0.6916100636650933
2023-09-27,0.6916632610834452
2023-09-28,0.6917010987554674
2023-09-29,0.6917280101550707
2023-10-02,0.6917471497407168
2023-10-03,-0.672975592322296
2023-10-04,-0.6577553213190819
2023-10-05,-0.6440850063690879
2023-10-06,-0.6332725892680637
2023-10-09,-0.626223336809043
2023-10-10,-0.6232158853515272
2023-10-11,-0.6238700119518217
2023-10-12,-0.6273093832024426
2023-10-13,-0.6324406217891378
2023-10-16,-0.6382319634787956
2023-10-17,-0.6438975119781097
2023-10-18,-0.6489564790890252
2023-10-19,-0.6531961283426619
2023-10-20,-0.6565909276958533
2023-10-23,-0.6592208600142584
2023-10-24,-0.6612099345886586
2023-10-25,-0.6626883858797948
2023-10-26,-0.6637735939945713
2023-10-27,-0.6645629966113761
2023-10-30,-0.6651335179182181
2023-10-31,-0.665543941655327
2023-11-01,-0.7086815267721488
2023-11-02,-0.6977385768328435
2023-11-03,-0.6894362391819979
2023-11-06,-0.6832451921894909
2023-11-07,-0.6786879084879927
2023-11-08,-0.6753651863867927
2023-11-09,-0.6729594697240873
2023-11-10,-0.6712265001141076
2023-11-13,-0.6699827096421738
2023-11-14,-0.6690923594500793
2023-11-15,-0.668456214845246
2023-11-16,-0.6680023092090293
2023-11-17,-0.6676787472032126
2023-11-20,-0.6674482574851932
2023-11-21,-0.6672841481322471
2023-11-22,-0.6671673424541156
2023-11-23,-0.6670842260052442
2023-11-24,-0.6670250925257263
2023-11-27,-0.6669830270882637
2023-11-28,-0.666953105914315
2023-11-29,-0.6669318243141219
2023-11-30,-0.6669166883418727
2023-12-01,-0.5756372102041335
2023-12-04,-0.45056500248551035
2023-12-05,-0.3545191913928998
2023-12-06,-0.28040424445056605
2023-12-07,-0.22348517532314519
2023-12-08,-0.18019752871955796
2023-12-11,-0.1476557058389801
2023-12-12,-0.12346849687194517
2023-12-13,-0.10567098349579593
2023-12-14,-0.09268403498924294
2023-12-15,-0.0832699449520779
2023-12-18,-0.07648044153724723
2023-12-19,-0.07160251865062442
2023-12-20,-0.06810788620784701
2023-12-21,-0.06560945154546724
2023-12-22,-0.0638259177146848
2023-12-25,-0.0625541039920433
2023-12-26,-0.061647897596904436
2023-12-27,-0.06100255812678208
2023-12-28,-0.06054317400822288
2023-12-29,-0.060216255138454466
2024-01-01,-0.05998365189070544
2024-01-02,-0.14517754051162413
2024-01-03,-0.17094764274024624
2024-01-04,-0.20045935491754296
2024-01-05,-0.23379133452150355
2024-01-08,-0.2708007637811387
2024-01-09,-0.31101347343973984
2024-01-10,-0.35354312489316964
2024-01-11,-0.39708281919512123
2024-01-12,-0.4400122269906977
2024-01-15,-0.48062744093601156
2024-01-16,-0.5174367584377272
2024-01-17,-0.5494157447715162
2024-01-18,-0.5761260233984805
2024-01-19,-0.5976727332435348
2024-01-22,-0.6145508867102125
2024-01-23,-0.6274604211880259
2024-01-24,-0.6371510604784283
2024-01-25,-0.6443216131620998
2024-01-26,-0.6495704406889364
2024-01-29,-0.6533819692610938
2024-01-30,-0.6561336192340707
2024-01-31,-0.6581116832708582
2024-02-01,-0.5339423434001034
2024-02-02,-0.37084826010730065
2024-02-05,-0.23851236051052171
2024-02-06,-0.13245066193116448
2024-02-07,-0.04883779484742942
2024-02-08,0.015909498735234395
2024-02-09,0.06519362470201714
2024-02-12,0.10214084285019023
2024-02-13,0.1294894645465423
2024-02-14,0.14952837579930378
2024-02-15,0.1640961643661696
2024-02-16,0.17462370511785433
2024-02-19,0.1821979180729489
2024-02-20,0.18762962633512792
2024-02-21,0.1915156752977079
2024-02-22,0.19429115248897744
2024-02-23,0.1962710052127473
2024-02-26,0.19768206385811002
2024-02-27,0.19868710357541097
2024-02-28,0.19940263003016906
2024-02-29,0.19991187715275432
2024-03-01,0.19825576661200875
2024-03-04,0.2273258123145458
2024-03-05,0.26106002282841423
2024-03-06,0.2991369530516662
2024-03-07,0.34093851093624084
2024-03-08,0.3854377301937445
2024-03-11,0.4311787081206956
2024-03-12,0.4763870285325534
2024-03-13,0.5192138744555846
2024-03-14,0.5580500203248523
2024-03-15,0.5917944253237214
2024-03-18,0.6199761658563107
2024-03-19,0.6427048417003287
2024-03-20,0.6605043907552215
2024-03-21,0.674115451612479
2024-03-22,0.6843306322184253
2024-03-25,0.6918880855748015
2024-03-26,0.6974194238486726
2024-03-27,0.7014357184721067
2024-03-28,0.7043349889303209
2024-03-29,0.7064190635951931
2024-04-01,0.7079125820454052
2024-04-02,0.694438693084868
2024-04-03,0.6984107755089302
2024-04-04,0.7013446238476622
2024-04-05,0.7034866054368223
2024-04-08,0.7050381460370995
2024-04-09,0.7061558848582572
2024-04-10,0.7069580508607716
2024-04-11,0.7075322041058134
2024-04-12,0.7079423833363528
2024-04-15,0.7082350286898602
2024-04-16,0.7084436220363117
2024-04-17,0.7085922050643119
2024-04-18,0.7086979920222489
2024-04-19,0.7087732840343418
2024-04-22,0.7088268589946938
2024-04-23,0.7088649744436393
2024-04-24,0.7088920880811549
2024-04-25,0.7089113738633348
2024-04-26,0.7089250908977738
2024-04-29,0.7089348467308062
2024-04-30,0.7089417850630374
2024-05-01,-0.419995292728428
2024-05-02,-0.45813372356879517
2024-05-03,-0.49533213682997157
2024-05-06,-0.5296392331888515
2024-05-07,-0.5596846458916558
2024-05-08,-0.584828382131814
2024-05-09,-0.6050815838759143
2024-05-10,-0.6208992542130565
2024-05-13,-0.632957269973753
2024-05-14,-0.6419806244817554
2024-05-15,-0.6486399082522174
2024-05-16,-0.653504272172063
2024-05-17,-0.6570309119963549
2024-05-20,-0.6595738014342611
2024-05-21,-0.6614001534639141
2024-05-22,-0.6627081695030839
2024-05-23,-0.6636430615551857
2024-05-24,-0.6643102992409629
2024-05-27,-0.6647860181689205
2024-05-28,-0.6651249403193061
2024-05-29,-0.6653662758263323
2024-05-30,-0.6655380587337587
2024-05-31,-0.6656603014436128
2024-06-03,-0.6057606104808964
2024-06-04,-0.6229984570788072
2024-06-05,-0.6345409241251516
2024-06-06,-0.6424147023819078
2024-06-07,-0.6478539217617785
2024-06-10,-0.6516440324109731
2024-06-11,-0.6543009683661405
2024-06-12,-0.6561713881708803
2024-06-13,-0.6574920231656116
2024-06-14,-0.658426424486704
2024-06-17,-0.659088527179762
2024-06-18,-0.6595581740652113
2024-06-19,-0.6598915541065488
2024-06-20,-0.6601283293575793
2024-06-21,-0.6602965562095344
2024-06-24,-0.6604161117292007
2024-06-25,-0.6605010935203783
2024-06-26,-0.6605615079065283
2024-06-27,-0.6606044611786699
2024-06-28,-0.6606350020605671
2024-07-01,-0.6606567184600003
2024-07-02,-0.5501316655579767
2024-07-03,-0.4838279710017435
2024-07-04,-0.43330166333239845
2024-07-05,-0.3950506033270552
2024-07-08,-0.3663544706971456
2024-07-09,-0.34503506875194745
2024-07-10,-0.3293407914074523
2024-07-11,-0.3178792190025761
2024-07-12,-0.3095634633607518
2024-07-15,-0.3035612167685174
2024-07-16,-0.2992459778243668
2024-07-17,-0.29615280507126207
2024-07-18,-0.2939404809302957
2024-07-19,-0.2923607054976459
2024-07-22,-0.291233934425478
2024-07-23,-0.29043094303754313
2024-07-24,-0.2898590381570854
2024-07-25,-0.28945189338993393
2024-07-26,-0.289162132588665
2024-07-29,-0.288955958267883
2024-07-30,-0.28880928155100466
2024-07-31,-0.28870494436823113
2024-08-01,0.07680873699823804
2024-08-02,0.11843920620830659
2024-08-05,0.16124685935994276
2024-08-06,0.2060565663371689
2024-08-07,0.2532003597177981
2024-08-08,0.30250564725241563
2024-08-09,0.35326321357899654
2024-08-12,0.4042486706865962
2024-08-13,0.45385620735150245
2024-08-14,0.5003588242461914
2024-08-15,0.5422370553044604
2024-08-16,0.5784620572694756
2024-08-19,0.6086294205310862
2024-08-20,0.6329160092483179
2024-08-21,0.6519143609888369
2024-08-22,0.666431974035918
2024-08-23,0.6773227244610203
2024-08-26,0.6853777131875741
2024-08-27,0.6912721232839798
2024-08-28,0.6955515282321861
2024-08-29,0.6986404828307463
2024-08-30,0.700860786084691
2024-09-02,0.7024518707663777
2024-09-03,0.05537900754929535
2024-09-04,-0.12075836432403753
2024-09-05,-0.2591538893520893
2024-09-06,-0.36530316708331734
2024-09-09,-0.44517552267251315
2024-09-10,-0.5043922216262254
2024-09-11,-0.5478052948332651
2024-09-12,-0.5793675016440074
2024-09-13,-0.602173208773981
2024-09-16,-0.6185780824589187
2024-09-17,-0.630340396972175
2024-09-18,-0.638754298003857
2024-09-19,-0.6447628983247014
2024-09-20,-0.6490486559211999
2024-09-23,-0.6521029383100974
2024-09-24,-0.6542782667462141
2024-09-25,-0.6558269083248915
2024-09-26,-0.6569290614887346
2024-09-27,-0.657713279545072
2024-09-30,-0.6582711884425333
2024-10-01,-0.7067050245813367
2024-10-02,-0.6953705220087862
2024-10-03,-0.6868884236097074
2024-10-04,-0.680629153923399
2024-10-07,-0.6760576353700951
2024-10-08,-0.6727438124442394
2024-10-09,-0.6703547089604756
2024-10-10,-0.6686390104824382
2024-10-11,-0.6674103583979425
2024-10-14,-0.666532254136815
2024-10-15,-0.665905580062992
2024-10-16,-0.6654587995104178
2024-10-17,-0.6651405035541877
2024-10-18,-0.6649138600825648
2024-10-21,-0.6647525374409933
2024-10-22,-0.6646377396330813
2024-10-23,-0.6645560643076839
2024-10-24,-0.6644979623806535
2024-10-25,-0.6644566339210781
2024-10-28,-0.6644272385632264
2024-10-29,-0.6644063317637461
2024-10-30,-0.6643914627688512
2024-10-31,-0.6643808881387389
2024-11-01,-0.3391929417080752
2024-11-04,-0.06993439203079485
2024-11-05,0.13403509087643203
2024-11-06,0.2877212723434554
2024-11-07,0.40247285080881595
2024-11-08,0.4873250682429472
2024-11-11,0.5495160902012329
2024-11-12,0.5947620945154259
2024-11-13,0.6274872022765774
2024-11-14,0.651049744370405
2024-11-15,0.6679577421346615
2024-11-18,0.6800602537001615
2024-11-19,0.6887072429208012
2024-11-20,0.6948771533334096
2024-11-21,0.6992753837102204
2024-11-22,0.7024085196428067
2024-11-25,0.7046393535288221
2024-11-26,0.7062271792223171
2024-11-27,0.7073570523051762
2024-11-28,0.7081609096219343
2024-11-29,0.7087327476640835
2024-12-02,0.7091394978800253
2024-12-03,0.6410904680997197
2024-12-04,0.6514150918809201
2024-12-05,0.6629044266742494
2024-12-06,0.6738501574150719
2024-12-09,0.6833915542721327
2024-12-10,0.6912359013366428
2024-12-11,0.6974264682355595
2024-12-12,0.702170961021672
2024-12-13,0.7057312526929899
2024-12-16,0.7083625633337463
2024-12-17,0.7102860984180144
2024-12-18,0.7116812140718007
2024-12-19,0.7126873831480771
2024-12-20,0.71341011936374
2024-12-23,0.7139277709016808
2024-12-24,0.7142977717181189
2024-12-25,0.7145618494139991
2024-12-26,0.7147501309130697
2024-12-27,0.7148842717370301
2024-12-30,0.7149797896191044
2024-12-31,0.7150477796154684
2025-01-01,0.21384029947632163
2025-01-02,0.00830497413023577
2025-01-03,-0.1543933441803283
2025-01-06,-0.28183245859069767
2025-01-07,-0.3801857451070485
2025-01-08,-0.4549156392730947
2025-01-09,-0.5108837380848298
2025-01-10,-0.5522884720633792
2025-01-13,-0.5826164765575608
2025-01-14,-0.6046596511727587
2025-01-15,-0.6205872623510609
2025-01-16,-0.6320456643051978
2025-01-17,-0.6402623772620812
2025-01-20,-0.6461406948005378
2025-01-21,-0.6503389689851715
2025-01-22,-0.6533337007967832
2025-01-23,-0.6554680450070848
2025-01-24,-0.6569882377258889
2025-01-27,-0.6580705144479283
2025-01-28,-0.6588407777837699
2025-01-29,-0.6593888543546222
2025-01-30,-0.6597787719265095
2025-01-31,-0.6600561385679147
2025-02-03,-0.6124871673334573
2025-02-04,-0.6223004396572361
2025-02-05,-0.629116319975376
2025-02-06,-0.6338837161410956
2025-02-07,-0.6372346394882151
2025-02-10,-0.6395980313169991
2025-02-11,-0.6412689450751071
2025-02-12,-0.6424522902139981
2025-02-13,-0.6432913475983753
2025-02-14,-0.6438867935167336
2025-02-17,-0.644309613700296
2025-02-18,-0.6446099830299633
2025-02-19,-0.6448234289719209
2025-02-20,-0.6449751390093704
2025-02-21,-0.6450829858928395
2025-02-24,-0.6451596599448983
2025-02-25,-0.645214175824266
2025-02-26,-0.6452529392055002
2025-02-27,-0.6452805028959996
2025-02-28,-0.6453001033090294
2025-03-03,-0.04843768447167699
2025-03-04,0.08828468214152864
2025-03-05,0.20659239088713233
2025-03-06,0.30889865374498693
2025-03-07,0.3961625871603587
2025-03-10,0.469002927115475
2025-03-11,0.528290472007866
2025-03-12,0.5753371725625189
2025-03-13,0.6118104603274113
2025-03-14,0.6395263800129782
2025-03-17,0.6602458647513286
2025-03-18,0.6755367284184781
2025-03-19,0.6867104222813302
2025-03-20,0.6948152226444998
2025-03-21,0.7006618762610893
2025-03-24,0.7048626694489011
2025-03-25,0.7078721523180838
2025-03-26,0.7100236505040141
2025-03-27,0.7115594524295901
2025-03-28,0.712654568832545
2025-03-31,0.7134348479421072
2025-04-01,0.7141172723528542
2025-04-02,0.7144439206005815
2025-04-03,0.7146932795779035
2025-04-04,0.7148792968563362
2025-04-07,0.7150159963279301
2025-04-08,0.7151154495645244
2025-04-09,0.7151873109120546
2025-04-10,0.7152389901025302
2025-04-11,0.7152760328327789
2025-04-14,0.7153025230467209
2025-04-15,0.7153214360484438
2025-04-16,0.7153349236854347
2025-04-17,0.7153445344461018
2025-04-18,0.7153513787477885
2025-04-21,0.7153562509221589
2025-04-22,0.7153597182136477
2025-04-23,0.7153621852087552
2025-04-24,0.715363940230754
2025-04-25,0.7153651886245437
2025-04-28,0.7153660765744712
2025-04-29,0.715366708116838
2025-04-30,0.7153671572759872
2025-05-01,0.716173297388227
2025-05-02,0.7159439101466079
2025-05-05,0.7157822146324845
2025-05-06,0.7156679524870464
2025-05-07,0.7155870640445129
2025-05-08,0.7155297273475394
2025-05-09,0.7154890471999484
2025-05-12,0.7154601655879422
2025-05-13,0.7154396508050442
2025-05-14,0.715425074083609
2025-05-15,0.7154147141280117
2025-05-16,0.7154073498391277
2025-05-19,0.7154021143524416
2025-05-20,0.7153983919677329
2025-05-21,0.7153957452205539
2025-05-22,0.7153938632064342
2025-05-23,0.7153925249265042
2025-05-26,0.7153915732687833
2025-05-27,0.7153908965293216
2025-05-28,0.7153904152833065
2025-05-29,0.7153900730547156
2025-05-30,0.7153898296842236
2025-06-02,0.7153896566144127
2025-06-03,0.5337006805090585
2025-06-04,0.5718438738877092
2025-06-05,0.6030130595166147
2025-06-06,0.6277317063294112
2025-06-09,0.6468423713705289
2025-06-10,0.661314974461533
2025-06-11,0.6720985481600493
2025-06-12,0.6800341456577477
2025-06-13,0.6858197044821053
2025-06-16,0.6900087544293119
2025-06-17,0.6930265846460967
2025-06-18,0.6951927128165676
2025-06-19,0.6967434076131171
2025-06-20,0.6978514189516515
2025-06-23,0.6986420457390226
2025-06-24,0.6992056530932989
2025-06-25,0.6996071483379898
2025-06-26,0.69989301878844
2025-06-27,0.700096490956844
2025-06-30,0.7002412786762888
2025-07-01,0.5661139354001213
2025-07-02,0.5808362338619025
2025-07-03,0.5996515444976651
2025-07-04,0.6196223123660676
2025-07-07,0.6386863815959882
2025-07-08,0.6555942301581963
2025-07-09,0.6697863026992095
2025-07-10,0.6812070748217539
2025-07-11,0.6901061925953291
2025-07-14,0.6968733080672161
2025-07-15,0.7019261868917647
2025-07-16,0.7056485521633472
2025-07-17,0.7083638179618572
2025-07-18,0.7103303043423727
2025-07-21,0.7117471396973842
2025-07-22,0.7127641592399623
2025-07-23,0.7134922385710434
2025-07-24,0.714012471611806
2025-07-25,0.7143836855592522
2025-07-28,0.714648308653937
2025-07-29,0.7148368166662589
2025-07-30,0.7149710366629425
2025-07-31,0.7150665693100122
2025-08-01,0.6881850144308046
2025-08-04,0.6947643285349443
2025-08-05,0.6998696497305792
2025-08-06,0.7037227845127847
2025-08-07,0.7065782665780119
2025-08-08,0.70866836992779
2025-08-11,0.7101852220104771
2025-08-12,0.7112795004127749
2025-08-13,0.7120656275029805
2025-08-14,0.7126287131316469
2025-08-15,0.7130311972401207
2025-08-18,0.7133184606310244
2025-08-19,0.713523272909462
2025-08-20,0.7136691906673248
2025-08-21,0.713773094251055
2025-08-22,0.7138470530167866
2025-08-25,0.7138996829434641
2025-08-26,0.7139371279067492
2025-08-27,0.713963765527271
2025-08-28,0.7139827131952098
2025-08-29,0.7139961899853622
2025-09-01,0.7140057750731269
2025-09-02,0.6835850477451413
2025-09-03,0.6906115348107492
2025-09-04,0.6965794715761443
2025-09-05,0.7013569700907658
2025-09-08,0.7050420857958268
2025-09-09,0.7078153935277804
2025-09-10,0.7098676302280086
2025-09-11,0.7113686047619083
2025-09-12,0.7124574235818821
2025-09-15,0.7132427073285076
2025-09-16,0.7138067632984558
2025-09-17,0.7142107435714484
2025-09-18,0.7144994830166638
2025-09-19,0.7147055549677545
2025-09-22,0.7148524753056777
2025-09-23,0.7149571460734506
2025-09-24,0.7150316779056445
2025-09-25,0.7150847292936701
2025-09-26,0.7151224810304919
2025-09-29,0.7151493403820173
2025-09-30,0.7151684475397824
2025-10-01,0.6896751809134427
2025-10-02,0.6957438121653526
2025-10-03,0.7006280105913539
2025-10-06,0.7044025712169052
2025-10-07,0.7072447766593855
2025-10-08,0.7093480958748288
2025-10-09,0.7108862334661002
2025-10-10,0.7120018224512596
2025-10-13,0.7128062868389129
2025-10-14,0.7133840445837907
2025-10-15,0.7137977959910915
2025-10-16,0.7140934964466291
2025-10-17,0.7143045243959958
2025-10-20,0.7144549718676089
2025-10-21,0.7145621522364407
2025-10-22,0.7146384693903363
2025-10-23,0.7146927907112206
2025-10-24,0.7147314457079588
2025-10-27,0.7147589474845868
2025-10-28,0.7147785115378226
2025-10-29,0.7147924276005521
2025-10-30,0.714802325546811
2025-10-31,0.7148093652331062
