date,ESP_macro_f1__ESP_macro_f2
1999-02-01,0.5286425427669063
1999-02-02,0.22526672705018058
1999-02-03,-0.002720842268950776
1999-02-04,-0.17918044335182345
1999-02-05,-0.3159995099189315
1999-02-08,-0.4222284846789813
1999-02-09,-0.5047930530042914
1999-02-10,-0.5690163998041435
1999-02-11,-0.6190037863944111
1999-02-12,-0.6579293626994228
1999-02-15,-0.6882522069529803
1999-02-16,-0.7118803203225843
1999-02-17,-0.7302958655314769
1999-02-18,-0.7446512570243383
1999-02-19,-0.7558431556613946
1999-02-22,-0.7645696103646087
1999-02-23,-0.7713742826276904
1999-02-24,-0.7766807327319682
1999-02-25,-0.7808190366459737
1999-02-26,-0.7840464706874966
1999-03-01,-0.7865635991698541
1999-03-02,-0.7833382805910458
1999-03-03,-0.7860108280021948
1999-03-04,-0.7880939048153749
1999-03-05,-0.7897184699096577
1999-03-08,-0.790985461844888
1999-03-09,-0.7919735984840013
1999-03-10,-0.7927442671098568
1999-03-11,-0.7933453380222109
1999-03-12,-0.7938141410012804
1999-03-15,-0.7941797868953306
1999-03-16,-0.7944649778774784
1999-03-17,-0.7946874188422091
1999-03-18,-0.7948609178123792
1999-03-19,-0.7949962439100206
1999-03-22,-0.7951017963378196
1999-03-23,-0.7951841260295908
1999-03-24,-0.7952483424377879
1999-03-25,-0.7952984307643903
1999-03-26,-0.7953374993611786
1999-03-29,-0.7953679726771109
1999-03-30,-0.7953917417418606
1999-03-31,-0.7954102815334385
1999-04-01,-0.7995519024644303
1999-04-02,-0.7986500239192744
1999-04-05,-0.7979459541474847
1999-04-06,-0.7973996830673546
1999-04-07,-0.7969754945277192
1999-04-08,-0.7966458410278019
1999-04-09,-0.7963894768240971
1999-04-12,-0.796189991704555
1999-04-13,-0.7960346911050958
1999-04-14,-0.7959137409031789
1999-04-15,-0.7958195133431817
1999-04-16,-0.79574608567948
1999-04-19,-0.7956888549380386
1999-04-20,-0.7956442411925955
1999-04-21,-0.795609458516351
1999-04-22,-0.7955823378340328
1999-04-23,-0.7955611896899919
1999-04-26,-0.795544697793308
1999-04-27,-0.7955318363452316
1999-04-28,-0.7955218057777286
1999-04-29,-0.7955139827666228
1999-04-30,-0.7955078813258738
1999-05-03,-0.7957313318101659
1999-05-04,-0.7952771532987122
1999-05-05,-0.7950687778484555
1999-05-06,-0.7950003628884551
1999-05-07,-0.7950075434868888
1999-05-10,-0.7950516489214128
1999-05-11,-0.7951103123509791
1999-05-12,-0.795171243373598
1999-05-13,-0.7952282036706705
1999-05-14,-0.7952784710050591
1999-05-17,-0.7953212792850338
1999-05-18,-0.7953568828457388
1999-05-19,-0.7953860111254234
1999-05-20,-0.7954095623801847
1999-05-21,-0.7954284405870837
1999-05-24,-0.7954434759995743
1999-05-25,-0.7954553930485891
1999-05-26,-0.7954648038662944
1999-05-27,-0.7954722147147447
1999-05-28,-0.7954780380748993
1999-05-31,-0.7954826064234718
1999-06-01,-0.7949482497364261
1999-06-02,-0.7950686804802861
1999-06-03,-0.7951631646867536
1999-06-04,-0.7952368831892567
1999-06-07,-0.7952943939328609
1999-06-08,-0.7953392585175653
1999-06-09,-0.7953742566399656
1999-06-10,-0.7954015574384276
1999-06-11,-0.7954228534281463
1999-06-14,-0.7954394651253818
1999-06-15,-0.7954524227469666
1999-06-16,-0.7954625299915389
1999-06-17,-0.795470413822397
1999-06-18,-0.7954765633183323
1999-06-21,-0.7954813599894921
1999-06-22,-0.7954851014311402
1999-06-23,-0.7954880197780623
1999-06-24,-0.7954902961017163
1999-06-25,-0.7954920716416447
1999-06-28,-0.7954934565669781
1999-06-29,-0.7954945368110057
1999-06-30,-0.7954953794025075
1999-07-01,-0.7892294412369012
1999-07-02,-0.7906025782454392
1999-07-05,-0.7916811799976727
1999-07-06,-0.7925213672662381
1999-07-07,-0.7931759377118475
1999-07-08,-0.7936860058297787
1999-07-09,-0.7940835453325779
1999-07-12,-0.7943934300528935
1999-07-13,-0.7946350183532952
1999-07-14,-0.7948233819587084
1999-07-15,-0.7949702592106132
1999-07-16,-0.7950847949833967
1999-07-19,-0.7951741154165572
1999-07-20,-0.795243774652674
1999-07-21,-0.7952981023057494
1999-07-22,-0.7953404738661469
1999-07-23,-0.7953735212297751
1999-07-26,-0.7953992966712558
1999-07-27,-0.795419400595177
1999-07-28,-0.7954350810911535
1999-07-29,-0.7954473115309927
1999-07-30,-0.7954568510603229
1999-08-02,-0.7954642917611607
1999-08-03,-0.7939901952987326
1999-08-04,-0.7943176257967215
1999-08-05,-0.7945752579810816
1999-08-06,-0.7947761901709072
1999-08-09,-0.7949328933251838
1999-08-10,-0.7950551064872738
1999-08-11,-0.7951504231283739
1999-08-12,-0.7952247640951932
1999-08-13,-0.7952827463107334
1999-08-16,-0.7953279701218149
1999-08-17,-0.7953632432610718
1999-08-18,-0.7953907554235937
1999-08-19,-0.7954122143624267
1999-08-20,-0.7954289519954632
1999-08-23,-0.7954420071387075
1999-08-24,-0.7954521900193643
1999-08-25,-0.795460132584304
1999-08-26,-0.7954663277333979
1999-08-27,-0.7954711599170309
1999-08-30,-0.7954749289993973
1999-08-31,-0.7954778688701759
1999-09-01,-0.7953226663948219
1999-09-02,-0.7953591116299046
1999-09-03,-0.7953873364883315
1999-09-06,-0.7954093953484285
1999-09-07,-0.7954266288804149
1999-09-08,-0.7954400878324693
1999-09-09,-0.7954505960256887
1999-09-10,-0.795458798623524
1999-09-13,-0.7954652004232164
1999-09-14,-0.7954701961207519
1999-09-15,-0.79547409415904
1999-09-16,-0.7954771354762047
1999-09-17,-0.7954795082184033
1999-09-20,-0.7954813592700151
1999-09-21,-0.7954828032801253
1999-09-22,-0.7954839297232177
1999-09-23,-0.7954848084186894
1999-09-24,-0.7954854938434802
1999-09-27,-0.7954860285004263
1999-09-28,-0.7954864455483166
1999-09-29,-0.7954867708549995
1999-09-30,-0.7954870245998216
1999-10-01,-0.79658219394798
1999-10-04,-0.7963429642733464
1999-10-05,-0.7961550547086795
1999-10-06,-0.7960085645523611
1999-10-07,-0.795894358045937
1999-10-08,-0.7958053115347394
1999-10-11,-0.7957358765588205
1999-10-12,-0.7956817303743176
1999-10-13,-0.7956395043875426
1999-10-14,-0.7956065730438749
1999-10-15,-0.795580889612633
1999-10-18,-0.7955608583831555
1999-10-19,-0.7955452351548415
1999-10-20,-0.7955330497292379
1999-10-21,-0.7955235455217112
1999-10-22,-0.7955161325003157
1999-10-25,-0.7955103505037527
1999-10-26,-0.795505840645097
1999-10-27,-0.79550232301632
1999-10-28,-0.7954995793036993
1999-10-29,-0.7954974392314313
1999-11-01,-0.7954957699898435
1999-11-02,-0.7927201005721339
1999-11-03,-0.7933203857351855
1999-11-04,-0.7937928480968527
1999-11-05,-0.7941628828268564
1999-11-08,-0.7944524047182292
1999-11-09,-0.7946787671816359
1999-11-10,-0.7948556514176094
1999-11-11,-0.7949938147362702
1999-11-12,-0.7951016989694604
1999-11-15,-0.7951859193025976
1999-11-16,-0.7952516539118684
1999-11-17,-0.7953029528053195
1999-11-18,-0.7953429816422847
1999-11-19,-0.7953742136571403
1999-11-22,-0.7953985804052703
1999-11-23,-0.7954175899734274
1999-11-24,-0.7954324195626233
1999-11-25,-0.7954439879315682
1999-11-26,-0.7954530120409322
1999-11-29,-0.7954600513196771
1999-11-30,-0.795465542243595
1999-12-01,-0.7630224144627148
1999-12-02,-0.7701266386346806
1999-12-03,-0.7756785899597562
1999-12-06,-0.7800145048391263
1999-12-07,-0.7833987070843493
1999-12-08,-0.7860392405582598
1999-12-09,-0.7880991672647767
1999-12-10,-0.7897060047620945
1999-12-13,-0.7909593526658288
1999-12-14,-0.791936953159344
1999-12-15,-0.7926994657087659
1999-12-16,-0.7932942115155031
1999-12-17,-0.7937581026602564
1999-12-20,-0.7941199303024354
1999-12-21,-0.7944021508260942
1999-12-22,-0.7946222795098086
1999-12-23,-0.7947939777200316
1999-12-24,-0.7949279009280051
1999-12-27,-0.7950323601323956
1999-12-28,-0.7951138377343074
1999-12-29,-0.7951773898911464
1999-12-30,-0.7952269603316168
1999-12-31,-0.7952656251169167
2000-01-03,-0.7575130970210069
2000-01-04,-0.765952761243954
2000-01-05,-0.7724657163147555
2000-01-06,-0.7774920764967314
2000-01-07,-0.7813800245965092
2000-01-10,-0.784392875607927
2000-01-11,-0.7867309346011095
2000-01-12,-0.7885473668552148
2000-01-13,-0.7899597835124851
2000-01-14,-0.791058797381774
2000-01-17,-0.791914405997669
2000-01-18,-0.7925807951124897
2000-01-19,-0.7930999795744733
2000-01-20,-0.7935045792394039
2000-01-21,-0.7938199454751651
2000-01-24,-0.794065796393006
2000-01-25,-0.7942574781179138
2000-01-26,-0.7944069399594575
2000-01-27,-0.7945234898127811
2000-01-28,-0.7946143801938579
2000-01-31,-0.794685263416525
2000-02-01,-0.7739171870476792
2000-02-02,-0.7783304076419313
2000-02-03,-0.7817818898330986
2000-02-04,-0.7844760121799468
2000-02-07,-0.7865780974540973
2000-02-08,-0.7882179054652928
2000-02-09,-0.7894969644671375
2000-02-10,-0.7904945894591295
2000-02-11,-0.7912726906225426
2000-02-14,-0.791879571395002
2000-02-15,-0.7923529105192803
2000-02-16,-0.7927220958515051
2000-02-17,-0.7930100476663514
2000-02-18,-0.7932346418010604
2000-02-21,-0.7934098199216684
2000-02-22,-0.7935464554888012
2000-02-23,-0.7936530291058049
2000-02-24,-0.7937361551891277
2000-02-25,-0.7938009926922598
2000-02-28,-0.7938515654141641
2000-02-29,-0.7938910118017531
2000-03-01,-0.30421887282533766
2000-03-02,-0.048494806219842736
2000-03-03,0.15723198061839602
2000-03-06,0.32175926812019345
2000-03-07,0.45268603131498064
2000-03-08,0.5564514289446136
2000-03-09,0.6384194787953179
2000-03-10,0.7029975372368849
2000-03-13,0.753767305119328
2000-03-14,0.7936141473833322
2000-03-15,0.8248464182705328
2000-03-16,0.8493007748262039
2000-03-17,0.8684322831589937
2000-03-20,0.8833898035046397
2000-03-21,0.8950780227007762
2000-03-22,0.9042078687409473
2000-03-23,0.9113370992978902
2000-03-24,0.9169027453168055
2000-03-27,0.9212469014765963
2000-03-28,0.9246371409235076
2000-03-29,0.9272826218139447
2000-03-30,0.929346762569466
2000-03-31,0.9309571971817312
2000-04-03,0.9251185144584455
2000-04-04,0.9267762792958503
2000-04-05,0.9283836112472493
2000-04-06,0.9298485473072116
2000-04-07,0.9311310616983011
2000-04-10,0.9322224518834522
2000-04-11,0.9331321585902591
2000-04-12,0.933878806988904
2000-04-13,0.9344845137009311
2000-04-14,0.9349715295241062
2000-04-17,0.9353604468064209
2000-04-18,0.9356693945056871
2000-04-19,0.9359138191427131
2000-04-20,0.9361065873012729
2000-04-21,0.9362582443502538
2000-04-24,0.936377331227074
2000-04-25,0.9364707045485298
2000-04-26,0.9365438322219571
2000-04-27,0.9366010526910239
2000-04-28,0.9366457949418004
2000-05-01,0.9366807611030434
2000-05-02,0.8881766913577117
2000-05-03,0.8924929304784724
2000-05-04,0.8976783545491305
2000-05-05,0.9031108062094558
2000-05-08,0.9083668506009169
2000-05-09,0.9131901103559386
2000-05-10,0.9174517932039038
2000-05-11,0.9211126235066743
2000-05-12,0.9241905421841151
2000-05-15,0.9267359019510468
2000-05-16,0.9288139906100598
2000-05-17,0.9304937014264795
2000-05-18,0.9318408472493754
2000-05-19,0.9329147050126453
2000-05-22,0.9337666474738021
2000-05-23,0.9344400235632859
2000-05-24,0.9349707158551926
2000-05-25,0.9353880097452368
2000-05-26,0.935715555153101
2000-05-29,0.9359722990207676
2000-05-30,0.9361733284296788
2000-05-31,0.9363306010237538
2000-06-01,0.9367242714862267
2000-06-02,0.9367520818649313
2000-06-05,0.9367774111317814
2000-06-06,0.9367994319928574
2000-06-07,0.9368179985795323
2000-06-08,0.9368333324643855
2000-06-09,0.9368458141250834
2000-06-12,0.9368558683233684
2000-06-13,0.9368639050353244
2000-06-14,0.9368702922799981
2000-06-15,0.9368753466415045
2000-06-16,0.9368793331075898
2000-06-19,0.9368824693928218
2000-06-20,0.936884932041241
2000-06-21,0.9368868628590147
2000-06-22,0.9368883749549112
2000-06-23,0.9368895580768284
2000-06-26,0.9368904831557402
2000-06-27,0.9368912060826277
2000-06-28,0.9368917707963058
2000-06-29,0.9368922117783482
2000-06-30,0.9368925560517614
2000-07-03,0.8915434118724916
2000-07-04,0.8958581678726707
2000-07-05,0.9008780693935635
2000-07-06,0.906037110203622
2000-07-07,0.9109606126027077
2000-07-10,0.9154317974165868
2000-07-11,0.9193502865104848
2000-07-12,0.9226946584158198
2000-07-13,0.9254921465630842
2000-07-14,0.9277962163615112
2000-07-17,0.9296712645509466
2000-07-18,0.9311830061001957
2000-07-19,0.9323930069395666
2000-07-20,0.933356018133121
2000-07-21,0.9341190722242798
2000-07-24,0.9347216031980269
2000-07-25,0.935196099285482
2000-07-26,0.9355689818372612
2000-07-27,0.9358615306082316
2000-07-28,0.9360907587379179
2000-07-31,0.9362701921140956
2000-08-01,0.9364833784676969
2000-08-02,0.9365679654774347
2000-08-03,0.9366379120068887
2000-08-04,0.9366946370004806
2000-08-07,0.9367402053197305
2000-08-08,0.9367765565719609
2000-08-09,0.9368054036247622
2000-08-10,0.9368282050314788
2000-08-11,0.9368461734180021
2000-08-14,0.9368603004329953
2000-08-15,0.9368713875219111
2000-08-16,0.9368800768677071
2000-08-17,0.9368868797709994
2000-08-18,0.9368922013824598
2000-08-21,0.9368963615793212
2000-08-22,0.9368996122163109
2000-08-23,0.9369021511711934
2000-08-24,0.9369041336597727
2000-08-25,0.9369056812805949
2000-08-28,0.936906889203204
2000-08-29,0.9369078318561973
2000-08-30,0.9369085674133525
2000-08-31,0.9369091413229046
2000-09-01,0.9370785631656859
2000-09-04,0.9370401714844787
2000-09-05,0.9370108398082168
2000-09-06,0.9369883533899416
2000-09-07,0.936971053790074
2000-09-08,0.9369577064852073
2000-09-11,0.9369473848782736
2000-09-12,0.9369393884603152
2000-09-13,0.936933184426173
2000-09-14,0.9369283654871297
2000-09-15,0.9369246190216134
2000-09-18,0.936921704272346
2000-09-19,0.9369194353303826
2000-09-20,0.936917668333159
2000-09-21,0.9369162917661086
2000-09-22,0.9369152190730393
2000-09-25,0.9369143829989784
2000-09-26,0.9369137312426256
2000-09-27,0.9369132231048845
2000-09-28,0.9369128268988419
2000-09-29,0.9369125179442411
2000-10-02,0.9369122770121084
2000-10-03,0.9373905078905416
2000-10-04,0.9372553535605006
2000-10-05,0.937160952760621
2000-10-06,0.9370945374474278
2000-10-09,0.9370472364431458
2000-10-10,0.9370131344034767
2000-10-11,0.9369882596189062
2000-10-12,0.9369699190400707
2000-10-13,0.9369562653044474
2000-10-16,0.9369460148641869
2000-10-17,0.9369382639222069
2000-10-18,0.9369323675315767
2000-10-19,0.9369278595181609
2000-10-20,0.9369243988843652
2000-10-23,0.9369217334978763
2000-10-24,0.9369196751597708
2000-10-25,0.9369180822438532
2000-10-26,0.9369168474356829
2000-10-27,0.9369158889532646
2000-10-30,0.9369151441788444
2000-10-31,0.9369145649847391
2000-11-01,0.9362097617210482
2000-11-02,0.9362570430121976
2000-11-03,0.9363342650785931
2000-11-06,0.9364199426050133
2000-11-07,0.9365027008201644
2000-11-08,0.9365771643883901
2000-11-09,0.9366413839042862
2000-11-10,0.9366952614368044
2000-11-13,0.9367396145656696
2000-11-14,0.9367756387967529
2000-11-15,0.9368046127380457
2000-11-16,0.9368277475410982
2000-11-17,0.936846119572393
2000-11-20,0.9368606492577077
2000-11-21,0.9368721040845951
2000-11-22,0.9368811130149047
2000-11-23,0.9368881851685106
2000-11-24,0.9368937289713607
2000-11-27,0.9368980698967234
2000-11-28,0.9369014660211226
2000-11-29,0.936904121208169
2000-11-30,0.9369061960333269
2000-12-01,0.9370599145228683
2000-12-04,0.9370244238475889
2000-12-05,0.9369981092608715
2000-12-06,0.9369783483839272
2000-12-07,0.9369634015640977
2000-12-08,0.9369520279570294
2000-12-11,0.936943330360556
2000-12-12,0.936936652212993
2000-12-13,0.9369315078433774
2000-12-14,0.936927534580923
2000-12-15,0.9369244593992457
2000-12-18,0.9369220753487684
2000-12-19,0.9369202246726382
2000-12-20,0.9369187865527816
2000-12-21,0.9369176681107484
2000-12-22,0.936916797729291
2000-12-25,0.9369161200510289
2000-12-26,0.9369155922040593
2000-12-27,0.936915180935069
2000-12-28,0.9369148604201504
2000-12-29,0.9369146105858374
2001-01-01,0.9369144158169301
2001-01-02,0.9345227404879504
2001-01-03,0.9348813396183693
2001-01-04,0.9352245330757357
2001-01-05,0.935531996803962
2001-01-08,0.9357965108222016
2001-01-09,0.9360180979895936
2001-01-10,0.9362003424871311
2001-01-11,0.9363482734925114
2001-01-12,0.9364672040581097
2001-01-15,0.9365621395736289
2001-01-16,0.9366375156567232
2001-01-17,0.9366971190018316
2001-01-18,0.9367441038564813
2001-01-19,0.9367810534251785
2001-01-22,0.9368100577718682
2001-01-23,0.9368327930660428
2001-01-24,0.9368505947476738
2001-01-25,0.9368645215549223
2001-01-26,0.936875409724464
2001-01-29,0.9368839178705864
2001-01-30,0.9368905635800846
2001-01-31,0.9368957529258363
2001-02-01,0.9369230247884605
2001-02-02,0.9369001416146568
2001-02-05,0.9368906302262574
2001-02-06,0.9368881108150229
2001-02-07,0.9368891522281654
2001-02-08,0.9368918069856124
2001-02-09,0.9368950050109761
2001-02-12,0.9368981883719409
2001-02-13,0.9369010919731219
2001-02-14,0.9369036133545878
2001-02-15,0.9369057364600684
2001-02-16,0.9369074878095114
2001-02-19,0.9369089119333227
2001-02-20,0.9369100581155659
2001-02-21,0.9369109736707689
2001-02-22,0.9369117009123271
2001-02-23,0.9369122761395887
2001-02-26,0.9369127296728587
2001-02-27,0.9369130863839598
2001-02-28,0.9369133664168616
2001-03-01,0.936990409943448
2001-03-02,0.9369728867741631
2001-03-05,0.9369595915151666
2001-03-06,0.9369493894044597
2001-03-07,0.9369415338364772
2001-03-08,0.9369354686842131
2001-03-09,0.9369307757452753
2001-03-12,0.9369271383197724
2001-03-13,0.9369243151719098
2001-03-14,0.9369221216659999
2001-03-15,0.9369204159354185
2001-03-16,0.9369190886330432
2001-03-19,0.9369180552650277
2001-03-20,0.9369172504113049
2001-03-21,0.9369166233395236
2001-03-22,0.9369161346581837
2001-03-23,0.9369157537513013
2001-03-26,0.9369154568049813
2001-03-27,0.9369152252848989
2001-03-28,0.9369150447589357
2001-03-29,0.9369149039850444
2001-03-30,0.9369147942035595
2001-04-02,0.9369147085874999
2001-04-03,0.9358988003585661
2001-04-04,0.9360955152927909
2001-04-05,0.9362578318472468
2001-04-06,0.9363914387887249
2001-04-09,0.9364999055872063
2001-04-10,0.9365870898703575
2001-04-11,0.9366566598073063
2001-04-12,0.9367118755434656
2001-04-13,0.936755521719988
2001-04-16,0.9367899169532465
2001-04-17,0.9368169587323745
2001-04-18,0.9368381811233347
2001-04-19,0.9368548135169779
2001-04-20,0.9368678347822309
2001-04-23,0.9368780205597541
2001-04-24,0.9368859832195293
2001-04-25,0.9368922048916518
2001-04-26,0.93689706436289
2001-04-27,0.9369008587443685
2001-04-30,0.9369038207908313
2001-05-01,0.9369183191596913
2001-05-02,0.936912695633245
2001-05-03,0.9369105013212814
2001-05-04,0.936909793634459
2001-05-07,0.9369098510506715
2001-05-08,0.9369102671454465
2001-05-09,0.9369108178724267
2001-05-10,0.9369113851706724
2001-05-11,0.9369119115195224
2001-05-14,0.9369123731184568
2001-05-15,0.9369127642360973
2001-05-16,0.9369130882175357
2001-05-17,0.9369133524307109
2001-05-18,0.936913565519643
2001-05-21,0.9369137359900693
2001-05-22,0.93691387154972
2001-05-23,0.9369139788637816
2001-05-24,0.9369140635285719
2001-05-25,0.9369141301510803
2001-05-28,0.9369141824719277
2001-05-29,0.9369142234983444
2001-05-30,0.9369142556304534
2001-05-31,0.9369142807735006
2001-06-01,0.9348120377044589
2001-06-04,0.9352473264118156
2001-06-05,0.9355984785520518
2001-06-06,0.9358786055140043
2001-06-07,0.9361007991056399
2001-06-08,0.9362763158972761
2001-06-11,0.9364145414285965
2001-06-12,0.9365231527425237
2001-06-13,0.9366083491750518
2001-06-14,0.9366750921489456
2001-06-15,0.9367273269907309
2001-06-18,0.9367681763731049
2001-06-19,0.9368001032861077
2001-06-20,0.9368250453489572
2001-06-21,0.9368445238759077
2001-06-22,0.9368597315303946
2001-06-25,0.9368716022501784
2001-06-26,0.9368808667271918
2001-06-27,0.9368880962489748
2001-06-28,0.9368937372383143
2001-06-29,0.9368981384022056
2001-07-02,0.9369015720342289
2001-07-03,0.935786975648207
2001-07-04,0.9359554351612179
2001-07-05,0.9361177897786176
2001-07-06,0.9362631759186968
2001-07-09,0.936388112443903
2001-07-10,0.9364926452916836
2001-07-11,0.9365785208715752
2001-07-12,0.9366481591884498
2001-07-13,0.9367040997568573
2001-07-16,0.9367487240597259
2001-07-17,0.9367841353630062
2001-07-18,0.9368121246385976
2001-07-19,0.9368341808105386
2001-07-20,0.9368515214055494
2001-07-23,0.9368651303678125
2001-07-24,0.9368757960741985
2001-07-25,0.9368841461975012
2001-07-26,0.9368906780837076
2001-07-27,0.9368957843897469
2001-07-30,0.9368997742663747
2001-07-31,0.9369028906034895
2001-08-01,0.9369531898458892
2001-08-02,0.9369420768275322
2001-08-03,0.9369345935941211
2001-08-06,0.9369292683559006
2001-08-07,0.9369254249347808
2001-08-08,0.9369226160733652
2001-08-09,0.9369205402741664
2001-08-10,0.9369189912429667
2001-08-13,0.9369178256701806
2001-08-14,0.9369169424978996
2001-08-15,0.9369162694326901
2001-08-16,0.9369157540631566
2001-08-17,0.9369153579300116
2001-08-20,0.936915052509124
2001-08-21,0.9369148164489077
2001-08-22,0.9369146336411882
2001-08-23,0.936914491853903
2001-08-24,0.9369143817482659
2001-08-27,0.9369142961630762
2001-08-28,0.9369142295874733
2001-08-29,0.9369141777685459
2001-08-30,0.9369141374167448
2001-08-31,0.9369141059830879
2001-09-03,0.9350838816698899
2001-09-04,0.935461030740659
2001-09-05,0.9357657223540244
2001-09-06,0.9360093313782882
2001-09-07,0.936202892380332
2001-09-10,0.9363559939060492
2001-09-11,0.9364766896854946
2001-09-12,0.9365716017388999
2001-09-13,0.9366460977561533
2001-09-14,0.9367044856884679
2001-09-17,0.9367501984842835
2001-09-18,0.9367859576498628
2001-09-19,0.936813912398757
2001-09-20,0.9368357551021139
2001-09-21,0.9368528154867533
2001-09-24,0.9368661366046205
2001-09-25,0.9368765355937101
2001-09-26,0.9368846519808458
2001-09-27,0.9368909859080904
2001-09-28,0.9368959282827254
2001-10-01,0.9368997844963872
2001-10-02,0.9290685158494353
2001-10-03,0.9306790552431236
2001-10-04,0.9319834743326805
2001-10-05,0.9330284244076203
2001-10-08,0.9338594679843726
2001-10-09,0.9345170660557305
2001-10-10,0.9350355462339286
2001-10-11,0.9354432677666435
2001-10-12,0.9357632691217584
2001-10-15,0.9360140583120846
2001-10-16,0.9362103894017355
2001-10-17,0.9363639595106651
2001-10-18,0.9364840052950208
2001-10-19,0.9365777990746864
2001-10-22,0.9366510540129739
2001-10-23,0.9367082509587842
2001-10-24,0.9367528998288467
2001-10-25,0.9367877473478642
2001-10-26,0.9368149414075626
2001-10-29,0.9368361606661292
2001-10-30,0.9368527164809427
2001-10-31,0.9368656329273553
2001-11-01,0.9369407282938519
2001-11-02,0.9369323841092186
2001-11-05,0.9369267989557898
2001-11-06,0.9369228367178939
2001-11-07,0.9369199851651073
2001-11-08,0.9369179065523651
2001-11-09,0.936916373913846
2001-11-12,0.9369152324547475
2001-11-13,0.936914374991716
2001-11-14,0.9369137261822937
2001-11-15,0.93691323229114
2001-11-16,0.9369128544689025
2001-11-19,0.9369125642787228
2001-11-20,0.9369123406755558
2001-11-21,0.936912167935541
2001-11-22,0.9369120342147857
2001-11-23,0.9369119305310898
2001-11-26,0.9369118500341455
2001-11-27,0.9369117874755215
2001-11-28,0.9369117388191316
2001-11-29,0.936911700951933
2001-11-30,0.9369116714671102
2001-12-03,0.9261120606186202
2001-12-04,0.9283695137718346
2001-12-05,0.9301825068384465
2001-12-06,0.931624131674265
2001-12-07,0.9327642278394159
2001-12-10,0.9336625253044942
2001-12-11,0.9343684659752886
2001-12-12,0.9349222039597558
2001-12-13,0.9353559614299647
2001-12-14,0.9356953910515331
2001-12-17,0.9359608044645705
2001-12-18,0.936168222640582
2001-12-19,0.9363302472972481
2001-12-20,0.9364567705367555
2001-12-21,0.9365555457562599
2001-12-24,0.9366326431604569
2001-12-25,0.9366928110920968
2001-12-26,0.9367397614564112
2001-12-27,0.9367763944955833
2001-12-28,0.9368049753986922
2001-12-31,0.9368272728311914
2002-01-01,0.9327429211809577
2002-01-02,0.9333889528842672
2002-01-03,0.933993974206128
2002-01-04,0.934530215735192
2002-01-07,0.9349886361769474
2002-01-08,0.9353711350125171
2002-01-09,0.9356848982867475
2002-01-10,0.9359391314532279
2002-01-11,0.9361432697737324
2002-01-14,0.9363060764886085
2002-01-15,0.9364352564845155
2002-01-16,0.9365373561477753
2002-01-17,0.9366178117502103
2002-01-18,0.9366810661608168
2002-01-21,0.9367307089041633
2002-01-22,0.9367696157049008
2002-01-23,0.9368000759943956
2002-01-24,0.9368239038293209
2002-01-25,0.9368425314349488
2002-01-28,0.9368570864690745
2002-01-29,0.9368684549160475
2002-01-30,0.9368773317487815
2002-01-31,0.9368842614241103
2002-02-01,0.9359153905037867
2002-02-04,0.9361222393738285
2002-02-05,0.936288235242701
2002-02-06,0.936420428712575
2002-02-07,0.9365251719911402
2002-02-08,0.9366078555130506
2002-02-11,0.9366729427742282
2002-02-12,0.9367240702156092
2002-02-13,0.9367641672791999
2002-02-14,0.9367955749436588
2002-02-15,0.9368201529789077
2002-02-18,0.9368393724448882
2002-02-19,0.9368543931428934
2002-02-20,0.9368661272177683
2002-02-21,0.936875290691678
2002-02-22,0.9368824448230828
2002-02-25,0.9368880290703295
2002-02-26,0.9368923872295325
2002-02-27,0.9368957880806292
2002-02-28,0.9368984416481707
2002-03-01,0.9355048031480117
2002-03-04,0.9357936047564499
2002-03-05,0.9360267803604834
2002-03-06,0.936213289731499
2002-03-07,0.9363615406973652
2002-03-08,0.9364788433343384
2002-03-11,0.936571343860695
2002-03-12,0.9366441008432403
2002-03-13,0.9367012181808144
2002-03-14,0.9367459919031894
2002-03-15,0.9367810501082715
2002-03-18,0.9368084772288653
2002-03-19,0.9368299199898222
2002-03-20,0.9368466754694669
2002-03-21,0.9368597630450272
2002-03-22,0.9368699824745791
2002-03-25,0.9368779603879661
2002-03-26,0.9368841872680117
2002-03-27,0.9368890467310402
2002-03-28,0.9368928386295687
2002-03-29,0.9368957972325443
2002-04-01,0.9368981055031557
2002-04-02,0.9321985264985163
2002-04-03,0.9331177339115537
2002-04-04,0.9338778132263553
2002-04-05,0.9344996100258111
2002-04-08,0.9350019576046895
2002-04-09,0.9354042138922369
2002-04-10,0.9357242570662323
2002-04-11,0.9359776858117992
2002-04-12,0.9361776561998207
2002-04-15,0.9363350238768434
2002-04-16,0.9364586139346391
2002-04-17,0.9365555258590327
2002-04-18,0.9366314278131347
2002-04-19,0.9366908200240851
2002-04-22,0.9367372605920262
2002-04-23,0.9367735539075932
2002-04-24,0.9368019050433846
2002-04-25,0.9368240446740027
2002-04-26,0.9368413292373154
2002-04-29,0.9368548207121267
2002-04-30,0.9368653498473146
2002-05-01,0.936781320933163
2002-05-02,0.9367944850589713
2002-05-03,0.9368105740943036
2002-05-06,0.936826217708019
2002-05-07,0.9368403057214827
2002-05-08,0.9368524452296495
2002-05-09,0.9368626158745261
2002-05-10,0.9368709767550407
2002-05-13,0.9368777588750644
2002-05-14,0.9368832076750844
2002-05-15,0.9368875544041922
2002-05-16,0.9368910037033849
2002-05-17,0.9368937299798352
2002-05-20,0.936895878278756
2002-05-21,0.9368975672209032
2002-05-22,0.9368988926703259
2002-05-23,0.9368999314341258
2002-05-24,0.9369007446593558
2002-05-27,0.9369013807938764
2002-05-28,0.9369018780853576
2002-05-29,0.9369022666458876
2002-05-30,0.9369025701326041
2002-05-31,0.9369028071013337
2002-06-03,0.9368816080992537
2002-06-04,0.9368859872370742
2002-06-05,0.9368897528472206
2002-06-06,0.9368927404787092
2002-06-07,0.9368951003274743
2002-06-10,0.936896958939793
2002-06-11,0.9368984195628653
2002-06-12,0.9368995654820788
2002-06-13,0.9369004633338286
2002-06-14,0.9369011661124502
2002-06-17,0.9369017157726535
2002-06-18,0.9369021454156962
2002-06-19,0.936902481089627
2002-06-20,0.9369027432512622
2002-06-21,0.9369029479416804
2002-06-24,0.9369031077244837
2002-06-25,0.9369032324306459
2002-06-26,0.9369033297474061
2002-06-27,0.936903405682418
2002-06-28,0.9369034649287087
2002-07-01,0.9369035111511352
2002-07-02,0.9341174072118233
2002-07-03,0.9345394296501386
2002-07-04,0.9349409349657714
2002-07-05,0.9352996231485344
2002-07-08,0.9356076980101864
2002-07-09,0.935865512076062
2002-07-10,0.9360774094797685
2002-07-11,0.9362493323775993
2002-07-12,0.9363875079085847
2002-07-15,0.9364977808530005
2002-07-16,0.9365853201840957
2002-07-17,0.9366545332925643
2002-07-18,0.9367090885913496
2002-07-19,0.936751988795105
2002-07-22,0.9367856625112639
2002-07-23,0.936812056908613
2002-07-24,0.9368327230474831
2002-07-25,0.9368488904402916
2002-07-26,0.9368615301084694
2002-07-29,0.9368714067624875
2002-07-30,0.9368791213317934
2002-07-31,0.9368851452545548
2002-08-01,0.9361719229083513
2002-08-02,0.9363260658191094
2002-08-05,0.9364492554194288
2002-08-06,0.9365470412584765
2002-08-07,0.9366243365887583
2002-08-08,0.9366852442027849
2002-08-09,0.9367331254375678
2002-08-12,0.9367706988520547
2002-08-13,0.9368001431404059
2002-08-14,0.9368231928103778
2002-08-15,0.9368412220103323
2002-08-16,0.9368553154282212
2002-08-19,0.9368663269088905
2002-08-20,0.9368749271749319
2002-08-21,0.9368816422567673
2002-08-22,0.9368868841989084
2002-08-23,0.9368909754535331
2002-08-26,0.9368941681758954
2002-08-27,0.9368966594376262
2002-08-28,0.9368986031919894
2002-08-29,0.936900119666852
2002-08-30,0.936901302727692
2002-09-02,0.936902225642929
2002-09-03,0.9366940061493801
2002-09-04,0.9367393433570181
2002-09-05,0.9367751706601212
2002-09-06,0.936803366827622
2002-09-09,0.9368255116899101
2002-09-10,0.9368428767996999
2002-09-11,0.9368564775012947
2002-09-12,0.9368671200060262
2002-09-13,0.9368754417893204
2002-09-16,0.9368819453163876
2002-09-17,0.9368870256868499
2002-09-18,0.9368909930074054
2002-09-19,0.9368940903330781
2002-09-20,0.9368965079588361
2002-09-23,0.9368983947475352
2002-09-24,0.9368998670752912
2002-09-25,0.9369010158754262
2002-09-26,0.9369019121731847
2002-09-27,0.9369026114273934
2002-09-30,0.9369031569318929
2002-10-01,0.9353611031530812
2002-10-02,0.9356704535484305
2002-10-03,0.9359228251055598
2002-10-04,0.9361271376987644
2002-10-07,0.9362909948956045
2002-10-08,0.936421512769786
2002-10-09,0.9365249535143214
2002-10-10,0.9366066277078916
2002-10-11,0.9366709335877359
2002-10-14,0.936721456007181
2002-10-15,0.936761084273639
2002-10-16,0.9367921283675827
2002-10-17,0.9368164241813484
2002-10-18,0.9368354243872778
2002-10-21,0.9368502746138272
2002-10-22,0.9368618760661154
2002-10-23,0.9368709363089943
2002-10-24,0.9368780100529375
2002-10-25,0.9368835316797675
2002-10-28,0.9368878410453148
2002-10-29,0.9368912038681846
2002-10-30,0.9368938277925796
2002-10-31,0.936895875014285
2002-11-01,0.9368585856429067
2002-11-04,0.9368448423614086
2002-11-05,0.9368436023202172
2002-11-06,0.9368482066832382
2002-11-07,0.9368552177480197
2002-11-08,0.9368627823314514
2002-11-11,0.9368699652901153
2002-11-12,0.9368763518635835
2002-11-13,0.9368818119853124
2002-11-14,0.9368863628626207
2002-11-15,0.9368900905721955
2002-11-18,0.936893106678241
2002-11-19,0.93689552533411
2002-11-20,0.9368974521375462
2002-11-21,0.9368989795526624
2002-11-22,0.936900185856374
2002-11-25,0.9369011358547138
2002-11-26,0.9369018823804662
2002-11-27,0.9369024680340478
2002-11-28,0.9369029268905408
2002-11-29,0.9369032860439455
2002-12-02,0.9369035669412978
2002-12-03,0.9367770059960779
2002-12-04,0.9368044681718606
2002-12-05,0.9368264377961212
2002-12-06,0.9368435798463444
2002-12-09,0.9368569517326534
2002-12-10,0.9368673824379602
2002-12-11,0.9368755187680993
2002-12-12,0.9368818653335029
2002-12-13,0.936886815791103
2002-12-16,0.9368906772297562
2002-12-17,0.93689368920067
2002-12-18,0.9368960385669571
2002-12-19,0.9368978710897737
2002-12-20,0.9368993004675921
2002-12-23,0.936900415388089
2002-12-24,0.9369012850293742
2002-12-25,0.9369019633514047
2002-12-26,0.9369024924435626
2002-12-27,0.9369029051359306
2002-12-30,0.9369032270361888
2002-12-31,0.9369034781184534
2003-01-01,0.9331355200640117
2003-01-02,0.933953141890954
2003-01-03,0.9346012806882569
2003-01-06,0.9351068878301064
2003-01-07,0.9355011381228598
2003-01-08,0.9358085242783872
2003-01-09,0.936048182542722
2003-01-10,0.9362350421709192
2003-01-13,0.9363807425917807
2003-01-14,0.9364943560301565
2003-01-15,0.9365829533658581
2003-01-16,0.9366520458832761
2003-01-17,0.936705929632903
2003-01-20,0.936747953712469
2003-01-21,0.9367807292405663
2003-01-22,0.9368062921404898
2003-01-23,0.9368262299610354
2003-01-24,0.9368417806960242
2003-01-27,0.9368539097980033
2003-01-28,0.9368633702070576
2003-01-29,0.9368707491468612
2003-01-30,0.9368765046090632
2003-01-31,0.9368809938008406
2003-02-03,0.9370157122318538
2003-02-04,0.9369881345224824
2003-02-05,0.9369672886517294
2003-02-06,0.936951392090942
2003-02-07,0.9369392141318951
2003-02-10,0.9369298503277659
2003-02-11,0.9369226288555296
2003-02-12,0.93691704625142
2003-02-13,0.9369127223644934
2003-02-14,0.9369093683335129
2003-02-17,0.9369067635147429
2003-02-18,0.9369047386507826
2003-02-19,0.9369031634538209
2003-02-20,0.9369019373547693
2003-02-21,0.9369009825523653
2003-02-24,0.9369002387528479
2003-02-25,0.936899659165229
2003-02-26,0.9368992074374872
2003-02-27,0.9368988553032659
2003-02-28,0.9368985807684967
2003-03-03,0.9368619444286919
2003-03-04,0.9368693950841781
2003-03-05,0.9368755257301159
2003-03-06,0.9368803362619564
2003-03-07,0.9368841046733333
2003-03-10,0.9368870538727564
2003-03-11,0.9368893602306335
2003-03-12,0.9368911628276347
2003-03-13,0.9368925710655729
2003-03-14,0.9368936708365294
2003-03-17,0.9368945294760298
2003-03-18,0.936895199712363
2003-03-19,0.9368957227992278
2003-03-20,0.9368961309909166
2003-03-21,0.9368964494922494
2003-03-24,0.9368966979912494
2003-03-25,0.9368968918617644
2003-03-26,0.9368970431058502
2003-03-27,0.9368971610914666
2003-03-28,0.9368972531294895
2003-03-31,0.9368973249247514
2003-04-01,0.9003463015172739
2003-04-02,0.9081813905620328
2003-04-03,0.9143727317331288
2003-04-04,0.9192498380828299
2003-04-07,0.9230806299573212
2003-04-08,0.9260837789603192
2003-04-09,0.9284349625496686
2003-04-10,0.9302739803045135
2003-04-11,0.9317114156575426
2003-04-14,0.9328343962171436
2003-04-15,0.9337113836349098
2003-04-16,0.9343960704677631
2003-04-17,0.9349305088854237
2003-04-18,0.9353476014558892
2003-04-21,0.9356730728821021
2003-04-22,0.9359270247624191
2003-04-23,0.9361251581642951
2003-04-24,0.9362797330621508
2003-04-25,0.9364003201674769
2003-04-28,0.9364943894297599
2003-04-29,0.9365677703113657
2003-04-30,0.9366250115507123
2003-05-01,0.9341094478274248
2003-05-02,0.9344805447528071
2003-05-05,0.9348563340631111
2003-05-06,0.9352046255523564
2003-05-07,0.935511113500946
2003-05-08,0.9357719798502103
2003-05-09,0.9359890273504712
2003-05-12,0.9361667302746093
2003-05-13,0.9363105248399353
2003-05-14,0.9364258747475789
2003-05-15,0.9365178052907116
2003-05-16,0.9365907101413143
2003-05-19,0.936648309240425
2003-05-20,0.93669368451
2003-05-21,0.9367293506321878
2003-05-22,0.9367573369606935
2003-05-23,0.9367792679421294
2003-05-26,0.9367964360383897
2003-05-27,0.9368098648734325
2003-05-28,0.9368203623321306
2003-05-29,0.9368285643312231
2003-05-30,0.9368349703998672
2003-06-02,0.9368399723114703
2003-06-03,0.9369991234053223
2003-06-04,0.9369596098788242
2003-06-05,0.9369326126844397
2003-06-06,0.9369137683710097
2003-06-09,0.936900425070951
2003-06-10,0.9368908464377068
2003-06-11,0.9368838817544544
2003-06-12,0.9368787585985068
2003-06-13,0.9368749512141396
2003-06-16,0.9368720964843139
2003-06-17,0.9368699398930326
2003-06-18,0.9368683004536613
2003-06-19,0.9368670476966178
2003-06-20,0.9368660863803479
2003-06-23,0.936865346193145
2003-06-24,0.9368647747146678
2003-06-25,0.9368643325326758
2003-06-26,0.9368639898041532
2003-06-27,0.93686372379858
2003-06-30,0.9368635171191387
2003-07-01,0.8829600851039168
2003-07-02,0.8951251039440279
2003-07-03,0.9044156637334136
2003-07-04,0.9115356265797634
2003-07-07,0.9170142889136799
2003-07-08,0.9212430837116556
2003-07-09,0.9245148977611473
2003-07-10,0.9270509167234277
2003-07-11,0.9290193796535148
2003-07-14,0.9305489673793487
2003-07-15,0.9317385307334587
2003-07-16,0.9326642617298236
2003-07-17,0.9333850416873501
2003-07-18,0.9339464672514816
2003-07-21,0.9343839039140193
2003-07-22,0.9347248157808088
2003-07-23,0.9349905515495945
2003-07-24,0.9351977187450929
2003-07-25,0.9353592442518956
2003-07-28,0.9354851946520032
2003-07-29,0.9355834119221066
2003-07-30,0.935660006751647
2003-07-31,0.9357197417983067
2003-08-01,0.935318516888004
2003-08-04,0.9354343925307486
2003-08-05,0.9355255648746352
2003-08-06,0.9355970547468998
2003-08-07,0.9356530431693199
2003-08-08,0.9356968511714681
2003-08-11,0.9357311044699995
2003-08-12,0.935757872423479
2003-08-13,0.9357787820050618
2003-08-14,0.9357951100456877
2003-08-15,0.9358078571948918
2003-08-18,0.9358178068226563
2003-08-19,0.9358255716952288
2003-08-20,0.9358316308253424
2003-08-21,0.935836358483777
2003-08-22,0.9358400469911066
2003-08-25,0.9358429245939944
2003-08-26,0.9358451694686468
2003-08-27,0.935846920679914
2003-08-28,0.9358482867515078
2003-08-29,0.9358493523642134
2003-09-01,0.9358501835886663
2003-09-02,0.9317630357210592
2003-09-03,0.9324418065271455
2003-09-04,0.9330886987056143
2003-09-05,0.9336691262171647
2003-09-08,0.9341702279241565
2003-09-09,0.9345916269901378
2003-09-10,0.9349394497626288
2003-09-11,0.9352226616637763
2003-09-12,0.9354509449028077
2003-09-15,0.9356335584402452
2003-09-16,0.9357787975993647
2003-09-17,0.9358938028168788
2003-09-18,0.9359845596063171
2003-09-19,0.9360559937548971
2003-09-22,0.9361121057178248
2003-09-23,0.9361561131106929
2003-09-24,0.9361905852898896
2003-09-25,0.9362175628353215
2003-09-26,0.9362386596956023
2003-09-29,0.9362551483635544
2003-09-30,0.9362680296883381
2003-10-01,0.8579587984847761
2003-10-02,0.863947015362036
2003-10-03,0.8701851607594961
2003-10-06,0.8762211040499346
2003-10-07,0.8817742163552919
2003-10-08,0.8866973956064458
2003-10-09,0.8909410983868448
2003-10-10,0.894520488473226
2003-10-13,0.897488841993976
2003-10-14,0.8999180255422855
2003-10-15,0.9018853915569899
2003-10-16,0.903465778174284
2003-10-17,0.9047271977662105
2003-10-20,0.9057289841311648
2003-10-21,0.9065214536263537
2003-10-22,0.907146414751557
2003-10-23,0.9076380891796385
2003-10-24,0.9080241756716315
2003-10-27,0.90832690372066
2003-10-28,0.9085639982962617
2003-10-29,0.9087495226057699
2003-10-30,0.9088945919826119
2003-10-31,0.9090079659002457
2003-11-03,0.7454227332099642
2003-11-04,0.7678363455194744
2003-11-05,0.7901091791011053
2003-11-06,0.8113991692912135
2003-11-07,0.831081226019964
2003-11-10,0.8487593414046095
2003-11-11,0.8642478449545371
2003-11-12,0.8775329963596906
2003-11-13,0.8887258045481025
2003-11-14,0.8980157376048575
2003-11-17,0.9056316196866501
2003-11-18,0.9118123772089317
2003-11-19,0.9167875601388357
2003-11-20,0.9207660440208946
2003-11-21,0.9239308035571667
2003-11-24,0.9264377549554323
2003-11-25,0.9284170518454491
2003-11-26,0.9299756665680254
2003-11-27,0.9312004829386685
2003-11-28,0.932161429593801
2003-12-01,0.9329143953834181
2003-12-02,0.9307547618608815
2003-12-03,0.9316771352964641
2003-12-04,0.9324916283147491
2003-12-05,0.9331877103215457
2003-12-08,0.9337690799840273
2003-12-09,0.9342466462161905
2003-12-10,0.9346341631018726
2003-12-11,0.934945734369955
2003-12-12,0.9351945068491915
2003-12-15,0.9353920862602968
2003-12-16,0.9355483694900483
2003-12-17,0.9356716007392392
2003-12-18,0.935768534934986
2003-12-19,0.9358446408535107
2003-12-22,0.9359043069977993
2003-12-23,0.9359510317299066
2003-12-24,0.9359875898813342
2003-12-25,0.9360161740061067
2003-12-26,0.9360385115074502
2003-12-29,0.9360559602609881
2003-12-30,0.9360695858126878
2003-12-31,0.9360802231905966
2004-01-01,0.8050119168614668
2004-01-02,0.8125627010790317
2004-01-05,0.8230953352776283
2004-01-06,0.835355041201679
2004-01-07,0.8482670196653702
2004-01-08,0.8609978111155241
2004-01-09,0.8729579322611312
2004-01-12,0.8837817673568176
2004-01-13,0.8932903945192959
2004-01-14,0.9014462288759395
2004-01-15,0.9083079928134166
2004-01-16,0.9139918735430818
2004-01-19,0.918641564009563
2004-01-20,0.9224073694517521
2004-01-21,0.925433090089583
2004-01-22,0.927848831793645
2004-01-23,0.929767927597224
2004-01-26,0.931286467310647
2004-01-27,0.9324843222067797
2004-01-28,0.9334269068715056
2004-01-29,0.9341671994802581
2004-01-30,0.9347477414746473
2004-02-02,0.9352024706616439
2004-02-03,0.9355011016269597
2004-02-04,0.9357144262091129
2004-02-05,0.9359120708053239
2004-02-06,0.9360858952737332
2004-02-09,0.9362337519405897
2004-02-10,0.9363566994167744
2004-02-11,0.9364573078139472
2004-02-12,0.9365386831855332
2004-02-13,0.9366039379811473
2004-02-16,0.9366559291143184
2004-02-17,0.9366971507397189
2004-02-18,0.936729712222051
2004-02-19,0.9367553596704531
2004-02-20,0.9367755168936932
2004-02-23,0.9367913323339356
2004-02-24,0.9368037249341363
2004-02-25,0.9368134256149341
2004-02-26,0.9368210131268182
2004-02-27,0.9368269441596739
2004-03-01,0.9368315781404675
2004-03-02,0.9370585786984141
2004-03-03,0.9369970378866257
2004-03-04,0.9369556202700193
2004-03-05,0.9369273662687352
2004-03-08,0.9369078231586112
2004-03-09,0.9368941119618477
2004-03-10,0.9368843564970494
2004-03-11,0.9368773220063052
2004-03-12,0.936872186381112
2004-03-15,0.9368683950676412
2004-03-16,0.9368655686900197
2004-03-17,0.9368634438946157
2004-03-18,0.9368618351737222
2004-03-19,0.9368606099905764
2004-03-22,0.9368596723866444
2004-03-23,0.9368589520393725
2004-03-24,0.9368583968553259
2004-03-25,0.9368579678821092
2004-03-26,0.9368576357604116
2004-03-29,0.9368573782132521
2004-03-30,0.936857178244052
2004-03-31,0.9368570228264733
2004-04-01,0.9050464626470012
2004-04-02,0.9117381172238482
2004-04-05,0.9170645033753004
2004-04-06,0.9212862791771174
2004-04-07,0.924617948206872
2004-04-08,0.9272392044086522
2004-04-09,0.9292970686981814
2004-04-12,0.9309100870627146
2004-04-13,0.9321729474864666
2004-04-14,0.9331607999134894
2004-04-15,0.9339330217647595
2004-04-16,0.934536378073371
2004-04-19,0.9350076142088943
2004-04-20,0.9353755524407369
2004-04-21,0.9356627708245646
2004-04-22,0.9358869385070925
2004-04-23,0.9360618726059956
2004-04-26,0.9361983717532146
2004-04-27,0.936304871768587
2004-04-28,0.9363879604030276
2004-04-29,0.9364527808405221
2004-04-30,0.9365033476402055
2004-05-03,0.935780102265114
2004-05-04,0.9359247930538982
2004-05-05,0.9360623734933093
2004-05-06,0.9361846328596733
2004-05-07,0.9362892008358923
2004-05-10,0.936376420571972
2004-05-11,0.9364479205128042
2004-05-12,0.9365058136980017
2004-05-13,0.9365522683649036
2004-05-14,0.9365892956620555
2004-05-17,0.9366186606181593
2004-05-18,0.9366418602158089
2004-05-19,0.9366601356558835
2004-05-20,0.9366745000108947
2004-05-21,0.9366857709046437
2004-05-24,0.936694602812418
2004-05-25,0.936701516422623
2004-05-26,0.936706924085917
2004-05-27,0.9367111512206794
2004-05-28,0.936714453958043
2004-05-31,0.9367170334835012
2004-06-01,0.9367009335553937
2004-06-02,0.9367055803996232
2004-06-03,0.9367101239937181
2004-06-04,0.9367139466880149
2004-06-07,0.9367170958514982
2004-06-08,0.9367196540603885
2004-06-09,0.9367217114320924
2004-06-10,0.9367233538819465
2004-06-11,0.9367246579284343
2004-06-14,0.9367256890381113
2004-06-15,0.9367265017925421
2004-06-16,0.9367271409053872
2004-06-17,0.9367276425552497
2004-06-18,0.9367280357535174
2004-06-21,0.936728343610956
2004-06-22,0.9367285844471314
2004-06-23,0.936728772729662
2004-06-24,0.9367289198517993
2004-06-25,0.9367290347662927
2004-06-28,0.9367291244964466
2004-06-29,0.9367291945448716
2004-06-30,0.9367292492184662
2004-07-01,0.8927871989468161
2004-07-02,0.8976568757481737
2004-07-05,0.9029255771889251
2004-07-06,0.9081148545691247
2004-07-07,0.9129244628405242
2004-07-08,0.917199494870135
2004-07-09,0.9208856231278867
2004-07-12,0.9239924592991772
2004-07-13,0.9265660198737395
2004-07-14,0.9286695645923392
2004-07-15,0.9303712466826962
2004-07-16,0.9317368218994131
2004-07-19,0.9328258425657304
2004-07-20,0.9336900923890439
2004-07-21,0.9343733608266652
2004-07-22,0.9349119473448448
2004-07-23,0.9353355072220334
2004-07-26,0.9356680061397877
2004-07-27,0.9359286539389836
2004-07-28,0.9361327528749962
2004-07-29,0.936292434584758
2004-07-30,0.9364172819008426
2004-08-02,0.9365148430052128
2004-08-03,0.9354463751975626
2004-08-04,0.9356153858841493
2004-08-05,0.935801596936164
2004-08-06,0.9359812685436117
2004-08-09,0.9361430189063725
2004-08-10,0.9362826552083707
2004-08-11,0.9363999263248298
2004-08-12,0.9364965580427516
2004-08-13,0.936575107552576
2004-08-16,0.9366383268463195
2004-08-17,0.936688833282318
2004-08-18,0.9367289596850635
2004-08-19,0.9367607052119392
2004-08-20,0.9367857395687594
2004-08-23,0.9368054328084364
2004-08-24,0.9368208950070414
2004-08-25,0.936833017355328
2004-08-26,0.9368425104520256
2004-08-27,0.9368499380037594
2004-08-30,0.9368557454578919
2004-08-31,0.9368602837716415
2004-09-01,0.9370102716725485
2004-09-02,0.9369804918841464
2004-09-03,0.936957431862534
2004-09-06,0.9369396128754853
2004-09-07,0.9369258170161747
2004-09-08,0.9369151190587202
2004-09-09,0.9369068129509154
2004-09-10,0.9369003575283708
2004-09-13,0.9368953365194936
2004-09-14,0.9368914287942045
2004-09-15,0.9368883860431558
2004-09-16,0.9368860159090354
2004-09-17,0.9368841691598306
2004-09-20,0.9368827298859378
2004-09-21,0.9368816079770944
2004-09-22,0.9368807333294867
2004-09-23,0.9368800513730577
2004-09-24,0.9368795196106838
2004-09-27,0.9368791049357085
2004-09-28,0.9368787815499604
2004-09-29,0.9368785293460941
2004-09-30,0.9368783326496517
2004-10-01,0.9334545220452379
2004-10-04,0.9341372138322704
2004-10-05,0.9346957165768232
2004-10-06,0.9351480030571779
2004-10-07,0.9355107276837537
2004-10-08,0.9357996088913423
2004-10-11,0.9360285169391646
2004-10-12,0.9362092236487102
2004-10-13,0.9363514786495144
2004-10-14,0.9364632263211407
2004-10-15,0.936550867292045
2004-10-18,0.9366195169363305
2004-10-19,0.93667323942701
2004-10-20,0.9367152496769227
2004-10-21,0.9367480824801758
2004-10-22,0.9367737314402531
2004-10-25,0.9367937615554551
2004-10-26,0.9368093995869766
2004-10-27,0.9368216060902905
2004-10-28,0.93683113253539
2004-10-29,0.9368385664280896
2004-11-01,0.9368443668490691
2004-11-02,0.9349515343461696
2004-11-03,0.9352045621353131
2004-11-04,0.9354658994343353
2004-11-05,0.935710209042135
2004-11-08,0.935926114894049
2004-11-09,0.9361102980166283
2004-11-10,0.9362637337124603
2004-11-11,0.9363894440134403
2004-11-12,0.9364912078597913
2004-11-15,0.9365728603723364
2004-11-16,0.9366379439099719
2004-11-17,0.9366895620361344
2004-11-18,0.9367303452674891
2004-11-19,0.9367624742420231
2004-11-22,0.9367877288300955
2004-11-23,0.9368075456592801
2004-11-24,0.93682307483658
2004-11-25,0.936835231479995
2004-11-26,0.9368447403841396
2004-11-29,0.9368521735971642
2004-11-30,0.9368579814047784
2004-12-01,0.9369492072394295
2004-12-02,0.9369245901942043
2004-12-03,0.936909369591543
2004-12-06,0.9368997022211917
2004-12-07,0.9368935087050438
2004-12-08,0.9368895008833419
2004-12-09,0.9368868772884907
2004-12-10,0.936885137429201
2004-12-13,0.93688396723137
2004-12-14,0.9368831683683303
2004-12-15,0.9368826146350444
2004-12-16,0.9368822249758527
2004-12-17,0.9368819467682583
2004-12-20,0.9368817454278872
2004-12-21,0.9368815979154057
2004-12-22,0.9368814886577059
2004-12-23,0.9368814069676852
2004-12-24,0.9368813453982131
2004-12-27,0.9368812986815575
2004-12-28,0.9368812630381843
2004-12-29,0.9368812357204651
2004-12-30,0.9368812147072064
2004-12-31,0.9368811984960915
2005-01-03,0.9128516517975873
2005-01-04,0.9160777510596662
2005-01-05,0.9192886589135237
2005-01-06,0.9222726049729906
2005-01-07,0.9249189398024131
2005-01-10,0.9271915337358174
2005-01-11,0.9290985120267659
2005-01-12,0.9306715471548992
2005-01-13,0.93195252716173
2005-01-14,0.9329855166651024
2005-01-17,0.933812302169558
2005-01-18,0.9344702356748272
2005-01-19,0.9349914702979895
2005-01-20,0.9354029830759704
2005-01-21,0.9357270005759764
2005-01-24,0.9359815947529391
2005-01-25,0.9361813161137134
2005-01-26,0.9363377939053017
2005-01-27,0.9364602708373426
2005-01-28,0.9365560615881987
2005-01-31,0.9366309360845891
2005-02-01,0.9366643703987713
2005-02-02,0.9366771704492478
2005-02-03,0.9367021843034372
2005-02-04,0.9367308785905561
2005-02-07,0.9367589295817996
2005-02-08,0.9367842989603652
2005-02-09,0.9368062295598846
2005-02-10,0.9368246482262522
2005-02-11,0.9368398179482429
2005-02-14,0.9368521411025383
2005-02-15,0.9368620527617063
2005-02-16,0.9368699666138686
2005-02-17,0.9368762508373205
2005-02-18,0.9368812204270788
2005-02-21,0.9368851380657485
2005-02-22,0.9368882190104506
2005-02-23,0.9368906374819206
2005-02-24,0.9368925332243171
2005-02-25,0.9368940175848426
2005-02-28,0.9368951788436003
2005-03-01,0.9371019123650495
2005-03-02,0.9370463016864312
2005-03-03,0.937007332763846
2005-03-04,0.9369795920450867
2005-03-07,0.9369595839961077
2005-03-08,0.9369449763506109
2005-03-09,0.9369341933627501
2005-03-10,0.9369261559778899
2005-03-11,0.9369201147381764
2005-03-14,0.9369155416085412
2005-03-15,0.9369120593344005
2005-03-16,0.9369093948170585
2005-03-17,0.9369073479615804
2005-03-18,0.9369057705787367
2005-03-21,0.9369045518890247
2005-03-22,0.9369036084149036
2005-03-23,0.9369028768292773
2005-03-24,0.9369023088244265
2005-03-25,0.9369018673824803
2005-03-28,0.9369015240326232
2005-03-29,0.9369012568130105
2005-03-30,0.9369010487427631
2005-03-31,0.9369008866676981
2005-04-01,0.9307152391913183
2005-04-04,0.9319077923298602
2005-04-05,0.9328995676323352
2005-04-06,0.9337151898494733
2005-04-07,0.9343766570793154
2005-04-08,0.9349078344787987
2005-04-11,0.9353313523143651
2005-04-12,0.9356672616028149
2005-04-13,0.9359326421206668
2005-04-14,0.9361416831210747
2005-04-15,0.9363059755468129
2005-04-18,0.936434876788147
2005-04-19,0.9365358772376321
2005-04-20,0.9366149355649313
2005-04-21,0.9366767700071658
2005-04-22,0.9367251035720929
2005-04-25,0.936762866190171
2005-04-26,0.9367923589947459
2005-04-27,0.936815386464728
2005-04-28,0.9368333619261957
2005-04-29,0.9368473913195168
2005-05-02,0.9368583394343114
2005-05-03,0.9363348924338761
2005-05-04,0.936428450295027
2005-05-05,0.9365140007492688
2005-05-06,0.9365876528831193
2005-05-09,0.9366493175911559
2005-05-10,0.9366999862324906
2005-05-11,0.9367410739616847
2005-05-12,0.936774076458201
2005-05-13,0.9368003994320928
2005-05-16,0.9368212851195605
2005-05-17,0.93683779131585
2005-05-18,0.9368507972335096
2005-05-19,0.9368610216283673
2005-05-20,0.936869045206062
2005-05-23,0.936875333139404
2005-05-24,0.9368802557031225
2005-05-25,0.9368841062397534
2005-05-26,0.936887116312283
2005-05-27,0.9368894682168482
2005-05-30,0.9368913051648875
2005-05-31,0.9368927394822311
2005-06-01,0.9369167899475362
2005-06-02,0.9368831203556133
2005-06-03,0.9368684609371271
2005-06-06,0.9368640725982557
2005-06-07,0.9368649924869338
2005-06-08,0.9368683797140134
2005-06-09,0.93687265925359
2005-06-10,0.9368769998998135
2005-06-13,0.9368809986244795
2005-06-14,0.9368844920400925
2005-06-15,0.9368874453857748
2005-06-16,0.936889888331956
2005-06-17,0.9368918787583532
2005-06-20,0.9368934830353662
2005-06-21,0.9368947658877644
2005-06-22,0.9368957857036908
2005-06-23,0.9368965928437077
2005-06-24,0.9368972295248335
2005-06-27,0.9368977304646595
2005-06-28,0.9368981238319595
2005-06-29,0.9368984322614434
2005-06-30,0.9368986738118278
2005-07-01,0.9253658075053328
2005-07-04,0.9271810168595278
2005-07-05,0.9288588970907423
2005-07-06,0.9303397717897
2005-07-07,0.9316036929601414
2005-07-08,0.9326578433638045
2005-07-11,0.9335226653508845
2005-07-12,0.9342236466810129
2005-07-13,0.9347867366879199
2005-07-14,0.9352360005787754
2005-07-15,0.9355926019757809
2005-07-18,0.9358745366245331
2005-07-19,0.9360967623732239
2005-07-20,0.9362715144410501
2005-07-21,0.9364086856261046
2005-07-22,0.9365162066183703
2005-07-25,0.9366003945920104
2005-07-26,0.9366662571935651
2005-07-27,0.936717749405658
2005-07-28,0.9367579860295701
2005-07-29,0.9367894148540895
2005-08-01,0.9368139562745459
2005-08-02,0.9366562117861693
2005-08-03,0.9366721703739935
2005-08-04,0.9366995084841087
2005-08-05,0.9367297723514528
2005-08-08,0.9367588807630219
2005-08-09,0.93678496480543
2005-08-10,0.9368073816835009
2005-08-11,0.9368261343504826
2005-08-12,0.9368415360727183
2005-08-15,0.9368540223749547
2005-08-16,0.9368640502324446
2005-08-17,0.9368720478871468
2005-08-18,0.9368783932698419
2005-08-19,0.9368834079805919
2005-08-22,0.9368873592306617
2005-08-23,0.9368904654237791
2005-08-24,0.9368929029972259
2005-08-25,0.9368948132779001
2005-08-26,0.9368963087579085
2005-08-29,0.9368974785555112
2005-08-30,0.936898393019699
2005-08-31,0.936899107532018
2005-09-01,0.937233225229852
2005-09-02,0.9371564931559003
2005-09-05,0.9370979727576726
2005-09-06,0.9370533270898895
2005-09-07,0.937019119096944
2005-09-08,0.936992814155174
2005-09-09,0.9369725271542494
2005-09-12,0.936956844370855
2005-09-13,0.9369446979307513
2005-09-14,0.936935276253054
2005-09-15,0.9369279593821825
2005-09-16,0.936922271748031
2005-09-19,0.9369178472887808
2005-09-20,0.9369144034558078
2005-09-21,0.9369117216782051
2005-09-22,0.9369096325781681
2005-09-23,0.9369080047157925
2005-09-26,0.9369067359789642
2005-09-27,0.9369057469705271
2005-09-28,0.9369049759130937
2005-09-29,0.9369043747130804
2005-09-30,0.9369039059139684
2005-10-03,0.9360075157436811
2005-10-04,0.9361850062169665
2005-10-05,0.9363300225579895
2005-10-06,0.9364481581088605
2005-10-07,0.936543349701825
2005-10-10,0.9366194442371117
2005-10-11,0.9366799167360682
2005-10-12,0.9367277641482114
2005-10-13,0.9367654973007313
2005-10-14,0.9367951795202559
2005-10-17,0.9368184837771844
2005-10-18,0.936836753557281
2005-10-19,0.9368510601924147
2005-10-20,0.936862253541073
2005-10-21,0.9368710051322836
2005-10-24,0.9368778440092492
2005-10-25,0.9368831860173886
2005-10-26,0.9368873574566455
2005-10-27,0.9368906140209323
2005-10-28,0.9368931558690548
2005-10-31,0.9368951395612668
2005-11-01,0.936496206600642
2005-11-02,0.9365746853366473
2005-11-03,0.936641118005455
2005-11-04,0.9366950819295519
2005-11-07,0.9367384664625512
2005-11-08,0.9367730902927072
2005-11-09,0.9368005726158545
2005-11-10,0.9368222977032966
2005-11-11,0.9368394187556383
2005-11-14,0.9368528798129153
2005-11-15,0.9368634442534259
2005-11-16,0.9368717239208346
2005-11-17,0.9368782060197254
2005-11-18,0.9368832766254734
2005-11-21,0.9368872405574752
2005-11-22,0.9368903378123384
2005-11-23,0.936892756947824
2005-11-24,0.9368946458662291
2005-11-25,0.9368961204344224
2005-11-28,0.9368972713345224
2005-11-29,0.9368981694846678
2005-11-30,0.9368988703141857
2005-12-01,0.9366423272672836
2005-12-02,0.936698612737189
2005-12-05,0.9367431214563487
2005-12-06,0.936777837199988
2005-12-07,0.9368049121044667
2005-12-08,0.9368260284138121
2005-12-09,0.9368424978252927
2005-12-12,0.9368553431575476
2005-12-13,0.9368653620180821
2005-12-14,0.9368731764220091
2005-12-15,0.9368792714676349
2005-12-16,0.9368840254863091
2005-12-19,0.9368877335485801
2005-12-20,0.9368906257923199
2005-12-21,0.9368928817145303
2005-12-22,0.9368946413163978
2005-12-23,0.9368960137948669
2005-12-26,0.9368970843211052
2005-12-27,0.9368979193271127
2005-12-28,0.9368985706289163
2005-12-29,0.9368990786424368
2005-12-30,0.9368994748917319
2006-01-02,0.9368997839653407
2006-01-03,0.9228878064144327
2006-01-04,0.9251104176673967
2006-01-05,0.927154141393741
2006-01-06,0.9289532096442848
2006-01-09,0.9304863164802181
2006-01-10,0.9317637296409411
2006-01-11,0.9328110544700617
2006-01-12,0.9336596071410268
2006-01-13,0.9343410446169893
2006-01-16,0.9348846245074567
2006-01-17,0.9353160281149757
2006-01-18,0.9356570680070609
2006-01-19,0.9359258616463897
2006-01-20,0.9361372218411265
2006-01-23,0.9363031217135814
2006-01-24,0.9364331575595766
2006-01-25,0.9365349720911169
2006-01-26,0.9366146230264567
2006-01-27,0.9366768942844688
2006-01-30,0.9367255532732914
2006-01-31,0.9367635604997833
2006-02-01,0.9368089033819805
2006-02-02,0.9368217917913553
2006-02-03,0.9368348380922028
2006-02-06,0.9368465014433156
2006-02-07,0.9368565034923874
2006-02-08,0.9368648566008028
2006-02-09,0.936871708111597
2006-02-10,0.9368772570250893
2006-02-13,0.9368817098617563
2006-02-14,0.9368852589904354
2006-02-15,0.9368880735255171
2006-02-16,0.936890296992669
2006-02-17,0.9368920484170794
2006-02-20,0.9368934249465855
2006-02-21,0.9368945049793328
2006-02-22,0.9368953512624204
2006-02-23,0.9368960137103025
2006-02-24,0.936896531847626
2006-02-27,0.936896936863483
2006-02-28,0.9368972533043469
2006-03-01,0.9369628863614128
2006-03-02,0.9369474065726896
2006-03-03,0.936935949833307
2006-03-06,0.9369272706901769
2006-03-07,0.9369206567635197
2006-03-08,0.9369155928105785
2006-03-09,0.9369117007300035
2006-03-10,0.9369087001029397
2006-03-13,0.9369063810407575
2006-03-14,0.9369045852151301
2006-03-15,0.9369031924097574
2006-03-16,0.9369021108531093
2006-03-17,0.936901270179318
2006-03-20,0.9369006162431814
2006-03-21,0.9369001072619593
2006-03-22,0.9368997109193052
2006-03-23,0.9368994021753339
2006-03-24,0.9368991616004813
2006-03-27,0.9368989741014814
2006-03-28,0.9368988279431885
2006-03-29,0.9368987139950709
2006-03-30,0.9368986251492386
2006-03-31,0.9368985558700106
2006-04-03,0.9371904676483428
2006-04-04,0.9371094284124606
2006-04-05,0.9370489558517705
2006-04-06,0.9370073928433463
2006-04-07,0.9369784756960966
2006-04-10,0.9369580827989891
2006-04-11,0.9369435072572344
2006-04-12,0.9369329553963668
2006-04-13,0.9369252255571009
2006-04-14,0.9369195025339715
2006-04-17,0.9369152257009312
2006-04-18,0.9369120040003208
2006-04-19,0.936909560753107
2006-04-20,0.9369076975000118
2006-04-21,0.9369062700486982
2006-04-24,0.936905172405569
2006-04-25,0.9369043258472057
2006-04-26,0.9369036713788818
2006-04-27,0.9369031644532418
2006-04-28,0.9369027712180259
2006-05-01,0.9369024658133761
2006-05-02,0.935845470863495
2006-05-03,0.9360406506903534
2006-05-04,0.9362085782211734
2006-05-05,0.9363478297443938
2006-05-08,0.9364614440201722
2006-05-09,0.9365530939386213
2006-05-10,0.9366264201407902
2006-05-11,0.9366847313960934
2006-05-12,0.936730892611871
2006-05-15,0.9367673106294573
2006-05-16,0.936795967272773
2006-05-17,0.9368184717998242
2006-05-18,0.9368361179622587
2006-05-19,0.9368499382981271
2006-05-22,0.936860752416505
2006-05-23,0.9368692082627955
2006-05-24,0.9368758164939761
2006-05-25,0.9368809786208049
2006-05-26,0.936885009766736
2006-05-29,0.936888156911038
2006-05-30,0.9368906134170503
2006-05-31,0.9368925305458125
2006-06-01,0.9369100077380677
2006-06-02,0.9369052423058567
2006-06-05,0.9369027126840771
2006-06-06,0.936901201633297
2006-06-07,0.9369003024377607
2006-06-08,0.9368997711763479
2006-06-09,0.9368994603469329
2006-06-12,0.9368992809305801
2006-06-13,0.9368991793469511
2006-06-14,0.9368991234569448
2006-06-15,0.9368990940689651
2006-06-16,0.936899079790824
2006-06-19,0.936899073913845
2006-06-20,0.9368990725302824
2006-06-21,0.9368990733984238
2006-06-22,0.9368990752603927
2006-06-23,0.9368990774336035
2006-06-26,0.9368990795673031
2006-06-27,0.9368990814984361
2006-06-28,0.9368990831670735
2006-06-29,0.9368990845673866
2006-06-30,0.9368990857197268
2006-07-03,0.9298232070283133
2006-07-04,0.9309719356814484
2006-07-05,0.9320192268460712
2006-07-06,0.9329334232360432
2006-07-07,0.9337071639461535
2006-07-10,0.9343483189378438
2006-07-11,0.9348716771155204
2006-07-12,0.9352942217353324
2006-07-13,0.9356326072816065
2006-07-14,0.935901943575509
2006-07-17,0.9361153283613828
2006-07-18,0.9362837872127919
2006-07-19,0.9364164178353661
2006-07-20,0.9365206218605509
2006-07-21,0.936602359620848
2006-07-24,0.936666394577558
2006-07-25,0.9367165121166108
2006-07-26,0.936755707492987
2006-07-27,0.9367863430204629
2006-07-28,0.9368102771616337
2006-07-31,0.9368289691795435
2006-08-01,0.9368746271865263
2006-08-02,0.9368736830747653
2006-08-03,0.9368753668260826
2006-08-04,0.9368778535559845
2006-08-07,0.9368805065554449
2006-08-08,0.9368830107213533
2006-08-09,0.9368852289197648
2006-08-10,0.9368871205000637
2006-08-11,0.9368886942101048
2006-08-14,0.9368899815387467
2006-08-15,0.9368910220788114
2006-08-16,0.9368918558697614
2006-08-17,0.9368925197191856
2006-08-18,0.9368930457326097
2006-08-21,0.9368934610195008
2006-08-22,0.9368937879835015
2006-08-23,0.9368940448652592
2006-08-24,0.9368942463585274
2006-08-25,0.936894404208039
2006-08-28,0.9368945277472596
2006-08-29,0.9368946243612978
2006-08-30,0.93689469987443
2006-08-31,0.9368947588684646
2006-09-01,0.9375398895001212
2006-09-04,0.9373862994310995
2006-09-05,0.9372705647734998
2006-09-06,0.9371833154606147
2006-09-07,0.9371171447326123
2006-09-08,0.9370666971412024
2006-09-11,0.9370280665492066
2006-09-12,0.9369983763548253
2006-09-13,0.9369754888783001
2006-09-14,0.93695780248353
2006-09-15,0.9369441084868145
2006-09-18,0.9369334890932582
2006-09-19,0.9369252437546652
2006-09-20,0.9369188354358389
2006-09-21,0.9369138509944661
2006-09-22,0.936909971689594
2006-09-25,0.9369069510458178
2006-09-26,0.9369045981192017
2006-09-27,0.9369027647701932
2006-09-28,0.9369013359354413
2006-09-29,0.9369002221612879
2006-10-02,0.9368993538540049
2006-10-03,0.9364407329486084
2006-10-04,0.936525693341319
2006-10-05,0.9365963907085281
2006-10-06,0.9366558881538847
2006-10-09,0.9367049585616786
2006-10-10,0.9367448545576117
2006-10-11,0.9367769602788981
2006-10-12,0.936802603416105
2006-10-13,0.9368229706456113
2006-10-16,0.936839079566702
2006-10-17,0.9368517799114313
2006-10-18,0.9368617685617362
2006-10-19,0.9368696098349155
2006-10-20,0.9368757565263975
2006-10-23,0.9368805695013256
2006-10-24,0.9368843349107521
2006-10-25,0.9368872787979089
2006-10-26,0.9368895792078309
2006-10-27,0.9368913760690378
2006-10-30,0.9368927791666789
2006-10-31,0.936893874523096
2006-11-01,0.9366303521495203
2006-11-02,0.936642454585904
2006-11-03,0.9366699690149738
2006-11-06,0.9367024278020544
2006-11-07,0.9367345333984687
2006-11-08,0.9367637531999993
2006-11-09,0.9367891092157143
2006-11-10,0.9368104582420336
2006-11-13,0.9368280717716233
2006-11-14,0.9368423976992558
2006-11-15,0.9368539304856283
2006-11-16,0.9368631447814384
2006-11-17,0.9368704652748117
2006-11-20,0.9368762565140293
2006-11-21,0.9368808231764945
2006-11-22,0.9368844153149724
2006-11-23,0.936887235534452
2006-11-24,0.936889446476725
2006-11-27,0.9368911778108724
2006-11-28,0.9368925323892612
2006-11-29,0.9368935914782431
2006-11-30,0.9368944190996206
2006-12-01,0.9366107360891035
2006-12-04,0.936671911345922
2006-12-05,0.9367210521010648
2006-12-06,0.9367594769606952
2006-12-07,0.9367895001112645
2006-12-08,0.9368129494128722
2006-12-11,0.9368312587779317
2006-12-12,0.9368455515391912
2006-12-13,0.9368567068391556
2006-12-14,0.9368654121869463
2006-12-15,0.9368722049154179
2006-12-18,0.9368775047958043
2006-12-19,0.9368816396447139
2006-12-20,0.9368848653987599
2006-12-21,0.9368873818339647
2006-12-22,0.9368893448639456
2006-12-25,0.9368908761549596
2006-12-26,0.936892070639264
2006-12-27,0.9368930023838049
2006-12-28,0.9368937291728153
2006-12-29,0.9368942960852922
2007-01-01,0.9368947382872798
2007-01-02,0.9256566157354899
2007-01-03,0.9276976340355645
2007-01-04,0.9294514737496679
2007-01-05,0.9309237618263014
2007-01-08,0.9321357256588182
2007-01-09,0.9331198168809239
2007-01-10,0.9339110357596724
2007-01-11,0.9345425871400567
2007-01-12,0.9350439719604675
2007-01-15,0.9354403974710359
2007-01-16,0.9357528648527926
2007-01-17,0.9359985716875401
2007-01-18,0.9361914298188547
2007-01-19,0.9363425937432696
2007-01-22,0.9364609486880737
2007-01-23,0.9365535376202548
2007-01-24,0.9366259225438593
2007-01-25,0.936682483515485
2007-01-26,0.9367266623568913
2007-01-29,0.9367611591339425
2007-01-30,0.9367880892969341
2007-01-31,0.9368091086163021
2007-02-01,0.9369036889719071
2007-02-02,0.9368982835421621
2007-02-05,0.9368945164202505
2007-02-06,0.9368917883997642
2007-02-07,0.9368897882699295
2007-02-08,0.9368883059822082
2007-02-09,0.9368871971911484
2007-02-12,0.9368863611928404
2007-02-13,0.9368857266835394
2007-02-14,0.9368852424611092
2007-02-15,0.9368848712770431
2007-02-16,0.9368845857151155
2007-02-19,0.9368843653877165
2007-02-20,0.9368841949994597
2007-02-21,0.9368840629893765
2007-02-22,0.9368839605647528
2007-02-23,0.9368838810041042
2007-02-26,0.936883819147939
2007-02-27,0.9368837710225236
2007-02-28,0.9368837335591761
2007-03-01,0.9369321875867154
2007-03-02,0.9369210422226126
2007-03-05,0.9369125763928338
2007-03-06,0.936906052560533
2007-03-07,0.9369010119667261
2007-03-08,0.9368971095258654
2007-03-09,0.936894083413036
2007-03-12,0.9368917338751295
2007-03-13,0.9368899078276385
2007-03-14,0.9368884875228007
2007-03-15,0.9368873821269159
2007-03-16,0.9368865214042665
2007-03-19,0.9368858509450714
2007-03-20,0.9368853285373756
2007-03-21,0.9368849213944173
2007-03-22,0.9368846040268461
2007-03-23,0.9368843566042865
2007-03-26,0.9368841636902734
2007-03-27,0.9368840132633682
2007-03-28,0.9368838959584149
2007-03-29,0.9368838044776306
2007-03-30,0.9368837331330285
2007-04-02,0.9368836774905867
2007-04-03,0.936740450228094
2007-04-04,0.9367275692266313
2007-04-05,0.9367291311731502
2007-04-06,0.9367434217268755
2007-04-09,0.9367627460392942
2007-04-10,0.9367828854257372
2007-04-11,0.9368017205462762
2007-04-12,0.9368183352408691
2007-04-13,0.9368324750204264
2007-04-16,0.9368442270302582
2007-04-17,0.936853835790204
2007-04-18,0.9368616007639944
2007-04-19,0.9368678223263431
2007-04-20,0.9368727757110057
2007-04-23,0.9368767006545704
2007-04-24,0.9368797994639385
2007-04-25,0.9368822392875518
2007-04-26,0.9368841562048609
2007-04-27,0.936885659835403
2007-04-30,0.9368868378016981
2007-05-01,0.9359038728910093
2007-05-02,0.9360935320647574
2007-05-03,0.9362534660305616
2007-05-04,0.9363839932726096
2007-05-07,0.9364892825161814
2007-05-08,0.9365735120549008
2007-05-09,0.9366404854890851
2007-05-10,0.9366934974506054
2007-05-11,0.936735315622676
2007-05-14,0.9367682184427222
2007-05-15,0.9367940555355586
2007-05-16,0.9368143135190442
2007-05-17,0.9368301785926305
2007-05-18,0.9368425921613687
2007-05-21,0.9368522983412286
2007-05-22,0.9368598835088309
2007-05-23,0.9368658086637559
2007-05-24,0.9368704355896893
2007-05-25,0.9368740478178798
2007-05-28,0.93687686731747
2007-05-29,0.9368790677198543
2007-05-30,0.9368807847588316
2007-05-31,0.93688212449001
2007-06-01,0.9366865587587702
2007-06-04,0.9367259193347315
2007-06-05,0.9367590339941865
2007-06-06,0.9367856340780492
2007-06-07,0.9368068444819555
2007-06-08,0.9368236692300409
2007-06-11,0.9368369629783085
2007-06-12,0.9368474356611829
2007-06-13,0.9368556672923786
2007-06-14,0.9368621262241542
2007-06-15,0.9368671874521065
2007-06-18,0.9368711493540611
2007-06-19,0.9368742482387983
2007-06-20,0.9368766705996807
2007-06-21,0.9368785632223456
2007-06-22,0.9368800414027144
2007-06-25,0.936881195559999
2007-06-26,0.9368820965182085
2007-06-27,0.9368827997007175
2007-06-28,0.9368833484476311
2007-06-29,0.9368837766310607
2007-07-02,0.9368841107118978
2007-07-03,0.9302062550431972
2007-07-04,0.9314334989208671
2007-07-05,0.932483223546228
2007-07-06,0.9333596165614699
2007-07-09,0.9340780880491537
2007-07-10,0.9346596513103574
2007-07-11,0.9351261122667307
2007-07-12,0.9354977517999467
2007-07-13,0.9357923704357045
2007-07-16,0.936025054083179
2007-07-17,0.936208299007596
2007-07-18,0.9363522952115799
2007-07-19,0.9364652600263252
2007-07-20,0.9365537665541475
2007-07-23,0.9366230412686412
2007-07-24,0.9366772212940019
2007-07-25,0.9367195703644124
2007-07-26,0.9367526565603447
2007-07-27,0.9367784965894206
2007-07-30,0.9367986717588638
2007-07-31,0.9368144205219592
2007-08-01,0.9365557097209252
2007-08-02,0.9366203738564716
2007-08-03,0.936673190059053
2007-08-06,0.9367150030843685
2007-08-07,0.936747984302228
2007-08-08,0.9367739320876121
2007-08-09,0.9367943062920305
2007-08-10,0.9368102800742393
2007-08-13,0.9368227893628644
2007-08-14,0.9368325768247081
2007-08-15,0.9368402294070627
2007-08-16,0.936846209581891
2007-08-17,0.9368508809027015
2007-08-20,0.9368545286575314
2007-08-21,0.9368573764139612
2007-08-22,0.936859599188584
2007-08-23,0.9368613338796838
2007-08-24,0.9368626875022038
2007-08-27,0.9368637436702545
2007-08-28,0.9368645676894632
2007-08-29,0.936865210550893
2007-08-30,0.9368657120596027
2007-08-31,0.9368661032830137
2007-09-03,0.9368294618420571
2007-09-04,0.936837122609047
2007-09-05,0.9368430269772675
2007-09-06,0.9368480428120742
2007-09-07,0.9368522081777148
2007-09-10,0.936855611164457
2007-09-11,0.9368583592097922
2007-09-12,0.9368605597115085
2007-09-13,0.936862310802115
2007-09-14,0.9368636977657749
2007-09-17,0.9368647924433772
2007-09-18,0.936865654107671
2007-09-19,0.9368663309609954
2007-09-20,0.9368668617996116
2007-09-21,0.9368672776137917
2007-09-24,0.9368676030196113
2007-09-25,0.9368678574875456
2007-09-26,0.9368680563687964
2007-09-27,0.9368682117372192
2007-09-28,0.936868333071212
2007-10-01,0.9368684278009072
2007-10-02,0.9364499849940315
2007-10-03,0.9365243316919409
2007-10-04,0.9365874864694628
2007-10-05,0.936642052257967
2007-10-08,0.9366878665360869
2007-10-09,0.9367255860696044
2007-10-10,0.9367562171040208
2007-10-11,0.9367808465421761
2007-10-12,0.9368005066019797
2007-10-15,0.9368161149484375
2007-10-16,0.9368284559825802
2007-10-17,0.9368381833615788
2007-10-18,0.936845832419496
2007-10-19,0.9368518362367161
2007-10-22,0.9368565420661908
2007-10-23,0.936860226518535
2007-10-24,0.9368631088521111
2007-10-25,0.9368653622199333
2007-10-26,0.9368671229785263
2007-10-29,0.936868498275348
2007-10-30,0.9368695721657376
2007-10-31,0.9368704105051134
2007-11-01,0.9356850552635305
2007-11-02,0.9359215952730692
2007-11-05,0.9361171928251456
2007-11-06,0.9362745103044909
2007-11-07,0.9364000550481759
2007-11-08,0.9364996881499708
2007-11-09,0.9365784328947107
2007-11-12,0.9366404770803427
2007-11-13,0.9366892488944065
2007-11-14,0.9367275196081184
2007-11-15,0.9367575094858758
2007-11-16,0.9367809857876604
2007-11-19,0.9367993484316482
2007-11-20,0.936813702353196
2007-11-21,0.9368249172848245
2007-11-22,0.9368336764016226
2007-11-23,0.9368405154847137
2007-11-26,0.9368458542076818
2007-11-27,0.9368500209879586
2007-11-28,0.9368532726426879
2007-11-29,0.9368558098853036
2007-11-30,0.936857789513069
2007-12-03,0.936169127249267
2007-12-04,0.9363133734883498
2007-12-05,0.9364304477130599
2007-12-06,0.9365228740633142
2007-12-07,0.9365956198536157
2007-12-10,0.9366527548409509
2007-12-11,0.9366975574803653
2007-12-12,0.9367326470358883
2007-12-13,0.9367601037619353
2007-12-14,0.9367815726558743
2007-12-17,0.9367983503249063
2007-12-18,0.9368114562857953
2007-12-19,0.9368216907016005
2007-12-20,0.9368296806924078
2007-12-21,0.9368359172267609
2007-12-24,0.9368407843614087
2007-12-25,0.9368445823292417
2007-12-26,0.9368475457180191
2007-12-27,0.9368498577529233
2007-12-28,0.9368516614995294
2007-12-31,0.936853068640109
2008-01-01,0.9192430424536594
2008-01-02,0.9228044868961958
2008-01-03,0.925696018064701
2008-01-04,0.9280253243103544
2008-01-07,0.9298854012162379
2008-01-08,0.9313617671393518
2008-01-09,0.9325284941124977
2008-01-10,0.9334476025014826
2008-01-11,0.9341699447851792
2008-01-14,0.9347366451440626
2008-01-15,0.9351806466054052
2008-01-16,0.9355281617590087
2008-01-17,0.9357999463790234
2008-01-18,0.9360123763999727
2008-01-21,0.9361783374710666
2008-01-22,0.9363079483231889
2008-01-23,0.9364091426689166
2008-01-24,0.9364881337051945
2008-01-25,0.9365497828251375
2008-01-28,0.936597891077722
2008-01-29,0.9366354288437753
2008-01-30,0.9366647163988426
2008-01-31,0.9366875656103973
2008-02-01,0.9365133797213949
2008-02-04,0.9365687256912395
2008-02-05,0.9366122565910941
2008-02-06,0.9366462413556157
2008-02-07,0.9366727666569153
2008-02-08,0.9366934667789419
2008-02-11,0.9367096191641192
2008-02-12,0.9367222218361863
2008-02-13,0.9367320542311872
2008-02-14,0.9367397249004995
2008-02-15,0.9367457088722351
2008-02-18,0.9367503768853147
2008-02-19,0.9367540182476869
2008-02-20,0.9367568586993886
2008-02-21,0.9367590743660943
2008-02-22,0.9367608026552331
2008-02-25,0.9367621507624424
2008-02-26,0.9367632023111442
2008-02-27,0.936764022534173
2008-02-28,0.9367646623171191
2008-02-29,0.9367651613531521
2008-03-03,0.9366062504893437
2008-03-04,0.9366407117156512
2008-03-05,0.9366679927011462
2008-03-06,0.9366892680586565
2008-03-07,0.9367058587201613
2008-03-10,0.9367187969099423
2008-03-11,0.9367288871559746
2008-03-12,0.9367367566065734
2008-03-13,0.9367428942032309
2008-03-14,0.9367476811774178
2008-03-17,0.9367514148025223
2008-03-18,0.9367543268986318
2008-03-19,0.9367565982529926
2008-03-20,0.9367583698598824
2008-03-21,0.936759751682768
2008-03-24,0.9367608294857874
2008-03-25,0.9367616701604657
2008-03-26,0.9367623258794399
2008-03-27,0.93676283733568
2008-03-28,0.9367632362686702
2008-03-31,0.9367635474345704
2008-04-01,0.9253074551235584
2008-04-02,0.927112512397758
2008-04-03,0.928761200784744
2008-04-04,0.9302280758904868
2008-04-07,0.9314878647331766
2008-04-08,0.9325436008996393
2008-04-09,0.9334129290428521
2008-04-10,0.9341195857589143
2008-04-11,0.9346885018549879
2008-04-14,0.9351432029680111
2008-04-15,0.9355046088403227
2008-04-16,0.9357906435638846
2008-04-17,0.9360162865992201
2008-04-18,0.9361938397941888
2008-04-21,0.9363332794688358
2008-04-22,0.936442621270016
2008-04-23,0.9365282609857748
2008-04-24,0.93659527523533
2008-04-25,0.9366476775243591
2008-04-28,0.9366886312087855
2008-04-29,0.9367206237338638
2008-04-30,0.9367456075196018
2008-05-01,0.935545997681836
2008-05-02,0.9358173907976978
2008-05-05,0.9360350646835479
2008-05-06,0.9362057588154705
2008-05-07,0.9363394156704165
2008-05-08,0.9364439736165581
2008-05-09,0.9365257110724976
2008-05-12,0.9365895754483151
2008-05-13,0.9366394552583696
2008-05-14,0.9366784010309586
2008-05-15,0.9367088025916206
2008-05-16,0.9367325302336872
2008-05-19,0.9367510465258306
2008-05-20,0.9367654945232178
2008-05-21,0.9367767671674535
2008-05-22,0.9367855617741331
2008-05-23,0.9367924227463896
2008-05-26,0.9367977750197388
2008-05-27,0.936801950226414
2008-05-28,0.9368052071502787
2008-05-29,0.936807747709933
2008-05-30,0.9368097294426597
2008-06-02,0.9368112752522881
2008-06-03,0.93573758188388
2008-06-04,0.9359628486131651
2008-06-05,0.936144180383169
2008-06-06,0.9362865812728678
2008-06-09,0.9363982063137537
2008-06-10,0.9364856029429993
2008-06-11,0.9365539693421333
2008-06-12,0.936607413501288
2008-06-13,0.9366491712484447
2008-06-16,0.9366817853330187
2008-06-17,0.9367072503429746
2008-06-18,0.9367271288048251
2008-06-19,0.9367426435509332
2008-06-20,0.9367547508409373
2008-06-23,0.9367641980383038
2008-06-24,0.9367715689828171
2008-06-25,0.9367773196125213
2008-06-26,0.9367818058883421
2008-06-27,0.9367853056595593
2008-06-30,0.9367880357698569
2008-07-01,0.9218904731000033
2008-07-02,0.9249311994716657
2008-07-03,0.927384106376996
2008-07-04,0.9293471410163185
2008-07-07,0.9309071758378569
2008-07-08,0.9321409384298107
2008-07-09,0.9331132917894481
2008-07-10,0.9338776919077021
2008-07-11,0.9344774922922252
2008-07-14,0.9349474793592436
2008-07-15,0.9353153597293558
2008-07-16,0.9356030853144195
2008-07-17,0.9358279822051864
2008-07-18,0.9360036868905239
2008-07-21,0.9361409093287953
2008-07-22,0.9362480476211232
2008-07-23,0.9363316790784734
2008-07-24,0.9363969502180818
2008-07-25,0.9364478851475563
2008-07-28,0.9364876286282174
2008-07-29,0.9365186371888251
2008-07-30,0.9365428291164212
2008-07-31,0.9365617020077093
2008-08-01,0.9373494869369718
2008-08-04,0.9371939337709994
2008-08-05,0.9370718109690517
2008-08-06,0.936980894992322
2008-08-07,0.936912734121573
2008-08-08,0.9368612836658285
2008-08-11,0.9368222148864522
2008-08-12,0.9367923969529809
2008-08-13,0.9367695423467007
2008-08-14,0.9367519633036606
2008-08-15,0.9367384032805568
2008-08-18,0.9367279192030549
2008-08-19,0.9367197982796577
2008-08-20,0.9367134985414959
2008-08-21,0.9367086058392236
2008-08-22,0.9367048023906733
2008-08-25,0.9367018435369799
2008-08-26,0.9366995404048576
2008-08-27,0.9366977468692954
2008-08-28,0.9366963496821071
2008-08-29,0.9366952609541871
2008-09-01,0.9366944124028233
2008-09-02,0.9364076755237538
2008-09-03,0.9364675179063715
2008-09-04,0.9365152141857855
2008-09-05,0.9365532704172149
2008-09-08,0.9365834731376017
2008-09-09,0.9366073460708666
2008-09-10,0.9366261580746628
2008-09-11,0.9366409475143688
2008-09-12,0.9366525538033929
2008-09-15,0.9366616495709054
2008-09-16,0.9366687703243163
2008-09-17,0.9366743403524249
2008-09-18,0.9366786946058873
2008-09-19,0.9366820967803166
2008-09-22,0.9366847540378626
2008-09-23,0.9366868288645197
2008-09-24,0.9366884485463086
2008-09-25,0.9366897126989222
2008-09-26,0.9366906992248678
2008-09-29,0.9366914690111141
2008-09-30,0.9366920696243093
2008-10-01,0.931735006186403
2008-10-02,0.9325972700185172
2008-10-03,0.9333507093732017
2008-10-06,0.934000505159268
2008-10-07,0.9345459372404066
2008-10-08,0.9349952135993034
2008-10-09,0.9353603292423509
2008-10-10,0.9356541364937906
2008-10-13,0.935888833550977
2008-10-14,0.9360752800632014
2008-10-15,0.9362227759993772
2008-10-16,0.9363390853560078
2008-10-17,0.9364305769468555
2008-10-20,0.9365024100624434
2008-10-21,0.9365587261270537
2008-10-22,0.9366028270285067
2008-10-23,0.9366373319229447
2008-10-24,0.9366643103940379
2008-10-27,0.9366853929566347
2008-10-28,0.9367018613069383
2008-10-29,0.9367147211946448
2008-10-30,0.936724760774271
2008-10-31,0.9367325970404435
2008-11-03,0.9352549924037045
2008-11-04,0.9355695179736655
2008-11-05,0.935821933159979
2008-11-06,0.9360220935531854
2008-11-07,0.9361801623614316
2008-11-10,0.9363046183197931
2008-11-11,0.9364023916444525
2008-11-12,0.9364790748608867
2008-11-13,0.9365391412162183
2008-11-14,0.9365861461779732
2008-11-17,0.9366229027857358
2008-11-18,0.9366516291353076
2008-11-19,0.9366740697681035
2008-11-20,0.9366915941425337
2008-11-21,0.936705275710075
2008-11-24,0.9367159549577485
2008-11-25,0.9367242894026006
2008-11-26,0.936730793083329
2008-11-27,0.9367358676636868
2008-11-28,0.9367398268747722
2008-12-01,0.9367429156901185
2008-12-02,0.9329540163464508
2008-12-03,0.9337837023608914
2008-12-04,0.9344380794278153
2008-12-05,0.9349423921340551
2008-12-08,0.9353320001385861
2008-12-09,0.9356336215715116
2008-12-10,0.9358675098707148
2008-12-11,0.9360491084481508
2008-12-12,0.9361902492582775
2008-12-15,0.9363000319085204
2008-12-16,0.9363854758234079
2008-12-17,0.9364520087336633
2008-12-18,0.9365038355145887
2008-12-19,0.9365442185205192
2008-12-22,0.9365756917940424
2008-12-23,0.9366002254533676
2008-12-24,0.9366193522803834
2008-12-25,0.9366342654680755
2008-12-26,0.9366458942618032
2008-12-29,0.9366549625940768
2008-12-30,0.9366620345976678
2008-12-31,0.9366675499709101
2009-01-01,0.9229546837477528
2009-01-02,0.9256936550872852
2009-01-05,0.9279756622876346
2009-01-06,0.9296880004580392
2009-01-07,0.9309837194657522
2009-01-08,0.9319710598181584
2009-01-09,0.9327274328111927
2009-01-12,0.9333092358894319
2009-01-13,0.9337581647458215
2009-01-14,0.9341054043135575
2009-01-15,0.9343744914651355
2009-01-16,0.9345833180952545
2009-01-19,0.9347455614750472
2009-01-20,0.9348717231152383
2009-01-21,0.9349698939619144
2009-01-22,0.935046324545677
2009-01-23,0.9351058537980145
2009-01-26,0.935152234016204
2009-01-27,0.9351883786246297
2009-01-28,0.9352165519894008
2009-01-29,0.9352385153980587
2009-01-30,0.9352556396687806
2009-02-02,0.9352689922257399
2009-02-03,0.8376475508534821
2009-02-04,0.8593332876497642
2009-02-05,0.8759613092650189
2009-02-06,0.8887659023607122
2009-02-09,0.8986561921654771
2009-02-10,0.9063128946693957
2009-02-11,0.9122506763761813
2009-02-12,0.9168614993231906
2009-02-13,0.9204455235800767
2009-02-16,0.9232335745014794
2009-02-17,0.925403729650874
2009-02-18,0.9270937123770155
2009-02-19,0.9284102396027677
2009-02-20,0.9294361243651214
2009-02-23,0.930235703498084
2009-02-24,0.9308590040787781
2009-02-25,0.9313449529525103
2009-02-26,0.9317238558992506
2009-02-27,0.9320193167425578
2009-03-02,0.9322497254037253
2009-03-03,0.206734719462459
2009-03-04,0.04243953356086595
2009-03-05,-0.10057688957676647
2009-03-06,-0.22354862406099202
2009-03-09,-0.3280530381257424
2009-03-10,-0.4158271184359086
2009-03-11,-0.48872728692205825
2009-03-12,-0.5486535010942124
2009-03-13,-0.5974651224286136
2009-03-16,-0.6369087366403647
2009-03-17,-0.6685678637175078
2009-03-18,-0.6938361263329313
2009-03-19,-0.713910376474891
2009-03-20,-0.7297982486728243
2009-03-23,-0.7423346113539102
2009-03-24,-0.7522024014899878
2009-03-25,-0.7599546246970318
2009-03-26,-0.76603548706663
2009-03-27,-0.7707995427046773
2009-03-30,-0.7745283773042315
2009-03-31,-0.777444749271705
2009-04-01,-0.8411545380164404
2009-04-02,-0.8238210206493765
2009-04-03,-0.8071585160075562
2009-04-06,-0.7917653549462251
2009-04-07,-0.7783394017912251
2009-04-08,-0.7674286065054426
2009-04-09,-0.7593606991881553
2009-04-10,-0.7542099913124624
2009-04-13,-0.7518054512485617
2009-04-14,-0.7517759937155788
2009-04-15,-0.7536211075198135
2009-04-16,-0.7567904537107212
2009-04-17,-0.760756036231317
2009-04-20,-0.765064880449288
2009-04-21,-0.7693671284281264
2009-04-22,-0.7734213575605019
2009-04-23,-0.7770834578079603
2009-04-24,-0.7802867634986589
2009-04-27,-0.7830200072974881
2009-04-28,-0.7853073851103772
2009-04-29,-0.7871927526761326
2009-04-30,-0.7887283252443711
2009-05-01,-0.7767475849402586
2009-05-04,-0.7796836393969602
2009-05-05,-0.7823199463079143
2009-05-06,-0.7845799984788793
2009-05-07,-0.7864709521356629
2009-05-08,-0.7880260365000924
2009-05-11,-0.7892888641260363
2009-05-12,-0.7903047535429915
2009-05-13,-0.7911162062167753
2009-05-14,-0.7917608659603729
2009-05-15,-0.7922708986096405
2009-05-18,-0.7926731339903613
2009-05-19,-0.7929895752669297
2009-05-20,-0.79323804774588
2009-05-21,-0.7934328624299875
2009-05-22,-0.7935854316021249
2009-05-25,-0.7937048096821477
2009-05-26,-0.7937981525452446
2009-05-27,-0.7938710988252766
2009-05-28,-0.7939280814662354
2009-05-29,-0.7939725793896928
2009-06-01,-0.7940073190900614
2009-06-02,-0.7943546298009115
2009-06-03,-0.7942996379582156
2009-06-04,-0.7942583335123897
2009-06-05,-0.7942265398960718
2009-06-08,-0.7942019953846625
2009-06-09,-0.7941830057771376
2009-06-10,-0.7941682883955823
2009-06-11,-0.7941568664082773
2009-06-12,-0.7941479923176371
2009-06-15,-0.7941410918738
2009-06-16,-0.7941357225235007
2009-06-17,-0.7941315423414054
2009-06-18,-0.7941282866149416
2009-06-19,-0.794125750079503
2009-06-22,-0.7941237733660746
2009-06-23,-0.7941222326156838
2009-06-24,-0.7941210314915433
2009-06-25,-0.7941200950172468
2009-06-26,-0.7941193648124036
2009-06-29,-0.7941187954019063
2009-06-30,-0.7941183513526593
2009-07-01,-0.7545095894323269
2009-07-02,-0.7611821392136754
2009-07-03,-0.7668775166656577
2009-07-06,-0.7712409898376563
2009-07-07,-0.7745952012453993
2009-07-08,-0.7771820714784747
2009-07-09,-0.7791822100376855
2009-07-10,-0.7807317262125554
2009-07-13,-0.7819339645580828
2009-07-14,-0.7828678542564059
2009-07-15,-0.7835939551884451
2009-07-16,-0.784158900608447
2009-07-17,-0.7845987010195615
2009-07-20,-0.7849412252385851
2009-07-21,-0.7852080782908653
2009-07-22,-0.7854160317742738
2009-07-23,-0.7855781188471107
2009-07-24,-0.7857044758350489
2009-07-27,-0.7858029911402724
2009-07-28,-0.7858798068245825
2009-07-29,-0.7859397070775138
2009-07-30,-0.7859864195435036
2009-07-31,-0.7860228493386916
2009-08-03,-0.7896303096607008
2009-08-04,-0.7893724330435482
2009-08-05,-0.7891510734727671
2009-08-06,-0.7889793262223974
2009-08-07,-0.7888460277272352
2009-08-10,-0.7887424664162712
2009-08-11,-0.788661942160106
2009-08-12,-0.788599289047664
2009-08-13,-0.7885505151532318
2009-08-14,-0.7885125299951029
2009-08-17,-0.7884829373239106
2009-08-18,-0.788459876876795
2009-08-19,-0.788441903055488
2009-08-20,-0.7884278916047527
2009-08-21,-0.7884169676307101
2009-08-24,-0.7884084499533546
2009-08-25,-0.7884018080074792
2009-08-26,-0.7883966284129017
2009-08-27,-0.7883925890139685
2009-08-28,-0.7883894387004773
2009-08-31,-0.7883869817108038
2009-09-01,-0.7874733089837925
2009-09-02,-0.7874922153186024
2009-09-03,-0.7875191467359182
2009-09-04,-0.7875424197151712
2009-09-07,-0.7875619169166294
2009-09-08,-0.7875779439007261
2009-09-09,-0.7875909440848926
2009-09-10,-0.7876013882635531
2009-09-11,-0.787609719868622
2009-09-14,-0.7876163312438226
2009-09-15,-0.7876215567350698
2009-09-16,-0.7876256743833032
2009-09-17,-0.787628911566761
2009-09-18,-0.787631452037587
2009-09-21,-0.7876334430168577
2009-09-22,-0.7876350017074967
2009-09-23,-0.7876362209705092
2009-09-24,-0.7876371741154765
2009-09-25,-0.7876379188581527
2009-09-28,-0.7876385005419281
2009-09-29,-0.7876389547324593
2009-09-30,-0.7876393092913117
2009-10-01,-0.795347105780002
2009-10-02,-0.7944688727149691
2009-10-05,-0.7938108625112762
2009-10-06,-0.7933632266866364
2009-10-07,-0.7930588786263556
2009-10-08,-0.7928511637200855
2009-10-09,-0.7927084407798018
2009-10-12,-0.7926094818559306
2009-10-13,-0.7925401288486635
2009-10-14,-0.7924909542508332
2009-10-15,-0.7924556671688261
2009-10-16,-0.79243004709591
2009-10-19,-0.7924112394430443
2009-10-20,-0.7923972934792511
2009-10-21,-0.7923868602049703
2009-10-22,-0.7923789946920972
2009-10-23,-0.792373026282358
2009-10-26,-0.7923684727846726
2009-10-27,-0.7923649832428464
2009-10-28,-0.7923622993363391
2009-10-29,-0.7923602290182837
2009-10-30,-0.7923586282651973
2009-11-02,-0.7923573882643792
2009-11-03,-0.7860290027529117
2009-11-04,-0.7870492534122783
2009-11-05,-0.7878952465666906
2009-11-06,-0.7885653231685655
2009-11-09,-0.789093978436347
2009-11-10,-0.7895099478777042
2009-11-11,-0.7898365922318564
2009-11-12,-0.7900926999185601
2009-11-13,-0.7902932671649413
2009-11-16,-0.7904501969173946
2009-11-17,-0.7905728979260614
2009-11-18,-0.7906687843514635
2009-11-19,-0.7907436848930334
2009-11-20,-0.7908021736271398
2009-11-23,-0.7908478351398459
2009-11-24,-0.7908834756138768
2009-11-25,-0.7909112900714043
2009-11-26,-0.7909329943969383
2009-11-27,-0.7909499292700347
2009-11-30,-0.7909631418125445
2009-12-01,-0.7871790119521307
2009-12-02,-0.7877231154907361
2009-12-03,-0.7881749624187334
2009-12-04,-0.7885307468017039
2009-12-07,-0.7888101792780942
2009-12-08,-0.789029297040699
2009-12-09,-0.7892009114119624
2009-12-10,-0.7893351963775287
2009-12-11,-0.7894401968889749
2009-12-14,-0.7895222540176408
2009-12-15,-0.7895863537449084
2009-12-16,-0.7896364093378528
2009-12-17,-0.7896754878208566
2009-12-18,-0.7897059903788267
2009-12-21,-0.7897297953432442
2009-12-22,-0.7897483710970363
2009-12-23,-0.7897628649744189
2009-12-24,-0.7897741731088029
2009-12-25,-0.7897829952213508
2009-12-28,-0.7897898775426279
2009-12-29,-0.7897952464048407
2009-12-30,-0.7897994345126753
2009-12-31,-0.7898027014764204
2010-01-01,-0.5883530936396922
2010-01-04,-0.2680851467916618
2010-01-05,-0.011693591655824696
2010-01-06,0.19072181058418972
2010-01-07,0.35014418040852596
2010-01-08,0.47546439704921645
2010-01-11,0.5738219375060942
2010-01-12,0.6509189565542468
2010-01-13,0.7112887461425178
2010-01-14,0.7585215717074173
2010-01-15,0.7954519589634736
2010-01-18,0.8243121232067885
2010-01-19,0.8468563974790717
2010-01-20,0.8644613184046469
2010-01-21,0.878205606091887
2010-01-22,0.8889337454707226
2010-01-25,0.8973063240192554
2010-01-26,0.9038397557163883
2010-01-27,0.9089375496010843
2010-01-28,0.9129148737232907
2010-01-29,0.916017822016875
2010-02-01,0.9184385079534589
2010-02-02,0.8851518253695684
2010-02-03,0.8817622370917627
2010-02-04,0.8803644797032251
2010-02-05,0.8801115317386731
2010-02-08,0.8805381166527233
2010-02-09,0.8813190113754238
2010-02-10,0.8822399877695001
2010-02-11,0.8831697586990667
2010-02-12,0.8840352234486388
2010-02-15,0.8848016962905724
2010-02-16,0.8854582837192482
2010-02-17,0.886007736858024
2010-02-18,0.8864597996963937
2010-02-19,0.8868270879542273
2010-02-22,0.8871226936372186
2010-02-23,0.8873589075288381
2010-02-24,0.8875466312650268
2010-02-25,0.887695192608879
2010-02-26,0.8878123808055942
2010-03-01,0.8879045897383409
2010-03-02,0.864385152444284
2010-03-03,0.852537333349322
2010-03-04,0.8435987243793137
2010-03-05,0.8368472915934805
2010-03-08,0.8317529851437967
2010-03-09,0.8279060438735483
2010-03-10,0.8249948907692631
2010-03-11,0.8227853826537047
2010-03-12,0.8211027768179247
2010-03-15,0.8198170284327229
2010-03-16,0.8188313229745506
2010-03-17,0.818073397103856
2010-03-18,0.817489095818761
2010-03-19,0.8170376423270304
2010-03-22,0.8166881818118656
2010-03-23,0.8164172562353524
2010-03-24,0.816206953514727
2010-03-25,0.8160435438348788
2010-03-26,0.8159164684650708
2010-03-29,0.8158175848819911
2010-03-30,0.8157405994956365
2010-03-31,0.8156806387316271
2010-04-01,-0.3046537266750225
2010-04-02,-0.35946064485535006
2010-04-05,-0.41234664083502026
2010-04-06,-0.46280292159097997
2010-04-07,-0.5100402964759486
2010-04-08,-0.5533979145483153
2010-04-09,-0.5924077033086721
2010-04-12,-0.6268285081272006
2010-04-13,-0.6566462980549558
2010-04-14,-0.6820443490849643
2010-04-15,-0.7033542774932815
2010-04-16,-0.7210007624876168
2010-04-19,-0.735450497756212
2010-04-20,-0.7471715906959471
2010-04-21,-0.7566054191816226
2010-04-22,-0.7641500202386657
2010-04-23,-0.7701526203857526
2010-04-26,-0.774908578311278
2010-04-27,-0.7786643164181073
2010-04-28,-0.7816223779530461
2010-04-29,-0.7839473219179238
2010-04-30,-0.7857716478004663
2010-05-03,-0.7639283649477732
2010-05-04,-0.7689375590062881
2010-05-05,-0.7729885463970152
2010-05-06,-0.7761541988364404
2010-05-07,-0.7786264505039483
2010-05-10,-0.7805566785026141
2010-05-11,-0.7820634066712036
2010-05-12,-0.7832393599065606
2010-05-13,-0.7841570349868294
2010-05-14,-0.78487308521094
2010-05-17,-0.7854317652640957
2010-05-18,-0.7858676337611861
2010-05-19,-0.7862076708955038
2010-05-20,-0.7864729361822853
2010-05-21,-0.7866798651815837
2010-05-24,-0.7868412832046366
2010-05-25,-0.786967197391649
2010-05-26,-0.7870654153810221
2010-05-27,-0.7871420283898644
2010-05-28,-0.7872017883332701
2010-05-31,-0.7872484021703686
2010-06-01,-0.7785282794781043
2010-06-02,-0.7794472043738231
2010-06-03,-0.78021422373195
2010-06-04,-0.7808149742161288
2010-06-07,-0.7812848623768957
2010-06-08,-0.78165216697871
2010-06-09,-0.7819391466261323
2010-06-10,-0.7821632841636009
2010-06-11,-0.782338289998632
2010-06-14,-0.7824749031902735
2010-06-15,-0.782581527569014
2010-06-16,-0.7826647347811092
2010-06-17,-0.7827296608498807
2010-06-18,-0.7827803180438414
2010-06-21,-0.7828198396868992
2010-06-22,-0.782850672055883
2010-06-23,-0.7828747246362016
2010-06-24,-0.7828934876715817
2010-06-25,-0.7829081240660564
2010-06-28,-0.7829195411972368
2010-06-29,-0.7829284470095943
2010-06-30,-0.7829353938152362
2010-07-01,-0.5206861634614952
2010-07-02,-0.20812267848549992
2010-07-05,0.03844630335912215
2010-07-06,0.23198112764647658
2010-07-07,0.383698755411142
2010-07-08,0.5025141869022133
2010-07-09,0.5954859317736133
2010-07-12,0.6681868345185324
2010-07-13,0.7250062923331907
2010-07-14,0.7693947601986666
2010-07-15,0.8040602488260198
2010-07-16,0.8311253305098515
2010-07-19,0.8522519839977062
2010-07-20,0.8687404732192051
2010-07-21,0.8816074099880762
2010-07-22,0.8916472250991684
2010-07-23,0.8994804757059071
2010-07-26,0.9055917467816571
2010-07-27,0.9103593504466627
2010-07-28,0.9140785749169813
2010-07-29,0.9169798697625191
2010-07-30,0.9192430616217412
2010-08-02,0.921008461513732
2010-08-03,0.9103989786223494
2010-08-04,0.9105769374393388
2010-08-05,0.9110366879351909
2010-08-06,0.9115665118461951
2010-08-09,0.9120911020257995
2010-08-10,0.9125718328933503
2010-08-11,0.912992269997356
2010-08-12,0.9133488405411044
2010-08-13,0.9136448620961795
2010-08-16,0.9138868815449287
2010-08-17,0.91408253779043
2010-08-18,0.9142393913078507
2010-08-19,0.9143643442616014
2010-08-20,0.9144634065558425
2010-08-23,0.9145416540776045
2010-08-24,0.9146032856398697
2010-08-25,0.9146517237681971
2010-08-26,0.9146897285407658
2010-08-27,0.9147195082657715
2010-08-30,0.9147428193399609
2010-08-31,0.9147610524742875
2010-09-01,0.9160309591504852
2010-09-02,0.9164687847152848
2010-09-03,0.9168162935477286
2010-09-06,0.9170931913081359
2010-09-07,0.9173126965657691
2010-09-08,0.917486033972395
2010-09-09,0.9176225189103727
2010-09-10,0.9177297522468613
2010-09-13,0.9178138635705136
2010-09-14,0.9178797548741137
2010-09-15,0.917931322655231
2010-09-16,0.9179716502682446
2010-09-17,0.9180031694135679
2010-09-20,0.9180277929866678
2010-09-21,0.9180470228522448
2010-09-22,0.9180620364160544
2010-09-23,0.9180737556682367
2010-09-24,0.9180829019561995
2010-09-27,0.918090039264729
2010-09-28,0.9180956083125988
2010-09-29,0.9180999533532103
2010-09-30,0.9181033432037737
2010-10-01,0.6005930151687907
2010-10-04,0.33375824678525823
2010-10-05,0.117357531052148
2010-10-06,-0.05664487083984033
2010-10-07,-0.19570232977169463
2010-10-08,-0.3062813532031651
2010-10-11,-0.3938618154992868
2010-10-12,-0.46300411885181386
2010-10-13,-0.5174501632041113
2010-10-14,-0.5602364780365453
2010-10-15,-0.5938059610764038
2010-10-18,-0.620110676293556
2010-10-19,-0.6407022410923924
2010-10-20,-0.6568088829907293
2010-10-21,-0.6693997035324147
2010-10-22,-0.6792374193822018
2010-10-25,-0.6869211327023828
2010-10-26,-0.6929207051301085
2010-10-27,-0.6976041954785344
2010-10-28,-0.7012596466336215
2010-10-29,-0.7041123160847045
2010-11-01,-0.70633826083769
2010-11-02,-0.6058142420545017
2010-11-03,-0.5211210598805245
2010-11-04,-0.4466782137534698
2010-11-05,-0.38153887730830677
2010-11-08,-0.32492140509362666
2010-11-09,-0.2761081266137716
2010-11-10,-0.23440888645967273
2010-11-11,-0.1991377252291706
2010-11-12,-0.16960453348560098
2010-11-15,-0.14512019960958525
2010-11-16,-0.12501075470021666
2010-11-17,-0.10863487128368982
2010-11-18,-0.0953998324382854
2010-11-19,-0.08477294993987777
2010-11-22,-0.07628740005651416
2010-11-23,-0.06954292235441745
2010-11-24,-0.06420260113287124
2010-11-25,-0.05998714028126547
2010-11-26,-0.056667879944231205
2010-11-29,-0.05405949423719337
2010-11-30,-0.05201298812146133
2010-12-01,0.21133748466627977
2010-12-02,0.3695303681097391
2010-12-03,0.4802587056330195
2010-12-06,0.5604828651096148
2010-12-07,0.6198595474870021
2010-12-08,0.6644358737679025
2010-12-09,0.6982332843385626
2010-12-10,0.7240398474138949
2010-12-13,0.7438467532777205
2010-12-14,0.7591070902086926
2010-12-15,0.7708982893431034
2010-12-16,0.7800288070776685
2010-12-17,0.787110743873651
2010-12-20,0.7926107065697007
2010-12-21,0.7968862502832971
2010-12-22,0.8002124633829116
2010-12-23,0.8028016407965537
2010-12-24,0.8048180080093431
2010-12-27,0.8063888395442108
2010-12-28,0.8076129139536408
2010-12-29,0.8085669789383311
2010-12-30,0.8093107163533982
2010-12-31,0.8098905681350459
2011-01-03,0.5505889649596885
2011-01-04,0.577265896126566
2011-01-05,0.6067126718126045
2011-01-06,0.6382373755546489
2011-01-07,0.6707953678885906
2011-01-10,0.7033358575459824
2011-01-11,0.7348783522710737
2011-01-12,0.7645872373901947
2011-01-13,0.7918292316149971
2011-01-14,0.8162014339584693
2011-01-17,0.8375267333350137
2011-01-18,0.8558223366941646
2011-01-19,0.8712525435238754
2011-01-20,0.8840775549630544
2011-01-21,0.894607294924087
2011-01-24,0.903165115874033
2011-01-25,0.9100626255732606
2011-01-26,0.9155845089878764
2011-01-27,0.9199811430713841
2011-01-28,0.9234666389913216
2011-01-31,0.9262202724330538
2011-02-01,0.9242610726449029
2011-02-02,0.9268268457631897
2011-02-03,0.928836338266243
2011-02-04,0.930401516859683
2011-02-07,0.93162095757149
2011-02-08,0.9325712732902863
2011-02-09,0.9333120050578542
2011-02-10,0.9338894634476855
2011-02-11,0.9343396911859098
2011-02-14,0.9346907534271728
2011-02-15,0.9349645117809081
2011-02-16,0.9351780005742859
2011-02-17,0.9353444958160935
2011-02-18,0.9354743462510517
2011-02-21,0.9355756199228505
2011-02-22,0.9356546074866452
2011-02-23,0.9357162141816663
2011-02-24,0.9357642651986315
2011-02-25,0.9358017436407317
2011-02-28,0.9358309759960517
2011-03-01,0.9355805379445421
2011-03-02,0.935639962669044
2011-03-03,0.9356891014122667
2011-03-04,0.9357282452011829
2011-03-07,0.9357592660659122
2011-03-08,0.9357837591958466
2011-03-09,0.9358030442401335
2011-03-10,0.935818196233902
2011-03-11,0.9358300814580934
2011-03-14,0.9358393924708754
2011-03-15,0.9358466797121948
2011-03-16,0.9358523787520623
2011-03-17,0.9358568331206507
2011-03-18,0.93586031307325
2011-03-21,0.9358630308086969
2011-03-22,0.9358651526933297
2011-03-23,0.9358668090106144
2011-03-24,0.9358681016965444
2011-03-25,0.9358691104527207
2011-03-28,0.935869897562885
2011-03-29,0.9358705116792104
2011-03-30,0.9358709907934862
2011-03-31,0.9358713645655178
2011-04-01,0.7907097205911986
2011-04-04,0.6599137081350888
2011-04-05,0.5358871617826603
2011-04-06,0.42170225967374153
2011-04-07,0.3172188469504951
2011-04-08,0.2223110817459256
2011-04-11,0.13687391066360152
2011-04-12,0.06077651103592065
2011-04-13,-0.006193075172479627
2011-04-14,-0.06437370482927482
2011-04-15,-0.11425334193215891
2011-04-18,-0.15646239641079848
2011-04-19,-0.1917421943124579
2011-04-20,-0.22089880056122013
2011-04-21,-0.24475387725007602
2011-04-22,-0.26410181574988423
2011-04-25,-0.27967819804197974
2011-04-26,-0.2921407144447759
2011-04-27,-0.3020610341417433
2011-04-28,-0.30992492094034596
2011-04-29,-0.3161377398244457
2011-05-02,-0.3210329316625443
2011-05-03,-0.17558157883104678
2011-05-04,-0.04419386348233182
2011-05-05,0.061559611386181295
2011-05-06,0.14621870745837265
2011-05-09,0.21367165947273814
2011-05-10,0.2671987770517942
2011-05-11,0.3095316059681476
2011-05-12,0.3429179918604876
2011-05-13,0.3691889064181908
2011-05-16,0.38982300200608805
2011-05-17,0.4060059917725266
2011-05-18,0.418683242163427
2011-05-19,0.4286050219201185
2011-05-20,0.43636457653577204
2011-05-23,0.44242962268836106
2011-05-24,0.44716805884783933
2011-05-25,0.45086874171589647
2011-05-26,0.4537581436890779
2011-05-27,0.4560136266258898
2011-05-30,0.45777396922913133
2011-05-31,0.45914768557211283
2011-06-01,0.4582331053842044
2011-06-02,0.45784268947515744
2011-06-03,0.4575376377383657
2011-06-06,0.4572992986859522
2011-06-07,0.4571131505960772
2011-06-08,0.4569678066331754
2011-06-09,0.4568543479280379
2011-06-10,0.45676579509380977
2011-06-13,0.4566966903840036
2011-06-14,0.45664276833014356
2011-06-15,0.4566006967334035
2011-06-16,0.456567873352515
2011-06-17,0.4565422665360939
2011-06-20,0.45652229043773707
2011-06-21,0.4565067073924534
2011-06-22,0.45649455159281577
2011-06-23,0.45648506944829614
2011-06-24,0.4564776729997623
2011-06-27,0.45647190354274675
2011-06-28,0.45646740322923235
2011-06-29,0.456463892902223
2011-06-30,0.45646115479769167
2011-07-01,0.49993293335336725
2011-07-04,0.5567272369621828
2011-07-05,0.6097344895016987
2011-07-06,0.6586297112407037
2011-07-07,0.7028882356766809
2011-07-08,0.7421925089108734
2011-07-11,0.7764583027604449
2011-07-12,0.8058203883704601
2011-07-13,0.8305901564105186
2011-07-14,0.8511995163954769
2011-07-15,0.8681443597939853
2011-07-18,0.8819366178507618
2011-07-19,0.8930690140892005
2011-07-20,0.9019927282129783
2011-07-21,0.9091059366765742
2011-07-22,0.9147503687256185
2011-07-25,0.9192131060587269
2011-07-26,0.9227313770270175
2011-07-27,0.9254987249292518
2011-07-28,0.9276714928802232
2011-07-29,0.9293750023375479
2011-08-01,0.9307091061015944
2011-08-02,0.9197924140570711
2011-08-03,0.9227774513346066
2011-08-04,0.9251380702461192
2011-08-05,0.9269680387028925
2011-08-08,0.9283883826295535
2011-08-09,0.9294919998707457
2011-08-10,0.9303502482603232
2011-08-11,0.9310181227469924
2011-08-12,0.9315381190658149
2011-08-15,0.9319431420978692
2011-08-16,0.9322587113733691
2011-08-17,0.9325046435203977
2011-08-18,0.9326963417837768
2011-08-19,0.9328457880932415
2011-08-22,0.9329623085587501
2011-08-23,0.9330531655205546
2011-08-24,0.933124016295641
2011-08-25,0.9331792691481262
2011-08-26,0.9332223598220397
2011-08-29,0.9332559665541456
2011-08-30,0.9332821773691005
2011-08-31,0.9333026203175272
2011-09-01,0.9343246371514419
2011-09-02,0.9342697839981997
2011-09-05,0.9342216274301882
2011-09-06,0.93418384842818
2011-09-07,0.9341542705538884
2011-09-08,0.9341311325677181
2011-09-09,0.934113043872854
2011-09-12,0.9340989096338594
2011-09-13,0.9340878696492831
2011-09-14,0.9340792491510288
2011-09-15,0.9340725194915401
2011-09-16,0.934067266904453
2011-09-19,0.9340631677851211
2011-09-20,0.934059969193499
2011-09-21,0.9340574735143994
2011-09-22,0.934055526411896
2011-09-23,0.9340540073845898
2011-09-26,0.934052822368728
2011-09-27,0.9340518979503714
2011-09-28,0.9340511768397488
2011-09-29,0.9340506143344828
2011-09-30,0.9340501755567705
2011-10-03,0.8944882963358074
2011-10-04,0.8995898099451911
2011-10-05,0.9041008249306084
2011-10-06,0.9078349970961832
2011-10-07,0.9108877293122161
2011-10-10,0.9133591227731936
2011-10-11,0.9153442877563487
2011-10-12,0.9169289695062697
2011-10-13,0.9181877131097893
2011-10-14,0.9191836506165467
2011-10-17,0.9199692227975019
2011-10-18,0.9205873605818151
2011-10-19,0.9210728236352644
2011-10-20,0.9214535189935318
2011-10-21,0.9217517070721866
2011-10-24,0.9219850555097582
2011-10-25,0.9221675325521379
2011-10-26,0.9223101485635533
2011-10-27,0.9224215621835179
2011-10-28,0.9225085703191813
2011-10-31,0.9225765009368238
2011-11-01,0.9212758802846263
2011-11-02,0.9212111768388005
2011-11-03,0.9211643834065942
2011-11-04,0.9211278090146634
2011-11-07,0.9210992184670974
2011-11-08,0.9210768797620162
2011-11-09,0.9210594324466636
2011-11-10,0.9210458094931893
2011-11-11,0.9210351750547329
2011-11-14,0.9210268750067073
2011-11-15,0.9210203978178496
2011-11-16,0.9210153436955524
2011-11-17,0.92101140031659
2011-11-18,0.9210083237741147
2011-11-21,0.9210059236416493
2011-11-22,0.9210040512776585
2011-11-23,0.9210025906755601
2011-11-24,0.9210014513099912
2011-11-25,0.9210005625467191
2011-11-28,0.9209998692761848
2011-11-29,0.9209993285039046
2011-11-30,0.9209989066886995
2011-12-01,0.9073348546663738
2011-12-02,0.9127545278032729
2011-12-05,0.917040056519804
2011-12-06,0.9204374750827304
2011-12-07,0.9231216075404042
2011-12-08,0.925236366381605
2011-12-09,0.9268989114981011
2011-12-12,0.9282037100594429
2011-12-13,0.9292263685174255
2011-12-14,0.9300270519599346
2011-12-15,0.9306534253558257
2011-12-16,0.9311431205540013
2011-12-19,0.9315257686324744
2011-12-20,0.9318246523172081
2011-12-21,0.9320580364320864
2011-12-22,0.9322402312670006
2011-12-23,0.9323824377484573
2011-12-26,0.9324934163265094
2011-12-27,0.9325800146159509
2011-12-28,0.9326475825688427
2011-12-29,0.9327002985149715
2011-12-30,0.9327414248193091
2012-01-02,0.9327735081154797
2012-01-03,0.8411134820131193
2012-01-04,0.8493077987126767
2012-01-05,0.8587041941379046
2012-01-06,0.86864521891284
2012-01-09,0.8784596446482401
2012-01-10,0.8876744695631137
2012-01-11,0.8960002877110217
2012-01-12,0.9032991285740999
2012-01-13,0.9095457295217818
2012-01-16,0.9147900563975921
2012-01-17,0.919125811546736
2012-01-18,0.9226667386627115
2012-01-19,0.9255304840649063
2012-01-20,0.9278287105400062
2012-01-23,0.9296618461479469
2012-01-24,0.9311169720563175
2012-01-25,0.9322676580482354
2012-01-26,0.9331748868767822
2012-01-27,0.9338884951724474
2012-01-30,0.934448776355453
2012-01-31,0.9348880431095924
2012-02-01,0.9254671954644815
2012-02-02,0.9276798827474374
2012-02-03,0.9294573125185347
2012-02-06,0.9308707056430964
2012-02-07,0.9319892134483923
2012-02-08,0.9328712726989342
2012-02-09,0.9335650653012094
2012-02-10,0.9341097121956652
2012-02-13,0.934536644413384
2012-02-14,0.9348709268372711
2012-02-15,0.9351324397049827
2012-02-16,0.9353368881975032
2012-02-17,0.935496642268387
2012-02-20,0.9356214230067642
2012-02-21,0.9357188567838842
2012-02-22,0.9357949187951595
2012-02-23,0.9358542858463091
2012-02-24,0.9359006156514078
2012-02-27,0.9359367671824426
2012-02-28,0.9359649740552813
2012-02-29,0.9359869806886284
2012-03-01,0.9365427675862454
2012-03-02,0.9364508799667559
2012-03-05,0.9363775460637229
2012-03-06,0.9363202256538828
2012-03-07,0.9362754493213022
2012-03-08,0.9362404834183651
2012-03-09,0.9362131854572856
2012-03-12,0.936191878109589
2012-03-13,0.9361752492928979
2012-03-14,0.9361622732909477
2012-03-15,0.9361521486503677
2012-03-16,0.9361442493889673
2012-03-19,0.9361380867244068
2012-03-20,0.9361332790924443
2012-03-21,0.9361295286819787
2012-03-22,0.9361266030842054
2012-03-23,0.936124320949633
2012-03-26,0.9361225407827289
2012-03-27,0.9361211521908843
2012-03-28,0.9361200690520132
2012-03-29,0.9361192241812613
2012-03-30,0.9361185651685974
2012-04-02,0.9361180511306539
2012-04-03,0.8505132156432716
2012-04-04,0.8569837362856235
2012-04-05,0.8654144227785938
2012-04-06,0.8731349363715668
2012-04-09,0.879972067177599
2012-04-10,0.8858744008840307
2012-04-11,0.8908657640177249
2012-04-12,0.895017131386268
2012-04-13,0.8984240315686979
2012-04-16,0.9011902401056496
2012-04-17,0.9034171984098271
2012-04-18,0.9051979542006294
2012-04-19,0.906614319330448
2012-04-20,0.907736118091142
2012-04-23,0.9086216690727014
2012-04-24,0.9093189055540524
2012-04-25,0.9098667517442838
2012-04-26,0.9102965270789085
2012-04-27,0.910633255513112
2012-04-30,0.9108968232179991
2012-05-01,0.9135814160763158
2012-05-02,0.9147789708070783
2012-05-03,0.9157552961801999
2012-05-04,0.9165451304995322
2012-05-07,0.917178011739788
2012-05-08,0.9176816866010186
2012-05-09,0.9180805612346978
2012-05-10,0.9183952958643634
2012-05-11,0.9186429665716185
2012-05-14,0.9188374651971695
2012-05-15,0.9189899700095848
2012-05-16,0.9191094058714216
2012-05-17,0.9192028581541288
2012-05-18,0.9192759282944335
2012-05-21,0.91933303067579
2012-05-22,0.9193776359256081
2012-05-23,0.9194124677470249
2012-05-24,0.919439660707026
2012-05-25,0.9194608858856188
2012-05-28,0.9194774504404791
2012-05-29,0.9194903762116495
2012-05-30,0.9195004616059018
2012-05-31,0.9195083302141154
2012-06-01,0.9168521407654743
2012-06-04,0.9194863311980074
2012-06-05,0.9215543583381375
2012-06-06,0.9231813597998866
2012-06-07,0.9244587918248105
2012-06-08,0.9254602077590448
2012-06-11,0.9262443312664727
2012-06-12,0.9268577683126481
2012-06-13,0.9273373493556931
2012-06-14,0.9277120883082692
2012-06-15,0.928004788008312
2012-06-18,0.9282333383190652
2012-06-19,0.9284117559307875
2012-06-20,0.9285510117269958
2012-06-21,0.9286596859300497
2012-06-22,0.9287444850162542
2012-06-25,0.9288106484716118
2012-06-26,0.9288622682149711
2012-06-27,0.9289025390519982
2012-06-28,0.9289339548195573
2012-06-29,0.9289584618576865
2012-07-02,0.9289775790086914
2012-07-03,0.8382367387726394
2012-07-04,0.8509740859058904
2012-07-05,0.8632859025568328
2012-07-06,0.8748144093938918
2012-07-09,0.8852221406022027
2012-07-10,0.894347482354919
2012-07-11,0.9021623146181375
2012-07-12,0.908728851581036
2012-07-13,0.9141626087362129
2012-07-16,0.9186040144000112
2012-07-17,0.9221987455341323
2012-07-18,0.9250854844582275
2012-07-19,0.9273892931514042
2012-07-20,0.9292188578757228
2012-07-23,0.9306661723891377
2012-07-24,0.9318076065916835
2012-07-25,0.9327056476829579
2012-07-26,0.9334108661216974
2012-07-27,0.9339638472488906
2012-07-30,0.9343969544233487
2012-07-31,0.9347358673488464
2012-08-01,0.9363579062632743
2012-08-02,0.9363009211068816
2012-08-03,0.9362529306110786
2012-08-06,0.9362153205205692
2012-08-07,0.9361858919951394
2012-08-08,0.9361628817439533
2012-08-09,0.9361448998093077
2012-08-10,0.9361308533183635
2012-08-13,0.9361198845669436
2012-08-14,0.9361113213599915
2012-08-15,0.9361046374553361
2012-08-16,0.9360994212139271
2012-08-17,0.9360953508474029
2012-08-20,0.936092174929938
2012-08-21,0.9360896970877298
2012-08-22,0.9360877639902778
2012-08-23,0.9360862559432298
2012-08-24,0.9360850795263174
2012-08-27,0.9360841618360772
2012-08-28,0.9360834459861417
2012-08-29,0.9360828875919798
2012-08-30,0.9360824520256591
2012-08-31,0.9360821122725355
2012-09-03,0.9364969520808937
2012-09-04,0.936426575984105
2012-09-05,0.9363697620640818
2012-09-06,0.9363265605788172
2012-09-07,0.9362935649539273
2012-09-10,0.9362682592194548
2012-09-11,0.9362487847597812
2012-09-12,0.9362337562071705
2012-09-13,0.9362221326390943
2012-09-14,0.9362131265129098
2012-09-17,0.9362061384935567
2012-09-18,0.9362007102501967
2012-09-19,0.9361964898786848
2012-09-20,0.936193206309882
2012-09-21,0.9361906501943036
2012-09-24,0.9361886595104395
2012-09-25,0.936187108656237
2012-09-26,0.9361859001341131
2012-09-27,0.9361849581834539
2012-09-28,0.9361842238860587
2012-10-01,0.9361836513923291
2012-10-02,0.9334872149411314
2012-10-03,0.9339742639919949
2012-10-04,0.9343791128752698
2012-10-05,0.9347078028792584
2012-10-08,0.9349719656172906
2012-10-09,0.9351827258061919
2012-10-10,0.9353499757128779
2012-10-11,0.9354821638520942
2012-10-12,0.9355863227480709
2012-10-15,0.935668205704736
2012-10-16,0.9357324626600888
2012-10-17,0.9357828190409215
2012-10-18,0.9358222404486926
2012-10-19,0.9358530763478012
2012-10-22,0.9358771813702759
2012-10-23,0.9358960155288069
2012-10-24,0.9359107257782763
2012-10-25,0.9359222116953058
2012-10-26,0.9359311779605647
2012-10-29,0.93593817605591
2012-10-30,0.93594363725066
2012-10-31,0.9359478986120594
2012-11-01,0.9364276971080483
2012-11-02,0.9363575732671636
2012-11-05,0.9363016510748171
2012-11-06,0.9362612016970493
2012-11-07,0.9362316428299787
2012-11-08,0.9362098163726781
2012-11-09,0.9361935481883522
2012-11-12,0.936181323284021
2012-11-13,0.9361720722671186
2012-11-14,0.9361650304357897
2012-11-15,0.936159644088747
2012-11-16,0.936155507611095
2012-11-19,0.9361523207282302
2012-11-20,0.9361498590820538
2012-11-21,0.9361479536972617
2012-11-22,0.9361464764512628
2012-11-23,0.9361453296524829
2012-11-26,0.9361444384697517
2012-11-27,0.9361437453686312
2012-11-28,0.9361432059802669
2012-11-29,0.9361427860063523
2012-11-30,0.936142458882603
2012-12-03,0.9365784431331725
2012-12-04,0.9365007684540498
2012-12-05,0.9364380522092195
2012-12-06,0.9363897707952472
2012-12-07,0.9363525172960688
2012-12-10,0.9363237089066923
2012-12-11,0.9363013911311228
2012-12-12,0.9362840767224534
2012-12-13,0.936270628588014
2012-12-14,0.9362601739034044
2012-12-17,0.936252040515347
2012-12-18,0.9362457094385823
2012-12-19,0.9362407791008444
2012-12-20,0.9362369382519532
2012-12-21,0.936233945322558
2012-12-24,0.9362316126238405
2012-12-25,0.9362297942066722
2012-12-26,0.9362283765037839
2012-12-27,0.9362272710990263
2012-12-28,0.9362264091290923
2012-12-31,0.9362257369422812
2013-01-01,0.9212069460932248
2013-01-02,0.923396980137151
2013-01-03,0.9254817164080295
2013-01-04,0.9273993046480759
2013-01-07,0.9290879990957269
2013-01-08,0.9305306726134503
2013-01-09,0.9317364627105158
2013-01-10,0.9327280594844893
2013-01-11,0.9335336310328274
2013-01-14,0.9341820401346158
2013-01-15,0.9347002592333341
2013-01-16,0.9351121740452757
2013-01-17,0.9354382142563866
2013-01-18,0.9356954421732224
2013-01-21,0.9358978681323523
2013-01-22,0.9360568548824697
2013-01-23,0.9361815335703932
2013-01-24,0.9362791914630197
2013-01-25,0.9363556138591684
2013-01-28,0.9364153752922767
2013-01-29,0.9364620818156432
2013-01-30,0.9364985693129388
2013-01-31,0.9365270639094421
2013-02-01,0.9326144422864509
2013-02-04,0.9333981582133114
2013-02-05,0.9340404303470292
2013-02-06,0.9345572996871194
2013-02-07,0.9349699045184423
2013-02-08,0.9352973911348169
2013-02-11,0.9355562281621469
2013-02-12,0.9357601679875625
2013-02-13,0.9359204769868227
2013-02-14,0.9360462655063396
2013-02-15,0.936144833227589
2013-02-18,0.936221990457986
2013-02-19,0.9362823395685888
2013-02-20,0.9363295129244229
2013-02-21,0.9363663695072404
2013-02-22,0.9363951549198521
2013-02-25,0.9364176301925002
2013-02-26,0.9364351746703125
2013-02-27,0.9364488677289204
2013-02-28,0.9364595533991913
2013-03-01,0.9368824021663588
2013-03-04,0.9368061939818741
2013-03-05,0.9367455734525177
2013-03-06,0.9367002714093058
2013-03-07,0.9366661776667742
2013-03-08,0.9366403485934162
2013-03-11,0.9366206707802963
2013-03-12,0.9366056092668514
2013-03-13,0.9365940369271175
2013-03-14,0.9365851178015646
2013-03-15,0.9365782263746983
2013-03-18,0.9365728910070181
2013-03-19,0.9365687537711445
2013-03-20,0.936565541565496
2013-03-21,0.9365630450840194
2013-03-22,0.9365611033333074
2013-03-25,0.9365595921196855
2013-03-26,0.9365584154138191
2013-03-27,0.9365574988256175
2013-03-28,0.9365567846431215
2013-03-29,0.936556228041174
2013-04-01,0.9365557941719315
2013-04-02,0.8964770942105706
2013-04-03,0.9047599023464761
2013-04-04,0.9113412402046414
2013-04-05,0.9164879111614547
2013-04-08,0.9205099145736528
2013-04-09,0.9236516747815535
2013-04-10,0.9261050356243244
2013-04-11,0.9280203493634546
2013-04-12,0.9295153219336837
2013-04-15,0.9306820250365632
2013-04-16,0.9315924329395209
2013-04-17,0.9323027817016322
2013-04-18,0.9328569938471188
2013-04-19,0.9332893644341046
2013-04-22,0.9336266651795432
2013-04-23,0.9338897911358424
2013-04-24,0.9340950484153003
2013-04-25,0.9342551606309595
2013-04-26,0.9343800551459165
2013-04-29,0.934477477092851
2013-04-30,0.934553468762299
2013-05-01,0.9342174185796476
2013-05-02,0.9344457306781443
2013-05-03,0.9346274780003518
2013-05-06,0.9347777671488436
2013-05-07,0.9349003085143198
2013-05-08,0.9349991671066676
2013-05-09,0.9350782902918543
2013-05-10,0.935141241051532
2013-05-13,0.9351910984462184
2013-05-14,0.9352304492503716
2013-05-15,0.935261425029886
2013-05-16,0.9352857582968731
2013-05-17,0.9353048432215074
2013-05-20,0.9353197934405332
2013-05-21,0.9353314935866455
2013-05-22,0.9353406434365416
2013-05-23,0.9353477947707667
2013-05-24,0.935353381607986
2013-05-27,0.9353577446944399
2013-05-28,0.9353611511593156
2013-05-29,0.9353638101836727
2013-05-30,0.9353658854281238
2013-05-31,0.9353675048519111
2013-06-03,0.9354499336378632
2013-06-04,0.9354771128385337
2013-06-05,0.9354981971452269
2013-06-06,0.9355177699270159
2013-06-07,0.9355349782515159
2013-06-10,0.935549590343815
2013-06-11,0.9355617154535302
2013-06-12,0.9355716176315874
2013-06-13,0.9355796127130946
2013-06-14,0.935586014410342
2013-06-17,0.9355911086463512
2013-06-18,0.9355951436407747
2013-06-19,0.9355983283921402
2013-06-20,0.9356008353073717
2013-06-21,0.9356028045881659
2013-06-24,0.9356043490804825
2013-06-25,0.9356055589294845
2013-06-26,0.9356065057427757
2013-06-27,0.9356072461624146
2013-06-28,0.9356078248489967
2013-07-01,0.9356082769298257
2013-07-02,0.8962036175441368
2013-07-03,0.9014573022998211
2013-07-04,0.9066344556281613
2013-07-05,0.9115128932475994
2013-07-08,0.9159011040194069
2013-07-09,0.9197184523338428
2013-07-10,0.922957569137225
2013-07-11,0.9256545914277318
2013-07-12,0.9278678760463078
2013-07-15,0.9296639019867399
2013-07-16,0.9311086769672006
2013-07-17,0.932263032967889
2013-07-18,0.9331804820439302
2013-07-19,0.9339066427001472
2013-07-22,0.9344795522094101
2013-07-23,0.9349304198943501
2013-07-24,0.9352845489565673
2013-07-25,0.9355622710080461
2013-07-26,0.9357798121334597
2013-07-29,0.935950054800119
2013-07-30,0.9360831861409215
2013-07-31,0.9361872371614597
2013-08-01,0.9362366078058562
2013-08-02,0.936304435621602
2013-08-05,0.9363581081852821
2013-08-06,0.9364001253727884
2013-08-07,0.9364329893739014
2013-08-08,0.9364586784249805
2013-08-09,0.9364787494377328
2013-08-12,0.9364944252452727
2013-08-13,0.9365066647978654
2013-08-14,0.9365162192061955
2013-08-15,0.9365236762414791
2013-08-16,0.9365294955245789
2013-08-19,0.9365340362652381
2013-08-20,0.9365375790763056
2013-08-21,0.9365403430969548
2013-08-22,0.9365424994146063
2013-08-23,0.9365441815740787
2013-08-26,0.9365454937990995
2013-08-27,0.9365465174199125
2013-08-28,0.9365473158958351
2013-08-29,0.93654793873834
2013-08-30,0.9365484245744025
2013-09-02,0.9365488035379362
2013-09-03,0.9365982808913047
2013-09-04,0.9365856987576562
2013-09-05,0.9365778903581347
2013-09-06,0.9365758930169437
2013-09-09,0.9365768706172165
2013-09-10,0.9365791882893189
2013-09-11,0.9365819481629091
2013-09-12,0.9365846829546215
2013-09-13,0.936587171590734
2013-09-16,0.9365893296577714
2013-09-17,0.9365911452379603
2013-09-18,0.9365926420204204
2013-09-19,0.936593858635229
2013-09-20,0.9365948375149136
2013-09-23,0.9365956192599653
2013-09-24,0.9365962401127678
2013-09-25,0.9365967311295252
2013-09-26,0.9365971182318257
2013-09-27,0.9365974226723893
2013-09-30,0.9365976616578098
2013-10-01,0.930963433998397
2013-10-02,0.9320716485741878
2013-10-03,0.9329746338925529
2013-10-04,0.9336990444572688
2013-10-07,0.9342759385762954
2013-10-08,0.9347329741232564
2013-10-09,0.9350936849717375
2013-10-10,0.9353775756936721
2013-10-11,0.9356005380301959
2013-10-14,0.9357753707470121
2013-10-15,0.9359122978302225
2013-10-16,0.9360194385459866
2013-10-17,0.9361032129160682
2013-10-18,0.9361686810359092
2013-10-21,0.9362198214961529
2013-10-22,0.9362597567934677
2013-10-23,0.9362909341065153
2013-10-24,0.9363152692884235
2013-10-25,0.9363342609852544
2013-10-28,0.9363490807399889
2013-10-29,0.9363606439348209
2013-10-30,0.9363696655270196
2013-10-31,0.9363767037661318
2013-11-01,0.9362139174796569
2013-11-04,0.9362448869664083
2013-11-05,0.9362768239602264
2013-11-06,0.9363118092157293
2013-11-07,0.9363453766797589
2013-11-08,0.9363754354537118
2013-11-11,0.9364012664637785
2013-11-12,0.9364228787217606
2013-11-13,0.9364406332214056
2013-11-14,0.9364550303912448
2013-11-15,0.9364665954017883
2013-11-18,0.9364758207294834
2013-11-19,0.9364831412952054
2013-11-20,0.9364889274224225
2013-11-21,0.9364934869638925
2013-11-22,0.9364970716466512
2013-11-25,0.936499884896348
2013-11-26,0.93650208970107
2013-11-27,0.9365038158219215
2013-11-28,0.9365051660750227
2013-11-29,0.9365062216328812
2013-12-02,0.9365070464042816
2013-12-03,0.9366089594387945
2013-12-04,0.9365899787188149
2013-12-05,0.9365754829931766
2013-12-06,0.9365662871514824
2013-12-09,0.9365604208182476
2013-12-10,0.9365566442747209
2013-12-11,0.9365541868452438
2013-12-12,0.9365525680909149
2013-12-13,0.9365514872547933
2013-12-16,0.9365507550260619
2013-12-17,0.936550251417786
2013-12-18,0.9365498997386625
2013-12-19,0.9365496504794485
2013-12-20,0.9365494713092843
2013-12-23,0.9365493408412577
2013-12-24,0.9365492447275647
2013-12-25,0.9365491731983945
2013-12-26,0.9365491194988209
2013-12-27,0.9365490788869234
2013-12-30,0.9365490479847398
2013-12-31,0.936549024352671
2014-01-01,0.9306166386382027
2014-01-02,0.9315958456717475
2014-01-03,0.9324753460697198
2014-01-06,0.9332517917642625
2014-01-07,0.9339145632338326
2014-01-08,0.934467299806562
2014-01-09,0.9349206972645597
2014-01-10,0.935288135569755
2014-01-13,0.9355832446308138
2014-01-14,0.9358186627106958
2014-01-15,0.9360055001320592
2014-01-16,0.9361532003015055
2014-01-17,0.9362696094608794
2014-01-20,0.9363611435360418
2014-01-21,0.9364329886749804
2014-01-22,0.93648930146234
2014-01-23,0.9365333921987
2014-01-24,0.9365678845783365
2014-01-27,0.9365948505182856
2014-01-28,0.936615921631333
2014-01-29,0.9366323800364044
2014-01-30,0.9366452315517645
2014-01-31,0.9366552642278037
2014-02-03,0.9364580977463307
2014-02-04,0.9365044784727444
2014-02-05,0.9365423170223827
2014-02-06,0.9365721544152691
2014-02-07,0.9365956185824585
2014-02-10,0.936614036501317
2014-02-11,0.9366284728291622
2014-02-12,0.9366397758976359
2014-02-13,0.9366486182561022
2014-02-14,0.9366555310762293
2014-02-17,0.9366609326683626
2014-02-18,0.9366651517418283
2014-02-19,0.936668446164637
2014-02-20,0.9366710179700912
2014-02-21,0.9366730252889712
2014-02-24,0.936674591794505
2014-02-25,0.9366758141532002
2014-02-26,0.9366767678873916
2014-02-27,0.9366775119789683
2014-02-28,0.9366780924790853
2014-03-03,0.9366525301441678
2014-03-04,0.9366589039798112
2014-03-05,0.9366638329653734
2014-03-06,0.936668338331911
2014-03-07,0.9366722598037472
2014-03-10,0.9366755665875234
2014-03-11,0.9366782968831244
2014-03-12,0.9366805184315605
2014-03-13,0.9366823071842485
2014-03-14,0.9366837364585525
2014-03-17,0.9366848720116053
2014-03-18,0.9366857703506507
2014-03-19,0.9366864787265601
2014-03-20,0.9366870359274722
2014-03-21,0.9366874733841535
2014-03-24,0.9366878163282312
2014-03-25,0.9366880848758317
2014-03-26,0.9366882949824935
2014-03-27,0.9366884592547514
2014-03-28,0.9366885876237898
2014-03-31,0.9366886878956105
2014-04-01,0.9174618988134678
2014-04-02,0.9214011781717019
2014-04-03,0.9245561365983713
2014-04-04,0.9270656762940032
2014-04-07,0.9290514232299263
2014-04-08,0.930616954748889
2014-04-09,0.931847939078107
2014-04-10,0.9328139926480998
2014-04-11,0.9335710403374373
2014-04-14,0.9341636570742263
2014-04-15,0.9346271756474878
2014-04-16,0.9349894917124804
2014-04-17,0.9352725649801533
2014-04-18,0.9354936448016007
2014-04-21,0.9356662584139807
2014-04-22,0.9358010009722291
2014-04-23,0.9359061632478537
2014-04-24,0.9359882281179948
2014-04-25,0.9360522619697005
2014-04-28,0.9361022224943596
2014-04-29,0.9361412002777247
2014-04-30,0.9361716081542423
2014-05-01,0.9345148708684609
2014-05-02,0.9348409479431843
2014-05-05,0.9351250526814027
2014-05-06,0.9353737795575696
2014-05-07,0.9355847118099663
2014-05-08,0.9357597163070084
2014-05-09,0.9359026814210405
2014-05-12,0.9360181675587417
2014-05-13,0.9361106843840339
2014-05-14,0.9361843402746979
2014-05-15,0.9362427047087658
2014-05-16,0.9362887865503564
2014-05-19,0.936325070671347
2014-05-20,0.9363535798125913
2014-05-21,0.9363759434366993
2014-05-22,0.936393464132174
2014-05-23,0.9364071772139789
2014-05-26,0.9364179019986876
2014-05-27,0.9364262847294459
2014-05-28,0.9364328338489045
2014-05-29,0.9364379486061392
2014-05-30,0.9364419420376134
2014-06-02,0.936445059299405
2014-06-03,0.9364305909948549
2014-06-04,0.9364374768369096
2014-06-05,0.9364442421056773
2014-06-06,0.9364525170320896
2014-06-09,0.9364608218032661
2014-06-10,0.9364684309356247
2014-06-11,0.9364750570710264
2014-06-12,0.936480647137707
2014-06-13,0.936485264544861
2014-06-16,0.9364890228629429
2014-06-17,0.9364920498482996
2014-06-18,0.936494469061947
2014-06-19,0.9364963914666729
2014-06-20,0.9364979125050169
2014-06-23,0.9364991120403046
2014-06-24,0.9365000556663694
2014-06-25,0.9365007965563007
2014-06-26,0.9365013774088358
2014-06-27,0.936501832273929
2014-06-30,0.9365021881639654
2014-07-01,0.9179427520797178
2014-07-02,0.9205328422460214
2014-07-03,0.9230379956896424
2014-07-04,0.9253639980605137
2014-07-07,0.9274259781026645
2014-07-08,0.9291962171670787
2014-07-09,0.9306812996523401
2014-07-10,0.9319060692230665
2014-07-11,0.9329032710263296
2014-07-14,0.9337073032635255
2014-07-15,0.9343507580975724
2014-07-16,0.934862751474211
2014-07-17,0.9352683354835826
2014-07-18,0.9355885219153549
2014-07-21,0.9358406177772517
2014-07-22,0.9360386919956694
2014-07-23,0.9361940701424525
2014-07-24,0.9363158027799366
2014-07-25,0.93641108237176
2014-07-28,0.9364856005630631
2014-07-29,0.9365438467179525
2014-07-30,0.9365893530221475
2014-07-31,0.9366248931892409
2014-08-01,0.9366733352428608
2014-08-04,0.9366876742272238
2014-08-05,0.9366995471171657
2014-08-06,0.9367106162248604
2014-08-07,0.9367203648888748
2014-08-08,0.936728649526604
2014-08-11,0.9367355268108775
2014-08-12,0.936741144283944
2014-08-13,0.9367456802125166
2014-08-14,0.9367493122349719
2014-08-15,0.9367522024587915
2014-08-18,0.9367544916892422
2014-08-19,0.9367562985080388
2014-08-20,0.9367577207422586
2014-08-21,0.9367588379454544
2014-08-22,0.9367597141474558
2014-08-25,0.9367604004957916
2014-08-26,0.9367609376185829
2014-08-27,0.9367613576519309
2014-08-28,0.9367616859335212
2014-08-29,0.936761942391982
2014-09-01,0.9367621426721872
2014-09-02,0.9367382286992822
2014-09-03,0.9367373563547315
2014-09-04,0.9367383502672267
2014-09-05,0.9367421924238158
2014-09-08,0.936747081342501
2014-09-09,0.9367520517331207
2014-09-10,0.936756635360686
2014-09-11,0.9367606418879683
2014-09-12,0.936764030013163
2014-09-15,0.9367668330813865
2014-09-16,0.9367691171625223
2014-09-17,0.9367709582468148
2014-09-18,0.9367724305249657
2014-09-19,0.9367736009607794
2014-09-22,0.9367745273283727
2014-09-23,0.9367752580677492
2014-09-24,0.9367758330181937
2014-09-25,0.9367762845062164
2014-09-26,0.936776638508579
2014-09-29,0.936776915751016
2014-09-30,0.9367771326819119
2014-10-01,0.9367471384604786
2014-10-02,0.9367455134301067
2014-10-03,0.9367475393673005
2014-10-06,0.9367507121253832
2014-10-07,0.9367541549177549
2014-10-08,0.9367574303537697
2014-10-09,0.9367603447218759
2014-10-10,0.9367628369213552
2014-10-13,0.9367649141932536
2014-10-14,0.9367666156568151
2014-10-15,0.936767992222454
2014-10-16,0.9367690960260252
2014-10-17,0.9367699753008906
2014-10-20,0.9367706722766748
2014-10-21,0.9367712226974524
2014-10-22,0.9367716561509519
2014-10-23,0.9367719967547309
2014-10-24,0.9367722639528692
2014-10-27,0.9367724732965743
2014-10-28,0.9367726371499528
2014-10-29,0.9367727652994917
2014-10-30,0.9367728654653434
2014-10-31,0.9367729437219753
2014-11-03,0.9362590584299063
2014-11-04,0.9363312864770859
2014-11-05,0.9364004710061493
2014-11-06,0.936467559943792
2014-11-07,0.9365280393645957
2014-11-10,0.9365802355069286
2014-11-11,0.9366240346179836
2014-11-12,0.9366600902319531
2014-11-13,0.9366893719390107
2014-11-14,0.936712919765673
2014-11-17,0.9367317194816012
2014-11-18,0.9367466471030436
2014-11-19,0.936758451532489
2014-11-20,0.9367677570412828
2014-11-21,0.9367750750748981
2014-11-24,0.9367808195227616
2014-11-25,0.9367853223441746
2014-11-26,0.9367888480301395
2014-11-27,0.9367916062731085
2014-11-28,0.9367937626977513
2014-12-01,0.936795447748513
2014-12-02,0.9369033621086529
2014-12-03,0.9368750332601455
2014-12-04,0.9368540417694408
2014-12-05,0.9368405735644505
2014-12-08,0.9368318669057729
2014-12-09,0.9368261776326268
2014-12-10,0.936822414036931
2014-12-11,0.9368198902495245
2014-12-12,0.9368181730714651
2014-12-15,0.9368169870035822
2014-12-16,0.9368161553446667
2014-12-17,0.9368155636094946
2014-12-18,0.9368151367521976
2014-12-19,0.9368148249328061
2014-12-22,0.9368145945783418
2014-12-23,0.9368144227332877
2014-12-24,0.9368142934609643
2014-12-25,0.9368141955297266
2014-12-26,0.9368141209089363
2014-12-29,0.9368140637791378
2014-12-30,0.9368140198716903
2014-12-31,0.9368139860217096
2015-01-01,0.9310563496205777
2015-01-02,0.9319559934319507
2015-01-05,0.9327796348071693
2015-01-06,0.9335169043254399
2015-01-07,0.9341520263294408
2015-01-08,0.9346850844181314
2015-01-09,0.9351243409865078
2015-01-12,0.9354815140827136
2015-01-13,0.935769096017568
2015-01-14,0.9359989418794286
2015-01-15,0.9361816182715865
2015-01-16,0.9363261872278998
2015-01-19,0.9364402244302178
2015-01-20,0.9365299515846381
2015-01-21,0.936600413794112
2015-01-22,0.9366556640872011
2015-01-23,0.9366989359700879
2015-01-26,0.936732795682229
2015-01-27,0.9367592718246921
2015-01-28,0.9367799631410961
2015-01-29,0.9367961266730804
2015-01-30,0.9368087490209698
2015-02-02,0.9368186034540295
2015-02-03,0.9366653187515223
2015-02-04,0.9366944118632978
2015-02-05,0.9367202948750258
2015-02-06,0.93674455660204
2015-02-09,0.9367659872297637
2015-02-10,0.9367842349000413
2015-02-11,0.9367994032413844
2015-02-12,0.9368118050357197
2015-02-13,0.9368218262524007
2015-02-16,0.9368298547611822
2015-02-17,0.936836246119186
2015-02-18,0.93684131001357
2015-02-19,0.9368453077293666
2015-02-20,0.9368484550938009
2015-02-23,0.9368509277783784
2015-02-24,0.9368528672690689
2015-02-25,0.9368543866420388
2015-02-26,0.9368555757508747
2015-02-27,0.936856505688285
2015-03-02,0.9368572325194214
2015-03-03,0.9366864639329731
2015-03-04,0.9367210541287548
2015-03-05,0.9367489128685594
2015-03-06,0.936771858321087
2015-03-09,0.9367904997756004
2015-03-10,0.9368054926257563
2015-03-11,0.9368174622795723
2015-03-12,0.9368269660212935
2015-03-13,0.9368344807741467
2015-03-16,0.9368404042277622
2015-03-17,0.9368450622047271
2015-03-18,0.9368487183504105
2015-03-19,0.9368515840891759
2015-03-20,0.9368538278486299
2015-03-23,0.936855583141535
2015-03-24,0.936856955409214
2015-03-25,0.9368580276875741
2015-03-26,0.936858865226237
2015-03-27,0.9368595192128941
2015-03-30,0.9368600297521836
2015-03-31,0.9368604282341503
2015-04-01,0.9340363152341425
2015-04-02,0.9345756579517421
2015-04-03,0.9350290395041803
2015-04-06,0.9354008457067753
2015-04-07,0.9357017491427759
2015-04-08,0.9359430155922808
2015-04-09,0.936135164696353
2015-04-10,0.9362874365723113
2015-04-13,0.9364076593061057
2015-04-14,0.9365023124198011
2015-04-15,0.936576675345126
2015-04-16,0.9366350022831564
2015-04-17,0.9366806939824802
2015-04-20,0.9367164530050892
2015-04-21,0.9367444176625204
2015-04-22,0.9367662742359758
2015-04-23,0.9367833491971508
2015-04-24,0.936796683981133
2015-04-27,0.9368070950317325
2015-04-28,0.9368152216820593
2015-04-29,0.9368215641359816
2015-04-30,0.936826513479147
2015-05-01,0.9357501378649232
2015-05-04,0.9359216006994433
2015-05-05,0.9360769510898167
2015-05-06,0.9362176852795102
2015-05-07,0.9363395985819214
2015-05-08,0.9364421747802192
2015-05-11,0.9365267843626354
2015-05-12,0.9365956011871917
2015-05-13,0.9366510056719104
2015-05-14,0.9366952772879324
2015-05-15,0.936730454167385
2015-05-18,0.9367582857415983
2015-05-19,0.9367802344000782
2015-05-20,0.9367975006527578
2015-05-21,0.9368110574625736
2015-05-22,0.9368216860605978
2015-05-25,0.9368300094215856
2015-05-26,0.9368365217655401
2015-05-27,0.9368416136414592
2015-05-28,0.9368455927581854
2015-05-29,0.9368487010045987
2015-06-01,0.9368511281961793
2015-06-02,0.9368090209229866
2015-06-03,0.9368127608579325
2015-06-04,0.936817224310422
2015-06-05,0.9368233978989104
2015-06-08,0.9368298717885614
2015-06-09,0.9368359346592127
2015-06-10,0.9368412821234211
2015-06-11,0.9368458303351127
2015-06-12,0.9368496078696686
2015-06-15,0.9368526944482148
2015-06-16,0.9368551873180752
2015-06-17,0.9368571837242436
2015-06-18,0.9368587725606611
2015-06-19,0.936860031113135
2015-06-22,0.9368610245067822
2015-06-23,0.9368618064881653
2015-06-24,0.936862420775172
2015-06-25,0.9368629025608444
2015-06-26,0.9368632799611045
2015-06-29,0.9368635753113164
2015-06-30,0.9368638062795003
2015-07-01,0.9304254664309117
2015-07-02,0.9314828068372255
2015-07-03,0.9324282519902085
2015-07-06,0.9332573814028491
2015-07-07,0.9339616101447179
2015-07-08,0.9345467100175855
2015-07-09,0.9350252702614149
2015-07-10,0.9354122388635813
2015-07-13,0.9357224994621675
2015-07-14,0.9359696744931383
2015-07-15,0.9361656396114553
2015-07-16,0.93632043076146
2015-07-17,0.9364423522092891
2015-07-20,0.9365381739021792
2015-07-21,0.9366133558128898
2015-07-22,0.9366722665383966
2015-07-23,0.9367183807143011
2015-07-24,0.9367544495490474
2015-07-27,0.9367826439968275
2015-07-28,0.9368046726529168
2015-07-29,0.9368218775163514
2015-07-30,0.936835311008793
2015-07-31,0.9368457974676284
2015-08-03,0.9363468095092615
2015-08-04,0.9364503533478788
2015-08-05,0.9365355827203938
2015-08-06,0.9366061341744105
2015-08-07,0.9366636490284793
2015-08-10,0.9367100213213561
2015-08-11,0.9367471103311215
2015-08-12,0.9367765984159926
2015-08-13,0.9367999388985571
2015-08-14,0.9368183511410606
2015-08-17,0.9368328383990169
2015-08-18,0.9368442149275946
2015-08-19,0.936853135135145
2015-08-20,0.936860121192643
2015-08-21,0.9368655875299449
2015-08-24,0.9368698617434238
2015-08-25,0.9368732019989799
2015-08-26,0.93687581127243
2015-08-27,0.9368778488621409
2015-08-28,0.9368794396153164
2015-08-31,0.9368806812744147
2015-09-01,0.9366274381056966
2015-09-02,0.9366828156839161
2015-09-03,0.9367266277333318
2015-09-04,0.9367610485254879
2015-09-07,0.9367880456386475
2015-09-08,0.9368091936258552
2015-09-09,0.9368257437934926
2015-09-10,0.9368386861477914
2015-09-11,0.936848801358974
2015-09-14,0.9368567034790662
2015-09-15,0.9368628745792674
2015-09-16,0.9368676925628288
2015-09-17,0.9368714533404763
2015-09-18,0.9368743884188055
2015-09-21,0.9368766787959999
2015-09-22,0.9368784659077478
2015-09-23,0.9368798602301649
2015-09-24,0.9368809480296284
2015-09-25,0.9368817966516702
2015-09-28,0.9368824586609205
2015-09-29,0.9368829750791374
2015-09-30,0.9368833779162692
2015-10-01,0.9366166658138966
2015-10-02,0.9366719304070357
2015-10-05,0.9367171592934919
2015-10-06,0.9367529113834769
2015-10-07,0.9367810786725389
2015-10-08,0.9368032192092055
2015-10-09,0.9368205919744014
2015-10-12,0.9368342053364961
2015-10-13,0.936844861776235
2015-10-14,0.9368531968941177
2015-10-15,0.9368597123198092
2015-10-16,0.9368648028813051
2015-10-19,0.936868778704072
2015-10-20,0.9368718829977999
2015-10-21,0.9368743062631495
2015-10-22,0.9368761975750985
2015-10-23,0.9368776735066285
2015-10-26,0.936878825163713
2015-10-27,0.9368797237178762
2015-10-28,0.9368804247491022
2015-10-29,0.9368809716500297
2015-10-30,0.9368813982913918
2015-11-02,0.9368817311072416
2015-11-03,0.936237623079116
2015-11-04,0.936344192256973
2015-11-05,0.9364378174357773
2015-11-06,0.9365208912869568
2015-11-09,0.9365918747066225
2015-11-10,0.936651029422358
2015-11-11,0.9366994860588944
2015-11-12,0.9367386967982102
2015-11-13,0.936770144438338
2015-11-16,0.9367952000665188
2015-11-17,0.9368150643584707
2015-11-18,0.9368307540262107
2015-11-19,0.9368431110548946
2015-11-20,0.9368528220527511
2015-11-23,0.9368604407783716
2015-11-24,0.9368664102566595
2015-11-25,0.9368710828045645
2015-11-26,0.9368747373445577
2015-11-27,0.936877593941747
2015-11-30,0.9368798257721791
2015-12-01,0.9366333943624787
2015-12-02,0.9366814555855741
2015-12-03,0.9367210257501881
2015-12-04,0.9367542951503028
2015-12-07,0.936781716956557
2015-12-08,0.936804001785848
2015-12-09,0.9368219291624776
2015-12-10,0.9368362443132738
2015-12-11,0.9368476120389444
2015-12-14,0.9368566017253454
2015-12-15,0.9368636884375654
2015-12-16,0.9368692615586488
2015-12-17,0.9368736362677068
2015-12-18,0.9368770653782192
2015-12-21,0.9368797503281425
2015-12-22,0.9368818508210602
2015-12-23,0.9368834929967573
2015-12-24,0.9368847762000982
2015-12-25,0.9368857785016188
2015-12-28,0.9368865611501453
2015-12-29,0.9368871721350149
2015-12-30,0.9368876490188616
2015-12-31,0.9368880211802068
2016-01-01,0.9356976070053432
2016-01-04,0.9358869272148812
2016-01-05,0.9360570948581183
2016-01-06,0.9362096455038867
2016-01-07,0.9363409103633041
2016-01-08,0.9364508523805817
2016-01-11,0.9365412458453394
2016-01-12,0.936614595123487
2016-01-13,0.9366735465471882
2016-01-14,0.9367205912885321
2016-01-15,0.9367579349000734
2016-01-18,0.9367874586447094
2016-01-19,0.936810728424254
2016-01-20,0.9368290258692498
2016-01-21,0.9368433874317984
2016-01-22,0.9368546439873998
2016-01-25,0.9368634573044143
2016-01-26,0.9368703519032064
2016-01-27,0.9368757419913469
2016-01-28,0.9368799537457265
2016-01-29,0.9368832434688459
2016-02-01,0.9368858122239089
2016-02-02,0.9365517376292767
2016-02-03,0.9366246474449308
2016-02-04,0.9366825689534671
2016-02-05,0.9367283441873286
2016-02-08,0.9367644095373424
2016-02-09,0.936792759019916
2016-02-10,0.9368150041211376
2016-02-11,0.9368324357077992
2016-02-12,0.9368460811654675
2016-02-15,0.9368567542761208
2016-02-16,0.9368650973198999
2016-02-17,0.9368716158439102
2016-02-18,0.9368767069483377
2016-02-19,0.9368806820557721
2016-02-22,0.9368837850992404
2016-02-23,0.9368862069684569
2016-02-24,0.9368880969354538
2016-02-25,0.9368895716622504
2016-02-26,0.9368907222849614
2016-02-29,0.9368916199747224
2016-03-01,0.936871790114884
2016-03-02,0.9368767173435397
2016-03-03,0.9368804133989125
2016-03-04,0.9368834291086771
2016-03-07,0.9368858637379822
2016-03-08,0.936887812876208
2016-03-09,0.9368893637007581
2016-03-10,0.9368905918975875
2016-03-11,0.936891561178814
2016-03-14,0.936892324085354
2016-03-15,0.9368929233302646
2016-03-16,0.936893393282937
2016-03-17,0.9368937613922526
2016-03-18,0.9368940494581656
2016-03-21,0.9368942747218065
2016-03-22,0.9368944507755437
2016-03-23,0.9368945883092038
2016-03-24,0.9368946957142564
2016-03-25,0.9368947795685357
2016-03-28,0.9368948450225174
2016-03-29,0.9368948961055964
2016-03-30,0.9368949359680149
2016-03-31,0.9368949670714113
2016-04-01,0.9339371818175568
2016-04-04,0.9344486698478939
2016-04-05,0.9349015104356093
2016-04-06,0.935287573876605
2016-04-07,0.9356087773188324
2016-04-08,0.9358715769043837
2016-04-11,0.9360840438499215
2016-04-12,0.9362543325036767
2016-04-13,0.9363899402912627
2016-04-14,0.9364974100354907
2016-04-15,0.9365822693787611
2016-04-18,0.936649088724267
2016-04-19,0.9367015908214968
2016-04-20,0.9367427756129739
2016-04-21,0.936775041662637
2016-04-22,0.9368002955469867
2016-04-25,0.9368200461320291
2016-04-26,0.9368354835663365
2016-04-27,0.9368475442208539
2016-04-28,0.9368569633674643
2016-04-29,0.9368643175017645
2016-05-02,0.9368700581058408
2016-05-03,0.9369074439786796
2016-05-04,0.9368968246067786
2016-05-05,0.9368895424033935
2016-05-06,0.9368863417735945
2016-05-09,0.9368853768194084
2016-05-10,0.9368855609095301
2016-05-11,0.9368862767524797
2016-05-12,0.9368871843802586
2016-05-13,0.9368881053555563
2016-05-16,0.9368889535730508
2016-05-17,0.9368896943072936
2016-05-18,0.9368903202762431
2016-05-19,0.9368908378815524
2016-05-20,0.9368912594826869
2016-05-23,0.9368915992090753
2016-05-24,0.936891870816351
2016-05-25,0.9368920866993685
2016-05-26,0.9368922575401784
2016-05-27,0.9368923922881133
2016-05-30,0.936892498299415
2016-05-31,0.9368925815406514
2016-06-01,0.9369042064408439
2016-06-02,0.9368995250342281
2016-06-03,0.9368959132017034
2016-06-06,0.9368940292473737
2016-06-07,0.9368931354349741
2016-06-08,0.936892789258171
2016-06-09,0.936892733126666
2016-06-10,0.9368928196341295
2016-06-13,0.9368929664551809
2016-06-14,0.9368931292856839
2016-06-15,0.9368932857026103
2016-06-16,0.9368934256085095
2016-06-17,0.9368935456297586
2016-06-20,0.9368936458764552
2016-06-21,0.9368937281034969
2016-06-22,0.9368937946956467
2016-06-23,0.9368938481313611
2016-06-24,0.9368938907201502
2016-06-27,0.9368939244924338
2016-06-28,0.9368939511712912
2016-06-29,0.9368939721855156
2016-06-30,0.93689398870116
2016-07-01,0.9317284537855293
2016-07-04,0.9326413651046834
2016-07-05,0.9334301610814193
2016-07-06,0.9341025821681268
2016-07-07,0.9346622837287528
2016-07-08,0.9351204616776815
2016-07-11,0.9354910803899442
2016-07-12,0.9357882630252864
2016-07-13,0.9360250152957423
2016-07-14,0.9362127040149111
2016-07-15,0.93636094479369
2016-07-18,0.9364776966306068
2016-07-19,0.9365694480597382
2016-07-20,0.9366414314615021
2016-07-21,0.9366978326416617
2016-07-22,0.936741980287104
2016-07-25,0.9367765096359576
2016-07-26,0.9368034998518291
2016-07-27,0.936824587103975
2016-07-28,0.9368410563860374
2016-07-29,0.9368539153392557
2016-08-01,0.9368639531779862
2016-08-02,0.9361404290512377
2016-08-03,0.9362903180495321
2016-08-04,0.9364129238882117
2016-08-05,0.936513106709345
2016-08-08,0.9365940139533263
2016-08-09,0.9366587983717929
2016-08-10,0.9367103478725449
2016-08-11,0.9367511744464447
2016-08-12,0.9367833945840536
2016-08-15,0.9368087544240982
2016-08-16,0.9368286737670354
2016-08-17,0.9368442951576151
2016-08-18,0.9368565311014583
2016-08-19,0.9368661063081497
2016-08-22,0.9368735939253271
2016-08-23,0.9368794457950504
2016-08-24,0.9368840172646721
2016-08-25,0.9368875872750158
2016-08-26,0.9368903744762807
2016-08-29,0.9368925500702505
2016-08-30,0.9368942479924692
2016-08-31,0.936895572954829
2016-09-01,0.9367291589023959
2016-09-02,0.936764800392418
2016-09-05,0.9367930884793619
2016-09-06,0.9368157644505379
2016-09-07,0.936833825153428
2016-09-08,0.9368481394016417
2016-09-09,0.9368594424087072
2016-09-12,0.9368683425754055
2016-09-13,0.936875335666822
2016-09-14,0.9368808212656708
2016-09-15,0.9368851188769096
2016-09-16,0.9368884824739787
2016-09-19,0.9368911130497471
2016-09-20,0.9368931691380795
2016-09-21,0.9368947754653227
2016-09-22,0.9368960299687263
2016-09-23,0.9368970094351025
2016-09-26,0.9368977739988791
2016-09-27,0.9368983707113236
2016-09-28,0.9368988363614812
2016-09-29,0.9368991996989772
2016-09-30,0.936899483181467
2016-10-03,0.9366930068346917
2016-10-04,0.9367351075897826
2016-10-05,0.9367699733818782
2016-10-06,0.9367977010587801
2016-10-07,0.9368196462147306
2016-10-10,0.9368369560826879
2016-10-11,0.9368505747364622
2016-10-12,0.9368612683239175
2016-10-13,0.936869652484115
2016-10-14,0.9368762183610091
2016-10-17,0.9368813556907795
2016-10-18,0.9368853725024998
2016-10-19,0.9368885115101685
2016-10-20,0.9368909635204166
2016-10-21,0.9368928782679501
2016-10-24,0.9368943730963694
2016-10-25,0.9368955398684299
2016-10-26,0.9368964504406374
2016-10-27,0.9368971609848585
2016-10-28,0.9368977153904332
2016-10-31,0.9368981479368325
2016-11-01,0.9361659798737743
2016-11-02,0.936305099415235
2016-11-03,0.9364206151947706
2016-11-04,0.936516797581939
2016-11-07,0.9365955285251516
2016-11-08,0.9366591938626321
2016-11-09,0.9367102243271895
2016-11-10,0.9367508622505568
2016-11-11,0.9367830672115329
2016-11-14,0.9368084957120625
2016-11-15,0.9368285176837414
2016-11-16,0.9368442490278155
2016-11-17,0.9368565889505774
2016-11-18,0.9368662563534552
2016-11-21,0.9368738226373867
2016-11-22,0.9368797399784984
2016-11-23,0.936884365018238
2016-11-24,0.9368879783362758
2016-11-25,0.9368908002443795
2016-11-28,0.9368930034736828
2016-11-29,0.9368947232946496
2016-11-30,0.9368960655468505
2016-12-01,0.9370904729172023
2016-12-02,0.9370480348399719
2016-12-05,0.9370141493757363
2016-12-06,0.9369883792388447
2016-12-07,0.9369686908656573
2016-12-08,0.9369535860309629
2016-12-09,0.9369419581975256
2016-12-12,0.9369329824115397
2016-12-13,0.9369260385703152
2016-12-14,0.9369206572799518
2016-12-15,0.9369164811398434
2016-12-16,0.9369132367034496
2016-12-19,0.9369107139307047
2016-12-20,0.9369087509703744
2016-12-21,0.9369072227849509
2016-12-22,0.9369060325800564
2016-12-23,0.9369051053035962
2016-12-26,0.9369043826874137
2016-12-27,0.9369038194482238
2016-12-28,0.9369033803660359
2016-12-29,0.936903038030715
2016-12-30,0.9369027710997635
2017-01-02,0.9369025629487986
2017-01-03,0.9340570857479796
2017-01-04,0.9345859546529601
2017-01-05,0.9350319997223645
2017-01-06,0.9354049037804488
2017-01-09,0.9357109857917727
2017-01-10,0.9359589815161322
2017-01-11,0.9361580444553733
2017-01-12,0.9363167355743309
2017-01-13,0.9364425961947486
2017-01-16,0.9365420337128295
2017-01-17,0.936620365270314
2017-01-18,0.9366819324891693
2017-01-19,0.9367302399946507
2017-01-20,0.9367680932735915
2017-01-23,0.9367977243327815
2017-01-24,0.9368209007390697
2017-01-25,0.9368390173779564
2017-01-26,0.9368531721055107
2017-01-27,0.9368642272390363
2017-01-30,0.9368728590298485
2017-01-31,0.9368795971707032
2017-02-01,0.9366768870651278
2017-02-02,0.9367213675815643
2017-02-03,0.9367573951539172
2017-02-06,0.9367871102077734
2017-02-07,0.9368112747996344
2017-02-08,0.9368307234228284
2017-02-09,0.9368462584430564
2017-02-10,0.9368585978373396
2017-02-13,0.9368683576554039
2017-02-14,0.9368760524913721
2017-02-15,0.9368821044545192
2017-02-16,0.9368868553970465
2017-02-17,0.9368905796324776
2017-02-20,0.9368934957904375
2017-02-21,0.9368957772399545
2017-02-22,0.9368975609352965
2017-02-23,0.9368989547510611
2017-02-24,0.9369000434683667
2017-02-27,0.9369008936051811
2017-02-28,0.93690155728198
2017-03-01,0.9367058124326803
2017-03-02,0.9367474739845894
2017-03-03,0.9367805173350984
2017-03-06,0.9368068311351472
2017-03-07,0.9368276850588798
2017-03-08,0.936844150991598
2017-03-09,0.9368571158312816
2017-03-10,0.9368673021822761
2017-03-13,0.9368752923773841
2017-03-14,0.9368815519895195
2017-03-15,0.9368864510612276
2017-03-16,0.9368902824154512
2017-03-17,0.9368932770004704
2017-03-20,0.9368956165038804
2017-03-21,0.936897443583149
2017-03-22,0.9368988700833822
2017-03-23,0.936899983591787
2017-03-24,0.9369008526380387
2017-03-27,0.9369015308040134
2017-03-28,0.9369020599618658
2017-03-29,0.9369024728194962
2017-03-30,0.936902794918026
2017-03-31,0.9369030461971442
2017-04-03,0.9352308244177173
2017-04-04,0.9355129904291428
2017-04-05,0.9357669285690338
2017-04-06,0.9359851581955282
2017-04-07,0.9361676945769924
2017-04-10,0.9363175963317969
2017-04-11,0.9364391113559234
2017-04-12,0.9365366936223237
2017-04-13,0.9366145150033383
2017-04-14,0.9366762559568641
2017-04-17,0.9367250475698184
2017-04-18,0.9367634909139164
2017-04-19,0.9367937116647417
2017-04-20,0.9368174268675947
2017-04-21,0.9368360117727951
2017-04-24,0.9368505609735114
2017-04-25,0.9368619415859394
2017-04-26,0.9368708380779089
2017-04-27,0.9368777892751917
2017-04-28,0.9368832184689904
2017-05-01,0.9368874576564376
2017-05-02,0.9353824183141461
2017-05-03,0.9356784361045937
2017-05-04,0.9359226341052082
2017-05-05,0.9361230440631897
2017-05-08,0.9362853855111906
2017-05-09,0.9364156588301326
2017-05-10,0.9365194830407403
2017-05-11,0.9366018074417132
2017-05-12,0.9366668349214718
2017-05-15,0.9367180510439264
2017-05-16,0.9367583001959178
2017-05-17,0.9367898772167078
2017-05-18,0.9368146183450429
2017-05-19,0.9368339839437951
2017-05-22,0.9368491301660632
2017-05-23,0.9368609691852651
2017-05-24,0.9368702188027292
2017-05-25,0.936877442737443
2017-05-26,0.9368830830214887
2017-05-29,0.9368874858575816
2017-05-30,0.9368909221460229
2017-05-31,0.9368936037134179
2017-06-01,0.9365888268827546
2017-06-02,0.9366559482147886
2017-06-05,0.9367091640610196
2017-06-06,0.936751112085412
2017-06-07,0.9367840970500213
2017-06-08,0.9368099861820622
2017-06-09,0.9368302772533103
2017-06-12,0.9368461634848118
2017-06-13,0.9368585906867338
2017-06-14,0.9368683057351537
2017-06-15,0.9368758967371061
2017-06-16,0.9368818257795363
2017-06-19,0.9368864553321344
2017-06-20,0.9368900693613935
2017-06-21,0.9368928901146388
2017-06-22,0.9368950914026788
2017-06-23,0.9368968090762726
2017-06-26,0.936898149268214
2017-06-27,0.9368991948649534
2017-06-28,0.9369000105804687
2017-06-29,0.9369006469296918
2017-06-30,0.9369011433373904
2017-07-03,0.928021774050213
2017-07-04,0.9296970490586495
2017-07-05,0.931104729496771
2017-07-06,0.9322727496157602
2017-07-07,0.9332262150715375
2017-07-10,0.9339956131741609
2017-07-11,0.934611330293919
2017-07-12,0.9351010522643511
2017-07-13,0.93548878343272
2017-07-14,0.9357947067640897
2017-07-17,0.9360354502386604
2017-07-18,0.9362245210705703
2017-07-19,0.9363727812948712
2017-07-20,0.9364889016410004
2017-07-21,0.9365797658370629
2017-07-24,0.9366508164870302
2017-07-25,0.9367063433907364
2017-07-26,0.9367497196958742
2017-07-27,0.9367835929418147
2017-07-28,0.9368100382352986
2017-07-31,0.9368306802578684
2017-08-01,0.9361945479090076
2017-08-02,0.9363417540858912
2017-08-03,0.9364598922252458
2017-08-04,0.9365541948050439
2017-08-07,0.9366290524201546
2017-08-08,0.9366882283266157
2017-08-09,0.9367348619941489
2017-08-10,0.9367715250300879
2017-08-11,0.9368002973646997
2017-08-14,0.9368228461067246
2017-08-15,0.9368404986908967
2017-08-16,0.9368543069297177
2017-08-17,0.936865101190575
2017-08-18,0.9368735352004798
2017-08-21,0.936880122534191
2017-08-22,0.9368852660079331
2017-08-23,0.9368892811721266
2017-08-24,0.9368924149788996
2017-08-25,0.9368948605510916
2017-08-28,0.9368967688286133
2017-08-29,0.9368982577294951
2017-08-30,0.936899419342231
2017-08-31,0.9369003255642113
2017-09-01,0.9364133524934116
2017-09-04,0.9365155053847313
2017-09-05,0.9365972509983153
2017-09-06,0.9366624081616927
2017-09-07,0.936714075506209
2017-09-08,0.9367548874657149
2017-09-11,0.936787030753189
2017-09-12,0.9368122905290726
2017-09-13,0.9368321072701195
2017-09-14,0.9368476336266056
2017-09-15,0.9368597862832001
2017-09-18,0.9368692909374203
2017-09-19,0.93687672011654
2017-09-20,0.9368825243283041
2017-09-21,0.9368870573599163
2017-09-22,0.936890596618354
2017-09-25,0.9368933593641534
2017-09-26,0.9368955155973665
2017-09-27,0.9368971982444243
2017-09-28,0.936898511186401
2017-09-29,0.9368995355712135
2017-10-02,0.9369003347676221
2017-10-03,0.9367435622062114
2017-10-04,0.9367600328423116
2017-10-05,0.9367806298819967
2017-10-06,0.936800944113837
2017-10-09,0.93681938179456
2017-10-10,0.9368353461354845
2017-10-11,0.9368487640941328
2017-10-12,0.9368598189696509
2017-10-13,0.9368688006548007
2017-10-16,0.936876025005394
2017-10-17,0.9368817931555399
2017-10-18,0.9368863733905092
2017-10-19,0.9368899953322068
2017-10-20,0.9368928504906485
2017-10-23,0.9368950957994808
2017-10-24,0.9368968582680275
2017-10-25,0.9368982397647969
2017-10-26,0.9368993214524118
2017-10-27,0.9369001676755783
2017-10-30,0.9369008292547977
2017-10-31,0.9369013462144347
2017-11-01,0.936661024174975
2017-11-02,0.9367074383238784
2017-11-03,0.9367453281734357
2017-11-06,0.9367769235713119
2017-11-07,0.9368028171651142
2017-11-08,0.9368237743291838
2017-11-09,0.9368405834524794
2017-11-10,0.9368539760000767
2017-11-13,0.9368645934211869
2017-11-14,0.9368729791929192
2017-11-15,0.9368795834814516
2017-11-16,0.9368847733910698
2017-11-17,0.9368888449829055
2017-11-20,0.9368920350985238
2017-11-21,0.9368945320725024
2017-11-22,0.9368964849949892
2017-11-23,0.9368980114882084
2017-11-24,0.9368992041078253
2017-11-27,0.9369001355402548
2017-11-28,0.9369008627808286
2017-11-29,0.9369014304683725
2017-11-30,0.936901873532174
2017-12-01,0.9369007014735575
2017-12-04,0.9369009964185457
2017-12-05,0.9369010078120564
2017-12-06,0.9369012321229079
2017-12-07,0.9369015407167678
2017-12-08,0.9369018627783601
2017-12-11,0.9369021635035787
2017-12-12,0.9369024282042967
2017-12-13,0.9369026530091618
2017-12-14,0.9369028395159208
2017-12-15,0.9369029917812066
2017-12-18,0.9369031146795849
2017-12-19,0.9369032130540806
2017-12-20,0.9369032913156367
2017-12-21,0.9369033532901974
2017-12-22,0.936903402196508
2017-12-25,0.9369034406878781
2017-12-26,0.9369034709207051
2017-12-27,0.9369034946298016
2017-12-28,0.9369035132004585
2017-12-29,0.9369035277327566
2018-01-01,0.9369035390966538
2018-01-02,0.9332426322819904
2018-01-03,0.9339477376628145
2018-01-04,0.9345339558367106
2018-01-05,0.9350164973523463
2018-01-08,0.9354081358089078
2018-01-09,0.9357228248336072
2018-01-10,0.9359738534268982
2018-01-11,0.9361730299221995
2018-01-12,0.9363304332825766
2018-01-15,0.936454449131447
2018-01-16,0.9365519350606953
2018-01-17,0.9366284317958247
2018-01-18,0.9366883773552686
2018-01-19,0.9367353039140158
2018-01-22,0.9367720093753573
2018-01-23,0.9368007021010895
2018-01-24,0.9368231204080186
2018-01-25,0.9368406297820918
2018-01-26,0.936854301137153
2018-01-29,0.9368649733333787
2018-01-30,0.9368733028386709
2018-01-31,0.9368798030096398
2018-02-01,0.9362408599968622
2018-02-02,0.9363810454771088
2018-02-05,0.9364927923657302
2018-02-06,0.9365810872649695
2018-02-07,0.9366506366938409
2018-02-08,0.9367052951360118
2018-02-09,0.9367481764681667
2018-02-12,0.9367817738651556
2018-02-13,0.9368080707020535
2018-02-14,0.9368286373427376
2018-02-15,0.9368447127652991
2018-02-16,0.9368572719000534
2018-02-19,0.9368670803581683
2018-02-20,0.936874738448325
2018-02-21,0.9368807163116584
2018-02-22,0.9368853818119656
2018-02-23,0.9368890225837279
2018-02-26,0.9368918634075668
2018-02-27,0.9368940798710809
2018-02-28,0.936895809089841
2018-03-01,0.936295769322541
2018-03-02,0.9364226004693903
2018-03-05,0.9365240586484317
2018-03-06,0.9366047037803209
2018-03-07,0.9366685164886641
2018-03-08,0.9367188401136546
2018-03-09,0.9367584252714676
2018-03-12,0.9367895033150777
2018-03-13,0.9368138664684461
2018-03-14,0.9368329439379858
2018-03-15,0.9368478694244831
2018-03-16,0.9368595386752216
2018-03-19,0.9368686573219774
2018-03-20,0.9368757799739305
2018-03-21,0.9368813417860951
2018-03-22,0.9368856837342022
2018-03-23,0.9368890727240157
2018-03-26,0.9368917175161662
2018-03-27,0.936893781292938
2018-03-28,0.9368953915486808
2018-03-29,0.9368966478579832
2018-03-30,0.9368976279674567
2018-04-02,0.9368983925671484
2018-04-03,0.9331530014935746
2018-04-04,0.9337721579919357
2018-04-05,0.9343333803612554
2018-04-06,0.9348201425237037
2018-04-09,0.9352300492611613
2018-04-10,0.9355683755438453
2018-04-11,0.9358436862757461
2018-04-12,0.93606542311037
2018-04-13,0.9362426568470433
2018-04-16,0.9363835138383106
2018-04-17,0.9364949784841085
2018-04-18,0.9365828946175098
2018-04-19,0.9366520628344999
2018-04-20,0.9367063757900065
2018-04-23,0.936748960253573
2018-04-24,0.9367823103270488
2018-04-25,0.9368084050838968
2018-04-26,0.9368288087253147
2018-04-27,0.936844753832282
2018-04-30,0.9368572094335542
2018-05-01,0.935593158540184
2018-05-02,0.9358538874747275
2018-05-03,0.9360667030017036
2018-05-04,0.9362396157322167
2018-05-07,0.9363786725237542
2018-05-08,0.9364896682114615
2018-05-09,0.9365777780249498
2018-05-10,0.9366474332020732
2018-05-11,0.9367023282185749
2018-05-14,0.9367454887229016
2018-05-15,0.93677936187727
2018-05-16,0.936805909292807
2018-05-17,0.9368266930695232
2018-05-18,0.9368429510955103
2018-05-21,0.9368556607354882
2018-05-22,0.9368655915101447
2018-05-23,0.9368733480067161
2018-05-24,0.9368794044541653
2018-05-25,0.9368841323627376
2018-05-28,0.9368878224903741
2018-05-29,0.9368907022241679
2018-05-30,0.936892949288439
2018-05-31,0.9368947025285408
2018-06-01,0.9360597455505554
2018-06-04,0.9362293184021895
2018-06-05,0.9363669805444484
2018-06-06,0.936478275489992
2018-06-07,0.9365674572407846
2018-06-08,0.93663845405058
2018-06-11,0.9366947009089565
2018-06-12,0.9367391006040694
2018-06-13,0.9367740522446841
2018-06-14,0.9368015087399061
2018-06-15,0.936823042776122
2018-06-18,0.9368399110051876
2018-06-19,0.9368531117894654
2018-06-20,0.9368634348841179
2018-06-21,0.9368715029987006
2018-06-22,0.9368778059176925
2018-06-25,0.9368827281471205
2018-06-26,0.9368865711056424
2018-06-27,0.9368895708141777
2018-06-28,0.9368919119250201
2018-06-29,0.9368937388050453
2018-07-02,0.9368951642660185
2018-07-03,0.9164665406573534
2018-07-04,0.9205281904980361
2018-07-05,0.9238600334015449
2018-07-06,0.9265664935444456
2018-07-09,0.9287415008911115
2018-07-10,0.9304762313112015
2018-07-11,0.9318522669457772
2018-07-12,0.9329393947295753
2018-07-13,0.933795698288015
2018-07-16,0.9344686618427274
2018-07-17,0.9349966300774393
2018-07-18,0.9354102985002345
2018-07-19,0.9357340842940765
2018-07-20,0.9359873198489986
2018-07-23,0.9361852581880653
2018-07-24,0.9363399019885399
2018-07-25,0.9364606772285163
2018-07-26,0.9365549749530838
2018-07-27,0.9366285837302437
2018-07-30,0.9366860329521783
2018-07-31,0.936730864240464
2018-08-01,0.9351145542109554
2018-08-02,0.9354791392865074
2018-08-03,0.9357735855174366
2018-08-06,0.9360091807018237
2018-08-07,0.9361964879022517
2018-08-08,0.9363447138418014
2018-08-09,0.9364616100559083
2018-08-10,0.9365535614175196
2018-08-13,0.9366257503252363
2018-08-14,0.9366823402677769
2018-08-15,0.9367266516717127
2018-08-16,0.9367613184287034
2018-08-17,0.9367884215318047
2018-08-20,0.9368096002248015
2018-08-21,0.9368261428524425
2018-08-22,0.9368390602262369
2018-08-23,0.9368491443607969
2018-08-24,0.9368570152020166
2018-08-27,0.9368631576284415
2018-08-28,0.9368679506477928
2018-08-29,0.9368716903737594
2018-08-30,0.9368746080714309
2018-08-31,0.9368768843077625
2018-09-03,0.935476830362659
2018-09-04,0.9357652929738782
2018-09-05,0.9359983434139972
2018-09-06,0.9361849406046391
2018-09-07,0.9363333737354009
2018-09-10,0.9364508876909377
2018-09-11,0.936543595196424
2018-09-12,0.9366165392809263
2018-09-13,0.9366738181746622
2018-09-14,0.9367187274147827
2018-09-17,0.936753897107159
2018-09-18,0.9367814147070612
2018-09-19,0.9368029301832258
2018-09-20,0.936819743683638
2018-09-21,0.9368328773081318
2018-09-24,0.9368431331381694
2018-09-25,0.9368511397373824
2018-09-26,0.9368573891709052
2018-09-27,0.9368622663342632
2018-09-28,0.9368660721051292
2018-10-01,0.9368690415687294
2018-10-02,0.9360391433456475
2018-10-03,0.9361494766158469
2018-10-04,0.9362648157205883
2018-10-05,0.9363726937357847
2018-10-08,0.9364679023780024
2018-10-09,0.9365489779322549
2018-10-10,0.9366164012084732
2018-10-11,0.9366715560862185
2018-10-12,0.9367161463624226
2018-10-15,0.9367518859929278
2018-10-16,0.9367803485652857
2018-10-17,0.9368029066744631
2018-10-18,0.9368207198508456
2018-10-19,0.9368347468904854
2018-10-22,0.9368457688579717
2018-10-23,0.9368544152465049
2018-10-24,0.9368611894180096
2018-10-25,0.9368664915268345
2018-10-26,0.9368706382824473
2018-10-29,0.9368738795133269
2018-10-30,0.9368764117876726
2018-10-31,0.9368783894648411
2018-11-01,0.9357266568019179
2018-11-02,0.9359553141989545
2018-11-05,0.9361424834802494
2018-11-06,0.936295045937991
2018-11-07,0.9364180246262109
2018-11-08,0.9365163573309774
2018-11-09,0.936594516970523
2018-11-12,0.9366563671420234
2018-11-13,0.9367051478336861
2018-11-14,0.9367435232183186
2018-11-15,0.9367736543383827
2018-11-16,0.9367972771306653
2018-11-19,0.9368157761643021
2018-11-20,0.9368302499456183
2018-11-21,0.9368415665730602
2018-11-22,0.9368504100076968
2018-11-23,0.9368573178991648
2018-11-26,0.9368627121431627
2018-11-27,0.9368669233559989
2018-11-28,0.9368702103534241
2018-11-29,0.9368727755803442
2018-11-30,0.9368747772895992
2018-12-03,0.9362303321886154
2018-12-04,0.9363653297969937
2018-12-05,0.9364735728887331
2018-12-06,0.936559857093592
2018-12-07,0.9366282783856335
2018-12-10,0.9366823237952933
2018-12-11,0.936724888915792
2018-12-12,0.9367583379936876
2018-12-13,0.936784578865432
2018-12-14,0.9368051381428911
2018-12-17,0.9368212298787625
2018-12-18,0.9368338151467277
2018-12-19,0.9368436521417283
2018-12-20,0.9368513374485754
2018-12-21,0.936857339556204
2018-12-24,0.9368620258010202
2018-12-25,0.9368656838690235
2018-12-26,0.9368685388624912
2018-12-27,0.9368707667910915
2018-12-28,0.9368725052037221
2018-12-31,0.9368738615474335
2019-01-01,0.9130109051201285
2019-01-02,0.9179528115462434
2019-01-03,0.9219250059647861
2019-01-04,0.9250963787724081
2019-01-07,0.927612385360308
2019-01-08,0.929599675955413
2019-01-09,0.9311644266150771
2019-01-10,0.9323936591030425
2019-01-11,0.9333576804825201
2019-01-14,0.9341127515738312
2019-01-15,0.9347035946550625
2019-01-16,0.9351655916029777
2019-01-17,0.9355266380998688
2019-01-18,0.9358086714297131
2019-01-21,0.9360289101786838
2019-01-22,0.9362008496925764
2019-01-23,0.9363350555321681
2019-01-24,0.936439792554129
2019-01-25,0.9365215217180417
2019-01-28,0.9365852912873457
2019-01-29,0.9366350441957906
2019-01-30,0.9366738591421775
2019-01-31,0.936704139461312
2019-02-01,0.9343414539063302
2019-02-04,0.9348443651322238
2019-02-05,0.935250429142379
2019-02-06,0.9355750252020637
2019-02-07,0.935832885032892
2019-02-08,0.9360368093740519
2019-02-11,0.9361975464680331
2019-02-12,0.936323930106707
2019-02-13,0.9364231178493377
2019-02-14,0.9365008520515655
2019-02-15,0.9365617073143864
2019-02-18,0.9366093092866223
2019-02-19,0.9366465206126949
2019-02-20,0.9366755950780753
2019-02-21,0.9366983032933719
2019-02-22,0.9367160340020222
2019-02-25,0.9367298750724515
2019-02-26,0.936740677862468
2019-02-27,0.9367491081433832
2019-02-28,0.936755686256712
2019-03-01,0.9346499318560246
2019-03-04,0.9350776400531937
2019-03-05,0.935424099913761
2019-03-06,0.9357021718059316
2019-03-07,0.9359237490393797
2019-03-08,0.9360993873440261
2019-03-11,0.9362380749646073
2019-03-12,0.93634727057876
2019-03-13,0.9364330591503917
2019-03-14,0.9365003470529297
2019-03-15,0.9365530575114156
2019-03-18,0.9365943086609094
2019-03-19,0.936626567690823
2019-03-20,0.9366517802092519
2019-03-21,0.9366714766317658
2019-03-22,0.9366868584680343
2019-03-25,0.936698867619397
2019-03-26,0.9367082416366633
2019-03-27,0.9367155575512183
2019-03-28,0.9367212665057599
2019-03-29,0.9367257210346805
2019-04-01,0.9367291965056865
2019-04-02,0.8887156712549029
2019-04-03,0.8938114917004285
2019-04-04,0.8994271913051906
2019-04-05,0.9050269579366929
2019-04-08,0.9102651617211397
2019-04-09,0.914954764038356
2019-04-10,0.9190214580484828
2019-04-11,0.9224646396930942
2019-04-12,0.9253271416327912
2019-04-15,0.9276735924972002
2019-04-16,0.9295761081823611
2019-04-17,0.931105605177483
2019-04-18,0.9323270872183245
2019-04-19,0.933297545337203
2019-04-22,0.9340654569049563
2019-04-23,0.9346711816974674
2019-04-24,0.9351477990103876
2019-04-25,0.9355221071953755
2019-04-26,0.935815626832857
2019-04-29,0.9360455254880132
2019-04-30,0.9362254286696519
2019-05-01,0.9352761551289837
2019-05-02,0.935607457343143
2019-05-03,0.9358716890091384
2019-05-06,0.9360823472597903
2019-05-07,0.9362494259657139
2019-05-08,0.9363814229201857
2019-05-09,0.9364853967167556
2019-05-10,0.9365671129821956
2019-05-13,0.9366312261411721
2019-05-14,0.9366814618833926
2019-05-15,0.93672078399022
2019-05-16,0.9367515392478135
2019-05-17,0.9367755794209441
2019-05-20,0.9367943618064445
2019-05-21,0.9368090309463563
2019-05-22,0.936820484354799
2019-05-23,0.9368294249932527
2019-05-24,0.9368364029351192
2019-05-27,0.9368418483099198
2019-05-28,0.9368460972707234
2019-05-29,0.9368494124134459
2019-05-30,0.9368519988040376
2019-05-31,0.9368540165405799
2019-06-03,0.9371901872159674
2019-06-04,0.9371152199345599
2019-06-05,0.9370579252699885
2019-06-06,0.9370141475378796
2019-06-07,0.9369805623616658
2019-06-10,0.9369547099779796
2019-06-11,0.936934755615596
2019-06-12,0.9369193198410906
2019-06-13,0.9369073584632435
2019-06-14,0.9368980764928297
2019-06-17,0.9368908657629333
2019-06-18,0.9368852591932239
2019-06-19,0.9368808969128519
2019-06-20,0.9368775009389853
2019-06-21,0.936874856101491
2019-06-24,0.9368727955772918
2019-06-25,0.9368711898595212
2019-06-26,0.9368699383074997
2019-06-27,0.9368689626496602
2019-06-28,0.9368682019731016
2019-07-01,0.9368676088503349
2019-07-02,0.8902125087375724
2019-07-03,0.9001565877889774
2019-07-04,0.9080134587288965
2019-07-05,0.9142098638031065
2019-07-08,0.9190824964633667
2019-07-09,0.9229062746388164
2019-07-10,0.9259025103006985
2019-07-11,0.9282477326918426
2019-07-12,0.9300818930506829
2019-07-15,0.9315154761149342
2019-07-16,0.9326354420500255
2019-07-17,0.9335100853861166
2019-07-18,0.9341929544803761
2019-07-19,0.934725984428575
2019-07-22,0.9351419854461894
2019-07-23,0.935466610389169
2019-07-24,0.9357199053107157
2019-07-25,0.9359175284329112
2019-07-26,0.9360717066864693
2019-07-29,0.9361919852767668
2019-07-30,0.9362858144401406
2019-07-31,0.936359008381972
2019-08-01,0.9356913267056913
2019-08-02,0.9358799344164795
2019-08-05,0.936029973748492
2019-08-06,0.9361487933876934
2019-08-07,0.9362425516699227
2019-08-08,0.9363163350328556
2019-08-09,0.9363742805292151
2019-08-12,0.93641971699746
2019-08-13,0.9364553023548854
2019-08-14,0.9364831468665255
2019-08-15,0.9365049189720207
2019-08-16,0.9365219336398377
2019-08-19,0.9365352247811111
2019-08-20,0.9365456038429991
2019-08-21,0.9365537067873757
2019-08-22,0.9365600315065777
2019-08-23,0.9365649674757658
2019-08-26,0.936568819165663
2019-08-27,0.9365718244768123
2019-08-28,0.9365741692229284
2019-08-29,0.9365759984914821
2019-08-30,0.9365774255435831
2019-09-02,0.9365785387793661
2019-09-03,0.9320534658610616
2019-09-04,0.9329543182074715
2019-09-05,0.9336803731289678
2019-09-06,0.9342606516978708
2019-09-09,0.9347215313955506
2019-09-10,0.9350859385487819
2019-09-11,0.9353731209242411
2019-09-12,0.9355988918613584
2019-09-13,0.9357760585089262
2019-09-16,0.9359148915705635
2019-09-17,0.936023570212699
2019-09-18,0.9361085749948898
2019-09-19,0.9361750214235072
2019-09-20,0.9362269361930805
2019-09-23,0.936267482245178
2019-09-24,0.9362991400621409
2019-09-25,0.9363238525322266
2019-09-26,0.9363431400277858
2019-09-27,0.9363581914246566
2019-09-30,0.9363699358586044
2019-10-01,0.8779844421883528
2019-10-02,0.8833664118623391
2019-10-03,0.8896746209921891
2019-10-04,0.8962221540948752
2019-10-07,0.9025335149850164
2019-10-08,0.9083182325330175
2019-10-09,0.9134293856281459
2019-10-10,0.9178222712821247
2019-10-11,0.921518431697597
2019-10-14,0.9245774500553617
2019-10-15,0.927076732045586
2019-10-16,0.9290982012707868
2019-10-17,0.9307203371278434
2019-10-18,0.9320139943278507
2019-10-21,0.9330407009373145
2019-10-22,0.9338524582386543
2019-10-23,0.9344923661907573
2019-10-24,0.9349956365978281
2019-10-25,0.9353907283826803
2019-10-28,0.9357004557521544
2019-10-29,0.9359429943514874
2019-10-30,0.9361327554323547
2019-10-31,0.9362811235887089
2019-11-01,0.9350627665921695
2019-11-04,0.9354229229786315
2019-11-05,0.935710976358707
2019-11-06,0.9359407702766261
2019-11-07,0.9361230994765588
2019-11-08,0.9362671840506304
2019-11-11,0.9363807006637764
2019-11-12,0.9364699288032072
2019-11-13,0.9365399423339169
2019-11-14,0.9365948051166202
2019-11-15,0.9366377512496025
2019-11-18,0.9366713422750066
2019-11-19,0.9366975998112458
2019-11-20,0.9367181150509305
2019-11-21,0.9367341378249718
2019-11-22,0.9367466482864206
2019-11-25,0.9367564141658825
2019-11-26,0.9367640362449213
2019-11-27,0.9367699843195575
2019-11-28,0.93677462555198
2019-11-29,0.936778246767255
2019-12-02,0.9367810719556021
2019-12-03,0.934546180710636
2019-12-04,0.9349967851405031
2019-12-05,0.9353622209930383
2019-12-06,0.9356558564740959
2019-12-09,0.9358900289910397
2019-12-10,0.9360757647998211
2019-12-11,0.9362224927891901
2019-12-12,0.9363380589773584
2019-12-13,0.9364288764662381
2019-12-16,0.9365001231534995
2019-12-17,0.9365559434136016
2019-12-18,0.9365996335186132
2019-12-19,0.936633803010878
2019-12-20,0.9366605105939696
2019-12-23,0.9366813761456545
2019-12-24,0.9366976717125345
2019-12-25,0.9367103946736786
2019-12-26,0.9367203261311243
2019-12-27,0.9367280772554204
2019-12-30,0.9367341259206164
2019-12-31,0.9367388455740359
2020-01-01,0.8644730464965185
2020-01-02,0.879724393522542
2020-01-03,0.8915587099094848
2020-01-06,0.9007588786952226
2020-01-07,0.90791704918767
2020-01-08,0.9134897826538338
2020-01-09,0.9178301756138275
2020-01-10,0.9212118878046631
2020-01-13,0.9238473439130842
2020-01-14,0.925901626368152
2020-01-15,0.9275031373564473
2020-01-16,0.9287518141639332
2020-01-17,0.9297254780251748
2020-01-20,0.9304847513557529
2020-01-21,0.9310768724926266
2020-01-22,0.9315386588384957
2020-01-23,0.9318988107122262
2020-01-24,0.932179703902049
2020-01-27,0.9323987851746635
2020-01-28,0.9325696591521143
2020-01-29,0.932702935095486
2020-01-30,0.9328068868023109
2020-01-31,0.9328879669663822
2020-02-03,0.6461694438960549
2020-02-04,0.6440263961258835
2020-02-05,0.6489052888920989
2020-02-06,0.659823981022997
2020-02-07,0.675700979525085
2020-02-10,0.695401339398406
2020-02-11,0.7177507603348109
2020-02-12,0.7415785359126049
2020-02-13,0.7657807689903108
2020-02-14,0.7893890613905395
2020-02-17,0.811627797253154
2020-02-18,0.8319466416882451
2020-02-19,0.8500228061622969
2020-02-20,0.8657364400605249
2020-02-21,0.8791285704354378
2020-02-24,0.8903527023270157
2020-02-25,0.8996292335980941
2020-02-26,0.9072081757422762
2020-02-27,0.9133421090242417
2020-02-28,0.9182688030736152
2020-03-02,0.922201662098714
2020-03-03,0.9205844443859631
2020-03-04,0.9241701564186325
2020-03-05,0.9269578914891735
2020-03-06,0.9291268909783412
2020-03-09,0.93081542652553
2020-03-10,0.9321304961892186
2020-03-11,0.9331550455728367
2020-03-12,0.9339534630792361
2020-03-13,0.9345757849058718
2020-03-16,0.9350609262910814
2020-03-17,0.9354391726668317
2020-03-18,0.9357341051584704
2020-03-19,0.9359640918504466
2020-03-20,0.9361434445490532
2020-03-23,0.936283317167076
2020-03-24,0.9363924041056002
2020-03-25,0.9364774835610891
2020-03-26,0.9365438404363214
2020-03-27,0.936595595683318
2020-03-30,0.9366359628702071
2020-03-31,0.9366674481084769
2020-04-01,0.7425387167600044
2020-04-02,0.748926894893719
2020-04-03,0.7601732027400357
2020-04-06,0.774870641205625
2020-04-07,0.7916516097210634
2020-04-08,0.8093126286008474
2020-04-09,0.8268570224813792
2020-04-10,0.8435244141964366
2020-04-13,0.8587967799459525
2020-04-14,0.8723795811622308
2020-04-15,0.8841640564756225
2020-04-16,0.8941803534072102
2020-04-17,0.9025507535253869
2020-04-20,0.9094493730566339
2020-04-21,0.9150712892864182
2020-04-22,0.9196113108396198
2020-04-23,0.9232510067421669
2020-04-24,0.9261519994739521
2020-04-27,0.928453560595844
2020-04-28,0.930272890395622
2020-04-29,0.9317068879608555
2020-04-30,0.9328346048710358
2020-05-01,0.8385129449605707
2020-05-04,0.851657799554034
2020-05-05,0.8644503352457251
2020-05-06,0.8763465551390155
2020-05-07,0.886974842470972
2020-05-08,0.896191845989392
2020-05-11,0.9040046341976318
2020-05-12,0.910510383486501
2020-05-13,0.9158525744339969
2020-05-14,0.9201912651386899
2020-05-15,0.9236844929240551
2020-05-18,0.9264778330229965
2020-05-19,0.9286995175392048
2020-05-20,0.9304590740373101
2020-05-21,0.9318480079603524
2020-05-22,0.9329415338286704
2020-05-25,0.933800726944822
2020-05-26,0.9344747260885661
2020-05-27,0.9350027891669637
2020-05-28,0.9354161111877308
2020-05-29,0.9357393773459132
2020-06-01,0.9359920588145043
2020-06-02,0.9365293027269906
2020-06-03,0.9366096535972459
2020-06-04,0.9366715263016283
2020-06-05,0.9367199491468267
2020-06-08,0.9367578228232193
2020-06-09,0.9367874277324615
2020-06-10,0.9368105582624782
2020-06-11,0.9368286236684912
2020-06-12,0.9368427290598522
2020-06-15,0.9368537400194942
2020-06-16,0.9368623338974997
2020-06-17,0.9368690403656965
2020-06-18,0.936874273384037
2020-06-19,0.9368783563383383
2020-06-22,0.9368815417722238
2020-06-23,0.9368840268539889
2020-06-24,0.9368859654870497
2020-06-25,0.9368874777843067
2020-06-26,0.9368886574753298
2020-06-29,0.9368895776944257
2020-06-30,0.9368902955017009
2020-07-01,0.8963680052341128
2020-07-02,0.9035785261006603
2020-07-03,0.9098003476176727
2020-07-06,0.9150675893768022
2020-07-07,0.9194360425337486
2020-07-08,0.923005790363991
2020-07-09,0.925891126661861
2020-07-10,0.9282041895495993
2020-07-13,0.9300469492941636
2020-07-14,0.9315080372148453
2020-07-15,0.932662257751414
2020-07-16,0.9335714790769948
2020-07-17,0.934286135021423
2020-07-20,0.9348469052627383
2020-07-21,0.9352863442779437
2020-07-22,0.9356303500913745
2020-07-23,0.935899432659523
2020-07-24,0.9361097789730433
2020-07-27,0.9362741304513342
2020-07-28,0.9364024959227745
2020-07-29,0.9365027252782601
2020-07-30,0.9365809676436408
2020-07-31,0.9366420353056338
2020-08-03,0.8944856069009023
2020-08-04,0.900605002173076
2020-08-05,0.906397799800499
2020-08-06,0.9116756385940861
2020-08-07,0.916300925421142
2020-08-10,0.9202431242393798
2020-08-11,0.9235347831494493
2020-08-12,0.9262409996155595
2020-08-13,0.9284397324346493
2020-08-14,0.9302099592604226
2020-08-17,0.9316251944197883
2020-08-18,0.9327504669580582
2020-08-19,0.9336413996015093
2020-08-20,0.9343444703581996
2020-08-21,0.9348978682142655
2020-08-24,0.9353325853295545
2020-08-25,0.9356735415821903
2020-08-26,0.9359406346335697
2020-08-27,0.9361496676476392
2020-08-28,0.93631314071462
2020-08-31,0.9364409102310312
2020-09-01,0.9368217618844469
2020-09-02,0.9368368820298556
2020-09-03,0.9368489652335384
2020-09-04,0.9368587604690415
2020-09-07,0.9368666291106591
2020-09-08,0.936872906368654
2020-09-09,0.9368778880028475
2020-09-10,0.936881825793708
2020-09-11,0.9368849290611813
2020-09-14,0.9368873689904916
2020-09-15,0.9368892839450331
2020-09-16,0.9368907848032062
2020-09-17,0.9368919598531584
2020-09-18,0.9368928790590569
2020-09-21,0.9368935976629973
2020-09-22,0.9368941591620213
2020-09-23,0.9368945977324314
2020-09-24,0.9368949401831181
2020-09-25,0.9368952075171649
2020-09-28,0.9368954161730657
2020-09-29,0.9368955790069807
2020-09-30,0.9368957060674847
2020-10-01,0.913003166956021
2020-10-02,0.9171826850978614
2020-10-05,0.92081814322954
2020-10-06,0.9239196619950873
2020-10-07,0.9265053461048804
2020-10-08,0.9286258488760883
2020-10-09,0.9303441164958836
2020-10-12,0.9317240717287874
2020-10-13,0.9328248911766991
2020-10-14,0.933698553661309
2020-10-15,0.9343892211410991
2020-10-16,0.9349335796513574
2020-10-19,0.9353616257297837
2020-10-20,0.9356976063010766
2020-10-21,0.9359609553182213
2020-10-22,0.9361671505951374
2020-10-23,0.936328460134808
2020-10-26,0.9364545722964046
2020-10-27,0.9365531168266289
2020-10-28,0.9366300893467443
2020-10-29,0.9366901935182597
2020-10-30,0.9367371146953731
2020-11-02,0.9367737375032936
2020-11-03,0.9365417866216589
2020-11-04,0.936615120561708
2020-11-05,0.9366740466213682
2020-11-06,0.936721820501074
2020-11-09,0.9367601903934438
2020-11-10,0.9367907914419247
2020-11-11,0.936815069164719
2020-11-12,0.9368342544399838
2020-11-13,0.9368493701730699
2020-11-16,0.9368612524159722
2020-11-17,0.9368705765053954
2020-11-18,0.9368778833210254
2020-11-19,0.9368836033341785
2020-11-20,0.9368880775339254
2020-11-23,0.9368915750676045
2020-11-24,0.9368943078018991
2020-11-25,0.9368964421678858
2020-11-26,0.9368981086965905
2020-11-27,0.9368994096370228
2020-11-30,0.9369004250079083
2020-12-01,0.936730560345502
2020-12-02,0.936766637291909
2020-12-03,0.936795283038602
2020-12-04,0.9368182501921284
2020-12-07,0.9368365454309172
2020-12-08,0.9368510471172189
2020-12-09,0.9368624990588964
2020-12-10,0.9368715170549351
2020-12-11,0.9368786030622649
2020-12-14,0.9368841617488785
2020-12-15,0.9368885167414749
2020-12-16,0.9368919253227467
2020-12-17,0.9368945911240797
2020-12-18,0.9368966747722083
2020-12-21,0.9368983026470928
2020-12-22,0.9368995739886744
2020-12-23,0.9369005666076945
2020-12-24,0.9369013414420072
2020-12-25,0.9369019461724474
2020-12-28,0.9369024180808849
2020-12-29,0.9369027863024193
2020-12-30,0.9369030735960278
2020-12-31,0.9369032977341489
2021-01-01,0.9343069319586916
2021-01-04,0.9347923040063518
2021-01-05,0.9352005690744075
2021-01-06,0.9355411583006124
2021-01-07,0.9358202896935899
2021-01-08,0.9360461970827321
2021-01-11,0.9362273794973384
2021-01-12,0.9363717261103354
2021-01-13,0.9364861554507213
2021-01-14,0.9365765287010915
2021-01-15,0.9366477000259859
2021-01-18,0.9367036273776427
2021-01-19,0.9367475023627678
2021-01-20,0.9367818779260533
2021-01-21,0.936808783979523
2021-01-22,0.9368298273418157
2021-01-25,0.9368462756180916
2021-01-26,0.936859126230834
2021-01-27,0.9368691624560569
2021-01-28,0.9368769984649015
2021-01-29,0.9368831152671229
2021-02-01,0.9368878892403607
2021-02-02,0.9359632402361836
2021-02-03,0.9361552249025317
2021-02-04,0.9363105626422504
2021-02-05,0.9364354759240446
2021-02-08,0.9365351712557608
2021-02-09,0.9366143005182274
2021-02-10,0.9366768483028283
2021-02-11,0.9367261364942907
2021-02-12,0.9367648849993366
2021-02-15,0.9367952931175333
2021-02-16,0.936819123330994
2021-02-17,0.9368377788517943
2021-02-18,0.9368523714457802
2021-02-19,0.9368637787610198
2021-02-22,0.9368726917188613
2021-02-23,0.9368796530979241
2021-02-24,0.9368850886106047
2021-02-25,0.9368893317377025
2021-02-26,0.9368926434604973
2021-03-01,0.9368952278710209
2021-03-02,0.9364943180967736
2021-03-03,0.9365821473572289
2021-03-04,0.9366518161992277
2021-03-05,0.9367066028002505
2021-03-08,0.9367496031498701
2021-03-09,0.9367833047531003
2021-03-10,0.9368096896925249
2021-03-11,0.936830329157554
2021-03-12,0.9368464638585109
2021-03-15,0.9368590707261883
2021-03-16,0.936868917321152
2021-03-17,0.9368766057064509
2021-03-18,0.9368826075325473
2021-03-19,0.9368872919256129
2021-03-22,0.9368909475562563
2021-03-23,0.93689380004445
2021-03-24,0.9368960256513847
2021-03-25,0.9368977620295
2021-03-26,0.9368991166502418
2021-03-29,0.9369001734036697
2021-03-30,0.9369009977619192
2021-03-31,0.9369016408162864
2021-04-01,0.9348020407636567
2021-04-02,0.9351481936354161
2021-04-05,0.9354633318537696
2021-04-06,0.9357366569153457
2021-04-07,0.9359667381963063
2021-04-08,0.9361565502231125
2021-04-09,0.9363109357590013
2021-04-12,0.9364352263769132
2021-04-13,0.9365345358808128
2021-04-14,0.9366134388452272
2021-04-15,0.9366758621103751
2021-04-16,0.9367250879208207
2021-04-19,0.9367638103800623
2021-04-20,0.9367942126370253
2021-04-21,0.9368180474034586
2021-04-22,0.9368367121837824
2021-04-23,0.9368513155473699
2021-04-26,0.9368627334562315
2021-04-27,0.9368716560282305
2021-04-28,0.9368786257362901
2021-04-29,0.93688406825429
2021-04-30,0.9368883171568134
2021-05-03,0.9362170977423541
2021-05-04,0.936335903765233
2021-05-05,0.9364380271832746
2021-05-06,0.9365265946870615
2021-05-07,0.9366011514835334
2021-05-10,0.9366626517035962
2021-05-11,0.9367126648891665
2021-05-12,0.9367529216658312
2021-05-13,0.9367850819985324
2021-05-14,0.9368106302704831
2021-05-17,0.9368308401202429
2021-05-18,0.9368467756709727
2021-05-19,0.9368593100487626
2021-05-20,0.9368691505702127
2021-05-21,0.936876864953774
2021-05-24,0.936882905772519
2021-05-25,0.9368876319723028
2021-05-26,0.9368913271465965
2021-05-27,0.9368942146992646
2021-05-28,0.9368964702249186
2021-05-31,0.9368982315026061
2021-06-01,0.9368965378313674
2021-06-02,0.9368976420843584
2021-06-03,0.9368983257438058
2021-06-04,0.9368991929040432
2021-06-07,0.9369000757583059
2021-06-08,0.9369008901092508
2021-06-09,0.9369016018349577
2021-06-10,0.9369022035624387
2021-06-11,0.9369027012591524
2021-06-14,0.9369031067145766
2021-06-15,0.9369034334679104
2021-06-16,0.9369036947234712
2021-06-17,0.936903902389654
2021-06-18,0.936904066734209
2021-06-21,0.9369041963618558
2021-06-22,0.9369042983468655
2021-06-23,0.9369043784277948
2021-06-24,0.9369044412149614
2021-06-25,0.9369044903860898
2021-06-28,0.9369045288595018
2021-06-29,0.9369045589417229
2021-06-30,0.9369045824502379
2021-07-01,0.9272062116144845
2021-07-02,0.929054375858672
2021-07-05,0.9306003217832531
2021-07-06,0.9318776828336434
2021-07-07,0.9329171847136146
2021-07-08,0.9337540755578625
2021-07-09,0.9344226372630009
2021-07-12,0.9349536841495438
2021-07-13,0.9353737059659316
2021-07-14,0.9357048473463764
2021-07-15,0.9359652783334763
2021-07-16,0.9361697152586181
2021-07-19,0.9363299666514693
2021-07-20,0.9364554433512263
2021-07-21,0.9365536073922849
2021-07-22,0.9366303530306479
2021-07-23,0.9366903226807591
2021-07-26,0.9367371647173035
2021-07-27,0.9367737414657243
2021-07-28,0.9368022956297843
2021-07-29,0.9368245826544014
2021-07-30,0.9368419755183116
2021-08-02,0.93685554741451
2021-08-03,0.9316716714709586
2021-08-04,0.9327080635354155
2021-08-05,0.9335600734738799
2021-08-06,0.9342528616445914
2021-08-09,0.934810048601922
2021-08-10,0.935254711790534
2021-08-11,0.9356075887321047
2021-08-12,0.935886470381773
2021-08-13,0.9361061939457224
2021-08-16,0.9362789061863143
2021-08-17,0.9364144257768774
2021-08-18,0.9365206184228159
2021-08-19,0.9366037443348032
2021-08-20,0.936668762003068
2021-08-23,0.9367195847641551
2021-08-24,0.9367592927215448
2021-08-25,0.9367903051563028
2021-08-26,0.9368145193037754
2021-08-27,0.9368334211987589
2021-08-30,0.9368481737092922
2021-08-31,0.9368596861577112
2021-09-01,0.934628648083517
2021-09-02,0.9350899309758045
2021-09-03,0.9354647667105209
2021-09-06,0.9357662644134611
2021-09-07,0.9360068781792716
2021-09-08,0.9361978198462446
2021-09-09,0.936348716096728
2021-09-10,0.93646759772195
2021-09-13,0.9365610396860853
2021-09-14,0.9366343565558304
2021-09-15,0.9366918054698898
2021-09-16,0.9367367743238971
2021-09-17,0.9367719463195189
2021-09-20,0.9367994389307581
2021-09-21,0.9368209186685698
2021-09-22,0.9368376944314356
2021-09-23,0.9368507926318048
2021-09-24,0.936861017192623
2021-09-27,0.9368689971907137
2021-09-28,0.9368752245312847
2021-09-29,0.9368800836449637
2021-09-30,0.9368838748401778
2021-10-01,0.9301611355231219
2021-10-04,0.9315191554758752
2021-10-05,0.9326269801379287
2021-10-06,0.9335208564375178
2021-10-07,0.9342356228614103
2021-10-08,0.9348035489165059
2021-10-11,0.9352527416165132
2021-10-12,0.9356068337314217
2021-10-13,0.9358852635337868
2021-10-14,0.9361037879770582
2021-10-15,0.9362750520690919
2021-10-18,0.9364091311678582
2021-10-19,0.9365140115614861
2021-10-20,0.9365959993686748
2021-10-21,0.9366600597367032
2021-10-22,0.936710093525331
2021-10-25,0.9367491603873878
2021-10-26,0.9367796571458804
2021-10-27,0.9368034595672486
2021-10-28,0.9368220345396749
2021-10-29,0.9368365285377152
2021-11-01,0.9368478372097998
2021-11-02,0.9195428607107358
2021-11-03,0.9230717303593042
2021-11-04,0.9259346390575177
2021-11-05,0.9282369657760431
2021-11-08,0.9300732831426982
2021-11-09,0.9315295072501936
2021-11-10,0.9326795632775065
2021-11-11,0.9335850925491387
2021-11-12,0.9342964966881381
2021-11-15,0.9348544563062855
2021-11-16,0.935291513667923
2021-11-17,0.9356335359549104
2021-11-18,0.9359009897960311
2021-11-19,0.9361100136995552
2021-11-22,0.9362733009373403
2021-11-23,0.9364008158383664
2021-11-24,0.9365003690477882
2021-11-25,0.93657807617271
2021-11-26,0.9366387215168781
2021-11-29,0.9366860454110192
2021-11-30,0.9367229705182133
2021-12-01,0.9275595183331967
2021-12-02,0.9294638107751496
2021-12-03,0.9310025382085249
2021-12-06,0.9322336338771791
2021-12-07,0.9332118273876353
2021-12-08,0.9339853454039169
2021-12-09,0.9345949171591235
2021-12-10,0.9350740904177385
2021-12-13,0.9354500631465963
2021-12-14,0.9357446533348001
2021-12-15,0.9359752354207278
2021-12-16,0.9361555732993517
2021-12-17,0.9362965293570847
2021-12-20,0.9364066521567674
2021-12-21,0.9364926552436185
2021-12-22,0.9365598027247872
2021-12-23,0.9366122172461284
2021-12-24,0.9366531245423364
2021-12-27,0.9366850467877366
2021-12-28,0.9367099549778617
2021-12-29,0.9367293887339886
2021-12-30,0.9367445503234356
2021-12-31,0.9367563783422775
2022-01-03,0.7940978273095597
2022-01-04,0.4845851463090851
2022-01-05,0.23181120825952437
2022-01-06,0.027053578722862563
2022-01-07,-0.13758519266224895
2022-01-10,-0.2691605049865669
2022-01-11,-0.37379091057553926
2022-01-12,-0.45666102131499936
2022-01-13,-0.5220854375469618
2022-01-14,-0.5736044038709668
2022-01-17,-0.6140908662800465
2022-01-18,-0.6458561749681833
2022-01-19,-0.6707473213052854
2022-01-20,-0.6902324364116847
2022-01-21,-0.7054736835208886
2022-01-24,-0.717388052200187
2022-01-25,-0.7266972544703055
2022-01-26,-0.7339681899040276
2022-01-27,-0.7396454681441581
2022-01-28,-0.7440773695798766
2022-01-31,-0.7475364599485237
2022-02-01,-0.7562677467707939
2022-02-02,-0.7599829031508881
2022-02-03,-0.7628697829453415
2022-02-04,-0.765114950954107
2022-02-07,-0.7668621975915784
2022-02-08,-0.7682226397928937
2022-02-09,-0.7692823248095878
2022-02-10,-0.7701079938761397
2022-02-11,-0.7707514784945748
2022-02-14,-0.771253070209742
2022-02-15,-0.7716441134679821
2022-02-16,-0.7719490066556476
2022-02-17,-0.7721867500106055
2022-02-18,-0.7723721452001676
2022-02-21,-0.7725167262761564
2022-02-22,-0.7726294829628173
2022-02-23,-0.7727174230887854
2022-02-24,-0.7727860102325139
2022-02-25,-0.7728395044471795
2022-02-28,-0.7728812276381655
2022-03-01,-0.7557383813936083
2022-03-02,-0.7612933953430459
2022-03-03,-0.7662977276606537
2022-03-04,-0.7706653002813284
2022-03-07,-0.774385061377007
2022-03-08,-0.7774933963906553
2022-03-09,-0.7800524194926147
2022-03-10,-0.7821347368340702
2022-03-11,-0.7838136800032909
2022-03-14,-0.7851576763062038
2022-03-15,-0.7862274876501767
2022-03-16,-0.7870752881497638
2022-03-17,-0.7877448247825737
2022-03-18,-0.7882721476042663
2022-03-21,-0.7886865832531522
2022-03-22,-0.7890117582651056
2022-03-23,-0.7892665669794584
2022-03-24,-0.7894660342686552
2022-03-25,-0.7896220562375156
2022-03-28,-0.7897440202736523
2022-03-29,-0.7898393149445648
2022-03-30,-0.7899137439427834
2022-03-31,-0.7899718589547204
2022-04-01,-0.22080659403184683
2022-04-04,0.005151381536123878
2022-04-05,0.19107896978842326
2022-04-06,0.34268415509516487
2022-04-07,0.46533574254393895
2022-04-08,0.5638934100650296
2022-04-11,0.6426380802003614
2022-04-12,0.7052539883583352
2022-04-13,0.7548506205756992
2022-04-14,0.7940106444045599
2022-04-15,0.8248514387055049
2022-04-18,0.8490908559680403
2022-04-19,0.8681110169308287
2022-04-20,0.8830165731329596
2022-04-21,0.8946857902293303
2022-04-22,0.9038140601620435
2022-04-25,0.9109501903388662
2022-04-26,0.9165261974334344
2022-04-27,0.9208814807799571
2022-04-28,0.9242822600211968
2022-04-29,0.9269370975899983
2022-05-02,0.9290092292167895
2022-05-03,0.7874808900767436
2022-05-04,0.5266318184279642
2022-05-05,0.3028082292179501
2022-05-06,0.11306730722691247
2022-05-09,-0.04585737320946393
2022-05-10,-0.17748870055372398
2022-05-11,-0.2854177921430801
2022-05-12,-0.37312998997799895
2022-05-13,-0.4438701024032955
2022-05-16,-0.5005559812808159
2022-05-17,-0.5457375917272966
2022-05-18,-0.5815921578966644
2022-05-19,-0.6099440551684427
2022-05-20,-0.6322991388572232
2022-05-23,-0.6498855144305878
2022-05-24,-0.66369526325417
2022-05-25,-0.674523782643281
2022-05-26,-0.6830049986534419
2022-05-27,-0.6896417879727106
2022-05-30,-0.6948316066064074
2022-05-31,-0.6988876862263746
2022-06-01,-0.5757352241490346
2022-06-02,-0.5899387109863835
2022-06-03,-0.6069883901553613
2022-06-06,-0.6258448738703527
2022-06-07,-0.6455045268773926
2022-06-08,-0.6650632842992926
2022-06-09,-0.6837736093830564
2022-06-10,-0.7010807381231421
2022-06-13,-0.7166320130818198
2022-06-14,-0.7302608807127386
2022-06-15,-0.7419531079525439
2022-06-16,-0.7518050632857286
2022-06-17,-0.7599827364710238
2022-06-20,-0.766687117632704
2022-06-21,-0.772128301747065
2022-06-22,-0.7765082486219198
2022-06-23,-0.7800107815970876
2022-06-24,-0.7827969553070837
2022-06-27,-0.785004019750775
2022-06-28,-0.7867465524653792
2022-06-29,-0.7881187266416935
2022-06-30,-0.7891970317754287
2022-07-01,-0.6947697409837312
2022-07-04,-0.6906813574650967
2022-07-05,-0.6914310798164421
2022-07-06,-0.6959660364656313
2022-07-07,-0.7032432955011387
2022-07-08,-0.712265952032865
2022-07-11,-0.722147837173106
2022-07-12,-0.7321616929989649
2022-07-13,-0.7417632051295875
2022-07-14,-0.7505898658800405
2022-07-15,-0.758439689879506
2022-07-18,-0.7652381578706852
2022-07-19,-0.7710018645685266
2022-07-20,-0.7758051898202935
2022-07-21,-0.779753415474443
2022-07-22,-0.7829632236242432
2022-07-25,-0.7855499198196432
2022-07-26,-0.78761999679693
2022-07-27,-0.7892675278086687
2022-07-28,-0.7905730718770431
2022-07-29,-0.7916040800590293
2022-08-01,-0.7924160947631881
2022-08-02,-0.7591848659345201
2022-08-03,-0.760384718878879
2022-08-04,-0.7631380685917609
2022-08-05,-0.7667197097626034
2022-08-08,-0.7705973637557434
2022-08-09,-0.774411422113484
2022-08-10,-0.7779431987832842
2022-08-11,-0.7810800663654249
2022-08-12,-0.78378302508871
2022-08-15,-0.7860598662204131
2022-08-16,-0.7879449350867305
2022-08-17,-0.789485058640929
2022-08-18,-0.7907305017000564
2022-08-19,-0.7917296509675188
2022-08-22,-0.7925262583088419
2022-08-23,-0.7931583228539227
2022-08-24,-0.7936579482739069
2022-08-25,-0.7940517283182897
2022-08-26,-0.7943613771690334
2022-08-29,-0.7946044354782873
2022-08-30,-0.7947949583761534
2022-08-31,-0.7949441390405146
2022-09-01,-0.7946299391291157
2022-09-02,-0.7948164972726973
2022-09-05,-0.7949612047926451
2022-09-06,-0.7950742223170336
2022-09-07,-0.7951624691329761
2022-09-08,-0.7952313583157011
2022-09-09,-0.7952851263310086
2022-09-12,-0.7953270863287257
2022-09-13,-0.7953598278597606
2022-09-14,-0.7953853739929813
2022-09-15,-0.7954053046796573
2022-09-16,-0.7954208534721603
2022-09-19,-0.7954329832651885
2022-09-20,-0.7954424455567386
2022-09-21,-0.7954498267828435
2022-09-22,-0.7954555845262802
2022-09-23,-0.7954600758004846
2022-09-26,-0.7954635791360136
2022-09-27,-0.7954663118231949
2022-09-28,-0.7954684433706409
2022-09-29,-0.795470106008516
2022-09-30,-0.7954714028845006
2022-10-03,-0.7848840886485584
2022-10-04,-0.7853378686088844
2022-10-05,-0.7863048740373904
2022-10-06,-0.7874884038334042
2022-10-07,-0.7887042325417117
2022-10-10,-0.7898477811822721
2022-10-11,-0.7908675878146008
2022-10-12,-0.7917455182409658
2022-10-13,-0.7924828801522039
2022-10-14,-0.7930912111514858
2022-10-17,-0.7935864970582622
2022-10-18,-0.7939857599596092
2022-10-19,-0.7943052003365226
2022-10-20,-0.7945593094970097
2022-10-21,-0.7947605569349763
2022-10-24,-0.7949193968859858
2022-10-25,-0.7950444355666632
2022-10-26,-0.795142665111795
2022-10-27,-0.7952197113946853
2022-10-28,-0.79528006824947
2022-10-31,-0.7953273056260284
2022-11-01,-0.7955264160461931
2022-11-02,-0.7955211947784896
2022-11-03,-0.7955156545024139
2022-11-04,-0.7955113350344992
2022-11-07,-0.7955079735366748
2022-11-08,-0.7955053563007011
2022-11-09,-0.7955033177403603
2022-11-10,-0.7955017294199206
2022-11-11,-0.7955004915998635
2022-11-14,-0.7954995267517835
2022-11-15,-0.795498774567076
2022-11-16,-0.7954981881046549
2022-11-17,-0.7954977308111475
2022-11-18,-0.7954973742118694
2022-11-21,-0.7954970961190619
2022-11-22,-0.7954968792399691
2022-11-23,-0.7954967100945812
2022-11-24,-0.7954965781735664
2022-11-25,-0.795496475282739
2022-11-28,-0.795496395032517
2022-11-29,-0.7954963324401728
2022-11-30,-0.7954962836198783
2022-12-01,-0.7944079142175426
2022-12-02,-0.794063097797712
2022-12-05,-0.7940017368236711
2022-12-06,-0.7940902093669379
2022-12-07,-0.7942478742272102
2022-12-08,-0.7944277288931121
2022-12-09,-0.7946041034879087
2022-12-12,-0.794764372032031
2022-12-13,-0.7949035554117357
2022-12-14,-0.7950209207184419
2022-12-15,-0.7951179079143571
2022-12-16,-0.7951969110456827
2022-12-19,-0.7952605937727816
2022-12-20,-0.7953115294925355
2022-12-21,-0.7953520325284972
2022-12-22,-0.7953840975139528
2022-12-23,-0.7954093967986989
2022-12-26,-0.7954293063236555
2022-12-27,-0.7954449431188142
2022-12-28,-0.7954572052517388
2022-12-29,-0.7954668095766478
2022-12-30,-0.7954743252255678
2023-01-02,-0.7954802022116906
2023-01-03,-0.7994276569199624
2023-01-04,-0.7984016317779992
2023-01-05,-0.7976579806161743
2023-01-06,-0.7971166895535007
2023-01-09,-0.7967194934589551
2023-01-10,-0.7964256107512635
2023-01-11,-0.796206428727812
2023-01-12,-0.7960417534854206
2023-01-13,-0.7959172168304551
2023-01-16,-0.7958224984480697
2023-01-17,-0.7957501105364102
2023-01-18,-0.7956945655706704
2023-01-19,-0.7956518033832625
2023-01-20,-0.7956187935482164
2023-01-23,-0.7955932566334786
2023-01-24,-0.7955734665711528
2023-01-25,-0.7955581088855562
2023-01-26,-0.795546177805359
2023-01-27,-0.7955369007705185
2023-01-30,-0.7955296824808907
2023-01-31,-0.795524063056675
2023-02-01,-0.7959935445917813
2023-02-02,-0.7958859407863672
2023-02-03,-0.7958017744798648
2023-02-06,-0.7957362110613851
2023-02-07,-0.7956851260287887
2023-02-08,-0.7956453129595732
2023-02-09,-0.795614279062079
2023-02-10,-0.7955900850029831
2023-02-13,-0.795571221186844
2023-02-14,-0.7955565120133996
2023-02-15,-0.7955450416644602
2023-02-16,-0.7955360965033285
2023-02-17,-0.7955291203210884
2023-02-20,-0.7955236795354851
2023-02-21,-0.7955194361112325
2023-02-22,-0.7955161264776165
2023-02-23,-0.7955135451084724
2023-02-24,-0.7955115317293424
2023-02-27,-0.7955099613480634
2023-02-28,-0.7955087364841101
2023-03-01,-0.7975854362954026
2023-03-02,-0.7970305157379801
2023-03-03,-0.7966348144178494
2023-03-06,-0.7963488919098117
2023-03-07,-0.7961401125246858
2023-03-08,-0.7959861347763985
2023-03-09,-0.7958715294581904
2023-03-10,-0.7957855307176871
2023-03-13,-0.7957205398214429
2023-03-14,-0.795671128673581
2023-03-15,-0.7956333732350162
2023-03-16,-0.7956044043477497
2023-03-17,-0.7955821021093549
2023-03-20,-0.7955648855206483
2023-03-21,-0.7955515658657458
2023-03-22,-0.7955412431601335
2023-03-23,-0.7955332320503102
2023-03-24,-0.7955270081179056
2023-03-27,-0.7955221685139717
2023-03-28,-0.7955184027952399
2023-03-29,-0.7955154711190755
2023-03-30,-0.7955131878113714
2023-03-31,-0.7955114089009312
2023-04-03,-0.7940296426970063
2023-04-04,-0.7942567013211105
2023-04-05,-0.794478848801309
2023-04-06,-0.794672460682922
2023-04-07,-0.7948358508396497
2023-04-10,-0.7949708497438335
2023-04-11,-0.7950807584810172
2023-04-12,-0.7951692982739569
2023-04-13,-0.7952400726482566
2023-04-14,-0.7952963205579517
2023-04-17,-0.795340829751935
2023-04-18,-0.795375934098256
2023-04-19,-0.7954035512048699
2023-04-20,-0.7954252360315802
2023-04-21,-0.7954422375251053
2023-04-24,-0.7954555518352899
2023-04-25,-0.7954659693365888
2023-04-26,-0.7954741146647787
2023-04-27,-0.7954804799926134
2023-04-28,-0.7954854522316047
2023-05-01,-0.7954893350085815
2023-05-02,-0.7966560926608046
2023-05-03,-0.7964041417654627
2023-05-04,-0.7962059311762871
2023-05-05,-0.7960513540800386
2023-05-08,-0.7959308092997451
2023-05-09,-0.7958368003898717
2023-05-10,-0.7957634834501258
2023-05-11,-0.7957063024588086
2023-05-12,-0.7956617051380946
2023-05-15,-0.7956269216073432
2023-05-16,-0.7955997919206427
2023-05-17,-0.7955786316692047
2023-05-18,-0.7955621272303265
2023-05-19,-0.7955492541117265
2023-05-22,-0.7955392132915907
2023-05-23,-0.7955313815834317
2023-05-24,-0.7955252729328322
2023-05-25,-0.795520508236416
2023-05-26,-0.7955167918052692
2023-05-29,-0.7955138930092468
2023-05-30,-0.7955116319612778
2023-05-31,-0.7955098683521888
2023-06-01,-0.7965419942810876
2023-06-02,-0.7962968546203584
2023-06-05,-0.7961131494666687
2023-06-06,-0.7959734182947292
2023-06-07,-0.7958666052456216
2023-06-08,-0.7957846252196588
2023-06-09,-0.7957214970848172
2023-06-12,-0.7956727559656938
2023-06-13,-0.7956350424313309
2023-06-14,-0.7956058116604808
2023-06-15,-0.7955831249339564
2023-06-16,-0.7955654983207754
2023-06-19,-0.795551791619552
2023-06-20,-0.7955411260083011
2023-06-21,-0.795532822430343
2023-06-22,-0.7955263551372622
2023-06-23,-0.7955213164310997
2023-06-26,-0.7955173897606362
2023-06-27,-0.7955143291008563
2023-06-28,-0.7955119430910471
2023-06-29,-0.7955100827978676
2023-06-30,-0.7955086322529855
2023-07-03,-0.7993252378751806
2023-07-04,-0.7985011148211743
2023-07-05,-0.7978477919756773
2023-07-06,-0.7973359098703025
2023-07-07,-0.7969352806439833
2023-07-10,-0.7966219627782003
2023-07-11,-0.7963770721409692
2023-07-12,-0.7961857518725095
2023-07-13,-0.7960363363065635
2023-07-14,-0.7959196792386503
2023-07-17,-0.7958286180733983
2023-07-18,-0.7957575486289327
2023-07-19,-0.7957020890915714
2023-07-20,-0.7956588152314663
2023-07-21,-0.7956250522488438
2023-07-24,-0.7955987114282467
2023-07-25,-0.7955781621295697
2023-07-26,-0.795562131576725
2023-07-27,-0.7955496264712761
2023-07-28,-0.7955398717163598
2023-07-31,-0.7955322625394311
2023-08-01,-0.7956398153130957
2023-08-02,-0.7956113312223229
2023-08-03,-0.7955879404384422
2023-08-04,-0.795569730801961
2023-08-07,-0.7955555541357495
2023-08-08,-0.79554451272595
2023-08-09,-0.7955359104061192
2023-08-10,-0.7955292066728207
2023-08-11,-0.7955239814602301
2023-08-14,-0.7955199080467791
2023-08-15,-0.7955167321557416
2023-08-16,-0.7955142557959042
2023-08-17,-0.795512324743915
2023-08-18,-0.7955108188332684
2023-08-21,-0.7955096444118291
2023-08-22,-0.7955087284782569
2023-08-23,-0.7955080141203165
2023-08-24,-0.7955074569640069
2023-08-25,-0.7955070224082894
2023-08-28,-0.7955066834708606
2023-08-29,-0.7955064191094883
2023-08-30,-0.7955062129136471
2023-08-31,-0.7955060520846009
2023-09-01,-0.7965267483132824
2023-09-04,-0.7962942535222612
2023-09-05,-0.7961163468304037
2023-09-06,-0.7959792813581735
2023-09-07,-0.7958734110236775
2023-09-08,-0.7957914693628999
2023-09-11,-0.7957279444775798
2023-09-12,-0.7956786330355198
2023-09-13,-0.7956403153377113
2023-09-14,-0.7956105161053332
2023-09-15,-0.7955873266962297
2023-09-18,-0.7955692718576909
2023-09-19,-0.7955552091263359
2023-09-20,-0.7955442524033183
2023-09-21,-0.7955357135936233
2023-09-22,-0.7955290578491818
2023-09-25,-0.7955238691252973
2023-09-26,-0.7955198235994787
2023-09-27,-0.7955166691118027
2023-09-28,-0.7955142092342404
2023-09-29,-0.7955122909092234
2023-10-02,-0.7955107948470022
2023-10-03,-0.7960973613223138
2023-10-04,-0.7959569530322811
2023-10-05,-0.7958526383967509
2023-10-06,-0.7957732029230505
2023-10-09,-0.795712413925589
2023-10-10,-0.7956657134207146
2023-10-11,-0.7956297232936429
2023-10-12,-0.7956019170485578
2023-10-13,-0.7955803903465504
2023-10-16,-0.7955636983280099
2023-10-17,-0.7955507387393439
2023-10-18,-0.7955406669116755
2023-10-19,-0.7955328332020105
2023-10-20,-0.7955267364942306
2023-10-23,-0.7955219893323703
2023-10-24,-0.7955182915802859
2023-10-25,-0.7955154103979576
2023-10-26,-0.7955131649410042
2023-10-27,-0.7955114146200314
2023-10-30,-0.7955100500609159
2023-10-31,-0.795508986125672
2023-11-01,-0.7955539444256947
2023-11-02,-0.7955435108232974
2023-11-03,-0.7955350991001366
2023-11-06,-0.7955285357589209
2023-11-07,-0.7955234162081372
2023-11-08,-0.795519422880215
2023-11-09,-0.7955163080376689
2023-11-10,-0.7955138784326647
2023-11-13,-0.7955119833243303
2023-11-14,-0.7955105051302171
2023-11-15,-0.7955093521332607
2023-11-16,-0.795508452792493
2023-11-17,-0.7955077513049649
2023-11-20,-0.7955072041437831
2023-11-21,-0.7955067773576185
2023-11-22,-0.7955064444642272
2023-11-23,-0.7955061848073383
2023-11-24,-0.7955059822749907
2023-11-27,-0.7955058242998169
2023-11-28,-0.7955057010792473
2023-11-29,-0.7955056049672687
2023-11-30,-0.7955055299999848
2023-12-01,-0.7955866961079716
2023-12-04,-0.7955682898958671
2023-12-05,-0.7955543312083146
2023-12-06,-0.7955434772556388
2023-12-07,-0.7955350302472106
2023-12-08,-0.7955284531807658
2023-12-11,-0.7955233301297953
2023-12-12,-0.7955193384478874
2023-12-13,-0.7955162275520866
2023-12-14,-0.7955138026458393
2023-12-15,-0.7955119121884252
2023-12-18,-0.7955104382218925
2023-12-19,-0.7955092888874271
2023-12-20,-0.7955083926254641
2023-12-21,-0.7955076936745112
2023-12-22,-0.7955071485740589
2023-12-25,-0.7955067234452748
2023-12-26,-0.7955063918750677
2023-12-27,-0.795506133268774
2023-12-28,-0.7955059315671535
2023-12-29,-0.7955057742467984
2024-01-01,-0.7955056515411563
2024-01-02,-0.7978260521525196
2024-01-03,-0.7973312068298076
2024-01-04,-0.796934122391913
2024-01-05,-0.7966226922661872
2024-01-08,-0.7963787697280152
2024-01-09,-0.7961878943516196
2024-01-10,-0.7960386353087459
2024-01-11,-0.7959219835936515
2024-01-12,-0.7958308551809149
2024-01-15,-0.7957596896385876
2024-01-16,-0.7957041285002736
2024-01-17,-0.7956607591374867
2024-01-18,-0.7956269117532676
2024-01-19,-0.7956004990606965
2024-01-22,-0.7955798900232748
2024-01-23,-0.7955638106339482
2024-01-24,-0.795551266072029
2024-01-25,-0.7955414797107097
2024-01-26,-0.7955338453753691
2024-01-29,-0.7955278900029638
2024-01-30,-0.795523244454179
2024-01-31,-0.7955196207090505
2024-02-01,-0.7955448837840994
2024-02-02,-0.7955366674104014
2024-02-05,-0.7955300972842136
2024-02-06,-0.7955249713157356
2024-02-07,-0.7955209729913327
2024-02-08,-0.7955178542622376
2024-02-09,-0.7955154216322764
2024-02-12,-0.7955135241684625
2024-02-13,-0.795512044139502
2024-02-14,-0.795510889712841
2024-02-15,-0.7955099892578025
2024-02-16,-0.79550928690169
2024-02-19,-0.7955087390633453
2024-02-20,-0.7955083117491967
2024-02-21,-0.7955079784441011
2024-02-22,-0.795507718466158
2024-02-23,-0.795507515683434
2024-02-26,-0.7955073575129942
2024-02-27,-0.7955072341401345
2024-02-28,-0.7955071379093802
2024-02-29,-0.7955070628494572
2024-03-01,-0.7957403070743257
2024-03-04,-0.7956895588126456
2024-03-05,-0.795649406866198
2024-03-06,-0.7956180725318631
2024-03-07,-0.7955936245285081
2024-03-08,-0.7955745507125038
2024-03-11,-0.7955596704785173
2024-03-12,-0.7955480622818556
2024-03-13,-0.7955390069085989
2024-03-14,-0.7955319431230695
2024-03-15,-0.7955264330101255
2024-03-18,-0.7955221349039636
2024-03-19,-0.7955187822493492
2024-03-20,-0.7955161670992335
2024-03-21,-0.7955141272342935
2024-03-22,-0.7955125361109404
2024-03-25,-0.7955112950175868
2024-03-26,-0.7955103269545946
2024-03-27,-0.7955095718594659
2024-03-28,-0.7955089828817711
2024-03-29,-0.7955085234771624
2024-04-01,-0.7955081651404398
2024-04-02,-0.7934881274461745
2024-04-03,-0.793928092411125
2024-04-04,-0.7942781447062309
2024-04-05,-0.7945500308250254
2024-04-08,-0.7947613652871607
2024-04-09,-0.7949257597350395
2024-04-10,-0.79505371675257
2024-04-11,-0.795153359005067
2024-04-12,-0.7952309802516956
2024-04-15,-0.795291464249713
2024-04-16,-0.7953386049522907
2024-04-17,-0.7953753523155911
2024-04-18,-0.7954040016438675
2024-04-19,-0.7954263398360123
2024-04-22,-0.7954437585839544
2024-04-23,-0.79545734213751
2024-04-24,-0.7954679354394122
2024-04-25,-0.7954761970753917
2024-04-26,-0.7954826404566375
2024-04-29,-0.7954876658700383
2024-04-30,-0.7954915854335584
2024-05-01,-0.7958573595713903
2024-05-02,-0.7957814253403612
2024-05-03,-0.7957208783085417
2024-05-06,-0.795673602715823
2024-05-07,-0.7956367034499114
2024-05-08,-0.795607907270373
2024-05-09,-0.7955854372750908
2024-05-10,-0.7955679052198613
2024-05-13,-0.7955542268977465
2024-05-14,-0.7955435557893095
2024-05-15,-0.7955352310993223
2024-05-16,-0.7955287370971351
2024-05-17,-0.7955236713240272
2024-05-20,-0.7955197197473631
2024-05-21,-0.7955166373518681
2024-05-22,-0.7955142329831892
2024-05-23,-0.7955123575151458
2024-05-24,-0.7955108946136581
2024-05-27,-0.795509753528639
2024-05-28,-0.7955088634692563
2024-05-29,-0.7955081692151674
2024-05-30,-0.7955076276923911
2024-05-31,-0.7955072053019446
2024-06-03,-0.7955986393385522
2024-06-04,-0.7955787425656545
2024-06-05,-0.7955626967983412
2024-06-06,-0.7955501778437691
2024-06-07,-0.7955404133791576
2024-06-10,-0.795532797310359
2024-06-11,-0.7955268569084559
2024-06-12,-0.7955222234764064
2024-06-13,-0.7955186094499233
2024-06-14,-0.7955157905407475
2024-06-17,-0.795513591811322
2024-06-18,-0.7955118768148232
2024-06-19,-0.7955105391254798
2024-06-20,-0.7955094957328858
2024-06-21,-0.7955086818899733
2024-06-24,-0.7955080470946807
2024-06-25,-0.795507551955807
2024-06-26,-0.7955071657484709
2024-06-27,-0.7955068645074265
2024-06-28,-0.7955066295398848
2024-07-01,-0.7955064462655382
2024-07-02,-0.7973900699196281
2024-07-03,-0.7969820217596832
2024-07-04,-0.7966534997990752
2024-07-05,-0.7963988049852436
2024-07-08,-0.7962011620063156
2024-07-09,-0.7960476299662985
2024-07-10,-0.7959282623581901
2024-07-11,-0.7958353934263676
2024-07-12,-0.7957631013587433
2024-07-15,-0.7957068026819674
2024-07-16,-0.7956629441836218
2024-07-17,-0.795628767811537
2024-07-18,-0.7956021305331689
2024-07-19,-0.7955813658315373
2024-07-22,-0.7955651769093791
2024-07-23,-0.7955525541493577
2024-07-24,-0.7955427111999169
2024-07-25,-0.7955350354081674
2024-07-26,-0.7955290493323912
2024-07-29,-0.7955243808286024
2024-07-30,-0.795520739783253
2024-07-31,-0.7955179000044995
2024-08-01,-0.795357602017806
2024-08-02,-0.7953897194877873
2024-08-05,-0.7954156679216564
2024-08-06,-0.7954359147476584
2024-08-07,-0.7954517076463294
2024-08-08,-0.7954640263025304
2024-08-09,-0.7954736349699755
2024-08-12,-0.7954811297987465
2024-08-13,-0.7954869758050346
2024-08-14,-0.7954915357129466
2024-08-15,-0.7954950924541683
2024-08-16,-0.7954978667195293
2024-08-19,-0.7955000306503284
2024-08-20,-0.7955017185182337
2024-08-21,-0.795503035056002
2024-08-22,-0.7955040619556812
2024-08-23,-0.795504862937357
2024-08-26,-0.7955054877028569
2024-08-27,-0.7955059750196938
2024-08-28,-0.795506355126574
2024-08-29,-0.7955066516097097
2024-08-30,-0.7955068828663552
2024-09-02,-0.7955070632463699
2024-09-03,-0.7957472038957587
2024-09-04,-0.7956940775595379
2024-09-05,-0.7956529031253552
2024-09-06,-0.7956208549181647
2024-09-09,-0.7955958979922717
2024-09-10,-0.7955764563684238
2024-09-11,-0.7955613069956491
2024-09-12,-0.7955494996780508
2024-09-13,-0.7955402955691647
2024-09-16,-0.7955331197740101
2024-09-17,-0.7955275247304984
2024-09-18,-0.7955231618615162
2024-09-19,-0.7955197595943609
2024-09-20,-0.7955171062956123
2024-09-23,-0.7955150370088875
2024-09-24,-0.7955134231398634
2024-09-25,-0.7955121644285994
2024-09-26,-0.7955111826989121
2024-09-27,-0.7955104169895629
2024-09-30,-0.7955098197606453
2024-10-01,-0.7940236624736388
2024-10-02,-0.7943477380192904
2024-10-03,-0.7946026629201719
2024-10-04,-0.7948015890829255
2024-10-07,-0.7949567925157084
2024-10-08,-0.7950778752201519
2024-10-09,-0.7951723339275373
2024-10-10,-0.7952460201519014
2024-10-11,-0.7953035004344199
2024-10-14,-0.7953483380603023
2024-10-15,-0.7953833132082926
2024-10-16,-0.7954105949023256
2024-10-17,-0.7954318752699533
2024-10-18,-0.7954484743434987
2024-10-21,-0.795461421851837
2024-10-22,-0.7954715210457712
2024-10-23,-0.7954793984983841
2024-10-24,-0.7954855429592103
2024-10-25,-0.7954903356664337
2024-10-28,-0.7954940739939744
2024-10-29,-0.7954969898983645
2024-10-30,-0.7954992643086131
2024-10-31,-0.7955010383510782
2024-11-01,-0.7949644269387213
2024-11-04,-0.7950819115439837
2024-11-05,-0.7951729073919874
2024-11-06,-0.7952449156030337
2024-11-07,-0.7953017182702438
2024-11-08,-0.7953464108241926
2024-11-11,-0.7953815058121133
2024-11-12,-0.7954090225911259
2024-11-13,-0.795430572411788
2024-11-14,-0.7954474340013008
2024-11-15,-0.7954606181018494
2024-11-18,-0.7954709211955576
2024-11-19,-0.7954789694637876
2024-11-20,-0.7954852543222796
2024-11-21,-0.7954901608959131
2024-11-22,-0.7954939906891845
2024-11-25,-0.795496979548865
2024-11-26,-0.7954993118448919
2024-11-27,-0.7955011316348404
2024-11-28,-0.7955025514350706
2024-11-29,-0.7955036591004534
2024-12-02,-0.7955045232138022
2024-12-03,-0.7957126800673453
2024-12-04,-0.7956679261566949
2024-12-05,-0.7956326742954706
2024-12-06,-0.7956051730241551
2024-12-09,-0.7955837205934573
2024-12-10,-0.795566986838442
2024-12-11,-0.7955539339909719
2024-12-12,-0.7955437524574006
2024-12-13,-0.7955358106732683
2024-12-16,-0.795529615968975
2024-12-17,-0.7955247840323655
2024-12-18,-0.7955210150818822
2024-12-19,-0.7955180752769846
2024-12-20,-0.7955157822154535
2024-12-23,-0.7955139936195833
2024-12-24,-0.7955125985103765
2024-12-25,-0.7955115103227836
2024-12-26,-0.7955106615352147
2024-12-27,-0.7955099994803249
2024-12-30,-0.795509483077288
2024-12-31,-0.7955090802828888
2025-01-01,-0.7964663269935075
2025-01-02,-0.7962539087548955
2025-01-03,-0.7960822612138164
2025-01-06,-0.7959513456886462
2025-01-07,-0.795851101814433
2025-01-08,-0.7957740577765597
2025-01-09,-0.795714664602727
2025-01-10,-0.7956687663595977
2025-01-13,-0.7956332272683093
2025-01-14,-0.7956056663191285
2025-01-15,-0.7955842660472001
2025-01-16,-0.795567633111463
2025-01-17,-0.7955546955333325
2025-01-20,-0.7955446262165946
2025-01-21,-0.7955367855429146
2025-01-22,-0.7955306779723349
2025-01-23,-0.7955259190322186
2025-01-24,-0.7955222100816312
2025-01-27,-0.7955193189404449
2025-01-28,-0.7955170649707664
2025-01-29,-0.7955153075566671
2025-01-30,-0.7955139371891603
2025-01-31,-0.7955128685555922
2025-02-03,-0.7955669302448163
2025-02-04,-0.7955545158120347
2025-02-05,-0.7955445304542027
2025-02-06,-0.7955367399645752
2025-02-07,-0.795530663540856
2025-02-10,-0.7955259240374731
2025-02-11,-0.7955222272910736
2025-02-12,-0.7955193438699497
2025-02-13,-0.7955170948270515
2025-02-14,-0.7955153405896124
2025-02-17,-0.7955139722945147
2025-02-18,-0.7955129050307644
2025-02-19,-0.7955120725691653
2025-02-20,-0.7955114232517974
2025-02-21,-0.795510916786012
2025-02-24,-0.7955105217438737
2025-02-25,-0.7955102136118005
2025-02-26,-0.7955099732693293
2025-02-27,-0.7955097858025824
2025-02-28,-0.7955096395787897
2025-03-03,-0.7943514421060475
2025-03-04,-0.794600583146263
2025-03-05,-0.7947957928075917
2025-03-06,-0.7949498979885683
2025-03-07,-0.7950712238024368
2025-03-10,-0.7951665388383617
2025-03-11,-0.7952412974666916
2025-03-12,-0.7952998597569649
2025-03-13,-0.7953456904729523
2025-03-14,-0.7953815308360905
2025-03-17,-0.7954095424639691
2025-03-18,-0.7954314256546222
2025-03-19,-0.7954485152829701
2025-03-20,-0.7954618578004542
2025-03-21,-0.7954722726283129
2025-03-24,-0.7954804008532284
2025-03-25,-0.7954867437008954
2025-03-26,-0.7954916928435554
2025-03-27,-0.795495554221001
2025-03-28,-0.7954985667310339
2025-03-31,-0.7955009168749236
2025-04-01,-0.7912166746853759
2025-04-02,-0.7921642171368418
2025-04-03,-0.7929087129441026
2025-04-04,-0.7934859406762291
2025-04-07,-0.7939340287777882
2025-04-08,-0.7942822364489481
2025-04-09,-0.794553050187129
2025-04-10,-0.7947638068821186
2025-04-11,-0.7949279069927591
2025-04-14,-0.7950557289017675
2025-04-15,-0.7951553229492171
2025-04-16,-0.795232941242872
2025-04-17,-0.7952934439500515
2025-04-18,-0.7953406119981817
2025-04-21,-0.7953773884346098
2025-04-22,-0.7954060651440346
2025-04-23,-0.7954284275520861
2025-04-24,-0.7954458669260146
2025-04-25,-0.7954594676242216
2025-04-28,-0.7954700749412911
2025-04-29,-0.7954783478997272
2025-04-30,-0.7954848003500622
2025-05-01,-0.7941612536055619
2025-05-02,-0.7944520390607513
2025-05-05,-0.7946801590957617
2025-05-06,-0.7948597124860665
2025-05-07,-0.7950007486801183
2025-05-08,-0.7951113527045693
2025-05-09,-0.795197984784067
2025-05-12,-0.79526577666812
2025-05-13,-0.7953187871409279
2025-05-14,-0.795360215936225
2025-05-15,-0.795392579365445
2025-05-16,-0.7954178525903906
2025-05-19,-0.7954375837836695
2025-05-20,-0.7954529851008855
2025-05-21,-0.7954650048055142
2025-05-22,-0.7954743842332738
2025-05-23,-0.795481702653137
2025-05-26,-0.7954874125191777
2025-05-27,-0.7954918671250525
2025-05-28,-0.7954953422705039
2025-05-29,-0.7954980532195727
2025-05-30,-0.795500167963465
2025-06-02,-0.7955018175871442
2025-06-03,-0.7956600680016879
2025-06-04,-0.795626313730886
2025-06-05,-0.7956001425574734
2025-06-06,-0.7955797573465008
2025-06-09,-0.7955638736336395
2025-06-10,-0.7955514945370532
2025-06-11,-0.7955418450533617
2025-06-12,-0.7955343222390137
2025-06-13,-0.7955284567477402
2025-06-16,-0.7955238830678453
2025-06-17,-0.7955203164524124
2025-06-18,-0.7955175350133009
2025-06-19,-0.7955153658083312
2025-06-20,-0.7955136740221043
2025-06-23,-0.7955123545470157
2025-06-24,-0.7955113254286124
2025-06-25,-0.7955105227603738
2025-06-26,-0.7955098967061517
2025-06-27,-0.7955094084004146
2025-06-30,-0.7955090275321118
2025-07-01,-0.7973459313646963
2025-07-02,-0.7969502059129735
2025-07-03,-0.7966314100341433
2025-07-04,-0.7963833758166976
2025-07-07,-0.7961903489099486
2025-07-08,-0.7960400605872269
2025-07-09,-0.7959230038788929
2025-07-10,-0.7958318030757222
2025-07-11,-0.7957607299115974
2025-07-14,-0.7957053317153698
2025-07-15,-0.7956621449007879
2025-07-16,-0.7956284737169989
2025-07-17,-0.7956022190681236
2025-07-18,-0.7955817458592189
2025-07-21,-0.7955657800622735
2025-07-22,-0.795553328758119
2025-07-23,-0.7955436179721811
2025-07-24,-0.7955360443108854
2025-07-25,-0.7955301373142701
2025-07-28,-0.7955255301376262
2025-07-29,-0.7955219367116328
2025-07-30,-0.7955191339446357
2025-07-31,-0.7955169478510113
2025-08-01,-0.7955152427377579
2025-08-04,-0.7955139127739664
2025-08-05,-0.7955128754174151
2025-08-06,-0.7955120662887668
2025-08-07,-0.7955114351743419
2025-08-08,-0.7955109429088205
2025-08-11,-0.7955105589440834
2025-08-12,-0.7955102594531076
2025-08-13,-0.7955100258511316
2025-08-14,-0.7955098436422371
2025-08-15,-0.7955097015197294
2025-08-18,-0.7955095906644643
2025-08-19,-0.7955095041975566
2025-08-20,-0.7955094367535072
2025-08-21,-0.7955093841472468
2025-08-22,-0.7955093431144341
2025-08-25,-0.7955093111088914
2025-08-26,-0.7955092861446058
2025-08-27,-0.7955092666724906
2025-08-28,-0.7955092514842619
2025-08-29,-0.7955092396374591
2025-09-01,-0.7955092303969651
2025-09-02,-0.795509223189389
2025-09-03,-0.7955092175674866
2025-09-04,-0.7955092131824082
2025-09-05,-0.7955092097620512
2025-09-08,-0.7955092070941762
2025-09-09,-0.7955092050132359
2025-09-10,-0.7955092033901047
2025-09-11,-0.7955092021240635
2025-09-12,-0.7955092011365529
2025-09-15,-0.7955092003662952
2025-09-16,-0.7955091997654951
2025-09-17,-0.7955091992968715
2025-09-18,-0.7955091989313456
2025-09-19,-0.7955091986462357
2025-09-22,-0.7955091984238504
2025-09-23,-0.7955091982503899
2025-09-24,-0.7955091981150908
2025-09-25,-0.7955091980095577
2025-09-26,-0.7955091979272421
2025-09-29,-0.7955091978630358
2025-09-30,-0.7955091978129553
2025-10-01,-0.7949718450394534
2025-10-02,-0.7950885792703936
2025-10-03,-0.7951812794712523
2025-10-06,-0.7952535072224305
2025-10-07,-0.7953097894266565
2025-10-08,-0.7953536557920016
2025-10-09,-0.7953878510330041
2025-10-10,-0.7954145108373486
2025-10-13,-0.7954352978890736
2025-10-14,-0.7954515071662773
2025-10-15,-0.7954641475875723
2025-10-16,-0.7954740054015353
2025-10-17,-0.7954816934514825
2025-10-20,-0.7954876894932564
2025-10-21,-0.7954923660170179
2025-10-22,-0.7954960134680711
2025-10-23,-0.7954988583346836
2025-10-24,-0.7955010772417256
2025-10-27,-0.7955028079346758
2025-10-28,-0.7955041578416437
2025-10-29,-0.7955052107484045
2025-10-30,-0.7955060320028867
2025-10-31,-0.7955066725734345
