Date,Value
1990-02-01,8.351
1990-02-02,8.424
1990-02-05,8.431
1990-02-07,8.399
1990-02-08,8.399
1990-02-09,8.231
1990-02-12,8.303
1990-02-13,8.208
1990-02-14,8.273
1990-02-15,8.333
1990-02-16,8.326
1990-02-20,8.531
1990-02-21,8.531
1990-02-22,8.458
1990-02-23,8.452
1990-02-26,8.391
1990-02-27,8.355
1990-02-28,8.452
1990-03-02,8.518
1990-03-05,8.598
1990-03-06,8.598
1990-03-07,8.555
1990-03-08,8.586
1990-03-09,8.697
1990-03-12,8.697
1990-03-13,8.697
1990-03-14,8.753
1990-03-15,8.667
1990-03-16,8.698
1990-03-20,8.636
1990-03-21,8.686
1990-03-22,8.58
1990-03-23,8.605
1990-03-26,8.581
1990-03-27,8.606
1990-03-28,8.568
1990-03-29,8.668
1990-04-02,8.656
1990-04-03,8.657
1990-04-05,8.594
1990-04-09,8.601
1990-04-10,8.607
1990-04-11,8.62
1990-04-12,8.607
1990-04-17,8.723
1990-04-18,8.723
1990-04-19,8.845
1990-04-20,8.852
1990-04-23,8.924
1990-04-25,9.002
1990-04-26,9.093
1990-04-27,9.095
1990-05-01,9.09
1990-05-02,9.084
1990-05-03,9.013
1990-05-07,8.799
1990-05-08,8.74
1990-05-09,8.782
1990-05-10,8.746
1990-05-11,8.613
1990-05-14,8.565
1990-05-15,8.601
1990-05-16,8.613
1990-05-17,8.637
1990-05-18,8.697
1990-05-21,8.672
1990-05-22,8.611
1990-05-23,8.563
1990-05-24,8.575
1990-05-25,8.61
1990-05-29,8.586
1990-05-30,8.549
1990-05-31,8.593
1990-06-01,8.54
1990-06-04,8.534
1990-06-05,8.543
1990-06-06,8.547
1990-06-07,8.541
1990-06-08,8.544
1990-06-11,8.55
1990-06-12,8.412
1990-06-13,8.295
1990-06-14,8.276
1990-06-15,8.361
1990-06-18,8.41
1990-06-19,8.428
1990-06-20,8.452
1990-06-21,8.458
1990-06-22,8.402
1990-06-25,8.494
1990-06-26,8.457
1990-06-27,8.413
1990-06-28,8.351
1990-06-29,8.307
1990-07-02,8.288
1990-07-03,8.256
1990-07-05,8.287
1990-07-06,8.398
1990-07-09,8.454
1990-07-10,8.46
1990-07-11,8.454
1990-07-12,8.453
1990-07-14,8.226
1990-07-16,8.233
1990-07-17,8.213
1990-07-18,8.226
1990-07-19,8.206
1990-07-20,8.174
1990-07-23,8.186
1990-07-24,8.236
1990-07-25,8.204
1990-07-26,8.229
1990-07-27,8.133
1990-07-30,8.044
1990-07-31,7.993
1990-08-01,7.948
1990-08-02,8.011
1990-08-03,7.984
1990-08-06,8.066
1990-08-14,8.09
1990-08-15,8.095
1990-08-16,8.258
1990-08-17,8.246
1990-08-20,8.306
1990-08-21,8.324
1990-08-22,8.409
1990-08-23,8.422
1990-08-24,8.459
1990-08-27,8.337
1990-08-28,8.398
1990-08-30,8.289
1990-08-31,8.259
1990-09-04,8.265
1990-09-05,8.21
1990-09-06,8.21
1990-09-07,8.179
1990-09-10,8.235
1990-09-11,8.21
1990-09-12,8.198
1990-09-13,8.186
1990-09-14,8.198
1990-09-17,8.211
1990-09-18,8.198
1990-09-19,8.223
1990-09-20,8.229
1990-09-21,8.279
1990-09-24,8.36
1990-09-25,8.367
1990-09-26,8.354
1990-09-27,8.23
1990-09-28,8.156
1990-10-01,8.118
1990-10-02,8.068
1990-10-03,8.062
1990-10-04,7.975
1990-10-05,7.969
1990-10-09,8.087
1990-10-10,8.181
1990-10-11,8.188
1990-10-12,8.106
1990-10-15,8.087
1990-10-16,8.075
1990-10-17,8.094
1990-10-18,8.094
1990-10-19,8.094
1990-10-22,8.094
1990-10-23,8.094
1990-10-24,7.967
1990-10-25,7.942
1990-10-26,7.942
1990-10-29,7.973
1990-10-30,7.973
1990-10-31,7.91
1990-11-01,7.834
1990-11-02,7.846
1990-11-05,7.788
1990-11-08,7.815
1990-11-09,7.756
1990-11-13,7.714
1990-11-14,7.709
1990-11-15,7.726
1990-11-16,7.696
1990-11-19,7.737
1990-11-20,7.725
1990-11-23,7.635
1990-11-26,7.641
1990-11-27,7.658
1990-11-28,7.712
1990-11-29,7.736
1990-11-30,7.669
1990-12-03,7.645
1990-12-04,7.573
1990-12-05,7.573
1990-12-06,7.59
1990-12-07,7.427
1990-12-10,7.373
1990-12-11,7.342
1990-12-12,7.318
1990-12-13,7.402
1990-12-14,7.455
1990-12-17,7.418
1990-12-18,7.261
1990-12-19,7.357
1990-12-20,7.393
1990-12-21,7.44
1990-12-24,7.519
1990-12-26,7.451
1990-12-31,7.37
1991-01-02,7.272
1991-01-03,7.259
1991-01-07,7.404
1991-01-08,7.367
1991-01-09,7.416
1991-01-10,7.336
1991-01-13,7.365
1991-01-15,7.395
1991-01-16,7.42
1991-01-17,7.376
1991-01-18,7.356
1991-01-23,7.312
1991-01-24,7.268
1991-01-25,7.322
1991-01-28,7.341
1991-01-29,7.303
1991-01-30,7.29
1991-01-31,7.246
1991-02-01,7.038
1991-02-04,7.0
1991-02-05,6.98
1991-02-06,6.986
1991-02-07,7.016
1991-02-08,6.992
1991-02-11,6.975
1991-02-12,6.963
1991-02-13,6.969
1991-02-14,6.981
1991-02-15,7.022
1991-02-19,7.075
1991-02-20,7.075
1991-02-21,7.093
1991-02-22,7.2
1991-02-25,7.182
1991-02-26,7.236
1991-02-27,7.236
1991-02-28,7.321
1991-03-01,7.412
1991-03-04,7.4
1991-03-05,7.328
1991-03-06,7.377
1991-03-07,7.323
1991-03-08,7.329
1991-03-11,7.269
1991-03-12,7.312
1991-03-13,7.191
1991-03-14,7.185
1991-03-15,7.228
1991-03-19,7.467
1991-03-20,7.412
1991-03-21,7.363
1991-03-22,7.352
1991-03-25,7.371
1991-03-26,7.371
1991-03-27,7.31
1991-03-28,7.286
1991-03-29,7.287
1991-04-01,7.269
1991-04-02,7.207
1991-04-03,7.226
1991-04-04,7.202
1991-04-05,7.159
1991-04-08,7.165
1991-04-09,7.203
1991-04-10,7.259
1991-04-11,7.191
1991-04-12,7.117
1991-04-15,7.136
1991-04-16,7.13
1991-04-17,7.13
1991-04-18,7.211
1991-04-19,7.224
1991-04-22,7.231
1991-04-23,7.225
1991-04-24,7.175
1991-04-25,7.156
1991-04-26,7.145
1991-04-29,7.145
1991-04-30,7.07
1991-05-01,7.076
1991-05-02,7.032
1991-05-03,7.089
1991-05-06,7.09
1991-05-07,7.09
1991-05-08,7.123
1991-05-09,7.123
1991-05-10,7.165
1991-05-13,7.118
1991-05-14,7.118
1991-05-15,7.117
1991-05-16,7.129
1991-05-17,7.141
1991-05-20,7.153
1991-05-21,7.129
1991-05-22,7.1
1991-05-23,7.082
1991-05-24,7.076
1991-05-27,7.07
1991-05-28,7.064
1991-05-29,7.055
1991-05-30,7.004
1991-05-31,7.087
1991-06-03,7.159
1991-06-04,7.183
1991-06-05,7.243
1991-06-06,7.292
1991-06-07,7.407
1991-06-10,7.413
1991-06-11,7.414
1991-06-12,7.466
1991-06-13,7.433
1991-06-14,7.391
1991-06-17,7.409
1991-06-18,7.409
1991-06-19,7.355
1991-06-20,7.312
1991-06-21,7.362
1991-06-24,7.399
1991-06-25,7.411
1991-06-26,7.412
1991-06-27,7.369
1991-06-28,7.271
1991-07-01,7.339
1991-07-02,7.352
1991-07-03,7.352
1991-07-04,7.365
1991-07-05,7.44
1991-07-08,7.39
1991-07-09,7.409
1991-07-10,7.378
1991-07-11,7.341
1991-07-12,7.305
1991-07-15,7.292
1991-07-16,7.268
1991-07-17,7.318
1991-07-18,7.306
1991-07-19,7.294
1991-07-22,7.294
1991-07-23,7.332
1991-07-24,7.257
1991-07-25,7.226
1991-07-26,7.22
1991-07-29,7.195
1991-07-30,7.182
1991-07-31,7.088
1991-08-01,7.107
1991-08-02,6.981
1991-08-05,6.969
1991-08-06,6.92
1991-08-07,6.91
1991-08-08,6.898
1991-08-09,6.863
1991-08-12,6.84
1991-08-13,6.825
1991-08-14,6.741
1991-08-15,6.711
1991-08-16,6.676
1991-08-19,6.617
1991-08-20,6.558
1991-08-21,6.622
1991-08-22,6.639
1991-08-23,6.768
1991-08-26,6.791
1991-08-27,6.732
1991-08-28,6.626
1991-08-29,6.579
1991-08-30,6.66
1991-09-02,6.654
1991-09-03,6.636
1991-09-04,6.647
1991-09-05,6.659
1991-09-06,6.575
1991-09-09,6.548
1991-09-10,6.539
1991-09-11,6.539
1991-09-12,6.444
1991-09-13,6.466
1991-09-16,6.466
1991-09-17,6.45
1991-09-18,6.453
1991-09-19,6.429
1991-09-20,6.398
1991-09-21,6.332
1991-09-23,6.361
1991-09-24,6.373
1991-09-25,6.378
1991-09-26,6.294
1991-09-27,6.248
1991-09-30,6.221
1991-10-01,6.22
1991-10-02,6.243
1991-10-03,6.207
1991-10-04,6.145
1991-10-07,6.156
1991-10-08,6.141
1991-10-09,6.197
1991-10-10,6.238
1991-10-11,6.155
1991-10-14,6.151
1991-10-15,6.103
1991-10-16,6.114
1991-10-17,6.186
1991-10-18,6.16
1991-10-21,6.232
1991-10-22,6.256
1991-10-23,6.255
1991-10-24,6.181
1991-10-25,6.204
1991-10-28,6.173
1991-10-29,6.069
1991-10-30,6.016
1991-10-31,5.97
1991-11-01,5.931
1991-11-04,5.93
1991-11-06,5.965
1991-11-07,5.954
1991-11-08,5.954
1991-11-11,5.977
1991-11-12,5.963
1991-11-13,5.988
1991-11-14,5.931
1991-11-15,5.861
1991-11-18,5.873
1991-11-19,5.815
1991-11-20,5.838
1991-11-21,5.814
1991-11-22,5.814
1991-11-25,5.86
1991-11-26,5.802
1991-11-27,5.789
1991-11-28,5.795
1991-11-29,5.731
1991-12-02,5.684
1991-12-03,5.631
1991-12-04,5.567
1991-12-05,5.579
1991-12-06,5.545
1991-12-09,5.426
1991-12-10,5.437
1991-12-11,5.405
1991-12-12,5.401
1991-12-13,5.411
1991-12-16,5.393
1991-12-17,5.34
1991-12-18,5.415
1991-12-19,5.351
1991-12-20,5.151
1991-12-23,5.127
1991-12-24,5.137
1991-12-26,5.125
1991-12-27,5.108
1991-12-30,5.04
1991-12-31,5.038
1992-01-02,5.061
1992-01-03,5.117
1992-01-06,5.057
1992-01-07,4.983
1992-01-08,4.95
1992-01-09,4.976
1992-01-10,5.146
1992-01-13,5.264
1992-01-14,5.347
1992-01-15,5.403
1992-01-16,5.429
1992-01-17,5.361
1992-01-20,5.354
1992-01-21,5.271
1992-01-22,5.318
1992-01-23,5.431
1992-01-24,5.557
1992-01-27,5.568
1992-01-28,5.495
1992-01-29,5.568
1992-01-30,5.628
1992-01-31,5.566
1992-02-03,5.614
1992-02-04,5.553
1992-02-05,5.467
1992-02-06,5.454
1992-02-07,5.361
1992-02-10,5.373
1992-02-11,5.51
1992-02-12,5.563
1992-02-13,5.719
1992-02-14,5.777
1992-02-17,5.774
1992-02-18,5.765
1992-02-19,5.766
1992-02-20,5.777
1992-02-21,5.813
1992-02-24,5.953
1992-02-25,5.907
1992-02-26,5.822
1992-02-27,5.808
1992-02-28,5.726
1992-03-02,5.855
1992-03-03,5.908
1992-03-04,5.921
1992-03-05,6.075
1992-03-06,6.028
1992-03-09,5.964
1992-03-10,6.005
1992-03-11,6.041
1992-03-12,6.185
1992-03-13,6.343
1992-03-16,6.332
1992-03-17,6.278
1992-03-18,6.285
1992-03-19,6.249
1992-03-20,6.324
1992-03-23,6.309
1992-03-24,6.207
1992-03-25,6.18
1992-03-26,6.181
1992-03-27,6.146
1992-03-30,6.122
1992-03-31,6.098
1992-04-01,6.002
1992-04-02,5.996
1992-04-03,5.858
1992-04-06,5.834
1992-04-07,5.78
1992-04-08,5.786
1992-04-09,5.563
1992-04-10,5.66
1992-04-13,5.606
1992-04-15,5.691
1992-04-16,5.812
1992-04-17,5.825
1992-04-20,5.911
1992-04-21,5.912
1992-04-22,5.918
1992-04-23,5.906
1992-04-24,5.852
1992-04-27,5.939
1992-04-28,5.89
1992-04-29,5.915
1992-04-30,5.921
1992-05-01,5.842
1992-05-04,5.817
1992-05-06,5.875
1992-05-07,5.863
1992-05-08,5.884
1992-05-11,5.823
1992-05-12,5.772
1992-05-13,5.726
1992-05-14,5.726
1992-05-15,5.702
1992-05-18,5.679
1992-05-19,5.507
1992-05-20,5.667
1992-05-21,5.84
1992-05-22,5.799
1992-05-25,5.799
1992-05-26,5.816
1992-05-27,5.819
1992-05-28,5.752
1992-05-29,5.687
1992-06-01,5.798
1992-06-02,5.736
1992-06-03,5.733
1992-06-04,5.71
1992-06-05,5.668
1992-06-08,5.642
1992-06-09,5.65
1992-06-10,5.638
1992-06-11,5.603
1992-06-12,5.55
1992-06-15,5.543
1992-06-16,5.493
1992-06-17,5.478
1992-06-18,5.437
1992-06-19,5.494
1992-06-22,5.488
1992-06-23,5.494
1992-06-24,5.408
1992-06-25,5.34
1992-06-26,5.356
1992-06-29,5.303
1992-06-30,5.308
1992-07-01,5.302
1992-07-02,5.053
1992-07-03,5.069
1992-07-06,4.976
1992-07-07,4.864
1992-07-08,4.886
1992-07-09,4.856
1992-07-10,4.859
1992-07-13,4.87
1992-07-14,4.799
1992-07-15,4.693
1992-07-16,4.691
1992-07-17,4.735
1992-07-20,4.74
1992-07-21,4.748
1992-07-22,4.709
1992-07-23,4.602
1992-07-24,4.657
1992-07-27,4.68
1992-07-28,4.655
1992-07-29,4.678
1992-07-30,4.748
1992-07-31,4.852
1992-08-03,4.851
1992-08-04,4.748
1992-08-05,4.694
1992-08-06,4.705
1992-08-07,4.576
1992-08-10,4.545
1992-08-12,4.716
1992-08-13,4.738
1992-08-14,4.648
1992-08-17,4.631
1992-08-18,4.546
1992-08-19,4.532
1992-08-20,4.534
1992-08-21,4.613
1992-08-24,4.796
1992-08-25,4.842
1992-08-26,4.762
1992-08-27,4.699
1992-08-28,4.693
1992-08-31,4.647
1992-09-01,4.59
1992-09-02,4.567
1992-09-03,4.561
1992-09-04,4.349
1992-09-07,4.309
1992-09-08,4.269
1992-09-09,4.314
1992-09-10,4.311
1992-09-11,4.342
1992-09-14,4.29
1992-09-15,4.37
1992-09-16,4.243
1992-09-17,4.341
1992-09-18,4.334
1992-09-21,4.392
1992-09-22,4.438
1992-09-23,4.461
1992-09-24,4.368
1992-09-25,4.251
1992-09-28,4.216
1992-09-29,4.239
1992-09-30,4.262
1992-10-01,4.122
1992-10-02,4.129
1992-10-05,4.097
1992-10-06,4.19
1992-10-07,4.341
1992-10-08,4.256
1992-10-09,4.443
1992-10-12,4.431
1992-10-13,4.316
1992-10-14,4.457
1992-10-15,4.469
1992-10-16,4.48
1992-10-19,4.635
1992-10-21,4.743
1992-10-22,4.743
1992-10-23,4.779
1992-10-26,4.864
1992-10-27,4.779
1992-10-28,4.767
1992-10-29,4.743
1992-10-30,4.853
1992-11-02,4.926
1992-11-03,4.866
1992-11-04,4.884
1992-11-05,4.72
1992-11-06,4.953
1992-11-11,5.08
1992-11-12,5.0
1992-11-13,5.091
1992-11-16,5.102
1992-11-17,5.102
1992-11-18,5.079
1992-11-19,5.062
1992-11-20,5.193
1992-11-23,5.199
1992-11-24,5.125
1992-11-25,5.222
1992-11-26,5.216
1992-11-27,5.355
1992-11-30,5.344
1992-12-01,5.338
1992-12-02,5.33
1992-12-03,5.228
1992-12-04,5.228
1992-12-07,5.159
1992-12-08,5.101
1992-12-09,5.124
1992-12-10,5.135
1992-12-11,5.252
1992-12-14,5.287
1992-12-15,5.235
1992-12-16,5.158
1992-12-17,5.141
1992-12-18,5.147
1992-12-21,5.135
1992-12-22,5.064
1992-12-23,5.076
1992-12-24,5.07
1992-12-25,5.07
1992-12-28,5.123
1992-12-29,5.07
1992-12-30,5.005
1992-12-31,4.933
1993-01-04,4.933
1993-01-05,4.942
1993-01-06,4.933
1993-01-07,5.087
1993-01-08,4.967
1993-01-11,4.914
1993-01-12,4.943
1993-01-13,4.913
1993-01-14,4.818
1993-01-15,4.787
1993-01-18,4.787
1993-01-19,4.828
1993-01-20,4.84
1993-01-21,4.792
1993-01-22,4.731
1993-01-25,4.683
1993-01-26,4.749
1993-01-27,4.694
1993-01-28,4.562
1993-01-29,4.579
1993-02-01,4.59
1993-02-02,4.65
1993-02-03,4.649
1993-02-04,4.571
1993-02-05,4.443
1993-02-08,4.526
1993-02-09,4.586
1993-02-10,4.795
1993-02-11,4.721
1993-02-12,4.687
1993-02-16,4.614
1993-02-17,4.523
1993-02-18,4.394
1993-02-19,4.427
1993-02-22,4.404
1993-02-23,4.286
1993-02-24,4.375
1993-02-25,4.386
1993-02-26,4.335
1993-03-01,4.295
1993-03-02,4.278
1993-03-03,4.215
1993-03-04,4.164
1993-03-05,4.214
1993-03-08,4.338
1993-03-09,4.406
1993-03-10,4.44
1993-03-11,4.432
1993-03-12,4.532
1993-03-15,4.56
1993-03-16,4.459
1993-03-17,4.393
1993-03-18,4.246
1993-03-19,4.346
1993-03-22,4.308
1993-03-23,4.259
1993-03-24,4.305
1993-03-25,4.333
1993-03-26,4.443
1993-03-29,4.37
1993-03-30,4.314
1993-03-31,4.358
1993-04-01,4.354
1993-04-02,4.394
1993-04-05,4.371
1993-04-06,4.327
1993-04-07,4.324
1993-04-08,4.23
1993-04-09,4.235
1993-04-12,4.199
1993-04-13,4.187
1993-04-14,4.163
1993-04-15,4.151
1993-04-16,4.173
1993-04-19,4.161
1993-04-20,4.161
1993-04-21,4.142
1993-04-22,4.121
1993-04-23,4.135
1993-04-26,4.158
1993-04-27,4.205
1993-04-28,4.237
1993-04-29,4.168
1993-04-30,4.179
1993-05-03,4.122
1993-05-04,4.125
1993-05-05,4.16
1993-05-06,4.142
1993-05-07,4.092
1993-05-10,4.128
1993-05-11,4.127
1993-05-12,4.273
1993-05-13,4.346
1993-05-14,4.396
1993-05-17,4.447
1993-05-18,4.47
1993-05-19,4.419
1993-05-20,4.442
1993-05-21,4.522
1993-05-24,4.585
1993-05-25,4.574
1993-05-26,4.517
1993-05-27,4.591
1993-05-28,4.604
1993-06-01,4.518
1993-06-02,4.501
1993-06-03,4.495
1993-06-04,4.658
1993-06-07,4.638
1993-06-08,4.664
1993-06-09,4.644
1993-06-10,4.641
1993-06-11,4.503
1993-06-14,4.492
1993-06-15,4.434
1993-06-16,4.428
1993-06-17,4.422
1993-06-18,4.487
1993-06-21,4.365
1993-06-22,4.446
1993-06-23,4.482
1993-06-24,4.447
1993-06-25,4.394
1993-06-28,4.359
1993-06-29,4.33
1993-06-30,4.336
1993-07-01,4.307
1993-07-02,4.24
1993-07-06,4.319
1993-07-07,4.319
1993-07-08,4.275
1993-07-09,4.281
1993-07-12,4.272
1993-07-13,4.31
1993-07-14,4.26
1993-07-15,4.278
1993-07-16,4.284
1993-07-19,4.278
1993-07-20,4.355
1993-07-21,4.427
1993-07-22,4.514
1993-07-23,4.53
1993-07-26,4.5
1993-07-27,4.509
1993-07-28,4.488
1993-07-29,4.383
1993-07-30,4.417
1993-08-02,4.477
1993-08-03,4.441
1993-08-04,4.453
1993-08-05,4.345
1993-08-06,4.381
1993-08-09,4.354
1993-08-10,4.369
1993-08-11,4.465
1993-08-12,4.42
1993-08-13,4.364
1993-08-16,4.35
1993-08-17,4.375
1993-08-18,4.333
1993-08-19,4.268
1993-08-20,4.284
1993-08-23,4.284
1993-08-24,4.222
1993-08-25,4.177
1993-08-26,4.137
1993-08-27,4.193
1993-08-30,4.159
1993-08-31,4.176
1993-09-01,4.181
1993-09-02,4.136
1993-09-03,4.01
1993-09-07,3.987
1993-09-08,4.043
1993-09-09,4.123
1993-09-10,4.088
1993-09-13,4.099
1993-09-14,4.19
1993-09-15,4.13
1993-09-16,4.161
1993-09-17,4.166
1993-09-20,4.2
1993-09-21,4.186
1993-09-22,4.171
1993-09-23,4.2
1993-09-24,4.124
1993-09-27,4.078
1993-09-28,4.071
1993-09-29,4.141
1993-09-30,4.164
1993-10-01,4.128
1993-10-04,4.11
1993-10-05,4.139
1993-10-06,4.069
1993-10-07,4.092
1993-10-08,4.033
1993-10-11,4.038
1993-10-12,4.062
1993-10-13,4.067
1993-10-14,4.043
1993-10-15,4.007
1993-10-18,4.083
1993-10-19,4.071
1993-10-20,4.071
1993-10-21,4.133
1993-10-22,4.182
1993-10-25,4.188
1993-10-26,4.173
1993-10-27,4.241
1993-10-28,4.205
1993-10-29,4.253
1993-11-01,4.373
1993-11-02,4.418
1993-11-03,4.4
1993-11-04,4.421
1993-11-05,4.47
1993-11-08,4.349
1993-11-09,4.367
1993-11-10,4.521
1993-11-12,4.652
1993-11-16,4.42
1993-11-17,4.42
1993-11-18,4.476
1993-11-19,4.562
1993-11-22,4.602
1993-11-23,4.683
1993-11-24,4.511
1993-11-26,4.397
1993-11-29,4.477
1993-11-30,4.543
1993-12-01,4.5
1993-12-02,4.534
1993-12-03,4.546
1993-12-06,4.663
1993-12-07,4.489
1993-12-08,4.477
1993-12-09,4.477
1993-12-10,4.524
1993-12-13,4.544
1993-12-14,4.565
1993-12-15,4.53
1993-12-16,4.536
1993-12-17,4.501
1993-12-20,4.548
1993-12-21,4.539
1993-12-22,4.667
1993-12-23,4.467
1993-12-27,4.458
1993-12-28,4.443
1993-12-29,4.467
1993-12-30,4.538
1994-01-03,4.621
1994-01-04,4.585
1994-01-05,4.594
1994-01-06,4.518
1994-01-07,4.367
1994-01-10,4.361
1994-01-11,4.344
1994-01-12,4.314
1994-01-13,4.397
1994-01-14,4.438
1994-01-17,4.456
1994-01-18,4.409
1994-01-19,4.373
1994-01-20,4.334
1994-01-21,4.361
1994-01-24,4.373
1994-01-25,4.391
1994-01-26,4.391
1994-01-27,4.373
1994-01-28,4.349
1994-01-31,4.385
1994-02-01,4.469
1994-02-02,4.445
1994-02-03,4.53
1994-02-04,4.658
1994-02-07,4.714
1994-02-08,4.726
1994-02-09,4.807
1994-02-10,4.841
1994-02-11,4.804
1994-02-14,4.798
1994-02-15,4.784
1994-02-16,4.795
1994-02-17,4.818
1994-02-18,4.923
1994-02-21,4.932
1994-02-22,4.852
1994-02-23,5.013
1994-02-24,5.07
1994-02-25,5.059
1994-02-28,4.967
1994-03-01,5.048
1994-03-02,5.138
1994-03-03,5.2
1994-03-04,5.265
1994-03-07,5.154
1994-03-08,5.313
1994-03-09,5.26
1994-03-10,5.237
1994-03-11,5.309
1994-03-14,5.368
1994-03-15,5.346
1994-03-16,5.288
1994-03-17,5.324
1994-03-18,5.408
1994-03-21,5.48
1994-03-22,5.35
1994-03-23,5.41
1994-03-24,5.458
1994-03-25,5.519
1994-03-28,5.509
1994-03-29,5.582
1994-03-30,5.589
1994-03-31,5.619
1994-04-04,6.025
1994-04-05,5.842
1994-04-06,5.831
1994-04-07,5.795
1994-04-08,5.857
1994-04-11,5.848
1994-04-12,5.812
1994-04-13,5.85
1994-04-14,5.875
1994-04-15,5.903
1994-04-18,6.103
1994-04-19,6.08
1994-04-20,6.043
1994-04-21,5.932
1994-04-22,6.011
1994-04-25,5.962
1994-04-26,5.913
1994-04-27,5.914
1994-04-28,6.065
1994-04-29,6.082
1994-05-02,6.134
1994-05-03,6.173
1994-05-04,6.187
1994-05-05,6.214
1994-05-06,6.461
1994-05-09,6.595
1994-05-10,6.467
1994-05-11,6.604
1994-05-12,6.535
1994-05-13,6.43
1994-05-16,6.383
1994-05-17,6.256
1994-05-18,6.151
1994-05-19,6.07
1994-05-20,6.139
1994-05-23,6.289
1994-05-24,6.289
1994-05-25,6.277
1994-05-26,6.265
1994-05-27,6.311
1994-05-30,6.31
1994-05-31,6.346
1994-06-01,6.31
1994-06-02,6.251
1994-06-03,6.192
1994-06-06,6.098
1994-06-07,6.097
1994-06-08,6.109
1994-06-09,6.108
1994-06-10,6.154
1994-06-13,6.213
1994-06-14,6.13
1994-06-15,6.2
1994-06-16,6.129
1994-06-17,6.199
1994-06-20,6.246
1994-06-21,6.341
1994-06-22,6.269
1994-06-23,6.233
1994-06-24,6.376
1994-06-27,6.34
1994-06-28,6.4
1994-06-29,6.4
1994-06-30,6.484
1994-07-01,6.472
1994-07-05,6.435
1994-07-06,6.399
1994-07-07,6.411
1994-07-08,6.557
1994-07-11,6.606
1994-07-12,6.557
1994-07-13,6.52
1994-07-14,6.373
1994-07-15,6.373
1994-07-18,6.312
1994-07-19,6.238
1994-07-20,6.336
1994-07-21,6.397
1994-07-22,6.434
1994-07-25,6.421
1994-07-26,6.421
1994-07-27,6.483
1994-07-28,6.47
1994-07-29,6.272
1994-08-01,6.284
1994-08-02,6.272
1994-08-03,6.21
1994-08-04,6.247
1994-08-05,6.482
1994-08-08,6.52
1994-08-09,6.52
1994-08-10,6.558
1994-08-11,6.628
1994-08-12,6.593
1994-08-15,6.582
1994-08-16,6.476
1994-08-17,6.5
1994-08-18,6.558
1994-08-19,6.546
1994-08-22,6.581
1994-08-23,6.546
1994-08-24,6.464
1994-08-25,6.522
1994-08-26,6.487
1994-08-29,6.475
1994-08-30,6.445
1994-08-31,6.428
1994-09-01,6.416
1994-09-02,6.427
1994-09-06,6.486
1994-09-07,6.51
1994-09-08,6.486
1994-09-09,6.629
1994-09-12,6.653
1994-09-13,6.617
1994-09-14,6.605
1994-09-15,6.545
1994-09-16,6.701
1994-09-19,6.689
1994-09-20,6.725
1994-09-21,6.798
1994-09-22,6.774
1994-09-23,6.799
1994-09-26,6.787
1994-09-27,6.799
1994-09-28,6.8
1994-09-29,6.873
1994-09-30,6.886
1994-10-03,6.96
1994-10-04,6.973
1994-10-05,7.023
1994-10-06,7.036
1994-10-07,6.938
1994-10-11,6.926
1994-10-12,6.976
1994-10-13,6.915
1994-10-14,6.853
1994-10-17,6.866
1994-10-18,6.903
1994-10-19,6.941
1994-10-20,7.067
1994-10-21,7.043
1994-10-24,7.119
1994-10-25,7.119
1994-10-26,7.133
1994-10-27,7.109
1994-10-28,7.07
1994-10-31,7.059
1994-11-01,7.161
1994-11-02,7.212
1994-11-03,7.225
1994-11-04,7.317
1994-11-07,7.331
1994-11-08,7.293
1994-11-09,7.374
1994-11-10,7.41
1994-11-11,7.422
1994-11-14,7.363
1994-11-15,7.41
1994-11-16,7.434
1994-11-17,7.505
1994-11-18,7.529
1994-11-21,7.541
1994-11-22,7.445
1994-11-23,7.421
1994-11-25,7.433
1994-11-28,7.589
1994-11-29,7.649
1994-11-30,7.625
1994-12-01,7.637
1994-12-02,7.589
1994-12-05,7.686
1994-12-06,7.601
1994-12-07,7.601
1994-12-08,7.662
1994-12-09,7.675
1994-12-12,7.785
1994-12-13,7.797
1994-12-14,7.7
1994-12-15,7.651
1994-12-16,7.7
1994-12-19,7.725
1994-12-20,7.676
1994-12-21,7.689
1994-12-22,7.825
1994-12-23,7.826
1994-12-27,7.752
1994-12-28,7.777
1994-12-29,7.765
1994-12-30,7.79
1995-01-03,7.828
1995-01-04,7.741
1995-01-05,7.791
1995-01-06,7.78
1995-01-09,7.817
1995-01-10,7.768
1995-01-11,7.718
1995-01-12,7.706
1995-01-13,7.519
1995-01-16,7.519
1995-01-17,7.581
1995-01-18,7.606
1995-01-19,7.632
1995-01-20,7.67
1995-01-23,7.658
1995-01-24,7.683
1995-01-25,7.608
1995-01-26,7.519
1995-01-27,7.381
1995-01-30,7.348
1995-01-31,7.368
1995-02-01,7.482
1995-02-02,7.495
1995-02-03,7.293
1995-02-06,7.305
1995-02-07,7.318
1995-02-08,7.331
1995-02-09,7.402
1995-02-10,7.462
1995-02-13,7.439
1995-02-14,7.309
1995-02-15,7.215
1995-02-16,7.167
1995-02-17,7.202
1995-02-21,7.214
1995-02-22,7.036
1995-02-23,7.024
1995-02-24,6.976
1995-02-27,6.896
1995-02-28,6.892
1995-03-01,6.904
1995-03-02,6.998
1995-03-03,7.009
1995-03-06,7.104
1995-03-07,7.104
1995-03-08,7.02
1995-03-09,6.948
1995-03-10,6.935
1995-03-13,6.875
1995-03-14,6.815
1995-03-15,6.803
1995-03-16,6.79
1995-03-17,6.801
1995-03-20,6.8
1995-03-21,6.86
1995-03-22,6.847
1995-03-23,6.835
1995-03-24,6.737
1995-03-27,6.713
1995-03-28,6.809
1995-03-29,6.808
1995-03-30,6.849
1995-03-31,6.904
1995-04-03,6.831
1995-04-04,6.806
1995-04-05,6.781
1995-04-06,6.757
1995-04-07,6.755
1995-04-10,6.755
1995-04-11,6.73
1995-04-12,6.693
1995-04-13,6.618
1995-04-17,6.58
1995-04-18,6.543
1995-04-19,6.567
1995-04-20,6.53
1995-04-21,6.54
1995-04-24,6.564
1995-04-25,6.575
1995-04-26,6.599
1995-04-27,6.66
1995-04-28,6.708
1995-05-01,6.707
1995-05-02,6.62
1995-05-03,6.509
1995-05-04,6.471
1995-05-05,6.272
1995-05-08,6.296
1995-05-09,6.184
1995-05-10,6.252
1995-05-11,6.298
1995-05-12,6.299
1995-05-15,6.252
1995-05-16,6.206
1995-05-17,6.229
1995-05-18,6.252
1995-05-19,6.288
1995-05-22,6.311
1995-05-23,6.218
1995-05-24,6.066
1995-05-25,6.042
1995-05-26,6.042
1995-05-30,5.914
1995-05-31,5.925
1995-06-01,5.797
1995-06-02,5.633
1995-06-05,5.633
1995-06-06,5.679
1995-06-07,5.865
1995-06-08,5.946
1995-06-09,6.075
1995-06-12,6.016
1995-06-13,5.711
1995-06-14,5.745
1995-06-15,5.804
1995-06-16,5.803
1995-06-19,5.767
1995-06-20,5.814
1995-06-21,5.743
1995-06-22,5.66
1995-06-23,5.682
1995-06-26,5.776
1995-06-27,5.788
1995-06-28,5.74
1995-06-29,5.918
1995-06-30,5.858
1995-07-03,5.857
1995-07-05,5.833
1995-07-06,5.594
1995-07-07,5.628
1995-07-10,5.628
1995-07-11,5.711
1995-07-12,5.675
1995-07-13,5.686
1995-07-14,5.781
1995-07-17,5.854
1995-07-18,5.902
1995-07-19,5.987
1995-07-20,5.999
1995-07-21,6.096
1995-07-24,6.047
1995-07-25,6.047
1995-07-26,6.072
1995-07-27,6.01
1995-07-28,6.071
1995-07-31,5.997
1995-08-01,6.034
1995-08-02,5.985
1995-08-03,6.071
1995-08-04,6.046
1995-08-07,6.009
1995-08-08,6.009
1995-08-09,6.047
1995-08-10,6.082
1995-08-11,6.199
1995-08-14,6.176
1995-08-15,6.188
1995-08-16,6.188
1995-08-17,6.235
1995-08-18,6.224
1995-08-21,6.177
1995-08-22,6.212
1995-08-23,6.224
1995-08-24,6.096
1995-08-25,5.979
1995-08-28,5.967
1995-08-29,6.014
1995-08-30,5.979
1995-08-31,5.944
1995-09-01,5.885
1995-09-05,5.862
1995-09-06,5.85
1995-09-07,5.92
1995-09-08,5.908
1995-09-11,5.908
1995-09-12,5.849
1995-09-13,5.873
1995-09-14,5.778
1995-09-15,5.813
1995-09-18,5.861
1995-09-19,5.813
1995-09-20,5.801
1995-09-21,5.896
1995-09-22,5.932
1995-09-25,5.956
1995-09-26,5.98
1995-09-27,5.98
1995-09-28,5.992
1995-09-29,5.932
1995-10-02,5.884
1995-10-03,5.848
1995-10-04,5.8
1995-10-05,5.788
1995-10-06,5.799
1995-10-10,5.835
1995-10-11,5.799
1995-10-12,5.775
1995-10-13,5.726
1995-10-16,5.702
1995-10-17,5.689
1995-10-18,5.738
1995-10-19,5.713
1995-10-20,5.786
1995-10-23,5.822
1995-10-24,5.749
1995-10-25,5.7
1995-10-26,5.724
1995-10-27,5.712
1995-10-30,5.687
1995-10-31,5.687
1995-11-01,5.613
1995-11-02,5.528
1995-11-03,5.563
1995-11-06,5.612
1995-11-07,5.649
1995-11-08,5.575
1995-11-09,5.587
1995-11-10,5.623
1995-11-13,5.573
1995-11-14,5.548
1995-11-15,5.61
1995-11-16,5.548
1995-11-17,5.534
1995-11-20,5.547
1995-11-21,5.569
1995-11-22,5.592
1995-11-24,5.557
1995-11-27,5.522
1995-11-28,5.522
1995-11-29,5.476
1995-11-30,5.406
1995-12-01,5.371
1995-12-04,5.336
1995-12-05,5.359
1995-12-06,5.382
1995-12-07,5.429
1995-12-08,5.428
1995-12-11,5.405
1995-12-12,5.416
1995-12-13,5.44
1995-12-14,5.428
1995-12-15,5.404
1995-12-18,5.51
1995-12-19,5.368
1995-12-20,5.404
1995-12-21,5.392
1995-12-22,5.356
1995-12-26,5.332
1995-12-27,5.296
1995-12-28,5.261
1995-12-29,5.225
1996-01-02,5.236
1996-01-03,5.212
1996-01-04,5.259
1996-01-05,5.258
1996-01-08,5.258
1996-01-09,5.305
1996-01-10,5.341
1996-01-11,5.281
1996-01-12,5.256
1996-01-16,5.148
1996-01-17,5.112
1996-01-18,5.076
1996-01-19,5.098
1996-01-22,5.17
1996-01-23,5.182
1996-01-24,5.146
1996-01-25,5.218
1996-01-26,5.144
1996-01-29,5.18
1996-01-30,5.107
1996-01-31,5.035
1996-02-01,5.022
1996-02-02,5.021
1996-02-05,5.057
1996-02-06,5.032
1996-02-07,5.033
1996-02-08,5.011
1996-02-09,4.989
1996-02-12,4.932
1996-02-13,4.887
1996-02-14,4.921
1996-02-15,4.989
1996-02-16,5.034
1996-02-20,5.309
1996-02-21,5.298
1996-02-22,5.217
1996-02-23,5.275
1996-02-26,5.322
1996-02-27,5.427
1996-02-28,5.497
1996-02-29,5.556
1996-03-01,5.382
1996-03-04,5.3
1996-03-05,5.394
1996-03-06,5.488
1996-03-07,5.523
1996-03-08,5.892
1996-03-11,5.845
1996-03-12,5.894
1996-03-13,5.895
1996-03-14,5.859
1996-03-15,6.018
1996-03-18,5.995
1996-03-19,5.995
1996-03-20,5.828
1996-03-21,5.816
1996-03-22,5.867
1996-03-25,5.795
1996-03-26,5.808
1996-03-27,5.941
1996-03-28,6.003
1996-03-29,5.896
1996-04-01,5.872
1996-04-02,5.837
1996-04-03,5.886
1996-04-04,5.975
1996-04-08,6.234
1996-04-09,6.161
1996-04-10,6.261
1996-04-11,6.275
1996-04-12,6.092
1996-04-15,6.043
1996-04-16,6.069
1996-04-17,6.12
1996-04-18,6.145
1996-04-19,6.074
1996-04-22,6.05
1996-04-23,6.063
1996-04-24,6.127
1996-04-25,6.09
1996-04-26,6.068
1996-04-29,6.132
1996-04-30,6.196
1996-05-01,6.159
1996-05-02,6.337
1996-05-03,6.353
1996-05-06,6.316
1996-05-07,6.356
1996-05-08,6.317
1996-05-09,6.386
1996-05-10,6.259
1996-05-13,6.248
1996-05-14,6.178
1996-05-15,6.178
1996-05-16,6.27
1996-05-17,6.212
1996-05-20,6.2
1996-05-21,6.211
1996-05-22,6.176
1996-05-23,6.222
1996-05-24,6.198
1996-05-28,6.221
1996-05-29,6.35
1996-05-30,6.362
1996-05-31,6.42
1996-06-03,6.444
1996-06-04,6.432
1996-06-05,6.397
1996-06-06,6.314
1996-06-07,6.515
1996-06-10,6.599
1996-06-11,6.563
1996-06-12,6.611
1996-06-13,6.539
1996-06-14,6.48
1996-06-17,6.444
1996-06-18,6.492
1996-06-19,6.516
1996-06-20,6.528
1996-06-21,6.504
1996-06-24,6.492
1996-06-25,6.468
1996-06-26,6.468
1996-06-27,6.408
1996-06-28,6.287
1996-07-01,6.323
1996-07-02,6.383
1996-07-03,6.347
1996-07-05,6.615
1996-07-08,6.615
1996-07-09,6.566
1996-07-10,6.468
1996-07-11,6.432
1996-07-12,6.456
1996-07-15,6.469
1996-07-16,6.407
1996-07-17,6.407
1996-07-18,6.309
1996-07-19,6.37
1996-07-22,6.42
1996-07-23,6.395
1996-07-24,6.432
1996-07-25,6.42
1996-07-26,6.42
1996-07-29,6.494
1996-07-30,6.445
1996-07-31,6.37
1996-08-01,6.222
1996-08-02,6.06
1996-08-05,6.097
1996-08-06,6.109
1996-08-07,6.149
1996-08-08,6.149
1996-08-09,6.092
1996-08-12,6.069
1996-08-13,6.15
1996-08-14,6.139
1996-08-15,6.174
1996-08-16,6.127
1996-08-19,6.139
1996-08-20,6.139
1996-08-21,6.162
1996-08-22,6.174
1996-08-23,6.327
1996-08-26,6.374
1996-08-27,6.351
1996-08-28,6.351
1996-08-29,6.422
1996-08-30,6.53
1996-09-03,6.495
1996-09-04,6.543
1996-09-05,6.579
1996-09-06,6.509
1996-09-09,6.461
1996-09-10,6.497
1996-09-11,6.498
1996-09-12,6.45
1996-09-13,6.295
1996-09-16,6.295
1996-09-17,6.428
1996-09-18,6.416
1996-09-19,6.428
1996-09-20,6.417
1996-09-23,6.405
1996-09-24,6.309
1996-09-25,6.249
1996-09-26,6.225
1996-09-27,6.238
1996-09-30,6.274
1996-10-01,6.202
1996-10-02,6.141
1996-10-03,6.153
1996-10-04,6.009
1996-10-07,6.057
1996-10-08,6.081
1996-10-09,6.105
1996-10-10,6.166
1996-10-11,6.093
1996-10-15,6.081
1996-10-16,6.081
1996-10-17,6.02
1996-10-18,6.033
1996-10-21,6.045
1996-10-22,6.106
1996-10-23,6.069
1996-10-24,6.082
1996-10-25,6.045
1996-10-28,6.07
1996-10-29,5.897
1996-10-30,5.934
1996-10-31,5.873
1996-11-01,5.909
1996-11-04,5.897
1996-11-05,5.835
1996-11-06,5.897
1996-11-07,5.863
1996-11-08,5.886
1996-11-12,5.84
1996-11-13,5.829
1996-11-14,5.772
1996-11-15,5.794
1996-11-18,5.805
1996-11-19,5.782
1996-11-20,5.771
1996-11-21,5.793
1996-11-22,5.793
1996-11-25,5.781
1996-11-26,5.77
1996-11-27,5.758
1996-11-29,5.687
1996-12-02,5.71
1996-12-03,5.699
1996-12-04,5.733
1996-12-05,5.827
1996-12-06,5.826
1996-12-09,5.791
1996-12-10,5.826
1996-12-11,5.944
1996-12-12,5.932
1996-12-13,5.873
1996-12-16,5.932
1996-12-17,5.991
1996-12-18,6.039
1996-12-19,5.944
1996-12-20,5.98
1996-12-23,5.956
1996-12-24,5.956
1996-12-26,5.968
1996-12-27,5.92
1996-12-30,5.92
1996-12-31,6.028
1997-01-02,6.089
1997-01-03,6.077
1997-01-06,6.101
1997-01-07,6.101
1997-01-08,6.15
1997-01-09,6.065
1997-01-10,6.176
1997-01-13,6.2
1997-01-14,6.103
1997-01-15,6.103
1997-01-16,6.128
1997-01-17,6.116
1997-01-21,6.092
1997-01-22,6.129
1997-01-23,6.166
1997-01-24,6.191
1997-01-27,6.217
1997-01-28,6.18
1997-01-29,6.155
1997-01-30,6.13
1997-01-31,6.044
1997-02-03,5.995
1997-02-04,5.982
1997-02-05,6.02
1997-02-06,6.02
1997-02-07,5.958
1997-02-10,5.97
1997-02-11,5.97
1997-02-12,6.013
1997-02-13,5.956
1997-02-14,5.909
1997-02-18,5.921
1997-02-19,5.944
1997-02-20,6.002
1997-02-21,5.99
1997-02-24,6.014
1997-02-25,6.026
1997-02-26,6.178
1997-02-27,6.213
1997-02-28,6.226
1997-03-03,6.238
1997-03-04,6.262
1997-03-05,6.226
1997-03-06,6.286
1997-03-07,6.216
1997-03-10,6.228
1997-03-11,6.252
1997-03-12,6.276
1997-03-13,6.348
1997-03-14,6.337
1997-03-17,6.373
1997-03-18,6.373
1997-03-19,6.398
1997-03-20,6.434
1997-03-21,6.472
1997-03-24,6.412
1997-03-25,6.485
1997-03-26,6.486
1997-03-27,6.597
1997-03-31,6.574
1997-04-01,6.55
1997-04-02,6.538
1997-04-03,6.539
1997-04-04,6.577
1997-04-07,6.541
1997-04-08,6.566
1997-04-09,6.579
1997-04-10,6.592
1997-04-11,6.668
1997-04-14,6.693
1997-04-15,6.595
1997-04-16,6.62
1997-04-17,6.571
1997-04-18,6.548
1997-04-21,6.586
1997-04-22,6.562
1997-04-23,6.6
1997-04-24,6.663
1997-04-25,6.678
1997-04-28,6.628
1997-04-29,6.466
1997-04-30,6.404
1997-05-01,6.379
1997-05-02,6.355
1997-05-05,6.381
1997-05-06,6.419
1997-05-07,6.502
1997-05-08,6.479
1997-05-09,6.386
1997-05-12,6.375
1997-05-13,6.433
1997-05-14,6.387
1997-05-15,6.375
1997-05-16,6.41
1997-05-19,6.421
1997-05-20,6.363
1997-05-21,6.398
1997-05-22,6.409
1997-05-23,6.397
1997-05-27,6.444
1997-05-28,6.48
1997-05-29,6.432
1997-05-30,6.35
1997-06-02,6.361
1997-06-03,6.326
1997-06-04,6.338
1997-06-05,6.338
1997-06-06,6.231
1997-06-09,6.29
1997-06-10,6.313
1997-06-11,6.325
1997-06-12,6.218
1997-06-13,6.17
1997-06-16,6.135
1997-06-17,6.182
1997-06-18,6.146
1997-06-19,6.146
1997-06-20,6.133
1997-06-23,6.168
1997-06-24,6.156
1997-06-25,6.18
1997-06-26,6.204
1997-06-27,6.179
1997-06-30,6.227
1997-07-01,6.179
1997-07-02,6.154
1997-07-03,6.069
1997-07-07,6.033
1997-07-08,6.032
1997-07-09,6.02
1997-07-10,6.008
1997-07-11,5.995
1997-07-14,6.043
1997-07-15,6.03
1997-07-16,5.969
1997-07-17,5.969
1997-07-18,6.004
1997-07-21,6.04
1997-07-22,5.918
1997-07-23,5.942
1997-07-24,5.93
1997-07-25,5.953
1997-07-28,5.904
1997-07-29,5.867
1997-07-30,5.817
1997-07-31,5.793
1997-08-01,5.95
1997-08-04,5.987
1997-08-05,6.011
1997-08-06,6.023
1997-08-07,6.046
1997-08-08,6.15
1997-08-11,6.139
1997-08-12,6.162
1997-08-13,6.081
1997-08-14,6.012
1997-08-15,5.965
1997-08-18,5.942
1997-08-19,5.965
1997-08-20,5.999
1997-08-21,6.046
1997-08-22,6.092
1997-08-25,6.116
1997-08-26,6.092
1997-08-27,6.116
1997-08-28,6.046
1997-08-29,6.092
1997-09-02,6.034
1997-09-03,6.081
1997-09-04,6.081
1997-09-05,6.081
1997-09-08,6.069
1997-09-09,6.081
1997-09-10,6.092
1997-09-11,6.104
1997-09-12,6.021
1997-09-15,6.009
1997-09-16,5.879
1997-09-17,5.867
1997-09-18,5.891
1997-09-19,5.878
1997-09-22,5.855
1997-09-23,5.89
1997-09-24,5.842
1997-09-25,5.914
1997-09-26,5.865
1997-09-29,5.865
1997-09-30,5.853
1997-10-01,5.805
1997-10-02,5.793
1997-10-03,5.756
1997-10-06,5.732
1997-10-07,5.708
1997-10-08,5.84
1997-10-09,5.84
1997-10-10,5.911
1997-10-13,5.905
1997-10-14,5.851
1997-10-15,5.899
1997-10-16,5.887
1997-10-17,5.972
1997-10-20,5.959
1997-10-21,5.959
1997-10-22,5.947
1997-10-23,5.837
1997-10-24,5.812
1997-10-27,5.617
1997-10-28,5.8
1997-10-29,5.702
1997-10-30,5.665
1997-10-31,5.688
1997-11-03,5.762
1997-11-04,5.798
1997-11-05,5.75
1997-11-06,5.75
1997-11-07,5.773
1997-11-10,5.773
1997-11-11,5.773
1997-11-12,5.727
1997-11-13,5.738
1997-11-14,5.738
1997-11-17,5.727
1997-11-18,5.727
1997-11-19,5.715
1997-11-20,5.75
1997-11-21,5.703
1997-11-24,5.726
1997-11-25,5.749
1997-11-26,5.761
1997-11-28,5.807
1997-12-01,5.795
1997-12-02,5.784
1997-12-03,5.749
1997-12-04,5.749
1997-12-05,5.83
1997-12-08,5.854
1997-12-09,5.819
1997-12-10,5.772
1997-12-11,5.689
1997-12-12,5.642
1997-12-15,5.701
1997-12-16,5.689
1997-12-17,5.724
1997-12-18,5.677
1997-12-19,5.665
1997-12-22,5.688
1997-12-23,5.676
1997-12-24,5.7
1997-12-26,5.711
1997-12-29,5.723
1997-12-30,5.735
1997-12-31,5.675
1998-01-02,5.591
1998-01-05,5.472
1998-01-06,5.412
1998-01-07,5.435
1998-01-08,5.316
1998-01-09,5.22
1998-01-12,5.207
1998-01-13,5.254
1998-01-14,5.302
1998-01-15,5.277
1998-01-16,5.347
1998-01-19,5.347
1998-01-20,5.395
1998-01-21,5.347
1998-01-22,5.334
1998-01-23,5.43
1998-01-26,5.405
1998-01-27,5.478
1998-01-28,5.502
1998-01-29,5.368
1998-01-30,5.33
1998-02-02,5.379
1998-02-03,5.342
1998-02-04,5.329
1998-02-05,5.39
1998-02-06,5.401
1998-02-09,5.438
1998-02-10,5.437
1998-02-11,5.398
1998-02-12,5.386
1998-02-13,5.363
1998-02-17,5.34
1998-02-18,5.363
1998-02-19,5.398
1998-02-20,5.409
1998-02-23,5.455
1998-02-24,5.571
1998-02-25,5.548
1998-02-26,5.583
1998-02-27,5.548
1998-03-02,5.595
1998-03-03,5.641
1998-03-04,5.595
1998-03-05,5.618
1998-03-06,5.584
1998-03-09,5.549
1998-03-10,5.549
1998-03-11,5.537
1998-03-12,5.479
1998-03-13,5.49
1998-03-16,5.455
1998-03-17,5.491
1998-03-18,5.502
1998-03-19,5.502
1998-03-20,5.503
1998-03-23,5.515
1998-03-24,5.515
1998-03-25,5.598
1998-03-26,5.658
1998-03-27,5.67
1998-03-30,5.67
1998-03-31,5.587
1998-04-01,5.539
1998-04-02,5.515
1998-04-03,5.444
1998-04-06,5.468
1998-04-07,5.48
1998-04-08,5.492
1998-04-09,5.516
1998-04-13,5.589
1998-04-14,5.565
1998-04-15,5.541
1998-04-16,5.529
1998-04-17,5.517
1998-04-20,5.578
1998-04-21,5.602
1998-04-22,5.603
1998-04-23,5.627
1998-04-24,5.616
1998-04-27,5.714
1998-04-28,5.727
1998-04-29,5.739
1998-04-30,5.752
1998-05-01,5.605
1998-05-04,5.605
1998-05-05,5.654
1998-05-06,5.568
1998-05-07,5.606
1998-05-08,5.631
1998-05-11,5.693
1998-05-12,5.644
1998-05-13,5.602
1998-05-14,5.636
1998-05-15,5.636
1998-05-18,5.59
1998-05-19,5.59
1998-05-20,5.567
1998-05-21,5.624
1998-05-22,5.624
1998-05-26,5.578
1998-05-27,5.566
1998-05-28,5.566
1998-05-29,5.543
1998-06-01,5.508
1998-06-02,5.531
1998-06-03,5.542
1998-06-04,5.577
1998-06-05,5.577
1998-06-08,5.577
1998-06-09,5.588
1998-06-10,5.53
1998-06-11,5.436
1998-06-12,5.435
1998-06-15,5.388
1998-06-16,5.482
1998-06-17,5.54
1998-06-18,5.528
1998-06-19,5.493
1998-06-22,5.504
1998-06-23,5.504
1998-06-24,5.504
1998-06-25,5.528
1998-06-26,5.527
1998-06-29,5.515
1998-06-30,5.491
1998-07-01,5.479
1998-07-02,5.431
1998-07-06,5.431
1998-07-07,5.454
1998-07-08,5.466
1998-07-09,5.43
1998-07-10,5.429
1998-07-13,5.465
1998-07-14,5.477
1998-07-15,5.477
1998-07-16,5.489
1998-07-17,5.473
1998-07-20,5.488
1998-07-21,5.464
1998-07-22,5.488
1998-07-23,5.464
1998-07-24,5.475
1998-07-27,5.463
1998-07-28,5.475
1998-07-29,5.499
1998-07-30,5.475
1998-07-31,5.462
1998-08-03,5.437
1998-08-04,5.376
1998-08-05,5.388
1998-08-06,5.363
1998-08-07,5.326
1998-08-10,5.326
1998-08-11,5.289
1998-08-12,5.264
1998-08-13,5.325
1998-08-14,5.287
1998-08-17,5.25
1998-08-18,5.323
1998-08-19,5.323
1998-08-20,5.286
1998-08-21,5.223
1998-08-24,5.148
1998-08-25,5.111
1998-08-26,5.036
1998-08-27,4.888
1998-08-28,4.874
1998-08-31,4.726
1998-09-01,4.835
1998-09-02,4.859
1998-09-03,4.834
1998-09-04,4.844
1998-09-08,4.843
1998-09-09,4.681
1998-09-10,4.557
1998-09-11,4.554
2003-05-06,1.888
2003-05-07,1.816
2003-05-08,1.829
2003-05-09,1.819
2003-05-10,1.819
2003-05-11,1.819
2003-05-12,1.797
2003-05-13,1.796
2003-05-14,1.717
2003-05-15,1.79
2003-05-16,1.646
2003-05-17,1.646
2003-05-18,1.646
2003-05-19,1.677
2003-05-20,1.607
2003-05-21,1.678
2003-05-22,1.655
2003-05-23,1.641
2003-05-24,1.641
2003-05-25,1.641
2003-05-26,1.641
2003-05-27,1.629
2003-05-28,1.636
2003-05-29,1.587
2003-05-30,1.573
2003-05-31,1.573
2003-06-01,1.573
2003-06-02,1.566
2003-06-03,1.48
2003-06-04,1.488
2003-06-05,1.488
2003-06-06,1.501
2003-06-07,1.5
2003-06-08,1.5
2003-06-09,1.427
2003-06-10,1.409
2003-06-11,1.402
2003-06-12,1.342
2003-06-13,1.321
2003-06-14,1.321
2003-06-15,1.321
2003-06-16,1.417
2003-06-17,1.542
2003-06-18,1.548
2003-06-19,1.471
2003-06-20,1.484
2003-06-21,1.484
2003-06-22,1.484
2003-06-23,1.435
2003-06-24,1.377
2003-06-25,1.556
2003-06-26,1.683
2003-06-27,1.656
2003-06-28,1.656
2003-06-29,1.656
2003-06-30,1.599
2003-07-01,1.614
2003-07-02,1.583
2003-07-03,1.63
2003-07-04,1.63
2003-07-06,1.629
2003-07-07,1.711
2003-07-08,1.719
2003-07-09,1.691
2003-07-10,1.645
2003-07-11,1.6
2003-07-12,1.6
2003-07-13,1.6
2003-07-14,1.679
2003-07-15,1.862
2003-07-16,1.826
2003-07-17,1.839
2003-07-18,1.891
2003-07-19,1.891
2003-07-20,1.891
2003-07-21,2.086
2003-07-22,2.028
2003-07-23,1.938
2003-07-24,1.982
2003-07-25,1.933
2003-07-26,1.933
2003-07-27,1.933
2003-07-28,2.073
2003-07-29,2.201
2003-07-30,2.179
2003-07-31,2.169
2003-08-01,2.2
2003-08-02,2.2
2003-08-03,2.2
2003-08-04,2.091
2003-08-05,2.546
2003-08-06,2.44
2003-08-07,2.364
2003-08-08,2.269
2003-08-09,2.277
2003-08-10,2.277
2003-08-11,2.299
2003-08-12,2.342
2003-08-13,2.452
2003-08-14,2.375
2003-08-15,2.454
2003-08-16,2.454
2003-08-17,2.454
2003-08-18,2.424
2003-08-19,2.318
2003-08-20,2.408
2003-08-21,2.505
2003-08-22,2.513
2003-08-23,2.513
2003-08-24,2.513
2003-08-25,2.559
2003-08-26,2.501
2003-08-27,2.583
2003-08-28,2.457
2003-08-29,2.499
2003-08-30,2.499
2003-08-31,2.499
2003-09-01,2.496
2003-09-02,2.61
2003-09-03,2.58
2003-09-04,2.465
2003-09-05,2.268
2003-09-06,2.268
2003-09-07,2.268
2003-09-08,2.346
2003-09-09,2.249
2003-09-10,2.166
2003-09-11,2.248
2003-09-12,2.146
2003-09-13,2.146
2003-09-14,2.146
2003-09-15,2.115
2003-09-16,2.109
2003-09-17,2.098
2003-09-18,2.111
2003-09-19,2.145
2003-09-21,2.145
2003-09-22,2.184
2003-09-23,2.13
2003-09-24,2.082
2003-09-25,2.065
2003-09-26,1.965
2003-09-27,1.965
2003-09-28,1.965
2003-09-29,2.02
2003-09-30,1.868
2003-10-01,1.859
2003-10-02,1.894
2003-10-03,2.093
2003-10-04,2.093
2003-10-05,2.093
2003-10-06,2.06
2003-10-07,2.109
2003-10-08,2.082
2003-10-09,2.112
2003-10-10,2.088
2003-10-11,2.088
2003-10-12,2.088
2003-10-13,2.101
2003-10-14,2.164
2003-10-15,2.233
2003-10-16,2.393
2003-10-17,2.331
2003-10-18,2.331
2003-10-19,2.331
2003-10-20,2.33
2003-10-21,2.305
2003-10-22,2.22
2003-10-23,2.281
2003-10-24,2.187
2003-10-25,2.187
2003-10-26,2.187
2003-10-27,2.234
2003-10-28,2.126
2003-10-29,2.228
2003-10-30,2.299
2003-10-31,2.248
2003-11-01,2.248
2003-11-02,2.248
2003-11-03,2.3
2003-11-04,2.275
2003-11-05,2.355
2003-11-06,2.414
2003-11-07,2.467
2003-11-08,2.467
2003-11-09,2.467
2003-11-10,2.627
2003-11-11,2.627
2003-11-12,2.6
2003-11-13,2.454
2003-11-14,2.36
2003-11-15,2.36
2003-11-16,2.36
2003-11-17,2.329
2003-11-18,2.301
2003-11-19,2.408
2003-11-20,2.321
2003-11-21,2.353
2003-11-22,2.353
2003-11-23,2.353
2003-11-24,2.433
2003-11-25,2.384
2003-11-26,2.463
2003-11-27,2.463
2003-11-28,2.558
2003-11-29,2.558
2003-11-30,2.558
2003-12-01,2.614
2003-12-02,2.603
2003-12-03,2.598
2003-12-04,2.573
2003-12-05,2.42
2003-12-06,2.42
2003-12-07,2.42
2003-12-08,2.447
2003-12-09,2.509
2003-12-10,2.451
2003-12-11,2.322
2003-12-12,2.339
2003-12-13,2.339
2003-12-14,2.339
2003-12-15,2.356
2003-12-16,2.315
2003-12-17,2.324
2003-12-18,2.303
2003-12-19,2.302
2003-12-20,2.302
2003-12-21,2.344
2003-12-22,2.34
2003-12-23,2.408
2003-12-24,2.31
2003-12-25,2.31
2003-12-26,2.267
2003-12-27,2.267
2003-12-28,2.267
2003-12-29,2.321
2003-12-30,2.311
2003-12-31,2.304
2004-01-01,2.304
2004-01-02,2.421
2004-01-05,2.379
2004-01-06,2.289
2004-01-07,2.262
2004-01-08,2.274
2004-01-09,2.081
2004-01-12,2.034
2004-01-13,1.998
2004-01-14,2.009
2004-01-15,2.037
2004-01-16,2.028
2004-01-20,2.093
2004-01-21,2.073
2004-01-22,2.031
2004-01-23,2.005
2004-01-26,2.109
2004-01-27,2.102
2004-01-28,2.057
2004-01-29,2.26
2004-01-30,2.211
2004-02-02,2.205
2004-02-03,2.17
2004-02-04,2.164
2004-02-05,2.189
2004-02-06,2.156
2004-02-09,2.137
2004-02-10,2.141
2004-02-11,2.206
2004-02-12,2.232
2004-02-13,2.161
2004-02-17,2.114
2004-02-18,2.145
2004-02-19,2.176
2004-02-20,2.185
2004-02-23,2.179
2004-02-24,2.138
2004-02-25,2.132
2004-02-26,2.146
2004-02-27,2.162
2004-03-01,2.088
2004-03-02,2.113
2004-03-03,2.195
2004-03-04,2.167
2004-03-05,1.946
2004-03-08,1.92
2004-03-09,1.868
2004-03-10,1.887
2004-03-11,1.84
2004-03-12,1.851
2004-03-15,1.875
2004-03-16,1.849
2004-03-17,1.83
2004-03-18,1.873
2004-03-19,1.911
2004-03-22,1.877
2004-03-23,1.863
2004-03-24,1.849
2004-03-25,1.854
2004-03-26,1.87
2004-03-29,1.964
2004-03-30,1.961
2004-03-31,1.938
2004-04-01,1.941
2004-04-02,1.996
2004-04-05,2.264
2004-04-06,2.252
2004-04-07,2.241
2004-04-08,2.275
2004-04-12,2.292
2004-04-13,2.335
2004-04-14,2.436
2004-04-15,2.476
2004-04-16,2.425
2004-04-19,2.419
2004-04-20,2.498
2004-04-21,2.573
2004-04-22,2.556
2004-04-23,2.551
2004-04-26,2.683
2004-04-27,2.625
2004-04-28,2.625
2004-04-29,2.681
2004-04-30,2.739
2004-05-03,2.751
2004-05-04,2.686
2004-05-05,2.719
2004-05-06,2.785
2004-05-07,2.824
2004-05-10,3.045
2004-05-11,3.036
2004-05-12,3.17
2004-05-13,3.197
2004-05-14,3.145
2004-05-17,3.062
2004-05-18,3.073
2004-05-19,3.114
2004-05-20,3.097
2004-05-21,3.077
2004-05-24,3.136
2004-05-25,3.105
2004-05-26,3.051
2004-05-27,2.983
2004-05-28,2.983
2004-06-01,3.058
2004-06-02,3.122
2004-06-03,3.133
2004-06-04,3.13
2004-06-07,3.178
2004-06-08,3.169
2004-06-09,3.226
2004-06-10,3.271
2004-06-14,3.294
2004-06-15,3.204
2004-06-16,3.221
2004-06-17,3.224
2004-06-18,3.202
2004-06-21,3.212
2004-06-22,3.221
2004-06-23,3.204
2004-06-24,3.121
2004-06-25,3.138
2004-06-28,3.143
2004-06-29,3.216
2004-06-30,3.078
2004-07-01,3.023
2004-07-02,2.838
2004-07-06,2.893
2004-07-07,2.909
2004-07-08,2.891
2004-07-09,2.893
2004-07-12,2.876
2004-07-13,2.893
2004-07-14,2.896
2004-07-15,2.961
2004-07-16,2.849
2004-07-19,2.854
2004-07-20,2.854
2004-07-21,2.978
2004-07-22,2.999
2004-07-23,2.994
2004-07-26,2.998
2004-07-27,3.018
2004-07-28,3.109
2004-07-29,3.083
2004-07-30,3.006
2004-08-02,2.947
2004-08-03,2.962
2004-08-04,2.941
2004-08-05,2.935
2004-08-06,2.641
2004-08-09,2.702
2004-08-10,2.837
2004-08-11,2.909
2004-08-12,2.887
2004-08-13,2.822
2004-08-16,2.84
2004-08-17,2.79
2004-08-18,2.744
2004-08-19,2.777
2004-08-20,2.761
2004-08-23,2.821
2004-08-24,2.833
2004-08-25,2.813
2004-08-26,2.811
2004-08-27,2.808
2004-08-30,2.797
2004-08-31,2.708
2004-09-01,2.689
2004-09-02,2.711
2004-09-03,2.738
2004-09-07,2.881
2004-09-08,2.786
2004-09-09,2.755
2004-09-10,2.752
2004-09-13,2.789
2004-09-14,2.758
2004-09-15,2.766
2004-09-16,2.705
2004-09-17,2.693
2004-09-20,2.718
2004-09-21,2.724
2004-09-22,2.727
2004-09-23,2.699
2004-09-24,2.781
2004-09-27,2.786
2004-09-28,2.749
2004-09-29,2.761
2004-09-30,2.815
2004-10-01,2.849
2004-10-04,2.878
2004-10-05,2.878
2004-10-06,2.887
2004-10-07,2.936
2004-10-08,2.827
2004-10-11,2.839
2004-10-12,2.775
2004-10-13,2.729
2004-10-14,2.694
2004-10-15,2.694
2004-10-18,2.755
2004-10-19,2.761
2004-10-20,2.729
2004-10-21,2.706
2004-10-22,2.743
2004-10-25,2.697
2004-10-26,2.711
2004-10-27,2.726
2004-10-28,2.781
2004-10-29,2.758
2004-11-01,2.761
2004-11-02,2.776
2004-11-03,2.761
2004-11-04,2.776
2004-11-05,2.811
2004-11-08,2.971
2004-11-09,3.058
2004-11-10,3.074
2004-11-11,3.116
2004-11-12,3.071
2004-11-15,3.074
2004-11-16,3.107
2004-11-17,3.055
2004-11-18,3.085
2004-11-19,3.055
2004-11-22,3.155
2004-11-23,3.147
2004-11-24,3.178
2004-11-26,3.209
2004-11-29,3.228
2004-11-30,3.251
2004-12-01,3.223
2004-12-02,3.257
2004-12-03,3.128
2004-12-06,3.145
2004-12-07,3.148
2004-12-08,3.098
2004-12-09,3.078
2004-12-10,3.098
2004-12-13,3.124
2004-12-14,3.141
2004-12-15,3.107
2004-12-16,3.11
2004-12-17,3.172
2004-12-20,3.181
2004-12-21,3.193
2004-12-22,3.181
2004-12-23,3.173
2004-12-27,3.176
2004-12-28,3.228
2004-12-29,3.254
2004-12-30,3.243
2004-12-31,3.224
2005-01-03,3.25
2005-01-04,3.372
2005-01-05,3.366
2005-01-06,3.32
2005-01-07,3.356
2005-01-10,3.377
2005-01-11,3.371
2005-01-12,3.366
2005-01-13,3.316
2005-01-14,3.391
2005-01-18,3.388
2005-01-19,3.377
2005-01-20,3.345
2005-01-21,3.301
2005-01-24,3.334
2005-01-25,3.373
2005-01-26,3.403
2005-01-27,3.418
2005-01-28,3.378
2005-01-31,3.402
2005-02-01,3.408
2005-02-02,3.439
2005-02-03,3.472
2005-02-04,3.422
2005-02-07,3.429
2005-02-08,3.432
2005-02-09,3.375
2005-02-10,3.441
2005-02-11,3.48
2005-02-14,3.505
2005-02-15,3.505
2005-02-16,3.569
2005-02-17,3.544
2005-02-18,3.609
2005-02-22,3.615
2005-02-23,3.626
2005-02-24,3.674
2005-02-25,3.672
2005-02-28,3.766
2005-03-01,3.757
2005-03-02,3.744
2005-03-03,3.752
2005-03-04,3.731
2005-03-07,3.751
2005-03-08,3.794
2005-03-09,3.863
2005-03-10,3.875
2005-03-11,3.928
2005-03-14,3.934
2005-03-15,3.952
2005-03-16,3.912
2005-03-17,3.869
2005-03-18,3.899
2005-03-21,3.905
2005-03-22,4.028
2005-03-23,4.026
2005-03-24,4.057
2005-03-28,4.072
2005-03-29,4.026
2005-03-30,4.012
2005-03-31,3.931
2005-04-01,3.888
2005-04-04,3.877
2005-04-05,3.886
2005-04-06,3.834
2005-04-07,3.884
2005-04-08,3.897
2005-04-11,3.877
2005-04-12,3.824
2005-04-13,3.798
2005-04-14,3.69
2005-04-15,3.635
2005-04-18,3.676
2005-04-19,3.629
2005-04-20,3.606
2005-04-21,3.736
2005-04-22,3.704
2005-04-25,3.734
2005-04-26,3.753
2005-04-27,3.714
2005-04-28,3.622
2005-04-29,3.713
2005-05-02,3.686
2005-05-03,3.692
2005-05-04,3.684
2005-05-05,3.621
2005-05-06,3.799
2005-05-09,3.827
2005-05-10,3.743
2005-05-11,3.786
2005-05-12,3.753
2005-05-13,3.7
2005-05-16,3.708
2005-05-17,3.703
2005-05-18,3.694
2005-05-19,3.741
2005-05-20,3.772
2005-05-23,3.716
2005-05-24,3.683
2005-05-25,3.699
2005-05-26,3.708
2005-05-27,3.71
2005-05-31,3.631
2005-06-01,3.533
2005-06-02,3.575
2005-06-03,3.631
2005-06-06,3.625
2005-06-07,3.605
2005-06-08,3.647
2005-06-09,3.667
2005-06-10,3.749
2005-06-13,3.761
2005-06-14,3.758
2005-06-15,3.772
2005-06-16,3.735
2005-06-17,3.755
2005-06-20,3.786
2005-06-21,3.737
2005-06-22,3.643
2005-06-23,3.654
2005-06-24,3.611
2005-06-27,3.611
2005-06-28,3.688
2005-06-29,3.688
2005-06-30,3.653
2005-07-01,3.778
2005-07-05,3.821
2005-07-06,3.801
2005-07-07,3.76
2005-07-08,3.813
2005-07-11,3.831
2005-07-12,3.883
2005-07-13,3.875
2005-07-14,3.892
2005-07-15,3.913
2005-07-18,3.943
2005-07-19,3.917
2005-07-20,3.917
2005-07-21,4.003
2005-07-22,3.962
2005-07-25,3.992
2005-07-26,3.986
2005-07-27,4.031
2005-07-28,3.984
2005-07-29,4.065
2005-08-01,4.081
2005-08-02,4.093
2005-08-03,4.063
2005-08-04,4.085
2005-08-05,4.164
2005-08-08,4.226
2005-08-09,4.178
2005-08-10,4.187
2005-08-11,4.131
2005-08-12,4.08
2005-08-15,4.125
2005-08-16,4.049
2005-08-17,4.097
2005-08-18,4.032
2005-08-19,4.055
2005-08-22,4.043
2005-08-23,4.012
2005-08-24,4.004
2005-08-25,4.02
2005-08-26,4.079
2005-08-29,4.068
2005-08-30,3.952
2005-08-31,3.825
2005-09-01,3.758
2005-09-02,3.793
2005-09-06,3.84
2005-09-07,3.877
2005-09-08,3.894
2005-09-09,3.89
2005-09-12,3.93
2005-09-13,3.875
2005-09-14,3.898
2005-09-15,3.926
2005-09-16,4.006
2005-09-19,3.954
2005-09-20,4.003
2005-09-21,3.928
2005-09-22,3.959
2005-09-23,4.031
2005-09-26,4.074
2005-09-27,4.086
2005-09-28,4.086
2005-09-29,4.138
2005-09-30,4.17
2005-10-03,4.22
2005-10-04,4.214
2005-10-05,4.191
2005-10-06,4.223
2005-10-07,4.197
2005-10-10,4.197
2005-10-11,4.238
2005-10-12,4.259
2005-10-13,4.268
2005-10-14,4.295
2005-10-17,4.313
2005-10-18,4.286
2005-10-19,4.28
2005-10-20,4.254
2005-10-21,4.23
2005-10-24,4.278
2005-10-25,4.374
2005-10-26,4.41
2005-10-27,4.378
2005-10-28,4.408
2005-10-31,4.403
2005-11-01,4.433
2005-11-02,4.452
2005-11-03,4.494
2005-11-04,4.511
2005-11-07,4.493
2005-11-08,4.438
2005-11-09,4.535
2005-11-10,4.465
2005-11-11,4.465
2005-11-14,4.524
2005-11-15,4.493
2005-11-16,4.411
2005-11-17,4.389
2005-11-18,4.411
2005-11-21,4.4
2005-11-22,4.332
2005-11-23,4.352
2005-11-25,4.321
2005-11-28,4.32
2005-11-29,4.397
2005-11-30,4.417
2005-12-01,4.434
2005-12-02,4.434
2005-12-05,4.471
2005-12-06,4.403
2005-12-07,4.417
2005-12-08,4.363
2005-12-09,4.426
2005-12-12,4.452
2005-12-13,4.411
2005-12-14,4.362
2005-12-15,4.371
2005-12-16,4.353
2005-12-19,4.368
2005-12-20,4.4
2005-12-21,4.435
2005-12-22,4.379
2005-12-23,4.33
2005-12-27,4.312
2005-12-28,4.335
2005-12-29,4.341
2005-12-30,4.376
2006-01-03,4.315
2006-01-04,4.279
2006-01-05,4.291
2006-01-06,4.32
2006-01-09,4.314
2006-01-10,4.367
2006-01-11,4.397
2006-01-12,4.346
2006-01-13,4.29
2006-01-17,4.29
2006-01-18,4.281
2006-01-19,4.325
2006-01-20,4.304
2006-01-23,4.307
2006-01-24,4.334
2006-01-25,4.412
2006-01-26,4.445
2006-01-27,4.466
2006-01-30,4.478
2006-01-31,4.487
2006-02-01,4.548
2006-02-02,4.551
2006-02-03,4.542
2006-02-06,4.579
2006-02-07,4.573
2006-02-08,4.613
2006-02-09,4.616
2006-02-10,4.661
2006-02-13,4.649
2006-02-14,4.675
2006-02-15,4.669
2006-02-16,4.669
2006-02-17,4.641
2006-02-21,4.676
2006-02-22,4.65
2006-02-23,4.699
2006-02-24,4.708
2006-02-27,4.713
2006-02-28,4.662
2006-03-01,4.685
2006-03-02,4.708
2006-03-03,4.749
2006-03-06,4.784
2006-03-07,4.784
2006-03-08,4.773
2006-03-09,4.773
2006-03-10,4.802
2006-03-13,4.806
2006-03-14,4.707
2006-03-15,4.719
2006-03-16,4.626
2006-03-17,4.635
2006-03-20,4.632
2006-03-21,4.714
2006-03-22,4.708
2006-03-23,4.749
2006-03-24,4.671
2006-03-27,4.706
2006-03-28,4.797
2006-03-29,4.809
2006-03-30,4.845
2006-03-31,4.828
2006-04-03,4.849
2006-04-04,4.82
2006-04-05,4.796
2006-04-06,4.835
2006-04-07,4.911
2006-04-10,4.884
2006-04-11,4.858
2006-04-12,4.915
2006-04-13,4.964
2006-04-17,4.911
2006-04-18,4.848
2006-04-19,4.866
2006-04-20,4.903
2006-04-21,4.907
2006-04-24,4.874
2006-04-25,4.941
2006-04-26,4.99
2006-04-27,4.905
2006-04-28,4.873
2006-05-01,4.964
2006-05-02,4.934
2006-05-03,4.962
2006-05-04,4.996
2006-05-05,4.958
2006-05-08,4.977
2006-05-09,4.986
2006-05-10,5.0
2006-05-11,5.011
2006-05-12,5.034
2006-05-15,5.006
2006-05-16,4.96
2006-05-17,4.983
2006-05-18,4.929
2006-05-19,4.969
2006-05-22,4.94
2006-05-23,4.92
2006-05-24,4.937
2006-05-25,4.96
2006-05-26,4.946
2006-05-30,4.972
2006-05-31,5.032
2006-06-01,5.021
2006-06-02,4.906
2006-06-05,4.96
2006-06-06,4.963
2006-06-07,4.981
2006-06-08,4.969
2006-06-09,4.958
2006-06-12,4.972
2006-06-13,4.967
2006-06-14,5.075
2006-06-15,5.098
2006-06-16,5.134
2006-06-19,5.146
2006-06-20,5.17
2006-06-21,5.173
2006-06-22,5.22
2006-06-23,5.239
2006-06-26,5.239
2006-06-27,5.222
2006-06-28,5.264
2006-06-29,5.175
2006-06-30,5.131
2006-07-03,5.149
2006-07-05,5.215
2006-07-06,5.182
2006-07-07,5.132
2006-07-10,5.132
2006-07-11,5.117
2006-07-12,5.127
2006-07-13,5.073
2006-07-14,5.061
2006-07-17,5.067
2006-07-18,5.146
2006-07-19,5.059
2006-07-20,5.014
2006-07-21,5.029
2006-07-24,5.032
2006-07-25,5.063
2006-07-26,5.017
2006-07-27,5.011
2006-07-28,4.942
2006-07-31,4.924
2006-08-01,4.915
2006-08-02,4.909
2006-08-03,4.936
2006-08-04,4.86
2006-08-07,4.9
2006-08-08,4.861
2006-08-09,4.872
2006-08-10,4.889
2006-08-11,4.937
2006-08-14,4.98
2006-08-15,4.906
2006-08-16,4.83
2006-08-17,4.841
2006-08-18,4.818
2006-08-21,4.792
2006-08-22,4.795
2006-08-23,4.792
2006-08-24,4.809
2006-08-25,4.783
2006-08-28,4.803
2006-08-29,4.788
2006-08-30,4.748
2006-08-31,4.714
2006-09-01,4.69
2006-09-05,4.736
2006-09-06,4.756
2006-09-07,4.758
2006-09-08,4.741
2006-09-11,4.766
2006-09-12,4.749
2006-09-13,4.726
2006-09-14,4.763
2006-09-15,4.786
2006-09-18,4.803
2006-09-19,4.722
2006-09-20,4.728
2006-09-21,4.608
2006-09-22,4.579
2006-09-25,4.543
2006-09-26,4.592
2006-09-27,4.595
2006-09-28,4.598
2006-09-29,4.617
2006-10-02,4.585
2006-10-03,4.593
2006-10-04,4.52
2006-10-05,4.584
2006-10-06,4.683
2006-10-10,4.751
2006-10-11,4.789
2006-10-12,4.774
2006-10-13,4.798
2006-10-16,4.777
2006-10-17,4.768
2006-10-18,4.771
2006-10-19,4.801
2006-10-20,4.809
2006-10-23,4.848
2006-10-24,4.848
2006-10-25,4.794
2006-10-26,4.74
2006-10-27,4.691
2006-10-30,4.7
2006-10-31,4.619
2006-11-01,4.577
2006-11-02,4.603
2006-11-03,4.757
2006-11-06,4.745
2006-11-07,4.702
2006-11-08,4.66
2006-11-09,4.648
2006-11-10,4.631
2006-11-13,4.662
2006-11-14,4.625
2006-11-15,4.704
2006-11-16,4.755
2006-11-17,4.667
2006-11-20,4.67
2006-11-21,4.644
2006-11-22,4.63
2006-11-24,4.619
2006-11-27,4.602
2006-11-28,4.564
2006-11-29,4.584
2006-11-30,4.513
2006-12-01,4.433
2006-12-04,4.418
2006-12-05,4.427
2006-12-06,4.495
2006-12-07,4.486
2006-12-08,4.569
2006-12-11,4.558
2006-12-12,4.506
2006-12-13,4.606
2006-12-14,4.638
2006-12-15,4.623
2006-12-18,4.618
2006-12-19,4.618
2006-12-20,4.626
2006-12-21,4.565
2006-12-22,4.644
2006-12-26,4.626
2006-12-27,4.691
2006-12-28,4.723
2006-12-29,4.735
2007-01-02,4.726
2007-01-03,4.688
2007-01-04,4.623
2007-01-05,4.673
2007-01-08,4.7
2007-01-09,4.703
2007-01-10,4.727
2007-01-11,4.786
2007-01-12,4.817
2007-01-16,4.793
2007-01-17,4.832
2007-01-18,4.805
2007-01-19,4.845
2007-01-22,4.827
2007-01-23,4.863
2007-01-24,4.861
2007-01-25,4.915
2007-01-26,4.913
2007-01-29,4.935
2007-01-30,4.91
2007-01-31,4.85
2007-02-01,4.899
2007-02-02,4.875
2007-02-05,4.857
2007-02-06,4.821
2007-02-07,4.773
2007-02-08,4.775
2007-02-09,4.815
2007-02-12,4.843
2007-02-13,4.852
2007-02-14,4.773
2007-02-15,4.736
2007-02-16,4.721
2007-02-20,4.716
2007-02-21,4.735
2007-02-22,4.781
2007-02-23,4.71
2007-02-26,4.67
2007-02-27,4.499
2007-02-28,4.573
2007-03-01,4.538
2007-03-02,4.464
2007-03-05,4.452
2007-03-06,4.523
2007-03-07,4.474
2007-03-08,4.5
2007-03-09,4.599
2007-03-12,4.55
2007-03-13,4.438
2007-03-14,4.484
2007-03-15,4.503
2007-03-16,4.514
2007-03-19,4.543
2007-03-20,4.522
2007-03-21,4.459
2007-03-22,4.507
2007-03-23,4.533
2007-03-26,4.509
2007-03-27,4.497
2007-03-28,4.497
2007-03-29,4.541
2007-03-30,4.537
2007-04-02,4.531
2007-04-03,4.563
2007-04-04,4.538
2007-04-05,4.569
2007-04-06,4.677
2007-04-09,4.675
2007-04-10,4.631
2007-04-11,4.657
2007-04-12,4.666
2007-04-13,4.7
2007-04-16,4.676
2007-04-17,4.605
2007-04-18,4.559
2007-04-19,4.57
2007-04-20,4.577
2007-04-23,4.55
2007-04-24,4.519
2007-04-25,4.557
2007-04-26,4.609
2007-04-27,4.602
2007-04-30,4.526
2007-05-01,4.562
2007-05-02,4.573
2007-05-03,4.628
2007-05-04,4.6
2007-05-07,4.588
2007-05-08,4.576
2007-05-09,4.63
2007-05-10,4.59
2007-05-11,4.622
2007-05-14,4.648
2007-05-15,4.648
2007-05-16,4.648
2007-05-17,4.707
2007-05-18,4.747
2007-05-21,4.734
2007-05-22,4.771
2007-05-23,4.773
2007-05-24,4.78
2007-05-25,4.806
2007-05-29,4.843
2007-05-30,4.838
2007-05-31,4.87
2007-06-01,4.929
2007-06-04,4.92
2007-06-05,4.976
2007-06-06,4.93
2007-06-07,5.059
2007-06-08,5.016
2007-06-11,5.052
2007-06-12,5.149
2007-06-13,5.108
2007-06-14,5.135
2007-06-15,5.06
2007-06-18,5.028
2007-06-19,4.967
2007-06-20,5.011
2007-06-21,5.024
2007-06-22,4.969
2007-06-25,4.919
2007-06-26,4.904
2007-06-27,4.928
2007-06-28,4.973
2007-06-29,4.885
2007-07-02,4.85
2007-07-03,4.88
2007-07-05,4.988
2007-07-06,5.007
2007-07-09,4.96
2007-07-10,4.849
2007-07-11,4.903
2007-07-12,4.955
2007-07-13,4.935
2007-07-16,4.878
2007-07-17,4.893
2007-07-18,4.876
2007-07-19,4.855
2007-07-20,4.78
2007-07-23,4.793
2007-07-24,4.736
2007-07-25,4.727
2007-07-26,4.555
2007-07-27,4.486
2007-07-30,4.568
2007-07-31,4.492
2007-08-01,4.592
2007-08-02,4.568
2007-08-03,4.389
2007-08-06,4.492
2007-08-07,4.553
2007-08-08,4.659
2007-08-09,4.477
2007-08-10,4.495
2007-08-13,4.449
2007-08-14,4.376
2007-08-15,4.325
2007-08-16,4.273
2007-08-17,4.245
2007-08-20,4.153
2007-08-21,4.08
2007-08-22,4.223
2007-08-23,4.29
2007-08-24,4.289
2007-08-27,4.212
2007-08-28,4.075
2007-08-29,4.175
2007-08-30,4.126
2007-08-31,4.143
2007-09-04,4.143
2007-09-05,4.019
2007-09-06,4.096
2007-09-07,3.916
2007-09-10,3.857
2007-09-11,3.964
2007-09-12,3.982
2007-09-13,4.047
2007-09-14,4.048
2007-09-17,4.085
2007-09-18,3.992
2007-09-19,4.038
2007-09-20,4.165
2007-09-21,4.104
2007-09-24,4.097
2007-09-25,4.048
2007-09-26,4.029
2007-09-27,3.99
2007-09-28,4.017
2007-10-01,4.016
2007-10-02,3.99
2007-10-03,4.048
2007-10-04,4.005
2007-10-05,4.119
2007-10-09,4.168
2007-10-10,4.172
2007-10-11,4.14
2007-10-12,4.232
2007-10-15,4.221
2007-10-16,4.141
2007-10-17,3.997
2007-10-18,3.922
2007-10-19,3.793
2007-10-22,3.862
2007-10-23,3.812
2007-10-24,3.737
2007-10-25,3.769
2007-10-26,3.763
2007-10-29,3.8
2007-10-30,3.796
2007-10-31,3.922
2007-11-01,3.734
2007-11-02,3.651
2007-11-05,3.661
2007-11-06,3.685
2007-11-07,3.507
2007-11-08,3.418
2007-11-09,3.351
2007-11-13,3.489
2007-11-14,3.448
2007-11-15,3.22
2007-11-16,3.25
2007-11-19,3.053
2007-11-20,3.056
2007-11-21,2.891
2007-11-23,3.016
2007-11-26,2.826
2007-11-27,3.003
2007-11-28,3.132
2007-11-29,2.984
2007-11-30,2.963
2007-12-03,2.833
2007-12-04,2.884
2007-12-05,2.908
2007-12-06,3.004
2007-12-07,3.092
2007-12-10,3.159
2007-12-11,2.901
2007-12-12,3.103
2007-12-13,3.211
2007-12-14,3.276
2007-12-17,3.148
2007-12-18,3.141
2007-12-19,3.069
2007-12-20,3.045
2007-12-21,3.132
2007-12-24,3.198
2007-12-26,3.266
2007-12-27,3.17
2007-12-28,3.059
2007-12-31,3.008
2008-01-02,2.821
2008-01-03,2.75
2008-01-04,2.671
2008-01-07,2.668
2008-01-08,2.579
2008-01-09,2.629
2008-01-10,2.618
2008-01-11,2.494
2008-01-14,2.494
2008-01-15,2.427
2008-01-16,2.451
2008-01-17,2.346
2008-01-18,2.283
2008-01-22,1.931
2008-01-23,2.094
2008-01-24,2.273
2008-01-25,2.15
2008-01-28,2.145
2008-01-29,2.238
2008-01-30,2.126
2008-01-31,2.083
2008-02-01,2.052
2008-02-04,2.05
2008-02-05,1.918
2008-02-06,1.922
2008-02-07,2.076
2008-02-08,1.949
2008-02-11,1.923
2008-02-12,1.927
2008-02-13,1.933
2008-02-14,1.934
2008-02-15,1.934
2008-02-19,2.103
2008-02-20,2.158
2008-02-21,1.997
2008-02-22,2.021
2008-02-25,2.114
2008-02-26,1.999
2008-02-27,2.011
2008-02-28,1.8
2008-02-29,1.607
2008-03-03,1.62
2008-03-04,1.641
2008-03-05,1.595
2008-03-06,1.504
2008-03-07,1.482
2008-03-10,1.442
2008-03-11,1.687
2008-03-12,1.533
2008-03-13,1.554
2008-03-14,1.411
2008-03-17,1.262
2008-03-18,1.543
2008-03-19,1.375
2008-03-20,1.516
2008-03-24,1.72
2008-03-25,1.667
2008-03-26,1.526
2008-03-27,1.587
2008-03-28,1.544
2008-03-31,1.49
2008-04-01,1.705
2008-04-02,1.809
2008-04-03,1.825
2008-04-04,1.735
2008-04-07,1.846
2008-04-08,1.826
2008-04-09,1.715
2008-04-10,1.783
2008-04-11,1.697
2008-04-14,1.727
2008-04-15,1.844
2008-04-16,1.946
2008-04-17,2.062
2008-04-18,2.082
2008-04-21,2.119
2008-04-22,2.151
2008-04-23,2.148
2008-04-24,2.328
2008-04-25,2.368
2008-04-28,2.3
2008-04-29,2.299
2008-04-30,2.214
2008-05-01,2.308
2008-05-02,2.38
2008-05-05,2.351
2008-05-06,2.345
2008-05-07,2.253
2008-05-08,2.168
2008-05-09,2.174
2008-05-12,2.281
2008-05-13,2.43
2008-05-14,2.503
2008-05-15,2.401
2008-05-16,2.444
2008-05-19,2.379
2008-05-20,2.293
2008-05-21,2.373
2008-05-22,2.513
2008-05-23,2.431
2008-05-27,2.496
2008-05-28,2.596
2008-05-29,2.663
2008-05-30,2.62
2008-06-02,2.481
2008-06-03,2.37
2008-06-04,2.425
2008-06-05,2.119
2008-06-06,2.078
2008-06-09,2.289
2008-06-10,2.495
2008-06-11,2.428
2008-06-12,2.624
2008-06-13,2.593
2008-06-16,2.629
2008-06-17,2.515
2008-06-18,2.474
2008-06-19,2.53
2008-06-20,2.442
2008-06-23,2.509
2008-06-24,2.488
2008-06-25,2.411
2008-06-26,2.344
2008-06-27,2.287
2008-06-30,2.333
2008-07-01,2.307
2008-07-02,2.342
2008-07-03,2.275
2008-07-07,2.249
2008-07-08,2.239
2008-07-09,2.161
2008-07-10,2.156
2008-07-11,2.259
2008-07-14,2.202
2008-07-15,2.13
2008-07-16,2.14
2008-07-17,2.191
2008-07-18,2.238
2008-07-21,2.207
2008-07-22,2.294
2008-07-23,2.304
2008-07-24,2.222
2008-07-25,2.278
2008-07-28,2.263
2008-07-29,2.288
2008-07-30,2.281
2008-07-31,2.254
2008-08-01,2.244
2008-08-04,2.254
2008-08-05,2.249
2008-08-06,2.233
2008-08-07,2.14
2008-08-08,2.161
2008-08-11,2.233
2008-08-12,2.135
2008-08-13,2.143
2008-08-14,2.109
2008-08-15,2.103
2008-08-18,2.103
2008-08-19,2.078
2008-08-20,2.026
2008-08-21,2.072
2008-08-22,2.129
2008-08-25,2.103
2008-08-26,2.134
2008-08-27,2.136
2008-08-28,2.151
2008-08-29,2.151
2008-09-02,2.099
2008-09-03,2.073
2008-09-04,2.027
2008-09-05,2.099
2008-09-08,2.099
2008-09-09,2.032
2008-09-10,2.021
2008-09-11,2.006
2008-09-12,2.0
2008-09-15,1.599
2008-09-16,1.651
2008-09-17,1.45
2008-09-18,1.532
2008-09-19,2.062
2008-09-22,2.031
2008-09-23,1.943
2008-09-24,1.872
2008-09-25,1.975
2008-09-26,1.836
2008-09-29,1.464
2008-09-30,1.785
2008-10-01,1.642
2008-10-02,1.398
2008-10-03,1.367
2008-10-06,1.255
2008-10-07,1.21
2008-10-08,1.235
2008-10-09,1.25
2008-10-10,1.027
2008-10-13,1.586
2008-10-14,1.194
2008-10-15,1.073
2008-10-16,1.27
2008-10-17,1.295
2008-10-20,1.671
2008-10-21,1.569
2008-10-22,1.581
2008-10-23,1.642
2008-10-24,1.56
2008-10-27,1.509
2008-10-28,1.494
2008-10-29,1.366
2008-10-30,1.315
2008-10-31,1.33
2008-11-03,1.285
2008-11-04,1.274
2008-11-05,1.198
2008-11-06,1.132
2008-11-07,1.183
2008-11-10,1.132
2008-11-12,0.989
2008-11-13,1.137
2008-11-14,1.101
2008-11-17,1.06
2008-11-18,1.015
2008-11-19,0.947
2008-11-20,0.8
2008-11-21,0.82
2008-11-24,0.927
2008-11-25,0.937
2008-11-26,0.927
2008-11-28,0.886
2008-12-01,0.81
2008-12-02,0.749
2008-12-03,0.699
2008-12-04,0.598
2008-12-05,0.527
2008-12-08,0.502
2008-12-09,0.462
2008-12-10,0.477
2008-12-11,0.487
2008-12-12,0.457
2008-12-15,0.472
2008-12-16,0.401
2008-12-17,0.464
2008-12-18,0.398
2008-12-19,0.386
2008-12-22,0.391
2008-12-23,0.408
2008-12-24,0.388
2008-12-26,0.357
2008-12-29,0.337
2008-12-30,0.312
2008-12-31,0.342
2009-01-02,0.378
2009-01-05,0.413
2009-01-06,0.418
2009-01-07,0.418
2009-01-08,0.438
2009-01-09,0.413
2009-01-12,0.413
2009-01-13,0.388
2009-01-14,0.427
2009-01-15,1.019
2009-01-16,0.427
2009-01-20,0.412
2009-01-21,0.435
2009-01-22,0.395
2009-01-23,0.432
2009-01-26,0.452
2009-01-27,0.457
2009-01-28,0.47
2009-01-29,0.482
2009-01-30,0.477
2009-02-02,0.492
2009-02-03,0.517
2009-02-04,0.495
2009-02-05,0.515
2009-02-06,0.53
2009-02-09,0.553
2009-02-10,0.515
2009-02-11,0.598
2009-02-12,0.593
2009-02-13,0.608
2009-02-17,0.593
2009-02-18,0.628
2009-02-19,0.652
2009-02-20,0.623
2009-02-23,0.664
2009-02-24,0.689
2009-02-25,0.722
2009-02-26,0.712
2009-02-27,0.682
2009-03-02,0.643
2009-03-03,0.636
2009-03-04,0.663
2009-03-05,0.628
2009-03-06,0.658
2009-03-09,0.668
2009-03-10,0.683
2009-03-11,0.71
2009-03-12,0.688
2009-03-13,0.675
2009-03-16,0.673
2009-03-17,0.68
2009-03-18,0.583
2009-03-19,0.588
2009-03-20,0.588
2009-03-23,0.593
2009-03-24,0.598
2009-03-25,0.583
2009-03-26,0.563
2009-03-27,0.568
2009-03-30,0.578
2009-03-31,0.547
2009-04-01,0.547
2009-04-02,0.558
2009-04-03,0.583
2009-04-06,0.568
2009-04-07,0.547
2009-04-08,0.592
2009-04-09,0.592
2009-04-13,0.576
2009-04-14,0.529
2009-04-15,0.521
2009-04-16,0.516
2009-04-17,0.556
2009-04-20,0.521
2009-04-21,0.513
2009-04-22,0.485
2009-04-23,0.465
2009-04-24,0.48
2009-04-27,0.47
2009-04-28,0.488
2009-04-29,0.467
2009-04-30,0.465
2009-05-01,0.465
2009-05-04,0.485
2009-05-05,0.48
2009-05-06,0.509
2009-05-07,0.542
2009-05-08,0.542
2009-05-11,0.514
2009-05-12,0.522
2009-05-13,0.502
2009-05-14,0.479
2009-05-15,0.471
2009-05-18,0.489
2009-05-19,0.461
2009-05-20,0.431
2009-05-21,0.436
2009-05-22,0.461
2009-05-26,0.469
2009-05-27,0.471
2009-05-28,0.458
2009-05-29,0.451
2009-06-01,0.448
2009-06-02,0.418
2009-06-03,0.442
2009-06-04,0.46
2009-06-05,0.619
2009-06-08,0.612
2009-06-09,0.543
2009-06-10,0.538
2009-06-11,0.516
2009-06-12,0.498
2009-06-15,0.477
2009-06-16,0.477
2009-06-17,0.472
2009-06-18,0.495
2009-06-19,0.482
2009-06-22,0.465
2009-06-23,0.46
2009-06-24,0.467
2009-06-25,0.424
2009-06-26,0.417
2009-06-29,0.449
2009-06-30,0.485
2009-07-01,0.54
2009-07-02,0.486
2009-07-06,0.458
2009-07-07,0.461
2009-07-08,0.441
2009-07-09,0.453
2009-07-10,0.438
2009-07-13,0.458
2009-07-14,0.456
2009-07-15,0.474
2009-07-16,0.448
2009-07-17,0.448
2009-07-20,0.451
2009-07-21,0.433
2009-07-22,0.431
2009-07-23,0.458
2009-07-24,0.433
2009-07-27,0.446
2009-07-28,0.443
2009-07-29,0.489
2009-07-30,0.479
2009-07-31,0.476
2009-08-03,0.474
2009-08-04,0.458
2009-08-05,0.471
2009-08-06,0.471
2009-08-07,0.504
2009-08-10,0.466
2009-08-11,0.451
2009-08-12,0.441
2009-08-13,0.426
2009-08-14,0.415
2009-08-17,0.415
2009-08-18,0.41
2009-08-19,0.403
2009-08-20,0.395
2009-08-21,0.41
2009-08-24,0.395
2009-08-25,0.418
2009-08-26,0.451
2009-08-27,0.441
2009-08-28,0.431
2009-08-31,0.421
2009-09-01,0.4
2009-09-02,0.39
2009-09-03,0.403
2009-09-04,0.41
2009-09-08,0.398
2009-09-09,0.385
2009-09-10,0.372
2009-09-11,0.37
2009-09-14,0.365
2009-09-15,0.37
2009-09-16,0.352
2009-09-17,0.347
2009-09-18,0.37
2009-09-21,0.362
2009-09-22,0.364
2009-09-23,0.394
2009-09-24,0.387
2009-09-25,0.407
2009-09-28,0.387
2009-09-29,0.389
2009-09-30,0.384
2009-10-01,0.344
2009-10-02,0.344
2009-10-05,0.339
2009-10-06,0.344
2009-10-07,0.321
2009-10-08,0.324
2009-10-09,0.349
2009-10-13,0.326
2009-10-14,0.321
2009-10-15,0.324
2009-10-16,0.329
2009-10-19,0.341
2009-10-20,0.326
2009-10-21,0.38
2009-10-22,0.37
2009-10-23,0.393
2009-10-26,0.403
2009-10-27,0.385
2009-10-28,0.368
2009-10-29,0.378
2009-10-30,0.352
2009-11-02,0.36
2009-11-03,0.35
2009-11-04,0.335
2009-11-05,0.322
2009-11-06,0.307
2009-11-09,0.31
2009-11-10,0.302
2009-11-12,0.292
2009-11-13,0.294
2009-11-16,0.277
2009-11-17,0.267
2009-11-18,0.289
2009-11-19,0.259
2009-11-20,0.266
2009-11-23,0.279
2009-11-24,0.261
2009-11-25,0.248
2009-11-27,0.236
2009-11-30,0.248
2009-12-01,0.243
2009-12-02,0.263
2009-12-03,0.263
2009-12-04,0.329
2009-12-07,0.291
2009-12-08,0.266
2009-12-09,0.278
2009-12-10,0.294
2009-12-11,0.311
2009-12-14,0.326
2009-12-15,0.356
2009-12-16,0.378
2009-12-17,0.337
2009-12-18,0.35
2009-12-21,0.388
2009-12-22,0.398
2009-12-23,0.398
2009-12-24,0.405
2009-12-28,0.448
2009-12-29,0.441
2009-12-30,0.418
2009-12-31,0.438
2010-01-04,0.405
2010-01-05,0.373
2010-01-06,0.362
2010-01-07,0.365
2010-01-08,0.327
2010-01-11,0.302
2010-01-12,0.297
2010-01-13,0.359
2010-01-14,0.334
2010-01-15,0.316
2010-01-19,0.314
2010-01-20,0.306
2010-01-21,0.286
2010-01-22,0.278
2010-01-25,0.289
2010-01-26,0.291
2010-01-27,0.314
2010-01-28,0.286
2010-01-29,0.281
2010-02-01,0.301
2010-02-02,0.296
2010-02-03,0.311
2010-02-04,0.283
2010-02-05,0.281
2010-02-08,0.286
2010-02-09,0.301
2010-02-10,0.364
2010-02-11,0.359
2010-02-12,0.339
2010-02-16,0.326
2010-02-17,0.339
2010-02-18,0.364
2010-02-19,0.361
2010-02-22,0.341
2010-02-23,0.329
2010-02-24,0.314
2010-02-25,0.294
2010-02-26,0.296
2010-03-01,0.296
2010-03-02,0.294
2010-03-03,0.296
2010-03-04,0.309
2010-03-05,0.334
2010-03-08,0.341
2010-03-09,0.336
2010-03-10,0.38
2010-03-11,0.393
2010-03-12,0.408
2010-03-15,0.405
2010-03-16,0.385
2010-03-17,0.375
2010-03-18,0.385
2010-03-19,0.408
2010-03-22,0.398
2010-03-23,0.387
2010-03-24,0.41
2010-03-25,0.405
2010-03-26,0.395
2010-03-29,0.39
2010-03-30,0.398
2010-03-31,0.385
2010-04-01,0.392
2010-04-02,0.423
2010-04-05,0.441
2010-04-06,0.436
2010-04-07,0.455
2010-04-08,0.447
2010-04-09,0.447
2010-04-12,0.432
2010-04-13,0.429
2010-04-14,0.432
2010-04-15,0.412
2010-04-16,0.386
2010-04-19,0.391
2010-04-20,0.404
2010-04-21,0.404
2010-04-22,0.414
2010-04-23,0.434
2010-04-26,0.424
2010-04-27,0.381
2010-04-28,0.381
2010-04-29,0.381
2010-04-30,0.381
2010-05-03,0.389
2010-05-04,0.368
2010-05-05,0.387
2010-05-06,0.352
2010-05-07,0.372
2010-05-10,0.39
2010-05-11,0.38
2010-05-12,0.38
2010-05-13,0.37
2010-05-14,0.337
2010-05-17,0.347
2010-05-18,0.327
2010-05-19,0.337
2010-05-20,0.314
2010-05-21,0.332
2010-05-24,0.337
2010-05-25,0.326
2010-05-26,0.339
2010-05-27,0.344
2010-05-28,0.321
2010-06-01,0.321
2010-06-02,0.326
2010-06-03,0.374
2010-06-04,0.331
2010-06-07,0.328
2010-06-08,0.326
2010-06-09,0.313
2010-06-10,0.326
2010-06-11,0.298
2010-06-14,0.288
2010-06-15,0.29
2010-06-16,0.275
2010-06-17,0.265
2010-06-18,0.27
2010-06-21,0.273
2010-06-22,0.27
2010-06-23,0.275
2010-06-24,0.275
2010-06-25,0.275
2010-06-28,0.273
2010-06-29,0.273
2010-06-30,0.316
2010-07-01,0.31
2010-07-02,0.306
2010-07-06,0.305
2010-07-07,0.298
2010-07-08,0.29
2010-07-09,0.288
2010-07-12,0.29
2010-07-13,0.293
2010-07-14,0.268
2010-07-15,0.257
2010-07-16,0.252
2010-07-19,0.255
2010-07-20,0.252
2010-07-21,0.242
2010-07-22,0.247
2010-07-23,0.255
2010-07-26,0.262
2010-07-27,0.278
2010-07-28,0.296
2010-07-29,0.291
2010-07-30,0.283
2010-08-02,0.276
2010-08-03,0.258
2010-08-04,0.261
2010-08-05,0.253
2010-08-06,0.245
2010-08-09,0.248
2010-08-10,0.243
2010-08-11,0.235
2010-08-12,0.238
2010-08-13,0.238
2010-08-16,0.238
2010-08-17,0.243
2010-08-18,0.24
2010-08-19,0.238
2010-08-20,0.238
2010-08-23,0.243
2010-08-24,0.245
2010-08-25,0.263
2010-08-26,0.258
2010-08-27,0.258
2010-08-30,0.245
2010-08-31,0.233
2010-09-01,0.238
2010-09-02,0.233
2010-09-03,0.235
2010-09-07,0.233
2010-09-08,0.233
2010-09-09,0.24
2010-09-10,0.245
2010-09-13,0.245
2010-09-14,0.243
2010-09-15,0.238
2010-09-16,0.243
2010-09-17,0.243
2010-09-20,0.245
2010-09-21,0.263
2010-09-22,0.254
2010-09-23,0.249
2010-09-24,0.251
2010-09-27,0.251
2010-09-28,0.256
2010-09-29,0.251
2010-09-30,0.251
2010-10-01,0.246
2010-10-04,0.241
2010-10-05,0.236
2010-10-06,0.226
2010-10-07,0.206
2010-10-08,0.196
2010-10-12,0.201
2010-10-13,0.201
2010-10-14,0.208
2010-10-15,0.208
2010-10-18,0.216
2010-10-19,0.216
2010-10-20,0.221
2010-10-21,0.219
2010-10-22,0.214
2010-10-25,0.211
2010-10-26,0.224
2010-10-27,0.224
2010-10-28,0.219
2010-10-29,0.209
2010-11-01,0.204
2010-11-02,0.206
2010-11-03,0.201
2010-11-04,0.196
2010-11-05,0.206
2010-11-08,0.216
2010-11-09,0.229
2010-11-10,0.229
2010-11-12,0.252
2010-11-15,0.269
2010-11-16,0.259
2010-11-17,0.259
2010-11-18,0.259
2010-11-19,0.259
2010-11-22,0.254
2010-11-23,0.248
2010-11-24,0.271
2010-11-26,0.269
2010-11-29,0.269
2010-11-30,0.261
2010-12-01,0.273
2010-12-02,0.271
2010-12-03,0.256
2010-12-06,0.241
2010-12-07,0.256
2010-12-08,0.271
2010-12-09,0.273
2010-12-10,0.271
2010-12-13,0.271
2010-12-14,0.276
2010-12-15,0.305
2010-12-16,0.3
2010-12-17,0.292
2010-12-20,0.292
2010-12-21,0.287
2010-12-22,0.287
2010-12-23,0.287
2010-12-27,0.292
2010-12-28,0.292
2010-12-29,0.274
2010-12-30,0.272
2010-12-31,0.267
2011-01-03,0.269
2011-01-04,0.267
2011-01-05,0.287
2011-01-06,0.284
2011-01-07,0.272
2011-01-10,0.267
2011-01-11,0.257
2011-01-12,0.261
2011-01-13,0.254
2011-01-14,0.259
2011-01-18,0.256
2011-01-19,0.254
2011-01-20,0.261
2011-01-21,0.261
2011-01-24,0.261
2011-01-25,0.258
2011-01-26,0.261
2011-01-27,0.241
2011-01-28,0.233
2011-01-31,0.241
2011-02-01,0.246
2011-02-02,0.261
2011-02-03,0.271
2011-02-04,0.273
2011-02-07,0.278
2011-02-08,0.288
2011-02-09,0.299
2011-02-10,0.294
2011-02-11,0.289
2011-02-14,0.286
2011-02-15,0.286
2011-02-16,0.281
2011-02-17,0.264
2011-02-18,0.261
2011-02-22,0.253
2011-02-23,0.246
2011-02-24,0.238
2011-02-25,0.241
2011-02-28,0.241
2011-03-01,0.231
2011-03-02,0.236
2011-03-03,0.251
2011-03-04,0.233
2011-03-07,0.236
2011-03-08,0.236
2011-03-09,0.248
2011-03-10,0.233
2011-03-11,0.228
2011-03-14,0.218
2011-03-15,0.223
2011-03-16,0.21
2011-03-17,0.218
2011-03-18,0.218
2011-03-21,0.23
2011-03-22,0.233
2011-03-23,0.233
2011-03-24,0.243
2011-03-25,0.263
2011-03-28,0.276
2011-03-29,0.281
2011-03-30,0.271
2011-03-31,0.273
2011-04-01,0.235
2011-04-04,0.195
2011-04-05,0.243
2011-04-06,0.28
2011-04-07,0.257
2011-04-08,0.257
2011-04-11,0.252
2011-04-12,0.237
2011-04-13,0.227
2011-04-14,0.242
2011-04-15,0.227
2011-04-18,0.217
2011-04-19,0.217
2011-04-20,0.217
2011-04-21,0.212
2011-04-25,0.207
2011-04-26,0.202
2011-04-27,0.202
2011-04-28,0.197
2011-04-29,0.187
2011-05-02,0.187
2011-05-03,0.171
2011-05-04,0.187
2011-05-05,0.177
2011-05-06,0.169
2011-05-09,0.164
2011-05-10,0.172
2011-05-11,0.169
2011-05-12,0.169
2011-05-13,0.167
2011-05-16,0.167
2011-05-17,0.167
2011-05-18,0.175
2011-05-19,0.172
2011-05-20,0.167
2011-05-23,0.172
2011-05-24,0.172
2011-05-25,0.169
2011-05-26,0.162
2011-05-27,0.157
2011-05-31,0.164
2011-06-01,0.159
2011-06-02,0.184
2011-06-03,0.174
2011-06-06,0.171
2011-06-07,0.167
2011-06-08,0.164
2011-06-09,0.177
2011-06-10,0.171
2011-06-13,0.167
2011-06-14,0.176
2011-06-15,0.166
2011-06-16,0.164
2011-06-17,0.164
2011-06-20,0.164
2011-06-21,0.164
2011-06-22,0.151
2011-06-23,0.141
2011-06-24,0.144
2011-06-27,0.159
2011-06-28,0.182
2011-06-29,0.189
2011-06-30,0.192
2011-07-01,0.192
2011-07-05,0.182
2011-07-06,0.177
2011-07-07,0.187
2011-07-08,0.164
2011-07-11,0.156
2011-07-12,0.159
2011-07-13,0.151
2011-07-14,0.144
2011-07-15,0.146
2011-07-18,0.146
2011-07-19,0.166
2011-07-20,0.166
2011-07-21,0.174
2011-07-22,0.174
2011-07-25,0.184
2011-07-26,0.192
2011-07-27,0.207
2011-07-28,0.205
2011-07-29,0.205
2011-08-01,0.197
2011-08-02,0.157
2011-08-03,0.149
2011-08-04,0.104
2011-08-05,0.111
2011-08-08,0.119
2011-08-09,0.106
2011-08-10,0.094
2011-08-11,0.104
2011-08-12,0.101
2011-08-15,0.106
2011-08-16,0.101
2011-08-17,0.094
2011-08-18,0.089
2011-08-19,0.089
2011-08-22,0.078
2011-08-23,0.068
2011-08-24,0.099
2011-08-25,0.091
2011-08-26,0.089
2011-08-29,0.091
2011-08-30,0.091
2011-08-31,0.101
2011-09-01,0.099
2011-09-02,0.106
2011-09-06,0.111
2011-09-07,0.101
2011-09-08,0.101
2011-09-09,0.091
2011-09-12,0.096
2011-09-13,0.094
2011-09-14,0.086
2011-09-15,0.089
2011-09-16,0.078
2011-09-19,0.073
2011-09-20,0.071
2011-09-21,0.101
2011-09-22,0.096
2011-09-23,0.096
2011-09-26,0.098
2011-09-27,0.101
2011-09-28,0.101
2011-09-29,0.103
2011-09-30,0.108
2011-10-03,0.101
2011-10-04,0.101
2011-10-05,0.09
2011-10-06,0.078
2011-10-07,0.095
2011-10-11,0.101
2011-10-12,0.09
2011-10-13,0.095
2011-10-14,0.101
2011-10-17,0.103
2011-10-18,0.105
2011-10-19,0.113
2011-10-20,0.113
2011-10-21,0.111
2011-10-24,0.111
2011-10-25,0.111
2011-10-26,0.116
2011-10-27,0.121
2011-10-28,0.116
2011-10-31,0.108
2011-11-01,0.106
2011-11-02,0.101
2011-11-03,0.098
2011-11-04,0.088
2011-11-07,0.081
2011-11-08,0.086
2011-11-09,0.086
2011-11-10,0.086
2011-11-11,0.086
2011-11-14,0.086
2011-11-15,0.091
2011-11-16,0.101
2011-11-17,0.101
2011-11-18,0.103
2011-11-21,0.106
2011-11-22,0.108
2011-11-23,0.111
2011-11-25,0.116
2011-11-28,0.113
2011-11-29,0.113
2011-11-30,0.108
2011-12-01,0.103
2011-12-02,0.101
2011-12-05,0.101
2011-12-06,0.101
2011-12-07,0.09
2011-12-08,0.09
2011-12-09,0.088
2011-12-12,0.085
2011-12-13,0.095
2011-12-14,0.111
2011-12-15,0.108
2011-12-16,0.108
2011-12-19,0.108
2011-12-20,0.108
2011-12-21,0.111
2011-12-22,0.108
2011-12-23,0.111
2011-12-27,0.108
2011-12-28,0.106
2011-12-29,0.106
2011-12-30,0.108
2012-01-03,0.106
2012-01-04,0.103
2012-01-05,0.101
2012-01-06,0.096
2012-01-09,0.096
2012-01-10,0.093
2012-01-11,0.103
2012-01-12,0.101
2012-01-13,0.101
2012-01-17,0.101
2012-01-18,0.103
2012-01-19,0.106
2012-01-20,0.106
2012-01-23,0.106
2012-01-24,0.106
2012-01-25,0.101
2012-01-26,0.106
2012-01-27,0.111
2012-01-30,0.116
2012-01-31,0.113
2012-02-01,0.118
2012-02-02,0.128
2012-02-03,0.126
2012-02-06,0.126
2012-02-07,0.131
2012-02-08,0.143
2012-02-09,0.148
2012-02-10,0.151
2012-02-13,0.166
2012-02-14,0.169
2012-02-15,0.156
2012-02-16,0.158
2012-02-17,0.158
2012-02-21,0.158
2012-02-22,0.156
2012-02-23,0.156
2012-02-24,0.161
2012-02-27,0.163
2012-02-28,0.161
2012-02-29,0.161
2012-03-01,0.163
2012-03-02,0.156
2012-03-03,0.156
2012-03-05,0.158
2012-03-06,0.158
2012-03-07,0.177
2012-03-08,0.182
2012-03-09,0.182
2012-03-10,0.182
2012-03-12,0.185
2012-03-13,0.195
2012-03-14,0.205
2012-03-15,0.2
2012-03-16,0.197
2012-03-17,0.197
2012-03-19,0.202
2012-03-20,0.205
2012-03-21,0.192
2012-03-22,0.185
2012-03-23,0.177
2012-03-24,0.177
2012-03-26,0.177
2012-03-27,0.167
2012-03-28,0.169
2012-03-29,0.172
2012-03-30,0.172
2012-03-31,0.172
2012-04-02,0.175
2012-04-03,0.19
2012-04-04,0.189
2012-04-05,0.189
2012-04-06,0.189
2012-04-07,0.189
2012-04-09,0.189
2012-04-10,0.182
2012-04-11,0.182
2012-04-12,0.177
2012-04-13,0.169
2012-04-14,0.169
2012-04-16,0.169
2012-04-17,0.167
2012-04-18,0.161
2012-04-19,0.161
2012-04-20,0.161
2012-04-21,0.161
2012-04-23,0.161
2012-04-24,0.171
2012-04-25,0.169
2012-04-26,0.169
2012-04-27,0.174
2012-04-28,0.174
2012-04-30,0.179
2012-05-01,0.182
2012-05-02,0.182
2012-05-03,0.182
2012-05-04,0.175
2012-05-05,0.175
2012-05-07,0.175
2012-05-08,0.175
2012-05-09,0.177
2012-05-10,0.177
2012-05-11,0.177
2012-05-12,0.177
2012-05-14,0.18
2012-05-15,0.182
2012-05-16,0.185
2012-05-17,0.19
2012-05-18,0.192
2012-05-19,0.192
2012-05-21,0.19
2012-05-22,0.192
2012-05-23,0.19
2012-05-24,0.192
2012-05-25,0.192
2012-05-26,0.192
2012-05-28,0.192
2012-05-29,0.185
2012-05-30,0.177
2012-05-31,0.18
2012-06-01,0.175
2012-06-02,0.175
2012-06-04,0.175
2012-06-05,0.175
2012-06-06,0.175
2012-06-07,0.172
2012-06-08,0.172
2012-06-09,0.172
2012-06-11,0.172
2012-06-12,0.177
2012-06-13,0.172
2012-06-14,0.175
2012-06-15,0.169
2012-06-16,0.169
2012-06-18,0.172
2012-06-19,0.172
2012-06-20,0.175
2012-06-21,0.172
2012-06-22,0.175
2012-06-23,0.175
2012-06-25,0.175
2012-06-26,0.185
2012-06-27,0.207
2012-06-28,0.207
2012-06-29,0.207
2012-06-30,0.207
2012-07-02,0.202
2012-07-03,0.202
2012-07-04,0.202
2012-07-05,0.194
2012-07-06,0.187
2012-07-07,0.187
2012-07-09,0.187
2012-07-10,0.187
2012-07-11,0.187
2012-07-12,0.187
2012-07-13,0.171
2012-07-14,0.171
2012-07-16,0.167
2012-07-17,0.171
2012-07-18,0.164
2012-07-19,0.161
2012-07-20,0.156
2012-07-21,0.156
2012-07-23,0.159
2012-07-24,0.166
2012-07-25,0.172
2012-07-26,0.172
2012-07-27,0.175
2012-07-28,0.175
2012-07-30,0.169
2012-07-31,0.162
2012-08-01,0.162
2012-08-02,0.162
2012-08-03,0.164
2012-08-04,0.164
2012-08-06,0.164
2012-08-07,0.175
2012-08-08,0.177
2012-08-09,0.18
2012-08-10,0.172
2012-08-11,0.172
2012-08-13,0.177
2012-08-14,0.18
2012-08-15,0.182
2012-08-16,0.182
2012-08-17,0.182
2012-08-18,0.182
2012-08-20,0.182
2012-08-21,0.195
2012-08-22,0.185
2012-08-23,0.18
2012-08-24,0.18
2012-08-25,0.18
2012-08-27,0.177
2012-08-28,0.177
2012-08-29,0.175
2012-08-30,0.172
2012-08-31,0.159
2012-09-01,0.159
2012-09-04,0.162
2012-09-05,0.162
2012-09-06,0.169
2012-09-07,0.164
2012-09-08,0.164
2012-09-10,0.162
2012-09-11,0.162
2012-09-12,0.162
2012-09-13,0.157
2012-09-14,0.164
2012-09-15,0.164
2012-09-17,0.169
2012-09-18,0.169
2012-09-19,0.178
2012-09-20,0.178
2012-09-21,0.176
2012-09-22,0.176
2012-09-24,0.171
2012-09-25,0.171
2012-09-26,0.166
2012-09-27,0.161
2012-09-28,0.155
2012-09-29,0.155
2012-10-01,0.158
2012-10-02,0.158
2012-10-03,0.155
2012-10-04,0.158
2012-10-05,0.163
2012-10-06,0.163
2012-10-09,0.166
2012-10-10,0.168
2012-10-11,0.173
2012-10-12,0.173
2012-10-13,0.173
2012-10-15,0.17
2012-10-16,0.17
2012-10-17,0.186
2012-10-18,0.181
2012-10-19,0.179
2012-10-20,0.179
2012-10-22,0.181
2012-10-23,0.179
2012-10-24,0.179
2012-10-25,0.181
2012-10-26,0.176
2012-10-27,0.176
2012-10-29,0.174
2012-10-30,0.174
2012-10-31,0.174
2012-11-01,0.174
2012-11-02,0.176
2012-11-03,0.176
2012-11-05,0.174
2012-11-06,0.178
2012-11-07,0.171
2012-11-08,0.174
2012-11-09,0.174
2012-11-10,0.174
2012-11-13,0.174
2012-11-14,0.171
2012-11-15,0.173
2012-11-16,0.168
2012-11-17,0.168
2012-11-19,0.171
2012-11-20,0.171
2012-11-21,0.173
2012-11-22,0.173
2012-11-23,0.176
2012-11-24,0.176
2012-11-26,0.17
2012-11-27,0.17
2012-11-28,0.168
2012-11-29,0.168
2012-11-30,0.168
2012-12-01,0.168
2012-12-03,0.17
2012-12-04,0.17
2012-12-05,0.166
2012-12-06,0.168
2012-12-07,0.168
2012-12-08,0.168
2012-12-10,0.163
2012-12-11,0.15
2012-12-12,0.154
2012-12-13,0.143
2012-12-14,0.131
2012-12-15,0.131
2012-12-17,0.136
2012-12-18,0.156
2012-12-19,0.151
2012-12-20,0.148
2012-12-21,0.148
2012-12-22,0.148
2012-12-24,0.148
2012-12-25,0.148
2012-12-26,0.148
2012-12-27,0.143
2012-12-28,0.141
2012-12-29,0.141
2012-12-31,0.143
2013-01-01,0.143
2013-01-02,0.141
2013-01-03,0.141
2013-01-04,0.138
2013-01-05,0.138
2013-01-07,0.136
2013-01-08,0.136
2013-01-09,0.135
2013-01-10,0.135
2013-01-11,0.135
2013-01-12,0.135
2013-01-14,0.138
2013-01-15,0.138
2013-01-16,0.138
2013-01-17,0.143
2013-01-18,0.135
2013-01-19,0.135
2013-01-22,0.135
2013-01-23,0.135
2013-01-24,0.133
2013-01-25,0.14
2013-01-26,0.14
2013-01-28,0.14
2013-01-29,0.138
2013-01-30,0.135
2013-01-31,0.135
2013-02-01,0.135
2013-02-02,0.135
2013-02-04,0.133
2013-02-05,0.135
2013-02-06,0.146
2013-02-07,0.146
2013-02-08,0.146
2013-02-09,0.146
2013-02-11,0.148
2013-02-12,0.15
2013-02-13,0.15
2013-02-14,0.153
2013-02-15,0.153
2013-02-16,0.153
2013-02-19,0.155
2013-02-20,0.153
2013-02-21,0.153
2013-02-22,0.155
2013-02-23,0.155
2013-02-25,0.153
2013-02-26,0.15
2013-02-27,0.153
2013-02-28,0.153
2013-03-01,0.15
2013-03-02,0.15
2013-03-04,0.15
2013-03-05,0.148
2013-03-06,0.154
2013-03-07,0.154
2013-03-08,0.152
2013-03-09,0.152
2013-03-11,0.152
2013-03-12,0.152
2013-03-13,0.147
2013-03-14,0.147
2013-03-15,0.144
2013-03-16,0.144
2013-03-18,0.139
2013-03-19,0.134
2013-03-20,0.134
2013-03-21,0.132
2013-03-22,0.132
2013-03-23,0.132
2013-03-25,0.132
2013-03-26,0.132
2013-03-27,0.126
2013-03-28,0.129
2013-03-29,0.129
2013-04-01,0.132
2013-04-02,0.132
2013-04-03,0.131
2013-04-04,0.134
2013-04-05,0.131
2013-04-08,0.129
2013-04-09,0.129
2013-04-10,0.126
2013-04-11,0.124
2013-04-12,0.119
2013-04-13,0.119
2013-04-15,0.116
2013-04-16,0.116
2013-04-17,0.113
2013-04-18,0.111
2013-04-19,0.111
2013-04-20,0.111
2013-04-22,0.108
2013-04-23,0.108
2013-04-24,0.106
2013-04-25,0.106
2013-04-26,0.106
2013-04-27,0.106
2013-04-29,0.103
2013-04-30,0.103
2013-05-01,0.109
2013-05-02,0.106
2013-05-03,0.111
2013-05-04,0.111
2013-05-06,0.106
2013-05-07,0.106
2013-05-08,0.106
2013-05-09,0.106
2013-05-10,0.111
2013-05-11,0.111
2013-05-13,0.111
2013-05-14,0.111
2013-05-15,0.111
2013-05-16,0.106
2013-05-17,0.106
2013-05-18,0.106
2013-05-20,0.109
2013-05-21,0.104
2013-05-22,0.106
2013-05-23,0.106
2013-05-24,0.109
2013-05-25,0.109
2013-05-28,0.119
2013-05-29,0.126
2013-05-30,0.129
2013-05-31,0.137
2013-06-01,0.137
2013-06-03,0.134
2013-06-04,0.134
2013-06-05,0.132
2013-06-06,0.132
2013-06-07,0.126
2013-06-08,0.126
2013-06-10,0.126
2013-06-11,0.129
2013-06-12,0.126
2013-06-13,0.121
2013-06-14,0.116
2013-06-15,0.116
2013-06-17,0.116
2013-06-18,0.119
2013-06-19,0.124
2013-06-20,0.121
2013-06-21,0.124
2013-06-22,0.124
2013-06-24,0.134
2013-06-25,0.137
2013-06-26,0.162
2013-06-27,0.151
2013-06-28,0.146
2013-06-29,0.146
2013-07-01,0.144
2013-07-02,0.134
2013-07-03,0.134
2013-07-04,0.134
2013-07-05,0.141
2013-07-06,0.141
2013-07-08,0.126
2013-07-09,0.124
2013-07-10,0.121
2013-07-11,0.111
2013-07-12,0.111
2013-07-13,0.111
2013-07-15,0.098
2013-07-16,0.093
2013-07-17,0.096
2013-07-18,0.098
2013-07-19,0.098
2013-07-20,0.098
2013-07-22,0.096
2013-07-23,0.098
2013-07-24,0.121
2013-07-25,0.114
2013-07-26,0.111
2013-07-27,0.111
2013-07-29,0.111
2013-07-30,0.111
2013-07-31,0.111
2013-08-01,0.114
2013-08-02,0.106
2013-08-03,0.106
2013-08-05,0.109
2013-08-06,0.109
2013-08-07,0.106
2013-08-08,0.104
2013-08-09,0.106
2013-08-10,0.106
2013-08-12,0.106
2013-08-13,0.111
2013-08-14,0.109
2013-08-15,0.116
2013-08-16,0.116
2013-08-19,0.121
2013-08-20,0.119
2013-08-21,0.139
2013-08-22,0.132
2013-08-23,0.129
2013-08-26,0.129
2013-08-27,0.124
2013-08-28,0.124
2013-08-29,0.121
2013-08-30,0.121
2013-09-02,0.124
2013-09-03,0.124
2013-09-04,0.134
2013-09-05,0.144
2013-09-06,0.129
2013-09-07,0.129
2013-09-09,0.111
2013-09-10,0.114
2013-09-11,0.111
2013-09-12,0.106
2013-09-13,0.109
2013-09-16,0.104
2013-09-17,0.106
2013-09-18,0.105
2013-09-19,0.103
2013-09-20,0.103
2013-09-23,0.1
2013-09-24,0.1
2013-09-25,0.1
2013-09-26,0.093
2013-09-27,0.09
2013-09-30,0.09
2013-10-01,0.095
2013-10-02,0.09
2013-10-03,0.095
2013-10-04,0.098
2013-10-07,0.105
2013-10-08,0.135
2013-10-09,0.14
2013-10-10,0.132
2013-10-11,0.129
2013-10-14,0.13
2013-10-15,0.152
2013-10-16,0.134
2013-10-17,0.129
2013-10-18,0.122
2013-10-21,0.114
2013-10-22,0.101
2013-10-23,0.101
2013-10-24,0.104
2013-10-25,0.101
2013-10-28,0.101
2013-10-29,0.101
2013-10-30,0.101
2013-10-31,0.096
2013-11-01,0.094
2013-11-04,0.096
2013-11-05,0.104
2013-11-06,0.096
2013-11-07,0.099
2013-11-08,0.107
2013-11-11,0.108
2013-11-12,0.109
2013-11-13,0.134
2013-11-14,0.127
2013-11-15,0.127
2013-11-18,0.129
2013-11-19,0.132
2013-11-20,0.122
2013-11-21,0.122
2013-11-22,0.122
2013-11-25,0.122
2013-11-26,0.122
2013-11-27,0.122
2013-11-28,0.12
2013-11-29,0.119
2013-12-02,0.122
2013-12-03,0.122
2013-12-04,0.124
2013-12-05,0.124
2013-12-06,0.124
2013-12-09,0.122
2013-12-10,0.114
2013-12-11,0.134
2013-12-12,0.137
2013-12-13,0.137
2013-12-16,0.134
2013-12-17,0.134
2013-12-18,0.132
2013-12-19,0.134
2013-12-20,0.134
2013-12-23,0.129
2013-12-24,0.129
2013-12-25,0.131
2013-12-26,0.124
2013-12-27,0.117
2013-12-30,0.117
2013-12-31,0.117
2014-01-01,0.116
2014-01-02,0.112
2014-01-03,0.114
2014-01-06,0.109
2014-01-07,0.104
2014-01-08,0.129
2014-01-09,0.127
2014-01-10,0.119
2014-01-13,0.112
2014-01-14,0.112
2014-01-15,0.117
2014-01-16,0.107
2014-01-17,0.107
2014-01-20,0.79
2014-01-21,0.806
2014-01-22,0.846
2014-01-23,0.769
2014-01-24,0.726
2014-01-27,0.747
2014-01-28,0.734
2014-01-29,0.702
2014-01-30,0.702
2014-01-31,0.667
2014-02-03,0.621
2014-02-04,0.64
2014-02-05,0.645
2014-02-06,0.664
2014-02-07,0.634
2014-02-10,0.637
2014-02-11,0.682
2014-02-12,0.741
2014-02-13,0.696
2014-02-14,0.704
2014-02-17,0.71
2014-02-18,0.67
2014-02-19,0.699
2014-02-20,0.71
2014-02-21,0.705
2014-02-24,0.71
2014-02-25,0.694
2014-02-26,0.67
2014-02-27,0.66
2014-02-28,0.67
2014-03-03,0.644
2014-03-04,0.695
2014-03-05,0.7
2014-03-06,0.716
2014-03-07,0.771
2014-03-10,0.765
2014-03-11,0.763
2014-03-12,0.79
2014-03-13,0.737
2014-03-14,0.742
2014-03-17,0.771
2014-03-18,0.753
2014-03-19,0.885
2014-03-20,0.886
2014-03-21,0.899
2014-03-24,0.926
2014-03-25,0.916
2014-03-26,0.876
2014-03-27,0.894
2014-03-28,0.911
2014-03-31,0.871
2014-04-01,0.884
2014-04-02,0.925
2014-04-03,0.93
2014-04-04,0.869
2014-04-07,0.847
2014-04-08,0.85
2014-04-09,0.833
2014-04-10,0.812
2014-04-11,0.801
2014-04-14,0.83
2014-04-15,0.843
2014-04-16,0.864
2014-04-17,0.91
2014-04-21,0.899
2014-04-22,0.91
2014-04-23,0.902
2014-04-24,0.896
2014-04-25,0.886
2014-04-28,0.896
2014-04-29,0.896
2014-04-30,0.851
2014-05-01,0.84
2014-05-02,0.867
2014-05-05,0.878
2014-05-06,0.883
2014-05-07,0.896
2014-05-08,0.864
2014-05-09,0.864
2014-05-12,0.88
2014-05-13,0.846
2014-05-14,0.817
2014-05-15,0.798
2014-05-16,0.809
2014-05-19,0.793
2014-05-20,0.766
2014-05-21,0.774
2014-05-22,0.787
2014-05-23,0.779
2014-05-26,0.782
2014-05-27,0.779
2014-05-28,0.747
2014-05-29,0.771
2014-05-30,0.776
2014-06-02,0.808
2014-06-03,0.832
2014-06-04,0.824
2014-06-05,0.802
2014-06-06,0.832
2014-06-09,0.864
2014-06-10,0.891
2014-06-11,0.928
2014-06-12,0.92
2014-06-13,0.931
2014-06-16,0.952
2014-06-17,0.992
2014-06-18,0.936
2014-06-19,0.928
2014-06-20,0.928
2014-06-23,0.95
2014-06-24,0.934
2014-06-25,0.915
2014-06-26,0.883
2014-06-27,0.878
2014-06-30,0.867
2014-07-01,0.883
2014-07-02,0.921
2014-07-03,0.959
2014-07-07,0.97
2014-07-08,0.948
2014-07-09,0.96
2014-07-10,0.941
2014-07-11,0.925
2014-07-12,0.925
2014-07-14,0.949
2014-07-15,0.973
2014-07-16,0.984
2014-07-17,0.92
2014-07-18,0.968
2014-07-21,0.984
2014-07-22,0.96
2014-07-23,0.95
2014-07-24,0.982
2014-07-25,0.971
2014-07-28,0.99
2014-07-29,0.985
2014-07-30,1.02
2014-07-31,0.996
2014-08-01,0.918
2014-08-02,0.918
2014-08-04,0.899
2014-08-05,0.905
2014-08-06,0.902
2014-08-07,0.867
2014-08-08,0.894
2014-08-11,0.894
2014-08-12,0.894
2014-08-13,0.883
2014-08-14,0.883
2014-08-15,0.862
2014-08-18,0.888
2014-08-19,0.896
2014-08-20,0.947
2014-08-21,0.939
2014-08-22,0.969
2014-08-25,0.979
2014-08-26,0.966
2014-08-27,0.955
2014-08-28,0.939
2014-08-29,0.929
2014-09-01,0.937
2014-09-02,0.972
2014-09-03,0.964
2014-09-04,0.986
2014-09-05,0.962
2014-09-08,0.994
2014-09-09,1.035
2014-09-10,1.085
2014-09-11,1.077
2014-09-12,1.082
2014-09-13,1.082
2014-09-15,1.058
2014-09-16,1.048
2014-09-17,1.099
2014-09-18,1.096
2014-09-19,1.088
2014-09-22,1.061
2014-09-23,1.045
2014-09-24,1.064
2014-09-25,1.021
2014-09-26,1.062
2014-09-27,1.062
2014-09-29,1.035
2014-09-30,1.046
2014-10-01,0.973
2014-10-02,0.989
2014-10-03,1.03
2014-10-06,0.997
2014-10-07,0.946
2014-10-08,0.899
2014-10-09,0.912
2014-10-10,0.883
2014-10-13,0.835
2014-10-14,0.806
2014-10-15,0.706
2014-10-16,0.748
2014-10-17,0.787
2014-10-20,0.769
2014-10-21,0.779
2014-10-22,0.774
2014-10-23,0.824
2014-10-24,0.814
2014-10-27,0.808
2014-10-28,0.832
2014-10-29,0.91
2014-10-30,0.891
2014-10-31,0.923
2014-11-03,0.942
2014-11-04,0.945
2014-11-05,0.956
2014-11-06,0.991
2014-11-07,0.926
2014-11-10,0.97
2014-11-11,1.018
2014-11-12,1.005
2014-11-13,0.971
2014-11-14,0.957
2014-11-17,0.963
2014-11-18,0.952
2014-11-19,0.974
2014-11-20,0.958
2014-11-21,0.942
2014-11-24,0.939
2014-11-25,0.926
2014-11-26,0.915
2014-11-27,0.899
2014-11-28,0.862
2014-12-01,0.899
2014-12-02,0.945
2014-12-03,0.969
2014-12-04,0.951
2014-12-05,1.073
2014-12-08,1.065
2014-12-09,1.024
2014-12-10,1.011
2014-12-11,1.048
2014-12-12,0.974
2014-12-15,1.026
2014-12-16,0.989
2014-12-17,1.069
2014-12-18,1.093
2014-12-19,1.091
2014-12-22,1.11
2014-12-23,1.166
2014-12-24,1.169
2014-12-25,1.174
2014-12-26,1.169
2014-12-29,1.124
2014-12-30,1.097
2014-12-31,1.073
2015-01-01,1.073
2015-01-02,1.059
2015-01-05,1.043
2015-01-06,0.986
2015-01-07,0.976
2015-01-08,0.976
2015-01-09,0.921
2015-01-12,0.891
2015-01-13,0.893
2015-01-14,0.838
2015-01-15,0.725
2015-01-16,0.819
2015-01-19,0.785
2015-01-20,0.835
2015-01-21,0.875
2015-01-22,0.896
2015-01-23,0.851
2015-01-26,0.878
2015-01-27,0.872
2015-01-28,0.8
2015-01-29,0.829
2015-01-30,0.736
2015-02-02,0.765
2015-02-03,0.837
2015-02-04,0.8
2015-02-05,0.848
2015-02-06,1.013
2015-02-09,1.032
2015-02-10,1.03
2015-02-11,1.074
2015-02-12,1.021
2015-02-13,1.045
2015-02-16,1.019
2015-02-17,1.088
2015-02-18,1.016
2015-02-19,1.048
2015-02-20,1.056
2015-02-23,1.021
2015-02-24,0.955
2015-02-25,0.968
2015-02-26,1.027
2015-02-27,1.0
2015-03-02,1.048
2015-03-03,1.075
2015-03-04,1.048
2015-03-05,1.038
2015-03-06,1.144
2015-03-09,1.106
2015-03-10,1.068
2015-03-11,1.098
2015-03-12,1.077
2015-03-13,1.072
2015-03-16,1.056
2015-03-17,1.069
2015-03-18,0.912
2015-03-19,0.992
2015-03-20,0.944
2015-03-23,0.925
2015-03-24,0.904
2015-03-25,0.941
2015-03-26,0.963
2015-03-27,0.93
2015-03-30,0.914
2015-03-31,0.882
2015-04-01,0.852
2015-04-02,0.86
2015-04-03,0.784
2015-04-06,0.808
2015-04-07,0.83
2015-04-08,0.877
2015-04-09,0.909
2015-04-10,0.914
2015-04-13,0.887
2015-04-14,0.861
2015-04-15,0.84
2015-04-16,0.824
2015-04-17,0.843
2015-04-20,0.851
2015-04-21,0.851
2015-04-22,0.896
2015-04-23,0.873
2015-04-24,0.836
2015-04-27,0.857
2015-04-28,0.895
2015-04-29,0.895
2015-04-30,0.906
2015-05-01,0.949
2015-05-04,0.944
2015-05-05,0.988
2015-05-06,1.018
2015-05-07,1.01
2015-05-08,0.929
2015-05-11,0.997
2015-05-12,0.97
2015-05-13,0.974
2015-05-14,0.921
2015-05-15,0.904
2015-05-18,0.96
2015-05-19,1.016
2015-05-20,0.984
2015-05-21,0.952
2015-05-22,0.997
2015-05-25,1.003
2015-05-26,0.981
2015-05-27,0.987
2015-05-28,0.957
2015-05-29,0.927
2015-05-30,0.927
2015-06-01,0.981
2015-06-02,1.005
2015-06-03,1.046
2015-06-04,1.024
2015-06-05,1.1
2015-06-08,1.065
2015-06-09,1.109
2015-06-10,1.149
2015-06-11,1.117
2015-06-12,1.133
2015-06-15,1.104
2015-06-16,1.08
2015-06-17,1.032
2015-06-18,1.019
2015-06-19,0.986
2015-06-22,1.05
2015-06-23,1.066
2015-06-24,1.045
2015-06-25,1.061
2015-06-26,1.087
2015-06-29,0.983
2015-06-30,1.001
2015-07-01,1.066
2015-07-02,0.993
2015-07-06,0.936
2015-07-07,0.93
2015-07-08,0.915
2015-07-09,0.968
2015-07-10,1.029
2015-07-13,1.074
2015-07-14,1.029
2015-07-15,1.013
2015-07-16,1.042
2015-07-17,1.054
2015-07-18,1.054
2015-07-20,1.094
2015-07-21,1.054
2015-07-22,1.083
2015-07-23,1.06
2015-07-24,1.041
2015-07-27,0.998
2015-07-28,1.02
2015-07-29,1.039
2015-07-30,1.052
2015-07-31,0.977
2015-08-03,0.978
2015-08-04,1.064
2015-08-05,1.081
2015-08-06,1.059
2015-08-07,1.057
2015-08-10,1.071
2015-08-11,1.0
2015-08-12,1.019
2015-08-13,1.061
2015-08-14,1.082
2015-08-17,1.061
2015-08-18,1.067
2015-08-19,0.997
2015-08-20,0.987
2015-08-21,0.944
2015-08-24,0.898
2015-08-25,0.933
2015-08-26,0.979
2015-08-27,0.995
2015-08-28,1.027
2015-08-31,1.051
2015-09-01,1.016
2015-09-02,1.016
2015-09-03,0.987
2015-09-04,0.992
2015-09-07,1.003
2015-09-08,1.035
2015-09-09,1.066
2015-09-10,1.061
2015-09-11,1.029
2015-09-14,1.034
2015-09-15,1.128
2015-09-16,1.128
2015-09-17,0.987
2015-09-18,0.979
2015-09-21,1.019
2015-09-22,0.976
2015-09-23,0.992
2015-09-24,0.976
2015-09-25,0.992
2015-09-28,0.96
2015-09-29,0.936
2015-09-30,0.901
2015-10-01,0.919
2015-10-02,0.844
2015-10-03,0.844
2015-10-05,0.879
2015-10-06,0.878
2015-10-07,0.925
2015-10-08,0.944
2015-10-09,0.949
2015-10-12,0.944
2015-10-13,0.912
2015-10-14,0.838
2015-10-15,0.893
2015-10-16,0.907
2015-10-19,0.888
2015-10-20,0.925
2015-10-21,0.907
2015-10-22,0.891
2015-10-23,0.947
2015-10-26,0.934
2015-10-27,0.907
2015-10-28,0.998
2015-10-29,1.031
2015-10-30,1.029
2015-11-02,1.067
2015-11-03,1.091
2015-11-04,1.14
2015-11-05,1.135
2015-11-06,1.218
2015-11-09,1.237
2015-11-10,1.231
2015-11-11,1.239
2015-11-12,1.231
2015-11-13,1.191
2015-11-16,1.189
2015-11-17,1.189
2015-11-18,1.215
2015-11-19,1.215
2015-11-20,1.242
2015-11-23,1.242
2015-11-24,1.234
2015-11-25,1.242
2015-11-26,1.239
2015-11-27,1.218
2015-11-30,1.223
2015-12-01,1.185
2015-12-02,1.215
2015-12-03,1.258
2015-12-04,1.242
2015-12-07,1.228
2015-12-08,1.223
2015-12-09,1.229
2015-12-10,1.258
2015-12-11,1.165
2015-12-14,1.25
2015-12-15,1.29
2015-12-16,1.341
2015-12-17,1.314
2015-12-18,1.282
2015-12-21,1.277
2015-12-22,1.306
2015-12-23,1.314
2015-12-24,1.323
2015-12-28,1.323
2015-12-29,1.374
2015-12-30,1.345
2015-12-31,1.307
2016-01-04,1.302
2016-01-05,1.293
2016-01-06,1.242
2016-01-07,1.206
2016-01-08,1.176
2016-01-11,1.19
2016-01-12,1.16
2016-01-13,1.162
2016-01-14,1.138
2016-01-15,1.085
2016-01-18,1.085
2016-01-19,1.106
2016-01-20,1.053
2016-01-21,1.064
2016-01-22,1.103
2016-01-25,1.079
2016-01-26,1.069
2016-01-27,1.055
2016-01-28,1.031
2016-01-29,0.969
2016-02-01,0.998
2016-02-02,0.918
2016-02-03,0.907
2016-02-04,0.874
2016-02-05,0.9
2016-02-08,0.833
2016-02-09,0.838
2016-02-10,0.837
2016-02-11,0.832
2016-02-12,0.896
2016-02-15,0.914
2016-02-16,0.906
2016-02-17,0.933
2016-02-18,0.864
2016-02-19,0.904
2016-02-22,0.91
2016-02-23,0.886
2016-02-24,0.902
2016-02-25,0.859
2016-02-26,0.924
2016-02-29,0.903
2016-03-01,0.978
2016-03-02,0.989
2016-03-03,0.995
2016-03-04,1.028
2016-03-07,1.072
2016-03-08,1.026
2016-03-09,1.072
2016-03-10,1.122
2016-03-11,1.157
2016-03-14,1.149
2016-03-15,1.157
2016-03-16,1.043
2016-03-17,1.04
2016-03-18,1.005
2016-03-21,1.045
2016-03-22,1.075
2016-03-23,1.027
2016-03-24,1.046
2016-03-28,1.038
2016-03-29,0.936
2016-03-30,0.903
2016-03-31,0.855
2016-04-01,0.873
2016-04-04,0.868
2016-04-05,0.844
2016-04-06,0.87
2016-04-07,0.814
2016-04-08,0.827
2016-04-11,0.832
2016-04-12,0.875
2016-04-13,0.901
2016-04-14,0.923
2016-04-15,0.888
2016-04-18,0.894
2016-04-19,0.923
2016-04-20,0.968
2016-04-21,0.987
2016-04-22,1.003
2016-04-25,1.017
2016-04-26,1.03
2016-04-27,0.971
2016-04-28,0.934
2016-04-29,0.937
2016-05-02,0.953
2016-05-03,0.905
2016-05-04,0.888
2016-05-05,0.856
2016-05-06,0.883
2016-05-09,0.856
2016-05-10,0.861
2016-05-11,0.883
2016-05-12,0.912
2016-05-13,0.899
2016-05-16,0.947
2016-05-17,0.987
2016-05-18,1.069
2016-05-19,1.054
2016-05-20,1.049
2016-05-23,1.059
2016-05-24,1.081
2016-05-25,1.081
2016-05-26,1.025
2016-05-27,1.061
2016-05-30,1.088
2016-05-31,1.039
2016-06-01,1.053
2016-06-02,1.021
2016-06-03,0.91
2016-06-06,0.937
2016-06-07,0.921
2016-06-08,0.933
2016-06-09,0.92
2016-06-10,0.88
2016-06-13,0.849
2016-06-14,0.854
2016-06-15,0.793
2016-06-16,0.814
2016-06-17,0.83
2016-06-20,0.875
2016-06-21,0.894
2016-06-22,0.87
2016-06-23,0.92
2016-06-24,0.744
2016-06-27,0.694
2016-06-28,0.712
2016-06-29,0.749
2016-06-30,0.698
2016-07-01,0.703
2016-07-04,0.695
2016-07-05,0.652
2016-07-06,0.673
2016-07-07,0.692
2016-07-08,0.702
2016-07-11,0.759
2016-07-12,0.813
2016-07-13,0.795
2016-07-14,0.827
2016-07-15,0.835
2016-07-18,0.845
2016-07-19,0.832
2016-07-20,0.851
2016-07-21,0.808
2016-07-22,0.835
2016-07-25,0.868
2016-07-26,0.862
2016-07-27,0.82
2016-07-28,0.814
2016-07-29,0.747
2016-08-01,0.785
2016-08-02,0.79
2016-08-03,0.782
2016-08-04,0.753
2016-08-05,0.847
2016-08-06,0.847
2016-08-08,0.855
2016-08-09,0.831
2016-08-10,0.805
2016-08-11,0.866
2016-08-12,0.824
2016-08-13,0.824
2016-08-15,0.845
2016-08-16,0.872
2016-08-17,0.851
2016-08-18,0.824
2016-08-19,0.872
2016-08-22,0.854
2016-08-23,0.859
2016-08-24,0.867
2016-08-25,0.897
2016-08-26,0.956
2016-08-29,0.911
2016-08-30,0.908
2016-08-31,0.922
2016-09-01,0.903
2016-09-02,0.915
2016-09-05,0.92
2016-09-06,0.842
2016-09-07,0.855
2016-09-08,0.899
2016-09-09,0.926
2016-09-12,0.91
2016-09-13,0.952
2016-09-14,0.904
2016-09-15,0.875
2016-09-16,0.907
2016-09-17,0.907
2016-09-19,0.923
2016-09-20,0.92
2016-09-21,0.915
2016-09-22,0.907
2016-09-23,0.891
2016-09-24,0.891
2016-09-26,0.859
2016-09-27,0.856
2016-09-28,0.862
2016-09-29,0.84
2016-09-30,0.875
2016-10-03,0.91
2016-10-04,0.948
2016-10-05,0.964
2016-10-06,0.991
2016-10-07,0.984
2016-10-10,1.022
2016-10-11,1.019
2016-10-12,1.016
2016-10-13,1.0
2016-10-14,1.008
2016-10-15,1.008
2016-10-17,0.976
2016-10-18,0.955
2016-10-19,0.957
2016-10-20,0.979
2016-10-21,0.981
2016-10-24,0.997
2016-10-25,1.0
2016-10-26,1.016
2016-10-27,1.038
2016-10-28,1.008
2016-10-31,0.992
2016-11-01,0.987
2016-11-02,0.97
2016-11-03,0.962
2016-11-04,0.941
2016-11-07,0.978
2016-11-08,1.022
2016-11-09,1.13
2016-11-10,1.162
2016-11-14,1.277
2016-11-15,1.277
2016-11-16,1.277
2016-11-17,1.318
2016-11-18,1.357
2016-11-21,1.343
2016-11-22,1.346
2016-11-23,1.398
2016-11-24,1.445
2016-11-25,1.4
2016-11-28,1.362
2016-11-29,1.346
2016-11-30,1.401
2016-12-01,1.439
2016-12-02,1.388
2016-12-05,1.408
2016-12-06,1.395
2016-12-07,1.365
2016-12-08,1.387
2016-12-09,1.418
2016-12-12,1.408
2016-12-13,1.463
2016-12-14,1.578
2016-12-15,1.616
2016-12-16,1.598
2016-12-19,1.555
2016-12-20,1.561
2016-12-21,1.534
2016-12-22,1.545
2016-12-23,1.543
2016-12-26,1.543
2016-12-27,1.562
2016-12-28,1.527
2016-12-29,1.475
2016-12-30,1.459
2017-01-02,1.459
2017-01-03,1.481
2017-01-04,1.478
2017-01-05,1.408
2017-01-06,1.484
2017-01-09,1.451
2017-01-10,1.449
2017-01-11,1.471
2017-01-12,1.453
2017-01-13,1.479
2017-01-16,1.461
2017-01-17,1.418
2017-01-18,1.509
2017-01-19,1.517
2017-01-20,1.488
2017-01-23,1.429
2017-01-24,1.485
2017-01-25,1.507
2017-01-26,1.494
2017-01-27,1.478
2017-01-30,1.478
2017-01-31,1.47
2017-02-01,1.478
2017-02-02,1.47
2017-02-03,1.462
2017-02-06,1.41
2017-02-07,1.419
2017-02-08,1.404
2017-02-09,1.455
2017-02-10,1.471
2017-02-13,1.49
2017-02-14,1.536
2017-02-15,1.557
2017-02-16,1.503
2017-02-17,1.477
2017-02-20,1.488
2017-02-21,1.491
2017-02-22,1.477
2017-02-23,1.434
2017-02-24,1.394
2017-02-27,1.451
2017-02-28,1.524
2017-03-01,1.567
2017-03-02,1.589
2017-03-03,1.585
2017-03-06,1.582
2017-03-07,1.61
2017-03-08,1.665
2017-03-09,1.695
2017-03-10,1.663
2017-03-13,1.687
2017-03-14,1.687
2017-03-15,1.587
2017-03-16,1.625
2017-03-17,1.606
2017-03-18,1.606
2017-03-20,1.571
2017-03-21,1.531
2017-03-22,1.52
2017-03-23,1.528
2017-03-24,1.533
2017-03-27,1.511
2017-03-28,1.554
2017-03-29,1.516
2017-03-30,1.535
2017-03-31,1.497
2017-04-03,1.437
2017-04-04,1.472
2017-04-05,1.44
2017-04-06,1.445
2017-04-07,1.51
2017-04-10,1.502
2017-04-11,1.462
2017-04-12,1.417
2017-04-13,1.409
2017-04-17,1.406
2017-04-18,1.353
2017-04-19,1.385
2017-04-20,1.403
2017-04-21,1.4
2017-04-22,1.4
2017-04-24,1.433
2017-04-25,1.481
2017-04-26,1.457
2017-04-27,1.441
2017-04-28,1.451
2017-05-01,1.465
2017-05-02,1.448
2017-05-03,1.484
2017-05-04,1.503
2017-05-05,1.505
2017-05-08,1.533
2017-05-09,1.541
2017-05-10,1.567
2017-05-11,1.551
2017-05-12,1.487
2017-05-15,1.497
2017-05-16,1.492
2017-05-17,1.417
2017-05-18,1.438
2017-05-19,1.449
2017-05-22,1.454
2017-05-23,1.487
2017-05-24,1.446
2017-05-25,1.457
2017-05-26,1.457
2017-05-29,1.457
2017-05-30,1.435
2017-05-31,1.435
2017-06-01,1.443
2017-06-02,1.426
2017-06-05,1.445
2017-06-06,1.421
2017-06-07,1.448
2017-06-08,1.459
2017-06-09,1.481
2017-06-12,1.489
2017-06-13,1.508
2017-06-14,1.465
2017-06-15,1.495
2017-06-16,1.473
2017-06-19,1.524
2017-06-20,1.497
2017-06-21,1.5
2017-06-22,1.484
2017-06-23,1.481
2017-06-26,1.481
2017-06-27,1.519
2017-06-28,1.505
2017-06-29,1.524
2017-06-30,1.549
2017-07-01,1.549
2017-07-03,1.584
2017-07-04,1.579
2017-07-05,1.579
2017-07-06,1.587
2017-07-07,1.593
2017-07-10,1.574
2017-07-11,1.555
2017-07-12,1.538
2017-07-13,1.562
2017-07-14,1.548
2017-07-17,1.54
2017-07-18,1.519
2017-07-19,1.524
2017-07-20,1.508
2017-07-21,1.497
2017-07-24,1.513
2017-07-25,1.559
2017-07-26,1.511
2017-07-27,1.522
2017-07-28,1.505
2017-07-31,1.511
2017-08-01,1.492
2017-08-02,1.511
2017-08-03,1.478
2017-08-04,1.505
2017-08-07,1.508
2017-08-08,1.5
2017-08-09,1.503
2017-08-10,1.484
2017-08-11,1.449
2017-08-14,1.479
2017-08-15,1.519
2017-08-16,1.487
2017-08-17,1.46
2017-08-18,1.462
2017-08-21,1.452
2017-08-22,1.476
2017-08-23,1.446
2017-08-24,1.473
2017-08-25,1.467
2017-08-28,1.454
2017-08-29,1.424
2017-08-30,1.438
2017-08-31,1.432
2017-09-01,1.462
2017-09-05,1.391
2017-09-06,1.413
2017-09-07,1.372
2017-09-08,1.374
2017-09-11,1.44
2017-09-12,1.466
2017-09-13,1.485
2017-09-14,1.501
2017-09-15,1.525
2017-09-18,1.544
2017-09-19,1.547
2017-09-20,1.593
2017-09-21,1.599
2017-09-22,1.58
2017-09-25,1.561
2017-09-26,1.572
2017-09-27,1.597
2017-09-28,1.576
2017-09-29,1.628
2017-10-02,1.628
2017-10-03,1.612
2017-10-04,1.609
2017-10-05,1.629
2017-10-06,1.641
2017-10-09,1.646
2017-10-10,1.635
2017-10-11,1.647
2017-10-12,1.665
2017-10-13,1.633
2017-10-16,1.684
2017-10-17,1.687
2017-10-18,1.708
2017-10-19,1.668
2017-10-20,1.717
2017-10-23,1.701
2017-10-24,1.728
2017-10-25,1.731
2017-10-26,1.753
2017-10-27,1.723
2017-10-30,1.698
2017-10-31,1.726
2017-11-01,1.737
2017-11-02,1.723
2017-11-03,1.732
2017-11-06,1.726
2017-11-07,1.737
2017-11-08,1.771
2017-11-09,1.761
2017-11-10,1.79
2017-11-13,1.817
2017-11-14,1.812
2017-11-15,1.798
2017-11-16,1.828
2017-11-17,1.823
2017-11-20,1.858
2017-11-21,1.877
2017-11-22,1.831
2017-11-23,1.842
2017-11-24,1.845
2017-11-27,1.837
2017-11-28,1.84
2017-11-29,1.867
2017-11-30,1.897
2017-12-01,1.892
2017-12-04,1.923
2017-12-05,1.931
2017-12-06,1.915
2017-12-07,1.912
2017-12-08,1.91
2017-12-11,1.94
2017-12-12,1.956
2017-12-13,1.894
2017-12-14,1.923
2017-12-15,1.948
2017-12-16,1.948
2017-12-18,1.948
2017-12-19,1.978
2017-12-20,1.986
2017-12-21,1.994
2017-12-22,2.011
2017-12-25,2.019
2017-12-26,2.017
2017-12-27,1.979
2017-12-28,2.0
2017-12-29,1.973
2018-01-01,1.973
2018-01-02,2.012
2018-01-03,2.015
2018-01-04,2.04
2018-01-05,2.06
2018-01-08,2.06
2018-01-09,2.079
2018-01-10,2.092
2018-01-11,2.095
2018-01-12,2.116
2018-01-15,2.124
2018-01-16,2.125
2018-01-17,2.165
2018-01-18,2.171
2018-01-19,2.201
2018-01-22,2.201
2018-01-23,2.177
2018-01-24,2.199
2018-01-25,2.202
2018-01-26,2.241
2018-01-29,2.255
2018-01-30,2.264
2018-01-31,2.292
2018-02-01,2.319
2018-02-02,2.323
2018-02-05,2.193
2018-02-06,2.285
2018-02-07,2.323
2018-02-08,2.307
2018-02-09,2.285
2018-02-12,2.307
2018-02-13,2.312
2018-02-14,2.402
2018-02-15,2.405
2018-02-16,2.384
2018-02-19,2.414
2018-02-20,2.408
2018-02-21,2.438
2018-02-22,2.414
2018-02-23,2.39
2018-02-26,2.376
2018-02-27,2.426
2018-02-28,2.412
2018-03-01,2.363
2018-03-02,2.401
2018-03-05,2.402
2018-03-06,2.418
2018-03-07,2.419
2018-03-08,2.413
2018-03-09,2.433
2018-03-12,2.422
2018-03-13,2.413
2018-03-14,2.41
2018-03-15,2.429
2018-03-16,2.446
2018-03-19,2.46
2018-03-20,2.495
2018-03-21,2.462
2018-03-22,2.427
2018-03-23,2.405
2018-03-26,2.441
2018-03-27,2.389
2018-03-28,2.408
2018-03-29,2.386
2018-04-02,2.369
2018-04-03,2.408
2018-04-04,2.433
2018-04-05,2.444
2018-04-06,2.4
2018-04-09,2.414
2018-04-10,2.444
2018-04-11,2.443
2018-04-12,2.503
2018-04-13,2.5
2018-04-16,2.522
2018-04-17,2.53
2018-04-18,2.577
2018-04-19,2.586
2018-04-20,2.619
2018-04-23,2.639
2018-04-24,2.636
2018-04-25,2.639
2018-04-26,2.623
2018-04-27,2.618
2018-04-30,2.629
2018-05-01,2.643
2018-05-02,2.638
2018-05-03,2.619
2018-05-04,2.639
2018-05-07,2.633
2018-05-08,2.645
2018-05-09,2.685
2018-05-10,2.688
2018-05-11,2.693
2018-05-14,2.71
2018-05-15,2.748
2018-05-16,2.767
2018-05-17,2.754
2018-05-18,2.713
2018-05-21,2.729
2018-05-22,2.729
2018-05-23,2.663
2018-05-24,2.65
2018-05-25,2.608
2018-05-28,2.583
2018-05-29,2.449
2018-05-30,2.536
2018-05-31,2.558
2018-06-01,2.602
2018-06-04,2.652
2018-06-05,2.619
2018-06-06,2.655
2018-06-07,2.622
2018-06-08,2.636
2018-06-11,2.655
2018-06-12,2.677
2018-06-13,2.707
2018-06-14,2.693
2018-06-15,2.68
2018-06-18,2.671
2018-06-19,2.652
2018-06-20,2.68
2018-06-21,2.647
2018-06-22,2.644
2018-06-25,2.63
2018-06-26,2.625
2018-06-27,2.589
2018-06-28,2.6
2018-06-29,2.625
2018-07-02,2.644
2018-07-03,2.622
2018-07-04,2.63
2018-07-05,2.644
2018-07-06,2.633
2018-07-09,2.661
2018-07-10,2.68
2018-07-11,2.666
2018-07-12,2.677
2018-07-13,2.655
2018-07-16,2.677
2018-07-17,2.688
2018-07-18,2.693
2018-07-19,2.661
2018-07-20,2.68
2018-07-23,2.727
2018-07-24,2.735
2018-07-25,2.76
2018-07-26,2.777
2018-07-27,2.763
2018-07-30,2.763
2018-07-31,2.769
2018-08-01,2.783
2018-08-02,2.761
2018-08-03,2.733
2018-08-06,2.73
2018-08-07,2.764
2018-08-08,2.764
2018-08-09,2.739
2018-08-10,2.682
2018-08-13,2.69
2018-08-14,2.712
2018-08-15,2.682
2018-08-16,2.687
2018-08-17,2.684
2018-08-20,2.648
2018-08-21,2.673
2018-08-22,2.654
2018-08-23,2.676
2018-08-24,2.675
2018-08-27,2.7
2018-08-28,2.73
2018-08-29,2.747
2018-08-30,2.714
2018-08-31,2.694
2018-09-03,2.703
2018-09-04,2.725
2018-09-05,2.722
2018-09-06,2.7
2018-09-07,2.775
2018-09-10,2.78
2018-09-11,2.822
2018-09-12,2.821
2018-09-13,2.829
2018-09-14,2.857
2018-09-17,2.846
2018-09-18,2.885
2018-09-19,2.887
2018-09-20,2.896
2018-09-21,2.891
2018-09-24,2.905
2018-09-25,2.916
2018-09-26,2.88
2018-09-27,2.891
2018-09-28,2.886
2018-10-01,2.891
2018-10-02,2.883
2018-10-03,2.964
2018-10-04,2.964
2018-10-05,2.985
2018-10-08,2.968
2018-10-09,2.979
2018-10-10,2.935
2018-10-11,2.938
2018-10-12,2.949
2018-10-15,2.944
2018-10-16,2.955
2018-10-17,2.988
2018-10-18,2.957
2018-10-19,2.985
2018-10-22,2.988
2018-10-23,2.955
2018-10-24,2.894
2018-10-25,2.908
2018-10-26,2.858
2018-10-29,2.875
2018-10-30,2.905
2018-10-31,2.928
2018-11-01,2.905
2018-11-02,2.981
2018-11-05,2.978
2018-11-06,3.012
2018-11-07,3.04
2018-11-08,3.048
2018-11-09,2.996
2018-11-12,2.96
2018-11-13,2.952
2018-11-14,2.922
2018-11-15,2.905
2018-11-16,2.848
2018-11-19,2.834
2018-11-20,2.845
2018-11-21,2.853
2018-11-22,2.853
2018-11-23,2.842
2018-11-26,2.858
2018-11-27,2.864
2018-11-28,2.844
2018-11-29,2.833
2018-11-30,2.811
2018-12-03,2.827
2018-12-04,2.808
2018-12-05,2.813
2018-12-06,2.769
2018-12-07,2.724
2018-12-10,2.738
2018-12-11,2.765
2018-12-12,2.778
2018-12-13,2.759
2018-12-14,2.726
2018-12-17,2.685
2018-12-18,2.636
2018-12-19,2.628
2018-12-20,2.652
2018-12-21,2.619
2018-12-24,2.553
2018-12-25,2.559
2018-12-26,2.611
2018-12-27,2.562
2018-12-28,2.498
2018-12-31,2.459
2019-01-01,2.459
2019-01-02,2.442
2019-01-03,2.338
2019-01-04,2.48
2019-01-07,2.525
2019-01-08,2.569
2019-01-09,2.533
2019-01-10,2.552
2019-01-11,2.516
2019-01-14,2.514
2019-01-15,2.516
2019-01-16,2.527
2019-01-17,2.555
2019-01-18,2.601
2019-01-21,2.588
2019-01-22,2.568
2019-01-23,2.569
2019-01-24,2.538
2019-01-25,2.588
2019-01-28,2.577
2019-01-29,2.547
2019-01-30,2.483
2019-01-31,2.439
2019-02-01,2.491
2019-02-04,2.527
2019-02-05,2.508
2019-02-06,2.503
2019-02-07,2.459
2019-02-08,2.44
2019-02-11,2.467
2019-02-12,2.489
2019-02-13,2.524
2019-02-14,2.476
2019-02-15,2.494
2019-02-18,2.497
2019-02-19,2.459
2019-02-20,2.47
2019-02-21,2.508
2019-02-22,2.464
2019-02-25,2.475
2019-02-26,2.448
2019-02-27,2.47
2019-02-28,2.497
2019-03-01,2.539
2019-03-04,2.519
2019-03-05,2.527
2019-03-06,2.497
2019-03-07,2.447
2019-03-08,2.439
2019-03-11,2.455
2019-03-12,2.408
2019-03-13,2.429
2019-03-14,2.421
2019-03-15,2.394
2019-03-18,2.408
2019-03-19,2.427
2019-03-20,2.334
2019-03-21,2.345
2019-03-22,2.244
2019-03-25,2.175
2019-03-26,2.197
2019-03-27,2.148
2019-03-28,2.18
2019-03-29,2.21
2019-04-01,2.298
2019-04-02,2.256
2019-04-03,2.3
2019-04-04,2.295
2019-04-05,2.294
2019-04-08,2.314
2019-04-09,2.297
2019-04-10,2.269
2019-04-11,2.307
2019-04-12,2.361
2019-04-15,2.359
2019-04-16,2.386
2019-04-17,2.378
2019-04-18,2.345
2019-04-22,2.356
2019-04-23,2.335
2019-04-24,2.285
2019-04-25,2.305
2019-04-26,2.253
2019-04-29,2.269
2019-04-30,2.242
2019-05-01,2.283
2019-05-02,2.319
2019-05-03,2.305
2019-05-06,2.275
2019-05-07,2.241
2019-05-08,2.263
2019-05-09,2.222
2019-05-10,2.236
2019-05-13,2.152
2019-05-14,2.16
2019-05-15,2.12
2019-05-16,2.141
2019-05-17,2.147
2019-05-20,2.177
2019-05-21,2.204
2019-05-22,2.163
2019-05-23,2.092
2019-05-24,2.109
2019-05-27,2.109
2019-05-28,2.059
2019-05-29,2.059
2019-05-30,2.01
2019-05-31,1.879
2019-06-03,1.797
2019-06-04,1.84
2019-06-05,1.818
2019-06-06,1.842
2019-06-07,1.819
2019-06-10,1.88
2019-06-11,1.882
2019-06-12,1.823
2019-06-13,1.777
2019-06-14,1.79
2019-06-17,1.812
2019-06-18,1.796
2019-06-19,1.696
2019-06-20,1.728
2019-06-21,1.731
2019-06-24,1.688
2019-06-25,1.679
2019-06-26,1.747
2019-06-27,1.712
2019-06-28,1.712
2019-07-01,1.744
2019-07-02,1.709
2019-07-03,1.709
2019-07-04,1.704
2019-07-05,1.821
2019-07-08,1.838
2019-07-09,1.868
2019-07-10,1.798
2019-07-11,1.858
2019-07-12,1.825
2019-07-15,1.809
2019-07-16,1.836
2019-07-17,1.782
2019-07-18,1.731
2019-07-19,1.791
2019-07-22,1.78
2019-07-23,1.801
2019-07-24,1.791
2019-07-25,1.837
2019-07-26,1.823
2019-07-29,1.818
2019-07-30,1.813
2019-07-31,1.824
2019-08-01,1.695
2019-08-02,1.671
2019-08-05,1.537
2019-08-06,1.54
2019-08-07,1.54
2019-08-08,1.548
2019-08-09,1.591
2019-08-12,1.505
2019-08-13,1.612
2019-08-14,1.527
2019-08-15,1.423
2019-08-16,1.438
2019-08-19,1.497
2019-08-20,1.444
2019-08-21,1.5
2019-08-22,1.532
2019-08-23,1.451
2019-08-26,1.459
2019-08-27,1.435
2019-08-28,1.416
2019-08-29,1.446
2019-08-30,1.432
2019-09-02,1.427
2019-09-03,1.372
2019-09-04,1.359
2019-09-05,1.467
2019-09-06,1.475
2019-09-09,1.536
2019-09-10,1.637
2019-09-11,1.618
2019-09-12,1.664
2019-09-13,1.766
2019-09-16,1.715
2019-09-17,1.686
2019-09-18,1.707
2019-09-19,1.691
2019-09-20,1.621
2019-09-23,1.616
2019-09-24,1.548
2019-09-25,1.616
2019-09-26,1.597
2019-09-27,1.576
2019-09-30,1.562
2019-10-01,1.495
2019-10-02,1.435
2019-10-03,1.351
2019-10-04,1.361
2019-10-07,1.421
2019-10-08,1.372
2019-10-09,1.431
2019-10-10,1.506
2019-10-11,1.568
2019-10-14,1.565
2019-10-15,1.603
2019-10-16,1.568
2019-10-17,1.574
2019-10-18,1.555
2019-10-21,1.604
2019-10-22,1.583
2019-10-23,1.588
2019-10-24,1.583
2019-10-25,1.622
2019-10-28,1.652
2019-10-29,1.649
2019-10-30,1.598
2019-10-31,1.516
2019-11-01,1.546
2019-11-04,1.593
2019-11-05,1.635
2019-11-06,1.614
2019-11-07,1.7
2019-11-08,1.711
2019-11-11,1.7
2019-11-12,1.689
2019-11-13,1.663
2019-11-14,1.593
2019-11-15,1.617
2019-11-18,1.604
2019-11-19,1.598
2019-11-20,1.571
2019-11-21,1.595
2019-11-22,1.611
2019-11-25,1.595
2019-11-26,1.579
2019-11-27,1.617
2019-11-28,1.622
2019-11-29,1.609
2019-12-02,1.617
2019-12-03,1.541
2019-12-04,1.584
2019-12-05,1.609
2019-12-06,1.644
2019-12-09,1.63
2019-12-10,1.665
2019-12-11,1.625
2019-12-12,1.689
2019-12-13,1.625
2019-12-16,1.655
2019-12-17,1.652
2019-12-18,1.671
2019-12-19,1.663
2019-12-20,1.663
2019-12-23,1.676
2019-12-24,1.644
2019-12-25,1.649
2019-12-26,1.644
2019-12-27,1.6
2019-12-30,1.595
2019-12-31,1.609
2020-01-01,1.609
2020-01-02,1.595
2020-01-03,1.546
2020-01-06,1.559
2020-01-07,1.551
2020-01-08,1.607
2020-01-09,1.596
2020-01-10,1.586
2020-01-13,1.602
2020-01-14,1.58
2020-01-15,1.564
2020-01-16,1.578
2020-01-17,1.575
2020-01-20,1.57
2020-01-21,1.532
2020-01-22,1.53
2020-01-23,1.505
2020-01-24,1.481
2020-01-27,1.419
2020-01-28,1.459
2020-01-29,1.392
2020-01-30,1.394
2020-01-31,1.297
2020-02-03,1.334
2020-02-04,1.402
2020-02-05,1.437
2020-02-06,1.44
2020-02-07,1.388
2020-02-10,1.369
2020-02-11,1.404
2020-02-12,1.423
2020-02-13,1.421
2020-02-14,1.399
2020-02-17,1.394
2020-02-18,1.38
2020-02-19,1.394
2020-02-20,1.359
2020-02-21,1.319
2020-02-24,1.203
2020-02-25,1.182
2020-02-26,1.149
2020-02-27,1.061
2020-02-28,0.916
2020-03-02,0.894
2020-03-03,0.708
2020-03-04,0.715
2020-03-05,0.627
2020-03-06,0.558
2020-03-09,0.449
2020-03-10,0.631
2020-03-11,0.634
2020-03-12,0.553
2020-03-13,0.624
2020-03-16,0.437
2020-03-17,0.616
2020-03-18,0.667
2020-03-19,0.566
2020-03-20,0.387
2020-03-23,0.342
2020-03-24,0.426
2020-03-25,0.397
2020-03-26,0.373
2020-03-27,0.298
2020-03-30,0.298
2020-03-31,0.295
2020-04-01,0.29
2020-04-02,0.287
2020-04-03,0.297
2020-04-06,0.34
2020-04-07,0.357
2020-04-08,0.344
2020-04-09,0.302
2020-04-13,0.326
2020-04-14,0.287
2020-04-15,0.242
2020-04-16,0.255
2020-04-17,0.25
2020-04-20,0.255
2020-04-21,0.24
2020-04-22,0.263
2020-04-23,0.269
2020-04-24,0.271
2020-04-27,0.29
2020-04-28,0.269
2020-04-29,0.255
2020-04-30,0.253
2020-05-01,0.25
2020-05-04,0.242
2020-05-05,0.253
2020-05-06,0.245
2020-05-07,0.194
2020-05-08,0.215
2020-05-11,0.223
2020-05-12,0.209
2020-05-13,0.206
2020-05-14,0.19
2020-05-15,0.191
2020-05-18,0.233
2020-05-19,0.212
2020-05-20,0.217
2020-05-21,0.214
2020-05-22,0.207
2020-05-25,0.209
2020-05-26,0.215
2020-05-27,0.226
2020-05-28,0.218
2020-05-29,0.197
2020-06-01,0.199
2020-06-02,0.207
2020-06-03,0.24
2020-06-04,0.256
2020-06-05,0.285
2020-06-08,0.288
2020-06-09,0.26
2020-06-10,0.206
2020-06-11,0.229
2020-06-12,0.227
2020-06-15,0.229
2020-06-16,0.229
2020-06-17,0.226
2020-06-18,0.226
2020-06-19,0.218
2020-06-22,0.226
2020-06-23,0.216
2020-06-24,0.21
2020-06-25,0.208
2020-06-26,0.186
2020-06-29,0.17
2020-06-30,0.176
2020-07-01,0.189
2020-07-02,0.181
2020-07-06,0.186
2020-07-07,0.181
2020-07-08,0.19
2020-07-09,0.18
2020-07-10,0.19
2020-07-13,0.183
2020-07-14,0.188
2020-07-15,0.18
2020-07-16,0.175
2020-07-17,0.172
2020-07-20,0.177
2020-07-21,0.167
2020-07-22,0.175
2020-07-23,0.175
2020-07-24,0.17
2020-07-27,0.181
2020-07-28,0.165
2020-07-29,0.152
2020-07-30,0.133
2020-07-31,0.117
2020-08-03,0.122
2020-08-04,0.114
2020-08-05,0.128
2020-08-06,0.13
2020-08-07,0.141
2020-08-10,0.146
2020-08-11,0.173
2020-08-12,0.19
2020-08-13,0.201
2020-08-14,0.183
2020-08-17,0.183
2020-08-18,0.17
2020-08-19,0.172
2020-08-20,0.167
2020-08-21,0.164
2020-08-24,0.178
2020-08-25,0.183
2020-08-26,0.178
2020-08-27,0.191
2020-08-28,0.152
2020-08-31,0.149
2020-09-01,0.146
2020-09-02,0.149
2020-09-03,0.146
2020-09-04,0.178
2020-09-07,0.173
2020-09-08,0.168
2020-09-09,0.172
2020-09-10,0.162
2020-09-11,0.151
2020-09-14,0.162
2020-09-15,0.164
2020-09-16,0.167
2020-09-17,0.159
2020-09-18,0.167
2020-09-21,0.159
2020-09-22,0.154
2020-09-23,0.162
2020-09-24,0.159
2020-09-25,0.151
2020-09-28,0.149
2020-09-29,0.149
2020-09-30,0.16
2020-10-01,0.16
2020-10-02,0.168
2020-10-05,0.189
2020-10-06,0.181
2020-10-07,0.198
2020-10-08,0.196
2020-10-09,0.201
2020-10-12,0.196
2020-10-13,0.177
2020-10-14,0.177
2020-10-15,0.18
2020-10-16,0.185
2020-10-19,0.191
2020-10-20,0.191
2020-10-21,0.196
2020-10-22,0.207
2020-10-23,0.204
2020-10-26,0.194
2020-10-27,0.186
2020-10-28,0.183
2020-10-29,0.194
2020-10-30,0.199
2020-11-02,0.199
2020-11-03,0.213
2020-11-04,0.186
2020-11-05,0.189
2020-11-06,0.203
2020-11-09,0.235
2020-11-10,0.253
2020-11-11,0.258
2020-11-12,0.232
2020-11-13,0.237
2020-11-16,0.234
2020-11-17,0.224
2020-11-18,0.229
2020-11-19,0.221
2020-11-20,0.208
2020-11-23,0.218
2020-11-24,0.218
2020-11-25,0.208
2020-11-26,0.205
2020-11-27,0.197
2020-11-30,0.189
2020-12-01,0.221
2020-12-02,0.215
2020-12-03,0.202
2020-12-04,0.215
2020-12-07,0.199
2020-12-08,0.205
2020-12-09,0.216
2020-12-10,0.196
2020-12-11,0.177
2020-12-14,0.175
2020-12-15,0.175
2020-12-16,0.177
2020-12-17,0.185
2020-12-18,0.18
2020-12-21,0.18
2020-12-22,0.17
2020-12-23,0.172
2020-12-24,0.167
2020-12-28,0.167
2020-12-29,0.173
2020-12-30,0.167
2020-12-31,0.168
2021-01-04,0.162
2021-01-05,0.173
2021-01-06,0.202
2021-01-07,0.213
2021-01-08,0.224
2021-01-11,0.224
2021-01-12,0.232
2021-01-13,0.224
2021-01-14,0.224
2021-01-15,0.206
2021-01-18,0.212
2021-01-19,0.201
2021-01-20,0.193
2021-01-21,0.191
2021-01-22,0.188
2021-01-25,0.178
2021-01-26,0.178
2021-01-27,0.178
2021-01-28,0.186
2021-01-29,0.175
2021-02-01,0.173
2021-02-02,0.178
2021-02-03,0.189
2021-02-04,0.186
2021-02-05,0.181
2021-02-08,0.189
2021-02-09,0.187
2021-02-10,0.185
2021-02-11,0.188
2021-02-12,0.196
2021-02-15,0.209
2021-02-16,0.23
2021-02-17,0.209
2021-02-18,0.206
2021-02-19,0.214
2021-02-22,0.228
2021-02-23,0.215
2021-02-24,0.238
2021-02-25,0.355
2021-02-26,0.281
2021-03-01,0.252
2021-03-02,0.25
2021-03-03,0.29
2021-03-04,0.306
2021-03-05,0.312
2021-03-08,0.344
2021-03-09,0.318
2021-03-10,0.326
2021-03-11,0.318
2021-03-12,0.339
2021-03-15,0.336
2021-03-16,0.339
2021-03-17,0.305
2021-03-18,0.326
2021-03-19,0.334
2021-03-22,0.321
2021-03-23,0.305
2021-03-24,0.306
2021-03-25,0.295
2021-03-26,0.308
2021-03-29,0.319
2021-03-30,0.327
2021-03-31,0.349
2021-04-01,0.338
2021-04-02,0.338
2021-04-05,0.36
2021-04-06,0.336
2021-04-07,0.333
2021-04-08,0.32
2021-04-09,0.336
2021-04-12,0.352
2021-04-13,0.351
2021-04-14,0.357
2021-04-15,0.341
2021-04-16,0.346
2021-04-19,0.341
2021-04-20,0.322
2021-04-21,0.32
2021-04-22,0.314
2021-04-23,0.335
2021-04-26,0.343
2021-04-27,0.359
2021-04-28,0.335
2021-04-29,0.338
2021-04-30,0.332
2021-05-03,0.322
2021-05-04,0.319
2021-05-05,0.308
2021-05-06,0.311
2021-05-07,0.292
2021-05-10,0.297
2021-05-11,0.303
2021-05-12,0.355
2021-05-13,0.337
2021-05-14,0.329
2021-05-17,0.337
2021-05-18,0.326
2021-05-19,0.35
2021-05-20,0.324
2021-05-21,0.329
2021-05-24,0.321
2021-05-25,0.303
2021-05-26,0.306
2021-05-27,0.306
2021-05-28,0.292
2021-05-31,0.301
2021-06-01,0.303
2021-06-02,0.303
2021-06-03,0.325
2021-06-04,0.303
2021-06-07,0.309
2021-06-08,0.303
2021-06-09,0.315
2021-06-10,0.292
2021-06-11,0.31
2021-06-14,0.334
2021-06-15,0.336
2021-06-16,0.416
2021-06-17,0.434
2021-06-18,0.469
2021-06-21,0.472
2021-06-22,0.44
2021-06-23,0.462
2021-06-24,0.475
2021-06-25,0.476
2021-06-28,0.463
2021-06-29,0.46
2021-06-30,0.463
2021-07-01,0.466
2021-07-02,0.443
2021-07-05,0.437
2021-07-06,0.403
2021-07-07,0.4
2021-07-08,0.363
2021-07-09,0.395
2021-07-12,0.406
2021-07-13,0.467
2021-07-14,0.433
2021-07-15,0.435
2021-07-16,0.433
2021-07-19,0.388
2021-07-20,0.364
2021-07-21,0.391
2021-07-22,0.375
2021-07-23,0.375
2021-07-26,0.378
2021-07-27,0.364
2021-07-28,0.367
2021-07-29,0.372
2021-07-30,0.343
2021-08-02,0.322
2021-08-03,0.314
2021-08-04,0.343
2021-08-05,0.38
2021-08-06,0.413
2021-08-09,0.426
2021-08-10,0.453
2021-08-11,0.449
2021-08-12,0.459
2021-08-13,0.43
2021-08-16,0.425
2021-08-17,0.428
2021-08-18,0.428
2021-08-19,0.436
2021-08-20,0.446
2021-08-23,0.436
2021-08-24,0.447
2021-08-25,0.454
2021-08-26,0.46
2021-08-27,0.42
2021-08-30,0.396
2021-08-31,0.407
2021-09-01,0.407
2021-09-02,0.404
2021-09-03,0.407
2021-09-06,0.404
2021-09-07,0.429
2021-09-08,0.443
2021-09-09,0.438
2021-09-10,0.446
2021-09-13,0.441
2021-09-14,0.433
2021-09-15,0.438
2021-09-16,0.459
2021-09-17,0.47
2021-09-20,0.457
2021-09-21,0.457
2021-09-22,0.489
2021-09-23,0.537
2021-09-24,0.543
2021-09-27,0.556
2021-09-28,0.556
2021-09-29,0.527
2021-09-30,0.514
2021-10-01,0.485
2021-10-04,0.501
2021-10-05,0.517
2021-10-06,0.536
2021-10-07,0.563
2021-10-08,0.58
2021-10-11,0.623
2021-10-12,0.605
2021-10-13,0.654
2021-10-14,0.641
2021-10-15,0.694
2021-10-18,0.731
2021-10-19,0.72
2021-10-20,0.718
2021-10-21,0.792
2021-10-22,0.774
2021-10-25,0.748
2021-10-26,0.761
2021-10-27,0.772
2021-10-28,0.764
2021-10-29,0.756
2021-11-01,0.765
2021-11-02,0.714
2021-11-03,0.757
2021-11-04,0.689
2021-11-05,0.657
2021-11-08,0.722
2021-11-09,0.729
2021-11-10,0.85
2021-11-11,0.877
2021-11-12,0.85
2021-11-15,0.869
2021-11-16,0.872
2021-11-17,0.845
2021-11-18,0.843
2021-11-19,0.862
2021-11-22,0.95
2021-11-23,0.947
2021-11-24,0.967
2021-11-25,0.932
2021-11-26,0.812
2021-11-29,0.793
2021-11-30,0.844
2021-12-01,0.817
2021-12-02,0.89
2021-12-03,0.858
2021-12-06,0.904
2021-12-07,0.966
2021-12-08,1.008
2021-12-09,1.013
2021-12-10,0.982
2021-12-13,0.947
2021-12-14,0.976
2021-12-15,0.976
2021-12-16,0.902
2021-12-17,0.923
2021-12-20,0.915
2021-12-21,0.947
2021-12-22,0.947
2021-12-23,0.971
2021-12-27,0.981
2021-12-28,0.979
2021-12-29,0.987
2021-12-30,0.957
2021-12-31,0.96
2022-01-03,1.022
2022-01-04,1.013
2022-01-05,1.084
2022-01-06,1.138
2022-01-07,1.161
2022-01-10,1.185
2022-01-11,1.177
2022-01-12,1.234
2022-01-13,1.194
2022-01-14,1.266
2022-01-17,1.304
2022-01-18,1.36
2022-01-19,1.353
2022-01-20,1.315
2022-01-21,1.302
2022-01-24,1.262
2022-01-25,1.273
2022-01-26,1.406
2022-01-27,1.419
2022-01-28,1.382
2022-01-31,1.385
2022-02-01,1.383
2022-02-02,1.364
2022-02-03,1.429
2022-02-04,1.54
2022-02-07,1.529
2022-02-08,1.577
2022-02-09,1.629
2022-02-10,1.842
2022-02-11,1.715
2022-02-14,1.796
2022-02-15,1.804
2022-02-16,1.761
2022-02-17,1.702
2022-02-18,1.678
2022-02-21,1.643
2022-02-22,1.757
2022-02-23,1.787
2022-02-24,1.757
2022-02-25,1.761
2022-02-28,1.622
2022-03-01,1.486
2022-03-02,1.677
2022-03-03,1.677
2022-03-04,1.62
2022-03-07,1.683
2022-03-08,1.744
2022-03-09,1.849
2022-03-10,1.882
2022-03-11,1.922
2022-03-14,2.052
2022-03-15,2.047
2022-03-16,2.151
2022-03-17,2.116
2022-03-18,2.144
2022-03-21,2.32
2022-03-22,2.384
2022-03-23,2.307
2022-03-24,2.368
2022-03-25,2.52
2022-03-28,2.571
2022-03-29,2.552
2022-03-30,2.486
2022-03-31,2.515
2022-04-01,2.638
2022-04-04,2.593
2022-04-05,2.71
2022-04-06,2.662
2022-04-07,2.666
2022-04-08,2.731
2022-04-11,2.726
2022-04-12,2.625
2022-04-13,2.581
2022-04-14,2.682
2022-04-18,2.669
2022-04-19,2.823
2022-04-20,2.782
2022-04-21,2.878
2022-04-22,2.865
2022-04-25,2.807
2022-04-26,2.658
2022-04-27,2.749
2022-04-28,2.785
2022-04-29,2.894
2022-05-02,2.928
2022-05-03,2.97
2022-05-04,2.836
2022-05-05,2.912
2022-05-06,2.952
2022-05-09,2.809
2022-05-10,2.801
2022-05-11,2.835
2022-05-12,2.772
2022-05-13,2.783
2022-05-16,2.747
2022-05-17,2.901
2022-05-18,2.838
2022-05-19,2.772
2022-05-20,2.736
2022-05-23,2.794
2022-05-24,2.651
2022-05-25,2.634
2022-05-26,2.62
2022-05-27,2.642
2022-05-30,2.736
2022-05-31,2.728
2022-06-01,2.825
2022-06-02,2.819
2022-06-03,2.85
2022-06-06,2.937
2022-06-07,2.912
2022-06-08,2.963
2022-06-09,3.004
2022-06-10,3.241
2022-06-13,3.497
2022-06-14,3.595
2022-06-15,3.361
2022-06-16,3.286
2022-06-17,3.349
2022-06-20,3.408
2022-06-21,3.347
2022-06-22,3.199
2022-06-23,3.119
2022-06-24,3.15
2022-06-27,3.212
2022-06-28,3.201
2022-06-29,3.109
2022-06-30,3.011
2022-07-01,2.864
2022-07-04,2.914
2022-07-05,2.827
2022-07-06,3.012
2022-07-07,3.045
2022-07-08,3.139
2022-07-11,3.102
2022-07-12,3.085
2022-07-13,3.151
2022-07-14,3.154
2022-07-15,3.132
2022-07-18,3.177
2022-07-19,3.24
2022-07-20,3.232
2022-07-21,3.066
2022-07-22,2.922
2022-07-25,2.969
2022-07-26,3.008
2022-07-27,2.941
2022-07-28,2.809
2022-07-29,2.811
2022-08-01,2.811
2022-08-02,3.014
2022-08-03,3.011
2022-08-04,2.983
2022-08-05,3.171
2022-08-08,3.137
2022-08-09,3.205
2022-08-10,3.152
2022-08-11,3.174
2022-08-12,3.188
2022-08-15,3.122
2022-08-16,3.21
2022-08-17,3.28
2022-08-18,3.233
2022-08-19,3.269
2022-08-22,3.355
2022-08-23,3.347
2022-08-24,3.403
2022-08-25,3.37
2022-08-26,3.382
2022-08-29,3.449
2022-08-30,3.469
2022-08-31,3.518
2022-09-01,3.549
2022-09-02,3.437
2022-09-05,3.477
2022-09-06,3.574
2022-09-07,3.489
2022-09-08,3.569
2022-09-09,3.601
2022-09-12,3.613
2022-09-13,3.753
2022-09-14,3.789
2022-09-15,3.848
2022-09-16,3.832
2022-09-19,3.903
2022-09-20,3.942
2022-09-21,4.011
2022-09-22,4.133
2022-09-23,4.223
2022-09-26,4.419
2022-09-27,4.374
2022-09-28,4.156
2022-09-29,4.214
2022-09-30,4.285
2022-10-03,4.113
2022-10-04,4.102
2022-10-05,4.166
2022-10-06,4.273
2022-10-07,4.349
2022-10-10,4.352
2022-10-11,4.35
2022-10-12,4.314
2022-10-13,4.45
2022-10-14,4.501
2022-10-17,4.441
2022-10-18,4.43
2022-10-19,4.569
2022-10-20,4.652
2022-10-21,4.519
2022-10-24,4.531
2022-10-25,4.457
2022-10-26,4.386
2022-10-27,4.249
2022-10-28,4.366
2022-10-31,4.44
2022-11-01,4.503
2022-11-02,4.558
2022-11-03,4.648
2022-11-04,4.591
2022-11-07,4.652
2022-11-08,4.565
2022-11-09,4.489
2022-11-10,4.178
2022-11-14,4.234
2022-11-15,4.142
2022-11-16,4.144
2022-11-17,4.222
2022-11-18,4.297
2022-11-21,4.322
2022-11-22,4.288
2022-11-23,4.22
2022-11-24,4.181
2022-11-25,4.216
2022-11-28,4.205
2022-11-29,4.247
2022-11-30,4.066
2022-12-01,3.967
2022-12-02,3.997
2022-12-05,4.126
2022-12-06,4.103
2022-12-07,3.995
2022-12-08,4.054
2022-12-09,4.098
2022-12-12,4.135
2022-12-13,3.941
2022-12-14,3.914
2022-12-15,3.947
2022-12-16,3.908
2022-12-19,4.003
2022-12-20,4.028
2022-12-21,4.0
2022-12-22,4.042
2022-12-23,4.093
2022-12-26,4.09
2022-12-27,4.169
2022-12-28,4.181
2022-12-29,4.167
2022-12-30,4.227
2023-01-02,4.224
2023-01-03,4.156
2023-01-04,4.11
2023-01-05,4.21
2023-01-06,3.985
2023-01-09,3.948
2023-01-10,3.982
2023-01-11,3.92
2023-01-12,3.811
2023-01-13,3.889
2023-01-16,3.903
2023-01-17,3.878
2023-01-18,3.73
2023-01-19,3.772
2023-01-20,3.833
2023-01-23,3.897
2023-01-24,3.858
2023-01-25,3.841
2023-01-26,3.894
2023-01-27,3.897
2023-01-30,3.951
2023-01-31,3.9
2023-02-01,3.776
2023-02-02,3.773
2023-02-03,3.951
2023-02-06,4.145
2023-02-07,4.125
2023-02-08,4.081
2023-02-09,4.151
2023-02-10,4.21
2023-02-13,4.204
2023-02-14,4.325
2023-02-15,4.351
2023-02-16,4.34
2023-02-17,4.313
2023-02-20,4.361
2023-02-21,4.441
2023-02-22,4.435
2023-02-23,4.419
2023-02-24,4.534
2023-02-27,4.506
2023-02-28,4.529
2023-03-01,4.602
2023-03-02,4.634
2023-03-03,4.604
2023-03-06,4.613
2023-03-07,4.724
2023-03-08,4.741
2023-03-09,4.549
2023-03-10,4.325
2023-03-13,3.887
2023-03-14,4.1
2023-03-15,3.796
2023-03-16,4.004
2023-03-17,3.73
2023-03-20,3.809
2023-03-21,3.991
2023-03-22,3.752
2023-03-23,3.616
2023-03-24,3.578
2023-03-27,3.792
2023-03-28,3.886
2023-03-29,3.894
2023-03-30,3.902
2023-03-31,3.799
2023-04-03,3.729
2023-04-04,3.597
2023-04-05,3.574
2023-04-06,3.598
2023-04-07,3.76
2023-04-10,3.773
2023-04-11,3.787
2023-04-12,3.694
2023-04-13,3.708
2023-04-14,3.831
2023-04-17,3.929
2023-04-18,3.918
2023-04-19,3.954
2023-04-20,3.862
2023-04-21,3.884
2023-04-24,3.803
2023-04-25,3.641
2023-04-26,3.694
2023-04-27,3.814
2023-04-28,3.727
2023-05-01,3.862
2023-05-02,3.701
2023-05-03,3.566
2023-05-04,3.513
2023-05-05,3.636
2023-05-08,3.715
2023-05-09,3.721
2023-05-10,3.57
2023-05-11,3.559
2023-05-12,3.658
2023-05-15,3.672
2023-05-16,3.747
2023-05-17,3.817
2023-05-18,3.924
2023-05-19,3.961
2023-05-22,3.987
2023-05-23,3.973
2023-05-24,4.064
2023-05-25,4.215
2023-05-26,4.246
2023-05-29,4.249
2023-05-30,4.117
2023-05-31,4.052
2023-06-01,3.987
2023-06-02,4.151
2023-06-05,4.114
2023-06-06,4.138
2023-06-07,4.219
2023-06-08,4.17
2023-06-09,4.241
2023-06-12,4.23
2023-06-13,4.293
2023-06-14,4.304
2023-06-15,4.246
2023-06-16,4.316
2023-06-19,4.359
2023-06-20,4.274
2023-06-21,4.297
2023-06-22,4.376
2023-06-23,4.328
2023-06-26,4.314
2023-06-27,4.394
2023-06-28,4.329
2023-06-29,4.489
2023-06-30,4.533
2023-07-03,4.577
2023-07-04,4.539
2023-07-05,4.609
2023-07-06,4.676
2023-07-07,4.666
2023-07-10,4.547
2023-07-11,4.559
2023-07-12,4.385
2023-07-13,4.247
2023-07-14,4.376
2023-07-17,4.339
2023-07-18,4.348
2023-07-19,4.342
2023-07-20,4.455
2023-07-21,4.446
2023-07-24,4.522
2023-07-25,4.531
2023-07-26,4.488
2023-07-27,4.579
2023-07-28,4.528
2023-07-31,4.528
2023-08-01,4.568
2023-08-02,4.556
2023-08-03,4.576
2023-08-04,4.45
2023-08-07,4.464
2023-08-08,4.419
2023-08-09,4.44
2023-08-10,4.513
2023-08-11,4.575
2023-08-14,4.654
2023-08-15,4.652
2023-08-16,4.669
2023-08-17,4.658
2023-08-18,4.647
2023-08-21,4.718
2023-08-22,4.761
2023-08-23,4.659
2023-08-24,4.705
2023-08-25,4.737
2023-08-28,4.703
2023-08-29,4.583
2023-08-30,4.565
2023-08-31,4.554
2023-09-01,4.581
2023-09-04,4.615
2023-09-05,4.664
2023-09-06,4.743
2023-09-07,4.67
2023-09-08,4.697
2023-09-11,4.709
2023-09-12,4.693
2023-09-13,4.648
2023-09-14,4.687
2023-09-15,4.724
2023-09-18,4.73
2023-09-19,4.784
2023-09-20,4.852
2023-09-21,4.855
2023-09-22,4.804
2023-09-25,4.83
2023-09-26,4.836
2023-09-27,4.896
2023-09-28,4.822
2023-09-29,4.808
2023-10-02,4.886
2023-10-03,4.955
2023-10-04,4.863
2023-10-05,4.828
2023-10-06,4.881
2023-10-09,4.716
2023-10-10,4.754
2023-10-11,4.747
2023-10-12,4.849
2023-10-13,4.817
2023-10-16,4.874
2023-10-17,5.015
2023-10-18,5.046
2023-10-19,5.018
2023-10-20,4.913
2023-10-23,4.864
2023-10-24,4.91
2023-10-25,4.979
2023-10-26,4.882
2023-10-27,4.848
2023-10-30,4.888
2023-10-31,4.923
2023-11-01,4.756
2023-11-02,4.791
2023-11-03,4.644
2023-11-06,4.731
2023-11-07,4.687
2023-11-08,4.679
2023-11-09,4.795
2023-11-10,4.84
2023-11-13,4.806
2023-11-14,4.597
2023-11-15,4.681
2023-11-16,4.594
2023-11-17,4.625
2023-11-20,4.636
2023-11-21,4.602
2023-11-22,4.616
2023-11-23,4.659
2023-11-24,4.67
2023-11-27,4.602
2023-11-28,4.488
2023-11-29,4.4
2023-11-30,4.453
2023-12-01,4.311
2023-12-04,4.396
2023-12-05,4.33
2023-12-06,4.327
2023-12-07,4.338
2023-12-08,4.46
2023-12-11,4.463
2023-12-12,4.434
2023-12-13,4.151
2023-12-14,4.093
2023-12-15,4.125
2023-12-18,4.148
2023-12-19,4.147
2023-12-20,4.049
2023-12-21,4.063
2023-12-22,4.045
2023-12-25,4.05
2023-12-26,4.067
2023-12-27,3.98
2023-12-28,4.027
2023-12-29,4.003
2024-01-01,4.003
2024-01-02,4.093
2024-01-03,4.087
2024-01-04,4.155
2024-01-05,4.177
2024-01-08,4.14
2024-01-09,4.134
2024-01-10,4.109
2024-01-11,4.008
2024-01-12,3.93
2024-01-15,3.969
2024-01-16,4.011
2024-01-17,4.14
2024-01-18,4.14
2024-01-19,4.166
2024-01-22,4.149
2024-01-23,4.146
2024-01-24,4.194
2024-01-25,4.104
2024-01-26,4.149
2024-01-29,4.113
2024-01-30,4.124
2024-01-31,4.022
2024-02-01,3.982
2024-02-02,4.147
2024-02-05,4.265
2024-02-06,4.185
2024-02-07,4.201
2024-02-08,4.248
2024-02-09,4.271
2024-02-12,4.262
2024-02-13,4.479
2024-02-14,4.383
2024-02-15,4.361
2024-02-16,4.418
2024-02-19,4.438
2024-02-20,4.393
2024-02-21,4.441
2024-02-22,4.487
2024-02-23,4.454
2024-02-26,4.491
2024-02-27,4.489
2024-02-28,4.434
2024-02-29,4.42
2024-03-01,4.329
2024-03-04,4.39
2024-03-05,4.344
2024-03-06,4.333
2024-03-07,4.276
2024-03-08,4.25
2024-03-11,4.302
2024-03-12,4.331
2024-03-13,4.385
2024-03-14,4.464
2024-03-15,4.509
2024-03-18,4.524
2024-03-19,4.47
2024-03-20,4.397
2024-03-21,4.419
2024-03-22,4.357
2024-03-25,4.394
2024-03-26,4.389
2024-03-27,4.36
2024-03-28,4.417
2024-04-01,4.515
2024-04-02,4.509
2024-04-03,4.49
2024-04-04,4.455
2024-04-05,4.562
2024-04-08,4.606
2024-04-09,4.56
2024-04-10,4.802
2024-04-11,4.794
2024-04-12,4.726
2024-04-15,4.769
2024-04-16,4.843
2024-04-17,4.769
2024-04-18,4.826
2024-04-19,4.824
2024-04-22,4.801
2024-04-23,4.773
2024-04-24,4.787
2024-04-25,4.857
2024-04-26,4.834
2024-04-29,4.812
2024-04-30,4.878
2024-05-01,4.818
2024-05-02,4.723
2024-05-03,4.637
2024-05-06,4.648
2024-05-07,4.646
2024-05-08,4.655
2024-05-09,4.624
2024-05-10,4.672
2024-05-13,4.669
2024-05-14,4.618
2024-05-15,4.506
2024-05-16,4.57
2024-05-17,4.61
2024-05-20,4.636
2024-05-21,4.605
2024-05-22,4.652
2024-05-23,4.719
2024-05-24,4.719
2024-05-27,4.706
2024-05-28,4.761
2024-05-29,4.794
2024-05-30,4.74
2024-05-31,4.683
2024-06-03,4.611
2024-06-04,4.555
2024-06-05,4.502
2024-06-06,4.506
2024-06-07,4.668
2024-06-10,4.678
2024-06-11,4.594
2024-06-12,4.502
2024-06-13,4.439
2024-06-14,4.442
2024-06-17,4.505
2024-06-18,4.441
2024-06-19,4.457
2024-06-20,4.471
2024-06-21,4.466
2024-06-24,4.452
2024-06-25,4.473
2024-06-26,4.535
2024-06-27,4.495
2024-06-28,4.546
2024-07-01,4.578
2024-07-02,4.558
2024-07-03,4.492
2024-07-04,4.504
2024-07-05,4.398
2024-07-08,4.416
2024-07-09,4.41
2024-07-10,4.391
2024-07-11,4.284
2024-07-12,4.231
2024-07-15,4.239
2024-07-16,4.194
2024-07-17,4.204
2024-07-18,4.239
2024-07-19,4.292
2024-07-22,4.294
2024-07-23,4.277
2024-07-24,4.261
2024-07-25,4.253
2024-07-26,4.203
2024-07-29,4.211
2024-07-30,4.173
2024-07-31,4.06
2024-08-01,3.967
2024-08-02,3.703
2024-08-05,3.728
2024-08-06,3.827
2024-08-07,3.818
2024-08-08,3.875
2024-08-09,3.874
2024-08-12,3.832
2024-08-13,3.754
2024-08-14,3.767
2024-08-15,3.906
2024-08-16,3.857
2024-08-19,3.87
2024-08-20,3.796
2024-08-21,3.741
2024-08-22,3.818
2024-08-23,3.719
2024-08-26,3.748
2024-08-27,3.719
2024-08-28,3.727
2024-08-29,3.755
2024-08-30,3.782
2024-09-02,3.797
2024-09-03,3.724
2024-09-04,3.632
2024-09-05,3.615
2024-09-06,3.533
2024-09-09,3.536
2024-09-10,3.459
2024-09-11,3.47
2024-09-12,3.486
2024-09-13,3.444
2024-09-16,3.417
2024-09-17,3.465
2024-09-18,3.5
2024-09-19,3.473
2024-09-20,3.482
2024-09-23,3.484
2024-09-24,3.442
2024-09-25,3.493
2024-09-26,3.547
2024-09-27,3.477
2024-09-30,3.553
2024-10-01,3.514
2024-10-02,3.547
2024-10-03,3.62
2024-10-04,3.834
2024-10-07,3.894
2024-10-08,3.868
2024-10-09,3.929
2024-10-10,3.874
2024-10-11,3.872
2024-10-14,3.892
2024-10-15,3.86
2024-10-16,3.85
2024-10-17,3.893
2024-10-18,3.861
2024-10-21,3.959
2024-10-22,3.98
2024-10-23,4.036
2024-10-24,4.007
2024-10-25,4.038
2024-10-28,4.088
2024-10-29,4.074
2024-10-30,4.14
2024-10-31,4.131
2024-11-01,4.186
2024-11-04,4.138
2024-11-05,4.14
2024-11-06,4.23
2024-11-07,4.151
2024-11-08,4.196
2024-11-12,4.303
2024-11-13,4.264
2024-11-14,4.321
2024-11-15,4.277
2024-11-18,4.248
2024-11-19,4.241
2024-11-20,4.273
2024-11-21,4.297
2024-11-22,4.319
2024-11-25,4.206
2024-11-26,4.203
2024-11-27,4.17
2024-11-29,4.093
2024-12-02,4.131
2024-12-03,4.142
2024-12-04,4.09
2024-12-05,4.099
2024-12-06,4.058
2024-12-09,4.091
2024-12-10,4.108
2024-12-11,4.124
2024-12-12,4.169
2024-12-13,4.219
2024-12-16,4.23
2024-12-17,4.224
2024-12-18,4.356
2024-12-19,4.337
2024-12-20,4.322
2024-12-23,4.359
2024-12-24,4.362
2024-12-26,4.355
2024-12-27,4.37
2024-12-30,4.269
2024-12-31,4.268
2025-01-02,4.279
2025-01-03,4.322
2025-01-06,4.314
2025-01-07,4.357
2025-01-08,4.351
2025-01-09,4.338
2025-01-10,4.471
2025-01-13,4.489
2025-01-14,4.474
2025-01-15,4.34
2025-01-16,4.297
2025-01-17,4.345
2025-01-21,4.319
2025-01-22,4.351
2025-01-23,4.349
2025-01-24,4.32
2025-01-27,4.242
2025-01-28,4.24
2025-01-29,4.256
2025-01-30,4.25
2025-01-31,4.244
2025-02-03,4.286
2025-02-04,4.25
2025-02-05,4.205
2025-02-06,4.232
2025-02-07,4.314
2025-02-10,4.3
2025-02-11,4.311
2025-02-12,4.387
2025-02-13,4.329
2025-02-14,4.27
2025-02-18,4.326
2025-02-19,4.287
2025-02-20,4.276
2025-02-21,4.207
2025-02-24,4.173
2025-02-25,4.087
2025-02-26,4.046
2025-02-27,4.031
2025-02-28,3.965
2025-03-03,3.933
2025-03-04,3.98
2025-03-05,4.011
2025-03-06,3.976
2025-03-07,4.008
2025-03-10,3.894
2025-03-11,3.953
2025-03-12,3.985
2025-03-13,3.944
2025-03-14,4.011
2025-03-17,4.023
2025-03-18,4.014
2025-03-19,3.953
2025-03-20,3.941
2025-03-21,3.927
2025-03-24,4.016
2025-03-25,3.992
2025-03-26,4.015
2025-03-27,3.992
2025-03-28,3.898
2025-03-31,3.877
2025-04-01,3.854
2025-04-02,3.814
2025-04-03,3.66
2025-04-04,3.627
2025-04-07,3.783
2025-04-08,3.761
2025-04-09,3.935
2025-04-10,3.914
2025-04-11,4.016
2025-04-14,3.877
2025-04-15,3.86
2025-04-16,3.776
2025-04-17,3.799
2025-04-21,3.79
2025-04-22,3.83
2025-04-23,3.879
2025-04-24,3.793
2025-04-25,3.747
2025-04-28,3.674
2025-04-29,3.644
2025-04-30,3.601
2025-05-01,3.68
2025-05-02,3.807
2025-05-05,3.819
2025-05-06,3.753
2025-05-07,3.744
2025-05-08,3.863
2025-05-09,3.877
2025-05-12,4.005
2025-05-13,3.989
2025-05-14,4.055
2025-05-15,3.938
2025-05-16,3.967
2025-05-19,3.947
2025-05-20,3.948
2025-05-21,4.014
2025-05-22,3.965
2025-05-23,3.959
2025-05-26,3.959
2025-05-27,3.928
2025-05-28,3.958
2025-05-29,3.903
2025-05-30,3.858
2025-06-02,3.9
2025-06-03,3.922
2025-06-04,3.828
2025-06-05,3.891
2025-06-06,4.019
2025-06-09,3.98
2025-06-10,3.997
2025-06-11,3.915
2025-06-12,3.873
2025-06-13,3.906
2025-06-16,3.931
2025-06-17,3.894
2025-06-18,3.891
2025-06-19,3.876
2025-06-20,3.858
2025-06-23,3.807
2025-06-24,3.758
2025-06-25,3.748
2025-06-26,3.683
2025-06-27,3.713
2025-06-30,3.692
2025-07-01,3.741
2025-07-02,3.765
2025-07-03,3.844
2025-07-07,3.856
2025-07-08,3.874
2025-07-09,3.826
2025-07-10,3.835
2025-07-11,3.885
2025-07-14,3.871
2025-07-15,3.935
2025-07-16,3.86
2025-07-17,3.89
2025-07-18,3.844
2025-07-21,3.805
2025-07-22,3.777
2025-07-23,3.833
2025-07-24,3.873
2025-07-25,3.863
2025-07-28,3.88
2025-07-29,3.824
2025-07-30,3.887
2025-07-31,3.894
2025-08-01,3.673
2025-08-04,3.648
2025-08-05,3.676
2025-08-06,3.656
2025-08-07,3.689
2025-08-08,3.725
2025-08-11,3.719
2025-08-12,3.705
2025-08-13,3.654
2025-08-14,3.703
2025-08-15,3.722
2025-08-18,3.735
2025-08-19,3.71
2025-08-20,3.697
2025-08-21,3.744
2025-08-22,3.64
2025-08-25,3.675
2025-08-26,3.62
2025-08-27,3.591
2025-08-28,3.592
2025-08-29,3.584
2025-09-01,3.598
2025-09-02,3.626
2025-09-03,3.578
2025-09-04,3.553
2025-09-05,3.476
2025-09-08,3.463
2025-09-09,3.501
2025-09-10,3.484
2025-09-11,3.487
2025-09-12,3.526
2025-09-15,3.497
2025-09-16,3.475
2025-09-17,3.53
2025-09-18,3.549
2025-09-19,3.567
2025-09-21,3.563
2025-09-22,3.581
2025-09-23,3.567
2025-09-24,3.597
2025-09-25,3.663
2025-09-26,3.655
2025-09-28,3.644
2025-09-29,3.633
