date,ESP_real_estate_f1__ESP_real_estate_f2
2000-01-31,0.08402092017530363
2000-02-01,-0.2100507109608833
2000-02-02,-0.42562918524390203
2000-02-03,-0.5716786706472148
2000-02-04,-0.6707413880569885
2000-02-07,-0.7379883814359447
2000-02-08,-0.7836629655284203
2000-02-09,-0.8146970300590378
2000-02-10,-0.8357887978178552
2000-02-11,-0.8501259279624915
2000-02-14,-0.8598727356719017
2000-02-15,-0.8664994337682216
2000-02-16,-0.8710050635721394
2000-02-17,-0.8740686478148986
2000-02-18,-0.8761517713587728
2000-02-21,-0.8775682421551148
2000-02-22,-0.8785314172679923
2000-02-23,-0.879186364483613
2000-02-24,-0.879631722909734
2000-02-25,-0.8799345638795665
2000-02-28,-0.8801404943722251
2000-02-29,-0.880280526413575
2000-03-01,-0.8823175679009823
2000-03-02,-0.8817025321872923
2000-03-03,-0.8813496621572963
2000-03-06,-0.8811425609163845
2000-03-07,-0.8810177367173592
2000-03-08,-0.8809405259749171
2000-03-09,-0.8808916567185223
2000-03-10,-0.8808601341989116
2000-03-13,-0.8808394979407468
2000-03-14,-0.8808258376350703
2000-03-15,-0.8808167217118043
2000-03-16,-0.8808106032072145
2000-03-17,-0.8808064798576343
2000-03-20,-0.8808036932263626
2000-03-21,-0.8808018063016274
2000-03-22,-0.8808005268882275
2000-03-23,-0.8807996585971427
2000-03-24,-0.8807990689504579
2000-03-27,-0.8807986683568503
2000-03-28,-0.8807983961226464
2000-03-29,-0.8807982110818309
2000-03-30,-0.8807980852904065
2000-03-31,-0.8807979997690751
2000-04-03,-0.8819389358740539
2000-04-04,-0.8815813295779341
2000-04-05,-0.8813459292810251
2000-04-06,-0.8811896437546679
2000-04-07,-0.8810851581459958
2000-04-10,-0.8810149470152071
2000-04-11,-0.8809675952896194
2000-04-12,-0.8809355785335573
2000-04-13,-0.8809138918829572
2000-04-14,-0.8808991842736813
2000-04-17,-0.8808892013203711
2000-04-18,-0.8808824213525209
2000-04-19,-0.8808778148830346
2000-04-20,-0.8808746842937099
2000-04-21,-0.880872556331189
2000-04-24,-0.8808711097050209
2000-04-25,-0.8808701261792677
2000-04-26,-0.880869457465312
2000-04-27,-0.8808690027786626
2000-04-28,-0.8808686936098379
2000-05-01,-0.880868483383498
2000-05-02,-0.8824128362207733
2000-05-03,-0.8819130031789596
2000-05-04,-0.8815906616077266
2000-05-05,-0.881380090439124
2000-05-08,-0.8812410170117264
2000-05-09,-0.8811483914521302
2000-05-10,-0.8810863185031356
2000-05-11,-0.8810445350706383
2000-05-12,-0.8810163207583106
2000-05-15,-0.8809972272106278
2000-05-16,-0.8809842863645893
2000-05-17,-0.8809755064107089
2000-05-18,-0.8809695452234632
2000-05-19,-0.8809654958675907
2000-05-22,-0.8809627442739991
2000-05-23,-0.8809608741017829
2000-05-24,-0.8809596028068086
2000-05-25,-0.8809587385218411
2000-05-26,-0.880958150898787
2000-05-29,-0.8809577513572404
2000-05-30,-0.8809574796885911
2000-05-31,-0.880957294963055
2000-06-01,-0.8826240634493199
2000-06-02,-0.8820771138280975
2000-06-05,-0.8817253752133734
2000-06-06,-0.8814961563450529
2000-06-07,-0.881345060000416
2000-06-08,-0.881244574970157
2000-06-09,-0.8811773076591333
2000-06-12,-0.8811320627098058
2000-06-13,-0.8811015276340822
2000-06-14,-0.8810808713851402
2000-06-15,-0.8810668750719333
2000-06-16,-0.8810573807285846
2000-06-19,-0.8810509352996571
2000-06-20,-0.8810465573743941
2000-06-21,-0.8810435826847036
2000-06-22,-0.8810415609604251
2000-06-23,-0.8810401866810119
2000-06-26,-0.881039252399482
2000-06-27,-0.8810386171939832
2000-06-28,-0.8810381853034264
2000-06-29,-0.8810378916407208
2000-06-30,-0.8810376919607457
2000-07-03,-0.8828066035963456
2000-07-04,-0.8822208966854769
2000-07-05,-0.881844114548616
2000-07-06,-0.8815985565400511
2000-07-07,-0.8814366949622541
2000-07-10,-0.8813290578867358
2000-07-11,-0.8812570078091523
2000-07-12,-0.8812085487585589
2000-07-13,-0.8811758460359204
2000-07-14,-0.8811537241750916
2000-07-17,-0.8811387351536687
2000-07-18,-0.8811285675851266
2000-07-19,-0.8811216652060387
2000-07-20,-0.881116976945497
2000-07-21,-0.881113791408914
2000-07-24,-0.8811116263926405
2000-07-25,-0.8811101547135328
2000-07-26,-0.881109154218219
2000-07-27,-0.8811084739956967
2000-07-28,-0.8811080114974388
2000-07-31,-0.8811076970232976
2000-08-01,-0.8831689655177616
2000-08-02,-0.8824708060980184
2000-08-03,-0.8820265997451179
2000-08-04,-0.8817398504974236
2000-08-07,-0.8815522835626917
2000-08-08,-0.8814282825599702
2000-08-09,-0.8813456372103055
2000-08-10,-0.8812902247107289
2000-08-11,-0.881252911538502
2000-08-14,-0.8812277096210546
2000-08-15,-0.8812106517855015
2000-08-16,-0.8811990893259959
2000-08-17,-0.8811912439420687
2000-08-18,-0.8811859169967324
2000-08-21,-0.881182298339396
2000-08-22,-0.8811798393495642
2000-08-23,-0.8811781680223411
2000-08-24,-0.8811770318838253
2000-08-25,-0.8811762594783221
2000-08-28,-0.8811757343208224
2000-08-29,-0.8811753772500635
2000-08-30,-0.8811751344588589
2000-08-31,-0.8811749693687326
2000-09-01,-0.8828650531234213
2000-09-04,-0.8823104365205227
2000-09-05,-0.8819469120219166
2000-09-06,-0.8817064681941521
2000-09-07,-0.881546202251588
2000-09-08,-0.881438754414089
2000-09-11,-0.8813664105526022
2000-09-12,-0.8813175537393654
2000-09-13,-0.881284488147062
2000-09-14,-0.8812620765467825
2000-09-15,-0.881246870540661
2000-09-18,-0.8812365461656312
2000-09-19,-0.8812295328694141
2000-09-20,-0.8812247671995183
2000-09-21,-0.8812215281055789
2000-09-22,-0.881219326245115
2000-09-25,-0.8812178293152801
2000-09-26,-0.8812168115585107
2000-09-27,-0.8812161195561342
2000-09-28,-0.8812156490281273
2000-09-29,-0.881215329084765
2000-10-02,-0.881215111530626
2000-10-03,-0.8830659747234529
2000-10-04,-0.8824553742480596
2000-10-05,-0.8820554557269908
2000-10-06,-0.8817911410989644
2000-10-09,-0.8816150796156151
2000-10-10,-0.881497102897216
2000-10-11,-0.8814177007744426
2000-10-12,-0.8813640922839294
2000-10-13,-0.8813278180585646
2000-10-16,-0.8813032351036564
2000-10-17,-0.8812865574735643
2000-10-18,-0.8812752346698636
2000-10-19,-0.8812675434980839
2000-10-20,-0.881262317362338
2000-10-23,-0.8812587653784535
2000-10-24,-0.8812563508579133
2000-10-25,-0.8812547093679157
2000-10-26,-0.8812535933328025
2000-10-27,-0.8812528345116206
2000-10-30,-0.8812523185516868
2000-10-31,-0.881251967716876
2000-11-01,-0.8817929551330298
2000-11-02,-0.881620877630366
2000-11-03,-0.8815045374916177
2000-11-06,-0.8814257706738312
2000-11-07,-0.8813723702509247
2000-11-08,-0.8813361329705907
2000-11-09,-0.881311526484452
2000-11-10,-0.8812948102563084
2000-11-13,-0.8812834507258563
2000-11-14,-0.881275729724043
2000-11-15,-0.8812704810554363
2000-11-16,-0.8812669127085593
2000-11-17,-0.8812644865796876
2000-11-20,-0.8812628369732876
2000-11-21,-0.881261715316
2000-11-22,-0.8812609526240945
2000-11-23,-0.881260434010036
2000-11-24,-0.8812600813602324
2000-11-27,-0.8812598415620584
2000-11-28,-0.8812596785010789
2000-11-29,-0.8812595676204843
2000-11-30,-0.8812594922221163
2000-12-01,-0.8819891890017447
2000-12-04,-0.8817565101136062
2000-12-05,-0.8815995621118061
2000-12-06,-0.8814934787218647
2000-12-07,-0.8814216429245373
2000-12-08,-0.8813729351285577
2000-12-11,-0.8813398792691206
2000-12-12,-0.8813174316935085
2000-12-13,-0.8813021814535609
2000-12-14,-0.8812918178338743
2000-12-15,-0.8812847736056274
2000-12-18,-0.8812799849364134
2000-12-19,-0.8812767292933409
2000-12-20,-0.8812745157586419
2000-12-21,-0.8812730106956689
2000-12-22,-0.8812719873183347
2000-12-25,-0.8812712914523393
2000-12-26,-0.8812708182778176
2000-12-27,-0.8812704965259228
2000-12-28,-0.8812702777378658
2000-12-29,-0.8812701289635466
2001-01-01,-0.8812700277977757
2001-01-02,-0.881483557369197
2001-01-03,-0.8814159056861443
2001-01-04,-0.881369975739144
2001-01-05,-0.8813387880597179
2001-01-08,-0.8813176011978243
2001-01-09,-0.881303203765063
2001-01-10,-0.8812934179782056
2001-01-11,-0.8812867657145316
2001-01-12,-0.881282243135891
2001-01-15,-0.8812791682282464
2001-01-16,-0.8812770774982048
2001-01-17,-0.8812756558982179
2001-01-18,-0.8812746892552555
2001-01-19,-0.8812740319591539
2001-01-22,-0.8812735850077652
2001-01-23,-0.8812732810855607
2001-01-24,-0.881273074420744
2001-01-25,-0.8812729338897857
2001-01-26,-0.8812728383292933
2001-01-29,-0.8812727733484454
2001-01-30,-0.8812727291616207
2001-01-31,-0.8812726991146635
2001-02-01,-0.8816889961466824
2001-02-02,-0.8815568306024336
2001-02-05,-0.8814672931760793
2001-02-06,-0.8814065859154046
2001-02-07,-0.8813653880817052
2001-02-08,-0.8813374122117871
2001-02-09,-0.8813184065722902
2001-02-12,-0.8813054910657926
2001-02-13,-0.8812967123830884
2001-02-14,-0.8812907446692773
2001-02-15,-0.8812866874542389
2001-02-16,-0.8812839289333939
2001-02-19,-0.881282053318312
2001-02-20,-0.8812807779834502
2001-02-21,-0.8812799107946941
2001-02-22,-0.8812793211246122
2001-02-23,-0.8812789201575822
2001-02-26,-0.881278647504111
2001-02-27,-0.881278462101732
2001-02-28,-0.8812783360290865
2001-03-01,-0.8798609887513743
2001-03-02,-0.8803038763456157
2001-03-05,-0.8806079023764382
2001-03-06,-0.8808158547609655
2001-03-07,-0.8809578088250456
2001-03-08,-0.8810545855416317
2001-03-09,-0.8811205068800328
2001-03-12,-0.8811653852475216
2001-03-13,-0.8811959263611073
2001-03-14,-0.8812167052808758
2001-03-15,-0.8812308399952409
2001-03-16,-0.8812404539270241
2001-03-19,-0.8812469924719324
2001-03-20,-0.8812514391754472
2001-03-21,-0.8812544631603229
2001-03-22,-0.8812565195738163
2001-03-23,-0.8812579179823504
2001-03-26,-0.881258868921629
2001-03-27,-0.8812595155699825
2001-03-28,-0.8812599552951286
2001-03-29,-0.8812602543100683
2001-03-30,-0.8812604576409889
2001-04-02,-0.8812605959063062
2001-04-03,-0.8790416454184805
2001-04-04,-0.8797312820675334
2001-04-05,-0.8802064932954028
2001-04-06,-0.8805322813944998
2001-04-09,-0.8807549908781521
2001-04-10,-0.8809069608907192
2001-04-11,-0.8810105397584924
2001-04-12,-0.8810810825497529
2001-04-13,-0.8811291016533822
2001-04-16,-0.8811617776115143
2001-04-17,-0.8811840078294786
2001-04-18,-0.8811991292431447
2001-04-19,-0.8812094140453567
2001-04-20,-0.881216408742619
2001-04-23,-0.8812211656113192
2001-04-24,-0.8812244004999144
2001-04-25,-0.8812266003238949
2001-04-26,-0.8812280962496477
2001-04-27,-0.8812291134997216
2001-04-30,-0.8812298052389742
2001-05-01,-0.8803305825067718
2001-05-02,-0.8806113655219426
2001-05-03,-0.8808038764834456
2001-05-04,-0.8809354578078543
2001-05-07,-0.8810252396613686
2001-05-08,-0.8810864314910949
2001-05-09,-0.8811281062465331
2001-05-10,-0.8811564746536331
2001-05-11,-0.8811757787891898
2001-05-14,-0.8811889118779778
2001-05-15,-0.8811978452720415
2001-05-16,-0.8812039213138991
2001-05-17,-0.8812080536368727
2001-05-18,-0.881210863899261
2001-05-21,-0.8812127750075488
2001-05-22,-0.8812140746206474
2001-05-23,-0.881214958384656
2001-05-24,-0.8812155593564479
2001-05-25,-0.8812159680227575
2001-05-28,-0.8812162459182649
2001-05-29,-0.881216434888244
2001-05-30,-0.8812165633882516
2001-05-31,-0.8812166507684134
2001-06-01,-0.8807025803764853
2001-06-04,-0.8808631981580202
2001-06-05,-0.8809730273627782
2001-06-06,-0.8810479655897109
2001-06-07,-0.8810990400982986
2001-06-08,-0.88113382428784
2001-06-11,-0.8811575021701127
2001-06-12,-0.8811736144803461
2001-06-13,-0.8811845760844623
2001-06-14,-0.8811920323885265
2001-06-15,-0.8811971037879242
2001-06-18,-0.8812005528521555
2001-06-19,-0.8812028984517429
2001-06-20,-0.8812044935678133
2001-06-21,-0.8812055782963549
2001-06-22,-0.8812063159343765
2001-06-25,-0.8812068175384659
2001-06-26,-0.8812071586338286
2001-06-27,-0.8812073905806918
2001-06-28,-0.8812075483054217
2001-06-29,-0.8812076555585899
2001-07-02,-0.8812077284908746
2001-07-03,-0.8798028136242638
2001-07-04,-0.8802380646487002
2001-07-05,-0.8805376057829212
2001-07-06,-0.8807428302660258
2001-07-09,-0.880883076400527
2001-07-10,-0.8809787591680128
2001-07-11,-0.8810439676352891
2001-07-12,-0.8810883755379031
2001-07-13,-0.8811186033252125
2001-07-16,-0.881139172225064
2001-07-17,-0.8811531655308849
2001-07-18,-0.88116268395405
2001-07-19,-0.8811691578531485
2001-07-20,-0.8811735607362233
2001-07-23,-0.8811765549873362
2001-07-24,-0.881178591211532
2001-07-25,-0.8811799759050625
2001-07-26,-0.881180917524486
2001-07-27,-0.8811815578382761
2001-07-30,-0.881181993257279
2001-07-31,-0.8811822893446717
2001-08-01,-0.8804850575179565
2001-08-02,-0.8807018491447026
2001-08-03,-0.880850399642083
2001-08-06,-0.8809518970910712
2001-08-07,-0.8810211360441814
2001-08-08,-0.8810683197262835
2001-08-09,-0.8811004511482603
2001-08-10,-0.8811223219341962
2001-08-13,-0.8811372039407002
2001-08-14,-0.8811473282574946
2001-08-15,-0.8811542148923809
2001-08-16,-0.881158898772042
2001-08-17,-0.8811620842561346
2001-08-20,-0.8811642505904802
2001-08-21,-0.8811657237920287
2001-08-22,-0.881166725612188
2001-08-23,-0.8811674068695263
2001-08-24,-0.8811678701333886
2001-08-27,-0.8811681851567785
2001-08-28,-0.881168399374422
2001-08-29,-0.8811685450431593
2001-08-30,-0.8811686440981991
2001-08-31,-0.8811687114557344
2001-09-03,-0.8804524983027994
2001-09-04,-0.8806746620366367
2001-09-05,-0.8808269518043849
2001-09-06,-0.8809310301758216
2001-09-07,-0.8810020415778058
2001-09-10,-0.8810504385027144
2001-09-11,-0.8810833985940352
2001-09-12,-0.8811058345616398
2001-09-13,-0.8811211016689767
2001-09-14,-0.8811314882128998
2001-09-17,-0.8811385533277195
2001-09-18,-0.8811433586501296
2001-09-19,-0.8811466267505564
2001-09-20,-0.8811488492802834
2001-09-21,-0.8811503607021978
2001-09-24,-0.8811513885156647
2001-09-25,-0.8811520874500434
2001-09-26,-0.8811525627350233
2001-09-27,-0.8811528859331073
2001-09-28,-0.8811531057096951
2001-10-01,-0.8811532551585829
2001-10-02,-0.8797532406350909
2001-10-03,-0.8801843446752299
2001-10-04,-0.8804814362921154
2001-10-05,-0.8806851637395581
2001-10-08,-0.8808244690324776
2001-10-09,-0.880919547438825
2001-10-10,-0.8809843612336472
2001-10-11,-0.8810285082676389
2001-10-12,-0.8810585621283935
2001-10-15,-0.8810790143575403
2001-10-16,-0.8810929290660722
2001-10-17,-0.8811023943844726
2001-10-18,-0.8811088323301289
2001-10-19,-0.8811132108378148
2001-10-22,-0.8811161885473955
2001-10-23,-0.8811182135389499
2001-10-24,-0.8811195906015004
2001-10-25,-0.8811205270351964
2001-10-26,-0.8811211638242372
2001-10-29,-0.8811215968471261
2001-10-30,-0.8811218913054931
2001-10-31,-0.8811220915383902
2001-11-01,-0.8777560308534716
2001-11-02,-0.8787806443392981
2001-11-05,-0.8794927671800358
2001-11-06,-0.8799835124706207
2001-11-07,-0.8803200779543376
2001-11-08,-0.88055021948177
2001-11-09,-0.8807072924008438
2001-11-12,-0.8808143643476019
2001-11-13,-0.8808872932343973
2001-11-14,-0.8809369399141788
2001-11-15,-0.880970724961563
2001-11-16,-0.8809937104443278
2001-11-19,-0.8810093459402479
2001-11-20,-0.8810199805508027
2001-11-21,-0.8810272132252099
2001-11-22,-0.8810321319680272
2001-11-23,-0.8810354769539461
2001-11-26,-0.8810377516546769
2001-11-27,-0.8810392985014871
2001-11-28,-0.881040350380115
2001-11-29,-0.8810410656678077
2001-11-30,-0.8810415520679528
2001-12-03,-0.874324914102713
2001-12-04,-0.876352004570648
2001-12-05,-0.8777660681366959
2001-12-06,-0.8787419210969615
2001-12-07,-0.879411529679166
2001-12-10,-0.8798694794312476
2001-12-11,-0.8801820429131146
2001-12-12,-0.8803951054272647
2001-12-13,-0.8805402231230183
2001-12-14,-0.8806390103422057
2001-12-17,-0.8807062347103675
2001-12-18,-0.8807519697972617
2001-12-19,-0.8807830800078574
2001-12-20,-0.8808042397137132
2001-12-21,-0.880818630505034
2001-12-24,-0.8808284172506606
2001-12-25,-0.8808350727001859
2001-12-26,-0.8808395986175878
2001-12-27,-0.8808426763379228
2001-12-28,-0.8808447692314381
2001-12-31,-0.880846192418598
2002-01-01,-0.870659244651505
2002-01-02,-0.8737020467305779
2002-01-03,-0.8758203423495501
2002-01-04,-0.8772796080766897
2002-01-07,-0.8782795729541151
2002-01-08,-0.8789627890417128
2002-01-09,-0.8794287831052053
2002-01-10,-0.8797462819676044
2002-01-11,-0.8799624606400392
2002-01-14,-0.8801095886604906
2002-01-15,-0.8802096933569418
2002-01-16,-0.8802777909191468
2002-01-17,-0.8803241093539994
2002-01-18,-0.8803556114423803
2002-01-21,-0.8803770354127464
2002-01-22,-0.8803916048829554
2002-01-23,-0.8804015126587346
2002-01-24,-0.880408250190918
2002-01-25,-0.8804128318238363
2002-01-28,-0.8804159473841672
2002-01-29,-0.8804180659873474
2002-01-30,-0.8804195066471175
2002-01-31,-0.880420486299772
2002-02-01,-0.8726960127533678
2002-02-04,-0.8749210480675312
2002-02-05,-0.8764748065286948
2002-02-06,-0.8775479939924953
2002-02-07,-0.8782848712573941
2002-02-08,-0.878789062466796
2002-02-11,-0.8791333002501183
2002-02-12,-0.8793680075004531
2002-02-13,-0.8795278926597994
2002-02-14,-0.8796367444065055
2002-02-15,-0.8797108231180069
2002-02-18,-0.8797612239929808
2002-02-19,-0.8797955091728977
2002-02-20,-0.8798188288894552
2002-02-21,-0.8798346889643299
2002-02-22,-0.879845475042541
2002-02-25,-0.8798528101395378
2002-02-26,-0.8798577982638619
2002-02-27,-0.8798611903063324
2002-02-28,-0.8798634969487134
2002-03-01,-0.8811942757810879
2002-03-04,-0.8808147561165253
2002-03-05,-0.8805711905247235
2002-03-06,-0.8804126252785384
2002-03-07,-0.8803081453629084
2002-03-08,-0.880238671307457
2002-03-11,-0.8801921642294227
2002-03-12,-0.8801608820397201
2002-03-13,-0.8801397694175107
2002-03-14,-0.8801254867473561
2002-03-15,-0.8801158087957816
2002-03-18,-0.8801092436613233
2002-03-19,-0.8801047867195254
2002-03-20,-0.8801017594014758
2002-03-21,-0.8800997024001715
2002-03-22,-0.8800983043684184
2002-03-25,-0.8800973540444755
2002-03-26,-0.8800967079806326
2002-03-27,-0.8800962687297571
2002-03-28,-0.8800959700728372
2002-03-29,-0.8800957670017935
2002-04-01,-0.8800956289207866
2002-04-02,0.45883354233281326
2002-04-03,0.44134843048597333
2002-04-04,0.43703953111822413
2002-04-05,0.4456216157654174
2002-04-08,0.46643043399760264
2002-04-09,0.4982952026836811
2002-04-10,0.5393528003762359
2002-04-11,0.5869284732061971
2002-04-12,0.6376377133769606
2002-04-15,0.6878066784953317
2002-04-16,0.7341280020673302
2002-04-17,0.7742747484856457
2002-04-18,0.8071829882356416
2002-04-19,0.832922943556797
2002-04-22,0.8523133903832825
2002-04-23,0.8665039878076523
2002-04-24,0.8766677642541973
2002-04-25,0.8838344381928462
2002-04-26,0.8888318429316354
2002-04-29,0.8922894527663395
2002-04-30,0.8946687391449113
2002-05-01,0.8962737698638027
2002-05-02,0.8973992179122995
2002-05-03,0.898166470456373
2002-05-06,0.8986890983031134
2002-05-07,0.8990449003562272
2002-05-08,0.8992870378827985
2002-05-09,0.8994517802596951
2002-05-10,0.8995638461433296
2002-05-13,0.8996400699090872
2002-05-14,0.899691910819135
2002-05-15,0.8997271666690114
2002-05-16,0.8997511425006006
2002-05-17,0.8997674469161268
2002-05-20,0.8997785343068909
2002-05-21,0.8997860739088065
2002-05-22,0.8997912009173272
2002-05-23,0.8997946873182182
2002-05-24,0.899797058086009
2002-05-27,0.8997986702144191
2002-05-28,0.899799766464174
2002-05-29,0.8998005119148057
2002-05-30,0.8998010188213811
2002-05-31,0.8998013635177678
2002-06-03,0.8997842730332222
2002-06-04,0.8997876886996194
2002-06-05,0.8997912487466698
2002-06-06,0.8997942345221961
2002-06-07,0.8997965261181343
2002-06-10,0.8997982052262435
2002-06-11,0.8997994028918307
2002-06-12,0.899800243140583
2002-06-13,0.8998008264565057
2002-06-14,0.8998012286354604
2002-06-17,0.8998015046714183
2002-06-18,0.8998016935568897
2002-06-19,0.8998018225450597
2002-06-20,0.89980191050947
2002-06-21,0.8998019704419781
2002-06-24,0.899802011250031
2002-06-25,0.8998020390244408
2002-06-26,0.8998020579225601
2002-06-27,0.899802070778603
2002-06-28,0.8998020795231688
2002-07-01,0.899802085470607
2002-07-02,0.8998020895153875
2002-07-03,0.8998020922660783
2002-07-04,0.8998020941366583
2002-07-05,0.8998020954087032
2002-07-08,0.8998020962737167
2002-07-09,0.8998020968619362
2002-07-10,0.8998020972619301
2002-07-11,0.8998020975339278
2002-07-12,0.8998020977188871
2002-07-15,0.8998020978446598
2002-07-16,0.8998020979301856
2002-07-17,0.8998020979883432
2002-07-18,0.8998020980278901
2002-07-19,0.8998020980547822
2002-07-22,0.899802098073069
2002-07-23,0.8998020980855037
2002-07-24,0.8998020980939591
2002-07-25,0.899802098099709
2002-07-26,0.8998020981036188
2002-07-29,0.8998020981062778
2002-07-30,0.8998020981080855
2002-07-31,0.8998020981093149
2002-08-01,0.8998020981101509
2002-08-02,0.8998020981107195
2002-08-05,0.899802098111106
2002-08-06,0.8998020981113686
2002-08-07,0.8998020981115477
2002-08-08,0.8998020981116692
2002-08-09,0.8998020981117517
2002-08-12,0.8998020981118079
2002-08-13,0.8998020981118462
2002-08-14,0.899802098111872
2002-08-15,0.8998020981118897
2002-08-16,0.8998020981119018
2002-08-19,0.8998020981119098
2002-08-20,0.8998020981119154
2002-08-21,0.8998020981119195
2002-08-22,0.8998020981119218
2002-08-23,0.8998020981119236
2002-08-26,0.8998020981119247
2002-08-27,0.8998020981119252
2002-08-28,0.8998020981119261
2002-08-29,0.8998020981119264
2002-08-30,0.8998020981119266
2002-09-02,0.8998020981119268
2002-09-03,0.8998007715952323
2002-09-04,0.8998011521060606
2002-09-05,0.89980143337192
2002-09-06,0.8998016361966333
2002-09-09,0.8998017794646013
2002-09-10,0.8998018793592727
2002-09-11,0.8998019484308704
2002-09-12,0.8998019959281572
2002-09-13,0.8998020284707212
2002-09-16,0.8998020507126688
2002-09-17,0.8998020658894395
2002-09-18,0.8998020762337977
2002-09-19,0.8998020832791267
2002-09-20,0.8998020880751114
2002-09-23,0.899802091338766
2002-09-24,0.8998020935591531
2002-09-25,0.8998020950695248
2002-09-26,0.8998020960968125
2002-09-27,0.8998020967954765
2002-09-30,0.8998020972706179
2002-10-01,0.899597320189255
2002-10-02,0.8996461965510076
2002-10-03,0.899688356687956
2002-10-04,0.8997211765655676
2002-10-07,0.8997454132609473
2002-10-08,0.899762781580597
2002-10-09,0.8997750023377363
2002-10-10,0.8997835021679611
2002-10-11,0.8997893697733019
2002-10-14,0.8997934003049248
2002-10-15,0.899796159820037
2002-10-16,0.8997980449611073
2002-10-17,0.8997993308658256
2002-10-18,0.8998002071343052
2002-10-21,0.8998008038535575
2002-10-22,0.8998012100186007
2002-10-23,0.8998014863937956
2002-10-24,0.8998016744134485
2002-10-25,0.8998018023058381
2002-10-28,0.8998018892906701
2002-10-29,0.899801948448656
2002-10-30,0.8998019886799071
2002-10-31,0.8998020160389122
2002-11-01,0.8996914887131101
2002-11-04,0.8997190573051184
2002-11-05,0.8997419845940722
2002-11-06,0.8997595236172996
2002-11-07,0.8997723508529338
2002-11-08,0.8997814897723959
2002-11-11,0.8997878967532379
2002-11-12,0.8997923425098333
2002-11-13,0.8997954067786113
2002-11-14,0.899797509509429
2002-11-15,0.8997989481640709
2002-11-18,0.8997999305167614
2002-11-19,0.8998006003970956
2002-11-20,0.8998010567850575
2002-11-21,0.8998013675307113
2002-11-22,0.8998015790234725
2002-11-25,0.8998017229243613
2002-11-26,0.8998018208166016
2002-11-27,0.8998018874016231
2002-11-28,0.899801932687879
2002-11-29,0.8998019634864225
2002-12-02,0.8998019844312214
2002-12-03,0.8995694778490106
2002-12-04,0.899627138145065
2002-12-05,0.8996753171298948
2002-12-06,0.8997122474853392
2002-12-09,0.8997392866296953
2002-12-10,0.8997585637363128
2002-12-11,0.8997720838284939
2002-12-12,0.8997814678089
2002-12-13,0.8997879369064304
2002-12-16,0.8997923765748637
2002-12-17,0.8997954143585437
2002-12-18,0.8997974887475818
2002-12-19,0.8997989033524997
2002-12-20,0.8997998671424063
2002-12-23,0.8998005233786421
2002-12-24,0.8998009700163291
2002-12-25,0.8998012739134154
2002-12-26,0.899801480648174
2002-12-27,0.8998016212669312
2002-12-30,0.899801716905734
2002-12-31,0.8998017819484365
2003-01-01,0.8996364257304896
2003-01-02,0.8996788638795867
2003-01-03,0.8997133418094114
2003-01-06,0.8997394012370635
2003-01-07,0.8997583297416655
2003-01-08,0.8997717594923388
2003-01-09,0.8997811498308562
2003-01-10,0.89978765458337
2003-01-13,0.8997921329802206
2003-01-14,0.8997952037947075
2003-01-15,0.8997973037402148
2003-01-16,0.8997987371547468
2003-01-17,0.8997997143969323
2003-01-20,0.8998003800866874
2003-01-21,0.8998008332942404
2003-01-22,0.8998011417242494
2003-01-23,0.8998013515716403
2003-01-24,0.8998014943209721
2003-01-27,0.899801591415031
2003-01-28,0.8998016574502969
2003-01-29,0.8998017023594856
2003-01-30,0.8998017329001291
2003-01-31,0.8998017536688643
2003-02-03,0.8996447462125886
2003-02-04,0.899685784073116
2003-02-05,0.8997186081202448
2003-02-06,0.8997432167746218
2003-02-07,0.8997610079283257
2003-02-10,0.8997735945308204
2003-02-11,0.8997823792736539
2003-02-12,0.8997884573056121
2003-02-13,0.8997926386353684
2003-02-14,0.8997955042549927
2003-02-17,0.8997974631933211
2003-02-18,0.8997988000411156
2003-02-19,0.8997997113026563
2003-02-20,0.8998003319798146
2003-02-21,0.8998007545114162
2003-02-24,0.8998010420506278
2003-02-25,0.89980123767788
2003-02-26,0.8998013707508641
2003-02-27,0.8998014612619332
2003-02-28,0.8998015228193468
2003-03-03,0.8996151284570378
2003-03-04,0.8996641541322752
2003-03-05,0.8997031792704309
2003-03-06,0.8997323603109777
2003-03-07,0.8997534247574112
2003-03-10,0.8997683129470239
2003-03-11,0.8997786977579372
2003-03-12,0.8997858800031883
2003-03-13,0.8997908196697115
2003-03-14,0.8997942044119174
2003-03-17,0.8997965179500279
2003-03-18,0.8997980966636441
2003-03-19,0.8997991727350727
2003-03-20,0.899799905640632
2003-03-21,0.899800404560419
2003-03-24,0.8998007440772694
2003-03-25,0.8998009750648697
2003-03-26,0.8998011321900721
2003-03-27,0.899801239059963
2003-03-28,0.8998013117429027
2003-03-31,0.8998013611725574
2003-04-01,0.8764674146452982
2003-04-02,0.8840699907792077
2003-04-03,0.8891779733803947
2003-04-04,0.8926117106248477
2003-04-07,0.894925750554162
2003-04-08,0.8964889863261365
2003-04-09,0.8975470435253048
2003-04-10,0.8982641869588642
2003-04-11,0.8987507499084962
2003-04-14,0.8990811021114478
2003-04-15,0.8993055040956531
2003-04-16,0.8994579871485722
2003-04-17,0.8995616244533384
2003-04-18,0.8996320740892858
2003-04-21,0.8996799688352298
2003-04-22,0.8997125321549624
2003-04-23,0.8997346728397438
2003-04-24,0.8997497274012929
2003-04-25,0.8997599639879877
2003-04-28,0.8997669246256313
2003-04-29,0.899771657745553
2003-04-30,0.8997748762131152
2003-05-01,0.8997019817029083
2003-05-02,0.8997158234376115
2003-05-05,0.8997315597237623
2003-05-06,0.899745212401022
2003-05-07,0.8997558626589842
2003-05-08,0.8997637371316312
2003-05-09,0.8997693842912693
2003-05-12,0.8997733596648732
2003-05-13,0.8997761254973666
2003-05-14,0.8997780352034725
2003-05-15,0.899779347186337
2003-05-16,0.899780245522898
2003-05-19,0.899780859253056
2003-05-20,0.899781277912483
2003-05-21,0.8997815632124987
2003-05-22,0.8997817574992334
2003-05-23,0.8997818897448873
2003-05-26,0.8997819797323166
2003-05-27,0.8997820409516635
2003-05-28,0.8997820825936993
2003-05-29,0.899782110916227
2003-05-30,0.8997821301782856
2003-06-02,0.8997821432777464
2003-06-03,0.8997584865144944
2003-06-04,0.8997613912386165
2003-06-05,0.8997659069312579
2003-06-06,0.8997701671853148
2003-06-09,0.8997736145170914
2003-06-10,0.8997762132818166
2003-06-11,0.8997780981882291
2003-06-12,0.8997794343793311
2003-06-13,0.899780368171682
2003-06-16,0.8997810147954529
2003-06-17,0.8997814598843377
2003-06-18,0.8997817650346264
2003-06-19,0.8997819736880611
2003-06-20,0.8997821161046746
2003-06-23,0.8997822131940563
2003-06-24,0.8997822793285966
2003-06-25,0.8997823243526674
2003-06-26,0.8997823549933364
2003-06-27,0.8997823758402191
2003-06-30,0.8997823900212845
2003-07-01,0.8996904831927778
2003-07-02,0.899708272669655
2003-07-03,0.8997266510973673
2003-07-04,0.8997420789090508
2003-07-07,0.8997539259204949
2003-07-08,0.8997626092833256
2003-07-09,0.8997688041829828
2003-07-10,0.8997731509416067
2003-07-11,0.8997761688134528
2003-07-14,0.8997782496727132
2003-07-15,0.8997796779312757
2003-07-16,0.8997806552850143
2003-07-17,0.8997813227235334
2003-07-18,0.8997817778938365
2003-07-21,0.8997820880162345
2003-07-22,0.8997822991798624
2003-07-23,0.8997824429007224
2003-07-24,0.8997825406907882
2003-07-25,0.8997826072156927
2003-07-28,0.8997826524653975
2003-07-29,0.8997826832410882
2003-07-30,0.8997827041712726
2003-07-31,0.8997827184050473
2003-08-01,0.899440900444154
2003-08-04,0.8995154991995602
2003-08-05,0.8995849355606169
2003-08-06,0.8996408590414459
2003-08-07,0.8996829177101401
2003-08-08,0.8997133829534433
2003-08-11,0.8997349623563146
2003-08-12,0.8997500355759067
2003-08-13,0.8997604700146972
2003-08-14,0.8997676508282985
2003-08-15,0.8997725732713027
2003-08-18,0.89977593879274
2003-08-19,0.8997782357903189
2003-08-20,0.8997798016521795
2003-08-21,0.8997808682428032
2003-08-22,0.8997815943585487
2003-08-25,0.8997820885027399
2003-08-26,0.8997824246988905
2003-08-27,0.8997826533945263
2003-08-28,0.8997828089455243
2003-08-29,0.8997829147377111
2003-09-01,0.899782986684463
2003-09-02,0.899703616809813
2003-09-03,0.8997213169860662
2003-09-04,0.8997375186942781
2003-09-05,0.8997504798159013
2003-09-08,0.8997601924531906
2003-09-09,0.899767212838895
2003-09-10,0.8997721789819706
2003-09-11,0.8997756448749439
2003-09-12,0.8997780427977792
2003-09-15,0.8997796923970743
2003-09-16,0.8997808229153293
2003-09-17,0.8997815957322933
2003-09-18,0.8997821231270605
2003-09-19,0.8997824826243043
2003-09-22,0.8997827274840571
2003-09-23,0.8997828941743282
2003-09-24,0.8997830076095019
2003-09-25,0.8997830847850551
2003-09-26,0.8997831372827351
2003-09-29,0.8997831729896058
2003-09-30,0.8997831972741733
2003-10-01,0.8997820858954103
2003-10-02,0.8997823556734627
2003-10-03,0.8997825941677529
2003-10-06,0.8997827801401523
2003-10-07,0.8997829176044675
2003-10-08,0.8997830161679683
2003-10-09,0.8997830855436936
2003-10-10,0.8997831338069787
2003-10-13,0.8997831671289912
2003-10-14,0.899783190020526
2003-10-15,0.8997832056943011
2003-10-16,0.8997832164021858
2003-10-17,0.8997832237065337
2003-10-20,0.8997832286841171
2003-10-21,0.8997832320737857
2003-10-22,0.8997832343810306
2003-10-23,0.8997832359510063
2003-10-24,0.8997832370190743
2003-10-27,0.8997832377455847
2003-10-28,0.8997832382397146
2003-10-29,0.8997832385757707
2003-10-30,0.8997832388043107
2003-10-31,0.8997832389597278
2003-11-03,0.899781874900713
2003-11-04,0.899782207738683
2003-11-05,0.8997824897088733
2003-11-06,0.8997827055085544
2003-11-07,0.8997828633772869
2003-11-10,0.899782975872122
2003-11-11,0.8997830547471938
2003-11-12,0.8997831094820704
2003-11-13,0.8997831472103283
2003-11-14,0.8997831731006808
2003-11-17,0.8997831908148397
2003-11-18,0.8997832029107345
2003-11-19,0.8997832111591815
2003-11-20,0.8997832167788697
2003-11-21,0.8997832206052233
2003-11-24,0.899783223209439
2003-11-25,0.899783224981366
2003-11-26,0.8997832261867666
2003-11-27,0.8997832270066647
2003-11-28,0.8997832275643
2003-12-01,0.8997832279435399
2003-12-02,0.8997670243870047
2003-12-03,0.8997706963358555
2003-12-04,0.8997740062344286
2003-12-05,0.8997766400194267
2003-12-08,0.8997786081226653
2003-12-09,0.8997800283386035
2003-12-10,0.8997810319587392
2003-12-11,0.8997817319328892
2003-12-12,0.8997822160128984
2003-12-15,0.899782548931491
2003-12-16,0.8997827770473463
2003-12-17,0.8997829329665706
2003-12-18,0.8997830393617208
2003-12-19,0.8997831118815144
2003-12-22,0.8997831612740645
2003-12-23,0.8997831948975556
2003-12-24,0.8997832177784229
2003-12-25,0.8997832333452177
2003-12-26,0.8997832439342425
2003-12-29,0.8997832511364423
2003-12-30,0.8997832560347054
2003-12-31,0.8997832593658776
2004-01-01,0.8997823155196756
2004-01-02,0.8997825174601648
2004-01-05,0.8997827100115222
2004-01-06,0.8997828648346946
2004-01-07,0.8997829811601028
2004-01-08,0.899783065368846
2004-01-09,0.8997831249924528
2004-01-12,0.899783166628517
2004-01-13,0.8997831954459722
2004-01-14,0.8997832152753131
2004-01-15,0.8997832288672152
2004-01-16,0.8997832381596211
2004-01-19,0.8997832445015336
2004-01-20,0.8997832488247026
2004-01-21,0.8997832517693891
2004-01-22,0.8997832537740557
2004-01-23,0.8997832551382826
2004-01-26,0.8997832560664436
2004-01-27,0.899783256697818
2004-01-28,0.8997832571272563
2004-01-29,0.899783257419322
2004-01-30,0.8997832576179488
2004-02-02,0.899783257753025
2004-02-03,0.8997659117344186
2004-02-04,0.899769894915364
2004-02-05,0.8997734456815251
2004-02-06,0.8997762433000203
2004-02-09,0.8997783228253495
2004-02-10,0.8997798188144239
2004-02-11,0.8997808739628039
2004-02-12,0.899781608977214
2004-02-13,0.8997821168850481
2004-02-16,0.8997824660067523
2004-02-17,0.8997827051408036
2004-02-18,0.899782868552435
2004-02-19,0.8997829800424344
2004-02-20,0.8997830560267298
2004-02-23,0.8997831077751421
2004-02-24,0.8997831430006189
2004-02-25,0.8997831669708362
2004-02-26,0.899783183278388
2004-02-27,0.899783194371127
2004-03-01,0.8997832019158525
2004-03-02,0.8997745379384409
2004-03-03,0.8997764700134714
2004-03-04,0.8997782384120273
2004-03-05,0.8997796564132174
2004-03-08,0.8997807202991407
2004-03-09,0.8997814898178292
2004-03-10,0.8997820343961661
2004-03-11,0.8997824145610461
2004-03-12,0.8997826776284461
2004-03-15,0.8997828586205622
2004-03-16,0.8997829826690918
2004-03-17,0.8997830674723807
2004-03-18,0.899783125346805
2004-03-19,0.8997831647976615
2004-03-22,0.8997831916687374
2004-03-23,0.8997832099616345
2004-03-24,0.8997832224103086
2004-03-25,0.899783230879798
2004-03-26,0.8997832366410786
2004-03-29,0.8997832405596853
2004-03-30,0.8997832432247691
2004-03-31,0.8997832450372252
2004-04-01,0.8804851650721139
2004-04-02,0.8866031227759517
2004-04-05,0.890805191235249
2004-04-06,0.8936692194922481
2004-04-07,0.8956166003747907
2004-04-08,0.8969398686733583
2004-04-09,0.8978390009082856
2004-04-12,0.8984500177511225
2004-04-13,0.8988653051171968
2004-04-14,0.8991475992776113
2004-04-15,0.8993395103246598
2004-04-16,0.8994699864849998
2004-04-19,0.8995586992363349
2004-04-20,0.8996190187141251
2004-04-21,0.8996600335200341
2004-04-22,0.8996879224418329
2004-04-23,0.8997068863683662
2004-04-26,0.8997197815822958
2004-04-27,0.8997285502052916
2004-04-28,0.8997345128096108
2004-04-29,0.8997385673513162
2004-04-30,0.899741324424939
2004-05-03,0.8997591940612842
2004-05-04,0.899749341655338
2004-05-05,0.8997460581424748
2004-05-06,0.8997454266695567
2004-05-07,0.8997457388232496
2004-05-10,0.8997462943329327
2004-05-11,0.8997468309065075
2004-05-12,0.8997472692528079
2004-05-13,0.8997476013145264
2004-05-14,0.8997478428350562
2004-05-17,0.8997480143382761
2004-05-18,0.8997481343220521
2004-05-19,0.8997482174654838
2004-05-20,0.8997482747218083
2004-05-21,0.8997483139884696
2004-05-24,0.8997483408434739
2004-05-25,0.8997483591759291
2004-05-26,0.8997483716748473
2004-05-27,0.8997483801892978
2004-05-28,0.8997483859861433
2004-05-31,0.8997483899312423
2004-06-01,0.8997672643042873
2004-06-02,0.8997571238848211
2004-06-03,0.8997525788089323
2004-06-04,0.8997505915771805
2004-06-07,0.8997497510782153
2004-06-08,0.8997494159299682
2004-06-09,0.8997492973958677
2004-06-10,0.8997492673825579
2004-06-11,0.8997492703721336
2004-06-14,0.8997492832263992
2004-06-15,0.8997492969716603
2004-06-16,0.8997493086326263
2004-06-17,0.8997493176322141
2004-06-18,0.8997493242467761
2004-06-21,0.8997493289734962
2004-06-22,0.8997493322934715
2004-06-23,0.8997493345999782
2004-06-24,0.8997493361910246
2004-06-25,0.899749337283396
2004-06-28,0.8997493380310451
2004-06-29,0.8997493385416823
2004-06-30,0.8997493388899495
2004-07-01,0.8996659157399823
2004-07-02,0.8996895564810018
2004-07-05,0.8997071570104548
2004-07-06,0.899719819676472
2004-07-07,0.8997287510690158
2004-07-08,0.899734972659724
2004-07-09,0.8997392718617029
2004-07-12,0.8997422269934319
2004-07-13,0.8997442511257928
2004-07-14,0.8997456343052019
2004-07-15,0.8997465779966985
2004-07-16,0.89974722115363
2004-07-19,0.8997476591690844
2004-07-20,0.8997479573286794
2004-07-21,0.8997481602200328
2004-07-22,0.8997482982521353
2004-07-23,0.8997483921444338
2004-07-26,0.8997484560052569
2004-07-27,0.8997484994370991
2004-07-28,0.8997485289737364
2004-07-29,0.8997485490600208
2004-07-30,0.8997485627193221
2004-08-02,0.8997485720079336
2004-08-03,0.8995114594985908
2004-08-04,0.8995755757907613
2004-08-05,0.8996252501099788
2004-08-06,0.8996618124002572
2004-08-09,0.899687959813482
2004-08-10,0.8997063335931837
2004-08-11,0.899719102003343
2004-08-12,0.8997279112622283
2004-08-13,0.8997339601398535
2004-08-16,0.8997381004565395
2004-08-17,0.8997409283903645
2004-08-18,0.8997428571724188
2004-08-19,0.8997441714193656
2004-08-20,0.8997450663438191
2004-08-23,0.8997456754639296
2004-08-24,0.8997460899296683
2004-08-25,0.8997463718883473
2004-08-26,0.8997465636765656
2004-08-27,0.8997466941185372
2004-08-30,0.8997467828310531
2004-08-31,0.8997468431610749
2004-09-01,0.8996211367312597
2004-09-02,0.8996565774677913
2004-09-03,0.8996830977782085
2004-09-06,0.8997022363657661
2004-09-07,0.8997157608422438
2004-09-08,0.8997251932270431
2004-09-09,0.8997317161932813
2004-09-10,0.8997362021657505
2004-09-13,0.8997392759041747
2004-09-14,0.8997413768068815
2004-09-15,0.8997428103951953
2004-09-16,0.8997437875348286
2004-09-17,0.8997444530527516
2004-09-20,0.8997449060962389
2004-09-21,0.8997452143928449
2004-09-22,0.899745424139424
2004-09-23,0.8997455668155334
2004-09-24,0.8997456638576417
2004-09-27,0.8997457298565825
2004-09-28,0.8997457747406086
2004-09-29,0.8997458052639277
2004-09-30,0.8997458260207839
2004-10-01,0.8997458401359023
2004-10-04,0.8997458497343892
2004-10-05,0.899745856261453
2004-10-06,0.8997458606998975
2004-10-07,0.8997458637180569
2004-10-08,0.8997458657704129
2004-10-11,0.8997458671660173
2004-10-12,0.8997458681150297
2004-10-13,0.8997458687603578
2004-10-14,0.8997458691991812
2004-10-15,0.8997458694975805
2004-10-18,0.899745869700492
2004-10-19,0.8997458698384716
2004-10-20,0.8997458699322978
2004-10-21,0.8997458699960993
2004-10-22,0.8997458700394843
2004-10-25,0.8997458700689863
2004-10-26,0.8997458700890473
2004-10-27,0.8997458701026889
2004-10-28,0.8997458701119654
2004-10-29,0.8997458701182729
2004-11-01,0.8997458701225625
2004-11-02,0.8997279669594873
2004-11-03,0.8997334367123742
2004-11-04,0.899737258956877
2004-11-05,0.8997399028561113
2004-11-08,0.8997417214040399
2004-11-09,0.8997429675844135
2004-11-10,0.8997438194102939
2004-11-11,0.8997444006967636
2004-11-12,0.8997447969168819
2004-11-15,0.899745066783541
2004-11-16,0.8997452504948413
2004-11-17,0.8997453755118606
2004-11-18,0.8997454605665537
2004-11-19,0.899745518423658
2004-11-22,0.8997455577756792
2004-11-23,0.8997455845392914
2004-11-24,0.8997456027404992
2004-11-25,0.8997456151182174
2004-11-26,0.899745623535477
2004-11-29,0.8997456292594009
2004-11-30,0.8997456331517545
2004-12-01,0.8997053070922097
2004-12-02,0.8997173329404523
2004-12-03,0.8997259096517937
2004-12-06,0.899731920822931
2004-12-07,0.8997360911466189
2004-12-08,0.8997389652050024
2004-12-09,0.8997409372409354
2004-12-10,0.8997422863969129
2004-12-13,0.8997432076006638
2004-12-14,0.8997438357656032
2004-12-15,0.8997442637250601
2004-12-16,0.8997445551106422
2004-12-17,0.8997447534252917
2004-12-20,0.899744888358935
2004-12-21,0.8997449801506161
2004-12-22,0.8997450425859495
2004-12-23,0.899745085049814
2004-12-24,0.8997451139288527
2004-12-27,0.8997451335682608
2004-12-28,0.8997451469238205
2004-12-29,0.8997451560059495
2004-12-30,0.8997451621819558
2004-12-31,0.8997451663817115
2005-01-03,0.8997594786807287
2005-01-04,0.8997465157110901
2005-01-05,0.8997424497323371
2005-01-06,0.899741909205586
2005-01-07,0.899742572204262
2005-01-10,0.8997435002137042
2005-01-11,0.8997443521061151
2005-01-12,0.8997450335757926
2005-01-13,0.8997455442444106
2005-01-14,0.899745913362518
2005-01-17,0.8997461744743502
2005-01-18,0.8997463567064994
2005-01-19,0.8997464827867265
2005-01-20,0.8997465695211797
2005-01-21,0.8997466289629533
2005-01-24,0.8997466695971352
2005-01-25,0.8997466973272182
2005-01-26,0.8997467162293699
2005-01-27,0.8997467291039573
2005-01-28,0.8997467378684407
2005-01-31,0.8997467438328014
2005-02-01,0.8996829397389629
2005-02-02,0.8997015295920625
2005-02-03,0.8997150501553056
2005-02-04,0.8997246425084541
2005-02-07,0.8997313493765242
2005-02-08,0.8997359951156256
2005-02-09,0.8997391935393698
2005-02-10,0.8997413866444726
2005-02-11,0.899742886358985
2005-02-14,0.8997439100495496
2005-02-15,0.8997446079549758
2005-02-16,0.8997450833608106
2005-02-17,0.8997454070204808
2005-02-18,0.8997456272863791
2005-02-21,0.8997457771491164
2005-02-22,0.8997458790936151
2005-02-23,0.8997459484333393
2005-02-24,0.899745995592407
2005-02-25,0.8997460276642837
2005-02-28,0.8997460494748661
2005-03-01,0.8997065562168911
2005-03-02,0.8997183325551393
2005-03-03,0.8997267389984444
2005-03-04,0.8997326341429752
2005-03-07,0.8997367254567409
2005-03-08,0.8997395457370407
2005-03-09,0.8997414811802653
2005-03-10,0.8997428054423284
2005-03-11,0.8997437097132085
2005-03-14,0.8997443263614879
2005-03-15,0.8997447464885532
2005-03-16,0.8997450325476207
2005-03-17,0.8997452272400162
2005-03-18,0.8997453597104238
2005-03-21,0.8997454498270583
2005-03-22,0.8997455111233388
2005-03-23,0.8997455528126378
2005-03-24,0.8997455811649682
2005-03-25,0.8997456004462127
2005-03-28,0.8997456135582202
2005-03-29,0.8997456224747339
2005-03-30,0.8997456285381215
2005-03-31,0.8997456326612964
2005-04-01,0.821368760049504
2005-04-04,0.847711968450894
2005-04-05,0.864773246645364
2005-04-06,0.8760015400758475
2005-04-07,0.8834715331313815
2005-04-08,0.8884769552083589
2005-04-11,0.891847027223383
2005-04-12,0.8941233424783858
2005-04-13,0.8956642112571508
2005-04-14,0.8967087733018929
2005-04-15,0.897417588582882
2005-04-18,0.8978988972083849
2005-04-19,0.8982258704569924
2005-04-20,0.8984480659610043
2005-04-21,0.8985990912475296
2005-04-22,0.8987017571323725
2005-04-25,0.8987715554317209
2005-04-26,0.8988190115504349
2005-04-27,0.8988512785880002
2005-04-28,0.8988732187199306
2005-04-29,0.8988881373309868
2005-05-02,0.8988982816682484
2005-05-03,0.8990444730691937
2005-05-04,0.8990095506222253
2005-05-05,0.898986415672952
2005-05-06,0.8989709796827792
2005-05-09,0.8989606202860934
2005-05-10,0.8989536393794596
2005-05-11,0.898948921749768
2005-05-12,0.898945727360927
2005-05-13,0.8989435614687834
2005-05-16,0.8989420915732501
2005-05-17,0.8989410933911227
2005-05-18,0.8989404152504423
2005-05-19,0.8989399544031627
2005-05-20,0.898939641160508
2005-05-23,0.8989394282173269
2005-05-24,0.8989392834446159
2005-05-25,0.8989391850124648
2005-05-26,0.8989391180847783
2005-05-27,0.8989390725768268
2005-05-30,0.8989390416327636
2005-05-31,0.8989390205914309
2005-06-01,0.898768302705403
2005-06-02,0.8988156240373001
2005-06-03,0.898848443558699
2005-06-06,0.8988710455496299
2005-06-07,0.8988865462584162
2005-06-08,0.8988971473833921
2005-06-09,0.8989043841579686
2005-06-10,0.898909318105166
2005-06-13,0.8989126791686343
2005-06-14,0.8989149674547556
2005-06-15,0.8989165247659447
2005-06-16,0.8989175843273105
2005-06-17,0.8989183051013967
2005-06-20,0.8989187953534884
2005-06-21,0.8989191287828914
2005-06-22,0.8989193555415943
2005-06-23,0.8989195097497945
2005-06-24,0.8989196146170036
2005-06-27,0.8989196859292794
2005-06-28,0.8989197344227949
2005-06-29,0.8989197673989116
2005-06-30,0.8989197898229041
2005-07-01,0.899264313492797
2005-07-04,0.8991423080167763
2005-07-05,0.8990834760523269
2005-07-06,0.899054940186283
2005-07-07,0.8990409138135259
2005-07-08,0.8990338864838162
2005-07-11,0.8990302763835631
2005-07-12,0.8990283642263317
2005-07-13,0.8990273156691843
2005-07-14,0.8990267192808998
2005-07-15,0.899026367742515
2005-07-18,0.8990261536924782
2005-07-19,0.8990260197041594
2005-07-20,0.8990259339424659
2005-07-21,0.8990258780992816
2005-07-22,0.899025841270494
2005-07-25,0.8990258167562537
2005-07-26,0.8990258003313645
2005-07-27,0.8990257892756445
2005-07-28,0.8990257818101061
2005-07-29,0.8990257767577496
2005-08-01,0.899025773333344
2005-08-02,0.8993513521273426
2005-08-03,0.8992332691398508
2005-08-04,0.899175147462773
2005-08-05,0.8991461512426675
2005-08-08,0.8991313648449327
2005-08-09,0.8991236105421385
2005-08-10,0.8991194078150831
2005-08-11,0.899117046872184
2005-08-12,0.8991156718515757
2005-08-15,0.899114843588822
2005-08-16,0.8991143297965444
2005-08-17,0.8991140032929584
2005-08-18,0.8991137918544511
2005-08-19,0.8991136529723345
2005-08-22,0.8991135607971033
2005-08-23,0.8991134991653231
2005-08-24,0.8991134577400991
2005-08-25,0.8991134297949583
2005-08-26,0.8991134108958597
2005-08-29,0.8991133980923832
2005-08-30,0.8991133894081774
2005-08-31,0.8991133835131662
2005-09-01,0.8989674403759585
2005-09-02,0.8990087931741477
2005-09-05,0.8990374721290363
2005-09-06,0.8990572219984058
2005-09-07,0.8990707664379675
2005-09-08,0.8990800295407971
2005-09-09,0.8990863528794916
2005-09-12,0.8990906640368561
2005-09-13,0.8990936008395256
2005-09-14,0.8990956002754955
2005-09-15,0.8990969610055943
2005-09-16,0.8990978868165315
2005-09-19,0.8990985166055607
2005-09-20,0.8990989449717675
2005-09-21,0.8990992363113673
2005-09-22,0.8990994344455955
2005-09-23,0.8990995691875849
2005-09-26,0.8990996608170515
2005-09-27,0.8990997231273335
2005-09-28,0.8990997654993444
2005-09-29,0.899099794312771
2005-09-30,0.8990998139061039
2005-10-03,0.8990998272296591
2005-10-04,0.899099836289713
2005-10-05,0.8990998424505641
2005-10-06,0.8990998466399474
2005-10-07,0.8990998494887295
2005-10-10,0.8990998514259004
2005-10-11,0.8990998527431762
2005-10-12,0.8990998536389226
2005-10-13,0.89909985424803
2005-10-14,0.8990998546622222
2005-10-17,0.8990998549438727
2005-10-18,0.8990998551353948
2005-10-19,0.8990998552656297
2005-10-20,0.8990998553541893
2005-10-21,0.8990998554144097
2005-10-24,0.8990998554553595
2005-10-25,0.8990998554832056
2005-10-26,0.8990998555021406
2005-10-27,0.8990998555150166
2005-10-28,0.8990998555237721
2005-10-31,0.8990998555297259
2005-11-01,0.8987757049778338
2005-11-02,0.8988663319528073
2005-11-03,0.8989301639980747
2005-11-04,0.8989745652510375
2005-11-07,0.8990052165957122
2005-11-08,0.8990262709469197
2005-11-09,0.8990406854919624
2005-11-10,0.8990505324469291
2005-11-11,0.8990572491937495
2005-11-14,0.8990618262000981
2005-11-15,0.8990649430089214
2005-11-16,0.8990670644925841
2005-11-17,0.8990685080502808
2005-11-18,0.899069490107756
2005-11-21,0.8990701581091702
2005-11-22,0.8990706124434844
2005-11-23,0.8990709214338465
2005-11-24,0.8990711315670956
2005-11-25,0.8990712744667991
2005-11-28,0.8990713716427597
2005-11-29,0.8990714377243084
2005-11-30,0.8990714826606181
2005-12-01,0.8982851643744455
2005-12-02,0.8985008562943093
2005-12-05,0.898656283475896
2005-12-06,0.898765941338351
2005-12-07,0.8988423287723192
2005-12-08,0.8988951093371996
2005-12-09,0.8989313857878404
2005-12-12,0.8989562316582954
2005-12-13,0.8989732089592004
2005-12-14,0.8989847914428654
2005-12-15,0.8989926850485156
2005-12-16,0.8989980607934792
2005-12-19,0.8990017200393596
2005-12-20,0.8990042100540931
2005-12-21,0.8990059040620436
2005-12-22,0.8990070563558638
2005-12-23,0.8990078400856577
2005-12-26,0.8990083731002846
2005-12-27,0.899008735586307
2005-12-28,0.8990089820933747
2005-12-29,0.8990091497257697
2005-12-30,0.8990092637192576
2006-01-02,0.8990093412363946
2006-01-03,0.8954287774498777
2006-01-04,0.8963904089998445
2006-01-05,0.897106988645238
2006-01-06,0.8976222611540841
2006-01-09,0.8979853188766871
2006-01-10,0.8982379742433344
2006-01-11,0.8984124249752494
2006-01-12,0.8985322665322655
2006-01-13,0.8986143181142533
2006-01-16,0.8986703710200632
2006-01-17,0.8987086059566365
2006-01-18,0.8987346606331338
2006-01-19,0.8987524031762064
2006-01-20,0.8987644798205154
2006-01-23,0.8987726973496782
2006-01-24,0.8987782877683602
2006-01-25,0.8987820904066218
2006-01-26,0.8987846767328316
2006-01-27,0.8987864356799412
2006-01-30,0.8987876318768624
2006-01-31,0.898788445342607
2006-02-01,0.8907194266832134
2006-02-02,0.892897635373954
2006-02-03,0.8945090872205325
2006-02-06,0.8956621392765584
2006-02-07,0.8964718439321451
2006-02-08,0.8970340389149049
2006-02-09,0.8974216155788846
2006-02-10,0.8976875870453023
2006-02-13,0.8978695588532704
2006-02-14,0.8979938111442486
2006-02-15,0.8980785384435988
2006-02-16,0.8981362617627872
2006-02-17,0.8981755638202912
2006-02-20,0.898202312398052
2006-02-21,0.8982205121337289
2006-02-22,0.8982328928953083
2006-02-23,0.8982413140936453
2006-02-24,0.8982470415602596
2006-02-27,0.8982509367221
2006-02-28,0.8982535856550159
2006-03-01,0.8912541794184806
2006-03-02,0.8931045564524096
2006-03-03,0.8944494308855331
2006-03-06,0.8954021841225113
2006-03-07,0.8960672304177826
2006-03-08,0.8965272496735286
2006-03-09,0.896843616742179
2006-03-10,0.8970603751081521
2006-03-13,0.8972085193639875
2006-03-14,0.8973096021451806
2006-03-15,0.897378497349735
2006-03-16,0.8974254194118869
2006-03-17,0.8974573602614081
2006-03-20,0.8974790956668885
2006-03-21,0.897493882958124
2006-03-22,0.8975039416468398
2006-03-23,0.8975107830918334
2006-03-24,0.8975154359828009
2006-03-27,0.8975186002747745
2006-03-28,0.8975207521431519
2006-03-29,0.8975222154822832
2006-03-30,0.8975232105841899
2006-03-31,0.8975238872676603
2006-04-03,-0.1777256655297031
2006-04-04,-0.23500439862611466
2006-04-05,-0.29625502664087977
2006-04-06,-0.3617312776771816
2006-04-07,-0.4305643600732942
2006-04-10,-0.5007916265678614
2006-04-11,-0.5695825953081312
2006-04-12,-0.6337802437566443
2006-04-13,-0.6906407047763289
2006-04-14,-0.7384603647009119
2006-04-17,-0.7768085563970761
2006-04-18,-0.8063307404163222
2006-04-19,-0.8283180288510928
2006-04-20,-0.8442791078996238
2006-04-21,-0.855645949583628
2006-04-24,-0.8636291305721333
2006-04-25,-0.8691805993904893
2006-04-26,-0.8730142855440736
2006-04-27,-0.8756489351632415
2006-04-28,-0.877453520556309
2006-05-01,-0.8786867229993223
2006-05-02,-0.7346085909172585
2006-05-03,-0.7786924463182174
2006-05-04,-0.8099104640116941
2006-05-05,-0.8317683778231345
2006-05-08,-0.8469429682787024
2006-05-09,-0.8574125324074038
2006-05-10,-0.8646039068925098
2006-05-11,-0.8695281269152773
2006-05-12,-0.8728926025197277
2006-05-15,-0.8751879250412457
2006-05-16,-0.8767522271507118
2006-05-17,-0.8778175705337447
2006-05-18,-0.8785427543755027
2006-05-19,-0.8790362269239933
2006-05-22,-0.8793719490605014
2006-05-23,-0.8796003144472193
2006-05-24,-0.879755637238594
2006-05-25,-0.8798612725714648
2006-05-26,-0.8799331118906151
2006-05-29,-0.8799819659790843
2006-05-30,-0.8800151882945666
2006-05-31,-0.8800377801691567
2006-06-01,-0.8821258188832745
2006-06-02,-0.8814151994634077
2006-06-05,-0.881027026414619
2006-06-06,-0.8808113554644156
2006-06-07,-0.8806885126714072
2006-06-08,-0.8806164874453081
2006-06-09,-0.8805729943591196
2006-06-12,-0.880546007590877
2006-06-13,-0.8805288704268847
2006-06-14,-0.8805177838225926
2006-06-15,-0.8805105086698277
2006-06-16,-0.8805056840608753
2006-06-19,-0.8805024601404009
2006-06-20,-0.8805002941997937
2006-06-21,-0.8804988335505685
2006-06-22,-0.8804978459516857
2006-06-23,-0.8804971769955451
2006-06-26,-0.8804967233134661
2006-06-27,-0.8804964153685758
2006-06-28,-0.8804962062246405
2006-06-29,-0.8804960641264149
2006-06-30,-0.8804959675549955
2006-07-03,-0.8788185891386971
2006-07-04,-0.8788964633632705
2006-07-05,-0.8792327550415422
2006-07-06,-0.8796034708427978
2006-07-07,-0.8799250547450057
2006-07-10,-0.8801771521291086
2006-07-11,-0.8803644552077767
2006-07-12,-0.8804993001736412
2006-07-13,-0.880594497125826
2006-07-14,-0.8806608646256026
2006-07-17,-0.8807067543485799
2006-07-18,-0.8807383121065389
2006-07-19,-0.8807599349301503
2006-07-20,-0.8807747142095642
2006-07-21,-0.8807847991907011
2006-07-24,-0.8807916732057186
2006-07-25,-0.8807963550420158
2006-07-26,-0.8807995421614859
2006-07-27,-0.8808017110070948
2006-07-28,-0.8808031865634541
2006-07-31,-0.8808041902841771
2006-08-01,-0.8814261728231364
2006-08-02,-0.8808915919687054
2006-08-03,-0.8807295227140587
2006-08-04,-0.880722260493584
2006-08-07,-0.8807683383652396
2006-08-08,-0.880824414695795
2006-08-09,-0.8808743690689131
2006-08-10,-0.880913928738757
2006-08-11,-0.8809434543505917
2006-08-14,-0.8809647583245652
2006-08-15,-0.8809798162331595
2006-08-16,-0.8809903210156281
2006-08-17,-0.8809975873930747
2006-08-18,-0.8810025855885737
2006-08-21,-0.8810060107842794
2006-08-22,-0.8810083521468831
2006-08-23,-0.8810099499316628
2006-08-24,-0.881011039042439
2006-08-25,-0.8810117808479909
2006-08-28,-0.8810122858352741
2006-08-29,-0.8810126294852303
2006-08-30,-0.8810128632866875
2006-08-31,-0.881013022326863
2006-09-01,-0.8828224957491366
2006-09-04,-0.8822426612326737
2006-09-05,-0.8818592553115899
2006-09-06,-0.8816038877392464
2006-09-07,-0.8814328087903628
2006-09-08,-0.8813176956933236
2006-09-11,-0.8812399934016941
2006-09-12,-0.8811874248149525
2006-09-13,-0.8811518035948291
2006-09-14,-0.8811276394956461
2006-09-15,-0.8811112349904411
2006-09-18,-0.8811000924871035
2006-09-19,-0.881092521406228
2006-09-20,-0.8810873757685265
2006-09-21,-0.8810838779846687
2006-09-22,-0.8810815000709076
2006-09-25,-0.8810798833582119
2006-09-26,-0.8810787841183234
2006-09-27,-0.8810780366932194
2006-09-28,-0.8810775284712041
2006-09-29,-0.8810771828928973
2006-10-02,-0.881076947905608
2006-10-03,-0.8820507444445137
2006-10-04,-0.8816408471041105
2006-10-05,-0.881424391568621
2006-10-06,-0.8813074647244179
2006-10-09,-0.8812424347510359
2006-10-10,-0.881205068810142
2006-10-11,-0.8811828806569699
2006-10-12,-0.8811692983359473
2006-10-13,-0.8811607637694199
2006-10-16,-0.8811552862497227
2006-10-17,-0.8811517127951974
2006-10-18,-0.8811493529537908
2006-10-19,-0.8811477807319396
2006-10-20,-0.8811467266521202
2006-10-23,-0.8811460168336332
2006-10-24,-0.8811455373752396
2006-10-25,-0.8811452128322643
2006-10-26,-0.8811449928316857
2006-10-27,-0.8811448435498362
2006-10-30,-0.8811447421855337
2006-10-31,-0.8811446733259799
2006-11-01,-0.8828075736853055
2006-11-02,-0.8822221573734782
2006-11-03,-0.8818603050235285
2006-11-06,-0.8816320077164693
2006-11-07,-0.8814853103185415
2006-11-08,-0.8813896153758726
2006-11-09,-0.8813264547345412
2006-11-10,-0.8812844007462799
2006-11-13,-0.8812562215589568
2006-11-14,-0.8812372539083093
2006-11-15,-0.881224446063647
2006-11-16,-0.8812157785342217
2006-11-17,-0.8812099039827429
2006-11-20,-0.8812059182566206
2006-11-21,-0.881203212114756
2006-11-22,-0.881201373860033
2006-11-23,-0.8812001247363305
2006-11-24,-0.881199275744003
2006-11-27,-0.8811986986199202
2006-11-28,-0.8811983062639067
2006-11-29,-0.8811980395027968
2006-11-30,-0.8811978581242721
2006-12-01,-0.8822656177182316
2006-12-04,-0.8819272210486797
2006-12-05,-0.8816983577078834
2006-12-06,-0.8815433477424947
2006-12-07,-0.8814382344618485
2006-12-08,-0.8813668957637212
2006-12-11,-0.8813184502586284
2006-12-12,-0.8812855375584674
2006-12-13,-0.8812631709991395
2006-12-14,-0.881247968280598
2006-12-15,-0.8812376334696616
2006-12-18,-0.8812306072085158
2006-12-19,-0.8812258300059692
2006-12-20,-0.8812225818128094
2006-12-21,-0.8812203731833469
2006-12-22,-0.8812188713816069
2006-12-25,-0.8812178501875356
2006-12-26,-0.8812171557902614
2006-12-27,-0.8812166836071182
2006-12-28,-0.8812163625259608
2006-12-29,-0.8812161441924325
2007-01-01,-0.8812159957264659
2007-01-02,-0.847355405109276
2007-01-03,-0.855684007261706
2007-01-04,-0.8626413056964481
2007-01-05,-0.8679804829566463
2007-01-08,-0.8718972514931759
2007-01-09,-0.874694935286362
2007-01-10,-0.8766601688885606
2007-01-11,-0.8780258166046337
2007-01-12,-0.8789680819677415
2007-01-15,-0.8796151491101953
2007-01-16,-0.8800580886797341
2007-01-17,-0.8803606468573946
2007-01-18,-0.880567015731709
2007-01-19,-0.8807076377766704
2007-01-22,-0.8808033954684268
2007-01-23,-0.8808685729835355
2007-01-24,-0.8809129224833966
2007-01-25,-0.8809430934450372
2007-01-26,-0.8809636158414872
2007-01-29,-0.8809775739054996
2007-01-30,-0.8809870666955691
2007-01-31,-0.8809935223941442
2007-02-01,-0.8264686737597541
2007-02-02,-0.8428730162522061
2007-02-05,-0.8543568798132755
2007-02-06,-0.8622996593294705
2007-02-07,-0.8677578310775684
2007-02-08,-0.8714944751020968
2007-02-09,-0.8740466179681066
2007-02-12,-0.8757871542122896
2007-02-13,-0.8769730335950243
2007-02-14,-0.8777804913757771
2007-02-15,-0.8783300493377693
2007-02-16,-0.8787039726499231
2007-02-19,-0.8789583436170012
2007-02-20,-0.8791313633837952
2007-02-21,-0.8792490387119042
2007-02-22,-0.8793290680108532
2007-02-23,-0.8793834925663091
2007-02-26,-0.8794205033887181
2007-02-27,-0.8794456717190459
2007-02-28,-0.8794627866250744
2007-03-01,-0.8810568825876304
2007-03-02,-0.880613845201307
2007-03-05,-0.8803534339277983
2007-03-06,-0.8801962780758641
2007-03-07,-0.880098964425821
2007-03-08,-0.8800373187701773
2007-03-09,-0.8799975289461222
2007-03-12,-0.8799714678190363
2007-03-13,-0.8799542104105611
2007-03-14,-0.8799426911518131
2007-03-15,-0.8799349581980217
2007-03-16,-0.8799297462118192
2007-03-19,-0.879926223564475
2007-03-20,-0.8799238381197769
2007-03-21,-0.8799222206250773
2007-03-22,-0.879921122860881
2007-03-23,-0.8799203773678356
2007-03-26,-0.8799198708891047
2007-03-27,-0.8799195266948581
2007-03-28,-0.8799192927405843
2007-03-29,-0.8799191336969805
2007-03-30,-0.8799190255683266
2007-04-02,-0.8799189520505836
2007-04-03,-0.8828585368126415
2007-04-04,-0.8818653074223514
2007-04-05,-0.8812383849948607
2007-04-06,-0.8808370844571295
2007-04-09,-0.8805765754993733
2007-04-10,-0.8804054223891101
2007-04-11,-0.8802918979695644
2007-04-12,-0.8802160523082295
2007-04-13,-0.8801651111135045
2007-04-16,-0.8801307671259702
2007-04-17,-0.8801075510309713
2007-04-18,-0.8800918281119486
2007-04-19,-0.8800811662293726
2007-04-20,-0.8800739299158427
2007-04-23,-0.88006901559964
2007-04-24,-0.8800656768176923
2007-04-25,-0.8800634078133702
2007-04-26,-0.8800618655236806
2007-04-27,-0.8800608170600562
2007-04-30,-0.8800601042407852
2007-05-01,-0.8813943946764802
2007-05-02,-0.8809734964174255
2007-05-03,-0.8807302632567735
2007-05-04,-0.8805857300351345
2007-05-07,-0.8804974220261732
2007-05-08,-0.8804420910019471
2007-05-09,-0.8804066818744704
2007-05-10,-0.8803836392512837
2007-05-11,-0.88036845259486
2007-05-14,-0.8803583497989677
2007-05-15,-0.8803515838854848
2007-05-16,-0.8803470312596087
2007-05-17,-0.8803439577953104
2007-05-18,-0.8803418781727049
2007-05-21,-0.8803404688113918
2007-05-22,-0.8803395126584126
2007-05-23,-0.880338863498166
2007-05-24,-0.8803384225428931
2007-05-25,-0.8803381229125082
2007-05-28,-0.8803379192653048
2007-05-29,-0.8803377808321851
2007-05-30,-0.880337686719429
2007-05-31,-0.8803376227328472
2007-06-01,-0.8813873016603084
2007-06-04,-0.8810728930630596
2007-06-05,-0.8808684979431323
2007-06-06,-0.8807339831091676
2007-06-07,-0.8806446206482669
2007-06-08,-0.8805848412100464
2007-06-11,-0.8805446515742859
2007-06-12,-0.8805175367697011
2007-06-13,-0.8804991981293049
2007-06-14,-0.8804867739593916
2007-06-15,-0.8804783468862045
2007-06-18,-0.8804726263693181
2007-06-19,-0.880468740997915
2007-06-20,-0.8804661010655772
2007-06-21,-0.8804643068931494
2007-06-22,-0.8804630873104303
2007-06-25,-0.8804622582047592
2007-06-26,-0.880461694510534
2007-06-27,-0.8804613112437778
2007-06-28,-0.8804610506434538
2007-06-29,-0.880460873445055
2007-07-02,-0.8804607529547382
2007-07-03,-0.8815385205968139
2007-07-04,-0.8811048913271342
2007-07-05,-0.8808955404008233
2007-07-06,-0.8807952547671153
2007-07-09,-0.8807473633542655
2007-07-10,-0.8807244641500117
2007-07-11,-0.8807134531357147
2007-07-12,-0.8807081034383735
2007-07-13,-0.8807054634231483
2007-07-16,-0.8807041325270639
2007-07-17,-0.8807034431475573
2007-07-18,-0.880703074370722
2007-07-19,-0.8807028699357562
2007-07-20,-0.8807027523737002
2007-07-23,-0.8807026823609041
2007-07-24,-0.8807026393464581
2007-07-25,-0.8807026122219342
2007-07-26,-0.8807025947602871
2007-07-27,-0.8807025833410136
2007-07-30,-0.8807025757861668
2007-07-31,-0.8807025707461059
2007-08-01,-0.8820724916480426
2007-08-02,-0.8815275702040968
2007-08-03,-0.8812423684033889
2007-08-06,-0.8810907575823557
2007-08-07,-0.8810081981223115
2007-08-08,-0.8809618717314897
2007-08-09,-0.8809350112603429
2007-08-10,-0.8809189256426877
2007-08-13,-0.8809090058563517
2007-08-14,-0.8809027347049517
2007-08-15,-0.8808986907108972
2007-08-16,-0.8808960430416918
2007-08-17,-0.8808942900128067
2007-08-20,-0.8808931198985868
2007-08-21,-0.8808923343793765
2007-08-22,-0.8808918049271336
2007-08-23,-0.8808914470744655
2007-08-24,-0.8808912047407385
2007-08-27,-0.8808910404191926
2007-08-28,-0.8808909288958183
2007-08-29,-0.8808908531595112
2007-08-30,-0.8808908017048973
2007-08-31,-0.8808907667370807
2007-09-03,-0.8823774824233027
2007-09-04,-0.8818861636764413
2007-09-05,-0.8815751097089345
2007-09-06,-0.881374764837399
2007-09-07,-0.8812438627303604
2007-09-10,-0.8811573689615863
2007-09-11,-0.8810997356171045
2007-09-12,-0.8810610972249608
2007-09-13,-0.8810350802551862
2007-09-14,-0.8810175081772904
2007-09-17,-0.8810056145833831
2007-09-18,-0.8809975526239477
2007-09-19,-0.8809920823877614
2007-09-20,-0.8809883681350617
2007-09-21,-0.8809858449929066
2007-09-24,-0.8809841304365057
2007-09-25,-0.8809829650845895
2007-09-26,-0.8809821728983599
2007-09-27,-0.8809816343289983
2007-09-28,-0.8809812681562267
2007-10-01,-0.8809810191840051
2007-10-02,-0.8817346293010642
2007-10-03,-0.8815013411683563
2007-10-04,-0.8813422509197653
2007-10-05,-0.8812338748952402
2007-10-08,-0.8811600893496884
2007-10-09,-0.8811098736955666
2007-10-10,-0.8810757078971787
2007-10-11,-0.8810524663121098
2007-10-12,-0.8810366579539514
2007-10-15,-0.8810259063888289
2007-10-16,-0.8810185944578609
2007-10-17,-0.8810136219462803
2007-10-18,-0.8810102404556309
2007-10-19,-0.8810079409584913
2007-10-22,-0.8810063772625168
2007-10-23,-0.8810053139321884
2007-10-24,-0.8810045908599926
2007-10-25,-0.8810040991676142
2007-10-26,-0.8810037648154251
2007-10-29,-0.8810035374554023
2007-10-30,-0.8810033828504078
2007-10-31,-0.8810032777189751
2007-11-01,-0.8817539719826198
2007-11-02,-0.88152065984359
2007-11-05,-0.8813624212055484
2007-11-06,-0.8812550284127123
2007-11-07,-0.881182100344822
2007-11-08,-0.881132555751012
2007-11-09,-0.8810988871550895
2007-11-12,-0.8810760026348474
2007-11-13,-0.8810604458711588
2007-11-14,-0.8810498694611995
2007-11-15,-0.8810426785200736
2007-11-16,-0.8810377891534885
2007-11-19,-0.8810344646047757
2007-11-20,-0.8810322040147015
2007-11-21,-0.8810306668617985
2007-11-22,-0.8810296216206472
2007-11-23,-0.8810289108675324
2007-11-26,-0.8810284275606535
2007-11-27,-0.8810280989145426
2007-11-28,-0.881027875436473
2007-11-29,-0.8810277234720469
2007-11-30,-0.8810276201365886
2007-12-03,-0.8811919713107698
2007-12-04,-0.8811409944522529
2007-12-05,-0.881106450845875
2007-12-06,-0.8810830185488766
2007-12-07,-0.8810671111856042
2007-12-10,-0.8810563065047392
2007-12-11,-0.8810489650315751
2007-12-12,-0.8810439754744355
2007-12-13,-0.8810405838006308
2007-12-14,-0.8810382780301375
2007-12-17,-0.8810367103694616
2007-12-18,-0.8810356444824234
2007-12-19,-0.8810349197360782
2007-12-20,-0.881034426935066
2007-12-21,-0.8810340918427801
2007-12-24,-0.881033863985861
2007-12-25,-0.8810337090459232
2007-12-26,-0.8810336036880909
2007-12-27,-0.8810335320454092
2007-12-28,-0.8810334833287056
2007-12-31,-0.881033450201509
2008-01-01,-0.8788418484844228
2008-01-02,-0.8794641653120404
2008-01-03,-0.8799180067294827
2008-01-04,-0.8802404482064491
2008-01-07,-0.880465990594779
2008-01-08,-0.8806222296778384
2008-01-09,-0.880729788713046
2008-01-10,-0.8808035342240446
2008-01-11,-0.8808539600306869
2008-01-14,-0.8808883781828108
2008-01-15,-0.880911841880079
2008-01-16,-0.8809278246003116
2008-01-17,-0.8809387055077681
2008-01-18,-0.8809461103713235
2008-01-21,-0.8809511483787368
2008-01-22,-0.8809545754705236
2008-01-23,-0.8809569064683079
2008-01-24,-0.880958491812122
2008-01-25,-0.8809595699681155
2008-01-28,-0.8809603031703701
2008-01-29,-0.88096080177366
2008-01-30,-0.8809611408356574
2008-01-31,-0.8809613714031521
2008-02-01,-0.8797815456018935
2008-02-04,-0.8801188560778004
2008-02-05,-0.880361290507569
2008-02-06,-0.8805321013977995
2008-02-07,-0.8806509766355809
2008-02-08,-0.8807330619830047
2008-02-11,-0.880789455190503
2008-02-12,-0.8808280676108096
2008-02-13,-0.8808544463163355
2008-02-14,-0.8808724402723477
2008-02-15,-0.8808847022252941
2008-02-18,-0.8808930523923226
2008-02-19,-0.880898736067485
2008-02-20,-0.880902603535699
2008-02-21,-0.8809052346006048
2008-02-22,-0.8809070242725128
2008-02-25,-0.8809082415021365
2008-02-26,-0.8809090693347682
2008-02-27,-0.8809096323145706
2008-02-28,-0.8809100151654579
2008-02-29,-0.8809102755153309
2008-03-03,-0.8809104525583776
2008-03-04,-0.8809105729499703
2008-03-05,-0.8809106548172899
2008-03-06,-0.8809107104875222
2008-03-07,-0.880910748343474
2008-03-10,-0.8809107740855998
2008-03-11,-0.8809107915902735
2008-03-12,-0.8809108034934598
2008-03-13,-0.8809108115876262
2008-03-14,-0.8809108170916574
2008-03-17,-0.8809108208343955
2008-03-18,-0.880910823379455
2008-03-19,-0.8809108251100939
2008-03-20,-0.880910826286927
2008-03-21,-0.8809108270871724
2008-03-24,-0.8809108276313385
2008-03-25,-0.8809108280013711
2008-03-26,-0.8809108282529928
2008-03-27,-0.8809108284240952
2008-03-28,-0.8809108285404449
2008-03-31,-0.8809108286195625
2008-04-01,-0.8763369082728979
2008-04-02,-0.8776844713715395
2008-04-03,-0.8786341130540829
2008-04-04,-0.8792941572903501
2008-04-07,-0.879749275386697
2008-04-08,-0.880061566983155
2008-04-09,-0.8802751957020034
2008-04-10,-0.8804210415362868
2008-04-11,-0.8805204812491331
2008-04-14,-0.8805882216708906
2008-04-15,-0.8806343410057614
2008-04-16,-0.8806657278776951
2008-04-17,-0.8806870828090715
2008-04-18,-0.880701609630879
2008-04-21,-0.8807114903913118
2008-04-22,-0.8807182104705978
2008-04-23,-0.8807227806596336
2008-04-24,-0.8807258886341663
2008-04-25,-0.8807280021696371
2008-04-28,-0.8807294394252694
2008-04-29,-0.8807304167824856
2008-04-30,-0.8807310813959133
2008-05-01,-0.8788575938592756
2008-05-02,-0.8793960147881712
2008-05-05,-0.8797768786097996
2008-05-06,-0.8800424910645063
2008-05-07,-0.8802261131751756
2008-05-08,-0.8803523481660094
2008-05-09,-0.8804388167900277
2008-05-12,-0.8804979044775839
2008-05-13,-0.8805382171934029
2008-05-14,-0.8805656911994436
2008-05-15,-0.8805844018349348
2008-05-16,-0.8805971381360247
2008-05-19,-0.8806058048548091
2008-05-20,-0.8806117010094835
2008-05-21,-0.8806157116805785
2008-05-22,-0.8806184395301665
2008-05-23,-0.8806202947413334
2008-05-26,-0.8806215564107971
2008-05-27,-0.8806224144038522
2008-05-28,-0.8806229978656063
2008-05-29,-0.8806233946316673
2008-05-30,-0.8806236644380498
2008-06-02,-0.8806238479088346
2008-06-03,-0.8822783762679147
2008-06-04,-0.8816565466976456
2008-06-05,-0.881316161970746
2008-06-06,-0.8811258715309235
2008-06-09,-0.8810165395121462
2008-06-10,-0.8809518122962918
2008-06-11,-0.8809123562605842
2008-06-12,-0.8808876697063092
2008-06-13,-0.8808718854461728
2008-06-16,-0.8808616193832016
2008-06-17,-0.8808548556618627
2008-06-18,-0.880850357130533
2008-06-19,-0.8808473448546624
2008-06-20,-0.8808453181498886
2008-06-23,-0.8808439500102375
2008-06-24,-0.8808430243123115
2008-06-25,-0.8808423969832835
2008-06-26,-0.8808419713921914
2008-06-27,-0.8808416824494855
2008-06-30,-0.8808414861809176
2008-07-01,-0.8828676282454381
2008-07-02,-0.8822143722614589
2008-07-03,-0.8817912197512111
2008-07-04,-0.8815138840734407
2008-07-07,-0.8813303245557147
2008-07-08,-0.8812078999039058
2008-07-09,-0.8811257817319592
2008-07-10,-0.8810704714554425
2008-07-11,-0.8810331079060483
2008-07-14,-0.8810078158522475
2008-07-15,-0.8809906707447871
2008-07-16,-0.8809790368833006
2008-07-17,-0.8809711373568725
2008-07-18,-0.8809657710058251
2008-07-21,-0.8809621243541662
2008-07-22,-0.8809596457736102
2008-07-23,-0.8809579608681243
2008-07-24,-0.8809568153777125
2008-07-25,-0.880956036558033
2008-07-28,-0.8809555070135122
2008-07-29,-0.8809551469478415
2008-07-30,-0.8809549021146705
2008-07-31,-0.8809547356334987
2008-08-01,-0.8830083480576212
2008-08-04,-0.8823085856259054
2008-08-05,-0.8818719548878149
2008-08-06,-0.8815945318534819
2008-08-07,-0.8814153439035805
2008-08-08,-0.8812980179229147
2008-08-11,-0.8812203750023736
2008-08-12,-0.8811685821418201
2008-08-13,-0.8811338323048146
2008-08-14,-0.8811104209869937
2008-08-15,-0.8810946028565841
2008-08-18,-0.8810838936517313
2008-08-19,-0.8810766332345825
2008-08-20,-0.8810717062682958
2008-08-21,-0.881068360615809
2008-08-22,-0.8810660877407936
2008-08-25,-0.8810645431897363
2008-08-26,-0.8810634933598567
2008-08-27,-0.8810627796908418
2008-08-28,-0.8810622944956957
2008-08-29,-0.8810619646092861
2008-09-01,-0.8810617403080324
2008-09-02,-0.8829646827899746
2008-09-03,-0.8822543896704842
2008-09-04,-0.8818382548821668
2008-09-05,-0.8815887225847744
2008-09-08,-0.8814353524040925
2008-09-09,-0.8813388841822692
2008-09-10,-0.881276994841474
2008-09-11,-0.8812366546121757
2008-09-12,-0.8812100393426405
2008-09-15,-0.8811923213160351
2008-09-16,-0.881180449887337
2008-09-17,-0.8811724593845328
2008-09-18,-0.8811670638879613
2008-09-19,-0.8811634125737918
2008-09-22,-0.8811609378397056
2008-09-23,-0.8811592587971809
2008-09-24,-0.8811581187960136
2008-09-25,-0.88115734440401
2008-09-26,-0.8811568181917538
2008-09-29,-0.881156460540685
2008-09-30,-0.8811562174181915
2008-10-01,-0.8807043861405691
2008-10-02,-0.8808266219029249
2008-10-03,-0.8809188364406021
2008-10-06,-0.8809857519260603
2008-10-07,-0.8810331952087979
2008-10-08,-0.8810663522472614
2008-10-09,-0.8810893125958074
2008-10-10,-0.8811051166832666
2008-10-13,-0.8811159517451744
2008-10-14,-0.8811233603886689
2008-10-15,-0.8811284171251849
2008-10-16,-0.881131864423166
2008-10-17,-0.8811342126150292
2008-10-20,-0.8811358112477391
2008-10-21,-0.8811368991785491
2008-10-22,-0.8811376393690825
2008-10-23,-0.8811381428822598
2008-10-24,-0.881138485355971
2008-10-27,-0.8811387182771805
2008-10-28,-0.8811388766816058
2008-10-29,-0.8811389844048925
2008-10-30,-0.8811390576605224
2008-10-31,-0.8811391074760837
2008-11-03,-0.8799082849393355
2008-11-04,-0.8802690948306513
2008-11-05,-0.8805267592805147
2008-11-06,-0.8807075683219234
2008-11-07,-0.8808330743913951
2008-11-10,-0.880919590368918
2008-11-11,-0.8809789599670537
2008-11-12,-0.8810195794165868
2008-11-13,-0.8810473150584291
2008-11-14,-0.8810662280973605
2008-11-17,-0.8810791133441204
2008-11-18,-0.8810878865720958
2008-11-19,-0.8810938575682378
2008-11-20,-0.88109792024789
2008-11-21,-0.8811006839793548
2008-11-24,-0.8811025638287708
2008-11-25,-0.8811038423625398
2008-11-26,-0.8811047118743132
2008-11-27,-0.8811053031923701
2008-11-28,-0.8811057053116143
2008-12-01,-0.8811059787631991
2008-12-02,-0.880268674237788
2008-12-03,-0.8805249342804234
2008-12-04,-0.8807016215662847
2008-12-05,-0.8808228659184271
2008-12-08,-0.8809058131532345
2008-12-09,-0.8809624470349422
2008-12-10,-0.8810010637029896
2008-12-11,-0.8810273716815946
2008-12-12,-0.8810452835337647
2008-12-15,-0.8810574739396118
2008-12-16,-0.881065768190324
2008-12-17,-0.8810714104843459
2008-12-18,-0.8810752482609353
2008-12-19,-0.881077858417788
2008-12-22,-0.8810796335403693
2008-12-23,-0.8810808407230173
2008-12-24,-0.8810816616527638
2008-12-25,-0.8810822199058044
2008-12-26,-0.881082599527328
2008-12-29,-0.881082857674223
2008-12-30,-0.8810830332160033
2008-12-31,-0.8810831525852363
2009-01-01,-0.8637629334775574
2009-01-02,-0.868936527980618
2009-01-05,-0.8725979849894255
2009-01-06,-0.8751435207706566
2009-01-07,-0.8768973745551107
2009-01-08,-0.8780997491455423
2009-01-09,-0.8789216281515884
2009-01-12,-0.8794824032674083
2009-01-13,-0.8798645848393336
2009-01-14,-0.8801248563064104
2009-01-15,-0.8803020180610707
2009-01-16,-0.8804225692403042
2009-01-19,-0.8805045813344275
2009-01-20,-0.8805603667113623
2009-01-21,-0.8805983086616441
2009-01-22,-0.8806241128200996
2009-01-23,-0.8806416613176248
2009-01-26,-0.8806535950621455
2009-01-27,-0.8806617103589356
2009-01-28,-0.8806672289203381
2009-01-29,-0.8806709816142115
2009-01-30,-0.8806735334782643
2009-02-02,-0.8806752687599516
2009-02-03,-0.7402323852679171
2009-02-04,-0.6659201867477815
2009-02-05,-0.614456582215289
2009-02-06,-0.5807009632448418
2009-02-09,-0.5602117288550295
2009-02-10,-0.5490889338732767
2009-02-11,-0.5440489662636457
2009-02-12,-0.5425525169367305
2009-02-13,-0.5428408004406544
2009-02-16,-0.5438379614862516
2009-02-17,-0.5449713861975647
2009-02-18,-0.5459862866544795
2009-02-19,-0.5468017990622305
2009-02-20,-0.5474187344983057
2009-02-23,-0.5478686041441021
2009-02-24,-0.5481890521846363
2009-02-25,-0.5484138424772785
2009-02-26,-0.5485699366855037
2009-02-27,-0.5486775943636751
2009-03-02,-0.5487515068495128
2009-03-03,0.43309084402494963
2009-03-04,0.4992513177295889
2009-03-05,0.5660792439226625
2009-03-06,0.6303111228359219
2009-03-09,0.6888111716051106
2009-03-10,0.7392748153949075
2009-03-11,0.7806432946241205
2009-03-12,0.8130729214070361
2009-03-13,0.8375724623168614
2009-03-16,0.8555504159969104
2009-03-17,0.8684556927754895
2009-03-18,0.8775712428505325
2009-03-19,0.8839357916022236
2009-03-20,0.8883433775634804
2009-03-23,0.8913783547584092
2009-03-24,0.8934599404582144
2009-03-25,0.8948837504919464
2009-03-26,0.8958558257497324
2009-03-27,0.8965186430391652
2009-03-30,0.89697019698634
2009-03-31,0.8972776421379889
2009-04-01,0.8222680180830064
2009-04-02,0.8347590190154489
2009-04-03,0.8485854794507646
2009-04-06,0.8611438583395251
2009-04-07,0.8714518343092704
2009-04-08,0.8794048807893714
2009-04-09,0.8852971106897786
2009-04-10,0.8895449016098695
2009-04-13,0.8925508157892725
2009-04-14,0.8946511262111317
2009-04-15,0.8961060215299791
2009-04-16,0.8971079018172481
2009-04-17,0.8977950523705535
2009-04-20,0.8982650515746833
2009-04-21,0.8985859233367824
2009-04-22,0.8988047065466869
2009-04-23,0.8989537527632286
2009-04-24,0.8990552308925389
2009-04-27,0.8991242946458722
2009-04-28,0.8991712851074622
2009-04-29,0.899203251149414
2009-04-30,0.89922499384348
2009-05-01,0.888141413542524
2009-05-04,0.8896907870603207
2009-05-05,0.8917574939680394
2009-05-06,0.893703406158848
2009-05-07,0.8953035778120414
2009-05-08,0.8965293767391549
2009-05-11,0.8974298861017066
2009-05-12,0.8980743008937593
2009-05-13,0.8985276931056733
2009-05-14,0.8988431407288218
2009-05-15,0.8990609845410724
2009-05-18,0.8992106743897221
2009-05-19,0.8993131867601316
2009-05-20,0.8993832307841333
2009-05-21,0.899431016265655
2009-05-22,0.8994635824223485
2009-05-25,0.899485760743074
2009-05-26,0.8995008574200667
2009-05-27,0.8995111302893112
2009-05-28,0.8995181191348836
2009-05-29,0.8995228730715146
2009-06-01,0.8995261064507216
2009-06-02,0.8985852427399011
2009-06-03,0.8986625148660191
2009-06-04,0.8988427978887976
2009-06-05,0.8990268603279782
2009-06-08,0.8991812501602534
2009-06-09,0.8993000130558988
2009-06-10,0.8993872276976779
2009-06-11,0.8994495460733488
2009-06-12,0.899493324170749
2009-06-15,0.8995237441165498
2009-06-16,0.8995447314889179
2009-06-17,0.899559142726959
2009-06-18,0.8995690071059906
2009-06-19,0.8995757448424463
2009-06-22,0.8995803403626746
2009-06-23,0.8995834717263399
2009-06-24,0.899585604017477
2009-06-25,0.8995870553455557
2009-06-26,0.8995880428818334
2009-06-29,0.8995887146990162
2009-06-30,0.8995891716697658
2009-07-01,0.8987103665465809
2009-07-02,0.8988294395256565
2009-07-03,0.8990020714144512
2009-07-06,0.8991628925894687
2009-07-07,0.8992926837964811
2009-07-08,0.8993905037450196
2009-07-09,0.899461479331427
2009-07-10,0.8995118157889336
2009-07-13,0.8995470068612251
2009-07-14,0.8995713829143005
2009-07-15,0.899588165281996
2009-07-16,0.8995996729596891
2009-07-17,0.8996075424506093
2009-07-20,0.8996129141841331
2009-07-21,0.8996165764347611
2009-07-22,0.8996190711450026
2009-07-23,0.8996207695728011
2009-07-24,0.8996219254395891
2009-07-27,0.8996227118614466
2009-07-28,0.8996232468280452
2009-07-29,0.8996236106975335
2009-07-30,0.8996238581713111
2009-07-31,0.89962402647307
2009-08-03,0.8996468775281761
2009-08-04,0.8996244897886155
2009-08-05,0.899618960938576
2009-08-06,0.8996196959683215
2009-08-07,0.8996222819830912
2009-08-10,0.8996250076334036
2009-08-11,0.8996273090833296
2009-08-12,0.8996290814780532
2009-08-13,0.8996303826907588
2009-08-14,0.8996313119229962
2009-08-17,0.8996319643425129
2009-08-18,0.8996324174884656
2009-08-19,0.899632730021456
2009-08-20,0.8996329445756999
2009-08-21,0.899633091412104
2009-08-24,0.8996331916952706
2009-08-25,0.8996332600886727
2009-08-26,0.8996333066890403
2009-08-27,0.8996333384202124
2009-08-28,0.8996333600172477
2009-08-31,0.899633374712398
2009-09-01,0.8997365647246426
2009-09-02,0.8996736134065493
2009-09-03,0.8996490351886723
2009-09-04,0.8996408402617719
2009-09-07,0.8996392390602467
2009-09-08,0.8996399969690867
2009-09-09,0.8996413695674019
2009-09-10,0.8996427003551734
2009-09-11,0.8996437893870615
2009-09-14,0.89964461515823
2009-09-15,0.8996452161251264
2009-09-16,0.8996456430309012
2009-09-17,0.8996459417679232
2009-09-18,0.8996461488131783
2009-09-21,0.8996462914094504
2009-09-22,0.8996463892098332
2009-09-23,0.8996464561001607
2009-09-24,0.8996465017640897
2009-09-25,0.899646532898092
2009-09-28,0.8996465541073674
2009-09-29,0.8996465685473111
2009-09-30,0.8996465783746231
2009-10-01,0.8993836356728123
2009-10-02,0.8993541652001988
2009-10-05,0.8993978599302638
2009-10-06,0.8994578055947484
2009-10-07,0.8995128020813102
2009-10-08,0.8995568632333074
2009-10-09,0.8995899323125472
2009-10-12,0.8996138645560213
2009-10-13,0.8996308094228053
2009-10-14,0.8996426430101232
2009-10-15,0.8996508339533386
2009-10-16,0.8996564705093472
2009-10-19,0.8996603342408395
2009-10-20,0.8996629758612074
2009-10-21,0.8996647787692905
2009-10-22,0.8996660078017795
2009-10-23,0.8996668449563854
2009-10-26,0.899667414874492
2009-10-27,0.8996678027205931
2009-10-28,0.8996680665953808
2009-10-29,0.899668246094636
2009-10-30,0.8996683681838549
2009-11-02,0.8996684512182325
2009-11-03,0.8998723744349295
2009-11-04,0.8998031202182486
2009-11-05,0.8997590321857232
2009-11-06,0.8997304467801136
2009-11-09,0.8997116564313669
2009-11-10,0.8996991794332471
2009-11-11,0.8996908342930164
2009-11-12,0.8996852240667107
2009-11-13,0.8996814389539142
2009-11-16,0.8996788788859542
2009-11-17,0.8996771444285222
2009-11-18,0.8996759679530532
2009-11-19,0.8996751693170275
2009-11-20,0.899674626877093
2009-11-23,0.899674258310624
2009-11-24,0.8996740078208819
2009-11-25,0.8996738375505701
2009-11-26,0.8996737217958077
2009-11-27,0.8996736430960371
2009-11-30,0.8996735895864444
2009-12-01,0.8997456228233934
2009-12-02,0.8997023591393365
2009-12-03,0.8996849633018018
2009-12-04,0.8996787262697546
2009-12-07,0.8996770851406538
2009-12-08,0.8996771759731214
2009-12-09,0.8996777972012338
2009-12-10,0.899678478785746
2009-12-11,0.8996790622369586
2009-12-14,0.899679514504564
2009-12-15,0.8996798477333813
2009-12-16,0.8996800862109208
2009-12-17,0.8996802538711789
2009-12-18,0.899680370421672
2009-12-21,0.899680450851306
2009-12-22,0.8996805060869324
2009-12-23,0.8996805438984578
2009-12-24,0.8996805697264884
2009-12-25,0.8996805873432706
2009-12-28,0.8996805993475183
2009-12-29,0.8996806075218872
2009-12-30,0.8996806130857643
2009-12-31,0.8996806168716522
2010-01-01,0.8993153307201175
2010-01-04,0.8994119993668366
2010-01-05,0.8994891476701595
2010-01-06,0.8995468481123742
2010-01-07,0.8995885026317364
2010-01-08,0.899617944478164
2010-01-11,0.8996384808875717
2010-01-12,0.899652684081837
2010-01-13,0.8996624524601498
2010-01-14,0.8996691459005379
2010-01-15,0.8996737209899084
2010-01-18,0.8996768429374569
2010-01-19,0.8996789708944768
2010-01-20,0.8996804202315912
2010-01-21,0.8996814068560508
2010-01-22,0.8996820782575561
2010-01-25,0.8996825350401279
2010-01-26,0.8996828457582816
2010-01-27,0.8996830570955486
2010-01-28,0.8996832008274489
2010-01-29,0.8996832985755289
2010-02-01,0.8996833650489976
2010-02-02,0.8993995786374882
2010-02-03,0.8994892952356577
2010-02-04,0.8995504139092575
2010-02-05,0.8995920205841961
2010-02-08,0.8996203341958126
2010-02-09,0.8996395971327872
2010-02-10,0.8996527003836235
2010-02-11,0.8996616126442997
2010-02-12,0.8996676739251778
2010-02-15,0.89967179603016
2010-02-16,0.8996745992608227
2010-02-17,0.8996765055489259
2010-02-18,0.8996778018664442
2010-02-19,0.8996786833812028
2010-02-22,0.8996792828196882
2010-02-23,0.8996796904415848
2010-02-24,0.8996799676260755
2010-02-25,0.8996801561121867
2010-02-26,0.8996802842829901
2010-03-01,0.8996803714392123
2010-03-02,0.899323557177036
2010-03-03,0.8994243048931618
2010-03-04,0.8994992033878557
2010-03-05,0.8995530887952342
2010-03-08,0.8995910923668122
2010-03-09,0.8996175629000747
2010-03-10,0.8996358528405021
2010-03-11,0.8996484239392906
2010-03-12,0.8996570341719677
2010-03-15,0.8996629177295398
2010-03-16,0.8996669317668774
2010-03-17,0.8996696674217687
2010-03-18,0.8996715304908697
2010-03-19,0.8996727986828745
2010-03-22,0.8996736616564528
2010-03-23,0.8996742487570475
2010-03-24,0.8996746481140782
2010-03-25,0.8996749197362145
2010-03-26,0.8996751044666317
2010-03-29,0.8996752300959132
2010-03-30,0.8996753155296121
2010-03-31,0.8996753736271778
2010-04-01,0.8149724538392437
2010-04-02,0.84208112340513
2010-04-05,0.8604883919743348
2010-04-06,0.8729739234281523
2010-04-07,0.8814453521565857
2010-04-08,0.8871962521132652
2010-04-09,0.8911021288070361
2010-04-12,0.8937558623572383
2010-04-13,0.8955593335899588
2010-04-14,0.8967851937831696
2010-04-15,0.8976185452144755
2010-04-16,0.8981851154132713
2010-04-19,0.8985703325108787
2010-04-20,0.898832256554274
2010-04-21,0.8990103539041697
2010-04-22,0.8991314549574384
2010-04-23,0.8992138012569183
2010-04-26,0.8992697955979126
2010-04-27,0.8993078712045087
2010-04-28,0.8993337623534106
2010-04-29,0.8993513682050173
2010-04-30,0.8993633401188861
2010-05-03,0.8988363214300524
2010-05-04,0.8989669084732906
2010-05-05,0.8990774511386381
2010-05-06,0.8991626442654029
2010-05-07,0.8992252100769549
2010-05-10,0.899269897706456
2010-05-11,0.8993012761424143
2010-05-12,0.8993230716404157
2010-05-13,0.8993381044281601
2010-05-14,0.8993484246790018
2010-05-17,0.899355487741153
2010-05-18,0.8993603115641721
2010-05-19,0.8993636014453901
2010-05-20,0.8993658430403849
2010-05-21,0.899367369393901
2010-05-24,0.8993684082705009
2010-05-25,0.8993691151484274
2010-05-26,0.8993695960295113
2010-05-27,0.8993699231228776
2010-05-28,0.8993701455898393
2010-05-31,0.8993702968874089
2010-06-01,0.8991113379183332
2010-06-02,0.8991812059567752
2010-06-03,0.899233587101356
2010-06-04,0.8992714327989753
2010-06-07,0.8992981952175847
2010-06-08,0.899316868017702
2010-06-09,0.8993297846453787
2010-06-10,0.8993386692043602
2010-06-11,0.899344757499833
2010-06-14,0.8993489191705002
2010-06-15,0.899351759104814
2010-06-16,0.8993536948818309
2010-06-17,0.8993550133464785
2010-06-18,0.8993559108897904
2010-06-21,0.8993565216755036
2010-06-22,0.8993569372205739
2010-06-23,0.8993572198885619
2010-06-24,0.8993574121477181
2010-06-25,0.8993575429046599
2010-06-28,0.8993576318289197
2010-06-29,0.899357692301801
2010-06-30,0.8993577334253695
2010-07-01,0.8911899247705984
2010-07-02,0.8935860251794046
2010-07-05,0.8952982528714405
2010-07-06,0.89649674496562
2010-07-07,0.8973263657247957
2010-07-08,0.897896938151924
2010-07-09,0.8982877975413843
2010-07-12,0.8985548774570343
2010-07-13,0.8987370810542953
2010-07-14,0.8988612489003511
2010-07-15,0.8989458066285742
2010-07-16,0.8990033627137947
2010-07-19,0.8990425270206125
2010-07-20,0.8990691708091116
2010-07-21,0.8990872941447192
2010-07-22,0.8990996205753334
2010-07-23,0.8991080037284174
2010-07-26,0.8991137048154773
2010-07-27,0.8991175818039481
2010-07-28,0.899120218270182
2010-07-29,0.8991220111191708
2010-07-30,0.899123230279965
2010-08-02,0.8991240593197971
2010-08-03,0.8965316917267412
2010-08-04,0.8972095955735182
2010-08-05,0.8977602382083884
2010-08-06,0.8981757776925293
2010-08-09,0.898477218584878
2010-08-10,0.8986908864855612
2010-08-11,0.8988401861144543
2010-08-12,0.8989435583097125
2010-08-13,0.8990147049719867
2010-08-16,0.899063479022815
2010-08-17,0.8990968275876212
2010-08-18,0.8991195888215583
2010-08-19,0.8991351053817154
2010-08-20,0.89914567463169
2010-08-23,0.8991528700355775
2010-08-24,0.8991577667520732
2010-08-25,0.8991610982941873
2010-08-26,0.8991633645625041
2010-08-27,0.8991649060032894
2010-08-30,0.8991659543574975
2010-08-31,0.8991666673187205
2010-09-01,0.8984526135137002
2010-09-02,0.898586398701122
2010-09-03,0.8987386680631287
2010-09-06,0.8988710819725314
2010-09-07,0.8989746109485971
2010-09-08,0.8990512918515724
2010-09-09,0.8991063535752993
2010-09-10,0.899145149700766
2010-09-13,0.899172158660831
2010-09-14,0.899190815402518
2010-09-15,0.8992036365214777
2010-09-16,0.8992124171327192
2010-09-17,0.8992184167445564
2010-09-20,0.8992225097986416
2010-09-21,0.8992252992338536
2010-09-22,0.899227198897059
2010-09-23,0.8992284919841793
2010-09-24,0.8992293718916595
2010-09-27,0.8992299705097447
2010-09-28,0.8992303776998012
2010-09-29,0.8992306546489192
2010-09-30,0.899230843001925
2010-10-01,0.8997408521699763
2010-10-04,0.8992981545488461
2010-10-05,0.8991617892919688
2010-10-06,0.8991532373403827
2010-10-07,0.8991890260143862
2010-10-08,0.8992335017943547
2010-10-11,0.8992733548892807
2010-10-12,0.899304994893346
2010-10-13,0.8993286403332114
2010-10-14,0.89934571413938
2010-10-15,0.8993577875094065
2010-10-18,0.8993662125672427
2010-10-19,0.8993720414109854
2010-10-20,0.8993760512715613
2010-10-21,0.8993787993912608
2010-10-22,0.8993806780237061
2010-10-25,0.8993819600791552
2010-10-26,0.8993828339977257
2010-10-27,0.8993834292430831
2010-10-28,0.8993838344633316
2010-10-29,0.8993841102226634
2010-11-01,0.8993842978358375
2010-11-02,0.9005846568419429
2010-11-03,0.9002158491114113
2010-11-04,0.899962339344207
2010-11-05,0.8997887175589958
2010-11-08,0.8996700784697371
2010-11-09,0.8995891358024791
2010-11-10,0.8995339703266795
2010-11-11,0.8994964001032065
2010-11-12,0.89947082562997
2010-11-15,0.8994534226235137
2010-11-16,0.8994415828617609
2010-11-17,0.8994335291819857
2010-11-18,0.8994280514600809
2010-11-19,0.8994243260466965
2010-11-22,0.899421792506566
2010-11-23,0.899420069580245
2010-11-24,0.8994188979358168
2010-11-25,0.8994181011927406
2010-11-26,0.899417559396189
2010-11-29,0.8994171909694897
2010-11-30,0.8994169404371118
2010-12-01,0.8994340445552945
2010-12-02,0.8994261023345652
2010-12-03,0.8994227546666682
2010-12-06,0.8994214427977174
2010-12-07,0.8994209971727394
2010-12-08,0.8994209007230896
2010-12-09,0.8994209307014994
2010-12-10,0.8994209952894203
2010-12-13,0.8994210596527746
2010-12-14,0.8994211128742852
2010-12-15,0.8994211534370422
2010-12-16,0.899421183041506
2010-12-17,0.8994212041074474
2010-12-20,0.899421218864593
2010-12-21,0.8994212290993494
2010-12-22,0.8994212361514141
2010-12-23,0.8994212409895561
2010-12-24,0.8994212442992533
2010-12-27,0.8994212465589836
2010-12-28,0.8994212480998244
2010-12-29,0.8994212491495489
2010-12-30,0.8994212498642639
2010-12-31,0.8994212503506873
2011-01-03,0.8976179422166227
2011-01-04,0.8981245481883688
2011-01-05,0.8985000801912183
2011-01-06,0.8987694120379861
2011-01-07,0.8989589169594555
2011-01-10,0.8990906898686153
2011-01-11,0.8991816312101953
2011-01-12,0.8992440859690589
2011-01-13,0.8992868384668571
2011-01-14,0.8993160408408756
2011-01-17,0.8993359587792364
2011-01-18,0.8993495308364153
2011-01-19,0.8993587727042273
2011-01-20,0.8993650631193152
2011-01-21,0.8993693433477493
2011-01-24,0.8993722551713498
2011-01-25,0.8993742357968822
2011-01-26,0.8993755828923506
2011-01-27,0.8993764990417538
2011-01-28,0.8993771220806323
2011-01-31,0.8993775457733706
2011-02-01,0.8903974274533877
2011-02-02,0.8924088763372582
2011-02-03,0.8942399312598924
2011-02-04,0.8957053187401461
2011-02-07,0.8968057016604469
2011-02-08,0.8976027272806092
2011-02-09,0.8981674918616831
2011-02-10,0.8985621464327745
2011-02-11,0.8988354448513626
2011-02-14,0.8990235769283561
2011-02-15,0.89915256775677
2011-02-16,0.8992407729090608
2011-02-17,0.8993009798615138
2011-02-18,0.8993420258245259
2011-02-21,0.8993699857533817
2011-02-22,0.8993890210114889
2011-02-23,0.8994019753908056
2011-02-24,0.8994107891763631
2011-02-25,0.8994167847711911
2011-02-28,0.8994208628007829
2011-03-01,0.8983706572244426
2011-03-02,0.8986125957678289
2011-03-03,0.8988300952076093
2011-03-04,0.8990026550897883
2011-03-07,0.8991314272347298
2011-03-08,0.8992242878168564
2011-03-09,0.8992898848226801
2011-03-10,0.8993356255169469
2011-03-11,0.899367254205671
2011-03-14,0.8993890045774634
2011-03-15,0.899403907157095
2011-03-16,0.8994140928571587
2011-03-17,0.8994210431532146
2011-03-18,0.8994257804603227
2011-03-21,0.8994290069633691
2011-03-22,0.8994312033586307
2011-03-23,0.8994326980041423
2011-03-24,0.8994337148697814
2011-03-25,0.8994344065724076
2011-03-28,0.8994348770381846
2011-03-29,0.8994351970047076
2011-03-30,0.8994354146048724
2011-03-31,0.8994355625835219
2011-04-01,0.8812320294835999
2011-04-04,0.8864017567885106
2011-04-05,0.890253852448509
2011-04-06,0.8930147940068727
2011-04-07,0.8949537048929761
2011-04-08,0.8962994400825941
2011-04-11,0.8972268105509057
2011-04-12,0.8978629926760527
2011-04-13,0.8982981402842991
2011-04-14,0.8985952069602708
2011-04-15,0.8987977484614453
2011-04-18,0.8989357235915484
2011-04-19,0.8990296605119459
2011-04-20,0.8990935901322644
2011-04-21,0.8991370865083234
2011-04-22,0.8991666752277242
2011-04-25,0.8991868007164935
2011-04-26,0.8992004884277061
2011-04-27,0.8992097971669245
2011-04-28,0.8992161276133178
2011-04-29,0.8992204325478635
2011-05-02,0.8992233600088704
2011-05-03,0.9001559724665508
2011-05-04,0.8997430868139273
2011-05-05,0.8995395596811817
2011-05-06,0.8994395006378362
2011-05-09,0.8993900062411572
2011-05-10,0.8993651946729682
2011-05-11,0.8993524998526441
2011-05-12,0.8993458268828919
2011-05-13,0.8993422042871184
2011-05-16,0.8993401668703693
2011-05-17,0.8993389792850657
2011-05-18,0.8993382635008453
2011-05-19,0.8993378192934668
2011-05-20,0.8993375369247237
2011-05-23,0.8993373540286292
2011-05-24,0.8993372338767365
2011-05-25,0.8993371541245079
2011-05-26,0.8993371007954594
2011-05-27,0.8993370649491083
2011-05-30,0.8993370407666335
2011-05-31,0.8993370244118298
2011-06-01,0.8970358529648546
2011-06-02,0.8975476078473228
2011-06-03,0.8980200119647995
2011-06-06,0.8983995645074067
2011-06-07,0.8986848465751563
2011-06-08,0.8988914827449213
2011-06-09,0.8990378660516778
2011-06-10,0.8991401290215969
2011-06-13,0.8992109290895322
2011-06-14,0.899259657103309
2011-06-15,0.8992930624139492
2011-06-16,0.8993159030626293
2011-06-17,0.8993314925389483
2011-06-20,0.8993421201289458
2011-06-21,0.8993493592567883
2011-06-22,0.8993542875806475
2011-06-23,0.8993576414831382
2011-06-24,0.899359923357684
2011-06-27,0.8993614755962362
2011-06-28,0.8993625313787228
2011-06-29,0.8993632494308489
2011-06-30,0.8993637377615848
2011-07-01,0.8991472473872408
2011-07-04,0.8991080629537421
2011-07-05,0.8991444328224804
2011-07-06,0.8991992416988632
2011-07-07,0.899250685785474
2011-07-08,0.8992923079609687
2011-07-11,0.8993237090642862
2011-07-12,0.8993465031267267
2011-07-13,0.8993626723348681
2011-07-14,0.8993739777329623
2011-07-15,0.8993818091782724
2011-07-18,0.8993872011278062
2011-07-19,0.8993908984599127
2011-07-20,0.8993934268981948
2011-07-21,0.8993951528285211
2011-07-22,0.8993963295097551
2011-07-25,0.8993971310625862
2011-07-26,0.8993976767701491
2011-07-27,0.8993980481524715
2011-07-28,0.8993983008316132
2011-07-29,0.8993984727177048
2011-08-01,0.8993985896299174
2011-08-02,0.8994816797007633
2011-08-03,0.8994324622028154
2011-08-04,0.899412848220299
2011-08-05,0.8994060254536199
2011-08-08,0.8994044180012645
2011-08-09,0.8994047331898135
2011-08-10,0.8994056006764455
2011-08-11,0.8994064932138661
2011-08-12,0.8994072402803729
2011-08-15,0.8994078131488183
2011-08-16,0.899408232711505
2011-08-17,0.8994085318977627
2011-08-18,0.8994087417660427
2011-08-19,0.8994088874463716
2011-08-22,0.8994089878824199
2011-08-23,0.8994090568140325
2011-08-24,0.8994091039811962
2011-08-25,0.8994091361906505
2011-08-26,0.8994091581558578
2011-08-29,0.8994091731212209
2011-08-30,0.8994091833110834
2011-08-31,0.8994091902463905
2011-09-01,0.8981211206827785
2011-09-02,0.8984278504376451
2011-09-05,0.898692260579138
2011-09-06,0.8988979566958758
2011-09-07,0.8990498086788724
2011-09-08,0.8991586088393009
2011-09-09,0.8992351557557513
2011-09-12,0.8992883929527012
2011-09-13,0.8993251424035088
2011-09-14,0.899350385517279
2011-09-15,0.8993676680493436
2011-09-16,0.8993794743691232
2011-09-19,0.8993875277251311
2011-09-20,0.8993930155921693
2011-09-21,0.899396752697078
2011-09-22,0.8993992964036217
2011-09-23,0.8994010272678513
2011-09-26,0.899402204783894
2011-09-27,0.8994030057387673
2011-09-28,0.8994035505006504
2011-09-29,0.8994039209906198
2011-09-30,0.899404172947681
2011-10-03,0.9034270035657065
2011-10-04,0.9022128320835189
2011-10-05,0.9013635122761486
2011-10-06,0.9007748506963277
2011-10-07,0.9003693187107805
2011-10-10,0.9000911020695685
2011-10-11,0.8999007699237314
2011-10-12,0.8997708116809483
2011-10-13,0.8996821929755918
2011-10-14,0.8996218177201756
2011-10-17,0.8995807095080116
2011-10-18,0.8995527313811559
2011-10-19,0.8995336949053941
2011-10-20,0.8995207448566229
2011-10-21,0.8995119364010078
2011-10-24,0.8995059455333964
2011-10-25,0.8995018712282566
2011-10-26,0.8994991004637409
2011-10-27,0.899497216235093
2011-10-28,0.8994959349098752
2011-10-31,0.8994950635861114
2011-11-01,0.9009350951290231
2011-11-02,0.9004864897229254
2011-11-03,0.900179112856591
2011-11-04,0.8999690759539438
2011-11-07,0.8998257788586399
2011-11-08,0.8997281186084385
2011-11-09,0.8996616087613392
2011-11-10,0.8996163354414156
2011-11-11,0.8995855280393672
2011-11-14,0.8995645690533534
2011-11-15,0.8995503123471708
2011-11-16,0.8995406156662297
2011-11-17,0.8995340209454794
2011-11-18,0.8995295360852561
2011-11-21,0.8995264861735164
2011-11-22,0.8995244121388282
2011-11-23,0.89952300175207
2011-11-24,0.8995220426695348
2011-11-25,0.899521390484663
2011-11-28,0.8995209469951001
2011-11-29,0.8995206454205498
2011-11-30,0.8995204403491844
2011-12-01,0.899521183872224
2011-12-02,0.899518167530203
2011-12-05,0.89951779911189
2011-12-06,0.8995183194963492
2011-12-07,0.8995190300436052
2011-12-08,0.8995196782163315
2011-12-09,0.8995201952916982
2011-12-12,0.899520582199047
2011-12-13,0.899520861618984
2011-12-14,0.899521059172849
2011-12-15,0.8995211969999601
2011-12-16,0.8995212923364163
2011-12-19,0.8995213579115194
2011-12-20,0.8995214028476707
2011-12-21,0.899521433563807
2011-12-22,0.8995214545245481
2011-12-23,0.8995214688119568
2011-12-26,0.8995214785431603
2011-12-27,0.8995214851676656
2011-12-28,0.8995214896756971
2011-12-29,0.8995214927427142
2011-12-30,0.8995214948290041
2012-01-02,0.8995214962480129
2012-01-03,0.9045031593124905
2012-01-04,0.9030243846737979
2012-01-05,0.9019714670563788
2012-01-06,0.9012324135775095
2012-01-09,0.9007187498696569
2012-01-10,0.9003641776946061
2012-01-11,0.9001205798016203
2012-01-12,0.899953767360367
2012-01-13,0.8998397910254892
2012-01-16,0.899762034132001
2012-01-17,0.8997090420021285
2012-01-18,0.8996729529112235
2012-01-19,0.8996483871176847
2012-01-20,0.8996316707123349
2012-01-23,0.899620298162683
2012-01-24,0.8996125623366316
2012-01-25,0.8996073008243273
2012-01-26,0.8996037224653556
2012-01-27,0.8996012889369284
2012-01-30,0.8995996340253354
2012-01-31,0.8995985086340329
2012-02-01,0.9011748038046682
2012-02-02,0.9006744075118955
2012-02-03,0.9003348765506869
2012-02-06,0.9001044820456356
2012-02-07,0.8999480626311006
2012-02-08,0.8998418202660754
2012-02-09,0.8997696347706977
2012-02-10,0.8997205768734567
2012-02-13,0.8996872308274624
2012-02-14,0.8996645617668415
2012-02-15,0.8996491497278479
2012-02-16,0.8996386709051125
2012-02-17,0.8996315459418983
2012-02-20,0.8996267012640318
2012-02-21,0.8996234070221674
2012-02-22,0.8996211670030768
2012-02-23,0.8996196438210201
2012-02-24,0.8996186080719853
2012-02-27,0.8996179037697806
2012-02-28,0.8996174248477938
2012-02-29,0.8996170991826109
2012-03-01,0.8995929106206471
2012-03-02,0.8995997300762915
2012-03-05,0.8996046448562044
2012-03-06,0.8996081187403326
2012-03-07,0.8996105419241311
2012-03-08,0.89961221786295
2012-03-09,0.8996133705267495
2012-03-12,0.8996141603602001
2012-03-13,0.8996147002311423
2012-03-14,0.8996150686305782
2012-03-15,0.8996153197372649
2012-03-16,0.8996154907648912
2012-03-19,0.8996156071908207
2012-03-20,0.8996156864192079
2012-03-21,0.8996157403216559
2012-03-22,0.8996157769878561
2012-03-23,0.8996158019266574
2012-03-26,0.89961581888771
2012-03-27,0.8996158304224543
2012-03-28,0.8996158382666452
2012-03-29,0.8996158436009531
2012-03-30,0.8996158472284012
2012-04-02,0.8996158496951189
2012-04-03,0.6938384487320622
2012-04-04,0.49349455626396843
2012-04-05,0.31033299015032895
2012-04-06,0.14689183877311446
2012-04-09,0.003726812751006755
2012-04-10,-0.1185825208543124
2012-04-11,-0.2199148096959141
2012-04-12,-0.3010792230716173
2012-04-13,-0.36394746575628234
2012-04-16,-0.4111860479378421
2012-04-17,-0.4457829357587867
2012-04-18,-0.47061024049738975
2012-04-19,-0.48815272835986373
2012-04-20,-0.5004072964079221
2012-04-23,-0.5088979971991382
2012-04-24,-0.5147468743339241
2012-04-25,-0.5187596441888268
2012-04-26,-0.5215050033993384
2012-04-27,-0.5233796365587761
2012-04-30,-0.5246580132420673
2012-05-01,-0.6605746541926233
2012-05-02,-0.7244985902025441
2012-05-03,-0.7664600617008437
2012-05-04,-0.7944344936312174
2012-05-07,-0.813233962060476
2012-05-08,-0.8259243362468635
2012-05-09,-0.8345135547238159
2012-05-10,-0.8403364815653157
2012-05-11,-0.8442881298535669
2012-05-14,-0.8469716582303793
2012-05-15,-0.8487948206986479
2012-05-16,-0.8500338215866957
2012-05-17,-0.8508759976535063
2012-05-18,-0.8514485185782477
2012-05-21,-0.8518377594462634
2012-05-22,-0.852102409273315
2012-05-23,-0.8522823553955878
2012-05-24,-0.8524047114248363
2012-05-25,-0.8524879100992502
2012-05-28,-0.8525444835897463
2012-05-29,-0.8525829528029947
2012-05-30,-0.8526091115050042
2012-05-31,-0.8526268992467129
2012-06-01,-0.8531111675874652
2012-06-04,-0.858106356955259
2012-06-05,-0.8615378464454255
2012-06-06,-0.8638879353544519
2012-06-07,-0.8654937766202466
2012-06-08,-0.866589368426494
2012-06-11,-0.8673360513823909
2012-06-12,-0.8678445748825125
2012-06-13,-0.8681907316670765
2012-06-14,-0.8684262852350433
2012-06-15,-0.8685865388603302
2012-06-18,-0.8686955469963401
2012-06-19,-0.8687696889972601
2012-06-20,-0.8688201131528507
2012-06-21,-0.8688544050761428
2012-06-22,-0.8688777251911659
2012-06-25,-0.8688935836056275
2012-06-26,-0.8689043676631745
2012-06-27,-0.8689117009743187
2012-06-28,-0.8689166876939933
2012-06-29,-0.8689200786933678
2012-07-02,-0.868922384585798
2012-07-03,-0.8330282463335722
2012-07-04,-0.8360735133526799
2012-07-05,-0.8386247352756288
2012-07-06,-0.8406121987892073
2012-07-09,-0.8420921196672959
2012-07-10,-0.8431619095759347
2012-07-11,-0.8439200706867606
2012-07-12,-0.8444502694027923
2012-07-13,-0.8448177251272907
2012-07-16,-0.8450708422959644
2012-07-17,-0.845244478545331
2012-07-18,-0.845363257209137
2012-07-19,-0.8454443546466854
2012-07-20,-0.8454996530026333
2012-07-23,-0.8455373263499081
2012-07-24,-0.8455629768455976
2012-07-25,-0.8455804342732663
2012-07-26,-0.8455923123014615
2012-07-27,-0.845600392584898
2012-07-30,-0.8456058886665787
2012-07-31,-0.8456096266891092
2012-08-01,-0.851676268043986
2012-08-02,-0.8531259709466079
2012-08-03,-0.8541685906701407
2012-08-06,-0.8549035141113266
2012-08-07,-0.8554151173557519
2012-08-08,-0.8557684466656919
2012-08-09,-0.856011212419184
2012-08-10,-0.8561774458393653
2012-08-13,-0.8562910162625653
2012-08-14,-0.8563684895780229
2012-08-15,-0.8564212847712739
2012-08-16,-0.8564572378558365
2012-08-17,-0.8564817101384451
2012-08-20,-0.856498362462632
2012-08-21,-0.8565096912028162
2012-08-22,-0.8565173971282267
2012-08-23,-0.8565226382565528
2012-08-24,-0.8565262027304057
2012-08-27,-0.8565286268057938
2012-08-28,-0.8565302752841449
2012-08-29,-0.8565313962984458
2012-08-30,-0.8565321586105025
2012-08-31,-0.856532676992799
2012-09-03,-0.8601332247543375
2012-09-04,-0.8619792746938122
2012-09-05,-0.8632390802531333
2012-09-06,-0.8640980428456129
2012-09-07,-0.8646832006567374
2012-09-10,-0.865081600185648
2012-09-11,-0.8653527395831692
2012-09-12,-0.8655372196633666
2012-09-13,-0.8656627147720843
2012-09-14,-0.8657480739134712
2012-09-17,-0.86580612849531
2012-09-18,-0.8658456103873955
2012-09-19,-0.865872460271041
2012-09-20,-0.8658907191998569
2012-09-21,-0.8659031357320768
2012-09-24,-0.8659115791832688
2012-09-25,-0.8659173208243267
2012-09-26,-0.8659212251821071
2012-09-27,-0.865923880163586
2012-09-28,-0.8659256855586073
2012-10-01,-0.8659269132302027
2012-10-02,-0.8305641189384255
2012-10-03,-0.8325228816233288
2012-10-04,-0.8343438661586755
2012-10-05,-0.8358459286766939
2012-10-08,-0.8370037667946248
2012-10-09,-0.8378592961844887
2012-10-10,-0.8384743359418626
2012-10-11,-0.8389085319446493
2012-10-12,-0.8392113589755132
2012-10-15,-0.8394208446748507
2012-10-16,-0.8395649621983073
2012-10-17,-0.8396637392564412
2012-10-18,-0.839731268958521
2012-10-19,-0.8397773568285092
2012-10-22,-0.8398087742957723
2012-10-23,-0.839830174162107
2012-10-24,-0.83984474272553
2012-10-25,-0.8398546570514113
2012-10-26,-0.8398614023537292
2012-10-29,-0.8398659908043692
2012-10-30,-0.8398691117102977
2012-10-31,-0.8398712342766437
2012-11-01,-0.8389108517138097
2012-11-02,-0.8384818303888749
2012-11-05,-0.8381877433744563
2012-11-06,-0.8379866348704574
2012-11-07,-0.8378493551691585
2012-11-08,-0.8377557606334964
2012-11-09,-0.8376920030172554
2012-11-12,-0.8376485953334184
2012-11-13,-0.8376190538056512
2012-11-14,-0.8375989543262088
2012-11-15,-0.8375852814848589
2012-11-16,-0.8375759815533488
2012-11-19,-0.8375696564928623
2012-11-20,-0.8375653549416063
2012-11-21,-0.8375624296521225
2012-11-22,-0.8375604403476449
2012-11-23,-0.8375590875714248
2012-11-26,-0.8375581676612608
2012-11-27,-0.8375575421122965
2012-11-28,-0.8375571167345398
2012-11-29,-0.8375568274757295
2012-11-30,-0.8375566307789306
2012-12-03,-0.8329995629502891
2012-12-04,-0.8439847440131693
2012-12-05,-0.8514941817499255
2012-12-06,-0.8566195636679231
2012-12-07,-0.860113650898758
2012-12-10,-0.8624937300152641
2012-12-11,-0.864114084854712
2012-12-12,-0.8652168065960518
2012-12-13,-0.8659670647671581
2012-12-14,-0.8664774286624097
2012-12-17,-0.8668245631053033
2012-12-18,-0.8670606546671529
2012-12-19,-0.8672212154253887
2012-12-20,-0.867330405247373
2012-12-21,-0.8674046582275542
2012-12-24,-0.8674551520359551
2012-12-25,-0.8674894886345478
2012-12-26,-0.8675128378853547
2012-12-27,-0.8675287155371234
2012-12-28,-0.8675395124101235
2012-12-31,-0.8675468543128056
2013-01-01,-0.8162200348842762
2013-01-02,-0.8253757163088681
2013-01-03,-0.8359603165693168
2013-01-04,-0.8460204502564254
2013-01-07,-0.8545830687933631
2013-01-08,-0.8613714096104598
2013-01-09,-0.8665007381446842
2013-01-10,-0.8702506404869921
2013-01-11,-0.8729303830962888
2013-01-14,-0.8748155873062979
2013-01-15,-0.8761276297695441
2013-01-16,-0.877034059144493
2013-01-17,-0.8776571192642881
2013-01-18,-0.8780839257230696
2013-01-21,-0.8783756098097086
2013-01-22,-0.8785746313605738
2013-01-23,-0.8787102797676993
2013-01-24,-0.8788026660567996
2013-01-25,-0.8788655560309755
2013-01-28,-0.8789083523460626
2013-01-29,-0.878937468233639
2013-01-30,-0.8789572736872069
2013-01-31,-0.8789707444656937
2013-02-01,-0.8622920496648633
2013-02-04,-0.8668219819700411
2013-02-05,-0.8698227052859782
2013-02-06,-0.8718268410445259
2013-02-07,-0.8731731956849383
2013-02-08,-0.8740812155881161
2013-02-11,-0.8746952341449604
2013-02-12,-0.8751111888012117
2013-02-13,-0.8753933114919797
2013-02-14,-0.8755848199482285
2013-02-15,-0.8757148910735517
2013-02-18,-0.8758032680030794
2013-02-19,-0.8758633312888507
2013-02-20,-0.8759041590439082
2013-02-21,-0.8759319148431685
2013-02-22,-0.8759507855082591
2013-02-25,-0.8759636160392541
2013-02-26,-0.8759723400931567
2013-02-27,-0.875978272120234
2013-02-28,-0.8759823057444849
2013-03-01,-0.8618460574247504
2013-03-04,-0.8648349693552274
2013-03-05,-0.8668431457977294
2013-03-06,-0.8681970945239509
2013-03-07,-0.8691124698909235
2013-03-08,-0.8697324881769013
2013-03-11,-0.8701529793550297
2013-03-12,-0.8704383965688408
2013-03-13,-0.8706322417926496
2013-03-14,-0.8707639463906437
2013-03-15,-0.8708534545983944
2013-03-18,-0.8709142966255455
2013-03-19,-0.8709556582999041
2013-03-20,-0.8709837791857737
2013-03-21,-0.8710028990439338
2013-03-22,-0.8710158994579614
2013-03-25,-0.8710247392318695
2013-03-26,-0.8710307500407705
2013-03-27,-0.8710348372792758
2013-03-28,-0.8710376165486584
2013-03-29,-0.871039506426592
2013-04-01,-0.8710407915313474
2013-04-02,-0.3863951717499027
2013-04-03,-0.3683483871696413
2013-04-04,-0.36928955574553385
2013-04-05,-0.38506405008461436
2013-04-08,-0.41328843291769074
2013-04-09,-0.4520331584165808
2013-04-10,-0.4991272552643065
2013-04-11,-0.551803228111637
2013-04-12,-0.6066884775573429
2013-04-15,-0.6601761811419254
2013-04-16,-0.7090588408813009
2013-04-17,-0.7511282867720408
2013-04-18,-0.7854447721576343
2013-04-19,-0.8121954616685617
2013-04-22,-0.8323000274623253
2013-04-23,-0.846989354068854
2013-04-24,-0.8574985607589156
2013-04-25,-0.8649031050581021
2013-04-26,-0.8700636585930903
2013-04-29,-0.8736328615127082
2013-04-30,-0.8760883344017152
2013-05-01,-0.8782940435262898
2013-05-02,-0.8792662739494661
2013-05-03,-0.8799368237659968
2013-05-06,-0.8803972262830699
2013-05-07,-0.8807123702321049
2013-05-08,-0.8809276324842165
2013-05-09,-0.8810744589513942
2013-05-10,-0.8811745088428533
2013-05-13,-0.8812426390962442
2013-05-14,-0.8812890122613792
2013-05-15,-0.8813205666420169
2013-05-16,-0.8813420331570239
2013-05-17,-0.881356634792549
2013-05-20,-0.8813665659380505
2013-05-21,-0.8813733200544553
2013-05-22,-0.88137791328514
2013-05-23,-0.8813810368801905
2013-05-24,-0.8813831610155374
2013-05-27,-0.8813846054688848
2013-05-28,-0.8813855877158316
2013-05-29,-0.881386255652095
2013-05-30,-0.8813867098524103
2013-05-31,-0.8813870187101795
2013-06-03,-0.8815257418554429
2013-06-04,-0.881481726974094
2013-06-05,-0.8814517806711673
2013-06-06,-0.8814314125917835
2013-06-07,-0.8814175601830982
2013-06-10,-0.8814081395723831
2013-06-11,-0.8814017331103691
2013-06-12,-0.8813973765116387
2013-06-13,-0.8813944139312446
2013-06-14,-0.8813923993343501
2013-06-17,-0.8813910293895426
2013-06-18,-0.8813900978187359
2013-06-19,-0.881389464347011
2013-06-20,-0.8813890335847743
2013-06-21,-0.8813887406659057
2013-06-24,-0.8813885414809091
2013-06-25,-0.8813884060350945
2013-06-26,-0.8813883139319734
2013-06-27,-0.8813882513018937
2013-06-28,-0.8813882087134779
2013-07-01,-0.8813881797533856
2013-07-02,-0.8810565467857284
2013-07-03,-0.8811018554691684
2013-07-04,-0.881164826500141
2013-07-05,-0.8812227077163083
2013-07-08,-0.8812690685769456
2013-07-09,-0.8813038435935735
2013-07-10,-0.8813289970907489
2013-07-11,-0.8813467992897595
2013-07-12,-0.8813592278414073
2013-07-15,-0.881367828756914
2013-07-16,-0.8813737465445464
2013-07-17,-0.8813778026324539
2013-07-18,-0.8813805755680724
2013-07-19,-0.8813824680062496
2013-07-22,-0.8813837580277347
2013-07-23,-0.8813846367048868
2013-07-24,-0.8813852348814014
2013-07-25,-0.8813856419538696
2013-07-26,-0.8813859189075003
2013-07-29,-0.8813861073026358
2013-07-30,-0.8813862354420985
2013-07-31,-0.881386322591123
2013-08-01,-0.8812534329102897
2013-08-02,-0.8812920278305161
2013-08-05,-0.881320247687731
2013-08-06,-0.881340359337148
2013-08-07,-0.8813544611378119
2013-08-08,-0.8813642471229048
2013-08-09,-0.881370992521268
2013-08-12,-0.881375621419532
2013-08-13,-0.8813787884973979
2013-08-14,-0.8813809510908749
2013-08-15,-0.881382425805883
2013-08-16,-0.8813834305311136
2013-08-19,-0.8813841146312753
2013-08-20,-0.881384580229314
2013-08-21,-0.881384897025387
2013-08-22,-0.8813851125342013
2013-08-23,-0.881385259120583
2013-08-26,-0.881385358817954
2013-08-27,-0.8813854266207509
2013-08-28,-0.8813854727306027
2013-08-29,-0.8813855040871142
2013-08-30,-0.8813855254103707
2013-09-02,-0.8813855399105618
2013-09-03,-0.8813153701654657
2013-09-04,-0.8813377548958333
2013-09-05,-0.881352978676543
2013-09-06,-0.8813633304516362
2013-09-09,-0.8813703694716887
2013-09-10,-0.8813751559165198
2013-09-11,-0.8813784106564385
2013-09-12,-0.8813806238589043
2013-09-13,-0.8813821288263496
2013-09-16,-0.8813831521990285
2013-09-17,-0.8813838480897463
2013-09-18,-0.8813843212939757
2013-09-19,-0.8813846430720355
2013-09-20,-0.8813848618806424
2013-09-23,-0.8813850106702105
2013-09-24,-0.8813851118469405
2013-09-25,-0.8813851806470051
2013-09-26,-0.881385227430977
2013-09-27,-0.8813852592440302
2013-09-30,-0.8813852808768753
2013-10-01,-0.880477870842566
2013-10-02,-0.8806835882384318
2013-10-03,-0.880868243130226
2013-10-04,-0.8810146257011618
2013-10-07,-0.8811238059737536
2013-10-08,-0.881202511095112
2013-10-09,-0.881258095698699
2013-10-10,-0.881296848670477
2013-10-11,-0.8813236426517371
2013-10-14,-0.8813420669695936
2013-10-15,-0.8813546900374233
2013-10-16,-0.881363317436789
2013-10-17,-0.8813692042805126
2013-10-18,-0.8813732166791182
2013-10-21,-0.8813759494302013
2013-10-22,-0.8813778096977511
2013-10-23,-0.8813790756024689
2013-10-24,-0.8813799368439968
2013-10-25,-0.8813805226851096
2013-10-28,-0.8813809211479255
2013-10-29,-0.8813811921445343
2013-10-30,-0.8813813764415186
2013-10-31,-0.8813815017723328
2013-11-01,-0.8809073548660874
2013-11-04,-0.8810514958039852
2013-11-05,-0.8811532327813473
2013-11-06,-0.8812241271139415
2013-11-07,-0.8812731230784109
2013-11-08,-0.8813068032519762
2013-11-11,-0.8813298731490181
2013-11-12,-0.8813456379351774
2013-11-13,-0.8813563936665371
2013-11-14,-0.8813637240444485
2013-11-15,-0.8813687163157229
2013-11-18,-0.8813721145782406
2013-11-19,-0.8813744270220706
2013-11-20,-0.8813760002345997
2013-11-21,-0.8813770703657418
2013-11-22,-0.881377798214863
2013-11-25,-0.8813782932260017
2013-11-26,-0.8813786298675221
2013-11-27,-0.8813788587993514
2013-11-28,-0.8813790144801379
2013-11-29,-0.881379120346329
2013-12-02,-0.8813791923368132
2013-12-03,-0.881083791186246
2013-12-04,-0.8811779195153977
2013-12-05,-0.8812419669148547
2013-12-06,-0.8812855319540788
2013-12-09,-0.8813151620011602
2013-12-10,-0.881335313088098
2013-12-11,-0.8813490170401781
2013-12-12,-0.8813583362816522
2013-12-13,-0.8813646736184101
2013-12-16,-0.8813689831220222
2013-12-17,-0.8813719136361032
2013-12-18,-0.881373906408646
2013-12-19,-0.8813752615039901
2013-12-20,-0.8813761829730473
2013-12-23,-0.8813768095736819
2013-12-24,-0.8813772356627008
2013-12-25,-0.8813775254033775
2013-12-26,-0.8813777224270171
2013-12-27,-0.8813778564030237
2013-12-30,-0.8813779475066367
2013-12-31,-0.881378009457033
2014-01-01,-0.8814420659513913
2014-01-02,-0.8813950061047927
2014-01-03,-0.8813778275420898
2014-01-06,-0.8813730367748723
2014-01-07,-0.8813729827334523
2014-01-08,-0.8813744329300207
2014-01-09,-0.8813761083921476
2014-01-10,-0.8813775670098722
2014-01-13,-0.8813787066916354
2014-01-14,-0.8813795500831433
2014-01-15,-0.8813801552383764
2014-01-16,-0.8813805813837288
2014-01-17,-0.8813808779335945
2014-01-20,-0.8813810827188722
2014-01-21,-0.8813812234209113
2014-01-22,-0.8813813197678857
2014-01-23,-0.8813813855934325
2014-01-24,-0.8813814304979504
2014-01-27,-0.8813814610992012
2014-01-28,-0.8813814819386441
2014-01-29,-0.8813814961236052
2014-01-30,-0.8813815057759126
2014-01-31,-0.8813815123425001
2014-02-03,-0.8804455967721351
2014-02-04,-0.8807463039433355
2014-02-05,-0.8809495883449381
2014-02-06,-0.8810872468398017
2014-02-07,-0.8811805900914998
2014-02-10,-0.8812439415816392
2014-02-11,-0.8812869643323437
2014-02-12,-0.8813161938157608
2014-02-13,-0.8813360578524041
2014-02-14,-0.8813495598411062
2014-02-17,-0.8813587386214854
2014-02-18,-0.8813649790005401
2014-02-19,-0.8813692219055618
2014-02-20,-0.8813721068241623
2014-02-21,-0.8813740684492095
2014-02-24,-0.8813754022983545
2014-02-25,-0.8813763092895334
2014-02-26,-0.8813769260311306
2014-02-27,-0.8813773454094966
2014-02-28,-0.8813776305839223
2014-03-03,-0.8815973349517845
2014-03-04,-0.8815274979801244
2014-03-05,-0.8814800108385834
2014-03-06,-0.8814477246036755
2014-03-07,-0.8814257723308632
2014-03-10,-0.8814108458973849
2014-03-11,-0.8814006964447583
2014-03-12,-0.8813937950625379
2014-03-13,-0.8813891022385872
2014-03-14,-0.8813859111734328
2014-03-17,-0.88138374127561
2014-03-18,-0.881382265757996
2014-03-19,-0.8813812624124312
2014-03-20,-0.8813805801407134
2014-03-21,-0.8813801161976607
2014-03-24,-0.8813798007173167
2014-03-25,-0.8813795861912079
2014-03-26,-0.8813794403137616
2014-03-27,-0.8813793411172834
2014-03-28,-0.8813792736637941
2014-03-31,-0.8813792277954949
2014-04-01,-0.8709803031905606
2014-04-02,-0.8713167650429469
2014-04-03,-0.8729028764167521
2014-04-04,-0.8747638138773727
2014-04-07,-0.8764526236862722
2014-04-08,-0.8778198445924414
2014-04-09,-0.8788589501925105
2014-04-10,-0.8796189415271095
2014-04-11,-0.8801613676962726
2014-04-14,-0.8805423778458008
2014-04-15,-0.8808071873158311
2014-04-16,-0.8809899357695865
2014-04-17,-0.8811154531661392
2014-04-18,-0.8812013854729999
2014-04-21,-0.8812600888509817
2014-04-22,-0.8813001320279767
2014-04-23,-0.8813274192225194
2014-04-24,-0.8813460012811655
2014-04-25,-0.8813586494623041
2014-04-28,-0.8813672559499447
2014-04-29,-0.8813731110069472
2014-04-30,-0.8813770936675022
2014-05-01,-0.8816262580722573
2014-05-02,-0.8815492755573285
2014-05-05,-0.8814969684447381
2014-05-06,-0.8814614302274238
2014-05-07,-0.8814372785003788
2014-05-08,-0.8814208619558492
2014-05-09,-0.8814097017851023
2014-05-12,-0.8814021142991346
2014-05-13,-0.8813969554731328
2014-05-14,-0.8813934477805195
2014-05-15,-0.8813910626935931
2014-05-16,-0.8813894409018331
2014-05-19,-0.8813883381150737
2014-05-20,-0.8813875882350388
2014-05-21,-0.8813870783237584
2014-05-22,-0.8813867315875442
2014-05-23,-0.8813864958086203
2014-05-26,-0.8813863354798096
2014-05-27,-0.8813862264566629
2014-05-28,-0.8813861523211614
2014-05-29,-0.8813861019091528
2014-05-30,-0.881386067629063
2014-06-02,-0.8813860443186478
2014-06-03,-0.8815149567667068
2014-06-04,-0.881473796275244
2014-06-05,-0.8814458403777019
2014-06-06,-0.8814268475187004
2014-06-09,-0.881413940331279
2014-06-10,-0.8814051671331721
2014-06-11,-0.881399203069017
2014-06-12,-0.881395148298761
2014-06-13,-0.8813923914232501
2014-06-16,-0.8813905169190738
2014-06-17,-0.8813892423359638
2014-06-18,-0.8813883756567036
2014-06-19,-0.8813877863322946
2014-06-20,-0.8813873855999594
2014-06-23,-0.8813871131059131
2014-06-24,-0.8813869278118655
2014-06-25,-0.8813868018128486
2014-06-26,-0.8813867161339882
2014-06-27,-0.8813866578726058
2014-06-30,-0.881386618254996
2014-07-01,-0.8790574267934225
2014-07-02,-0.8797075705771732
2014-07-03,-0.8801999321375559
2014-07-04,-0.8805575128866222
2014-07-07,-0.8808110441358339
2014-07-08,-0.8809881959681893
2014-07-09,-0.8811108412024892
2014-07-10,-0.8811952443316007
2014-07-11,-0.8812531014368938
2014-07-14,-0.8812926578883898
2014-07-15,-0.8813196549023354
2014-07-16,-0.8813380584251546
2014-07-17,-0.8813505938652891
2014-07-18,-0.8813591276875329
2014-07-21,-0.881364935178632
2014-07-22,-0.8813688863474974
2014-07-23,-0.8813715741004484
2014-07-24,-0.8813734022146427
2014-07-25,-0.8813746455362012
2014-07-28,-0.8813754910887702
2014-07-29,-0.8813760661076867
2014-07-30,-0.8813764571403385
2014-07-31,-0.8813767230515748
2014-08-01,-0.8820571973885512
2014-08-04,-0.8818416457556317
2014-08-05,-0.8816944088902153
2014-08-06,-0.8815939963780901
2014-08-07,-0.8815255806792983
2014-08-08,-0.8814789953677108
2014-08-11,-0.8814472883611166
2014-08-12,-0.881425714184631
2014-08-13,-0.881411037544865
2014-08-14,-0.8814010545660371
2014-08-15,-0.8813942648187644
2014-08-18,-0.8813896471813725
2014-08-19,-0.8813865069075699
2014-08-20,-0.8813843713926645
2014-08-21,-0.8813829191836439
2014-08-22,-0.8813819316547152
2014-08-25,-0.8813812601229488
2014-08-26,-0.8813808034759563
2014-08-27,-0.8813804929536447
2014-08-28,-0.8813802817974762
2014-08-29,-0.881380138210884
2014-09-01,-0.8813800405718603
2014-09-02,-0.8814473104149638
2014-09-03,-0.8814258000608454
2014-09-04,-0.8814111833484962
2014-09-05,-0.8814012496039438
2014-09-08,-0.8813944972625862
2014-09-09,-0.8813899068780247
2014-09-10,-0.8813867859765928
2014-09-11,-0.8813846640236296
2014-09-12,-0.88138322121651
2014-09-15,-0.8813822401640121
2014-09-16,-0.8813815730746639
2014-09-17,-0.8813811194662917
2014-09-18,-0.8813808110184616
2014-09-19,-0.8813806012767406
2014-09-22,-0.8813804586537294
2014-09-23,-0.8813803616707527
2014-09-24,-0.8813802957226682
2014-09-25,-0.8813802508781472
2014-09-26,-0.881380220383968
2014-09-29,-0.8813801996479795
2014-09-30,-0.8813801855475379
2014-10-01,-0.8813005091953975
2014-10-02,-0.8813223106292105
2014-10-03,-0.8813393025748452
2014-10-06,-0.8813518454604053
2014-10-07,-0.8813608314254279
2014-10-08,-0.8813671530392758
2014-10-09,-0.8813715493536678
2014-10-10,-0.8813745839777989
2014-10-13,-0.8813766683875333
2014-10-14,-0.8813780954330038
2014-10-15,-0.8813790702839904
2014-10-16,-0.8813797352446358
2014-10-17,-0.8813801883711099
2014-10-20,-0.8813804969377446
2014-10-21,-0.8813807069667096
2014-10-22,-0.8813808498805112
2014-10-23,-0.8813809471053675
2014-10-24,-0.8813810132383416
2014-10-27,-0.8813810582180256
2014-10-28,-0.8813810888084797
2014-10-29,-0.8813811096119532
2014-10-30,-0.8813811237592173
2014-10-31,-0.8813811333797702
2014-11-03,-0.8820568603536547
2014-11-04,-0.8818370466351599
2014-11-05,-0.8816900706247373
2014-11-06,-0.8815913087714423
2014-11-07,-0.8815247039737802
2014-11-10,-0.881479670705829
2014-11-11,-0.881449168073322
2014-11-12,-0.8814284819902701
2014-11-13,-0.8814144412866292
2014-11-14,-0.8814049055787802
2014-11-17,-0.8813984268422224
2014-11-18,-0.8813940238693158
2014-11-19,-0.8813910310371411
2014-11-20,-0.8813889964623443
2014-11-21,-0.8813876132069774
2014-11-24,-0.8813866727119027
2014-11-25,-0.8813860332303688
2014-11-26,-0.8813855984086052
2014-11-27,-0.8813853027418108
2014-11-28,-0.8813851016940306
2014-12-01,-0.8813849649842079
2014-12-02,-0.8822819649119897
2014-12-03,-0.8819914397598209
2014-12-04,-0.8817963424320252
2014-12-05,-0.8816648550539748
2014-12-08,-0.8815759986295605
2014-12-09,-0.8815158360642132
2014-12-10,-0.8814750466700777
2014-12-11,-0.8814473662303683
2014-12-12,-0.881428569694939
2014-12-15,-0.8814158001859792
2014-12-16,-0.8814071225449023
2014-12-17,-0.8814012243556913
2014-12-18,-0.88139721479512
2014-12-19,-0.8813944888540614
2014-12-22,-0.8813926354740579
2014-12-23,-0.8813913752964255
2014-12-24,-0.8813905184318666
2014-12-25,-0.8813899357902266
2014-12-26,-0.8813895396062299
2014-12-29,-0.8813892702069267
2014-12-30,-0.8813890870181704
2014-12-31,-0.8813889624511513
2015-01-01,-0.8822649081185796
2015-01-02,-0.8819877327518167
2015-01-05,-0.8817979424796963
2015-01-06,-0.8816682962197968
2015-01-07,-0.8815798629262824
2015-01-08,-0.8815196011901816
2015-01-09,-0.8814785643001247
2015-01-12,-0.8814506319375792
2015-01-13,-0.8814316253106962
2015-01-14,-0.8814186949695237
2015-01-15,-0.8814098996417938
2015-01-16,-0.8814039175745783
2015-01-19,-0.8813998491951186
2015-01-20,-0.8813970824329528
2015-01-21,-0.8813952009133585
2015-01-22,-0.8813939214244937
2015-01-23,-0.8813930513467657
2015-01-26,-0.8813924596824713
2015-01-27,-0.8813920573456393
2015-01-28,-0.8813917837543496
2015-01-29,-0.8813915977113171
2015-01-30,-0.8813914712016689
2015-02-02,-0.8813913851749675
2015-02-03,-0.8811344354669959
2015-02-04,-0.8812153975646195
2015-02-05,-0.8812709108088387
2015-02-06,-0.8813088699074889
2015-02-09,-0.8813347788628647
2015-02-10,-0.8813524415753836
2015-02-11,-0.8813644728121124
2015-02-12,-0.8813726635599803
2015-02-13,-0.8813782376584959
2015-02-16,-0.8813820300726142
2015-02-17,-0.8813846098500684
2015-02-18,-0.8813863645305917
2015-02-19,-0.8813875579124766
2015-02-20,-0.8813883695038671
2015-02-23,-0.8813889214281722
2015-02-24,-0.8813892967560274
2015-02-25,-0.8813895519877941
2015-02-26,-0.8813897255493992
2015-02-27,-0.88138984357309
2015-03-02,-0.8813899238299967
2015-03-03,-0.8819245212208053
2015-03-04,-0.8817527778366494
2015-03-05,-0.8816367322254939
2015-03-06,-0.881558175505464
2015-03-09,-0.8815049225206507
2015-03-10,-0.8814687876229166
2015-03-11,-0.8814442517427953
2015-03-12,-0.8814275839836572
2015-03-13,-0.8814162576237317
2015-03-16,-0.8814085592758176
2015-03-17,-0.8814033260571777
2015-03-18,-0.8813997682372381
2015-03-19,-0.8813973492763756
2015-03-20,-0.8813957045487024
2015-03-23,-0.8813945862110192
2015-03-24,-0.8813938257774016
2015-03-25,-0.8813933086994206
2015-03-26,-0.8813929570943534
2015-03-27,-0.8813927180066938
2015-03-30,-0.8813925554289076
2015-03-31,-0.8813924448769046
2015-04-01,-0.8481640087923537
2015-04-02,-0.858400932365167
2015-04-03,-0.8656105002507134
2015-04-06,-0.8706005264554778
2015-04-07,-0.8740271323962144
2015-04-08,-0.8763707102670797
2015-04-09,-0.877970016060336
2015-04-10,-0.8790599999078939
2015-04-13,-0.8798022738140133
2015-04-14,-0.8803075060721633
2015-04-15,-0.8806512838191949
2015-04-16,-0.8808851527451086
2015-04-17,-0.8810442293499557
2015-04-20,-0.8811524223972664
2015-04-21,-0.8812260032818898
2015-04-22,-0.8812760426920176
2015-04-23,-0.8813100715099996
2015-04-24,-0.8813332120282696
2015-04-27,-0.8813489479996783
2015-04-28,-0.881359648649126
2015-04-29,-0.8813669251748459
2015-04-30,-0.8813718732490293
2015-05-01,-0.8818887537344825
2015-05-04,-0.8817263942391469
2015-05-05,-0.8816165000263746
2015-05-06,-0.8815420188819066
2015-05-07,-0.8814914871336657
2015-05-08,-0.881457179324752
2015-05-11,-0.8814338750160009
2015-05-12,-0.8814180396924991
2015-05-13,-0.8814072770563235
2015-05-14,-0.8813999609602708
2015-05-15,-0.8813949871727592
2015-05-18,-0.8813916055344896
2015-05-19,-0.8813893062700164
2015-05-20,-0.8813877428862926
2015-05-21,-0.8813866798395328
2015-05-22,-0.8813859569931078
2015-05-25,-0.8813854654694878
2015-05-26,-0.8813851312390988
2015-05-27,-0.8813849039651575
2015-05-28,-0.8813847494202048
2015-05-29,-0.8813846443302972
2015-06-01,-0.8813845728694962
2015-06-02,-0.8813845242763291
2015-06-03,-0.8813844912330714
2015-06-04,-0.8813844687637108
2015-06-05,-0.8813844534845776
2015-06-08,-0.8813844430947863
2015-06-09,-0.8813844360297405
2015-06-10,-0.8813844312255169
2015-06-11,-0.8813844279586497
2015-06-12,-0.8813844257371835
2015-06-15,-0.8813844242265885
2015-06-16,-0.8813844231993851
2015-06-17,-0.8813844225008883
2015-06-18,-0.8813844220259109
2015-06-19,-0.8813844217029265
2015-06-22,-0.8813844214832978
2015-06-23,-0.8813844213339503
2015-06-24,-0.8813844212323941
2015-06-25,-0.8813844211633359
2015-06-26,-0.8813844211163768
2015-06-29,-0.8813844210844445
2015-06-30,-0.8813844210627304
2015-07-01,-0.8798549938830712
2015-07-02,-0.8801443486160239
2015-07-03,-0.8804467763233098
2015-07-06,-0.8807021886904031
2015-07-07,-0.8808991292331604
2015-07-08,-0.8810438864681732
2015-07-09,-0.881147359299122
2015-07-10,-0.8812200588560022
2015-07-13,-0.8812705783563052
2015-07-14,-0.8813054336127962
2015-07-15,-0.8813293675721093
2015-07-16,-0.8813457501978746
2015-07-17,-0.8813569401289447
2015-07-20,-0.8813645722895388
2015-07-21,-0.8813697727977648
2015-07-22,-0.8813733140621145
2015-07-23,-0.8813757243955025
2015-07-24,-0.8813773644728911
2015-07-27,-0.8813784802108856
2015-07-28,-0.8813792391368304
2015-07-29,-0.8813797553098754
2015-07-30,-0.8813801063552061
2015-07-31,-0.8813803450879633
2015-08-03,-0.8808422691892702
2015-08-04,-0.8809975163468999
2015-08-05,-0.8811117953643663
2015-08-06,-0.8811935237746704
2015-08-07,-0.8812509486960368
2015-08-10,-0.881290850202556
2015-08-11,-0.8813183766023194
2015-08-12,-0.8813372761807813
2015-08-13,-0.8813502117904606
2015-08-14,-0.8813590467690064
2015-08-17,-0.8813650724680988
2015-08-18,-0.8813691782223996
2015-08-19,-0.8813719739614555
2015-08-20,-0.8813738768321229
2015-08-21,-0.881375171601099
2015-08-24,-0.8813760524213338
2015-08-25,-0.8813766515532991
2015-08-26,-0.8813770590434059
2015-08-27,-0.8813773361737194
2015-08-28,-0.8813775246393767
2015-08-31,-0.8813776528038483
2015-09-01,-0.880770855362078
2015-09-02,-0.8809641176383634
2015-09-03,-0.8810956538581007
2015-09-04,-0.8811851391634673
2015-09-07,-0.8812460072628009
2015-09-08,-0.8812874057032316
2015-09-09,-0.8813155603239603
2015-09-10,-0.8813347071388482
2015-09-11,-0.8813477277341608
2015-09-14,-0.8813565820849847
2015-09-15,-0.8813626032002408
2015-09-16,-0.8813666976290655
2015-09-17,-0.8813694818719525
2015-09-18,-0.881371375170729
2015-09-21,-0.881372662619619
2015-09-22,-0.881373538087122
2015-09-23,-0.8813741334058061
2015-09-24,-0.8813745382226941
2015-09-25,-0.8813748134981415
2015-09-28,-0.8813750006853464
2015-09-29,-0.8813751279725435
2015-09-30,-0.8813752145277522
2015-10-01,-0.8816411535598909
2015-10-02,-0.8815430609648389
2015-10-05,-0.8814838686751496
2015-10-06,-0.8814471127443007
2015-10-07,-0.8814237446806173
2015-10-08,-0.8814086094119367
2015-10-09,-0.8813986675522223
2015-10-12,-0.8813920693030332
2015-10-13,-0.8813876576034055
2015-10-14,-0.881384692411048
2015-10-15,-0.8813826921655538
2015-10-16,-0.8813813394401478
2015-10-19,-0.881380423029206
2015-10-20,-0.8813798014620773
2015-10-21,-0.8813793795329947
2015-10-22,-0.881379092961961
2015-10-23,-0.8813788982513127
2015-10-26,-0.8813787659210321
2015-10-27,-0.8813786759702188
2015-10-28,-0.8813786148193113
2015-10-29,-0.8813785732439473
2015-10-30,-0.8813785449760659
2015-11-02,-0.8813785257554715
2015-11-03,-0.8816669309745334
2015-11-04,-0.8815737238597928
2015-11-05,-0.8815110870821341
2015-11-06,-0.8814688416154908
2015-11-09,-0.8814402761759921
2015-11-10,-0.8814209265934919
2015-11-11,-0.8814078036003116
2015-11-12,-0.8813988960486205
2015-11-13,-0.8813928463607318
2015-11-16,-0.8813887360207492
2015-11-17,-0.8813859425857858
2015-11-18,-0.8813840437891727
2015-11-19,-0.881382752949905
2015-11-20,-0.8813818753379516
2015-11-23,-0.881381278635498
2015-11-24,-0.8813808729120777
2015-11-25,-0.8813805970361102
2015-11-26,-0.8813804094479142
2015-11-27,-0.8813802818914477
2015-11-30,-0.8813801951547101
2015-12-01,-0.8817388452470774
2015-12-02,-0.8816244367779555
2015-12-03,-0.881546649709151
2015-12-04,-0.8814937663931416
2015-12-07,-0.8814578114050505
2015-12-08,-0.881433364692244
2015-12-09,-0.8814167421888212
2015-12-10,-0.8814054394794649
2015-12-11,-0.8813977539161801
2015-12-14,-0.8813925278649661
2015-12-15,-0.8813889742128073
2015-12-16,-0.8813865577594269
2015-12-17,-0.8813849145857788
2015-12-18,-0.8813837972349692
2015-12-21,-0.8813830374401163
2015-12-22,-0.8813825207815542
2015-12-23,-0.881382169454783
2015-12-24,-0.8813819305531695
2015-12-25,-0.8813817681004176
2015-12-28,-0.881381657632754
2015-12-29,-0.8813815825148722
2015-12-30,-0.8813815314347947
2015-12-31,-0.8813814967003953
2016-01-01,-0.8821591933222663
2016-01-04,-0.8819047213798162
2016-01-05,-0.8817352633293547
2016-01-06,-0.8816217306316466
2016-01-07,-0.8815453253004852
2016-01-08,-0.8814937418016959
2016-01-11,-0.8814588382557265
2016-01-12,-0.8814351843204888
2016-01-13,-0.881419136978125
2016-01-14,-0.8814082420892254
2016-01-15,-0.8814008415807074
2016-01-18,-0.8813958129472652
2016-01-19,-0.8813923951957405
2016-01-20,-0.8813900719210438
2016-01-21,-0.881388492463283
2016-01-22,-0.8813874186031541
2016-01-25,-0.8813866884577374
2016-01-26,-0.8813861919958234
2016-01-27,-0.8813858544189659
2016-01-28,-0.8813856248747779
2016-01-29,-0.881385468788533
2016-02-01,-0.8813853626516914
2016-02-02,-0.8810320673138903
2016-02-03,-0.8811449711800057
2016-02-04,-0.8812215987409521
2016-02-05,-0.8812736285761623
2016-02-08,-0.881308973347165
2016-02-09,-0.8813329913770933
2016-02-10,-0.8813493160463174
2016-02-11,-0.8813604133082745
2016-02-12,-0.8813679578192207
2016-02-15,-0.8813730873321859
2016-02-16,-0.8813765750506561
2016-02-17,-0.8813789465361912
2016-02-18,-0.8813805590702686
2016-02-19,-0.881381655557778
2016-02-22,-0.8813824011524664
2016-02-23,-0.8813829081488548
2016-02-24,-0.8813832529025478
2016-02-25,-0.8813834873331755
2016-02-26,-0.8813836467450614
2016-02-29,-0.8813837551446605
2016-03-01,-0.8814543804229348
2016-03-02,-0.8814319386897485
2016-03-03,-0.8814166755794683
2016-03-04,-0.881406296743536
2016-03-07,-0.8813992391758805
2016-03-08,-0.8813944400511374
2016-03-09,-0.8813911766576737
2016-03-10,-0.8813889575563775
2016-03-11,-0.881387448571064
2016-03-14,-0.881386422463155
2016-03-15,-0.881385724711058
2016-03-16,-0.8813852502404338
2016-03-17,-0.8813849276009219
2016-03-18,-0.8813847082063876
2016-03-21,-0.8813845590183241
2016-03-22,-0.8813844575705874
2016-03-23,-0.8813843885862245
2016-03-24,-0.8813843416769237
2016-03-25,-0.8813843097786437
2016-03-28,-0.8813842880878434
2016-03-29,-0.8813842733381198
2016-03-30,-0.8813842633083216
2016-03-31,-0.8813842564880681
2016-04-01,-0.8200468648084119
2016-04-04,-0.8401858562912197
2016-04-05,-0.8536109501057824
2016-04-06,-0.86260031053001
2016-04-07,-0.8686456767219412
2016-04-08,-0.872724758315359
2016-04-11,-0.8754837031672673
2016-04-12,-0.877352892153005
2016-04-13,-0.8786207433065388
2016-04-14,-0.8794814007059386
2016-04-15,-0.8800659617599728
2016-04-18,-0.8804631456924791
2016-04-19,-0.8807330837330526
2016-04-20,-0.8809165735122673
2016-04-21,-0.8810413150172678
2016-04-22,-0.8811261246151846
2016-04-25,-0.8811837883530067
2016-04-26,-0.8812229965381749
2016-04-27,-0.8812496566327128
2016-04-28,-0.881267784808639
2016-04-29,-0.8812801116445402
2016-05-02,-0.8812884937395703
2016-05-03,-0.8797344269209818
2016-05-04,-0.8802370590366034
2016-05-05,-0.8805773334516669
2016-05-06,-0.880807975423484
2016-05-09,-0.8809644658970925
2016-05-10,-0.8810707188504707
2016-05-11,-0.8811428964283102
2016-05-12,-0.8811919426965025
2016-05-13,-0.8812252781840975
2016-05-16,-0.8812479389144969
2016-05-17,-0.881263344780703
2016-05-18,-0.8812738191784337
2016-05-19,-0.8812809410298088
2016-05-20,-0.8812857835448193
2016-05-23,-0.8812890762945331
2016-05-24,-0.8812913152891367
2016-05-25,-0.881292837770023
2016-05-26,-0.8812938730401797
2016-05-27,-0.8812945770157868
2016-05-30,-0.8812950557152435
2016-05-31,-0.8812953812289017
2016-06-01,-0.8817639223969376
2016-06-02,-0.881616065966608
2016-06-03,-0.8815151128990871
2016-06-06,-0.8814462892096872
2016-06-07,-0.8813994076591029
2016-06-08,-0.8813674904763493
2016-06-09,-0.8813457693296753
2016-06-10,-0.8813309908735313
2016-06-13,-0.881320937790641
2016-06-14,-0.8813140999704612
2016-06-15,-0.8813094494574375
2016-06-16,-0.8813062867421465
2016-06-17,-0.8813041359272302
2016-06-20,-0.8813026732958008
2016-06-21,-0.8813016786711266
2016-06-22,-0.881301002310322
2016-06-23,-0.8813005423777662
2016-06-24,-0.8813002296204326
2016-06-27,-0.8813000169440617
2016-06-28,-0.8812998723235533
2016-06-29,-0.8812997739813845
2016-06-30,-0.8812997071086359
2016-07-01,-0.8819621984399817
2016-07-04,-0.8817531401923612
2016-07-05,-0.8816101658327508
2016-07-06,-0.881512582776197
2016-07-07,-0.8814460588484778
2016-07-08,-0.8814007449195138
2016-07-11,-0.8813698954735804
2016-07-12,-0.8813489012003091
2016-07-13,-0.8813346173939965
2016-07-14,-0.8813249008468248
2016-07-15,-0.8813182919512619
2016-07-18,-0.8813137971440687
2016-07-19,-0.8813107403258512
2016-07-20,-0.8813086615288266
2016-07-21,-0.8813072478731863
2016-07-22,-0.8813062865537098
2016-07-25,-0.881305632841197
2016-07-26,-0.8813051883098236
2016-07-27,-0.8813048860254489
2016-07-28,-0.8813046804707579
2016-07-29,-0.8813045406930211
2016-08-01,-0.8813044456439493
2016-08-02,-0.8814284234286421
2016-08-03,-0.8813890116324198
2016-08-04,-0.8813621793429569
2016-08-05,-0.8813439218196909
2016-08-08,-0.8813315013571588
2016-08-09,-0.8813230529726824
2016-08-10,-0.8813173069312362
2016-08-11,-0.881313399097503
2016-08-12,-0.8813107415286784
2016-08-15,-0.8813089342708122
2016-08-16,-0.8813077052846436
2016-08-17,-0.8813068695509165
2016-08-18,-0.8813063012415359
2016-08-19,-0.8813059147864961
2016-08-22,-0.8813056519950299
2016-08-23,-0.8813054732959684
2016-08-24,-0.8813053517802604
2016-08-25,-0.8813052691494552
2016-08-26,-0.8813052129604755
2016-08-29,-0.8813051747519709
2016-08-30,-0.8813051487701998
2016-08-31,-0.8813051311026093
2016-09-01,-0.880736058203946
2016-09-02,-0.8809178249495957
2016-09-05,-0.8810409077709512
2016-09-06,-0.8811243463422336
2016-09-07,-0.8811809658292105
2016-09-08,-0.8812194123040268
2016-09-09,-0.8812455306128352
2016-09-12,-0.881263279373484
2016-09-13,-0.8812753431248066
2016-09-14,-0.8812835439738291
2016-09-15,-0.8812891193922934
2016-09-16,-0.8812929101394601
2016-09-19,-0.8812954875979558
2016-09-20,-0.8812972401535706
2016-09-21,-0.8812984318371554
2016-09-22,-0.8812992421565602
2016-09-23,-0.8812997931617532
2016-09-26,-0.8813001678395699
2016-09-27,-0.8813004226177308
2016-09-28,-0.88130059586553
2016-09-29,-0.8813007136733576
2016-09-30,-0.8813007937823324
2016-10-03,-0.8811788398405412
2016-10-04,-0.8812176514314194
2016-10-05,-0.8812440335352691
2016-10-06,-0.8812619643108793
2016-10-07,-0.8812741530477278
2016-10-10,-0.8812824394481896
2016-10-11,-0.8812880733009348
2016-10-12,-0.8812919039032326
2016-10-13,-0.881294508518588
2016-10-14,-0.8812962795664571
2016-10-17,-0.8812974838365998
2016-10-18,-0.881298302720327
2016-10-19,-0.881298859551783
2016-10-20,-0.8812992381926236
2016-10-21,-0.881299495666178
2016-10-24,-0.8812996707470928
2016-10-25,-0.8812997898015529
2016-10-26,-0.8812998707582903
2016-10-27,-0.8812999258087107
2016-10-28,-0.8812999632429059
2016-10-31,-0.8812999886981051
2016-11-01,-0.8815332040726868
2016-11-02,-0.8814593299699032
2016-11-03,-0.8814089839815676
2016-11-04,-0.8813747044946709
2016-11-07,-0.8813513739762079
2016-11-08,-0.88133549975592
2016-11-09,-0.8813247009096625
2016-11-10,-0.8813173556727184
2016-11-11,-0.8813123599787307
2016-11-14,-0.8813089624768544
2016-11-15,-0.8813066519777484
2016-11-16,-0.8813050807475608
2016-11-17,-0.8813040122695169
2016-11-18,-0.8813032856855687
2016-11-21,-0.8813027915999718
2016-11-22,-0.8813024556179778
2016-11-23,-0.8813022271485711
2016-11-24,-0.8813020717886791
2016-11-25,-0.8813019661436777
2016-11-28,-0.8813018943049814
2016-11-29,-0.881301845454645
2016-11-30,-0.8813018122364205
2016-12-01,-0.8818752001249135
2016-12-02,-0.8816941036569013
2016-12-05,-0.8815703506004168
2016-12-06,-0.8814859345547554
2016-12-07,-0.8814284091237283
2016-12-08,-0.881389235040137
2016-12-09,-0.8813625703664079
2016-12-12,-0.8813444262212475
2016-12-13,-0.8813320825771193
2016-12-14,-0.8813236863000994
2016-12-15,-0.8813179756319816
2016-12-16,-0.8813140918244605
2016-12-19,-0.8813114505806621
2016-12-20,-0.8813096544178899
2016-12-21,-0.8813084329736419
2016-12-22,-0.8813076023671501
2016-12-23,-0.8813070375436999
2016-12-26,-0.8813066534588195
2016-12-27,-0.8813063922789346
2016-12-28,-0.881306214675689
2016-12-29,-0.8813060939051082
2016-12-30,-0.8813060117809762
2017-01-02,-0.8813059559365279
2017-01-03,-0.8820340620886244
2017-01-04,-0.8818037216724848
2017-01-05,-0.8816465208878406
2017-01-06,-0.8815393891367365
2017-01-09,-0.8814664307232106
2017-01-10,-0.8814167686754414
2017-01-11,-0.8813829752179649
2017-01-12,-0.8813599849165292
2017-01-13,-0.8813443465466264
2017-01-16,-0.8813337101637302
2017-01-17,-0.8813264763669383
2017-01-18,-0.8813215568987711
2017-01-19,-0.8813182114369946
2017-01-20,-0.8813159364206751
2017-01-23,-0.8813143893629497
2017-01-24,-0.8813133373425983
2017-01-25,-0.8813126219593187
2017-01-26,-0.8813121354945368
2017-01-27,-0.8813118046967116
2017-01-30,-0.8813115797534689
2017-01-31,-0.8813114267917979
2017-02-01,-0.8804011606739549
2017-02-02,-0.8806929908228038
2017-02-03,-0.8808900194359485
2017-02-06,-0.8810233202494657
2017-02-07,-0.8811136529786837
2017-02-08,-0.8811749356522163
2017-02-09,-0.8812165416572466
2017-02-10,-0.8812448031733711
2017-02-13,-0.8812640068810379
2017-02-14,-0.8812770588720138
2017-02-15,-0.8812859312043162
2017-02-16,-0.8812919629910638
2017-02-17,-0.8812960639574395
2017-02-20,-0.88129885231349
2017-02-21,-0.8813007482555668
2017-02-22,-0.8813020374308648
2017-02-23,-0.8813029140394817
2017-02-24,-0.8813035101189369
2017-02-27,-0.8813039154461276
2017-02-28,-0.8813041910653336
2017-03-01,-0.8814181378699218
2017-03-02,-0.8813821698108985
2017-03-03,-0.8813576811871084
2017-03-06,-0.8813410186141246
2017-03-07,-0.8813296832994261
2017-03-08,-0.8813219730842735
2017-03-09,-0.8813167291220922
2017-03-10,-0.8813131627595211
2017-03-13,-0.8813107374174678
2017-03-14,-0.8813090880859366
2017-03-15,-0.8813079664952383
2017-03-16,-0.8813072037929713
2017-03-17,-0.8813066851461357
2017-03-20,-0.8813063324621453
2017-03-21,-0.881306092635222
2017-03-22,-0.8813059295521487
2017-03-23,-0.8813058186553541
2017-03-24,-0.881305743245426
2017-03-27,-0.8813056919666477
2017-03-28,-0.881305657097081
2017-03-29,-0.8813056333857875
2017-03-30,-0.8813056172621202
2017-03-31,-0.8813056062980372
2017-04-03,-0.7395166018114602
2017-04-04,-0.7738805196402713
2017-04-05,-0.7995138295346016
2017-04-06,-0.8176536556578884
2017-04-07,-0.8303394769734556
2017-04-10,-0.8391358179196365
2017-04-11,-0.8451985248657484
2017-04-12,-0.8493595580296561
2017-04-13,-0.8522070864710273
2017-04-14,-0.8541518280396386
2017-04-17,-0.8554781741521466
2017-04-18,-0.856381911448134
2017-04-19,-0.8569972978096916
2017-04-20,-0.857416151964806
2017-04-21,-0.857701153940693
2017-04-24,-0.8578950390506808
2017-04-25,-0.858026919628586
2017-04-26,-0.858116616287058
2017-04-27,-0.8581776182516866
2017-04-28,-0.8582191033789496
2017-05-01,-0.8582473150064389
2017-05-02,-0.8596485501965574
2017-05-03,-0.8618437562397488
2017-05-04,-0.863328700713656
2017-05-05,-0.864335103818264
2017-05-08,-0.8650179110651193
2017-05-09,-0.865481506607218
2017-05-10,-0.8657964222224479
2017-05-11,-0.8660104126591903
2017-05-12,-0.8661558557879991
2017-05-15,-0.8662547245541603
2017-05-16,-0.8663219402355642
2017-05-17,-0.8663676399080231
2017-05-18,-0.8663987124396663
2017-05-19,-0.8664198402513071
2017-05-22,-0.8664342064587961
2017-05-23,-0.8664439751498826
2017-05-24,-0.8664506177043088
2017-05-25,-0.8664551345674237
2017-05-26,-0.8664582059988212
2017-05-29,-0.8664602945548279
2017-05-30,-0.8664617147642675
2017-05-31,-0.866462680502264
2017-06-01,-0.8650664400105161
2017-06-02,-0.8650886188602469
2017-06-05,-0.8651040977195195
2017-06-06,-0.86511475461823
2017-06-07,-0.8651220620372289
2017-06-08,-0.8651270591720817
2017-06-09,-0.8651304702146911
2017-06-12,-0.8651327957307732
2017-06-13,-0.865134379859052
2017-06-14,-0.8651354583501593
2017-06-15,-0.8651361923174887
2017-06-16,-0.8651366916894402
2017-06-19,-0.8651370313889954
2017-06-20,-0.8651372624431458
2017-06-21,-0.8651374195869271
2017-06-22,-0.8651375264571176
2017-06-23,-0.8651375991345579
2017-06-26,-0.865137648557836
2017-06-27,-0.865137682166861
2017-06-28,-0.8651377050215414
2017-06-29,-0.8651377205629679
2017-06-30,-0.8651377311312468
2017-07-03,-0.8625601814972736
2017-07-04,-0.8657190200157776
2017-07-05,-0.8679869372865765
2017-07-06,-0.8695875619850802
2017-07-07,-0.8707038585715905
2017-07-10,-0.8714761047359313
2017-07-11,-0.8720074084241392
2017-07-12,-0.8723715792437808
2017-07-13,-0.8726205580793284
2017-07-14,-0.8727904873449744
2017-07-17,-0.8729063284833349
2017-07-18,-0.8729852344530876
2017-07-19,-0.873038952538828
2017-07-20,-0.8730755095304303
2017-07-21,-0.8731003815504859
2017-07-24,-0.8731173006535697
2017-07-25,-0.8731288084737355
2017-07-26,-0.8731366350969014
2017-07-27,-0.8731419578020386
2017-07-28,-0.8731455775180451
2017-07-31,-0.8731480390517141
2017-08-01,-0.8721712238719544
2017-08-02,-0.8723375306000775
2017-08-03,-0.8724505687844467
2017-08-04,-0.8725273768347217
2017-08-07,-0.8725795793904203
2017-08-08,-0.8726150646310397
2017-08-09,-0.8726391887945402
2017-08-10,-0.8726555905331584
2017-08-11,-0.8726667424644157
2017-08-14,-0.8726743251955388
2017-08-15,-0.8726794811811518
2017-08-16,-0.8726829871242285
2017-08-17,-0.8726853711056708
2017-08-18,-0.8726869921846608
2017-08-21,-0.8726880945047595
2017-08-22,-0.8726888440758012
2017-08-23,-0.8726893537808216
2017-08-24,-0.8726897003785625
2017-08-25,-0.8726899360641491
2017-08-28,-0.8726900963298713
2017-08-29,-0.8726902053102944
2017-08-30,-0.8726902794168255
2017-08-31,-0.8726903298091722
2017-09-01,-0.8471470643378466
2017-09-04,-0.8504338586859923
2017-09-05,-0.8528654714790996
2017-09-06,-0.8546129553749977
2017-09-07,-0.8558461949471344
2017-09-08,-0.8567060729346873
2017-09-11,-0.8573007862605196
2017-09-12,-0.8577098644646386
2017-09-13,-0.8579902146577116
2017-09-14,-0.8581818645230299
2017-09-15,-0.8583126558346695
2017-09-18,-0.8584018114555623
2017-09-19,-0.8584625379991219
2017-09-20,-0.8585038786553036
2017-09-21,-0.8585320118560947
2017-09-22,-0.8585511523961036
2017-09-25,-0.8585641725662718
2017-09-26,-0.8585730284069938
2017-09-27,-0.8585790513587919
2017-09-28,-0.8585831474174611
2017-09-29,-0.8585859329448936
2017-10-02,-0.858587827198684
2017-10-03,-0.8306010892449552
2017-10-04,-0.8419534466471673
2017-10-05,-0.8511580042404278
2017-10-06,-0.8582330745634493
2017-10-09,-0.8634705733914497
2017-10-10,-0.8672470777178558
2017-10-11,-0.8699207111792728
2017-10-12,-0.8717897041181194
2017-10-13,-0.8730848545604658
2017-10-16,-0.87397698697013
2017-10-17,-0.8745889941224005
2017-10-18,-0.8750076589573922
2017-10-19,-0.8752935142229904
2017-10-20,-0.8754884358880878
2017-10-23,-0.8756212330288042
2017-10-24,-0.8757116510643138
2017-10-25,-0.8757731890031031
2017-10-26,-0.8758150596250568
2017-10-27,-0.8758435431210481
2017-10-30,-0.8758629171971916
2017-10-31,-0.8758760940140711
2017-11-01,-0.8765657045180255
2017-11-02,-0.8765394779627615
2017-11-03,-0.8765320090455888
2017-11-06,-0.8765318547925502
2017-11-07,-0.8765340433724617
2017-11-08,-0.876536597297949
2017-11-09,-0.8765388283863799
2017-11-10,-0.8765405746647289
2017-11-13,-0.8765418682507979
2017-11-14,-0.8765427970089099
2017-11-15,-0.8765434512932561
2017-11-16,-0.8765439067213165
2017-11-17,-0.876544221275856
2017-11-20,-0.8765444374222102
2017-11-21,-0.8765445854418837
2017-11-22,-0.8765446865762321
2017-11-23,-0.8765447555699741
2017-11-24,-0.8765448025885337
2017-11-27,-0.8765448346086832
2017-11-28,-0.8765448564043529
2017-11-29,-0.8765448712355599
2017-11-30,-0.8765448813254704
2017-12-01,-0.8779382438182598
2017-12-04,-0.8776852823747031
2017-12-05,-0.8775173240984171
2017-12-06,-0.8774051217293919
2017-12-07,-0.8773297691170772
2017-12-08,-0.8772789713952969
2017-12-11,-0.8772446349740989
2017-12-12,-0.8772213819951351
2017-12-13,-0.8772056144292799
2017-12-14,-0.877194913098131
2017-12-15,-0.877187645743855
2017-12-18,-0.8771827083664805
2017-12-19,-0.8771793529983629
2017-12-20,-0.8771770722967672
2017-12-21,-0.87717552185921
2017-12-22,-0.8771744677654213
2017-12-25,-0.87717375107619
2017-12-26,-0.8771732637714494
2017-12-27,-0.8771729324246897
2017-12-28,-0.8771727071184546
2017-12-29,-0.8771725539147043
2018-01-01,-0.8771724497382757
2018-01-02,-0.8785453209362665
2018-01-03,-0.8783430653075882
2018-01-04,-0.8783441387551109
2018-01-05,-0.8784157392933748
2018-01-08,-0.8784994177723776
2018-01-09,-0.878573243508914
2018-01-10,-0.8786315158419641
2018-01-11,-0.8786749524236439
2018-01-12,-0.878706277192615
2018-01-15,-0.8787284128873758
2018-01-16,-0.8787438537728262
2018-01-17,-0.87875453408275
2018-01-18,-0.8787618804153229
2018-01-19,-0.8787669147136358
2018-01-22,-0.8787703559981004
2018-01-23,-0.8787727043840129
2018-01-24,-0.87877430513195
2018-01-25,-0.8787753954190296
2018-01-26,-0.8787761376365357
2018-01-29,-0.8787766427245234
2018-01-30,-0.8787769863599787
2018-01-31,-0.8787772201132011
2018-02-01,-0.8714777359735411
2018-02-02,-0.8733804676131544
2018-02-05,-0.8746751004127206
2018-02-06,-0.8755551670157831
2018-02-07,-0.8761533670819008
2018-02-08,-0.8765599955874149
2018-02-09,-0.87683642431366
2018-02-12,-0.877024356226897
2018-02-13,-0.8771521305713819
2018-02-14,-0.8772390078322662
2018-02-15,-0.8772980799513334
2018-02-16,-0.8773382469018383
2018-02-19,-0.8773655594402112
2018-02-20,-0.8773841314983691
2018-02-21,-0.8773967602750665
2018-02-22,-0.877405347736107
2018-02-23,-0.8774111871574239
2018-02-26,-0.8774151579380105
2018-02-27,-0.8774178580556313
2018-02-28,-0.877419694128709
2018-03-01,-0.8762173801145472
2018-03-02,-0.8764840478266613
2018-03-05,-0.8766664363729619
2018-03-06,-0.8767908879010975
2018-03-07,-0.8768757099667946
2018-03-08,-0.8769334783410861
2018-03-09,-0.8769728018974015
2018-03-12,-0.8769995608140353
2018-03-13,-0.8770177655838179
2018-03-14,-0.8770301488401224
2018-03-15,-0.8770385713038654
2018-03-16,-0.8770442994311292
2018-03-19,-0.8770481949496451
2018-03-20,-0.8770508440822457
2018-03-21,-0.877052645574834
2018-03-22,-0.8770538706273585
2018-03-23,-0.8770547036800754
2018-03-26,-0.8770552701635345
2018-03-27,-0.8770556553756359
2018-03-28,-0.8770559173212982
2018-03-29,-0.8770560954449328
2018-03-30,-0.8770562165692213
2018-04-02,-0.8770562989338015
2018-04-03,0.14328693235906376
2018-04-04,0.294567431531224
2018-04-05,0.4269722209716844
2018-04-06,0.5393899925793959
2018-04-09,0.6314701183198407
2018-04-10,0.7041620064059538
2018-04-11,0.7596235822542765
2018-04-12,0.8007242577683081
2018-04-13,0.8304787722023875
2018-04-16,0.8516371024070692
2018-04-17,0.8664847894565152
2018-04-18,0.876804996483861
2018-04-19,0.883929915115922
2018-04-20,0.888825633166984
2018-04-23,0.8921785916215013
2018-04-24,0.8944697663774054
2018-04-25,0.8960329666090721
2018-04-26,0.8970983602177194
2018-04-27,0.8978239494292988
2018-04-30,0.8983178697617945
2018-05-01,0.8984950564573857
2018-05-02,0.8987737690474091
2018-05-03,0.8989631100123833
2018-05-04,0.8990917726918116
2018-05-07,0.8991792220781945
2018-05-08,0.8992386685796121
2018-05-09,0.8992790833634254
2018-05-10,0.8993065613192368
2018-05-11,0.8993252444268108
2018-05-14,0.899337948054831
2018-05-15,0.8993465861088368
2018-05-16,0.8993524597919941
2018-05-17,0.8993564538052817
2018-05-18,0.8993591696909244
2018-05-21,0.8993610164722847
2018-05-22,0.8993622722734029
2018-05-23,0.8993631262130685
2018-05-24,0.899363706889429
2018-05-25,0.899364101747973
2018-05-28,0.8993643702510256
2018-05-29,0.8993645528326714
2018-05-30,0.8993646769879368
2018-05-31,0.8993647614133626
2018-06-01,0.8988958602942132
2018-06-04,0.899024320210654
2018-06-05,0.8991193822217313
2018-06-06,0.8991875414098228
2018-06-07,0.8992355090922782
2018-06-08,0.8992688738080453
2018-06-11,0.8992919064125503
2018-06-12,0.8993077277112288
2018-06-13,0.8993185597050748
2018-06-14,0.899325959428538
2018-06-15,0.8993310069384688
2018-06-18,0.8993344465004194
2018-06-19,0.8993367887556752
2018-06-20,0.8993383830388311
2018-06-21,0.8993394678673611
2018-06-22,0.8993402058814868
2018-06-25,0.8993407078837921
2018-06-26,0.8993410493158155
2018-06-27,0.8993412815220673
2018-06-28,0.8993414394372653
2018-06-29,0.8993415468264643
2018-07-02,0.8993416198542616
2018-07-03,0.894396696437145
2018-07-04,0.8958289416413624
2018-07-05,0.8968573749283358
2018-07-06,0.8975800764265592
2018-07-09,0.8980818058100399
2018-07-10,0.8984275866861293
2018-07-11,0.8986647998261149
2018-07-12,0.898827052969992
2018-07-13,0.8989378190113515
2018-07-16,0.8990133391211785
2018-07-17,0.899064784445871
2018-07-18,0.8990998094929542
2018-07-19,0.8991236459968591
2018-07-20,0.8991398638026542
2018-07-23,0.8991508960552917
2018-07-24,0.8991583998989516
2018-07-25,0.8991635033940194
2018-07-26,0.8991669741765544
2018-07-27,0.8991693344952807
2018-07-30,0.8991709395975792
2018-07-31,0.8991720311062227
2018-08-01,0.8982911825594142
2018-08-02,0.8985626261639822
2018-08-03,0.8987461313517223
2018-08-06,0.8988703879038571
2018-08-07,0.8989546398769942
2018-08-08,0.8990118194554791
2018-08-09,0.899050649993357
2018-08-10,0.8990770309369542
2018-08-13,0.8990949589672715
2018-08-14,0.8991071449346373
2018-08-15,0.8991154290348624
2018-08-16,0.8991210611307626
2018-08-17,0.8991248904493487
2018-08-20,0.899127494150615
2018-08-21,0.8991292645578721
2018-08-22,0.8991304683835999
2018-08-23,0.8991312869610577
2018-08-24,0.8991318435823694
2018-08-27,0.8991322220794422
2018-08-28,0.8991324794548328
2018-08-29,0.8991326544688103
2018-08-30,0.899132773477667
2018-08-31,0.8991328544033543
2018-09-03,0.8976698560852571
2018-09-04,0.8979183995639478
2018-09-05,0.898224504824935
2018-09-06,0.8984984300350267
2018-09-07,0.8987158409871698
2018-09-10,0.8988783187775217
2018-09-11,0.8989956494724213
2018-09-12,0.8990786245019294
2018-09-13,0.89913653048991
2018-09-14,0.8991765947624946
2018-09-17,0.8992041574682954
2018-09-18,0.8992230478545142
2018-09-19,0.8992359617076978
2018-09-20,0.899244774772425
2018-09-21,0.8992507822939835
2018-09-24,0.8992548741776714
2018-09-25,0.8992576597881116
2018-09-26,0.8992595554497103
2018-09-27,0.8992608451679643
2018-09-28,0.899261722485067
2018-10-01,0.8992623192031791
2018-10-02,0.8951787069328924
2018-10-03,0.8963219930943145
2018-10-04,0.8971627298922057
2018-10-05,0.8977623020596396
2018-10-08,0.8981825037315221
2018-10-09,0.8984738974777451
2018-10-10,0.8986746239560139
2018-10-11,0.898812298919229
2018-10-12,0.8989064603856901
2018-10-15,0.8989707398968363
2018-10-16,0.8990145650667616
2018-10-17,0.8990444192839792
2018-10-18,0.8990647446628811
2018-10-19,0.8990785772377123
2018-10-22,0.8990879886141477
2018-10-23,0.8990943907625378
2018-10-24,0.899098745336692
2018-10-25,0.8991017069604735
2018-10-26,0.8991037211011004
2018-10-29,0.8991050908254505
2018-10-30,0.8991060222878688
2018-10-31,0.8991066557050887
2018-11-01,0.8988136942301075
2018-11-02,0.8988944850323798
2018-11-05,0.8989613570278361
2018-11-06,0.8990123728666244
2018-11-07,0.8990496248014632
2018-11-08,0.8990761398393387
2018-11-09,0.8990947172443854
2018-11-12,0.8991076028390547
2018-11-13,0.8991164819921038
2018-11-14,0.8991225738856136
2018-11-15,0.8991267413715027
2018-11-16,0.899129586819366
2018-11-19,0.8991315270670637
2018-11-20,0.8991328489055347
2018-11-21,0.8991337488974254
2018-11-22,0.899134361419571
2018-11-23,0.8991347781784343
2018-11-26,0.899135061687071
2018-11-27,0.8991352545249293
2018-11-28,0.8991353856786528
2018-11-29,0.8991354748742343
2018-11-30,0.8991355355323122
2018-12-03,0.8992915020687179
2018-12-04,0.8992402968450339
2018-12-05,0.8992115313193543
2018-12-06,0.8991948201604401
2018-12-07,0.899184779987951
2018-12-10,0.8991785664743304
2018-12-11,0.8991746256956377
2018-12-12,0.8991720776635603
2018-12-13,0.8991704059575953
2018-12-14,0.899169297402318
2018-12-17,0.8991685566326938
2018-12-18,0.8991680589447489
2018-12-19,0.8991677233084268
2018-12-20,0.899167496366784
2018-12-21,0.8991673426435732
2018-12-24,0.8991672383879551
2018-12-25,0.8991671676218692
2018-12-26,0.8991671195600184
2018-12-27,0.8991670869052966
2018-12-28,0.8991670647127361
2018-12-31,0.8991670496276514
2019-01-01,0.8998722773624374
2019-01-02,0.8996560721105419
2019-01-03,0.8995082040335669
2019-01-04,0.8994072765235466
2019-01-07,0.8993384706161751
2019-01-08,0.899291601351878
2019-01-09,0.8992596926169915
2019-01-10,0.8992379772589886
2019-01-11,0.8992232027598671
2019-01-14,0.8992131523774379
2019-01-15,0.899206316398082
2019-01-16,0.8992016671389137
2019-01-17,0.8991985052772158
2019-01-18,0.8991963550431933
2019-01-21,0.89919489280698
2019-01-22,0.8991938984511487
2019-01-23,0.8991932222732016
2019-01-24,0.8991927624650098
2019-01-25,0.8991924497922532
2019-01-28,0.8991922371733988
2019-01-29,0.8991920925920037
2019-01-30,0.8991919942764326
2019-01-31,0.8991919274217709
2019-02-01,0.8990299238773036
2019-02-04,0.8989907268996702
2019-02-05,0.8990272815406437
2019-02-06,0.8990823422061907
2019-02-07,0.8991340264695818
2019-02-08,0.8991758473108405
2019-02-11,0.8992074009638248
2019-02-12,0.8992303071877782
2019-02-13,0.8992465566757725
2019-02-14,0.8992579185541958
2019-02-15,0.8992657892913807
2019-02-18,0.8992712083722884
2019-02-19,0.8992749243457713
2019-02-20,0.8992774655493381
2019-02-21,0.8992792002013883
2019-02-22,0.8992803828325375
2019-02-25,0.899281188440172
2019-02-26,0.8992817369091013
2019-02-27,0.8992821101710485
2019-02-28,0.8992823641292117
2019-03-01,0.8993985073228566
2019-03-04,0.8993582882981586
2019-03-05,0.8993361014602245
2019-03-06,0.8993234413966088
2019-03-07,0.89931595880838
2019-03-08,0.899311392701541
2019-03-11,0.8993085295491186
2019-03-12,0.8993066945413349
2019-03-13,0.8993054985355731
2019-03-14,0.8993047092166333
2019-03-15,0.8993041835653224
2019-03-18,0.8993038312497837
2019-03-19,0.8993035940465944
2019-03-20,0.8993034338451404
2019-03-21,0.8993033254153572
2019-03-22,0.8993032519176807
2019-03-25,0.8993032020477534
2019-03-26,0.8993031681863861
2019-03-27,0.8993031451838716
2019-03-28,0.8993031295529033
2019-03-29,0.8993031189288164
2019-04-01,0.8993031117067396
2019-04-02,0.8657990567157074
2019-04-03,0.8682350945455788
2019-04-04,0.8733426524386829
2019-04-05,0.8790143440918248
2019-04-08,0.8841609963590673
2019-04-09,0.8883702660662018
2019-04-10,0.8916041061483944
2019-04-11,0.8939906792559787
2019-04-12,0.8957057607471861
2019-04-15,0.8969165046676693
2019-04-16,0.8977609925498806
2019-04-17,0.8983452372651473
2019-04-18,0.8987472081512431
2019-04-19,0.899022734749764
2019-04-22,0.8992111102304591
2019-04-23,0.8993396779978307
2019-04-24,0.899427323146453
2019-04-25,0.8994870233223419
2019-04-26,0.8995276664104453
2019-04-29,0.899555325436679
2019-04-30,0.8995741436188534
2019-05-01,0.8991009161136657
2019-05-02,0.8992580689846231
2019-05-03,0.8993680767136322
2019-05-06,0.8994443220798807
2019-05-07,0.8994968301731767
2019-05-08,0.8995328399721484
2019-05-09,0.8995574668778178
2019-05-10,0.8995742778723279
2019-05-13,0.8995857392156265
2019-05-14,0.8995935467221379
2019-05-15,0.8995988621977321
2019-05-16,0.8996024796641834
2019-05-17,0.8996049409007134
2019-05-20,0.8996066151692389
2019-05-21,0.8996077539615327
2019-05-22,0.899608528473893
2019-05-23,0.8996090552038389
2019-05-24,0.8996094134084993
2019-05-27,0.8996096570006455
2019-05-28,0.8996098226492318
2019-05-29,0.8996099352929623
2019-05-30,0.8996100118919096
2019-05-31,0.8996100639797306
2019-06-03,0.8996131234421607
2019-06-04,0.8996117966598207
2019-06-05,0.8996111743560625
2019-06-06,0.8996108850748843
2019-06-07,0.8996107502818204
2019-06-10,0.8996106872562933
2019-06-11,0.8996106576400611
2019-06-12,0.8996106436239913
2019-06-13,0.8996106369244075
2019-06-14,0.8996106336779292
2019-06-17,0.8996106320757232
2019-06-18,0.8996106312661619
2019-06-19,0.8996106308451044
2019-06-20,0.8996106306186407
2019-06-21,0.8996106304923226
2019-06-24,0.8996106304192238
2019-06-25,0.8996106303754348
2019-06-26,0.8996106303483943
2019-06-27,0.8996106303312723
2019-06-28,0.8996106303202143
2019-07-01,0.8996106303129654
2019-07-02,0.8992827710586746
2019-07-03,0.8993487019956692
2019-07-04,0.8994141053034063
2019-07-05,0.8994680991991006
2019-07-08,0.8995092266848597
2019-07-09,0.8995392364806052
2019-07-10,0.8995605888853795
2019-07-11,0.8995755461514081
2019-07-12,0.8995859195513802
2019-07-15,0.8995930671098448
2019-07-16,0.8995979707598096
2019-07-17,0.8996013252701541
2019-07-18,0.8996036155982964
2019-07-19,0.8996051773033921
2019-07-22,0.899606241242461
2019-07-23,0.8996069656361071
2019-07-24,0.8996074586467104
2019-07-25,0.8996077940893357
2019-07-26,0.8996080222805811
2019-07-29,0.8996081774922958
2019-07-30,0.8996082830554831
2019-07-31,0.8996083548473063
2019-08-01,0.8990407600601079
2019-08-02,0.8991746425446896
2019-08-05,0.8992904664721131
2019-08-06,0.8993806578511305
2019-08-07,0.899447273589344
2019-08-08,0.8994950164411432
2019-08-09,0.8995286118048254
2019-08-12,0.8995519792839658
2019-08-13,0.8995681108370706
2019-08-14,0.8995791920383981
2019-08-15,0.899586778923941
2019-08-16,0.8995919618957054
2019-08-19,0.8995954973615812
2019-08-20,0.8995979065845803
2019-08-21,0.89959954721661
2019-08-22,0.899600663937343
2019-08-23,0.8996014238115626
2019-08-26,0.89960194075891
2019-08-27,0.8996022923906337
2019-08-28,0.8996025315498213
2019-08-29,0.8996026942009391
2019-08-30,0.8996028048142259
2019-09-02,0.8996028800360951
2019-09-03,0.8996136610841898
2019-09-04,0.8996086166016508
2019-09-05,0.8996063308407892
2019-09-06,0.8996053159102252
2019-09-09,0.899604875315427
2019-09-10,0.8996046911521652
2019-09-11,0.8996046193155115
2019-09-12,0.8996045951606413
2019-09-13,0.8996045901552638
2019-09-16,0.8996045920326197
2019-09-17,0.8996045957512941
2019-09-18,0.8996045994092463
2019-09-19,0.8996046024188317
2019-09-20,0.8996046047068073
2019-09-23,0.899604606374281
2019-09-24,0.8996046075597895
2019-09-25,0.8996046083898076
2019-09-26,0.899604608965258
2019-09-27,0.8996046093616681
2019-09-30,0.8996046096335865
2019-10-01,0.8973399664578321
2019-10-02,0.8979442598687687
2019-10-03,0.8984168109087703
2019-10-04,0.8987660906417584
2019-10-07,0.8990163698433431
2019-10-08,0.8991924174265165
2019-10-09,0.8993148239948616
2019-10-10,0.8993993017784027
2019-10-11,0.8994573192444072
2019-10-14,0.8994970354282964
2019-10-15,0.8995241645011587
2019-10-16,0.8995426686640808
2019-10-17,0.8995552775522049
2019-10-18,0.8995638636370376
2019-10-21,0.8995697077385335
2019-10-22,0.8995736842980836
2019-10-23,0.899576389545867
2019-10-24,0.8995782296625099
2019-10-25,0.8995794811947263
2019-10-28,0.8995803323531957
2019-10-29,0.8995809111945965
2019-10-30,0.8995813048313792
2019-10-31,0.8995815725156628
2019-11-01,0.8990791555876911
2019-11-04,0.8992269366909273
2019-11-05,0.8993329389021598
2019-11-06,0.899407519991926
2019-11-07,0.8994593838996044
2019-11-08,0.8994951803434511
2019-11-11,0.8995197658338806
2019-11-12,0.8995365965289741
2019-11-13,0.8995480933777907
2019-11-14,0.8995559352441668
2019-11-15,0.8995612788061429
2019-11-18,0.8995649175539188
2019-11-19,0.8995673942707468
2019-11-20,0.8995690795323595
2019-11-21,0.8995702260156292
2019-11-22,0.8995710058575724
2019-11-25,0.899571536257741
2019-11-26,0.8995718969794703
2019-11-27,0.8995721422930798
2019-11-28,0.8995723091168186
2019-11-29,0.899572422561759
2019-12-02,0.899572499706503
2019-12-03,0.8993478251673305
2019-12-04,0.8994084904392987
2019-12-05,0.8994548521465169
2019-12-06,0.8994887170093657
2019-12-09,0.8995128247965346
2019-12-10,0.8995297167644795
2019-12-11,0.8995414337076195
2019-12-12,0.8995495077094527
2019-12-13,0.8995550472474992
2019-12-16,0.8995588368840858
2019-12-17,0.8995614243540281
2019-12-18,0.8995631886953543
2019-12-19,0.8995643906948322
2019-12-20,0.8995652090932473
2019-12-23,0.8995657660842339
2019-12-24,0.8995661450599133
2019-12-25,0.8995664028658242
2019-12-26,0.8995665782211382
2019-12-27,0.8995666974845677
2019-12-30,0.8995667785937522
2019-12-31,0.8995668337526208
2020-01-01,0.90060667420202
2020-01-02,0.9002745375806184
2020-01-03,0.9000505541006596
2020-01-06,0.8998991651862606
2020-01-07,0.8997966590148978
2020-01-08,0.8997271616504992
2020-01-09,0.8996800004202349
2020-01-10,0.8996479760581233
2020-01-13,0.8996262205685768
2020-01-14,0.899611436629783
2020-01-15,0.8996013880977697
2020-01-16,0.8995945572053885
2020-01-17,0.8995899131772969
2020-01-20,0.8995867556925579
2020-01-21,0.8995846088141064
2020-01-22,0.8995831490350878
2020-01-23,0.899582156431272
2020-01-24,0.8995814814822103
2020-01-27,0.8995810225270083
2020-01-28,0.8995807104423067
2020-01-29,0.8995804982270392
2020-01-30,0.899580353921798
2020-01-31,0.8995802557948049
2020-02-03,0.8997360416524688
2020-02-04,0.8996265746791722
2020-02-05,0.8995871572561895
2020-02-06,0.8995770028592364
2020-02-07,0.899577914999262
2020-02-10,0.8995821879374027
2020-02-11,0.8995867946724183
2020-02-12,0.8995907177108091
2020-02-13,0.8995937521035418
2020-02-14,0.8995959854491893
2020-02-17,0.8995975828337847
2020-02-18,0.8995987054883277
2020-02-19,0.8995994857517146
2020-02-20,0.8996000241296296
2020-02-21,0.8996003938338021
2020-02-24,0.8996006469008627
2020-02-25,0.8996008197578903
2020-02-26,0.8996009376573604
2020-02-27,0.8996010179939096
2020-02-28,0.8996010726989969
2020-03-02,0.8996011099336915
2020-03-03,0.8996011352695654
2020-03-04,0.8996011525054809
2020-03-05,0.899601164229376
2020-03-06,0.899601172203227
2020-03-09,0.8996011776261842
2020-03-10,0.8996011813141349
2020-03-11,0.8996011838220976
2020-03-12,0.8996011855275835
2020-03-13,0.8996011866873463
2020-03-16,0.8996011874759999
2020-03-17,0.899601188012291
2020-03-18,0.8996011883769718
2020-03-19,0.8996011886249557
2020-03-20,0.8996011887935853
2020-03-23,0.8996011889082539
2020-03-24,0.8996011889862282
2020-03-25,0.8996011890392509
2020-03-26,0.8996011890753065
2020-03-27,0.8996011890998241
2020-03-30,0.8996011891164958
2020-03-31,0.8996011891278328
2020-04-01,0.8988984818036463
2020-04-02,0.8987797708663978
2020-04-03,0.8988816040697049
2020-04-06,0.899041743613516
2020-04-07,0.8991947841789387
2020-04-08,0.8993199689547151
2020-04-09,0.8994150893933737
2020-04-10,0.8994844672074165
2020-04-13,0.8995338393000554
2020-04-14,0.8995684349381632
2020-04-15,0.8995924352218625
2020-04-16,0.8996089759227655
2020-04-17,0.8996203257969985
2020-04-20,0.8996280910397624
2020-04-21,0.899633393310872
2020-04-22,0.8996370089904524
2020-04-23,0.8996394723403571
2020-04-24,0.8996411495859229
2020-04-27,0.8996422911149478
2020-04-28,0.8996430678177578
2020-04-29,0.8996435961895836
2020-04-30,0.8996439555811878
2020-05-01,0.8988780523366291
2020-05-04,0.8990956387112296
2020-05-05,0.89925723798142
2020-05-06,0.8993733319738251
2020-05-07,0.8994551250310043
2020-05-08,0.8995120553058378
2020-05-11,0.8995513720781836
2020-05-12,0.8995783862209906
2020-05-13,0.8995968845221166
2020-05-14,0.899609522803251
2020-05-15,0.899618144294654
2020-05-18,0.8996240195977413
2020-05-19,0.8996280206675216
2020-05-20,0.8996307441045329
2020-05-21,0.8996325972935932
2020-05-22,0.8996338580404137
2020-05-25,0.8996347156152418
2020-05-26,0.8996352988893175
2020-05-27,0.8996356955724771
2020-05-28,0.8996359653431645
2020-05-29,0.8996361487992381
2020-06-01,0.8996362735548645
2020-06-02,0.8996370355905662
2020-06-03,0.8996333245420584
2020-06-04,0.8996330009125342
2020-06-05,0.8996338129414084
2020-06-08,0.8996348427452818
2020-06-09,0.8996357639858648
2020-06-10,0.8996364926456649
2020-06-11,0.8996370354108674
2020-06-12,0.8996374263554655
2020-06-15,0.8996377023088783
2020-06-16,0.899637894632845
2020-06-17,0.899638027575214
2020-06-18,0.8996381189757608
2020-06-19,0.8996381815903933
2020-06-22,0.899638224382077
2020-06-23,0.89963825357924
2020-06-24,0.8996382734789956
2020-06-25,0.8996382870319485
2020-06-26,0.8996382962577179
2020-06-29,0.8996383025357517
2020-06-30,0.8996383068068986
2020-07-01,0.9001530216605443
2020-07-02,0.89997939970678
2020-07-03,0.8998675546357237
2020-07-06,0.8997944693898853
2020-07-07,0.8997461604918486
2020-07-08,0.8997139578490904
2020-07-09,0.8996923610356755
2020-07-10,0.8996778148935809
2020-07-13,0.8996679882752406
2020-07-14,0.8996613361725933
2020-07-15,0.8996568266317146
2020-07-16,0.8996537665725128
2020-07-17,0.8996516887073266
2020-07-20,0.899650277135787
2020-07-21,0.8996493179043435
2020-07-22,0.89964866592194
2020-07-23,0.8996482227105136
2020-07-24,0.8996479213900483
2020-07-27,0.8996477165214959
2020-07-28,0.8996475772245196
2020-07-29,0.8996474825089246
2020-07-30,0.8996474181052841
2020-07-31,0.8996473743121984
2020-08-03,0.8997963518680542
2020-08-04,0.8997420817431171
2020-08-05,0.8997088675881693
2020-08-06,0.8996879913670948
2020-08-07,0.8996745890444914
2020-08-10,0.8996658433597727
2020-08-11,0.8996600667183102
2020-08-12,0.8996562175047161
2020-08-13,0.8996536365556246
2020-08-14,0.899651898405646
2020-08-17,0.8996507242796149
2020-08-18,0.8996499294893016
2020-08-19,0.8996493907041748
2020-08-20,0.8996490251038062
2020-08-21,0.8996487768533681
2020-08-24,0.8996486082086054
2020-08-25,0.8996484936067634
2020-08-26,0.899648415712964
2020-08-27,0.8996483627615978
2020-08-28,0.899648326762276
2020-08-31,0.8996483022862656
2020-09-01,0.8996446887523296
2020-09-02,0.8996424070783042
2020-09-03,0.8996429304034689
2020-09-04,0.8996442597125771
2020-09-07,0.8996456140763145
2020-09-08,0.899646743422007
2020-09-09,0.8996476077619064
2020-09-10,0.8996482400908692
2020-09-11,0.899648690690212
2020-09-14,0.8996490066312538
2020-09-15,0.8996492258796459
2020-09-16,0.8996493770070589
2020-09-17,0.8996494807162869
2020-09-18,0.8996495516743914
2020-09-21,0.8996496001274106
2020-09-22,0.8996496331686271
2020-09-23,0.8996496556797233
2020-09-24,0.8996496710071774
2020-09-25,0.8996496814390471
2020-09-28,0.8996496885369699
2020-09-29,0.8996496933655213
2020-09-30,0.8996496966498425
2020-10-01,0.8985800750349848
2020-10-02,0.8988916105796497
2020-10-05,0.8991182851299611
2020-10-06,0.8992791219679884
2020-10-07,0.8993915520023082
2020-10-08,0.8994694085831522
2020-10-09,0.8995229968281816
2020-10-12,0.8995597343329715
2020-10-13,0.8995848530471319
2020-10-14,0.8996019971045223
2020-10-15,0.8996136843093998
2020-10-16,0.8996216451179261
2020-10-19,0.89962706470867
2020-10-20,0.8996307529135168
2020-10-21,0.8996332622245412
2020-10-22,0.8996349691709729
2020-10-23,0.8996361301783476
2020-10-26,0.8996369197942345
2020-10-27,0.8996374567933128
2020-10-28,0.8996378219803954
2020-10-29,0.8996380703203146
2020-10-30,0.8996382391972593
2020-11-02,0.8996383540362127
2020-11-03,0.8993406531292268
2020-11-04,0.8994352470333876
2020-11-05,0.8994994057330242
2020-11-06,0.8995429479934415
2020-11-09,0.899572517208336
2020-11-10,0.8995926060216637
2020-11-11,0.8996062579783929
2020-11-12,0.8996155374069957
2020-11-13,0.8996218456123639
2020-11-16,0.8996261343552996
2020-11-17,0.899629050312411
2020-11-18,0.8996310329829547
2020-11-19,0.8996323811149731
2020-11-20,0.8996332978055265
2020-11-23,0.899633921136694
2020-11-24,0.8996343449931896
2020-11-25,0.8996346332114578
2020-11-26,0.8996348291978754
2020-11-27,0.899634962467654
2020-11-30,0.8996350530906077
2020-12-01,0.8993437757516931
2020-12-02,0.8994191433915671
2020-12-03,0.8994793407304394
2020-12-04,0.8995243825881317
2020-12-07,0.899556907768612
2020-12-08,0.8995799011088781
2020-12-09,0.8995959414839253
2020-12-10,0.899607036082903
2020-12-11,0.8996146669175804
2020-12-14,0.8996198958761179
2020-12-15,0.8996234700557194
2020-12-16,0.8996259090447534
2020-12-17,0.899627571508404
2020-12-18,0.8996287038100999
2020-12-21,0.8996294746194212
2020-12-22,0.8996299991598634
2020-12-23,0.8996303560275882
2020-12-24,0.8996305987808687
2020-12-25,0.8996307638915105
2020-12-28,0.8996308761844589
2020-12-29,0.8996309525518205
2020-12-30,0.8996310044853744
2020-12-31,0.8996310398019091
2021-01-01,0.899659762832415
2021-01-04,0.8995983853437299
2021-01-05,0.8995845818935636
2021-01-06,0.8995883004512384
2021-01-07,0.8995969538292979
2021-01-08,0.8996056910493231
2021-01-11,0.899612958181902
2021-01-12,0.8996185149937107
2021-01-13,0.8996225787397061
2021-01-14,0.8996254741321907
2021-01-15,0.8996275041219618
2021-01-18,0.8996289127983872
2021-01-19,0.8996298837826909
2021-01-20,0.8996305501039671
2021-01-21,0.8996310060012966
2021-01-22,0.8996313173057374
2021-01-25,0.8996315295911901
2021-01-26,0.8996316742219687
2021-01-27,0.8996317726987935
2021-01-28,0.8996318397221453
2021-01-29,0.8996318853253378
2021-02-01,0.8996319163481252
2021-02-02,0.9000253739510832
2021-02-03,0.8998955058712116
2021-02-04,0.8998105618616719
2021-02-05,0.8997544073594224
2021-02-08,0.8997169717459741
2021-02-09,0.8996918640363705
2021-02-10,0.8996749525683061
2021-02-11,0.8996635277743076
2021-02-12,0.899655793661136
2021-02-15,0.8996505505526945
2021-02-16,0.8996469926859206
2021-02-17,0.8996445767829614
2021-02-18,0.899642935563907
2021-02-19,0.8996418202731362
2021-02-22,0.8996410622171421
2021-02-23,0.8996405468973268
2021-02-24,0.8996401965531923
2021-02-25,0.899639958353199
2021-02-26,0.8996397963930064
2021-03-01,0.8996396862674307
2021-03-02,0.8995290399897011
2021-03-03,0.8995596239984901
2021-03-04,0.8995825768533836
2021-03-05,0.8995991683516565
2021-03-08,0.8996109049137224
2021-03-09,0.8996190957211524
2021-03-10,0.8996247625026695
2021-03-11,0.899628660766455
2021-03-12,0.8996313323200473
2021-03-15,0.8996331585618176
2021-03-16,0.8996344048374922
2021-03-17,0.8996352543534574
2021-03-18,0.8996358329712433
2021-03-19,0.8996362268690101
2021-03-22,0.8996364949217482
2021-03-23,0.8996366772910519
2021-03-24,0.8996368013453305
2021-03-25,0.8996368857221564
2021-03-26,0.8996369431075818
2021-03-29,0.8996369821339004
2021-03-30,0.8996370086737411
2021-03-31,0.8996370267217237
2021-04-01,0.892723738912943
2021-04-02,0.8947393706344788
2021-04-05,0.8962093207325103
2021-04-06,0.8972509111510394
2021-04-07,0.8979775175682908
2021-04-08,0.8984797538686117
2021-04-09,0.8988249403912856
2021-04-12,0.8990613316117092
2021-04-13,0.8992228377231096
2021-04-14,0.8993330103514171
2021-04-15,0.8994080879216894
2021-04-16,0.8994592144285005
2021-04-19,0.899494014453998
2021-04-20,0.8995176941546683
2021-04-21,0.8995338035871302
2021-04-22,0.8995447613395187
2021-04-23,0.8995522141506198
2021-04-26,0.8995572827715145
2021-04-27,0.8995607297601195
2021-04-28,0.8995630738622371
2021-04-29,0.8995646679202651
2021-04-30,0.8995657519109588
2021-05-03,0.899347649818177
2021-05-04,0.8994148457011146
2021-05-05,0.8994614415986995
2021-05-06,0.8994935293628221
2021-05-07,0.8995155345555466
2021-05-10,0.8995305836681114
2021-05-11,0.899540856572413
2021-05-12,0.8995478603935957
2021-05-13,0.8995526314209783
2021-05-14,0.8995558796138413
2021-05-17,0.8995580901841181
2021-05-18,0.8995595942029736
2021-05-19,0.899560617319571
2021-05-20,0.8995613132159899
2021-05-21,0.8995617865072464
2021-05-24,0.8995621083829315
2021-05-25,0.8995623272757006
2021-05-26,0.899562476130719
2021-05-27,0.8995625773557562
2021-05-28,0.8995626461904274
2021-05-31,0.899562692998744
2021-06-01,0.8994542415668554
2021-06-02,0.8994854134136968
2021-06-03,0.8995078740615412
2021-06-04,0.8995237203920167
2021-06-07,0.899534760555766
2021-06-08,0.8995423901382029
2021-06-09,0.8995476347574741
2021-06-10,0.899551227213816
2021-06-11,0.899553682155495
2021-06-14,0.899555357095876
2021-06-15,0.899556498634718
2021-06-16,0.8995572760733914
2021-06-17,0.8995578052827247
2021-06-18,0.8995581653997008
2021-06-21,0.899558410396874
2021-06-22,0.8995585770492688
2021-06-23,0.8995586903979632
2021-06-24,0.899558767486632
2021-06-25,0.8995588199122473
2021-06-28,0.8995588555641102
2021-06-29,0.8995588798084969
2021-06-30,0.8995588962951901
2021-07-01,0.8950784097132659
2021-07-02,0.89641069964486
2021-07-05,0.8973596940536291
2021-07-06,0.8980233022738764
2021-07-07,0.8984825702231856
2021-07-08,0.8987984447698281
2021-07-09,0.8990148505368087
2021-07-12,0.8991627388225544
2021-07-13,0.8992636375712838
2021-07-14,0.8993324022514017
2021-07-15,0.8993792328276596
2021-07-16,0.8994111101295642
2021-07-19,0.8994328016807955
2021-07-20,0.8994475588469638
2021-07-21,0.8994575969076711
2021-07-22,0.8994644242587907
2021-07-23,0.8994690675347984
2021-07-26,0.8994722252741373
2021-07-27,0.899474372680015
2021-07-28,0.8994758329815398
2021-07-29,0.8994768260164356
2021-07-30,0.8994775012936734
2021-08-02,0.8994779604882389
2021-08-03,0.8983669450953569
2021-08-04,0.8987186282142328
2021-08-05,0.8989555477187035
2021-08-06,0.8991155968393735
2021-08-09,0.899223945897614
2021-08-10,0.8992974005319592
2021-08-11,0.8993472470693449
2021-08-12,0.8993810953752321
2021-08-13,0.899404090362231
2021-08-16,0.8994197168502075
2021-08-17,0.8994303381894877
2021-08-18,0.899437558537646
2021-08-19,0.8994424673726501
2021-08-20,0.8994458049158975
2021-08-23,0.8994480742295345
2021-08-24,0.8994496172623682
2021-08-25,0.8994506664777935
2021-08-26,0.8994513799222826
2021-08-27,0.8994518650541493
2021-08-30,0.8994521949388712
2021-08-31,0.899452419258096
2021-09-01,0.8991383566795961
2021-09-02,0.899170057717084
2021-09-03,0.8992339507710869
2021-09-06,0.8992973433854371
2021-09-07,0.8993497644894299
2021-09-08,0.8993897471041236
2021-09-09,0.8994189497594985
2021-09-10,0.8994397420380562
2021-09-13,0.8994543138272827
2021-09-14,0.899464423175825
2021-09-15,0.8994713903498424
2021-09-16,0.8994761709742737
2021-09-17,0.8994794416650286
2021-09-20,0.8994816749227803
2021-09-21,0.8994831977868434
2021-09-22,0.899484235298876
2021-09-23,0.8994849417152063
2021-09-24,0.8994854224980545
2021-09-27,0.8994857496243452
2021-09-28,0.8994859721598113
2021-09-29,0.8994861235252885
2021-09-30,0.8994862264728928
2021-10-01,0.8958427694652041
2021-10-04,0.8968685124030682
2021-10-05,0.897629781030081
2021-10-06,0.898175638760208
2021-10-07,0.8985594942110751
2021-10-08,0.8988262644642762
2021-10-11,0.8990102921795887
2021-10-12,0.8991366337214228
2021-10-13,0.8992230987716289
2021-10-14,0.8992821495689302
2021-10-15,0.8993224214820621
2021-10-18,0.8993498605424841
2021-10-19,0.8993685441070536
2021-10-20,0.8993812604770249
2021-10-21,0.8993899129405659
2021-10-22,0.8993957990776945
2021-10-25,0.8993998027872603
2021-10-26,0.8994025258339011
2021-10-27,0.8994043777471311
2021-10-28,0.8994056371592394
2021-10-29,0.8994064936104708
2021-11-01,0.8994070760206321
2021-11-02,0.8989687613951405
2021-11-03,0.8991061990492363
2021-11-04,0.8992003274435652
2021-11-05,0.8992646351574896
2021-11-08,0.8993085020896788
2021-11-09,0.899338394881691
2021-11-10,0.8993587511136905
2021-11-11,0.8993726067798324
2021-11-12,0.8993820348263845
2021-11-15,0.8993884487554934
2021-11-16,0.8993928115455109
2021-11-17,0.8993957788506032
2021-11-18,0.899397796898148
2021-11-19,0.8993991692993488
2021-11-22,0.8994001025913327
2021-11-23,0.8994007372569577
2021-11-24,0.8994011688419115
2021-11-25,0.8994014623252513
2021-11-26,0.8994016618964108
2021-11-29,0.8994017976058898
2021-11-30,0.8994018898887994
2021-12-01,0.8993260576704538
2021-12-02,0.8993480122480096
2021-12-03,0.8993634145580064
2021-12-06,0.8993740996942904
2021-12-07,0.8993814633139041
2021-12-08,0.899386515731556
2021-12-09,0.8993899722447514
2021-12-10,0.8993923323195842
2021-12-13,0.8993939416290545
2021-12-14,0.8993950380203595
2021-12-15,0.8993957845189661
2021-12-16,0.8993962925782092
2021-12-17,0.8993966382618768
2021-12-20,0.8993968734207076
2021-12-21,0.8993970333720775
2021-12-22,0.8993971421590129
2021-12-23,0.8993972161433461
2021-12-24,0.8993972664569324
2021-12-27,0.8993973006721165
2021-12-28,0.8993973239393311
2021-12-29,0.8993973397614411
2021-12-30,0.899397350520658
2021-12-31,0.8993973578370066
2022-01-03,0.896107946807778
2022-01-04,0.8970361560178586
2022-01-05,0.8977190006859915
2022-01-06,0.8982061958899508
2022-01-07,0.8985477721940187
2022-01-10,0.8987847116094994
2022-01-11,0.8989479616723026
2022-01-12,0.8990599488115394
2022-01-13,0.899136549241691
2022-01-14,0.8991888443974533
2022-01-17,0.8992245004868165
2022-01-18,0.8992487906423857
2022-01-19,0.8992653282682707
2022-01-20,0.8992765832370498
2022-01-21,0.8992842409487485
2022-01-24,0.8992894501931752
2022-01-25,0.8992929934025965
2022-01-26,0.8992954032107571
2022-01-27,0.8992970420764287
2022-01-28,0.8992981565952738
2022-01-31,0.8992989145094556
2022-02-01,0.898878359990197
2022-02-02,0.8989820778036751
2022-02-03,0.8990741253985054
2022-02-04,0.8991467244968911
2022-02-07,0.8992007225271638
2022-02-08,0.8992395836060318
2022-02-09,0.8992670001902853
2022-02-10,0.8992861018540519
2022-02-11,0.8992993029802091
2022-02-14,0.8993083777819424
2022-02-15,0.8993145939804635
2022-02-16,0.8993188419570503
2022-02-17,0.8993217402729008
2022-02-18,0.8993237156084083
2022-02-21,0.8993250609078868
2022-02-22,0.8993259766689237
2022-02-23,0.8993265998288552
2022-02-24,0.8993270237820007
2022-02-25,0.8993273121645234
2022-02-28,0.8993275083081957
2022-03-01,0.8991811056068969
2022-03-02,0.8991778298930985
2022-03-03,0.8992099586096071
2022-03-04,0.899247998694601
2022-03-07,0.8992814265484075
2022-03-08,0.8993076769864998
2022-03-09,0.8993271621818236
2022-03-10,0.8993411704623905
2022-03-11,0.8993510475008896
2022-03-14,0.8993579266123155
2022-03-15,0.8993626797249163
2022-03-16,0.8993659466900676
2022-03-17,0.899368184346756
2022-03-18,0.8993697134090137
2022-03-21,0.899370756619134
2022-03-22,0.899371467596185
2022-03-23,0.8993719517975804
2022-03-24,0.8993722813951952
2022-03-25,0.8993725056790051
2022-03-28,0.8993726582647269
2022-03-29,0.8993727620566035
2022-03-30,0.899372832650579
2022-03-31,0.8993728806616279
2022-04-01,0.8987527345709324
2022-04-04,0.8988794100629042
2022-04-05,0.899009985947569
2022-04-06,0.8991195751047003
2022-04-07,0.8992037680309781
2022-04-08,0.8992655096896847
2022-04-11,0.8993095761789768
2022-04-12,0.899340506014786
2022-04-13,0.8993619849207886
2022-04-14,0.8993767972713965
2022-04-15,0.8993869652992161
2022-04-18,0.8993939237924534
2022-04-19,0.8993986760254692
2022-04-20,0.899401917003895
2022-04-21,0.8994041252431071
2022-04-22,0.8994056288677666
2022-04-25,0.8994066522671095
2022-04-26,0.8994073486105194
2022-04-27,0.8994078223235252
2022-04-28,0.8994081445404717
2022-04-29,0.8994083636904872
2022-05-02,0.8994085127320807
2022-05-03,0.8983312123295676
2022-05-04,0.8986684504474506
2022-05-05,0.8988985305652268
2022-05-06,0.8990552936539435
2022-05-09,0.899162029197217
2022-05-10,0.8992346706627378
2022-05-11,0.8992840946043988
2022-05-12,0.8993177155194875
2022-05-13,0.8993405835177757
2022-05-16,0.8993561364029877
2022-05-17,0.8993667135784353
2022-05-18,0.8993739066139623
2022-05-19,0.8993787981326195
2022-05-20,0.8993821244813514
2022-05-23,0.899384386451098
2022-05-24,0.8993859246141587
2022-05-25,0.8993869705755017
2022-05-26,0.8993876818337372
2022-05-27,0.8993881654912157
2022-05-30,0.8993884943790244
2022-05-31,0.8993887180229704
2022-06-01,0.8988544832576226
2022-06-02,0.8989413513394122
2022-06-03,0.8990517042543118
2022-06-06,0.8991508795024727
2022-06-07,0.8992295854474632
2022-06-08,0.8992883496747306
2022-06-09,0.8993307452733449
2022-06-10,0.8993607041495286
2022-06-13,0.8993815997403874
2022-06-14,0.8993960511792938
2022-06-15,0.8994059903671651
2022-06-16,0.8994128009324438
2022-06-17,0.8994174561324108
2022-06-20,0.899420632775231
2022-06-21,0.8994227980282754
2022-06-22,0.8994242727748846
2022-06-23,0.8994252767002282
2022-06-24,0.8994259598767463
2022-06-27,0.8994264246711524
2022-06-28,0.8994267408395867
2022-06-29,0.8994269558840775
2022-06-30,0.8994271021373664
2022-07-01,0.8989215484248355
2022-07-04,0.8990756960867576
2022-07-05,0.8991840293134108
2022-07-06,0.8992593051544351
2022-07-07,0.8993112314676576
2022-07-08,0.8993468812693831
2022-07-11,0.8993712797753581
2022-07-12,0.8993879430191075
2022-07-13,0.899399307381357
2022-07-14,0.8994070505521795
2022-07-15,0.8994123230239766
2022-07-18,0.8994159115918899
2022-07-19,0.8994183533364432
2022-07-20,0.8994200144239439
2022-07-21,0.8994211442871335
2022-07-22,0.8994219127434218
2022-07-25,0.8994224353625081
2022-07-26,0.8994227907751464
2022-07-27,0.8994230324702732
2022-07-28,0.8994231968296066
2022-07-29,0.8994233085969777
2022-08-01,0.8994233846001555
2022-08-02,0.8984612325852687
2022-08-03,0.8986766782721404
2022-08-04,0.8988767405917416
2022-08-05,0.8990377624020822
2022-08-08,0.8991588514544697
2022-08-09,0.8992465676360389
2022-08-10,0.8993087050161828
2022-08-11,0.8993521114810801
2022-08-12,0.8993821615158342
2022-08-15,0.8994028424380818
2022-08-16,0.8994170196732688
2022-08-17,0.8994267130139574
2022-08-18,0.8994333289118068
2022-08-19,0.8994378390165154
2022-08-22,0.8994409111092532
2022-08-23,0.8994430025459751
2022-08-24,0.8994444258384401
2022-08-25,0.8994453941927071
2022-08-26,0.8994460529116393
2022-08-29,0.8994465009503828
2022-08-30,0.8994468056673981
2022-08-31,0.8994470128983068
2022-09-01,0.8949058826583911
2022-09-02,0.8958852962376297
2022-09-05,0.8968086205139744
2022-09-06,0.8975584944351068
2022-09-07,0.8981257910852449
2022-09-08,0.898538409763592
2022-09-09,0.8988315152580588
2022-09-12,0.8990366527726378
2022-09-13,0.8991788510914466
2022-09-14,0.8992768001228855
2022-09-15,0.8993439864794286
2022-09-16,0.8993899421953135
2022-09-19,0.8994213165619479
2022-09-20,0.8994427087162755
2022-09-21,0.8994572820130967
2022-09-22,0.8994672041685914
2022-09-23,0.8994739569262662
2022-09-26,0.899478551431751
2022-09-27,0.8994816769104437
2022-09-28,0.8994838027968497
2022-09-29,0.8994852486583376
2022-09-30,0.8994862319633564
2022-10-03,0.891233139222214
2022-10-04,0.8929578317796438
2022-10-05,0.894613737348096
2022-10-06,0.8959728766895784
2022-10-07,0.8970081882915991
2022-10-10,0.8977646939463646
2022-10-11,0.898303762990316
2022-10-12,0.8986818470581069
2022-10-13,0.8989443087151991
2022-10-14,0.8991252755970883
2022-10-17,0.8992494897362083
2022-10-18,0.899334491410511
2022-10-19,0.8993925407947521
2022-10-20,0.8994321292726473
2022-10-21,0.8994591025933406
2022-10-24,0.8994774690349158
2022-10-25,0.8994899695809802
2022-10-26,0.8994984752053184
2022-10-27,0.8995042614566952
2022-10-28,0.8995081972281813
2022-10-31,0.8995108740697926
2022-11-01,0.8874776028146012
2022-11-02,0.8904685263337344
2022-11-03,0.8929586720564802
2022-11-04,0.8948610205370876
2022-11-07,0.8962508220018496
2022-11-08,0.8972402791391593
2022-11-09,0.8979336184888914
2022-11-10,0.8984145687708122
2022-11-11,0.898745997569024
2022-11-14,0.8989733954892396
2022-11-15,0.8991289629811393
2022-11-16,0.8992351820573509
2022-11-17,0.899307611302269
2022-11-18,0.8993569557740294
2022-11-21,0.899390552811644
2022-11-22,0.8994134185764553
2022-11-23,0.8994289764356034
2022-11-24,0.8994395600010715
2022-11-25,0.8994467587743227
2022-11-28,0.8994516548390709
2022-11-29,0.8994549845773008
2022-11-30,0.8994572489898264
2022-12-01,0.8943438131373795
2022-12-02,0.895628863321973
2022-12-05,0.8966831632150771
2022-12-06,0.8974825701660608
2022-12-07,0.8980639994084326
2022-12-08,0.8984767769143949
2022-12-09,0.8987654880119226
2022-12-12,0.898965513281103
2022-12-13,0.8991032397248284
2022-12-14,0.8991976833029404
2022-12-15,0.8992622697925456
2022-12-16,0.8993063572257257
2022-12-19,0.8993364146151306
2022-12-20,0.8993568896610825
2022-12-21,0.8993708293401939
2022-12-22,0.8993803160150923
2022-12-23,0.8993867705082508
2022-12-26,0.8993911612050688
2022-12-27,0.8993941476365828
2022-12-28,0.8993961787594609
2022-12-29,0.8993975600839922
2022-12-30,0.8993984994586935
2023-01-02,0.8993991382674357
2023-01-03,0.892269912422189
2023-01-04,0.893766319034099
2023-01-05,0.8951849629206766
2023-01-06,0.8963421076174721
2023-01-09,0.897220299589578
2023-01-10,0.8978604934540735
2023-01-11,0.8983159803626551
2023-01-12,0.8986351159728523
2023-01-13,0.898856504052911
2023-01-16,0.8990090799999799
2023-01-17,0.8991137739884816
2023-01-18,0.8991854024857142
2023-01-19,0.8992343119959204
2023-01-20,0.8992676640012321
2023-01-23,0.8992903866344052
2023-01-24,0.899305858034609
2023-01-25,0.8993163878372722
2023-01-26,0.8993235523782166
2023-01-27,0.8993284262409978
2023-01-30,0.8993317413795234
2023-01-31,0.8993339960943859
2023-02-01,0.8876271131930829
2023-02-02,0.8906799473508279
2023-02-03,0.8930948451642629
2023-02-06,0.8948891024722798
2023-02-07,0.896178207912324
2023-02-08,0.8970863275918487
2023-02-09,0.8977183146274583
2023-02-10,0.8981547206879551
2023-02-13,0.8984545435728623
2023-02-14,0.8986598379387039
2023-02-15,0.8988000912660727
2023-02-16,0.8988957652001239
2023-02-17,0.8989609628434279
2023-02-20,0.899005361635035
2023-02-21,0.899035582566406
2023-02-22,0.8990561465455196
2023-02-23,0.8990701364002612
2023-02-24,0.8990796524327479
2023-02-27,0.8990861246873091
2023-02-28,0.8990905264438248
2023-03-01,0.8814343044886218
2023-03-02,0.8862538371784379
2023-03-03,0.8898852585808545
2023-03-06,0.8925099328874193
2023-03-07,0.8943641154604466
2023-03-08,0.8956563532897066
2023-03-09,0.8965493834020788
2023-03-10,0.8971631969376755
2023-03-13,0.897583600824397
2023-03-14,0.8978708615265009
2023-03-15,0.8980668377808372
2023-03-16,0.8982003964604177
2023-03-17,0.8982913524695887
2023-03-20,0.8983532654077837
2023-03-21,0.8983953952321425
2023-03-22,0.898424056916283
2023-03-23,0.8984435530489622
2023-03-24,0.8984568132738705
2023-03-27,0.8984658315426681
2023-03-28,0.8984719645711481
2023-03-29,0.898476135308735
2023-03-30,0.8984789715376887
2023-03-31,0.8984809002314339
2023-04-03,0.8892792739137797
2023-04-04,0.8906740158542639
2023-04-05,0.8923615156799078
2023-04-06,0.8938918778902183
2023-04-07,0.8951242807014251
2023-04-10,0.8960561073481376
2023-04-11,0.8967348488598564
2023-04-12,0.8972178181386139
2023-04-13,0.8975563298442251
2023-04-14,0.8977912443036654
2023-04-17,0.8979531906948843
2023-04-18,0.8980643396487107
2023-04-19,0.8981403969741747
2023-04-20,0.8981923366591239
2023-04-21,0.8982277578740673
2023-04-24,0.8982518916206472
2023-04-25,0.8982683244610038
2023-04-26,0.8982795089166539
2023-04-27,0.8982871190264476
2023-04-28,0.8982922960634232
2023-05-01,0.8982958174470542
2023-05-02,0.8969798564758383
2023-05-03,0.8973129355395156
2023-05-04,0.8975553825971935
2023-05-05,0.8977275423653012
2023-05-08,0.8978479541996558
2023-05-09,0.8979313707074286
2023-05-10,0.8979888014415035
2023-05-11,0.8980281805615153
2023-05-12,0.8980551089095874
2023-05-15,0.8980734897010818
2023-05-16,0.8980860207492185
2023-05-17,0.8980945566969466
2023-05-18,0.8981003679957495
2023-05-19,0.898104322845763
2023-05-22,0.8981070136066495
2023-05-23,0.8981088439995926
2023-05-24,0.8981100889785877
2023-05-25,0.8981109357080954
2023-05-26,0.8981115115503941
2023-05-29,0.8981119031536094
2023-05-30,0.8981121694577602
2023-05-31,0.8981123505509592
2023-06-01,0.8928254473367394
2023-06-02,0.8942011708509606
2023-06-05,0.8951976929015757
2023-06-06,0.8959025367348841
2023-06-07,0.8963940998725135
2023-06-08,0.8967339411103088
2023-06-09,0.8969675832737405
2023-06-12,0.8971276300099081
2023-06-13,0.8972369999658606
2023-06-14,0.8973116194761538
2023-06-15,0.8973624750930483
2023-06-16,0.897397109686335
2023-06-19,0.8974206855748766
2023-06-20,0.89743672842992
2023-06-21,0.8974476427662458
2023-06-22,0.8974550669129527
2023-06-23,0.8974601164390613
2023-06-26,0.8974635506267937
2023-06-27,0.8974658861092112
2023-06-28,0.8974674743450993
2023-06-29,0.8974685543948931
2023-06-30,0.8974692888512663
2023-07-03,0.8946474595006194
2023-07-04,0.8954106471610155
2023-07-05,0.8959190667164957
2023-07-06,0.8962599636244992
2023-07-07,0.8964895803955095
2023-07-10,0.8966447178396465
2023-07-11,0.8967497517358026
2023-07-12,0.896820963430362
2023-07-13,0.8968692899996287
2023-07-14,0.8969021071378556
2023-07-17,0.8969244020431538
2023-07-18,0.8969395529892706
2023-07-19,0.8969498511974973
2023-07-20,0.8969568519263307
2023-07-21,0.8969616114710008
2023-07-24,0.8969648475203511
2023-07-25,0.8969670478290461
2023-07-26,0.8969685439435827
2023-07-27,0.8969695612569213
2023-07-28,0.89697025300909
2023-07-31,0.8969707233906935
2023-08-01,0.8960914199523383
2023-08-02,0.8962868659107512
2023-08-03,0.896423856618785
2023-08-04,0.8965188873806527
2023-08-07,0.8965843706880432
2023-08-08,0.8966292963564428
2023-08-09,0.8966600288381059
2023-08-10,0.8966810113785609
2023-08-11,0.896695318497569
2023-08-14,0.8967050653471417
2023-08-15,0.8967117015238633
2023-08-16,0.896716217967099
2023-08-17,0.8967192909236563
2023-08-18,0.8967213813538624
2023-08-21,0.8967228032247749
2023-08-22,0.8967237702715128
2023-08-23,0.8967244279436963
2023-08-24,0.8967248751977603
2023-08-25,0.8967251793474886
2023-08-28,0.8967253861770571
2023-08-29,0.8967255268246868
2023-08-30,0.896725622466662
2023-08-31,0.89672568750391
2023-09-01,0.8880211442979499
2023-09-04,0.8901647029139235
2023-09-05,0.8916683543760198
2023-09-06,0.8927114645481824
2023-09-07,0.8934301103436674
2023-09-08,0.8939230408233234
2023-09-11,0.8942601798078458
2023-09-12,0.8944903281473355
2023-09-13,0.8946472403814077
2023-09-14,0.8947541302820388
2023-09-15,0.8948269028614114
2023-09-18,0.8948764285714814
2023-09-19,0.8949101246820687
2023-09-20,0.8949330466349557
2023-09-21,0.8949486375298344
2023-09-22,0.8949592411674208
2023-09-25,0.8949664524833879
2023-09-26,0.8949713565655599
2023-09-27,0.8949746915190445
2023-09-28,0.8949769593685362
2023-09-29,0.8949785015430203
2023-10-02,0.8949795502382377
2023-10-03,0.8862314105922067
2023-10-04,0.8881112887111029
2023-10-05,0.8893871291747089
2023-10-06,0.8902535164272436
2023-10-09,0.8908421036248996
2023-10-10,0.8912420830596357
2023-10-11,0.8915139480172549
2023-10-12,0.8916987598881366
2023-10-13,0.8918244057964744
2023-10-16,0.8919098328548533
2023-10-17,0.8919679175991695
2023-10-18,0.8920074125905664
2023-10-19,0.8920342679538701
2023-10-20,0.8920525290235088
2023-10-23,0.8920649462783331
2023-10-24,0.8920733898818568
2023-10-25,0.8920791314697187
2023-10-26,0.8920830357188287
2023-10-27,0.8920856905928876
2023-10-30,0.8920874958993615
2023-10-31,0.8920887235035768
2023-11-01,0.8786460206405805
2023-11-02,0.8808718313928094
2023-11-03,0.8823983142537523
2023-11-06,0.883442370761528
2023-11-07,0.8841551473985095
2023-11-08,0.8846411453734002
2023-11-09,0.8849722317242539
2023-11-10,0.8851976520493875
2023-11-13,0.8853510682360107
2023-11-14,0.8854554515466604
2023-11-15,0.8855264600726854
2023-11-16,0.8855747587452009
2023-11-17,0.8856076077834923
2023-11-20,0.8856299478674723
2023-11-21,0.8856451403841223
2023-11-22,0.8856554718733745
2023-11-23,0.8856624975502276
2023-11-24,0.8856672751305396
2023-11-27,0.8856705239392353
2023-11-28,0.8856727331531846
2023-11-29,0.8856742354291233
2023-11-30,0.8856752569811456
2023-12-01,0.88005981907925
2023-12-04,0.883869151680964
2023-12-05,0.8866154393361281
2023-12-06,0.8885584531573162
2023-12-07,0.889915776003251
2023-12-08,0.8908558100135281
2023-12-11,0.8915030398291129
2023-12-12,0.8919468969496316
2023-12-13,0.8922504617620869
2023-12-14,0.8924576951423359
2023-12-15,0.892598989239452
2023-12-18,0.8926952431576632
2023-12-19,0.892760776342384
2023-12-20,0.8928053761596519
2023-12-21,0.892835721259362
2023-12-22,0.8928563638862576
2023-12-25,0.8928704045478472
2023-12-26,0.8928799538933576
2023-12-27,0.892886448229622
2023-12-28,0.892890864737655
2023-12-29,0.8928938681279802
2024-01-01,0.892895910508739
2024-01-02,0.8725473995096545
2024-01-03,0.8777625897653341
2024-01-04,0.8825906668439272
2024-01-05,0.8865686252976487
2024-01-08,0.8896338070081569
2024-01-09,0.8918986751395034
2024-01-10,0.893527114613289
2024-01-11,0.8946769254009184
2024-01-12,0.8954789718647161
2024-01-15,0.8960338663183711
2024-01-16,0.8964156444533322
2024-01-17,0.8966773289621744
2024-01-18,0.8968562396744885
2024-01-19,0.8969783470299505
2024-01-22,0.8970615877499142
2024-01-23,0.897118287642137
2024-01-24,0.8971568880922164
2024-01-25,0.8971831569920028
2024-01-26,0.8972010293640887
2024-01-29,0.8972131869756537
2024-01-30,0.8972214561823115
2024-01-31,0.8972270801795726
2024-02-01,0.8838355733897597
2024-02-02,0.8861973694006275
2024-02-05,0.8889367954989613
2024-02-06,0.8914172180044625
2024-02-07,0.8934251336057218
2024-02-08,0.8949519126397466
2024-02-09,0.8960692069167073
2024-02-12,0.8968670340969472
2024-02-13,0.8974276523189184
2024-02-14,0.8978174003298738
2024-02-15,0.8980864235597698
2024-02-16,0.8982712228161072
2024-02-19,0.8983977531423857
2024-02-20,0.8984841962029129
2024-02-21,0.8985431640679665
2024-02-22,0.8985833486395418
2024-02-23,0.8986107141501527
2024-02-26,0.8986293412023657
2024-02-27,0.898642016154123
2024-02-28,0.8986506390755397
2024-02-29,0.8986565044884566
2024-03-01,0.8984415082577767
2024-03-04,0.8985029438015295
2024-03-05,0.8985455429684419
2024-03-06,0.8985748919022813
2024-03-07,0.8985950251175814
2024-03-08,0.898608796909447
2024-03-11,0.8986181992281966
2024-03-12,0.8986246101281123
2024-03-13,0.898628977543913
2024-03-14,0.8986319510849293
2024-03-15,0.8986339748015677
2024-03-18,0.8986353517182601
2024-03-19,0.8986362883861629
2024-03-20,0.8986369254886107
2024-03-21,0.89863735879589
2024-03-22,0.8986376534805977
2024-03-25,0.8986378538826445
2024-03-26,0.898637990163581
2024-03-27,0.8986380828380653
2024-03-28,0.8986381458582808
2024-03-29,0.8986381887127333
2024-04-01,0.8986382178540739
2024-04-02,0.8915995401290469
2024-04-03,0.8932918693955613
2024-04-04,0.894789695971903
2024-04-05,0.8959718330741022
2024-04-08,0.8968524683274761
2024-04-09,0.897487191762815
2024-04-10,0.8979355289921134
2024-04-11,0.8982481741996559
2024-04-12,0.8984643820499334
2024-04-15,0.8986130765348355
2024-04-16,0.8987149637891075
2024-04-17,0.8987846058924474
2024-04-18,0.8988321285358372
2024-04-19,0.8988645207271962
2024-04-22,0.8988865829308034
2024-04-23,0.8989016016483803
2024-04-24,0.8989118219653817
2024-04-25,0.8989187752874767
2024-04-26,0.8989235051659706
2024-04-29,0.8989267222308132
2024-04-30,0.8989289101795833
2024-05-01,0.8978587600599929
2024-05-02,0.8981532455914886
2024-05-03,0.8983645184906698
2024-05-06,0.8985132095754418
2024-05-07,0.8986166186786708
2024-05-08,0.8986879923418998
2024-05-09,0.8987370120840726
2024-05-10,0.8987705693156872
2024-05-13,0.898793491478527
2024-05-14,0.8988091262099429
2024-05-15,0.8988197798379566
2024-05-16,0.8988270344723155
2024-05-17,0.8988319723205952
2024-05-20,0.8988353322270831
2024-05-21,0.898837617965512
2024-05-22,0.89883917273022
2024-05-23,0.8988402301836282
2024-05-24,0.8988409493503013
2024-05-27,0.8988414384289013
2024-05-28,0.8988417710231307
2024-05-29,0.8988419971967172
2024-05-30,0.8988421509990849
2024-05-31,0.8988422555866511
2024-06-03,0.8991526397634081
2024-06-04,0.8990598595056547
2024-06-05,0.8990044091045295
2024-06-06,0.8989702671648475
2024-06-07,0.8989487107927829
2024-06-10,0.8989348239258307
2024-06-11,0.8989257387914918
2024-06-12,0.8989197267926023
2024-06-13,0.8989157154637601
2024-06-14,0.8989130233254716
2024-06-17,0.8989112091295116
2024-06-18,0.8989099830907402
2024-06-19,0.8989091529068463
2024-06-20,0.8989085900112023
2024-06-21,0.8989082079958831
2024-06-24,0.8989079485741353
2024-06-25,0.8989077723286599
2024-06-26,0.8989076525563838
2024-06-27,0.89890757114579
2024-06-28,0.8989075158025888
2024-07-01,0.8989074781766276
2024-07-02,0.8925554147892775
2024-07-03,0.8942681877779858
2024-07-04,0.8956241381650727
2024-07-05,0.896631870024532
2024-07-08,0.8973559544529763
2024-07-09,0.8978660492048651
2024-07-10,0.8982210346007677
2024-07-11,0.8984661578342074
2024-07-12,0.8986345610208126
2024-07-15,0.8987498680835272
2024-07-16,0.8988286428318064
2024-07-17,0.8988823786453496
2024-07-18,0.8989189970567041
2024-07-19,0.8989439336393366
2024-07-22,0.8989609071771869
2024-07-23,0.8989724568801862
2024-07-24,0.8989803142333456
2024-07-25,0.8989856588748277
2024-07-26,0.8989892939883238
2024-07-29,0.8989917662145626
2024-07-30,0.8989934474890636
2024-07-31,0.898994590829508
2024-08-01,0.8990201726462999
2024-08-02,0.8990123256844951
2024-08-05,0.8990126879414888
2024-08-06,0.8990155649598887
2024-08-07,0.8990187402133948
2024-08-08,0.8990214637758531
2024-08-09,0.899023577018496
2024-08-12,0.8990251348889983
2024-08-13,0.8990262501532031
2024-08-14,0.899027034394054
2024-08-15,0.8990275796382209
2024-08-16,0.8990279559353249
2024-08-19,0.8990282143750434
2024-08-20,0.8990283912967211
2024-08-21,0.8990285121502967
2024-08-22,0.8990285945835548
2024-08-23,0.8990286507550547
2024-08-26,0.8990286890057061
2024-08-27,0.8990287150411213
2024-08-28,0.8990287327567432
2024-08-29,0.8990287448086969
2024-08-30,0.8990287530064867
2024-09-02,0.8990287585821193
2024-09-03,0.8978693603546875
2024-09-04,0.898179810959246
2024-09-05,0.8984091044706187
2024-09-06,0.8985733403220334
2024-09-09,0.8986888311911791
2024-09-10,0.8987691161123815
2024-09-11,0.8988245161946304
2024-09-12,0.8988625600334558
2024-09-13,0.8988886014160546
2024-09-16,0.8989063887802589
2024-09-17,0.898918520783379
2024-09-18,0.898926787453413
2024-09-19,0.8989324166015672
2024-09-20,0.898936248032127
2024-09-23,0.898938855072618
2024-09-24,0.8989406286304193
2024-09-25,0.898941835005332
2024-09-26,0.8989426555043343
2024-09-27,0.8989432135192689
2024-09-30,0.8989435930042197
2024-10-01,0.890997658646732
2024-10-02,0.8929683179785127
2024-10-03,0.8946432518944004
2024-10-04,0.8959371972829471
2024-10-07,0.8968889059805976
2024-10-08,0.8975693569845097
2024-10-09,0.8980474864008094
2024-10-10,0.8983797564270795
2024-10-11,0.898609006043374
2024-10-14,0.8987664256031611
2024-10-15,0.8988741786331018
2024-10-16,0.8989477780392107
2024-10-17,0.898997977017355
2024-10-18,0.8990321823188986
2024-10-21,0.899055474283929
2024-10-22,0.8990713277776389
2024-10-23,0.8990821150653309
2024-10-24,0.899089453613939
2024-10-25,0.8990944453012627
2024-10-28,0.8990978403288606
2024-10-29,0.8991001492611466
2024-10-30,0.8991017194793813
2024-10-31,0.8991027872940266
2024-11-01,0.8991498948653328
2024-11-04,0.899099823992736
2024-11-05,0.8990967958526269
2024-11-06,0.899109309708405
2024-11-07,0.8991246359475198
2024-11-08,0.8991382349774292
2024-11-11,0.8991489594405058
2024-11-12,0.8991569376299053
2024-11-13,0.8991626805987172
2024-11-14,0.8991667330195703
2024-11-15,0.899169556810477
2024-11-18,0.8991715085226399
2024-11-19,0.8991728502756818
2024-11-20,0.8991737694156657
2024-11-21,0.8991743975515888
2024-11-22,0.8991748261270964
2024-11-25,0.8991751182256688
2024-11-26,0.8991753171611597
2024-11-27,0.8991754525798734
2024-11-28,0.8991755447304896
2024-11-29,0.8991756074233497
2024-12-02,0.8991756500685514
2024-12-03,0.896677883483374
2024-12-04,0.8971397484454158
2024-12-05,0.8976514926530519
2024-12-06,0.8980944432370012
2024-12-09,0.8984407625452326
2024-12-10,0.8986975162860015
2024-12-11,0.898882066669447
2024-12-12,0.8990122068180354
2024-12-13,0.8991028635676682
2024-12-16,0.8991655137863296
2024-12-17,0.8992085813244556
2024-12-18,0.8992380828535721
2024-12-19,0.8992582437118259
2024-12-20,0.8992719992871111
2024-12-23,0.8992813744463065
2024-12-24,0.8992877594364235
2024-12-25,0.899292105798452
2024-12-26,0.8992950634363218
2024-12-27,0.8992970756057587
2024-12-30,0.8992984443315691
2024-12-31,0.8992993752730769
2025-01-01,0.8814691845850618
2025-01-02,0.8861591031024537
2025-01-03,0.8899078814721166
2025-01-06,0.8927070189372689
2025-01-07,0.8947236656268582
2025-01-08,0.8961466999767638
2025-01-09,0.8971380926274157
2025-01-10,0.8978231581658582
2025-01-13,0.898294035236091
2025-01-14,0.8986165536679941
2025-01-15,0.8988369383153209
2025-01-16,0.8989872950924441
2025-01-17,0.8990897665001737
2025-01-20,0.8991595527784808
2025-01-21,0.8992070562980962
2025-01-22,0.8992393812611593
2025-01-23,0.8992613726611925
2025-01-24,0.8992763316267719
2025-01-27,0.8992865059445316
2025-01-28,0.8992934255045834
2025-01-29,0.899298131276818
2025-01-30,0.8993013314184991
2025-01-31,0.8993035076140204
2025-02-03,0.8995261037632648
2025-02-04,0.8994563472790168
2025-02-05,0.899410781184929
2025-02-06,0.8993806633191311
2025-02-07,0.8993605858550451
2025-02-10,0.8993471199363715
2025-02-11,0.8993380496454014
2025-02-12,0.8993319219180279
2025-02-13,0.8993277736110059
2025-02-14,0.8993249613452715
2025-02-17,0.8993230529759036
2025-02-18,0.8993217571221777
2025-02-19,0.8993208767918319
2025-02-20,0.8993202785606388
2025-02-21,0.8993198719455499
2025-02-24,0.8993195955316295
2025-02-25,0.8993194076092469
2025-02-26,0.8993192798401554
2025-02-27,0.8993191929655941
2025-02-28,0.8993191338948129
2025-03-03,0.8993285831308044
2025-03-04,0.8993220883019177
2025-03-05,0.8993203851599479
2025-03-06,0.8993204743616239
2025-03-07,0.899321112415534
2025-03-10,0.899321813479599
2025-03-11,0.8993224138133383
2025-03-12,0.8993228792172454
2025-03-13,0.8993232221366013
2025-03-14,0.8993234675516296
2025-03-17,0.8993236400894696
2025-03-18,0.8993237600304944
2025-03-19,0.8993238427997244
2025-03-20,0.8993238996419891
2025-03-21,0.8993239385532851
2025-03-24,0.8993239651325131
2025-03-25,0.8993239832616584
2025-03-26,0.8993239956150293
2025-03-27,0.899324004027133
2025-03-28,0.8993240097528227
2025-03-31,0.8993240136488141
2025-04-01,0.8918903390225842
2025-04-02,0.8916820035740239
2025-04-03,0.8927046850586432
2025-04-04,0.8940918011590814
2025-04-07,0.8954168990088142
2025-04-08,0.8965180229277598
2025-04-09,0.8973677204311512
2025-04-10,0.8979950928140037
2025-04-11,0.8984456054925832
2025-04-14,0.8987633254969987
2025-04-15,0.8989847369977759
2025-04-16,0.8991378094395911
2025-04-17,0.8992430711248508
2025-04-18,0.8993151945444777
2025-04-21,0.8993644917434974
2025-04-22,0.899398131275081
2025-04-23,0.8994210605553116
2025-04-24,0.8994366776464496
2025-04-25,0.8994473089177704
2025-04-28,0.8994545435690486
2025-04-29,0.8994594656216354
2025-04-30,0.8994628137674913
2025-05-01,0.8994616919987365
2025-05-02,0.899449951721967
2025-05-05,0.8994518925287186
2025-05-06,0.8994578107541832
2025-05-07,0.8994639689166046
2025-05-08,0.8994691454880914
2025-05-09,0.8994731236291151
2025-05-12,0.8994760408136752
2025-05-13,0.8994781226243557
2025-05-14,0.8994795836515878
2025-05-15,0.8994805981481432
2025-05-16,0.8994812977172998
2025-05-19,0.8994817779154352
2025-05-20,0.8994821065269364
2025-05-21,0.8994823309430262
2025-05-22,0.8994824839899493
2025-05-23,0.8994825882671155
2025-05-26,0.8994826592704703
2025-05-27,0.8994827075966042
2025-05-28,0.8994827404786386
2025-05-29,0.8994827628477817
2025-05-30,0.8994827780631204
2025-06-02,0.8994827884115445
2025-06-03,0.8995387357883323
2025-06-04,0.899511163628952
2025-06-05,0.8994994376669465
2025-06-06,0.8994947161855703
2025-06-09,0.8994930144479639
2025-06-10,0.8994925565766272
2025-06-11,0.8994925690941764
2025-06-12,0.8994927275241953
2025-06-13,0.8994929046292462
2025-06-16,0.8994930571544271
2025-06-17,0.8994931757166372
2025-06-18,0.8994932632048328
2025-06-19,0.8994933258720553
2025-06-20,0.8994933699541339
2025-06-23,0.8994934006089542
2025-06-24,0.8994934217682095
2025-06-25,0.8994934363016845
2025-06-26,0.8994934462515765
2025-06-27,0.8994934530485402
2025-06-30,0.8994934576848258
2025-07-01,0.8963136831636925
2025-07-02,0.8972746343569865
2025-07-03,0.8979539570383965
2025-07-04,0.89842701051155
2025-07-07,0.8987535989633759
2025-07-08,0.8989778816118478
2025-07-09,0.8991313910973351
2025-07-10,0.8992362321268592
2025-07-11,0.8993077321664084
2025-07-14,0.8993564477831678
2025-07-15,0.8993896183908736
2025-07-16,0.899412194672361
2025-07-17,0.8994275558895874
2025-07-18,0.8994380058280916
2025-07-21,0.899445113774533
2025-07-22,0.89944994809475
2025-07-23,0.8994532358547128
2025-07-24,0.8994554717256752
2025-07-25,0.899456992207034
2025-07-28,0.8994580261750985
2025-07-29,0.8994587292919091
2025-07-30,0.8994592074196962
2025-07-31,0.8994595325503119
2025-08-01,0.8991344322983682
2025-08-04,0.8992292073477314
2025-08-05,0.8992988221560722
2025-08-06,0.89934851691221
2025-08-07,0.8993833953027877
2025-08-08,0.8994076135720352
2025-08-11,0.8994243132667324
2025-08-12,0.8994357758791188
2025-08-13,0.8994436198095461
2025-08-14,0.899448976489811
2025-08-15,0.8994526295734258
2025-08-18,0.8994551185422321
2025-08-19,0.8994568132927054
2025-08-20,0.8994579667635851
2025-08-21,0.8994587516045551
2025-08-22,0.8994592855184769
2025-08-25,0.8994596486824616
2025-08-26,0.8994598956812657
2025-08-27,0.8994600636622471
2025-08-28,0.8994601778993417
2025-08-29,0.8994602555851682
2025-09-01,0.8994603084136353
2025-09-02,0.898991279776504
2025-09-03,0.8991155162436821
2025-09-04,0.8992117673599739
2025-09-05,0.8992826613530376
2025-09-08,0.8993333789210881
2025-09-09,0.899369025064621
2025-09-10,0.8993937992819142
2025-09-11,0.8994108928334833
2025-09-12,0.89942263062647
2025-09-15,0.8994306650965254
2025-09-16,0.8994361529282023
2025-09-17,0.8994398959288344
2025-09-18,0.8994424463810655
2025-09-19,0.8994441830975393
2025-09-22,0.8994453651780535
2025-09-23,0.8994461695072222
2025-09-24,0.8994467166886762
2025-09-25,0.8994470888817736
2025-09-26,0.8994473420236974
2025-09-29,0.8994475141835346
2025-09-30,0.8994476312629597
2025-10-01,0.8994957026803432
2025-10-02,0.8994784036049311
2025-10-03,0.8994686194193457
2025-10-06,0.8994628761518292
2025-10-07,0.8994593921096928
2025-10-08,0.8994572179992081
2025-10-09,0.8994558298506038
2025-10-10,0.8994549276588976
2025-10-13,0.8994543334796441
2025-10-14,0.8994539383692438
2025-10-15,0.8994536738247914
2025-10-16,0.899453495844821
2025-10-17,0.8994533757018531
2025-10-20,0.8994532944131773
2025-10-21,0.899453239325817
2025-10-22,0.8994532019537956
2025-10-23,0.8994531765812388
2025-10-24,0.899453159346597
2025-10-27,0.8994531476356912
2025-10-28,0.8994531396762788
2025-10-29,0.8994531342657321
2025-10-30,0.8994531305874189
2025-10-31,0.8994531280865645
