date,ESP_external_fx_f1,ESP_external_fx_f2
1999-02-01,1.0055185161278224,0.13359727261328166
1999-02-02,0.9998684967178665,0.6577785241605113
1999-02-03,0.9998684967178665,0.657778524556321
1999-02-04,0.9998684967178665,0.657778524556321
1999-02-05,0.9998684967178665,0.657778524556321
1999-02-08,0.9998684967178665,0.657778524556321
1999-02-09,0.9998684967178665,0.657778524556321
1999-02-10,0.9998684967178665,0.657778524556321
1999-02-11,0.9998684967178665,0.657778524556321
1999-02-12,0.9998684967178665,0.657778524556321
1999-02-15,0.9998684967178665,0.657778524556321
1999-02-16,0.9998684967178665,0.657778524556321
1999-02-17,0.9998684967178665,0.657778524556321
1999-02-18,0.9998684967178665,0.657778524556321
1999-02-19,0.9998684967178665,0.657778524556321
1999-02-22,0.9998684967178665,0.657778524556321
1999-02-23,0.9998684967178665,0.657778524556321
1999-02-24,0.9998684967178665,0.657778524556321
1999-02-25,0.9998684967178665,0.657778524556321
1999-02-26,0.9998684967178665,0.657778524556321
1999-03-01,0.9665081527442845,-7.101742666751809
1999-03-02,0.9998592639675655,-0.9944226397313786
1999-03-03,0.9998592639675655,-0.9944226397061375
1999-03-04,0.9998592639675655,-0.9944226397061375
1999-03-05,0.9998592639675655,-0.9944226397061375
1999-03-08,0.9998592639675655,-0.9944226397061375
1999-03-09,0.9998592639675655,-0.9944226397061375
1999-03-10,0.9998592639675655,-0.9944226397061375
1999-03-11,0.9998592639675655,-0.9944226397061375
1999-03-12,0.9998592639675655,-0.9944226397061375
1999-03-15,0.9998592639675655,-0.9944226397061375
1999-03-16,0.9998592639675655,-0.9944226397061375
1999-03-17,0.9998592639675655,-0.9944226397061375
1999-03-18,0.9998592639675655,-0.9944226397061375
1999-03-19,0.9998592639675655,-0.9944226397061375
1999-03-22,0.9998592639675655,-0.9944226397061375
1999-03-23,0.9998592639675655,-0.9944226397061375
1999-03-24,0.9998592639675655,-0.9944226397061375
1999-03-25,0.9998592639675655,-0.9944226397061375
1999-03-26,0.9998592639675655,-0.9944226397061375
1999-03-29,0.9998592639675655,-0.9944226397061375
1999-03-30,0.9998592639675655,-0.9944226397061375
1999-03-31,1.054272105046974,-1.7916727121185825
1999-04-01,0.999873413660707,-0.9982718891340334
1999-04-02,0.999873413660707,-0.9982718891162115
1999-04-05,0.999873413660707,-0.9982718891162115
1999-04-06,0.999873413660707,-0.9982718891162115
1999-04-07,0.999873413660707,-0.9982718891162115
1999-04-08,0.999873413660707,-0.9982718891162115
1999-04-09,0.999873413660707,-0.9982718891162115
1999-04-12,0.999873413660707,-0.9982718891162115
1999-04-13,0.999873413660707,-0.9982718891162115
1999-04-14,0.999873413660707,-0.9982718891162115
1999-04-15,0.999873413660707,-0.9982718891162115
1999-04-16,0.999873413660707,-0.9982718891162115
1999-04-19,0.999873413660707,-0.9982718891162115
1999-04-20,0.999873413660707,-0.9982718891162115
1999-04-21,0.999873413660707,-0.9982718891162115
1999-04-22,0.999873413660707,-0.9982718891162115
1999-04-23,0.999873413660707,-0.9982718891162115
1999-04-26,0.999873413660707,-0.9982718891162115
1999-04-27,0.999873413660707,-0.9982718891162115
1999-04-28,0.999873413660707,-0.9982718891162115
1999-04-29,0.999873413660707,-0.9982718891162115
1999-04-30,1.027152736951826,-1.439464209561063
1999-05-03,0.999880046990402,-0.9991677535354759
1999-05-04,0.999880046990402,-0.9991677535220708
1999-05-05,0.999880046990402,-0.9991677535220708
1999-05-06,0.999880046990402,-0.9991677535220708
1999-05-07,0.999880046990402,-0.9991677535220708
1999-05-10,0.999880046990402,-0.9991677535220708
1999-05-11,0.999880046990402,-0.9991677535220708
1999-05-12,0.999880046990402,-0.9991677535220708
1999-05-13,0.999880046990402,-0.9991677535220708
1999-05-14,0.999880046990402,-0.9991677535220708
1999-05-17,0.999880046990402,-0.9991677535220708
1999-05-18,0.999880046990402,-0.9991677535220708
1999-05-19,0.999880046990402,-0.9991677535220708
1999-05-20,0.999880046990402,-0.9991677535220708
1999-05-21,0.999880046990402,-0.9991677535220708
1999-05-24,0.999880046990402,-0.9991677535220708
1999-05-25,0.999880046990402,-0.9991677535220708
1999-05-26,0.999880046990402,-0.9991677535220708
1999-05-27,0.999880046990402,-0.9991677535220708
1999-05-28,0.999880046990402,-0.9991677535220708
1999-05-31,0.9814636957461185,-1.1673721900373597
1999-06-01,0.9998755039669336,-0.9993901050677102
1999-06-02,0.9998755039669336,-0.9993901050607995
1999-06-03,0.9998755039669336,-0.9993901050607995
1999-06-04,0.9998755039669336,-0.9993901050607995
1999-06-07,0.9998755039669336,-0.9993901050607995
1999-06-08,0.9998755039669336,-0.9993901050607995
1999-06-09,0.9998755039669336,-0.9993901050607995
1999-06-10,0.9998755039669336,-0.9993901050607995
1999-06-11,0.9998755039669336,-0.9993901050607995
1999-06-14,0.9998755039669336,-0.9993901050607995
1999-06-15,0.9998755039669336,-0.9993901050607995
1999-06-16,0.9998755039669336,-0.9993901050607995
1999-06-17,0.9998755039669336,-0.9993901050607995
1999-06-18,0.9998755039669336,-0.9993901050607995
1999-06-21,0.9998755039669336,-0.9993901050607995
1999-06-22,0.9998755039669336,-0.9993901050607995
1999-06-23,0.9998755039669336,-0.9993901050607995
1999-06-24,0.9998755039669336,-0.9993901050607995
1999-06-25,0.9998755039669336,-0.9993901050607995
1999-06-28,0.9998755039669336,-0.9993901050607995
1999-06-29,0.9998755039669336,-0.9993901050607995
1999-06-30,0.9942061768431741,-1.1037458520346968
1999-07-01,0.9998740803438342,-0.999499898123393
1999-07-02,0.9998740803438342,-0.9994998981187357
1999-07-05,0.9998740803438342,-0.9994998981187357
1999-07-06,0.9998740803438342,-0.9994998981187357
1999-07-07,0.9998740803438342,-0.9994998981187357
1999-07-08,0.9998740803438342,-0.9994998981187357
1999-07-09,0.9998740803438342,-0.9994998981187357
1999-07-12,0.9998740803438342,-0.9994998981187357
1999-07-13,0.9998740803438342,-0.9994998981187357
1999-07-14,0.9998740803438342,-0.9994998981187357
1999-07-15,0.9998740803438342,-0.9994998981187357
1999-07-16,0.9998740803438342,-0.9994998981187357
1999-07-19,0.9998740803438342,-0.9994998981187357
1999-07-20,0.9998740803438342,-0.9994998981187357
1999-07-21,0.9998740803438342,-0.9994998981187357
1999-07-22,0.9998740803438342,-0.9994998981187357
1999-07-23,0.9998740803438342,-0.9994998981187357
1999-07-26,0.9998740803438342,-0.9994998981187357
1999-07-27,0.9998740803438342,-0.9994998981187357
1999-07-28,0.9998740803438342,-0.9994998981187357
1999-07-29,0.9998740803438342,-0.9994998981187357
1999-07-30,0.9998740803438342,-0.9994998981187357
1999-08-02,1.010995159385886,-0.7492306974755257
1999-08-03,0.999876834863618,-0.9991105140472588
1999-08-04,0.999876834863618,-0.9991105140673905
1999-08-05,0.999876834863618,-0.9991105140673905
1999-08-06,0.999876834863618,-0.9991105140673905
1999-08-09,0.999876834863618,-0.9991105140673905
1999-08-10,0.999876834863618,-0.9991105140673905
1999-08-11,0.999876834863618,-0.9991105140673905
1999-08-12,0.999876834863618,-0.9991105140673905
1999-08-13,0.999876834863618,-0.9991105140673905
1999-08-16,0.999876834863618,-0.9991105140673905
1999-08-17,0.999876834863618,-0.9991105140673905
1999-08-18,0.999876834863618,-0.9991105140673905
1999-08-19,0.999876834863618,-0.9991105140673905
1999-08-20,0.999876834863618,-0.9991105140673905
1999-08-23,0.999876834863618,-0.9991105140673905
1999-08-24,0.999876834863618,-0.9991105140673905
1999-08-25,0.999876834863618,-0.9991105140673905
1999-08-26,0.999876834863618,-0.9991105140673905
1999-08-27,0.999876834863618,-0.9991105140673905
1999-08-30,0.999876834863618,-0.9991105140673905
1999-08-31,1.0249751520644734,-1.3191587554604784
1999-09-01,0.9998827917956675,-0.9994894726661016
1999-09-02,0.9998827917956675,-0.9994894726550797
1999-09-03,0.9998827917956675,-0.9994894726550797
1999-09-06,0.9998827917956675,-0.9994894726550797
1999-09-07,0.9998827917956675,-0.9994894726550797
1999-09-08,0.9998827917956675,-0.9994894726550797
1999-09-09,0.9998827917956675,-0.9994894726550797
1999-09-10,0.9998827917956675,-0.9994894726550797
1999-09-13,0.9998827917956675,-0.9994894726550797
1999-09-14,0.9998827917956675,-0.9994894726550797
1999-09-15,0.9998827917956675,-0.9994894726550797
1999-09-16,0.9998827917956675,-0.9994894726550797
1999-09-17,0.9998827917956675,-0.9994894726550797
1999-09-20,0.9998827917956675,-0.9994894726550797
1999-09-21,0.9998827917956675,-0.9994894726550797
1999-09-22,0.9998827917956675,-0.9994894726550797
1999-09-23,0.9998827917956675,-0.9994894726550797
1999-09-24,0.9998827917956675,-0.9994894726550797
1999-09-27,0.9998827917956675,-0.9994894726550797
1999-09-28,0.9998827917956675,-0.9994894726550797
1999-09-29,0.9998827917956675,-0.9994894726550797
1999-09-30,1.0266087303045937,-1.0145932889287308
1999-10-01,0.9998888139714437,-0.9995045483181271
1999-10-04,0.9998888139714437,-0.9995045483173629
1999-10-05,0.9998888139714437,-0.9995045483173629
1999-10-06,0.9998888139714437,-0.9995045483173629
1999-10-07,0.9998888139714437,-0.9995045483173629
1999-10-08,0.9998888139714437,-0.9995045483173629
1999-10-11,0.9998888139714437,-0.9995045483173629
1999-10-12,0.9998888139714437,-0.9995045483173629
1999-10-13,0.9998888139714437,-0.9995045483173629
1999-10-14,0.9998888139714437,-0.9995045483173629
1999-10-15,0.9998888139714437,-0.9995045483173629
1999-10-18,0.9998888139714437,-0.9995045483173629
1999-10-19,0.9998888139714437,-0.9995045483173629
1999-10-20,0.9998888139714437,-0.9995045483173629
1999-10-21,0.9998888139714437,-0.9995045483173629
1999-10-22,0.9998888139714437,-0.9995045483173629
1999-10-25,0.9998888139714437,-0.9995045483173629
1999-10-26,0.9998888139714437,-0.9995045483173629
1999-10-27,0.9998888139714437,-0.9995045483173629
1999-10-28,0.9998888139714437,-0.9995045483173629
1999-10-29,0.9998888139714437,-0.9995045483173629
1999-11-01,1.0297810172808795,-1.1970950128142102
1999-11-02,0.999895174240492,-0.9996545292555115
1999-11-03,0.999895174240492,-0.9996545292476782
1999-11-04,0.999895174240492,-0.9996545292476782
1999-11-05,0.999895174240492,-0.9996545292476782
1999-11-08,0.999895174240492,-0.9996545292476782
1999-11-09,0.999895174240492,-0.9996545292476782
1999-11-10,0.999895174240492,-0.9996545292476782
1999-11-11,0.999895174240492,-0.9996545292476782
1999-11-12,0.999895174240492,-0.9996545292476782
1999-11-15,0.999895174240492,-0.9996545292476782
1999-11-16,0.999895174240492,-0.9996545292476782
1999-11-17,0.999895174240492,-0.9996545292476782
1999-11-18,0.999895174240492,-0.9996545292476782
1999-11-19,0.999895174240492,-0.9996545292476782
1999-11-22,0.999895174240492,-0.9996545292476782
1999-11-23,0.999895174240492,-0.9996545292476782
1999-11-24,0.999895174240492,-0.9996545292476782
1999-11-25,0.999895174240492,-0.9996545292476782
1999-11-26,0.999895174240492,-0.9996545292476782
1999-11-29,0.999895174240492,-0.9996545292476782
1999-11-30,1.0201287675032562,-1.4252462478005983
1999-12-01,0.9998992906820267,-0.9998300013837672
1999-12-02,0.9998992906820267,-0.9998300013706203
1999-12-03,0.9998992906820267,-0.9998300013706203
1999-12-06,0.9998992906820267,-0.9998300013706203
1999-12-07,0.9998992906820267,-0.9998300013706203
1999-12-08,0.9998992906820267,-0.9998300013706203
1999-12-09,0.9998992906820267,-0.9998300013706203
1999-12-10,0.9998992906820267,-0.9998300013706203
1999-12-13,0.9998992906820267,-0.9998300013706203
1999-12-14,0.9998992906820267,-0.9998300013706203
1999-12-15,0.9998992906820267,-0.9998300013706203
1999-12-16,0.9998992906820267,-0.9998300013706203
1999-12-17,0.9998992906820267,-0.9998300013706203
1999-12-20,0.9998992906820267,-0.9998300013706203
1999-12-21,0.9998992906820267,-0.9998300013706203
1999-12-22,0.9998992906820267,-0.9998300013706203
1999-12-23,0.9998992906820267,-0.9998300013706203
1999-12-24,0.9998992906820267,-0.9998300013706203
1999-12-27,0.9998992906820267,-0.9998300013706203
1999-12-28,0.9998992906820267,-0.9998300013706203
1999-12-29,0.9998992906820267,-0.9998300013706203
1999-12-30,0.9998992906820267,-0.9998300013706203
1999-12-31,1.017629707605341,-1.008242996835483
2000-01-03,0.9999027689696539,-0.9998328258397705
2000-01-04,0.9999027689696539,-0.9998328258393404
2000-01-05,0.9999027689696539,-0.9998328258393404
2000-01-06,0.9999027689696539,-0.9998328258393404
2000-01-07,0.9999027689696539,-0.9998328258393404
2000-01-10,0.9999027689696539,-0.9998328258393404
2000-01-11,0.9999027689696539,-0.9998328258393404
2000-01-12,0.9999027689696539,-0.9998328258393404
2000-01-13,0.9999027689696539,-0.9998328258393404
2000-01-14,0.9999027689696539,-0.9998328258393404
2000-01-17,0.9999027689696539,-0.9998328258393404
2000-01-18,0.9999027689696539,-0.9998328258393404
2000-01-19,0.9999027689696539,-0.9998328258393404
2000-01-20,0.9999027689696539,-0.9998328258393404
2000-01-21,0.9999027689696539,-0.9998328258393404
2000-01-24,0.9999027689696539,-0.9998328258393404
2000-01-25,0.9999027689696539,-0.9998328258393404
2000-01-26,0.9999027689696539,-0.9998328258393404
2000-01-27,0.9999027689696539,-0.9998328258393404
2000-01-28,0.9999027689696539,-0.9998328258393404
2000-01-31,1.0233536713583922,-1.1367601108412386
2000-02-01,0.9999071735384848,-0.999870666581273
2000-02-02,0.9999071735384848,-0.9998706665754139
2000-02-03,0.9999071735384848,-0.9998706665754139
2000-02-04,0.9999071735384848,-0.9998706665754139
2000-02-07,0.9999071735384848,-0.9998706665754139
2000-02-08,0.9999071735384848,-0.9998706665754139
2000-02-09,0.9999071735384848,-0.9998706665754139
2000-02-10,0.9999071735384848,-0.9998706665754139
2000-02-11,0.9999071735384848,-0.9998706665754139
2000-02-14,0.9999071735384848,-0.9998706665754139
2000-02-15,0.9999071735384848,-0.9998706665754139
2000-02-16,0.9999071735384848,-0.9998706665754139
2000-02-17,0.9999071735384848,-0.9998706665754139
2000-02-18,0.9999071735384848,-0.9998706665754139
2000-02-21,0.9999071735384848,-0.9998706665754139
2000-02-22,0.9999071735384848,-0.9998706665754139
2000-02-23,0.9999071735384848,-0.9998706665754139
2000-02-24,0.9999071735384848,-0.9998706665754139
2000-02-25,0.9999071735384848,-0.9998706665754139
2000-02-28,0.9999071735384848,-0.9998706665754139
2000-02-29,0.9687133167020697,-1.0194675305920478
2000-03-01,0.9999010999145026,-0.9998755901368879
2000-03-02,0.9999010999145026,-0.9998755901359022
2000-03-03,0.9999010999145026,-0.9998755901359022
2000-03-06,0.9999010999145026,-0.9998755901359022
2000-03-07,0.9999010999145026,-0.9998755901359022
2000-03-08,0.9999010999145026,-0.9998755901359022
2000-03-09,0.9999010999145026,-0.9998755901359022
2000-03-10,0.9999010999145026,-0.9998755901359022
2000-03-13,0.9999010999145026,-0.9998755901359022
2000-03-14,0.9999010999145026,-0.9998755901359022
2000-03-15,0.9999010999145026,-0.9998755901359022
2000-03-16,0.9999010999145026,-0.9998755901359022
2000-03-17,0.9999010999145026,-0.9998755901359022
2000-03-20,0.9999010999145026,-0.9998755901359022
2000-03-21,0.9999010999145026,-0.9998755901359022
2000-03-22,0.9999010999145026,-0.9998755901359022
2000-03-23,0.9999010999145026,-0.9998755901359022
2000-03-24,0.9999010999145026,-0.9998755901359022
2000-03-27,0.9999010999145026,-0.9998755901359022
2000-03-28,0.9999010999145026,-0.9998755901359022
2000-03-29,0.9999010999145026,-0.9998755901359022
2000-03-30,0.9999010999145026,-0.9998755901359022
2000-03-31,1.0280310000438104,-1.1241231671417993
2000-04-03,0.9999064375005864,-0.999901568147517
2000-04-04,0.9999064375005864,-0.9999015681421116
2000-04-05,0.9999064375005864,-0.9999015681421116
2000-04-06,0.9999064375005864,-0.9999015681421116
2000-04-07,0.9999064375005864,-0.9999015681421116
2000-04-10,0.9999064375005864,-0.9999015681421116
2000-04-11,0.9999064375005864,-0.9999015681421116
2000-04-12,0.9999064375005864,-0.9999015681421116
2000-04-13,0.9999064375005864,-0.9999015681421116
2000-04-14,0.9999064375005864,-0.9999015681421116
2000-04-17,0.9999064375005864,-0.9999015681421116
2000-04-18,0.9999064375005864,-0.9999015681421116
2000-04-19,0.9999064375005864,-0.9999015681421116
2000-04-20,0.9999064375005864,-0.9999015681421116
2000-04-21,0.9999064375005864,-0.9999015681421116
2000-04-24,0.9999064375005864,-0.9999015681421116
2000-04-25,0.9999064375005864,-0.9999015681421116
2000-04-26,0.9999064375005864,-0.9999015681421116
2000-04-27,0.9999064375005864,-0.9999015681421116
2000-04-28,0.9999064375005864,-0.9999015681421116
2000-05-01,0.9810643758535273,-1.1820326877013223
2000-05-02,0.999902809645059,-0.9999295616732039
2000-05-03,0.999902809645059,-0.9999295616658416
2000-05-04,0.999902809645059,-0.9999295616658416
2000-05-05,0.999902809645059,-0.9999295616658416
2000-05-08,0.999902809645059,-0.9999295616658416
2000-05-09,0.999902809645059,-0.9999295616658416
2000-05-10,0.999902809645059,-0.9999295616658416
2000-05-11,0.999902809645059,-0.9999295616658416
2000-05-12,0.999902809645059,-0.9999295616658416
2000-05-15,0.999902809645059,-0.9999295616658416
2000-05-16,0.999902809645059,-0.9999295616658416
2000-05-17,0.999902809645059,-0.9999295616658416
2000-05-18,0.999902809645059,-0.9999295616658416
2000-05-19,0.999902809645059,-0.9999295616658416
2000-05-22,0.999902809645059,-0.9999295616658416
2000-05-23,0.999902809645059,-0.9999295616658416
2000-05-24,0.999902809645059,-0.9999295616658416
2000-05-25,0.999902809645059,-0.9999295616658416
2000-05-26,0.999902809645059,-0.9999295616658416
2000-05-29,0.999902809645059,-0.9999295616658416
2000-05-30,0.999902809645059,-0.9999295616658416
2000-05-31,0.9277323739965592,-0.8805786132270245
2000-06-01,0.9998871028214642,-0.9999091764084072
2000-06-02,0.9998871028214642,-0.9999091764158989
2000-06-05,0.9998871028214642,-0.9999091764158989
2000-06-06,0.9998871028214642,-0.9999091764158989
2000-06-07,0.9998871028214642,-0.9999091764158989
2000-06-08,0.9998871028214642,-0.9999091764158989
2000-06-09,0.9998871028214642,-0.9999091764158989
2000-06-12,0.9998871028214642,-0.9999091764158989
2000-06-13,0.9998871028214642,-0.9999091764158989
2000-06-14,0.9998871028214642,-0.9999091764158989
2000-06-15,0.9998871028214642,-0.9999091764158989
2000-06-16,0.9998871028214642,-0.9999091764158989
2000-06-19,0.9998871028214642,-0.9999091764158989
2000-06-20,0.9998871028214642,-0.9999091764158989
2000-06-21,0.9998871028214642,-0.9999091764158989
2000-06-22,0.9998871028214642,-0.9999091764158989
2000-06-23,0.9998871028214642,-0.9999091764158989
2000-06-26,0.9998871028214642,-0.9999091764158989
2000-06-27,0.9998871028214642,-0.9999091764158989
2000-06-28,0.9998871028214642,-0.9999091764158989
2000-06-29,0.9998871028214642,-0.9999091764158989
2000-06-30,0.9823378985622486,-0.9220299577743097
2000-07-03,0.9998830337485938,-0.9998931881510322
2000-07-04,0.9998830337485938,-0.9998931881555891
2000-07-05,0.9998830337485938,-0.9998931881555891
2000-07-06,0.9998830337485938,-0.9998931881555891
2000-07-07,0.9998830337485938,-0.9998931881555891
2000-07-10,0.9998830337485938,-0.9998931881555891
2000-07-11,0.9998830337485938,-0.9998931881555891
2000-07-12,0.9998830337485938,-0.9998931881555891
2000-07-13,0.9998830337485938,-0.9998931881555891
2000-07-14,0.9998830337485938,-0.9998931881555891
2000-07-17,0.9998830337485938,-0.9998931881555891
2000-07-18,0.9998830337485938,-0.9998931881555891
2000-07-19,0.9998830337485938,-0.9998931881555891
2000-07-20,0.9998830337485938,-0.9998931881555891
2000-07-21,0.9998830337485938,-0.9998931881555891
2000-07-24,0.9998830337485938,-0.9998931881555891
2000-07-25,0.9998830337485938,-0.9998931881555891
2000-07-26,0.9998830337485938,-0.9998931881555891
2000-07-27,0.9998830337485938,-0.9998931881555891
2000-07-28,0.9998830337485938,-0.9998931881555891
2000-07-31,0.9860706161665899,-1.1031325052952876
2000-08-01,0.9998797345763132,-0.9999122426550228
2000-08-02,0.9998797345763132,-0.9999122426504047
2000-08-03,0.9998797345763132,-0.9999122426504047
2000-08-04,0.9998797345763132,-0.9999122426504047
2000-08-07,0.9998797345763132,-0.9999122426504047
2000-08-08,0.9998797345763132,-0.9999122426504047
2000-08-09,0.9998797345763132,-0.9999122426504047
2000-08-10,0.9998797345763132,-0.9999122426504047
2000-08-11,0.9998797345763132,-0.9999122426504047
2000-08-14,0.9998797345763132,-0.9999122426504047
2000-08-15,0.9998797345763132,-0.9999122426504047
2000-08-16,0.9998797345763132,-0.9999122426504047
2000-08-17,0.9998797345763132,-0.9999122426504047
2000-08-18,0.9998797345763132,-0.9999122426504047
2000-08-21,0.9998797345763132,-0.9999122426504047
2000-08-22,0.9998797345763132,-0.9999122426504047
2000-08-23,0.9998797345763132,-0.9999122426504047
2000-08-24,0.9998797345763132,-0.9999122426504047
2000-08-25,0.9998797345763132,-0.9999122426504047
2000-08-28,0.9998797345763132,-0.9999122426504047
2000-08-29,0.9998797345763132,-0.9999122426504047
2000-08-30,0.9998797345763132,-0.9999122426504047
2000-08-31,1.0055337881918263,-1.1889217568575017
2000-09-01,0.9998810830231815,-0.9999379249656922
2000-09-04,0.9998810830231815,-0.9999379249581161
2000-09-05,0.9998810830231815,-0.9999379249581161
2000-09-06,0.9998810830231815,-0.9999379249581161
2000-09-07,0.9998810830231815,-0.9999379249581161
2000-09-08,0.9998810830231815,-0.9999379249581161
2000-09-11,0.9998810830231815,-0.9999379249581161
2000-09-12,0.9998810830231815,-0.9999379249581161
2000-09-13,0.9998810830231815,-0.9999379249581161
2000-09-14,0.9998810830231815,-0.9999379249581161
2000-09-15,0.9998810830231815,-0.9999379249581161
2000-09-18,0.9998810830231815,-0.9999379249581161
2000-09-19,0.9998810830231815,-0.9999379249581161
2000-09-20,0.9998810830231815,-0.9999379249581161
2000-09-21,0.9998810830231815,-0.9999379249581161
2000-09-22,0.9998810830231815,-0.9999379249581161
2000-09-25,0.9998810830231815,-0.9999379249581161
2000-09-26,0.9998810830231815,-0.9999379249581161
2000-09-27,0.9998810830231815,-0.9999379249581161
2000-09-28,0.9998810830231815,-0.9999379249581161
2000-09-29,0.9998810830231815,-0.9999379249581161
2000-10-02,1.0058076057070244,-1.0200374295828092
2000-10-03,0.9998824800377794,-0.999940346985359
2000-10-04,0.9998824800377794,-0.999940346984349
2000-10-05,0.9998824800377794,-0.999940346984349
2000-10-06,0.9998824800377794,-0.999940346984349
2000-10-09,0.9998824800377794,-0.999940346984349
2000-10-10,0.9998824800377794,-0.999940346984349
2000-10-11,0.9998824800377794,-0.999940346984349
2000-10-12,0.9998824800377794,-0.999940346984349
2000-10-13,0.9998824800377794,-0.999940346984349
2000-10-16,0.9998824800377794,-0.999940346984349
2000-10-17,0.9998824800377794,-0.999940346984349
2000-10-18,0.9998824800377794,-0.999940346984349
2000-10-19,0.9998824800377794,-0.999940346984349
2000-10-20,0.9998824800377794,-0.999940346984349
2000-10-23,0.9998824800377794,-0.999940346984349
2000-10-24,0.9998824800377794,-0.999940346984349
2000-10-25,0.9998824800377794,-0.999940346984349
2000-10-26,0.9998824800377794,-0.999940346984349
2000-10-27,0.9998824800377794,-0.999940346984349
2000-10-30,0.9998824800377794,-0.999940346984349
2000-10-31,1.005893370697152,-1.118922912163969
2000-11-01,0.9998838801193162,-0.9999523582566964
2000-11-02,0.9998838801193162,-0.9999523582514838
2000-11-03,0.9998838801193162,-0.9999523582514838
2000-11-06,0.9998838801193162,-0.9999523582514838
2000-11-07,0.9998838801193162,-0.9999523582514838
2000-11-08,0.9998838801193162,-0.9999523582514838
2000-11-09,0.9998838801193162,-0.9999523582514838
2000-11-10,0.9998838801193162,-0.9999523582514838
2000-11-13,0.9998838801193162,-0.9999523582514838
2000-11-14,0.9998838801193162,-0.9999523582514838
2000-11-15,0.9998838801193162,-0.9999523582514838
2000-11-16,0.9998838801193162,-0.9999523582514838
2000-11-17,0.9998838801193162,-0.9999523582514838
2000-11-20,0.9998838801193162,-0.9999523582514838
2000-11-21,0.9998838801193162,-0.9999523582514838
2000-11-22,0.9998838801193162,-0.9999523582514838
2000-11-23,0.9998838801193162,-0.9999523582514838
2000-11-24,0.9998838801193162,-0.9999523582514838
2000-11-27,0.9998838801193162,-0.9999523582514838
2000-11-28,0.9998838801193162,-0.9999523582514838
2000-11-29,0.9998838801193162,-0.9999523582514838
2000-11-30,0.9274473058900085,-0.9116321491435363
2000-12-01,0.9998650369296836,-0.999942680670048
2000-12-04,0.9998650369296836,-0.9999426806753067
2000-12-05,0.9998650369296836,-0.9999426806753067
2000-12-06,0.9998650369296836,-0.9999426806753067
2000-12-07,0.9998650369296836,-0.9999426806753067
2000-12-08,0.9998650369296836,-0.9999426806753067
2000-12-11,0.9998650369296836,-0.9999426806753067
2000-12-12,0.9998650369296836,-0.9999426806753067
2000-12-13,0.9998650369296836,-0.9999426806753067
2000-12-14,0.9998650369296836,-0.9999426806753067
2000-12-15,0.9998650369296836,-0.9999426806753067
2000-12-18,0.9998650369296836,-0.9999426806753067
2000-12-19,0.9998650369296836,-0.9999426806753067
2000-12-20,0.9998650369296836,-0.9999426806753067
2000-12-21,0.9998650369296836,-0.9999426806753067
2000-12-22,0.9998650369296836,-0.9999426806753067
2000-12-25,0.9998650369296836,-0.9999426806753067
2000-12-26,0.9998650369296836,-0.9999426806753067
2000-12-27,0.9998650369296836,-0.9999426806753067
2000-12-28,0.9998650369296836,-0.9999426806753067
2000-12-29,0.9998650369296836,-0.9999426806753067
2001-01-01,0.9677761157242177,-0.7257119174084878
2001-01-02,0.9998559404718237,-0.9998911846744816
2001-01-03,0.9998559404718237,-0.9998911846977377
2001-01-04,0.9998559404718237,-0.9998911846977377
2001-01-05,0.9998559404718237,-0.9998911846977377
2001-01-08,0.9998559404718237,-0.9998911846977377
2001-01-09,0.9998559404718237,-0.9998911846977377
2001-01-10,0.9998559404718237,-0.9998911846977377
2001-01-11,0.9998559404718237,-0.9998911846977377
2001-01-12,0.9998559404718237,-0.9998911846977377
2001-01-15,0.9998559404718237,-0.9998911846977377
2001-01-16,0.9998559404718237,-0.9998911846977377
2001-01-17,0.9998559404718237,-0.9998911846977377
2001-01-18,0.9998559404718237,-0.9998911846977377
2001-01-19,0.9998559404718237,-0.9998911846977377
2001-01-22,0.9998559404718237,-0.9998911846977377
2001-01-23,0.9998559404718237,-0.9998911846977377
2001-01-24,0.9998559404718237,-0.9998911846977377
2001-01-25,0.9998559404718237,-0.9998911846977377
2001-01-26,0.9998559404718237,-0.9998911846977377
2001-01-29,0.9998559404718237,-0.9998911846977377
2001-01-30,0.9998559404718237,-0.9998911846977377
2001-01-31,0.9819330644084765,-1.0082185369280494
2001-02-01,0.9998506347310563,-0.9998929745047722
2001-02-02,0.9998506347310563,-0.9998929745043466
2001-02-05,0.9998506347310563,-0.9998929745043466
2001-02-06,0.9998506347310563,-0.9998929745043466
2001-02-07,0.9998506347310563,-0.9998929745043466
2001-02-08,0.9998506347310563,-0.9998929745043466
2001-02-09,0.9998506347310563,-0.9998929745043466
2001-02-12,0.9998506347310563,-0.9998929745043466
2001-02-13,0.9998506347310563,-0.9998929745043466
2001-02-14,0.9998506347310563,-0.9998929745043466
2001-02-15,0.9998506347310563,-0.9998929745043466
2001-02-16,0.9998506347310563,-0.9998929745043466
2001-02-19,0.9998506347310563,-0.9998929745043466
2001-02-20,0.9998506347310563,-0.9998929745043466
2001-02-21,0.9998506347310563,-0.9998929745043466
2001-02-22,0.9998506347310563,-0.9998929745043466
2001-02-23,0.9998506347310563,-0.9998929745043466
2001-02-26,0.9998506347310563,-0.9998929745043466
2001-02-27,0.9998506347310563,-0.9998929745043466
2001-02-28,1.0121837379689282,-1.034759392518236
2001-03-01,0.9998542516912111,-0.9999000644335655
2001-03-02,0.9998542516912111,-0.9999000644318506
2001-03-05,0.9998542516912111,-0.9999000644318506
2001-03-06,0.9998542516912111,-0.9999000644318506
2001-03-07,0.9998542516912111,-0.9999000644318506
2001-03-08,0.9998542516912111,-0.9999000644318506
2001-03-09,0.9998542516912111,-0.9999000644318506
2001-03-12,0.9998542516912111,-0.9999000644318506
2001-03-13,0.9998542516912111,-0.9999000644318506
2001-03-14,0.9998542516912111,-0.9999000644318506
2001-03-15,0.9998542516912111,-0.9999000644318506
2001-03-16,0.9998542516912111,-0.9999000644318506
2001-03-19,0.9998542516912111,-0.9999000644318506
2001-03-20,0.9998542516912111,-0.9999000644318506
2001-03-21,0.9998542516912111,-0.9999000644318506
2001-03-22,0.9998542516912111,-0.9999000644318506
2001-03-23,0.9998542516912111,-0.9999000644318506
2001-03-26,0.9998542516912111,-0.9999000644318506
2001-03-27,0.9998542516912111,-0.9999000644318506
2001-03-28,0.9998542516912111,-0.9999000644318506
2001-03-29,0.9998542516912111,-0.9999000644318506
2001-03-30,0.9998542516912111,-0.9999000644318506
2001-04-02,0.996960344995198,-1.140057272878161
2001-04-03,0.9998534045135047,-0.999923123313879
2001-04-04,0.9998534045135047,-0.999923123307906
2001-04-05,0.9998534045135047,-0.999923123307906
2001-04-06,0.9998534045135047,-0.999923123307906
2001-04-09,0.9998534045135047,-0.999923123307906
2001-04-10,0.9998534045135047,-0.999923123307906
2001-04-11,0.9998534045135047,-0.999923123307906
2001-04-12,0.9998534045135047,-0.999923123307906
2001-04-13,0.9998534045135047,-0.999923123307906
2001-04-16,0.9998534045135047,-0.999923123307906
2001-04-17,0.9998534045135047,-0.999923123307906
2001-04-18,0.9998534045135047,-0.999923123307906
2001-04-19,0.9998534045135047,-0.999923123307906
2001-04-20,0.9998534045135047,-0.999923123307906
2001-04-23,0.9998534045135047,-0.999923123307906
2001-04-24,0.9998534045135047,-0.999923123307906
2001-04-25,0.9998534045135047,-0.999923123307906
2001-04-26,0.9998534045135047,-0.999923123307906
2001-04-27,0.9998534045135047,-0.999923123307906
2001-04-30,1.0139795388765962,-0.977807816147619
2001-05-01,0.9998574597494508,-0.9999196069196086
2001-05-02,0.9998574597494508,-0.9999196069207926
2001-05-03,0.9998574597494508,-0.9999196069207926
2001-05-04,0.9998574597494508,-0.9999196069207926
2001-05-07,0.9998574597494508,-0.9999196069207926
2001-05-08,0.9998574597494508,-0.9999196069207926
2001-05-09,0.9998574597494508,-0.9999196069207926
2001-05-10,0.9998574597494508,-0.9999196069207926
2001-05-11,0.9998574597494508,-0.9999196069207926
2001-05-14,0.9998574597494508,-0.9999196069207926
2001-05-15,0.9998574597494508,-0.9999196069207926
2001-05-16,0.9998574597494508,-0.9999196069207926
2001-05-17,0.9998574597494508,-0.9999196069207926
2001-05-18,0.9998574597494508,-0.9999196069207926
2001-05-21,0.9998574597494508,-0.9999196069207926
2001-05-22,0.9998574597494508,-0.9999196069207926
2001-05-23,0.9998574597494508,-0.9999196069207926
2001-05-24,0.9998574597494508,-0.9999196069207926
2001-05-25,0.9998574597494508,-0.9999196069207926
2001-05-28,0.9998574597494508,-0.9999196069207926
2001-05-29,0.9998574597494508,-0.9999196069207926
2001-05-30,0.9998574597494508,-0.9999196069207926
2001-05-31,1.044549750152674,-1.2315127698250958
2001-06-01,0.999869393973533,-0.9999469984979532
2001-06-04,0.999869393973533,-0.9999469984891326
2001-06-05,0.999869393973533,-0.9999469984891326
2001-06-06,0.999869393973533,-0.9999469984891326
2001-06-07,0.999869393973533,-0.9999469984891326
2001-06-08,0.999869393973533,-0.9999469984891326
2001-06-11,0.999869393973533,-0.9999469984891326
2001-06-12,0.999869393973533,-0.9999469984891326
2001-06-13,0.999869393973533,-0.9999469984891326
2001-06-14,0.999869393973533,-0.9999469984891326
2001-06-15,0.999869393973533,-0.9999469984891326
2001-06-18,0.999869393973533,-0.9999469984891326
2001-06-19,0.999869393973533,-0.9999469984891326
2001-06-20,0.999869393973533,-0.9999469984891326
2001-06-21,0.999869393973533,-0.9999469984891326
2001-06-22,0.999869393973533,-0.9999469984891326
2001-06-25,0.999869393973533,-0.9999469984891326
2001-06-26,0.999869393973533,-0.9999469984891326
2001-06-27,0.999869393973533,-0.9999469984891326
2001-06-28,0.999869393973533,-0.9999469984891326
2001-06-29,0.999869393973533,-0.9999469984891326
2001-07-02,0.9757396329499174,-0.9548019773964682
2001-07-03,0.9998628557464333,-0.999941868380592
2001-07-04,0.9998628557464333,-0.9999418683830977
2001-07-05,0.9998628557464333,-0.9999418683830977
2001-07-06,0.9998628557464333,-0.9999418683830977
2001-07-09,0.9998628557464333,-0.9999418683830977
2001-07-10,0.9998628557464333,-0.9999418683830977
2001-07-11,0.9998628557464333,-0.9999418683830977
2001-07-12,0.9998628557464333,-0.9999418683830977
2001-07-13,0.9998628557464333,-0.9999418683830977
2001-07-16,0.9998628557464333,-0.9999418683830977
2001-07-17,0.9998628557464333,-0.9999418683830977
2001-07-18,0.9998628557464333,-0.9999418683830977
2001-07-19,0.9998628557464333,-0.9999418683830977
2001-07-20,0.9998628557464333,-0.9999418683830977
2001-07-23,0.9998628557464333,-0.9999418683830977
2001-07-24,0.9998628557464333,-0.9999418683830977
2001-07-25,0.9998628557464333,-0.9999418683830977
2001-07-26,0.9998628557464333,-0.9999418683830977
2001-07-27,0.9998628557464333,-0.9999418683830977
2001-07-30,0.9998628557464333,-0.9999418683830977
2001-07-31,0.9546854321155301,-0.8910899494926326
2001-08-01,0.9998495718069893,-0.9999268002891637
2001-08-02,0.9998495718069893,-0.9999268002958737
2001-08-03,0.9998495718069893,-0.9999268002958737
2001-08-06,0.9998495718069893,-0.9999268002958737
2001-08-07,0.9998495718069893,-0.9999268002958737
2001-08-08,0.9998495718069893,-0.9999268002958737
2001-08-09,0.9998495718069893,-0.9999268002958737
2001-08-10,0.9998495718069893,-0.9999268002958737
2001-08-13,0.9998495718069893,-0.9999268002958737
2001-08-14,0.9998495718069893,-0.9999268002958737
2001-08-15,0.9998495718069893,-0.9999268002958737
2001-08-16,0.9998495718069893,-0.9999268002958737
2001-08-17,0.9998495718069893,-0.9999268002958737
2001-08-20,0.9998495718069893,-0.9999268002958737
2001-08-21,0.9998495718069893,-0.9999268002958737
2001-08-22,0.9998495718069893,-0.9999268002958737
2001-08-23,0.9998495718069893,-0.9999268002958737
2001-08-24,0.9998495718069893,-0.9999268002958737
2001-08-27,0.9998495718069893,-0.9999268002958737
2001-08-28,0.9998495718069893,-0.9999268002958737
2001-08-29,0.9998495718069893,-0.9999268002958737
2001-08-30,0.9998495718069893,-0.9999268002958737
2001-08-31,0.9985530813667134,-0.9028591418663797
2001-09-03,0.9998491810191985,-0.999910216775578
2001-09-04,0.9998491810191985,-0.9999102167814428
2001-09-05,0.9998491810191985,-0.9999102167814428
2001-09-06,0.9998491810191985,-0.9999102167814428
2001-09-07,0.9998491810191985,-0.9999102167814428
2001-09-10,0.9998491810191985,-0.9999102167814428
2001-09-11,0.9998491810191985,-0.9999102167814428
2001-09-12,0.9998491810191985,-0.9999102167814428
2001-09-13,0.9998491810191985,-0.9999102167814428
2001-09-14,0.9998491810191985,-0.9999102167814428
2001-09-17,0.9998491810191985,-0.9999102167814428
2001-09-18,0.9998491810191985,-0.9999102167814428
2001-09-19,0.9998491810191985,-0.9999102167814428
2001-09-20,0.9998491810191985,-0.9999102167814428
2001-09-21,0.9998491810191985,-0.9999102167814428
2001-09-24,0.9998491810191985,-0.9999102167814428
2001-09-25,0.9998491810191985,-0.9999102167814428
2001-09-26,0.9998491810191985,-0.9999102167814428
2001-09-27,0.9998491810191985,-0.9999102167814428
2001-09-28,0.9998491810191985,-0.9999102167814428
2001-10-01,0.9563772676738905,-1.0056805178982702
2001-10-02,0.9998351619879461,-0.9999112439913769
2001-10-03,0.9998351619879461,-0.9999112439910807
2001-10-04,0.9998351619879461,-0.9999112439910807
2001-10-05,0.9998351619879461,-0.9999112439910807
2001-10-08,0.9998351619879461,-0.9999112439910807
2001-10-09,0.9998351619879461,-0.9999112439910807
2001-10-10,0.9998351619879461,-0.9999112439910807
2001-10-11,0.9998351619879461,-0.9999112439910807
2001-10-12,0.9998351619879461,-0.9999112439910807
2001-10-15,0.9998351619879461,-0.9999112439910807
2001-10-16,0.9998351619879461,-0.9999112439910807
2001-10-17,0.9998351619879461,-0.9999112439910807
2001-10-18,0.9998351619879461,-0.9999112439910807
2001-10-19,0.9998351619879461,-0.9999112439910807
2001-10-22,0.9998351619879461,-0.9999112439910807
2001-10-23,0.9998351619879461,-0.9999112439910807
2001-10-24,0.9998351619879461,-0.9999112439910807
2001-10-25,0.9998351619879461,-0.9999112439910807
2001-10-26,0.9998351619879461,-0.9999112439910807
2001-10-29,0.9998351619879461,-0.9999112439910807
2001-10-30,0.9998351619879461,-0.9999112439910807
2001-10-31,0.9818136597872602,-1.018226433389818
2001-11-01,0.9998290567085533,-0.9999144078465286
2001-11-02,0.9998290567085533,-0.9999144078456058
2001-11-05,0.9998290567085533,-0.9999144078456058
2001-11-06,0.9998290567085533,-0.9999144078456058
2001-11-07,0.9998290567085533,-0.9999144078456058
2001-11-08,0.9998290567085533,-0.9999144078456058
2001-11-09,0.9998290567085533,-0.9999144078456058
2001-11-12,0.9998290567085533,-0.9999144078456058
2001-11-13,0.9998290567085533,-0.9999144078456058
2001-11-14,0.9998290567085533,-0.9999144078456058
2001-11-15,0.9998290567085533,-0.9999144078456058
2001-11-16,0.9998290567085533,-0.9999144078456058
2001-11-19,0.9998290567085533,-0.9999144078456058
2001-11-20,0.9998290567085533,-0.9999144078456058
2001-11-21,0.9998290567085533,-0.9999144078456058
2001-11-22,0.9998290567085533,-0.9999144078456058
2001-11-23,0.9998290567085533,-0.9999144078456058
2001-11-26,0.9998290567085533,-0.9999144078456058
2001-11-27,0.9998290567085533,-0.9999144078456058
2001-11-28,0.9998290567085533,-0.9999144078456058
2001-11-29,0.9998290567085533,-0.9999144078456058
2001-11-30,0.9702251193347476,-1.0006660969846517
2001-12-03,0.9998184686480839,-0.9999145363729158
2001-12-04,0.9998184686480839,-0.999914536372877
2001-12-05,0.9998184686480839,-0.999914536372877
2001-12-06,0.9998184686480839,-0.999914536372877
2001-12-07,0.9998184686480839,-0.999914536372877
2001-12-10,0.9998184686480839,-0.999914536372877
2001-12-11,0.9998184686480839,-0.999914536372877
2001-12-12,0.9998184686480839,-0.999914536372877
2001-12-13,0.9998184686480839,-0.999914536372877
2001-12-14,0.9998184686480839,-0.999914536372877
2001-12-17,0.9998184686480839,-0.999914536372877
2001-12-18,0.9998184686480839,-0.999914536372877
2001-12-19,0.9998184686480839,-0.999914536372877
2001-12-20,0.9998184686480839,-0.999914536372877
2001-12-21,0.9998184686480839,-0.999914536372877
2001-12-24,0.9998184686480839,-0.999914536372877
2001-12-25,0.9998184686480839,-0.999914536372877
2001-12-26,0.9998184686480839,-0.999914536372877
2001-12-27,0.9998184686480839,-0.999914536372877
2001-12-28,0.9998184686480839,-0.999914536372877
2001-12-31,1.0204670143967696,-0.9727683108291911
2002-01-01,0.9998257387815541,-0.9999097005366032
2002-01-02,0.9998257387815541,-0.9999097005380679
2002-01-03,0.9998257387815541,-0.9999097005380679
2002-01-04,0.9998257387815541,-0.9999097005380679
2002-01-07,0.9998257387815541,-0.9999097005380679
2002-01-08,0.9998257387815541,-0.9999097005380679
2002-01-09,0.9998257387815541,-0.9999097005380679
2002-01-10,0.9998257387815541,-0.9999097005380679
2002-01-11,0.9998257387815541,-0.9999097005380679
2002-01-14,0.9998257387815541,-0.9999097005380679
2002-01-15,0.9998257387815541,-0.9999097005380679
2002-01-16,0.9998257387815541,-0.9999097005380679
2002-01-17,0.9998257387815541,-0.9999097005380679
2002-01-18,0.9998257387815541,-0.9999097005380679
2002-01-21,0.9998257387815541,-0.9999097005380679
2002-01-22,0.9998257387815541,-0.9999097005380679
2002-01-23,0.9998257387815541,-0.9999097005380679
2002-01-24,0.9998257387815541,-0.9999097005380679
2002-01-25,0.9998257387815541,-0.9999097005380679
2002-01-28,0.9998257387815541,-0.9999097005380679
2002-01-29,0.9998257387815541,-0.9999097005380679
2002-01-30,0.9998257387815541,-0.9999097005380679
2002-01-31,0.9926152450261707,-1.1145938377964963
2002-02-01,0.9998231985450573,-0.9999273250641848
2002-02-04,0.9998231985450573,-0.9999273250591321
2002-02-05,0.9998231985450573,-0.9999273250591321
2002-02-06,0.9998231985450573,-0.9999273250591321
2002-02-07,0.9998231985450573,-0.9999273250591321
2002-02-08,0.9998231985450573,-0.9999273250591321
2002-02-11,0.9998231985450573,-0.9999273250591321
2002-02-12,0.9998231985450573,-0.9999273250591321
2002-02-13,0.9998231985450573,-0.9999273250591321
2002-02-14,0.9998231985450573,-0.9999273250591321
2002-02-15,0.9998231985450573,-0.9999273250591321
2002-02-18,0.9998231985450573,-0.9999273250591321
2002-02-19,0.9998231985450573,-0.9999273250591321
2002-02-20,0.9998231985450573,-0.9999273250591321
2002-02-21,0.9998231985450573,-0.9999273250591321
2002-02-22,0.9998231985450573,-0.9999273250591321
2002-02-25,0.9998231985450573,-0.9999273250591321
2002-02-26,0.9998231985450573,-0.9999273250591321
2002-02-27,0.9998231985450573,-0.9999273250591321
2002-02-28,0.9815511136052762,-0.9714142689081988
2002-03-01,0.9998165566024881,-0.9999229966068486
2002-03-04,0.9998165566024881,-0.9999229966083905
2002-03-05,0.9998165566024881,-0.9999229966083905
2002-03-06,0.9998165566024881,-0.9999229966083905
2002-03-07,0.9998165566024881,-0.9999229966083905
2002-03-08,0.9998165566024881,-0.9999229966083905
2002-03-11,0.9998165566024881,-0.9999229966083905
2002-03-12,0.9998165566024881,-0.9999229966083905
2002-03-13,0.9998165566024881,-0.9999229966083905
2002-03-14,0.9998165566024881,-0.9999229966083905
2002-03-15,0.9998165566024881,-0.9999229966083905
2002-03-18,0.9998165566024881,-0.9999229966083905
2002-03-19,0.9998165566024881,-0.9999229966083905
2002-03-20,0.9998165566024881,-0.9999229966083905
2002-03-21,0.9998165566024881,-0.9999229966083905
2002-03-22,0.9998165566024881,-0.9999229966083905
2002-03-25,0.9998165566024881,-0.9999229966083905
2002-03-26,0.9998165566024881,-0.9999229966083905
2002-03-27,0.9998165566024881,-0.9999229966083905
2002-03-28,0.9998165566024881,-0.9999229966083905
2002-03-29,0.9998165566024881,-0.9999229966083905
2002-04-01,0.9984327569244581,-0.9874770000011763
2002-04-02,0.9998160478957413,-0.9999210435252252
2002-04-03,0.9998160478957413,-0.9999210435258817
2002-04-04,0.9998160478957413,-0.9999210435258817
2002-04-05,0.9998160478957413,-0.9999210435258817
2002-04-08,0.9998160478957413,-0.9999210435258817
2002-04-09,0.9998160478957413,-0.9999210435258817
2002-04-10,0.9998160478957413,-0.9999210435258817
2002-04-11,0.9998160478957413,-0.9999210435258817
2002-04-12,0.9998160478957413,-0.9999210435258817
2002-04-15,0.9998160478957413,-0.9999210435258817
2002-04-16,0.9998160478957413,-0.9999210435258817
2002-04-17,0.9998160478957413,-0.9999210435258817
2002-04-18,0.9998160478957413,-0.9999210435258817
2002-04-19,0.9998160478957413,-0.9999210435258817
2002-04-22,0.9998160478957413,-0.9999210435258817
2002-04-23,0.9998160478957413,-0.9999210435258817
2002-04-24,0.9998160478957413,-0.9999210435258817
2002-04-25,0.9998160478957413,-0.9999210435258817
2002-04-26,0.9998160478957413,-0.9999210435258817
2002-04-29,0.9998160478957413,-0.9999210435258817
2002-04-30,0.988042784093052,-0.9093425171162697
2002-05-01,0.9998116391712706,-0.9999045329206248
2002-05-02,0.9998116391712706,-0.9999045329260379
2002-05-03,0.9998116391712706,-0.9999045329260379
2002-05-06,0.9998116391712706,-0.9999045329260379
2002-05-07,0.9998116391712706,-0.9999045329260379
2002-05-08,0.9998116391712706,-0.9999045329260379
2002-05-09,0.9998116391712706,-0.9999045329260379
2002-05-10,0.9998116391712706,-0.9999045329260379
2002-05-13,0.9998116391712706,-0.9999045329260379
2002-05-14,0.9998116391712706,-0.9999045329260379
2002-05-15,0.9998116391712706,-0.9999045329260379
2002-05-16,0.9998116391712706,-0.9999045329260379
2002-05-17,0.9998116391712706,-0.9999045329260379
2002-05-20,0.9998116391712706,-0.9999045329260379
2002-05-21,0.9998116391712706,-0.9999045329260379
2002-05-22,0.9998116391712706,-0.9999045329260379
2002-05-23,0.9998116391712706,-0.9999045329260379
2002-05-24,0.9998116391712706,-0.9999045329260379
2002-05-27,0.9998116391712706,-0.9999045329260379
2002-05-28,0.9998116391712706,-0.9999045329260379
2002-05-29,0.9998116391712706,-0.9999045329260379
2002-05-30,0.9998116391712706,-0.9999045329260379
2002-05-31,0.9622051091934338,-0.8631207220394952
2002-06-03,0.9997966323484849,-0.9998718830469422
2002-06-04,0.9997966323484849,-0.9998718830557949
2002-06-05,0.9997966323484849,-0.9998718830557949
2002-06-06,0.9997966323484849,-0.9998718830557949
2002-06-07,0.9997966323484849,-0.9998718830557949
2002-06-10,0.9997966323484849,-0.9998718830557949
2002-06-11,0.9997966323484849,-0.9998718830557949
2002-06-12,0.9997966323484849,-0.9998718830557949
2002-06-13,0.9997966323484849,-0.9998718830557949
2002-06-14,0.9997966323484849,-0.9998718830557949
2002-06-17,0.9997966323484849,-0.9998718830557949
2002-06-18,0.9997966323484849,-0.9998718830557949
2002-06-19,0.9997966323484849,-0.9998718830557949
2002-06-20,0.9997966323484849,-0.9998718830557949
2002-06-21,0.9997966323484849,-0.9998718830557949
2002-06-24,0.9997966323484849,-0.9998718830557949
2002-06-25,0.9997966323484849,-0.9998718830557949
2002-06-26,0.9997966323484849,-0.9998718830557949
2002-06-27,0.9997966323484849,-0.9998718830557949
2002-06-28,0.9997966323484849,-0.9998718830557949
2002-07-01,1.0125622351582166,-0.768666214360028
2002-07-02,0.9998017263140754,-0.9997832484188656
2002-07-03,0.9998017263140754,-0.9997832484367714
2002-07-04,0.9998017263140754,-0.9997832484367714
2002-07-05,0.9998017263140754,-0.9997832484367714
2002-07-08,0.9998017263140754,-0.9997832484367714
2002-07-09,0.9998017263140754,-0.9997832484367714
2002-07-10,0.9998017263140754,-0.9997832484367714
2002-07-11,0.9998017263140754,-0.9997832484367714
2002-07-12,0.9998017263140754,-0.9997832484367714
2002-07-15,0.9998017263140754,-0.9997832484367714
2002-07-16,0.9998017263140754,-0.9997832484367714
2002-07-17,0.9998017263140754,-0.9997832484367714
2002-07-18,0.9998017263140754,-0.9997832484367714
2002-07-19,0.9998017263140754,-0.9997832484367714
2002-07-22,0.9998017263140754,-0.9997832484367714
2002-07-23,0.9998017263140754,-0.9997832484367714
2002-07-24,0.9998017263140754,-0.9997832484367714
2002-07-25,0.9998017263140754,-0.9997832484367714
2002-07-26,0.9998017263140754,-0.9997832484367714
2002-07-29,0.9998017263140754,-0.9997832484367714
2002-07-30,0.9998017263140754,-0.9997832484367714
2002-07-31,1.0391818186610635,-1.076615953226007
2002-08-01,0.9998164648003214,-0.9998130731505998
2002-08-02,0.9998164648003214,-0.9998130731470384
2002-08-05,0.9998164648003214,-0.9998130731470384
2002-08-06,0.9998164648003214,-0.9998130731470384
2002-08-07,0.9998164648003214,-0.9998130731470384
2002-08-08,0.9998164648003214,-0.9998130731470384
2002-08-09,0.9998164648003214,-0.9998130731470384
2002-08-12,0.9998164648003214,-0.9998130731470384
2002-08-13,0.9998164648003214,-0.9998130731470384
2002-08-14,0.9998164648003214,-0.9998130731470384
2002-08-15,0.9998164648003214,-0.9998130731470384
2002-08-16,0.9998164648003214,-0.9998130731470384
2002-08-19,0.9998164648003214,-0.9998130731470384
2002-08-20,0.9998164648003214,-0.9998130731470384
2002-08-21,0.9998164648003214,-0.9998130731470384
2002-08-22,0.9998164648003214,-0.9998130731470384
2002-08-23,0.9998164648003214,-0.9998130731470384
2002-08-26,0.9998164648003214,-0.9998130731470384
2002-08-27,0.9998164648003214,-0.9998130731470384
2002-08-28,0.9998164648003214,-0.9998130731470384
2002-08-29,0.9998164648003214,-0.9998130731470384
2002-08-30,0.9998164648003214,-0.9998130731470384
2002-09-02,1.008520612781752,-0.9921235721826631
2002-09-03,0.9998196183172439,-0.9998101651717712
2002-09-04,0.9998196183172439,-0.9998101651721738
2002-09-05,0.9998196183172439,-0.9998101651721738
2002-09-06,0.9998196183172439,-0.9998101651721738
2002-09-09,0.9998196183172439,-0.9998101651721738
2002-09-10,0.9998196183172439,-0.9998101651721738
2002-09-11,0.9998196183172439,-0.9998101651721738
2002-09-12,0.9998196183172439,-0.9998101651721738
2002-09-13,0.9998196183172439,-0.9998101651721738
2002-09-16,0.9998196183172439,-0.9998101651721738
2002-09-17,0.9998196183172439,-0.9998101651721738
2002-09-18,0.9998196183172439,-0.9998101651721738
2002-09-19,0.9998196183172439,-0.9998101651721738
2002-09-20,0.9998196183172439,-0.9998101651721738
2002-09-23,0.9998196183172439,-0.9998101651721738
2002-09-24,0.9998196183172439,-0.9998101651721738
2002-09-25,0.9998196183172439,-0.9998101651721738
2002-09-26,0.9998196183172439,-0.9998101651721738
2002-09-27,0.9998196183172439,-0.9998101651721738
2002-09-30,0.9847675942072747,-0.9239550770646533
2002-10-01,0.9998140635112664,-0.999777726228772
2002-10-02,0.9998140635112664,-0.9997777262331947
2002-10-03,0.9998140635112664,-0.9997777262331947
2002-10-04,0.9998140635112664,-0.9997777262331947
2002-10-07,0.9998140635112664,-0.9997777262331947
2002-10-08,0.9998140635112664,-0.9997777262331947
2002-10-09,0.9998140635112664,-0.9997777262331947
2002-10-10,0.9998140635112664,-0.9997777262331947
2002-10-11,0.9998140635112664,-0.9997777262331947
2002-10-14,0.9998140635112664,-0.9997777262331947
2002-10-15,0.9998140635112664,-0.9997777262331947
2002-10-16,0.9998140635112664,-0.9997777262331947
2002-10-17,0.9998140635112664,-0.9997777262331947
2002-10-18,0.9998140635112664,-0.9997777262331947
2002-10-21,0.9998140635112664,-0.9997777262331947
2002-10-22,0.9998140635112664,-0.9997777262331947
2002-10-23,0.9998140635112664,-0.9997777262331947
2002-10-24,0.9998140635112664,-0.9997777262331947
2002-10-25,0.9998140635112664,-0.9997777262331947
2002-10-28,0.9998140635112664,-0.9997777262331947
2002-10-29,0.9998140635112664,-0.9997777262331947
2002-10-30,0.9998140635112664,-0.9997777262331947
2002-10-31,0.991154973921073,-0.9764926214511385
2002-11-01,0.9998108014285181,-0.9997670030557718
2002-11-04,0.9998108014285181,-0.9997670030570205
2002-11-05,0.9998108014285181,-0.9997670030570205
2002-11-06,0.9998108014285181,-0.9997670030570205
2002-11-07,0.9998108014285181,-0.9997670030570205
2002-11-08,0.9998108014285181,-0.9997670030570205
2002-11-11,0.9998108014285181,-0.9997670030570205
2002-11-12,0.9998108014285181,-0.9997670030570205
2002-11-13,0.9998108014285181,-0.9997670030570205
2002-11-14,0.9998108014285181,-0.9997670030570205
2002-11-15,0.9998108014285181,-0.9997670030570205
2002-11-18,0.9998108014285181,-0.9997670030570205
2002-11-19,0.9998108014285181,-0.9997670030570205
2002-11-20,0.9998108014285181,-0.9997670030570205
2002-11-21,0.9998108014285181,-0.9997670030570205
2002-11-22,0.9998108014285181,-0.9997670030570205
2002-11-25,0.9998108014285181,-0.9997670030570205
2002-11-26,0.9998108014285181,-0.9997670030570205
2002-11-27,0.9998108014285181,-0.9997670030570205
2002-11-28,0.9998108014285181,-0.9997670030570205
2002-11-29,0.9998108014285181,-0.9997670030570205
2002-12-02,1.0030268611279893,-0.9531162665714312
2002-12-03,0.9998120124172573,-0.9997436455401311
2002-12-04,0.9998120124172573,-0.9997436455427254
2002-12-05,0.9998120124172573,-0.9997436455427254
2002-12-06,0.9998120124172573,-0.9997436455427254
2002-12-09,0.9998120124172573,-0.9997436455427254
2002-12-10,0.9998120124172573,-0.9997436455427254
2002-12-11,0.9998120124172573,-0.9997436455427254
2002-12-12,0.9998120124172573,-0.9997436455427254
2002-12-13,0.9998120124172573,-0.9997436455427254
2002-12-16,0.9998120124172573,-0.9997436455427254
2002-12-17,0.9998120124172573,-0.9997436455427254
2002-12-18,0.9998120124172573,-0.9997436455427254
2002-12-19,0.9998120124172573,-0.9997436455427254
2002-12-20,0.9998120124172573,-0.9997436455427254
2002-12-23,0.9998120124172573,-0.9997436455427254
2002-12-24,0.9998120124172573,-0.9997436455427254
2002-12-25,0.9998120124172573,-0.9997436455427254
2002-12-26,0.9998120124172573,-0.9997436455427254
2002-12-27,0.9998120124172573,-0.9997436455427254
2002-12-30,0.9998120124172573,-0.9997436455427254
2002-12-31,0.9555079843839807,-0.6454803021752684
2003-01-01,0.9997941809333258,-0.9993853627101672
2003-01-02,0.9997941809333258,-0.9993853627463184
2003-01-03,0.9997941809333258,-0.9993853627463184
2003-01-06,0.9997941809333258,-0.9993853627463184
2003-01-07,0.9997941809333258,-0.9993853627463184
2003-01-08,0.9997941809333258,-0.9993853627463184
2003-01-09,0.9997941809333258,-0.9993853627463184
2003-01-10,0.9997941809333258,-0.9993853627463184
2003-01-13,0.9997941809333258,-0.9993853627463184
2003-01-14,0.9997941809333258,-0.9993853627463184
2003-01-15,0.9997941809333258,-0.9993853627463184
2003-01-16,0.9997941809333258,-0.9993853627463184
2003-01-17,0.9997941809333258,-0.9993853627463184
2003-01-20,0.9997941809333258,-0.9993853627463184
2003-01-21,0.9997941809333258,-0.9993853627463184
2003-01-22,0.9997941809333258,-0.9993853627463184
2003-01-23,0.9997941809333258,-0.9993853627463184
2003-01-24,0.9997941809333258,-0.9993853627463184
2003-01-27,0.9997941809333258,-0.9993853627463184
2003-01-28,0.9997941809333258,-0.9993853627463184
2003-01-29,0.9997941809333258,-0.9993853627463184
2003-01-30,0.9997941809333258,-0.9993853627463184
2003-01-31,1.0203880942042731,-0.6697195959169757
2003-02-03,0.9998024025181382,-0.9986328752103386
2003-02-04,0.9998024025181382,-0.9986328752419705
2003-02-05,0.9998024025181382,-0.9986328752419705
2003-02-06,0.9998024025181382,-0.9986328752419705
2003-02-07,0.9998024025181382,-0.9986328752419705
2003-02-10,0.9998024025181382,-0.9986328752419705
2003-02-11,0.9998024025181382,-0.9986328752419705
2003-02-12,0.9998024025181382,-0.9986328752419705
2003-02-13,0.9998024025181382,-0.9986328752419705
2003-02-14,0.9998024025181382,-0.9986328752419705
2003-02-17,0.9998024025181382,-0.9986328752419705
2003-02-18,0.9998024025181382,-0.9986328752419705
2003-02-19,0.9998024025181382,-0.9986328752419705
2003-02-20,0.9998024025181382,-0.9986328752419705
2003-02-21,0.9998024025181382,-0.9986328752419705
2003-02-24,0.9998024025181382,-0.9986328752419705
2003-02-25,0.9998024025181382,-0.9986328752419705
2003-02-26,0.9998024025181382,-0.9986328752419705
2003-02-27,0.9998024025181382,-0.9986328752419705
2003-02-28,0.9114768293588112,-0.8988811146850594
2003-03-03,0.9997622654303513,-0.9983134202146107
2003-03-04,0.9997622654303513,-0.9983134202206453
2003-03-05,0.9997622654303513,-0.9983134202206453
2003-03-06,0.9997622654303513,-0.9983134202206453
2003-03-07,0.9997622654303513,-0.9983134202206453
2003-03-10,0.9997622654303513,-0.9983134202206453
2003-03-11,0.9997622654303513,-0.9983134202206453
2003-03-12,0.9997622654303513,-0.9983134202206453
2003-03-13,0.9997622654303513,-0.9983134202206453
2003-03-14,0.9997622654303513,-0.9983134202206453
2003-03-17,0.9997622654303513,-0.9983134202206453
2003-03-18,0.9997622654303513,-0.9983134202206453
2003-03-19,0.9997622654303513,-0.9983134202206453
2003-03-20,0.9997622654303513,-0.9983134202206453
2003-03-21,0.9997622654303513,-0.9983134202206453
2003-03-24,0.9997622654303513,-0.9983134202206453
2003-03-25,0.9997622654303513,-0.9983134202206453
2003-03-26,0.9997622654303513,-0.9983134202206453
2003-03-27,0.9997622654303513,-0.9983134202206453
2003-03-28,0.9997622654303513,-0.9983134202206453
2003-03-31,1.0141822921666155,-0.7542627926922502
2003-04-01,0.9997689754432392,-0.9970510272496799
2003-04-02,0.9997689754432392,-0.9970510272689729
2003-04-03,0.9997689754432392,-0.9970510272689729
2003-04-04,0.9997689754432392,-0.9970510272689729
2003-04-07,0.9997689754432392,-0.9970510272689729
2003-04-08,0.9997689754432392,-0.9970510272689729
2003-04-09,0.9997689754432392,-0.9970510272689729
2003-04-10,0.9997689754432392,-0.9970510272689729
2003-04-11,0.9997689754432392,-0.9970510272689729
2003-04-14,0.9997689754432392,-0.9970510272689729
2003-04-15,0.9997689754432392,-0.9970510272689729
2003-04-16,0.9997689754432392,-0.9970510272689729
2003-04-17,0.9997689754432392,-0.9970510272689729
2003-04-18,0.9997689754432392,-0.9970510272689729
2003-04-21,0.9997689754432392,-0.9970510272689729
2003-04-22,0.9997689754432392,-0.9970510272689729
2003-04-23,0.9997689754432392,-0.9970510272689729
2003-04-24,0.9997689754432392,-0.9970510272689729
2003-04-25,0.9997689754432392,-0.9970510272689729
2003-04-28,0.9997689754432392,-0.9970510272689729
2003-04-29,0.9997689754432392,-0.9970510272689729
2003-04-30,1.0285634973688844,-0.15802913014232473
2003-05-01,0.9997817252246923,-0.8995429651666602
2003-05-02,0.9997817252246923,-0.8995429658979923
2003-05-05,0.9997817252246923,-0.8995429658979923
2003-05-06,0.9997817252246923,-0.8995429658979923
2003-05-07,0.9997817252246923,-0.8995429658979923
2003-05-08,0.9997817252246923,-0.8995429658979923
2003-05-09,0.9997817252246923,-0.8995429658979923
2003-05-12,0.9997817252246923,-0.8995429658979923
2003-05-13,0.9997817252246923,-0.8995429658979923
2003-05-14,0.9997817252246923,-0.8995429658979923
2003-05-15,0.9997817252246923,-0.8995429658979923
2003-05-16,0.9997817252246923,-0.8995429658979923
2003-05-19,0.9997817252246923,-0.8995429658979923
2003-05-20,0.9997817252246923,-0.8995429658979923
2003-05-21,0.9997817252246923,-0.8995429658979923
2003-05-22,0.9997817252246923,-0.8995429658979923
2003-05-23,0.9997817252246923,-0.8995429658979923
2003-05-26,0.9997817252246923,-0.8995429658979923
2003-05-27,0.9997817252246923,-0.8995429658979923
2003-05-28,0.9997817252246923,-0.8995429658979923
2003-05-29,0.9997817252246923,-0.8995429658979923
2003-05-30,0.9997817252246923,-0.8995429658979923
2003-06-02,0.9711078854889932,8.220600364474231
2003-06-03,0.9997686494925323,0.9985911207401703
2003-06-04,0.9997686494925323,0.998591120714698
2003-06-05,0.9997686494925323,0.998591120714698
2003-06-06,0.9997686494925323,0.998591120714698
2003-06-09,0.9997686494925323,0.998591120714698
2003-06-10,0.9997686494925323,0.998591120714698
2003-06-11,0.9997686494925323,0.998591120714698
2003-06-12,0.9997686494925323,0.998591120714698
2003-06-13,0.9997686494925323,0.998591120714698
2003-06-16,0.9997686494925323,0.998591120714698
2003-06-17,0.9997686494925323,0.998591120714698
2003-06-18,0.9997686494925323,0.998591120714698
2003-06-19,0.9997686494925323,0.998591120714698
2003-06-20,0.9997686494925323,0.998591120714698
2003-06-23,0.9997686494925323,0.998591120714698
2003-06-24,0.9997686494925323,0.998591120714698
2003-06-25,0.9997686494925323,0.998591120714698
2003-06-26,0.9997686494925323,0.998591120714698
2003-06-27,0.9997686494925323,0.998591120714698
2003-06-30,1.1173290727988354,0.482854067389496
2003-07-01,0.9998147589085626,0.994015555760707
2003-07-02,0.9998147589085626,0.9940155558440367
2003-07-03,0.9998147589085626,0.9940155558440367
2003-07-04,0.9998147589085626,0.9940155558440367
2003-07-07,0.9998147589085626,0.9940155558440367
2003-07-08,0.9998147589085626,0.9940155558440367
2003-07-09,0.9998147589085626,0.9940155558440367
2003-07-10,0.9998147589085626,0.9940155558440367
2003-07-11,0.9998147589085626,0.9940155558440367
2003-07-14,0.9998147589085626,0.9940155558440367
2003-07-15,0.9998147589085626,0.9940155558440367
2003-07-16,0.9998147589085626,0.9940155558440367
2003-07-17,0.9998147589085626,0.9940155558440367
2003-07-18,0.9998147589085626,0.9940155558440367
2003-07-21,0.9998147589085626,0.9940155558440367
2003-07-22,0.9998147589085626,0.9940155558440367
2003-07-23,0.9998147589085626,0.9940155558440367
2003-07-24,0.9998147589085626,0.9940155558440367
2003-07-25,0.9998147589085626,0.9940155558440367
2003-07-28,0.9998147589085626,0.9940155558440367
2003-07-29,0.9998147589085626,0.9940155558440367
2003-07-30,0.9998147589085626,0.9940155558440367
2003-07-31,0.9799885402754502,0.062255455300361195
2003-08-01,0.9998071900279191,0.49513967657941443
2003-08-04,0.9998071900279191,0.4951396773774929
2003-08-05,0.9998071900279191,0.4951396773774929
2003-08-06,0.9998071900279191,0.4951396773774929
2003-08-07,0.9998071900279191,0.4951396773774929
2003-08-08,0.9998071900279191,0.4951396773774929
2003-08-11,0.9998071900279191,0.4951396773774929
2003-08-12,0.9998071900279191,0.4951396773774929
2003-08-13,0.9998071900279191,0.4951396773774929
2003-08-14,0.9998071900279191,0.4951396773774929
2003-08-15,0.9998071900279191,0.4951396773774929
2003-08-18,0.9998071900279191,0.4951396773774929
2003-08-19,0.9998071900279191,0.4951396773774929
2003-08-20,0.9998071900279191,0.4951396773774929
2003-08-21,0.9998071900279191,0.4951396773774929
2003-08-22,0.9998071900279191,0.4951396773774929
2003-08-25,0.9998071900279191,0.4951396773774929
2003-08-26,0.9998071900279191,0.4951396773774929
2003-08-27,0.9998071900279191,0.4951396773774929
2003-08-28,0.9998071900279191,0.4951396773774929
2003-08-29,0.9998071900279191,0.4951396773774929
2003-09-01,1.0191995197576031,-9.090274037819894
2003-09-02,0.9998144554013181,-0.9954636555030006
2003-09-03,0.9998144554013181,-0.9954636554775367
2003-09-04,0.9998144554013181,-0.9954636554775367
2003-09-05,0.9998144554013181,-0.9954636554775367
2003-09-08,0.9998144554013181,-0.9954636554775367
2003-09-09,0.9998144554013181,-0.9954636554775367
2003-09-10,0.9998144554013181,-0.9954636554775367
2003-09-11,0.9998144554013181,-0.9954636554775367
2003-09-12,0.9998144554013181,-0.9954636554775367
2003-09-15,0.9998144554013181,-0.9954636554775367
2003-09-16,0.9998144554013181,-0.9954636554775367
2003-09-17,0.9998144554013181,-0.9954636554775367
2003-09-18,0.9998144554013181,-0.9954636554775367
2003-09-19,0.9998144554013181,-0.9954636554775367
2003-09-22,0.9998144554013181,-0.9954636554775367
2003-09-23,0.9998144554013181,-0.9954636554775367
2003-09-24,0.9998144554013181,-0.9954636554775367
2003-09-25,0.9998144554013181,-0.9954636554775367
2003-09-26,0.9998144554013181,-0.9954636554775367
2003-09-29,0.9998144554013181,-0.9954636554775367
2003-09-30,1.0215678212498565,0.6597904068354972
2003-10-01,0.9998222711940972,0.9897623907645123
2003-10-02,0.9998222711940972,0.989762390796553
2003-10-03,0.9998222711940972,0.989762390796553
2003-10-06,0.9998222711940972,0.989762390796553
2003-10-07,0.9998222711940972,0.989762390796553
2003-10-08,0.9998222711940972,0.989762390796553
2003-10-09,0.9998222711940972,0.989762390796553
2003-10-10,0.9998222711940972,0.989762390796553
2003-10-13,0.9998222711940972,0.989762390796553
2003-10-14,0.9998222711940972,0.989762390796553
2003-10-15,0.9998222711940972,0.989762390796553
2003-10-16,0.9998222711940972,0.989762390796553
2003-10-17,0.9998222711940972,0.989762390796553
2003-10-20,0.9998222711940972,0.989762390796553
2003-10-21,0.9998222711940972,0.989762390796553
2003-10-22,0.9998222711940972,0.989762390796553
2003-10-23,0.9998222711940972,0.989762390796553
2003-10-24,0.9998222711940972,0.989762390796553
2003-10-27,0.9998222711940972,0.989762390796553
2003-10-28,0.9998222711940972,0.989762390796553
2003-10-29,0.9998222711940972,0.989762390796553
2003-10-30,0.9998222711940972,0.989762390796553
2003-10-31,1.0802738832827303,0.4944731846639558
2003-11-03,0.9998477517585805,0.9607778109508797
2003-11-04,0.9998477517585805,0.9607778110199169
2003-11-05,0.9998477517585805,0.9607778110199169
2003-11-06,0.9998477517585805,0.9607778110199169
2003-11-07,0.9998477517585805,0.9607778110199169
2003-11-10,0.9998477517585805,0.9607778110199169
2003-11-11,0.9998477517585805,0.9607778110199169
2003-11-12,0.9998477517585805,0.9607778110199169
2003-11-13,0.9998477517585805,0.9607778110199169
2003-11-14,0.9998477517585805,0.9607778110199169
2003-11-17,0.9998477517585805,0.9607778110199169
2003-11-18,0.9998477517585805,0.9607778110199169
2003-11-19,0.9998477517585805,0.9607778110199169
2003-11-20,0.9998477517585805,0.9607778110199169
2003-11-21,0.9998477517585805,0.9607778110199169
2003-11-24,0.9998477517585805,0.9607778110199169
2003-11-25,0.9998477517585805,0.9607778110199169
2003-11-26,0.9998477517585805,0.9607778110199169
2003-11-27,0.9998477517585805,0.9607778110199169
2003-11-28,0.9998477517585805,0.9607778110199169
2003-12-01,0.9630894988969952,4.479399055151672
2003-12-02,0.9998359111679678,0.9980890716281462
2003-12-03,0.9998359111679678,0.9980890716035883
2003-12-04,0.9998359111679678,0.9980890716035883
2003-12-05,0.9998359111679678,0.9980890716035883
2003-12-08,0.9998359111679678,0.9980890716035883
2003-12-09,0.9998359111679678,0.9980890716035883
2003-12-10,0.9998359111679678,0.9980890716035883
2003-12-11,0.9998359111679678,0.9980890716035883
2003-12-12,0.9998359111679678,0.9980890716035883
2003-12-15,0.9998359111679678,0.9980890716035883
2003-12-16,0.9998359111679678,0.9980890716035883
2003-12-17,0.9998359111679678,0.9980890716035883
2003-12-18,0.9998359111679678,0.9980890716035883
2003-12-19,0.9998359111679678,0.9980890716035883
2003-12-22,0.9998359111679678,0.9980890716035883
2003-12-23,0.9998359111679678,0.9980890716035883
2003-12-24,0.9998359111679678,0.9980890716035883
2003-12-25,0.9998359111679678,0.9980890716035883
2003-12-26,0.9998359111679678,0.9980890716035883
2003-12-29,0.9998359111679678,0.9980890716035883
2003-12-30,0.9998359111679678,0.9980890716035883
2003-12-31,1.0170814912334245,2.06621228575692
2004-01-01,0.9998414272426028,0.9995531229850769
2004-01-02,0.9998414272426028,0.9995531229652544
2004-01-05,0.9998414272426028,0.9995531229652544
2004-01-06,0.9998414272426028,0.9995531229652544
2004-01-07,0.9998414272426028,0.9995531229652544
2004-01-08,0.9998414272426028,0.9995531229652544
2004-01-09,0.9998414272426028,0.9995531229652544
2004-01-12,0.9998414272426028,0.9995531229652544
2004-01-13,0.9998414272426028,0.9995531229652544
2004-01-14,0.9998414272426028,0.9995531229652544
2004-01-15,0.9998414272426028,0.9995531229652544
2004-01-16,0.9998414272426028,0.9995531229652544
2004-01-19,0.9998414272426028,0.9995531229652544
2004-01-20,0.9998414272426028,0.9995531229652544
2004-01-21,0.9998414272426028,0.9995531229652544
2004-01-22,0.9998414272426028,0.9995531229652544
2004-01-23,0.9998414272426028,0.9995531229652544
2004-01-26,0.9998414272426028,0.9995531229652544
2004-01-27,0.9998414272426028,0.9995531229652544
2004-01-28,0.9998414272426028,0.9995531229652544
2004-01-29,0.9998414272426028,0.9995531229652544
2004-01-30,0.9998414272426028,0.9995531229652544
2004-02-02,1.0731620432564886,0.8147691034259025
2004-02-03,0.9998623507472477,0.9993276679663471
2004-02-04,0.9998623507472477,0.9993276679793959
2004-02-05,0.9998623507472477,0.9993276679793959
2004-02-06,0.9998623507472477,0.9993276679793959
2004-02-09,0.9998623507472477,0.9993276679793959
2004-02-10,0.9998623507472477,0.9993276679793959
2004-02-11,0.9998623507472477,0.9993276679793959
2004-02-12,0.9998623507472477,0.9993276679793959
2004-02-13,0.9998623507472477,0.9993276679793959
2004-02-16,0.9998623507472477,0.9993276679793959
2004-02-17,0.9998623507472477,0.9993276679793959
2004-02-18,0.9998623507472477,0.9993276679793959
2004-02-19,0.9998623507472477,0.9993276679793959
2004-02-20,0.9998623507472477,0.9993276679793959
2004-02-23,0.9998623507472477,0.9993276679793959
2004-02-24,0.9998623507472477,0.9993276679793959
2004-02-25,0.9998623507472477,0.9993276679793959
2004-02-26,0.9998623507472477,0.9993276679793959
2004-02-27,0.9998623507472477,0.9993276679793959
2004-03-01,1.0356622822894268,1.1099505134967038
2004-03-02,0.999871700766667,0.9994549011142883
2004-03-03,0.999871700766667,0.9994549011093928
2004-03-04,0.999871700766667,0.9994549011093928
2004-03-05,0.999871700766667,0.9994549011093928
2004-03-08,0.999871700766667,0.9994549011093928
2004-03-09,0.999871700766667,0.9994549011093928
2004-03-10,0.999871700766667,0.9994549011093928
2004-03-11,0.999871700766667,0.9994549011093928
2004-03-12,0.999871700766667,0.9994549011093928
2004-03-15,0.999871700766667,0.9994549011093928
2004-03-16,0.999871700766667,0.9994549011093928
2004-03-17,0.999871700766667,0.9994549011093928
2004-03-18,0.999871700766667,0.9994549011093928
2004-03-19,0.999871700766667,0.9994549011093928
2004-03-22,0.999871700766667,0.9994549011093928
2004-03-23,0.999871700766667,0.9994549011093928
2004-03-24,0.999871700766667,0.9994549011093928
2004-03-25,0.999871700766667,0.9994549011093928
2004-03-26,0.999871700766667,0.9994549011093928
2004-03-29,0.999871700766667,0.9994549011093928
2004-03-30,0.999871700766667,0.9994549011093928
2004-03-31,1.0323468890890282,0.6297768375515954
2004-04-01,0.9998796443497798,0.9986288350216881
2004-04-02,0.9998796443497798,0.9986288350608428
2004-04-05,0.9998796443497798,0.9986288350608428
2004-04-06,0.9998796443497798,0.9986288350608428
2004-04-07,0.9998796443497798,0.9986288350608428
2004-04-08,0.9998796443497798,0.9986288350608428
2004-04-09,0.9998796443497798,0.9986288350608428
2004-04-12,0.9998796443497798,0.9986288350608428
2004-04-13,0.9998796443497798,0.9986288350608428
2004-04-14,0.9998796443497798,0.9986288350608428
2004-04-15,0.9998796443497798,0.9986288350608428
2004-04-16,0.9998796443497798,0.9986288350608428
2004-04-19,0.9998796443497798,0.9986288350608428
2004-04-20,0.9998796443497798,0.9986288350608428
2004-04-21,0.9998796443497798,0.9986288350608428
2004-04-22,0.9998796443497798,0.9986288350608428
2004-04-23,0.9998796443497798,0.9986288350608428
2004-04-26,0.9998796443497798,0.9986288350608428
2004-04-27,0.9998796443497798,0.9986288350608428
2004-04-28,0.9998796443497798,0.9986288350608428
2004-04-29,0.9998796443497798,0.9986288350608428
2004-04-30,0.9310398680327834,0.7666199826159013
2004-05-03,0.9998611923637122,0.9976766425769362
2004-05-04,0.9998611923637122,0.9976766425948529
2004-05-05,0.9998611923637122,0.9976766425948529
2004-05-06,0.9998611923637122,0.9976766425948529
2004-05-07,0.9998611923637122,0.9976766425948529
2004-05-10,0.9998611923637122,0.9976766425948529
2004-05-11,0.9998611923637122,0.9976766425948529
2004-05-12,0.9998611923637122,0.9976766425948529
2004-05-13,0.9998611923637122,0.9976766425948529
2004-05-14,0.9998611923637122,0.9976766425948529
2004-05-17,0.9998611923637122,0.9976766425948529
2004-05-18,0.9998611923637122,0.9976766425948529
2004-05-19,0.9998611923637122,0.9976766425948529
2004-05-20,0.9998611923637122,0.9976766425948529
2004-05-21,0.9998611923637122,0.9976766425948529
2004-05-24,0.9998611923637122,0.9976766425948529
2004-05-25,0.9998611923637122,0.9976766425948529
2004-05-26,0.9998611923637122,0.9976766425948529
2004-05-27,0.9998611923637122,0.9976766425948529
2004-05-28,0.9998611923637122,0.9976766425948529
2004-05-31,0.9769947086184209,1.4440114171103868
2004-06-01,0.9998546201962101,0.9988889191997372
2004-06-02,0.9998546201962101,0.9988889191862508
2004-06-03,0.9998546201962101,0.9988889191862508
2004-06-04,0.9998546201962101,0.9988889191862508
2004-06-07,0.9998546201962101,0.9988889191862508
2004-06-08,0.9998546201962101,0.9988889191862508
2004-06-09,0.9998546201962101,0.9988889191862508
2004-06-10,0.9998546201962101,0.9988889191862508
2004-06-11,0.9998546201962101,0.9988889191862508
2004-06-14,0.9998546201962101,0.9988889191862508
2004-06-15,0.9998546201962101,0.9988889191862508
2004-06-16,0.9998546201962101,0.9988889191862508
2004-06-17,0.9998546201962101,0.9988889191862508
2004-06-18,0.9998546201962101,0.9988889191862508
2004-06-21,0.9998546201962101,0.9988889191862508
2004-06-22,0.9998546201962101,0.9988889191862508
2004-06-23,0.9998546201962101,0.9988889191862508
2004-06-24,0.9998546201962101,0.9988889191862508
2004-06-25,0.9998546201962101,0.9988889191862508
2004-06-28,0.9998546201962101,0.9988889191862508
2004-06-29,0.9998546201962101,0.9988889191862508
2004-06-30,0.9768084601734904,0.9443665499848454
2004-07-01,0.9998476808709542,0.9987571666160131
2004-07-02,0.9998476808709542,0.9987571666190774
2004-07-05,0.9998476808709542,0.9987571666190774
2004-07-06,0.9998476808709542,0.9987571666190774
2004-07-07,0.9998476808709542,0.9987571666190774
2004-07-08,0.9998476808709542,0.9987571666190774
2004-07-09,0.9998476808709542,0.9987571666190774
2004-07-12,0.9998476808709542,0.9987571666190774
2004-07-13,0.9998476808709542,0.9987571666190774
2004-07-14,0.9998476808709542,0.9987571666190774
2004-07-15,0.9998476808709542,0.9987571666190774
2004-07-16,0.9998476808709542,0.9987571666190774
2004-07-19,0.9998476808709542,0.9987571666190774
2004-07-20,0.9998476808709542,0.9987571666190774
2004-07-21,0.9998476808709542,0.9987571666190774
2004-07-22,0.9998476808709542,0.9987571666190774
2004-07-23,0.9998476808709542,0.9987571666190774
2004-07-26,0.9998476808709542,0.9987571666190774
2004-07-27,0.9998476808709542,0.9987571666190774
2004-07-28,0.9998476808709542,0.9987571666190774
2004-07-29,0.9998476808709542,0.9987571666190774
2004-07-30,0.9998476808709542,0.9987571666190774
2004-08-02,1.0180443654781905,0.8011569941074838
2004-08-03,0.9998530761699436,0.9980704797825393
2004-08-04,0.9998530761699436,0.9980704797968027
2004-08-05,0.9998530761699436,0.9980704797968027
2004-08-06,0.9998530761699436,0.9980704797968027
2004-08-09,0.9998530761699436,0.9980704797968027
2004-08-10,0.9998530761699436,0.9980704797968027
2004-08-11,0.9998530761699436,0.9980704797968027
2004-08-12,0.9998530761699436,0.9980704797968027
2004-08-13,0.9998530761699436,0.9980704797968027
2004-08-16,0.9998530761699436,0.9980704797968027
2004-08-17,0.9998530761699436,0.9980704797968027
2004-08-18,0.9998530761699436,0.9980704797968027
2004-08-19,0.9998530761699436,0.9980704797968027
2004-08-20,0.9998530761699436,0.9980704797968027
2004-08-23,0.9998530761699436,0.9980704797968027
2004-08-24,0.9998530761699436,0.9980704797968027
2004-08-25,0.9998530761699436,0.9980704797968027
2004-08-26,0.9998530761699436,0.9980704797968027
2004-08-27,0.9998530761699436,0.9980704797968027
2004-08-30,0.9998530761699436,0.9980704797968027
2004-08-31,0.9772897924042845,1.2570043327620999
2004-09-01,0.9998462151973369,0.9987822372311317
2004-09-02,0.9998462151973369,0.9987822372215988
2004-09-03,0.9998462151973369,0.9987822372215988
2004-09-06,0.9998462151973369,0.9987822372215988
2004-09-07,0.9998462151973369,0.9987822372215988
2004-09-08,0.9998462151973369,0.9987822372215988
2004-09-09,0.9998462151973369,0.9987822372215988
2004-09-10,0.9998462151973369,0.9987822372215988
2004-09-13,0.9998462151973369,0.9987822372215988
2004-09-14,0.9998462151973369,0.9987822372215988
2004-09-15,0.9998462151973369,0.9987822372215988
2004-09-16,0.9998462151973369,0.9987822372215988
2004-09-17,0.9998462151973369,0.9987822372215988
2004-09-20,0.9998462151973369,0.9987822372215988
2004-09-21,0.9998462151973369,0.9987822372215988
2004-09-22,0.9998462151973369,0.9987822372215988
2004-09-23,0.9998462151973369,0.9987822372215988
2004-09-24,0.9998462151973369,0.9987822372215988
2004-09-27,0.9998462151973369,0.9987822372215988
2004-09-28,0.9998462151973369,0.9987822372215988
2004-09-29,0.9998462151973369,0.9987822372215988
2004-09-30,0.9939789563056707,1.4828105447524813
2004-10-01,0.9998443947421535,0.999446947512082
2004-10-04,0.9998443947421535,0.9994469474979616
2004-10-05,0.9998443947421535,0.9994469474979616
2004-10-06,0.9998443947421535,0.9994469474979616
2004-10-07,0.9998443947421535,0.9994469474979616
2004-10-08,0.9998443947421535,0.9994469474979616
2004-10-11,0.9998443947421535,0.9994469474979616
2004-10-12,0.9998443947421535,0.9994469474979616
2004-10-13,0.9998443947421535,0.9994469474979616
2004-10-14,0.9998443947421535,0.9994469474979616
2004-10-15,0.9998443947421535,0.9994469474979616
2004-10-18,0.9998443947421535,0.9994469474979616
2004-10-19,0.9998443947421535,0.9994469474979616
2004-10-20,0.9998443947421535,0.9994469474979616
2004-10-21,0.9998443947421535,0.9994469474979616
2004-10-22,0.9998443947421535,0.9994469474979616
2004-10-25,0.9998443947421535,0.9994469474979616
2004-10-26,0.9998443947421535,0.9994469474979616
2004-10-27,0.9998443947421535,0.9994469474979616
2004-10-28,0.9998443947421535,0.9994469474979616
2004-10-29,0.9998443947421535,0.9994469474979616
2004-11-01,0.9935258522786531,1.259093181325148
2004-11-02,0.9998424097073046,0.9996514193528686
2004-11-03,0.9998424097073046,0.9996514193433015
2004-11-04,0.9998424097073046,0.9996514193433015
2004-11-05,0.9998424097073046,0.9996514193433015
2004-11-08,0.9998424097073046,0.9996514193433015
2004-11-09,0.9998424097073046,0.9996514193433015
2004-11-10,0.9998424097073046,0.9996514193433015
2004-11-11,0.9998424097073046,0.9996514193433015
2004-11-12,0.9998424097073046,0.9996514193433015
2004-11-15,0.9998424097073046,0.9996514193433015
2004-11-16,0.9998424097073046,0.9996514193433015
2004-11-17,0.9998424097073046,0.9996514193433015
2004-11-18,0.9998424097073046,0.9996514193433015
2004-11-19,0.9998424097073046,0.9996514193433015
2004-11-22,0.9998424097073046,0.9996514193433015
2004-11-23,0.9998424097073046,0.9996514193433015
2004-11-24,0.9998424097073046,0.9996514193433015
2004-11-25,0.9998424097073046,0.9996514193433015
2004-11-26,0.9998424097073046,0.9996514193433015
2004-11-29,0.9998424097073046,0.9996514193433015
2004-11-30,1.0244633107584546,1.331540697658421
2004-12-01,0.9998498917278317,0.9998034873851044
2004-12-02,0.9998498917278317,0.999803487373813
2004-12-03,0.9998498917278317,0.999803487373813
2004-12-06,0.9998498917278317,0.999803487373813
2004-12-07,0.9998498917278317,0.999803487373813
2004-12-08,0.9998498917278317,0.999803487373813
2004-12-09,0.9998498917278317,0.999803487373813
2004-12-10,0.9998498917278317,0.999803487373813
2004-12-13,0.9998498917278317,0.999803487373813
2004-12-14,0.9998498917278317,0.999803487373813
2004-12-15,0.9998498917278317,0.999803487373813
2004-12-16,0.9998498917278317,0.999803487373813
2004-12-17,0.9998498917278317,0.999803487373813
2004-12-20,0.9998498917278317,0.999803487373813
2004-12-21,0.9998498917278317,0.999803487373813
2004-12-22,0.9998498917278317,0.999803487373813
2004-12-23,0.9998498917278317,0.999803487373813
2004-12-24,0.9998498917278317,0.999803487373813
2004-12-27,0.9998498917278317,0.999803487373813
2004-12-28,0.9998498917278317,0.999803487373813
2004-12-29,0.9998498917278317,0.999803487373813
2004-12-30,0.9998498917278317,0.999803487373813
2004-12-31,1.0428581743779823,1.1696561300640904
2005-01-03,0.9998620150776695,0.9998564055552095
2005-01-04,0.9998620150776695,0.9998564055482388
2005-01-05,0.9998620150776695,0.9998564055482388
2005-01-06,0.9998620150776695,0.9998564055482388
2005-01-07,0.9998620150776695,0.9998564055482388
2005-01-10,0.9998620150776695,0.9998564055482388
2005-01-11,0.9998620150776695,0.9998564055482388
2005-01-12,0.9998620150776695,0.9998564055482388
2005-01-13,0.9998620150776695,0.9998564055482388
2005-01-14,0.9998620150776695,0.9998564055482388
2005-01-17,0.9998620150776695,0.9998564055482388
2005-01-18,0.9998620150776695,0.9998564055482388
2005-01-19,0.9998620150776695,0.9998564055482388
2005-01-20,0.9998620150776695,0.9998564055482388
2005-01-21,0.9998620150776695,0.9998564055482388
2005-01-24,0.9998620150776695,0.9998564055482388
2005-01-25,0.9998620150776695,0.9998564055482388
2005-01-26,0.9998620150776695,0.9998564055482388
2005-01-27,0.9998620150776695,0.9998564055482388
2005-01-28,0.9998620150776695,0.9998564055482388
2005-01-31,1.0135670385893247,0.7302665645200517
2005-02-01,0.9998657206501465,0.9997308659633647
2005-02-02,0.9998657206501465,0.9997308659859905
2005-02-03,0.9998657206501465,0.9997308659859905
2005-02-04,0.9998657206501465,0.9997308659859905
2005-02-07,0.9998657206501465,0.9997308659859905
2005-02-08,0.9998657206501465,0.9997308659859905
2005-02-09,0.9998657206501465,0.9997308659859905
2005-02-10,0.9998657206501465,0.9997308659859905
2005-02-11,0.9998657206501465,0.9997308659859905
2005-02-14,0.9998657206501465,0.9997308659859905
2005-02-15,0.9998657206501465,0.9997308659859905
2005-02-16,0.9998657206501465,0.9997308659859905
2005-02-17,0.9998657206501465,0.9997308659859905
2005-02-18,0.9998657206501465,0.9997308659859905
2005-02-21,0.9998657206501465,0.9997308659859905
2005-02-22,0.9998657206501465,0.9997308659859905
2005-02-23,0.9998657206501465,0.9997308659859905
2005-02-24,0.9998657206501465,0.9997308659859905
2005-02-25,0.9998657206501465,0.9997308659859905
2005-02-28,0.987857769356263,1.1217783527676448
2005-03-01,0.9998624370092319,0.9997862251281204
2005-03-02,0.9998624370092319,0.9997862251227966
2005-03-03,0.9998624370092319,0.9997862251227966
2005-03-04,0.9998624370092319,0.9997862251227966
2005-03-07,0.9998624370092319,0.9997862251227966
2005-03-08,0.9998624370092319,0.9997862251227966
2005-03-09,0.9998624370092319,0.9997862251227966
2005-03-10,0.9998624370092319,0.9997862251227966
2005-03-11,0.9998624370092319,0.9997862251227966
2005-03-14,0.9998624370092319,0.9997862251227966
2005-03-15,0.9998624370092319,0.9997862251227966
2005-03-16,0.9998624370092319,0.9997862251227966
2005-03-17,0.9998624370092319,0.9997862251227966
2005-03-18,0.9998624370092319,0.9997862251227966
2005-03-21,0.9998624370092319,0.9997862251227966
2005-03-22,0.9998624370092319,0.9997862251227966
2005-03-23,0.9998624370092319,0.9997862251227966
2005-03-24,0.9998624370092319,0.9997862251227966
2005-03-25,0.9998624370092319,0.9997862251227966
2005-03-28,0.9998624370092319,0.9997862251227966
2005-03-29,0.9998624370092319,0.9997862251227966
2005-03-30,0.9998624370092319,0.9997862251227966
2005-03-31,1.0067344229848598,0.8963741820768899
2005-04-01,0.9998643082331704,0.9997340754719375
2005-04-04,0.9998643082331704,0.9997340754782508
2005-04-05,0.9998643082331704,0.9997340754782508
2005-04-06,0.9998643082331704,0.9997340754782508
2005-04-07,0.9998643082331704,0.9997340754782508
2005-04-08,0.9998643082331704,0.9997340754782508
2005-04-11,0.9998643082331704,0.9997340754782508
2005-04-12,0.9998643082331704,0.9997340754782508
2005-04-13,0.9998643082331704,0.9997340754782508
2005-04-14,0.9998643082331704,0.9997340754782508
2005-04-15,0.9998643082331704,0.9997340754782508
2005-04-18,0.9998643082331704,0.9997340754782508
2005-04-19,0.9998643082331704,0.9997340754782508
2005-04-20,0.9998643082331704,0.9997340754782508
2005-04-21,0.9998643082331704,0.9997340754782508
2005-04-22,0.9998643082331704,0.9997340754782508
2005-04-25,0.9998643082331704,0.9997340754782508
2005-04-26,0.9998643082331704,0.9997340754782508
2005-04-27,0.9998643082331704,0.9997340754782508
2005-04-28,0.9998643082331704,0.9997340754782508
2005-04-29,0.9998643082331704,0.9997340754782508
2005-05-02,1.020614231133614,0.8556488320582238
2005-05-03,0.9998697685286461,0.9996370280098583
2005-05-04,0.9998697685286461,0.9996370280193018
2005-05-05,0.9998697685286461,0.9996370280193018
2005-05-06,0.9998697685286461,0.9996370280193018
2005-05-09,0.9998697685286461,0.9996370280193018
2005-05-10,0.9998697685286461,0.9996370280193018
2005-05-11,0.9998697685286461,0.9996370280193018
2005-05-12,0.9998697685286461,0.9996370280193018
2005-05-13,0.9998697685286461,0.9996370280193018
2005-05-16,0.9998697685286461,0.9996370280193018
2005-05-17,0.9998697685286461,0.9996370280193018
2005-05-18,0.9998697685286461,0.9996370280193018
2005-05-19,0.9998697685286461,0.9996370280193018
2005-05-20,0.9998697685286461,0.9996370280193018
2005-05-23,0.9998697685286461,0.9996370280193018
2005-05-24,0.9998697685286461,0.9996370280193018
2005-05-25,0.9998697685286461,0.9996370280193018
2005-05-26,0.9998697685286461,0.9996370280193018
2005-05-27,0.9998697685286461,0.9996370280193018
2005-05-30,0.9998697685286461,0.9996370280193018
2005-05-31,0.9672854997378694,0.6035240932393743
2005-06-01,0.9998608485758151,0.9990051519125922
2005-06-02,0.9998608485758151,0.9990051519575958
2005-06-03,0.9998608485758151,0.9990051519575958
2005-06-06,0.9998608485758151,0.9990051519575958
2005-06-07,0.9998608485758151,0.9990051519575958
2005-06-08,0.9998608485758151,0.9990051519575958
2005-06-09,0.9998608485758151,0.9990051519575958
2005-06-10,0.9998608485758151,0.9990051519575958
2005-06-13,0.9998608485758151,0.9990051519575958
2005-06-14,0.9998608485758151,0.9990051519575958
2005-06-15,0.9998608485758151,0.9990051519575958
2005-06-16,0.9998608485758151,0.9990051519575958
2005-06-17,0.9998608485758151,0.9990051519575958
2005-06-20,0.9998608485758151,0.9990051519575958
2005-06-21,0.9998608485758151,0.9990051519575958
2005-06-22,0.9998608485758151,0.9990051519575958
2005-06-23,0.9998608485758151,0.9990051519575958
2005-06-24,0.9998608485758151,0.9990051519575958
2005-06-27,0.9998608485758151,0.9990051519575958
2005-06-28,0.9998608485758151,0.9990051519575958
2005-06-29,0.9998608485758151,0.9990051519575958
2005-06-30,1.010953622714612,0.8094675494114415
2005-07-01,0.9998638849038272,0.9984858998705044
2005-07-04,0.9998638849038272,0.9984858998839868
2005-07-05,0.9998638849038272,0.9984858998839868
2005-07-06,0.9998638849038272,0.9984858998839868
2005-07-07,0.9998638849038272,0.9984858998839868
2005-07-08,0.9998638849038272,0.9984858998839868
2005-07-11,0.9998638849038272,0.9984858998839868
2005-07-12,0.9998638849038272,0.9984858998839868
2005-07-13,0.9998638849038272,0.9984858998839868
2005-07-14,0.9998638849038272,0.9984858998839868
2005-07-15,0.9998638849038272,0.9984858998839868
2005-07-18,0.9998638849038272,0.9984858998839868
2005-07-19,0.9998638849038272,0.9984858998839868
2005-07-20,0.9998638849038272,0.9984858998839868
2005-07-21,0.9998638849038272,0.9984858998839868
2005-07-22,0.9998638849038272,0.9984858998839868
2005-07-25,0.9998638849038272,0.9984858998839868
2005-07-26,0.9998638849038272,0.9984858998839868
2005-07-27,0.9998638849038272,0.9984858998839868
2005-07-28,0.9998638849038272,0.9984858998839868
2005-07-29,0.9998638849038272,0.9984858998839868
2005-08-01,0.9382139637234751,1.0288549503676838
2005-08-02,0.999845413260165,0.9985737767787062
2005-08-03,0.999845413260165,0.9985737767772067
2005-08-04,0.999845413260165,0.9985737767772067
2005-08-05,0.999845413260165,0.9985737767772067
2005-08-08,0.999845413260165,0.9985737767772067
2005-08-09,0.999845413260165,0.9985737767772067
2005-08-10,0.999845413260165,0.9985737767772067
2005-08-11,0.999845413260165,0.9985737767772067
2005-08-12,0.999845413260165,0.9985737767772067
2005-08-15,0.999845413260165,0.9985737767772067
2005-08-16,0.999845413260165,0.9985737767772067
2005-08-17,0.999845413260165,0.9985737767772067
2005-08-18,0.999845413260165,0.9985737767772067
2005-08-19,0.999845413260165,0.9985737767772067
2005-08-22,0.999845413260165,0.9985737767772067
2005-08-23,0.999845413260165,0.9985737767772067
2005-08-24,0.999845413260165,0.9985737767772067
2005-08-25,0.999845413260165,0.9985737767772067
2005-08-26,0.999845413260165,0.9985737767772067
2005-08-29,0.999845413260165,0.9985737767772067
2005-08-30,0.999845413260165,0.9985737767772067
2005-08-31,1.0011645865558727,1.2700005260832001
2005-09-01,0.9998458202765985,0.9991175407094864
2005-09-02,0.9998458202765985,0.9991175406996285
2005-09-05,0.9998458202765985,0.9991175406996285
2005-09-06,0.9998458202765985,0.9991175406996285
2005-09-07,0.9998458202765985,0.9991175406996285
2005-09-08,0.9998458202765985,0.9991175406996285
2005-09-09,0.9998458202765985,0.9991175406996285
2005-09-12,0.9998458202765985,0.9991175406996285
2005-09-13,0.9998458202765985,0.9991175406996285
2005-09-14,0.9998458202765985,0.9991175406996285
2005-09-15,0.9998458202765985,0.9991175406996285
2005-09-16,0.9998458202765985,0.9991175406996285
2005-09-19,0.9998458202765985,0.9991175406996285
2005-09-20,0.9998458202765985,0.9991175406996285
2005-09-21,0.9998458202765985,0.9991175406996285
2005-09-22,0.9998458202765985,0.9991175406996285
2005-09-23,0.9998458202765985,0.9991175406996285
2005-09-26,0.9998458202765985,0.9991175406996285
2005-09-27,0.9998458202765985,0.9991175406996285
2005-09-28,0.9998458202765985,0.9991175406996285
2005-09-29,0.9998458202765985,0.9991175406996285
2005-09-30,0.9929463610459479,0.6595484484348283
2005-10-03,0.9998436707100135,0.9979784188438985
2005-10-04,0.9998436707100135,0.9979784188772177
2005-10-05,0.9998436707100135,0.9979784188772177
2005-10-06,0.9998436707100135,0.9979784188772177
2005-10-07,0.9998436707100135,0.9979784188772177
2005-10-10,0.9998436707100135,0.9979784188772177
2005-10-11,0.9998436707100135,0.9979784188772177
2005-10-12,0.9998436707100135,0.9979784188772177
2005-10-13,0.9998436707100135,0.9979784188772177
2005-10-14,0.9998436707100135,0.9979784188772177
2005-10-17,0.9998436707100135,0.9979784188772177
2005-10-18,0.9998436707100135,0.9979784188772177
2005-10-19,0.9998436707100135,0.9979784188772177
2005-10-20,0.9998436707100135,0.9979784188772177
2005-10-21,0.9998436707100135,0.9979784188772177
2005-10-24,0.9998436707100135,0.9979784188772177
2005-10-25,0.9998436707100135,0.9979784188772177
2005-10-26,0.9998436707100135,0.9979784188772177
2005-10-27,0.9998436707100135,0.9979784188772177
2005-10-28,0.9998436707100135,0.9979784188772177
2005-10-31,0.9643844928728152,1.083574728540451
2005-11-01,0.9998319662591677,0.9982844021457181
2005-11-02,0.9998319662591677,0.9982844021418097
2005-11-03,0.9998319662591677,0.9982844021418097
2005-11-04,0.9998319662591677,0.9982844021418097
2005-11-07,0.9998319662591677,0.9982844021418097
2005-11-08,0.9998319662591677,0.9982844021418097
2005-11-09,0.9998319662591677,0.9982844021418097
2005-11-10,0.9998319662591677,0.9982844021418097
2005-11-11,0.9998319662591677,0.9982844021418097
2005-11-14,0.9998319662591677,0.9982844021418097
2005-11-15,0.9998319662591677,0.9982844021418097
2005-11-16,0.9998319662591677,0.9982844021418097
2005-11-17,0.9998319662591677,0.9982844021418097
2005-11-18,0.9998319662591677,0.9982844021418097
2005-11-21,0.9998319662591677,0.9982844021418097
2005-11-22,0.9998319662591677,0.9982844021418097
2005-11-23,0.9998319662591677,0.9982844021418097
2005-11-24,0.9998319662591677,0.9982844021418097
2005-11-25,0.9998319662591677,0.9982844021418097
2005-11-28,0.9998319662591677,0.9982844021418097
2005-11-29,0.9998319662591677,0.9982844021418097
2005-11-30,0.9609452822172968,0.8478433108156078
2005-12-01,0.9998180951931456,0.9976239170934753
2005-12-02,0.9998180951931456,0.9976239171034071
2005-12-05,0.9998180951931456,0.9976239171034071
2005-12-06,0.9998180951931456,0.9976239171034071
2005-12-07,0.9998180951931456,0.9976239171034071
2005-12-08,0.9998180951931456,0.9976239171034071
2005-12-09,0.9998180951931456,0.9976239171034071
2005-12-12,0.9998180951931456,0.9976239171034071
2005-12-13,0.9998180951931456,0.9976239171034071
2005-12-14,0.9998180951931456,0.9976239171034071
2005-12-15,0.9998180951931456,0.9976239171034071
2005-12-16,0.9998180951931456,0.9976239171034071
2005-12-19,0.9998180951931456,0.9976239171034071
2005-12-20,0.9998180951931456,0.9976239171034071
2005-12-21,0.9998180951931456,0.9976239171034071
2005-12-22,0.9998180951931456,0.9976239171034071
2005-12-23,0.9998180951931456,0.9976239171034071
2005-12-26,0.9998180951931456,0.9976239171034071
2005-12-27,0.9998180951931456,0.9976239171034071
2005-12-28,0.9998180951931456,0.9976239171034071
2005-12-29,0.9998180951931456,0.9976239171034071
2005-12-30,0.9998180951931456,0.9976239171034071
2006-01-02,1.019878374393483,0.9683559575942448
2006-01-03,0.9998251788349946,0.9974786662084699
2006-01-04,0.9998251788349946,0.9974786662100465
2006-01-05,0.9998251788349946,0.9974786662100465
2006-01-06,0.9998251788349946,0.9974786662100465
2006-01-09,0.9998251788349946,0.9974786662100465
2006-01-10,0.9998251788349946,0.9974786662100465
2006-01-11,0.9998251788349946,0.9974786662100465
2006-01-12,0.9998251788349946,0.9974786662100465
2006-01-13,0.9998251788349946,0.9974786662100465
2006-01-16,0.9998251788349946,0.9974786662100465
2006-01-17,0.9998251788349946,0.9974786662100465
2006-01-18,0.9998251788349946,0.9974786662100465
2006-01-19,0.9998251788349946,0.9974786662100465
2006-01-20,0.9998251788349946,0.9974786662100465
2006-01-23,0.9998251788349946,0.9974786662100465
2006-01-24,0.9998251788349946,0.9974786662100465
2006-01-25,0.9998251788349946,0.9974786662100465
2006-01-26,0.9998251788349946,0.9974786662100465
2006-01-27,0.9998251788349946,0.9974786662100465
2006-01-30,0.9998251788349946,0.9974786662100465
2006-01-31,1.0331609979680147,1.574525668017466
2006-02-01,0.9998362756129683,0.9989858040618051
2006-02-02,0.9998362756129683,0.9989858040463527
2006-02-03,0.9998362756129683,0.9989858040463527
2006-02-06,0.9998362756129683,0.9989858040463527
2006-02-07,0.9998362756129683,0.9989858040463527
2006-02-08,0.9998362756129683,0.9989858040463527
2006-02-09,0.9998362756129683,0.9989858040463527
2006-02-10,0.9998362756129683,0.9989858040463527
2006-02-13,0.9998362756129683,0.9989858040463527
2006-02-14,0.9998362756129683,0.9989858040463527
2006-02-15,0.9998362756129683,0.9989858040463527
2006-02-16,0.9998362756129683,0.9989858040463527
2006-02-17,0.9998362756129683,0.9989858040463527
2006-02-20,0.9998362756129683,0.9989858040463527
2006-02-21,0.9998362756129683,0.9989858040463527
2006-02-22,0.9998362756129683,0.9989858040463527
2006-02-23,0.9998362756129683,0.9989858040463527
2006-02-24,0.9998362756129683,0.9989858040463527
2006-02-27,0.9998362756129683,0.9989858040463527
2006-02-28,1.0146491863184106,0.6351435481984489
2006-03-01,0.999841020026323,0.997496632081464
2006-03-02,0.999841020026323,0.9974966321193367
2006-03-03,0.999841020026323,0.9974966321193367
2006-03-06,0.999841020026323,0.9974966321193367
2006-03-07,0.999841020026323,0.9974966321193367
2006-03-08,0.999841020026323,0.9974966321193367
2006-03-09,0.999841020026323,0.9974966321193367
2006-03-10,0.999841020026323,0.9974966321193367
2006-03-13,0.999841020026323,0.9974966321193367
2006-03-14,0.999841020026323,0.9974966321193367
2006-03-15,0.999841020026323,0.9974966321193367
2006-03-16,0.999841020026323,0.9974966321193367
2006-03-17,0.999841020026323,0.9974966321193367
2006-03-20,0.999841020026323,0.9974966321193367
2006-03-21,0.999841020026323,0.9974966321193367
2006-03-22,0.999841020026323,0.9974966321193367
2006-03-23,0.999841020026323,0.9974966321193367
2006-03-24,0.999841020026323,0.9974966321193367
2006-03-27,0.999841020026323,0.9974966321193367
2006-03-28,0.999841020026323,0.9974966321193367
2006-03-29,0.999841020026323,0.9974966321193367
2006-03-30,0.999841020026323,0.9974966321193367
2006-03-31,0.9576710500497924,1.5820873733032226
2006-04-03,0.9998267144766685,0.9990025994157081
2006-04-04,0.9998267144766685,0.9990025994001565
2006-04-05,0.9998267144766685,0.9990025994001565
2006-04-06,0.9998267144766685,0.9990025994001565
2006-04-07,0.9998267144766685,0.9990025994001565
2006-04-10,0.9998267144766685,0.9990025994001565
2006-04-11,0.9998267144766685,0.9990025994001565
2006-04-12,0.9998267144766685,0.9990025994001565
2006-04-13,0.9998267144766685,0.9990025994001565
2006-04-14,0.9998267144766685,0.9990025994001565
2006-04-17,0.9998267144766685,0.9990025994001565
2006-04-18,0.9998267144766685,0.9990025994001565
2006-04-19,0.9998267144766685,0.9990025994001565
2006-04-20,0.9998267144766685,0.9990025994001565
2006-04-21,0.9998267144766685,0.9990025994001565
2006-04-24,0.9998267144766685,0.9990025994001565
2006-04-25,0.9998267144766685,0.9990025994001565
2006-04-26,0.9998267144766685,0.9990025994001565
2006-04-27,0.9998267144766685,0.9990025994001565
2006-04-28,0.9998267144766685,0.9990025994001565
2006-05-01,1.0154539372765732,1.5810639875172348
2006-05-02,0.9998320056223581,0.9996014395131376
2006-05-03,0.9998320056223581,0.9996014394976025
2006-05-04,0.9998320056223581,0.9996014394976025
2006-05-05,0.9998320056223581,0.9996014394976025
2006-05-08,0.9998320056223581,0.9996014394976025
2006-05-09,0.9998320056223581,0.9996014394976025
2006-05-10,0.9998320056223581,0.9996014394976025
2006-05-11,0.9998320056223581,0.9996014394976025
2006-05-12,0.9998320056223581,0.9996014394976025
2006-05-15,0.9998320056223581,0.9996014394976025
2006-05-16,0.9998320056223581,0.9996014394976025
2006-05-17,0.9998320056223581,0.9996014394976025
2006-05-18,0.9998320056223581,0.9996014394976025
2006-05-19,0.9998320056223581,0.9996014394976025
2006-05-22,0.9998320056223581,0.9996014394976025
2006-05-23,0.9998320056223581,0.9996014394976025
2006-05-24,0.9998320056223581,0.9996014394976025
2006-05-25,0.9998320056223581,0.9996014394976025
2006-05-26,0.9998320056223581,0.9996014394976025
2006-05-29,0.9998320056223581,0.9996014394976025
2006-05-30,0.9998320056223581,0.9996014394976025
2006-05-31,0.9855351576733508,1.1226245848854475
2006-06-01,0.9998270974591851,0.9996839668626047
2006-06-02,0.9998270974591851,0.9996839668572464
2006-06-05,0.9998270974591851,0.9996839668572464
2006-06-06,0.9998270974591851,0.9996839668572464
2006-06-07,0.9998270974591851,0.9996839668572464
2006-06-08,0.9998270974591851,0.9996839668572464
2006-06-09,0.9998270974591851,0.9996839668572464
2006-06-12,0.9998270974591851,0.9996839668572464
2006-06-13,0.9998270974591851,0.9996839668572464
2006-06-14,0.9998270974591851,0.9996839668572464
2006-06-15,0.9998270974591851,0.9996839668572464
2006-06-16,0.9998270974591851,0.9996839668572464
2006-06-19,0.9998270974591851,0.9996839668572464
2006-06-20,0.9998270974591851,0.9996839668572464
2006-06-21,0.9998270974591851,0.9996839668572464
2006-06-22,0.9998270974591851,0.9996839668572464
2006-06-23,0.9998270974591851,0.9996839668572464
2006-06-26,0.9998270974591851,0.9996839668572464
2006-06-27,0.9998270974591851,0.9996839668572464
2006-06-28,0.9998270974591851,0.9996839668572464
2006-06-29,0.9998270974591851,0.9996839668572464
2006-06-30,0.9830803798208484,1.0210542335158304
2006-07-03,0.9998211581087204,0.9996970513818864
2006-07-04,0.9998211581087204,0.999697051380815
2006-07-05,0.9998211581087204,0.999697051380815
2006-07-06,0.9998211581087204,0.999697051380815
2006-07-07,0.9998211581087204,0.999697051380815
2006-07-10,0.9998211581087204,0.999697051380815
2006-07-11,0.9998211581087204,0.999697051380815
2006-07-12,0.9998211581087204,0.999697051380815
2006-07-13,0.9998211581087204,0.999697051380815
2006-07-14,0.9998211581087204,0.999697051380815
2006-07-17,0.9998211581087204,0.999697051380815
2006-07-18,0.9998211581087204,0.999697051380815
2006-07-19,0.9998211581087204,0.999697051380815
2006-07-20,0.9998211581087204,0.999697051380815
2006-07-21,0.9998211581087204,0.999697051380815
2006-07-24,0.9998211581087204,0.999697051380815
2006-07-25,0.9998211581087204,0.999697051380815
2006-07-26,0.9998211581087204,0.999697051380815
2006-07-27,0.9998211581087204,0.999697051380815
2006-07-28,0.9998211581087204,0.999697051380815
2006-07-31,1.0073412577494865,0.9782246150402063
2006-08-01,0.9998238176537063,0.9996836120879289
2006-08-02,0.9998238176537063,0.9996836120890769
2006-08-03,0.9998238176537063,0.9996836120890769
2006-08-04,0.9998238176537063,0.9996836120890769
2006-08-07,0.9998238176537063,0.9996836120890769
2006-08-08,0.9998238176537063,0.9996836120890769
2006-08-09,0.9998238176537063,0.9996836120890769
2006-08-10,0.9998238176537063,0.9996836120890769
2006-08-11,0.9998238176537063,0.9996836120890769
2006-08-14,0.9998238176537063,0.9996836120890769
2006-08-15,0.9998238176537063,0.9996836120890769
2006-08-16,0.9998238176537063,0.9996836120890769
2006-08-17,0.9998238176537063,0.9996836120890769
2006-08-18,0.9998238176537063,0.9996836120890769
2006-08-21,0.9998238176537063,0.9996836120890769
2006-08-22,0.9998238176537063,0.9996836120890769
2006-08-23,0.9998238176537063,0.9996836120890769
2006-08-24,0.9998238176537063,0.9996836120890769
2006-08-25,0.9998238176537063,0.9996836120890769
2006-08-28,0.9998238176537063,0.9996836120890769
2006-08-29,0.9998238176537063,0.9996836120890769
2006-08-30,0.9998238176537063,0.9996836120890769
2006-08-31,1.0209117771646483,1.0705649494402065
2006-09-01,0.9998310191032714,0.9997241040500741
2006-09-04,0.9998310191032714,0.9997241040467618
2006-09-05,0.9998310191032714,0.9997241040467618
2006-09-06,0.9998310191032714,0.9997241040467618
2006-09-07,0.9998310191032714,0.9997241040467618
2006-09-08,0.9998310191032714,0.9997241040467618
2006-09-11,0.9998310191032714,0.9997241040467618
2006-09-12,0.9998310191032714,0.9997241040467618
2006-09-13,0.9998310191032714,0.9997241040467618
2006-09-14,0.9998310191032714,0.9997241040467618
2006-09-15,0.9998310191032714,0.9997241040467618
2006-09-18,0.9998310191032714,0.9997241040467618
2006-09-19,0.9998310191032714,0.9997241040467618
2006-09-20,0.9998310191032714,0.9997241040467618
2006-09-21,0.9998310191032714,0.9997241040467618
2006-09-22,0.9998310191032714,0.9997241040467618
2006-09-25,0.9998310191032714,0.9997241040467618
2006-09-26,0.9998310191032714,0.9997241040467618
2006-09-27,0.9998310191032714,0.9997241040467618
2006-09-28,0.9998310191032714,0.9997241040467618
2006-09-29,0.9998310191032714,0.9997241040467618
2006-10-02,0.9918468782824549,0.8847611056134222
2006-10-03,0.9998282883417619,0.9996477881536401
2006-10-04,0.9998282883417619,0.9996477881607979
2006-10-05,0.9998282883417619,0.9996477881607979
2006-10-06,0.9998282883417619,0.9996477881607979
2006-10-09,0.9998282883417619,0.9996477881607979
2006-10-10,0.9998282883417619,0.9996477881607979
2006-10-11,0.9998282883417619,0.9996477881607979
2006-10-12,0.9998282883417619,0.9996477881607979
2006-10-13,0.9998282883417619,0.9996477881607979
2006-10-16,0.9998282883417619,0.9996477881607979
2006-10-17,0.9998282883417619,0.9996477881607979
2006-10-18,0.9998282883417619,0.9996477881607979
2006-10-19,0.9998282883417619,0.9996477881607979
2006-10-20,0.9998282883417619,0.9996477881607979
2006-10-23,0.9998282883417619,0.9996477881607979
2006-10-24,0.9998282883417619,0.9996477881607979
2006-10-25,0.9998282883417619,0.9996477881607979
2006-10-26,0.9998282883417619,0.9996477881607979
2006-10-27,0.9998282883417619,0.9996477881607979
2006-10-30,0.9998282883417619,0.9996477881607979
2006-10-31,1.0471145067611762,1.026634089125082
2006-11-01,0.9998434431248701,0.9996660522711661
2006-11-02,0.9998434431248701,0.9996660522698242
2006-11-03,0.9998434431248701,0.9996660522698242
2006-11-06,0.9998434431248701,0.9996660522698242
2006-11-07,0.9998434431248701,0.9996660522698242
2006-11-08,0.9998434431248701,0.9996660522698242
2006-11-09,0.9998434431248701,0.9996660522698242
2006-11-10,0.9998434431248701,0.9996660522698242
2006-11-13,0.9998434431248701,0.9996660522698242
2006-11-14,0.9998434431248701,0.9996660522698242
2006-11-15,0.9998434431248701,0.9996660522698242
2006-11-16,0.9998434431248701,0.9996660522698242
2006-11-17,0.9998434431248701,0.9996660522698242
2006-11-20,0.9998434431248701,0.9996660522698242
2006-11-21,0.9998434431248701,0.9996660522698242
2006-11-22,0.9998434431248701,0.9996660522698242
2006-11-23,0.9998434431248701,0.9996660522698242
2006-11-24,0.9998434431248701,0.9996660522698242
2006-11-27,0.9998434431248701,0.9996660522698242
2006-11-28,0.9998434431248701,0.9996660522698242
2006-11-29,0.9998434431248701,0.9996660522698242
2006-11-30,0.9942578903764565,1.348976919695144
2006-12-01,0.9998416795890311,0.9998165671243415
2006-12-04,0.9998416795890311,0.9998165671126755
2006-12-05,0.9998416795890311,0.9998165671126755
2006-12-06,0.9998416795890311,0.9998165671126755
2006-12-07,0.9998416795890311,0.9998165671126755
2006-12-08,0.9998416795890311,0.9998165671126755
2006-12-11,0.9998416795890311,0.9998165671126755
2006-12-12,0.9998416795890311,0.9998165671126755
2006-12-13,0.9998416795890311,0.9998165671126755
2006-12-14,0.9998416795890311,0.9998165671126755
2006-12-15,0.9998416795890311,0.9998165671126755
2006-12-18,0.9998416795890311,0.9998165671126755
2006-12-19,0.9998416795890311,0.9998165671126755
2006-12-20,0.9998416795890311,0.9998165671126755
2006-12-21,0.9998416795890311,0.9998165671126755
2006-12-22,0.9998416795890311,0.9998165671126755
2006-12-25,0.9998416795890311,0.9998165671126755
2006-12-26,0.9998416795890311,0.9998165671126755
2006-12-27,0.9998416795890311,0.9998165671126755
2006-12-28,0.9998416795890311,0.9998165671126755
2006-12-29,0.9998416795890311,0.9998165671126755
2007-01-01,1.0153475471708564,1.0212742883947739
2007-01-02,0.9998464771372302,0.9998241922534516
2007-01-03,0.9998464771372302,0.9998241922523757
2007-01-04,0.9998464771372302,0.9998241922523757
2007-01-05,0.9998464771372302,0.9998241922523757
2007-01-08,0.9998464771372302,0.9998241922523757
2007-01-09,0.9998464771372302,0.9998241922523757
2007-01-10,0.9998464771372302,0.9998241922523757
2007-01-11,0.9998464771372302,0.9998241922523757
2007-01-12,0.9998464771372302,0.9998241922523757
2007-01-15,0.9998464771372302,0.9998241922523757
2007-01-16,0.9998464771372302,0.9998241922523757
2007-01-17,0.9998464771372302,0.9998241922523757
2007-01-18,0.9998464771372302,0.9998241922523757
2007-01-19,0.9998464771372302,0.9998241922523757
2007-01-22,0.9998464771372302,0.9998241922523757
2007-01-23,0.9998464771372302,0.9998241922523757
2007-01-24,0.9998464771372302,0.9998241922523757
2007-01-25,0.9998464771372302,0.9998241922523757
2007-01-26,0.9998464771372302,0.9998241922523757
2007-01-29,0.9998464771372302,0.9998241922523757
2007-01-30,0.9998464771372302,0.9998241922523757
2007-01-31,1.0246344898721005,0.9107756832158596
2007-02-01,0.9998538137448163,0.9997881448384167
2007-02-02,0.9998538137448163,0.9997881448437235
2007-02-05,0.9998538137448163,0.9997881448437235
2007-02-06,0.9998538137448163,0.9997881448437235
2007-02-07,0.9998538137448163,0.9997881448437235
2007-02-08,0.9998538137448163,0.9997881448437235
2007-02-09,0.9998538137448163,0.9997881448437235
2007-02-12,0.9998538137448163,0.9997881448437235
2007-02-13,0.9998538137448163,0.9997881448437235
2007-02-14,0.9998538137448163,0.9997881448437235
2007-02-15,0.9998538137448163,0.9997881448437235
2007-02-16,0.9998538137448163,0.9997881448437235
2007-02-19,0.9998538137448163,0.9997881448437235
2007-02-20,0.9998538137448163,0.9997881448437235
2007-02-21,0.9998538137448163,0.9997881448437235
2007-02-22,0.9998538137448163,0.9997881448437235
2007-02-23,0.9998538137448163,0.9997881448437235
2007-02-26,0.9998538137448163,0.9997881448437235
2007-02-27,0.9998538137448163,0.9997881448437235
2007-02-28,0.9705197132317961,1.0821374841741276
2007-03-01,0.9998448452806489,0.9998191534433449
2007-03-02,0.9998448452806489,0.9998191534395565
2007-03-05,0.9998448452806489,0.9998191534395565
2007-03-06,0.9998448452806489,0.9998191534395565
2007-03-07,0.9998448452806489,0.9998191534395565
2007-03-08,0.9998448452806489,0.9998191534395565
2007-03-09,0.9998448452806489,0.9998191534395565
2007-03-12,0.9998448452806489,0.9998191534395565
2007-03-13,0.9998448452806489,0.9998191534395565
2007-03-14,0.9998448452806489,0.9998191534395565
2007-03-15,0.9998448452806489,0.9998191534395565
2007-03-16,0.9998448452806489,0.9998191534395565
2007-03-19,0.9998448452806489,0.9998191534395565
2007-03-20,0.9998448452806489,0.9998191534395565
2007-03-21,0.9998448452806489,0.9998191534395565
2007-03-22,0.9998448452806489,0.9998191534395565
2007-03-23,0.9998448452806489,0.9998191534395565
2007-03-26,0.9998448452806489,0.9998191534395565
2007-03-27,0.9998448452806489,0.9998191534395565
2007-03-28,0.9998448452806489,0.9998191534395565
2007-03-29,0.9998448452806489,0.9998191534395565
2007-03-30,0.9998448452806489,0.9998191534395565
2007-04-02,1.0191058588862696,1.0586398447296796
2007-04-03,0.9998506533788397,0.9998386870086144
2007-04-04,0.9998506533788397,0.9998386870058187
2007-04-05,0.9998506533788397,0.9998386870058187
2007-04-06,0.9998506533788397,0.9998386870058187
2007-04-09,0.9998506533788397,0.9998386870058187
2007-04-10,0.9998506533788397,0.9998386870058187
2007-04-11,0.9998506533788397,0.9998386870058187
2007-04-12,0.9998506533788397,0.9998386870058187
2007-04-13,0.9998506533788397,0.9998386870058187
2007-04-16,0.9998506533788397,0.9998386870058187
2007-04-17,0.9998506533788397,0.9998386870058187
2007-04-18,0.9998506533788397,0.9998386870058187
2007-04-19,0.9998506533788397,0.9998386870058187
2007-04-20,0.9998506533788397,0.9998386870058187
2007-04-23,0.9998506533788397,0.9998386870058187
2007-04-24,0.9998506533788397,0.9998386870058187
2007-04-25,0.9998506533788397,0.9998386870058187
2007-04-26,0.9998506533788397,0.9998386870058187
2007-04-27,0.9998506533788397,0.9998386870058187
2007-04-30,1.0578145412679214,1.1883350418911713
2007-05-01,0.999866568927992,0.999885795859582
2007-05-02,0.999866568927992,0.9998857958520225
2007-05-03,0.999866568927992,0.9998857958520225
2007-05-04,0.999866568927992,0.9998857958520225
2007-05-07,0.999866568927992,0.9998857958520225
2007-05-08,0.999866568927992,0.9998857958520225
2007-05-09,0.999866568927992,0.9998857958520225
2007-05-10,0.999866568927992,0.9998857958520225
2007-05-11,0.999866568927992,0.9998857958520225
2007-05-14,0.999866568927992,0.9998857958520225
2007-05-15,0.999866568927992,0.9998857958520225
2007-05-16,0.999866568927992,0.9998857958520225
2007-05-17,0.999866568927992,0.9998857958520225
2007-05-18,0.999866568927992,0.9998857958520225
2007-05-21,0.999866568927992,0.9998857958520225
2007-05-22,0.999866568927992,0.9998857958520225
2007-05-23,0.999866568927992,0.9998857958520225
2007-05-24,0.999866568927992,0.9998857958520225
2007-05-25,0.999866568927992,0.9998857958520225
2007-05-28,0.999866568927992,0.9998857958520225
2007-05-29,0.999866568927992,0.9998857958520225
2007-05-30,0.999866568927992,0.9998857958520225
2007-05-31,0.9992356151386725,0.9167418171273699
2007-06-01,0.9998664004020843,0.999864145312117
2007-06-04,0.9998664004020843,0.9998641453170242
2007-06-05,0.9998664004020843,0.9998641453170242
2007-06-06,0.9998664004020843,0.9998641453170242
2007-06-07,0.9998664004020843,0.9998641453170242
2007-06-08,0.9998664004020843,0.9998641453170242
2007-06-11,0.9998664004020843,0.9998641453170242
2007-06-12,0.9998664004020843,0.9998641453170242
2007-06-13,0.9998664004020843,0.9998641453170242
2007-06-14,0.9998664004020843,0.9998641453170242
2007-06-15,0.9998664004020843,0.9998641453170242
2007-06-18,0.9998664004020843,0.9998641453170242
2007-06-19,0.9998664004020843,0.9998641453170242
2007-06-20,0.9998664004020843,0.9998641453170242
2007-06-21,0.9998664004020843,0.9998641453170242
2007-06-22,0.9998664004020843,0.9998641453170242
2007-06-25,0.9998664004020843,0.9998641453170242
2007-06-26,0.9998664004020843,0.9998641453170242
2007-06-27,0.9998664004020843,0.9998641453170242
2007-06-28,0.9998664004020843,0.9998641453170242
2007-06-29,0.9998664004020843,0.9998641453170242
2007-07-02,1.001655988341005,1.0524046161113683
2007-07-03,0.999866877266304,0.9998773691752662
2007-07-04,0.999866877266304,0.9998773691727464
2007-07-05,0.999866877266304,0.9998773691727464
2007-07-06,0.999866877266304,0.9998773691727464
2007-07-09,0.999866877266304,0.9998773691727464
2007-07-10,0.999866877266304,0.9998773691727464
2007-07-11,0.999866877266304,0.9998773691727464
2007-07-12,0.999866877266304,0.9998773691727464
2007-07-13,0.999866877266304,0.9998773691727464
2007-07-16,0.999866877266304,0.9998773691727464
2007-07-17,0.999866877266304,0.9998773691727464
2007-07-18,0.999866877266304,0.9998773691727464
2007-07-19,0.999866877266304,0.9998773691727464
2007-07-20,0.999866877266304,0.9998773691727464
2007-07-23,0.999866877266304,0.9998773691727464
2007-07-24,0.999866877266304,0.9998773691727464
2007-07-25,0.999866877266304,0.9998773691727464
2007-07-26,0.999866877266304,0.9998773691727464
2007-07-27,0.999866877266304,0.9998773691727464
2007-07-30,0.999866877266304,0.9998773691727464
2007-07-31,1.0086401449727993,0.9860362260008687
2007-08-01,0.9998691825758028,0.99987390288258
2007-08-02,0.9998691825758028,0.9998739028833118
2007-08-03,0.9998691825758028,0.9998739028833118
2007-08-06,0.9998691825758028,0.9998739028833118
2007-08-07,0.9998691825758028,0.9998739028833118
2007-08-08,0.9998691825758028,0.9998739028833118
2007-08-09,0.9998691825758028,0.9998739028833118
2007-08-10,0.9998691825758028,0.9998739028833118
2007-08-13,0.9998691825758028,0.9998739028833118
2007-08-14,0.9998691825758028,0.9998739028833118
2007-08-15,0.9998691825758028,0.9998739028833118
2007-08-16,0.9998691825758028,0.9998739028833118
2007-08-17,0.9998691825758028,0.9998739028833118
2007-08-20,0.9998691825758028,0.9998739028833118
2007-08-21,0.9998691825758028,0.9998739028833118
2007-08-22,0.9998691825758028,0.9998739028833118
2007-08-23,0.9998691825758028,0.9998739028833118
2007-08-24,0.9998691825758028,0.9998739028833118
2007-08-27,0.9998691825758028,0.9998739028833118
2007-08-28,0.9998691825758028,0.9998739028833118
2007-08-29,0.9998691825758028,0.9998739028833118
2007-08-30,0.9998691825758028,0.9998739028833118
2007-08-31,0.9994152318451605,0.9338469175973666
2007-09-03,0.9998690637333345,0.9998554452650927
2007-09-04,0.9998690637333345,0.9998554452688815
2007-09-05,0.9998690637333345,0.9998554452688815
2007-09-06,0.9998690637333345,0.9998554452688815
2007-09-07,0.9998690637333345,0.9998554452688815
2007-09-10,0.9998690637333345,0.9998554452688815
2007-09-11,0.9998690637333345,0.9998554452688815
2007-09-12,0.9998690637333345,0.9998554452688815
2007-09-13,0.9998690637333345,0.9998554452688815
2007-09-14,0.9998690637333345,0.9998554452688815
2007-09-17,0.9998690637333345,0.9998554452688815
2007-09-18,0.9998690637333345,0.9998554452688815
2007-09-19,0.9998690637333345,0.9998554452688815
2007-09-20,0.9998690637333345,0.9998554452688815
2007-09-21,0.9998690637333345,0.9998554452688815
2007-09-24,0.9998690637333345,0.9998554452688815
2007-09-25,0.9998690637333345,0.9998554452688815
2007-09-26,0.9998690637333345,0.9998554452688815
2007-09-27,0.9998690637333345,0.9998554452688815
2007-09-28,0.9998690637333345,0.9998554452688815
2007-10-01,0.9909433074563315,1.3163238012134362
2007-10-02,0.9998666948108749,0.9999165895257945
2007-10-03,0.9998666948108749,0.9999165895148447
2007-10-04,0.9998666948108749,0.9999165895148447
2007-10-05,0.9998666948108749,0.9999165895148447
2007-10-08,0.9998666948108749,0.9999165895148447
2007-10-09,0.9998666948108749,0.9999165895148447
2007-10-10,0.9998666948108749,0.9999165895148447
2007-10-11,0.9998666948108749,0.9999165895148447
2007-10-12,0.9998666948108749,0.9999165895148447
2007-10-15,0.9998666948108749,0.9999165895148447
2007-10-16,0.9998666948108749,0.9999165895148447
2007-10-17,0.9998666948108749,0.9999165895148447
2007-10-18,0.9998666948108749,0.9999165895148447
2007-10-19,0.9998666948108749,0.9999165895148447
2007-10-22,0.9998666948108749,0.9999165895148447
2007-10-23,0.9998666948108749,0.9999165895148447
2007-10-24,0.9998666948108749,0.9999165895148447
2007-10-25,0.9998666948108749,0.9999165895148447
2007-10-26,0.9998666948108749,0.9999165895148447
2007-10-29,0.9998666948108749,0.9999165895148447
2007-10-30,0.9998666948108749,0.9999165895148447
2007-10-31,1.0219351215159613,1.0785268260640437
2007-11-01,0.999872388938864,0.9999283041988362
2007-11-02,0.999872388938864,0.9999283041952003
2007-11-05,0.999872388938864,0.9999283041952003
2007-11-06,0.999872388938864,0.9999283041952003
2007-11-07,0.999872388938864,0.9999283041952003
2007-11-08,0.999872388938864,0.9999283041952003
2007-11-09,0.999872388938864,0.9999283041952003
2007-11-12,0.999872388938864,0.9999283041952003
2007-11-13,0.999872388938864,0.9999283041952003
2007-11-14,0.999872388938864,0.9999283041952003
2007-11-15,0.999872388938864,0.9999283041952003
2007-11-16,0.999872388938864,0.9999283041952003
2007-11-19,0.999872388938864,0.9999283041952003
2007-11-20,0.999872388938864,0.9999283041952003
2007-11-21,0.999872388938864,0.9999283041952003
2007-11-22,0.999872388938864,0.9999283041952003
2007-11-23,0.999872388938864,0.9999283041952003
2007-11-26,0.999872388938864,0.9999283041952003
2007-11-27,0.999872388938864,0.9999283041952003
2007-11-28,0.999872388938864,0.9999283041952003
2007-11-29,0.999872388938864,0.9999283041952003
2007-11-30,0.9445695554217249,1.0214424090535066
2007-12-03,0.9998570120086642,0.9999312922729731
2007-12-04,0.9998570120086642,0.9999312922718941
2007-12-05,0.9998570120086642,0.9999312922718941
2007-12-06,0.9998570120086642,0.9999312922718941
2007-12-07,0.9998570120086642,0.9999312922718941
2007-12-10,0.9998570120086642,0.9999312922718941
2007-12-11,0.9998570120086642,0.9999312922718941
2007-12-12,0.9998570120086642,0.9999312922718941
2007-12-13,0.9998570120086642,0.9999312922718941
2007-12-14,0.9998570120086642,0.9999312922718941
2007-12-17,0.9998570120086642,0.9999312922718941
2007-12-18,0.9998570120086642,0.9999312922718941
2007-12-19,0.9998570120086642,0.9999312922718941
2007-12-20,0.9998570120086642,0.9999312922718941
2007-12-21,0.9998570120086642,0.9999312922718941
2007-12-24,0.9998570120086642,0.9999312922718941
2007-12-25,0.9998570120086642,0.9999312922718941
2007-12-26,0.9998570120086642,0.9999312922718941
2007-12-27,0.9998570120086642,0.9999312922718941
2007-12-28,0.9998570120086642,0.9999312922718941
2007-12-31,0.9193447974239887,0.9692159316043345
2008-01-01,0.9998308774629623,0.9999268689131771
2008-01-02,0.9998308774629623,0.9999268689148438
2008-01-03,0.9998308774629623,0.9999268689148438
2008-01-04,0.9998308774629623,0.9999268689148438
2008-01-07,0.9998308774629623,0.9999268689148438
2008-01-08,0.9998308774629623,0.9999268689148438
2008-01-09,0.9998308774629623,0.9999268689148438
2008-01-10,0.9998308774629623,0.9999268689148438
2008-01-11,0.9998308774629623,0.9999268689148438
2008-01-14,0.9998308774629623,0.9999268689148438
2008-01-15,0.9998308774629623,0.9999268689148438
2008-01-16,0.9998308774629623,0.9999268689148438
2008-01-17,0.9998308774629623,0.9999268689148438
2008-01-18,0.9998308774629623,0.9999268689148438
2008-01-21,0.9998308774629623,0.9999268689148438
2008-01-22,0.9998308774629623,0.9999268689148438
2008-01-23,0.9998308774629623,0.9999268689148438
2008-01-24,0.9998308774629623,0.9999268689148438
2008-01-25,0.9998308774629623,0.9999268689148438
2008-01-28,0.9998308774629623,0.9999268689148438
2008-01-29,0.9998308774629623,0.9999268689148438
2008-01-30,0.9998308774629623,0.9999268689148438
2008-01-31,0.9277390892086994,1.0075159474491957
2008-02-01,0.9998035802846713,0.9999279663651596
2008-02-04,0.9998035802846713,0.9999279663647711
2008-02-05,0.9998035802846713,0.9999279663647711
2008-02-06,0.9998035802846713,0.9999279663647711
2008-02-07,0.9998035802846713,0.9999279663647711
2008-02-08,0.9998035802846713,0.9999279663647711
2008-02-11,0.9998035802846713,0.9999279663647711
2008-02-12,0.9998035802846713,0.9999279663647711
2008-02-13,0.9998035802846713,0.9999279663647711
2008-02-14,0.9998035802846713,0.9999279663647711
2008-02-15,0.9998035802846713,0.9999279663647711
2008-02-18,0.9998035802846713,0.9999279663647711
2008-02-19,0.9998035802846713,0.9999279663647711
2008-02-20,0.9998035802846713,0.9999279663647711
2008-02-21,0.9998035802846713,0.9999279663647711
2008-02-22,0.9998035802846713,0.9999279663647711
2008-02-25,0.9998035802846713,0.9999279663647711
2008-02-26,0.9998035802846713,0.9999279663647711
2008-02-27,0.9998035802846713,0.9999279663647711
2008-02-28,0.9998035802846713,0.9999279663647711
2008-02-29,0.9008976995286305,1.0789863706928813
2008-03-03,0.9997581011175011,0.9999381346841272
2008-03-04,0.9997581011175011,0.9999381346804728
2008-03-05,0.9997581011175011,0.9999381346804728
2008-03-06,0.9997581011175011,0.9999381346804728
2008-03-07,0.9997581011175011,0.9999381346804728
2008-03-10,0.9997581011175011,0.9999381346804728
2008-03-11,0.9997581011175011,0.9999381346804728
2008-03-12,0.9997581011175011,0.9999381346804728
2008-03-13,0.9997581011175011,0.9999381346804728
2008-03-14,0.9997581011175011,0.9999381346804728
2008-03-17,0.9997581011175011,0.9999381346804728
2008-03-18,0.9997581011175011,0.9999381346804728
2008-03-19,0.9997581011175011,0.9999381346804728
2008-03-20,0.9997581011175011,0.9999381346804728
2008-03-21,0.9997581011175011,0.9999381346804728
2008-03-24,0.9997581011175011,0.9999381346804728
2008-03-25,0.9997581011175011,0.9999381346804728
2008-03-26,0.9997581011175011,0.9999381346804728
2008-03-27,0.9997581011175011,0.9999381346804728
2008-03-28,0.9997581011175011,0.9999381346804728
2008-03-31,0.8806723422915025,1.1278170696951282
2008-04-01,0.9996882908728348,0.9999513677497311
2008-04-02,0.9996882908728348,0.9999513677441937
2008-04-03,0.9996882908728348,0.9999513677441937
2008-04-04,0.9996882908728348,0.9999513677441937
2008-04-07,0.9996882908728348,0.9999513677441937
2008-04-08,0.9996882908728348,0.9999513677441937
2008-04-09,0.9996882908728348,0.9999513677441937
2008-04-10,0.9996882908728348,0.9999513677441937
2008-04-11,0.9996882908728348,0.9999513677441937
2008-04-14,0.9996882908728348,0.9999513677441937
2008-04-15,0.9996882908728348,0.9999513677441937
2008-04-16,0.9996882908728348,0.9999513677441937
2008-04-17,0.9996882908728348,0.9999513677441937
2008-04-18,0.9996882908728348,0.9999513677441937
2008-04-21,0.9996882908728348,0.9999513677441937
2008-04-22,0.9996882908728348,0.9999513677441937
2008-04-23,0.9996882908728348,0.9999513677441937
2008-04-24,0.9996882908728348,0.9999513677441937
2008-04-25,0.9996882908728348,0.9999513677441937
2008-04-28,0.9996882908728348,0.9999513677441937
2008-04-29,0.9996882908728348,0.9999513677441937
2008-04-30,1.0681000290512632,1.0125241653399761
2008-05-01,0.9997269261878216,0.9999525679269078
2008-05-02,0.9997269261878216,0.9999525679262689
2008-05-05,0.9997269261878216,0.9999525679262689
2008-05-06,0.9997269261878216,0.9999525679262689
2008-05-07,0.9997269261878216,0.9999525679262689
2008-05-08,0.9997269261878216,0.9999525679262689
2008-05-09,0.9997269261878216,0.9999525679262689
2008-05-12,0.9997269261878216,0.9999525679262689
2008-05-13,0.9997269261878216,0.9999525679262689
2008-05-14,0.9997269261878216,0.9999525679262689
2008-05-15,0.9997269261878216,0.9999525679262689
2008-05-16,0.9997269261878216,0.9999525679262689
2008-05-19,0.9997269261878216,0.9999525679262689
2008-05-20,0.9997269261878216,0.9999525679262689
2008-05-21,0.9997269261878216,0.9999525679262689
2008-05-22,0.9997269261878216,0.9999525679262689
2008-05-23,0.9997269261878216,0.9999525679262689
2008-05-26,0.9997269261878216,0.9999525679262689
2008-05-27,0.9997269261878216,0.9999525679262689
2008-05-28,0.9997269261878216,0.9999525679262689
2008-05-29,0.9997269261878216,0.9999525679262689
2008-05-30,0.9997269261878216,0.9999525679262689
2008-06-02,0.9095841002915425,0.9829288505567605
2008-06-03,0.9996701472490889,0.9999509108241277
2008-06-04,0.9996701472490889,0.9999509108250321
2008-06-05,0.9996701472490889,0.9999509108250321
2008-06-06,0.9996701472490889,0.9999509108250321
2008-06-09,0.9996701472490889,0.9999509108250321
2008-06-10,0.9996701472490889,0.9999509108250321
2008-06-11,0.9996701472490889,0.9999509108250321
2008-06-12,0.9996701472490889,0.9999509108250321
2008-06-13,0.9996701472490889,0.9999509108250321
2008-06-16,0.9996701472490889,0.9999509108250321
2008-06-17,0.9996701472490889,0.9999509108250321
2008-06-18,0.9996701472490889,0.9999509108250321
2008-06-19,0.9996701472490889,0.9999509108250321
2008-06-20,0.9996701472490889,0.9999509108250321
2008-06-23,0.9996701472490889,0.9999509108250321
2008-06-24,0.9996701472490889,0.9999509108250321
2008-06-25,0.9996701472490889,0.9999509108250321
2008-06-26,0.9996701472490889,0.9999509108250321
2008-06-27,0.9996701472490889,0.9999509108250321
2008-06-30,0.8900444217008632,1.0571985004788693
2008-07-01,0.9995839418734447,0.9999560829520493
2008-07-02,0.9995839418734447,0.9999560829493217
2008-07-03,0.9995839418734447,0.9999560829493217
2008-07-04,0.9995839418734447,0.9999560829493217
2008-07-07,0.9995839418734447,0.9999560829493217
2008-07-08,0.9995839418734447,0.9999560829493217
2008-07-09,0.9995839418734447,0.9999560829493217
2008-07-10,0.9995839418734447,0.9999560829493217
2008-07-11,0.9995839418734447,0.9999560829493217
2008-07-14,0.9995839418734447,0.9999560829493217
2008-07-15,0.9995839418734447,0.9999560829493217
2008-07-16,0.9995839418734447,0.9999560829493217
2008-07-17,0.9995839418734447,0.9999560829493217
2008-07-18,0.9995839418734447,0.9999560829493217
2008-07-21,0.9995839418734447,0.9999560829493217
2008-07-22,0.9995839418734447,0.9999560829493217
2008-07-23,0.9995839418734447,0.9999560829493217
2008-07-24,0.9995839418734447,0.9999560829493217
2008-07-25,0.9995839418734447,0.9999560829493217
2008-07-28,0.9995839418734447,0.9999560829493217
2008-07-29,0.9995839418734447,0.9999560829493217
2008-07-30,0.9995839418734447,0.9999560829493217
2008-07-31,1.0638157159998431,0.9718287649546863
2008-08-01,0.9996326403223843,0.9999535041736387
2008-08-04,0.9996326403223843,0.9999535041751588
2008-08-05,0.9996326403223843,0.9999535041751588
2008-08-06,0.9996326403223843,0.9999535041751588
2008-08-07,0.9996326403223843,0.9999535041751588
2008-08-08,0.9996326403223843,0.9999535041751588
2008-08-11,0.9996326403223843,0.9999535041751588
2008-08-12,0.9996326403223843,0.9999535041751588
2008-08-13,0.9996326403223843,0.9999535041751588
2008-08-14,0.9996326403223843,0.9999535041751588
2008-08-15,0.9996326403223843,0.9999535041751588
2008-08-18,0.9996326403223843,0.9999535041751588
2008-08-19,0.9996326403223843,0.9999535041751588
2008-08-20,0.9996326403223843,0.9999535041751588
2008-08-21,0.9996326403223843,0.9999535041751588
2008-08-22,0.9996326403223843,0.9999535041751588
2008-08-25,0.9996326403223843,0.9999535041751588
2008-08-26,0.9996326403223843,0.9999535041751588
2008-08-27,0.9996326403223843,0.9999535041751588
2008-08-28,0.9996326403223843,0.9999535041751588
2008-08-29,0.9996326403223843,0.9999535041751588
2008-09-01,0.845834313294957,0.754994425967884
2008-09-02,0.9994870124482982,0.9999184424469465
2008-09-03,0.9994870124482982,0.9999184424664674
2008-09-04,0.9994870124482982,0.9999184424664674
2008-09-05,0.9994870124482982,0.9999184424664674
2008-09-08,0.9994870124482982,0.9999184424664674
2008-09-09,0.9994870124482982,0.9999184424664674
2008-09-10,0.9994870124482982,0.9999184424664674
2008-09-11,0.9994870124482982,0.9999184424664674
2008-09-12,0.9994870124482982,0.9999184424664674
2008-09-15,0.9994870124482982,0.9999184424664674
2008-09-16,0.9994870124482982,0.9999184424664674
2008-09-17,0.9994870124482982,0.9999184424664674
2008-09-18,0.9994870124482982,0.9999184424664674
2008-09-19,0.9994870124482982,0.9999184424664674
2008-09-22,0.9994870124482982,0.9999184424664674
2008-09-23,0.9994870124482982,0.9999184424664674
2008-09-24,0.9994870124482982,0.9999184424664674
2008-09-25,0.9994870124482982,0.9999184424664674
2008-09-26,0.9994870124482982,0.9999184424664674
2008-09-29,0.9994870124482982,0.9999184424664674
2008-09-30,0.8744051838051063,0.7356616864181751
2008-10-01,0.9993299097856826,0.9998493418879983
2008-10-02,0.9993299097856826,0.9998493419099291
2008-10-03,0.9993299097856826,0.9998493419099291
2008-10-06,0.9993299097856826,0.9998493419099291
2008-10-07,0.9993299097856826,0.9998493419099291
2008-10-08,0.9993299097856826,0.9998493419099291
2008-10-09,0.9993299097856826,0.9998493419099291
2008-10-10,0.9993299097856826,0.9998493419099291
2008-10-13,0.9993299097856826,0.9998493419099291
2008-10-14,0.9993299097856826,0.9998493419099291
2008-10-15,0.9993299097856826,0.9998493419099291
2008-10-16,0.9993299097856826,0.9998493419099291
2008-10-17,0.9993299097856826,0.9998493419099291
2008-10-20,0.9993299097856826,0.9998493419099291
2008-10-21,0.9993299097856826,0.9998493419099291
2008-10-22,0.9993299097856826,0.9998493419099291
2008-10-23,0.9993299097856826,0.9998493419099291
2008-10-24,0.9993299097856826,0.9998493419099291
2008-10-27,0.9993299097856826,0.9998493419099291
2008-10-28,0.9993299097856826,0.9998493419099291
2008-10-29,0.9993299097856826,0.9998493419099291
2008-10-30,0.9993299097856826,0.9998493419099291
2008-10-31,0.7594413411782677,0.1805266052296097
2008-11-03,0.9988405728578054,0.9954092952839609
2008-11-04,0.9988405728578054,0.995409296041728
2008-11-05,0.9988405728578054,0.995409296041728
2008-11-06,0.9988405728578054,0.995409296041728
2008-11-07,0.9988405728578054,0.995409296041728
2008-11-10,0.9988405728578054,0.995409296041728
2008-11-11,0.9988405728578054,0.995409296041728
2008-11-12,0.9988405728578054,0.995409296041728
2008-11-13,0.9988405728578054,0.995409296041728
2008-11-14,0.9988405728578054,0.995409296041728
2008-11-17,0.9988405728578054,0.995409296041728
2008-11-18,0.9988405728578054,0.995409296041728
2008-11-19,0.9988405728578054,0.995409296041728
2008-11-20,0.9988405728578054,0.995409296041728
2008-11-21,0.9988405728578054,0.995409296041728
2008-11-24,0.9988405728578054,0.995409296041728
2008-11-25,0.9988405728578054,0.995409296041728
2008-11-26,0.9988405728578054,0.995409296041728
2008-11-27,0.9988405728578054,0.995409296041728
2008-11-28,0.9988405728578054,0.995409296041728
2008-12-01,1.0018477628772708,1.0198977981585857
2008-12-02,0.9988475107759166,0.9956256748548862
2008-12-03,0.9988475107759166,0.9956256748536738
2008-12-04,0.9988475107759166,0.9956256748536738
2008-12-05,0.9988475107759166,0.9956256748536738
2008-12-08,0.9988475107759166,0.9956256748536738
2008-12-09,0.9988475107759166,0.9956256748536738
2008-12-10,0.9988475107759166,0.9956256748536738
2008-12-11,0.9988475107759166,0.9956256748536738
2008-12-12,0.9988475107759166,0.9956256748536738
2008-12-15,0.9988475107759166,0.9956256748536738
2008-12-16,0.9988475107759166,0.9956256748536738
2008-12-17,0.9988475107759166,0.9956256748536738
2008-12-18,0.9988475107759166,0.9956256748536738
2008-12-19,0.9988475107759166,0.9956256748536738
2008-12-22,0.9988475107759166,0.9956256748536738
2008-12-23,0.9988475107759166,0.9956256748536738
2008-12-24,0.9988475107759166,0.9956256748536738
2008-12-25,0.9988475107759166,0.9956256748536738
2008-12-26,0.9988475107759166,0.9956256748536738
2008-12-29,0.9988475107759166,0.9956256748536738
2008-12-30,0.9988475107759166,0.9956256748536738
2008-12-31,0.12951182703116262,4.62471525250028
2009-01-01,0.9376803283124686,0.9997959875112327
2009-01-02,0.9376803283124686,0.9997959874865574
2009-01-05,0.9376803283124686,0.9997959874865574
2009-01-06,0.9376803283124686,0.9997959874865574
2009-01-07,0.9376803283124686,0.9997959874865574
2009-01-08,0.9376803283124686,0.9997959874865574
2009-01-09,0.9376803283124686,0.9997959874865574
2009-01-12,0.9376803283124686,0.9997959874865574
2009-01-13,0.9376803283124686,0.9997959874865574
2009-01-14,0.9376803283124686,0.9997959874865574
2009-01-15,0.9376803283124686,0.9997959874865574
2009-01-16,0.9376803283124686,0.9997959874865574
2009-01-19,0.9376803283124686,0.9997959874865574
2009-01-20,0.9376803283124686,0.9997959874865574
2009-01-21,0.9376803283124686,0.9997959874865574
2009-01-22,0.9376803283124686,0.9997959874865574
2009-01-23,0.9376803283124686,0.9997959874865574
2009-01-26,0.9376803283124686,0.9997959874865574
2009-01-27,0.9376803283124686,0.9997959874865574
2009-01-28,0.9376803283124686,0.9997959874865574
2009-01-29,0.9376803283124686,0.9997959874865574
2009-01-30,0.9376803283124686,0.9997959874865574
2009-02-02,4.186398619429438,0.24944396404891772
2009-02-03,0.9965726462002744,0.9967375966298122
2009-02-04,0.9965726462002744,0.9967375970160415
2009-02-05,0.9965726462002744,0.9967375970160415
2009-02-06,0.9965726462002744,0.9967375970160415
2009-02-09,0.9965726462002744,0.9967375970160415
2009-02-10,0.9965726462002744,0.9967375970160415
2009-02-11,0.9965726462002744,0.9967375970160415
2009-02-12,0.9965726462002744,0.9967375970160415
2009-02-13,0.9965726462002744,0.9967375970160415
2009-02-16,0.9965726462002744,0.9967375970160415
2009-02-17,0.9965726462002744,0.9967375970160415
2009-02-18,0.9965726462002744,0.9967375970160415
2009-02-19,0.9965726462002744,0.9967375970160415
2009-02-20,0.9965726462002744,0.9967375970160415
2009-02-23,0.9965726462002744,0.9967375970160415
2009-02-24,0.9965726462002744,0.9967375970160415
2009-02-25,0.9965726462002744,0.9967375970160415
2009-02-26,0.9965726462002744,0.9967375970160415
2009-02-27,0.9965726462002744,0.9967375970160415
2009-03-02,0.5083406861047689,1.2695755944720333
2009-03-03,0.9870167965720613,0.997985359824869
2009-03-04,0.9870167965720613,0.9979853598149967
2009-03-05,0.9870167965720613,0.9979853598149967
2009-03-06,0.9870167965720613,0.9979853598149967
2009-03-09,0.9870167965720613,0.9979853598149967
2009-03-10,0.9870167965720613,0.9979853598149967
2009-03-11,0.9870167965720613,0.9979853598149967
2009-03-12,0.9870167965720613,0.9979853598149967
2009-03-13,0.9870167965720613,0.9979853598149967
2009-03-16,0.9870167965720613,0.9979853598149967
2009-03-17,0.9870167965720613,0.9979853598149967
2009-03-18,0.9870167965720613,0.9979853598149967
2009-03-19,0.9870167965720613,0.9979853598149967
2009-03-20,0.9870167965720613,0.9979853598149967
2009-03-23,0.9870167965720613,0.9979853598149967
2009-03-24,0.9870167965720613,0.9979853598149967
2009-03-25,0.9870167965720613,0.9979853598149967
2009-03-26,0.9870167965720613,0.9979853598149967
2009-03-27,0.9870167965720613,0.9979853598149967
2009-03-30,0.9870167965720613,0.9979853598149967
2009-03-31,0.2905006102618269,2.3068910507532894
2009-04-01,0.8751429858303624,0.9996220284356614
2009-04-02,0.8751429858303624,0.9996220284146403
2009-04-03,0.8751429858303624,0.9996220284146403
2009-04-06,0.8751429858303624,0.9996220284146403
2009-04-07,0.8751429858303624,0.9996220284146403
2009-04-08,0.8751429858303624,0.9996220284146403
2009-04-09,0.8751429858303624,0.9996220284146403
2009-04-10,0.8751429858303624,0.9996220284146403
2009-04-13,0.8751429858303624,0.9996220284146403
2009-04-14,0.8751429858303624,0.9996220284146403
2009-04-15,0.8751429858303624,0.9996220284146403
2009-04-16,0.8751429858303624,0.9996220284146403
2009-04-17,0.8751429858303624,0.9996220284146403
2009-04-20,0.8751429858303624,0.9996220284146403
2009-04-21,0.8751429858303624,0.9996220284146403
2009-04-22,0.8751429858303624,0.9996220284146403
2009-04-23,0.8751429858303624,0.9996220284146403
2009-04-24,0.8751429858303624,0.9996220284146403
2009-04-27,0.8751429858303624,0.9996220284146403
2009-04-28,0.8751429858303624,0.9996220284146403
2009-04-29,0.8751429858303624,0.9996220284146403
2009-04-30,3.4797260177954104,0.9091920112090881
2009-05-01,0.9904701871333385,0.9995431557037379
2009-05-04,0.9904701871333385,0.9995431557091368
2009-05-05,0.9904701871333385,0.9995431557091368
2009-05-06,0.9904701871333385,0.9995431557091368
2009-05-07,0.9904701871333385,0.9995431557091368
2009-05-08,0.9904701871333385,0.9995431557091368
2009-05-11,0.9904701871333385,0.9995431557091368
2009-05-12,0.9904701871333385,0.9995431557091368
2009-05-13,0.9904701871333385,0.9995431557091368
2009-05-14,0.9904701871333385,0.9995431557091368
2009-05-15,0.9904701871333385,0.9995431557091368
2009-05-18,0.9904701871333385,0.9995431557091368
2009-05-19,0.9904701871333385,0.9995431557091368
2009-05-20,0.9904701871333385,0.9995431557091368
2009-05-21,0.9904701871333385,0.9995431557091368
2009-05-22,0.9904701871333385,0.9995431557091368
2009-05-25,0.9904701871333385,0.9995431557091368
2009-05-26,0.9904701871333385,0.9995431557091368
2009-05-27,0.9904701871333385,0.9995431557091368
2009-05-28,0.9904701871333385,0.9995431557091368
2009-05-29,0.9904701871333385,0.9995431557091368
2009-06-01,2.061631688188205,1.6395970557255855
2009-06-02,0.9977759876459643,0.9998301429076477
2009-06-03,0.9977759876459643,0.9998301428913878
2009-06-04,0.9977759876459643,0.9998301428913878
2009-06-05,0.9977759876459643,0.9998301428913878
2009-06-08,0.9977759876459643,0.9998301428913878
2009-06-09,0.9977759876459643,0.9998301428913878
2009-06-10,0.9977759876459643,0.9998301428913878
2009-06-11,0.9977759876459643,0.9998301428913878
2009-06-12,0.9977759876459643,0.9998301428913878
2009-06-15,0.9977759876459643,0.9998301428913878
2009-06-16,0.9977759876459643,0.9998301428913878
2009-06-17,0.9977759876459643,0.9998301428913878
2009-06-18,0.9977759876459643,0.9998301428913878
2009-06-19,0.9977759876459643,0.9998301428913878
2009-06-22,0.9977759876459643,0.9998301428913878
2009-06-23,0.9977759876459643,0.9998301428913878
2009-06-24,0.9977759876459643,0.9998301428913878
2009-06-25,0.9977759876459643,0.9998301428913878
2009-06-26,0.9977759876459643,0.9998301428913878
2009-06-29,0.9977759876459643,0.9998301428913878
2009-06-30,1.1409703113155503,0.9414879987139089
2009-07-01,0.9982978597048114,0.9998084454233406
2009-07-02,0.9982978597048114,0.9998084454266468
2009-07-03,0.9982978597048114,0.9998084454266468
2009-07-06,0.9982978597048114,0.9998084454266468
2009-07-07,0.9982978597048114,0.9998084454266468
2009-07-08,0.9982978597048114,0.9998084454266468
2009-07-09,0.9982978597048114,0.9998084454266468
2009-07-10,0.9982978597048114,0.9998084454266468
2009-07-13,0.9982978597048114,0.9998084454266468
2009-07-14,0.9982978597048114,0.9998084454266468
2009-07-15,0.9982978597048114,0.9998084454266468
2009-07-16,0.9982978597048114,0.9998084454266468
2009-07-17,0.9982978597048114,0.9998084454266468
2009-07-20,0.9982978597048114,0.9998084454266468
2009-07-21,0.9982978597048114,0.9998084454266468
2009-07-22,0.9982978597048114,0.9998084454266468
2009-07-23,0.9982978597048114,0.9998084454266468
2009-07-24,0.9982978597048114,0.9998084454266468
2009-07-27,0.9982978597048114,0.9998084454266468
2009-07-28,0.9982978597048114,0.9998084454266468
2009-07-29,0.9982978597048114,0.9998084454266468
2009-07-30,0.9982978597048114,0.9998084454266468
2009-07-31,0.9912757076065042,1.0902589607751665
2009-08-03,0.9982737211493797,0.9998389033380282
2009-08-04,0.9982737211493797,0.9998389033339125
2009-08-05,0.9982737211493797,0.9998389033339125
2009-08-06,0.9982737211493797,0.9998389033339125
2009-08-07,0.9982737211493797,0.9998389033339125
2009-08-10,0.9982737211493797,0.9998389033339125
2009-08-11,0.9982737211493797,0.9998389033339125
2009-08-12,0.9982737211493797,0.9998389033339125
2009-08-13,0.9982737211493797,0.9998389033339125
2009-08-14,0.9982737211493797,0.9998389033339125
2009-08-17,0.9982737211493797,0.9998389033339125
2009-08-18,0.9982737211493797,0.9998389033339125
2009-08-19,0.9982737211493797,0.9998389033339125
2009-08-20,0.9982737211493797,0.9998389033339125
2009-08-21,0.9982737211493797,0.9998389033339125
2009-08-24,0.9982737211493797,0.9998389033339125
2009-08-25,0.9982737211493797,0.9998389033339125
2009-08-26,0.9982737211493797,0.9998389033339125
2009-08-27,0.9982737211493797,0.9998389033339125
2009-08-28,0.9982737211493797,0.9998389033339125
2009-08-31,0.7110095491845988,1.0479763840926348
2009-09-01,0.9966055502122633,0.9998533598220537
2009-09-02,0.9966055502122633,0.9998533598197307
2009-09-03,0.9966055502122633,0.9998533598197307
2009-09-04,0.9966055502122633,0.9998533598197307
2009-09-07,0.9966055502122633,0.9998533598197307
2009-09-08,0.9966055502122633,0.9998533598197307
2009-09-09,0.9966055502122633,0.9998533598197307
2009-09-10,0.9966055502122633,0.9998533598197307
2009-09-11,0.9966055502122633,0.9998533598197307
2009-09-14,0.9966055502122633,0.9998533598197307
2009-09-15,0.9966055502122633,0.9998533598197307
2009-09-16,0.9966055502122633,0.9998533598197307
2009-09-17,0.9966055502122633,0.9998533598197307
2009-09-18,0.9966055502122633,0.9998533598197307
2009-09-21,0.9966055502122633,0.9998533598197307
2009-09-22,0.9966055502122633,0.9998533598197307
2009-09-23,0.9966055502122633,0.9998533598197307
2009-09-24,0.9966055502122633,0.9998533598197307
2009-09-25,0.9966055502122633,0.9998533598197307
2009-09-28,0.9966055502122633,0.9998533598197307
2009-09-29,0.9966055502122633,0.9998533598197307
2009-09-30,0.7800888303816187,1.1275902444282893
2009-10-01,0.9944775176399464,0.9998846963080601
2009-10-02,0.9944775176399464,0.9998846963025283
2009-10-05,0.9944775176399464,0.9998846963025283
2009-10-06,0.9944775176399464,0.9998846963025283
2009-10-07,0.9944775176399464,0.9998846963025283
2009-10-08,0.9944775176399464,0.9998846963025283
2009-10-09,0.9944775176399464,0.9998846963025283
2009-10-12,0.9944775176399464,0.9998846963025283
2009-10-13,0.9944775176399464,0.9998846963025283
2009-10-14,0.9944775176399464,0.9998846963025283
2009-10-15,0.9944775176399464,0.9998846963025283
2009-10-16,0.9944775176399464,0.9998846963025283
2009-10-19,0.9944775176399464,0.9998846963025283
2009-10-20,0.9944775176399464,0.9998846963025283
2009-10-21,0.9944775176399464,0.9998846963025283
2009-10-22,0.9944775176399464,0.9998846963025283
2009-10-23,0.9944775176399464,0.9998846963025283
2009-10-26,0.9944775176399464,0.9998846963025283
2009-10-27,0.9944775176399464,0.9998846963025283
2009-10-28,0.9944775176399464,0.9998846963025283
2009-10-29,0.9944775176399464,0.9998846963025283
2009-10-30,0.9944775176399464,0.9998846963025283
2009-11-02,1.3530305767280466,1.0180324616617402
2009-11-03,0.9970052268635274,0.9998887698698483
2009-11-04,0.9970052268635274,0.9998887698689338
2009-11-05,0.9970052268635274,0.9998887698689338
2009-11-06,0.9970052268635274,0.9998887698689338
2009-11-09,0.9970052268635274,0.9998887698689338
2009-11-10,0.9970052268635274,0.9998887698689338
2009-11-11,0.9970052268635274,0.9998887698689338
2009-11-12,0.9970052268635274,0.9998887698689338
2009-11-13,0.9970052268635274,0.9998887698689338
2009-11-16,0.9970052268635274,0.9998887698689338
2009-11-17,0.9970052268635274,0.9998887698689338
2009-11-18,0.9970052268635274,0.9998887698689338
2009-11-19,0.9970052268635274,0.9998887698689338
2009-11-20,0.9970052268635274,0.9998887698689338
2009-11-23,0.9970052268635274,0.9998887698689338
2009-11-24,0.9970052268635274,0.9998887698689338
2009-11-25,0.9970052268635274,0.9998887698689338
2009-11-26,0.9970052268635274,0.9998887698689338
2009-11-27,0.9970052268635274,0.9998887698689338
2009-11-30,0.9739277054630187,1.076389880078646
2009-12-01,0.9968622964207293,0.9999040165391627
2009-12-02,0.9968622964207293,0.9999040165356144
2009-12-03,0.9968622964207293,0.9999040165356144
2009-12-04,0.9968622964207293,0.9999040165356144
2009-12-07,0.9968622964207293,0.9999040165356144
2009-12-08,0.9968622964207293,0.9999040165356144
2009-12-09,0.9968622964207293,0.9999040165356144
2009-12-10,0.9968622964207293,0.9999040165356144
2009-12-11,0.9968622964207293,0.9999040165356144
2009-12-14,0.9968622964207293,0.9999040165356144
2009-12-15,0.9968622964207293,0.9999040165356144
2009-12-16,0.9968622964207293,0.9999040165356144
2009-12-17,0.9968622964207293,0.9999040165356144
2009-12-18,0.9968622964207293,0.9999040165356144
2009-12-21,0.9968622964207293,0.9999040165356144
2009-12-22,0.9968622964207293,0.9999040165356144
2009-12-23,0.9968622964207293,0.9999040165356144
2009-12-24,0.9968622964207293,0.9999040165356144
2009-12-25,0.9968622964207293,0.9999040165356144
2009-12-28,0.9968622964207293,0.9999040165356144
2009-12-29,0.9968622964207293,0.9999040165356144
2009-12-30,0.9968622964207293,0.9999040165356144
2009-12-31,0.9894564127458739,0.7881384066092667
2010-01-01,0.9968153754459668,0.9998455206771119
2010-01-04,0.9968153754459668,0.9998455206928868
2010-01-05,0.9968153754459668,0.9998455206928868
2010-01-06,0.9968153754459668,0.9998455206928868
2010-01-07,0.9968153754459668,0.9998455206928868
2010-01-08,0.9968153754459668,0.9998455206928868
2010-01-11,0.9968153754459668,0.9998455206928868
2010-01-12,0.9968153754459668,0.9998455206928868
2010-01-13,0.9968153754459668,0.9998455206928868
2010-01-14,0.9968153754459668,0.9998455206928868
2010-01-15,0.9968153754459668,0.9998455206928868
2010-01-18,0.9968153754459668,0.9998455206928868
2010-01-19,0.9968153754459668,0.9998455206928868
2010-01-20,0.9968153754459668,0.9998455206928868
2010-01-21,0.9968153754459668,0.9998455206928868
2010-01-22,0.9968153754459668,0.9998455206928868
2010-01-25,0.9968153754459668,0.9998455206928868
2010-01-26,0.9968153754459668,0.9998455206928868
2010-01-27,0.9968153754459668,0.9998455206928868
2010-01-28,0.9968153754459668,0.9998455206928868
2010-01-29,0.9968153754459668,0.9998455206928868
2010-02-01,1.2121817419832606,0.6937539542931743
2010-02-02,0.9978431306757846,0.9996792127080344
2010-02-03,0.9978431306757846,0.9996792127358937
2010-02-04,0.9978431306757846,0.9996792127358937
2010-02-05,0.9978431306757846,0.9996792127358937
2010-02-08,0.9978431306757846,0.9996792127358937
2010-02-09,0.9978431306757846,0.9996792127358937
2010-02-10,0.9978431306757846,0.9996792127358937
2010-02-11,0.9978431306757846,0.9996792127358937
2010-02-12,0.9978431306757846,0.9996792127358937
2010-02-15,0.9978431306757846,0.9996792127358937
2010-02-16,0.9978431306757846,0.9996792127358937
2010-02-17,0.9978431306757846,0.9996792127358937
2010-02-18,0.9978431306757846,0.9996792127358937
2010-02-19,0.9978431306757846,0.9996792127358937
2010-02-22,0.9978431306757846,0.9996792127358937
2010-02-23,0.9978431306757846,0.9996792127358937
2010-02-24,0.9978431306757846,0.9996792127358937
2010-02-25,0.9978431306757846,0.9996792127358937
2010-02-26,0.9978431306757846,0.9996792127358937
2010-03-01,0.7887202837035099,0.8310175165862143
2010-03-02,0.9965544377733027,0.9995358858906594
2010-03-03,0.9965544377733027,0.9995358859022191
2010-03-04,0.9965544377733027,0.9995358859022191
2010-03-05,0.9965544377733027,0.9995358859022191
2010-03-08,0.9965544377733027,0.9995358859022191
2010-03-09,0.9965544377733027,0.9995358859022191
2010-03-10,0.9965544377733027,0.9995358859022191
2010-03-11,0.9965544377733027,0.9995358859022191
2010-03-12,0.9965544377733027,0.9995358859022191
2010-03-15,0.9965544377733027,0.9995358859022191
2010-03-16,0.9965544377733027,0.9995358859022191
2010-03-17,0.9965544377733027,0.9995358859022191
2010-03-18,0.9965544377733027,0.9995358859022191
2010-03-19,0.9965544377733027,0.9995358859022191
2010-03-22,0.9965544377733027,0.9995358859022191
2010-03-23,0.9965544377733027,0.9995358859022191
2010-03-24,0.9965544377733027,0.9995358859022191
2010-03-25,0.9965544377733027,0.9995358859022191
2010-03-26,0.9965544377733027,0.9995358859022191
2010-03-29,0.9965544377733027,0.9995358859022191
2010-03-30,0.9965544377733027,0.9995358859022191
2010-03-31,0.8257376720321833,0.9873863145915798
2010-04-01,0.994993250130413,0.9995244021792962
2010-04-02,0.994993250130413,0.9995244021799363
2010-04-05,0.994993250130413,0.9995244021799363
2010-04-06,0.994993250130413,0.9995244021799363
2010-04-07,0.994993250130413,0.9995244021799363
2010-04-08,0.994993250130413,0.9995244021799363
2010-04-09,0.994993250130413,0.9995244021799363
2010-04-12,0.994993250130413,0.9995244021799363
2010-04-13,0.994993250130413,0.9995244021799363
2010-04-14,0.994993250130413,0.9995244021799363
2010-04-15,0.994993250130413,0.9995244021799363
2010-04-16,0.994993250130413,0.9995244021799363
2010-04-19,0.994993250130413,0.9995244021799363
2010-04-20,0.994993250130413,0.9995244021799363
2010-04-21,0.994993250130413,0.9995244021799363
2010-04-22,0.994993250130413,0.9995244021799363
2010-04-23,0.994993250130413,0.9995244021799363
2010-04-26,0.994993250130413,0.9995244021799363
2010-04-27,0.994993250130413,0.9995244021799363
2010-04-28,0.994993250130413,0.9995244021799363
2010-04-29,0.994993250130413,0.9995244021799363
2010-04-30,1.4167286858791213,0.7920621316291144
2010-05-03,0.9975209990631352,0.9992429496647702
2010-05-04,0.9975209990631352,0.9992429496800743
2010-05-05,0.9975209990631352,0.9992429496800743
2010-05-06,0.9975209990631352,0.9992429496800743
2010-05-07,0.9975209990631352,0.9992429496800743
2010-05-10,0.9975209990631352,0.9992429496800743
2010-05-11,0.9975209990631352,0.9992429496800743
2010-05-12,0.9975209990631352,0.9992429496800743
2010-05-13,0.9975209990631352,0.9992429496800743
2010-05-14,0.9975209990631352,0.9992429496800743
2010-05-17,0.9975209990631352,0.9992429496800743
2010-05-18,0.9975209990631352,0.9992429496800743
2010-05-19,0.9975209990631352,0.9992429496800743
2010-05-20,0.9975209990631352,0.9992429496800743
2010-05-21,0.9975209990631352,0.9992429496800743
2010-05-24,0.9975209990631352,0.9992429496800743
2010-05-25,0.9975209990631352,0.9992429496800743
2010-05-26,0.9975209990631352,0.9992429496800743
2010-05-27,0.9975209990631352,0.9992429496800743
2010-05-28,0.9975209990631352,0.9992429496800743
2010-05-31,1.0461168422508407,-0.28019139788099096
2010-06-01,0.9977452060626021,-0.9904977566236951
2010-06-02,0.9977452060626021,-0.9904977569185218
2010-06-03,0.9977452060626021,-0.9904977569185218
2010-06-04,0.9977452060626021,-0.9904977569185218
2010-06-07,0.9977452060626021,-0.9904977569185218
2010-06-08,0.9977452060626021,-0.9904977569185218
2010-06-09,0.9977452060626021,-0.9904977569185218
2010-06-10,0.9977452060626021,-0.9904977569185218
2010-06-11,0.9977452060626021,-0.9904977569185218
2010-06-14,0.9977452060626021,-0.9904977569185218
2010-06-15,0.9977452060626021,-0.9904977569185218
2010-06-16,0.9977452060626021,-0.9904977569185218
2010-06-17,0.9977452060626021,-0.9904977569185218
2010-06-18,0.9977452060626021,-0.9904977569185218
2010-06-21,0.9977452060626021,-0.9904977569185218
2010-06-22,0.9977452060626021,-0.9904977569185218
2010-06-23,0.9977452060626021,-0.9904977569185218
2010-06-24,0.9977452060626021,-0.9904977569185218
2010-06-25,0.9977452060626021,-0.9904977569185218
2010-06-28,0.9977452060626021,-0.9904977569185218
2010-06-29,0.9977452060626021,-0.9904977569185218
2010-06-30,0.8199218426331721,-2.009958692681311
2010-07-01,0.9966665322718548,-0.9976672841747036
2010-07-02,0.9966665322718548,-0.9976672841552374
2010-07-05,0.9966665322718548,-0.9976672841552374
2010-07-06,0.9966665322718548,-0.9976672841552374
2010-07-07,0.9966665322718548,-0.9976672841552374
2010-07-08,0.9966665322718548,-0.9976672841552374
2010-07-09,0.9966665322718548,-0.9976672841552374
2010-07-12,0.9966665322718548,-0.9976672841552374
2010-07-13,0.9966665322718548,-0.9976672841552374
2010-07-14,0.9966665322718548,-0.9976672841552374
2010-07-15,0.9966665322718548,-0.9976672841552374
2010-07-16,0.9966665322718548,-0.9976672841552374
2010-07-19,0.9966665322718548,-0.9976672841552374
2010-07-20,0.9966665322718548,-0.9976672841552374
2010-07-21,0.9966665322718548,-0.9976672841552374
2010-07-22,0.9966665322718548,-0.9976672841552374
2010-07-23,0.9966665322718548,-0.9976672841552374
2010-07-26,0.9966665322718548,-0.9976672841552374
2010-07-27,0.9966665322718548,-0.9976672841552374
2010-07-28,0.9966665322718548,-0.9976672841552374
2010-07-29,0.9966665322718548,-0.9976672841552374
2010-07-30,0.9966665322718548,-0.9976672841552374
2010-08-02,1.0996797550288346,0.5196668865274529
2010-08-03,0.9972593655367782,0.9914821822622029
2010-08-04,0.9972593655367782,0.9914821823299751
2010-08-05,0.9972593655367782,0.9914821823299751
2010-08-06,0.9972593655367782,0.9914821823299751
2010-08-09,0.9972593655367782,0.9914821823299751
2010-08-10,0.9972593655367782,0.9914821823299751
2010-08-11,0.9972593655367782,0.9914821823299751
2010-08-12,0.9972593655367782,0.9914821823299751
2010-08-13,0.9972593655367782,0.9914821823299751
2010-08-16,0.9972593655367782,0.9914821823299751
2010-08-17,0.9972593655367782,0.9914821823299751
2010-08-18,0.9972593655367782,0.9914821823299751
2010-08-19,0.9972593655367782,0.9914821823299751
2010-08-20,0.9972593655367782,0.9914821823299751
2010-08-23,0.9972593655367782,0.9914821823299751
2010-08-24,0.9972593655367782,0.9914821823299751
2010-08-25,0.9972593655367782,0.9914821823299751
2010-08-26,0.9972593655367782,0.9914821823299751
2010-08-27,0.9972593655367782,0.9914821823299751
2010-08-30,0.9972593655367782,0.9914821823299751
2010-08-31,0.7915033596539061,-0.774639157917644
2010-09-01,0.9956597429149548,-0.9861584294515083
2010-09-02,0.9956597429149548,-0.9861584294673551
2010-09-03,0.9956597429149548,-0.9861584294673551
2010-09-06,0.9956597429149548,-0.9861584294673551
2010-09-07,0.9956597429149548,-0.9861584294673551
2010-09-08,0.9956597429149548,-0.9861584294673551
2010-09-09,0.9956597429149548,-0.9861584294673551
2010-09-10,0.9956597429149548,-0.9861584294673551
2010-09-13,0.9956597429149548,-0.9861584294673551
2010-09-14,0.9956597429149548,-0.9861584294673551
2010-09-15,0.9956597429149548,-0.9861584294673551
2010-09-16,0.9956597429149548,-0.9861584294673551
2010-09-17,0.9956597429149548,-0.9861584294673551
2010-09-20,0.9956597429149548,-0.9861584294673551
2010-09-21,0.9956597429149548,-0.9861584294673551
2010-09-22,0.9956597429149548,-0.9861584294673551
2010-09-23,0.9956597429149548,-0.9861584294673551
2010-09-24,0.9956597429149548,-0.9861584294673551
2010-09-27,0.9956597429149548,-0.9861584294673551
2010-09-28,0.9956597429149548,-0.9861584294673551
2010-09-29,0.9956597429149548,-0.9861584294673551
2010-09-30,0.9242895938089278,3.446673537989309
2010-10-01,0.9949688338079121,0.9988449097990398
2010-10-04,0.9949688338079121,0.9988449097753512
2010-10-05,0.9949688338079121,0.9988449097753512
2010-10-06,0.9949688338079121,0.9988449097753512
2010-10-07,0.9949688338079121,0.9988449097753512
2010-10-08,0.9949688338079121,0.9988449097753512
2010-10-11,0.9949688338079121,0.9988449097753512
2010-10-12,0.9949688338079121,0.9988449097753512
2010-10-13,0.9949688338079121,0.9988449097753512
2010-10-14,0.9949688338079121,0.9988449097753512
2010-10-15,0.9949688338079121,0.9988449097753512
2010-10-18,0.9949688338079121,0.9988449097753512
2010-10-19,0.9949688338079121,0.9988449097753512
2010-10-20,0.9949688338079121,0.9988449097753512
2010-10-21,0.9949688338079121,0.9988449097753512
2010-10-22,0.9949688338079121,0.9988449097753512
2010-10-25,0.9949688338079121,0.9988449097753512
2010-10-26,0.9949688338079121,0.9988449097753512
2010-10-27,0.9949688338079121,0.9988449097753512
2010-10-28,0.9949688338079121,0.9988449097753512
2010-10-29,0.9949688338079121,0.9988449097753512
2010-11-01,1.070312739409711,1.0849734174253833
2010-11-02,0.9956477788526095,0.9990207614136543
2010-11-03,0.9956477788526095,0.9990207614097186
2010-11-04,0.9956477788526095,0.9990207614097186
2010-11-05,0.9956477788526095,0.9990207614097186
2010-11-08,0.9956477788526095,0.9990207614097186
2010-11-09,0.9956477788526095,0.9990207614097186
2010-11-10,0.9956477788526095,0.9990207614097186
2010-11-11,0.9956477788526095,0.9990207614097186
2010-11-12,0.9956477788526095,0.9990207614097186
2010-11-15,0.9956477788526095,0.9990207614097186
2010-11-16,0.9956477788526095,0.9990207614097186
2010-11-17,0.9956477788526095,0.9990207614097186
2010-11-18,0.9956477788526095,0.9990207614097186
2010-11-19,0.9956477788526095,0.9990207614097186
2010-11-22,0.9956477788526095,0.9990207614097186
2010-11-23,0.9956477788526095,0.9990207614097186
2010-11-24,0.9956477788526095,0.9990207614097186
2010-11-25,0.9956477788526095,0.9990207614097186
2010-11-26,0.9956477788526095,0.9990207614097186
2010-11-29,0.9956477788526095,0.9990207614097186
2010-11-30,0.8327912589250086,0.20778515351049906
2010-12-01,0.9937965022413461,0.97807310223165
2010-12-02,0.9937965022413461,0.9780731027674046
2010-12-03,0.9937965022413461,0.9780731027674046
2010-12-06,0.9937965022413461,0.9780731027674046
2010-12-07,0.9937965022413461,0.9780731027674046
2010-12-08,0.9937965022413461,0.9780731027674046
2010-12-09,0.9937965022413461,0.9780731027674046
2010-12-10,0.9937965022413461,0.9780731027674046
2010-12-13,0.9937965022413461,0.9780731027674046
2010-12-14,0.9937965022413461,0.9780731027674046
2010-12-15,0.9937965022413461,0.9780731027674046
2010-12-16,0.9937965022413461,0.9780731027674046
2010-12-17,0.9937965022413461,0.9780731027674046
2010-12-20,0.9937965022413461,0.9780731027674046
2010-12-21,0.9937965022413461,0.9780731027674046
2010-12-22,0.9937965022413461,0.9780731027674046
2010-12-23,0.9937965022413461,0.9780731027674046
2010-12-24,0.9937965022413461,0.9780731027674046
2010-12-27,0.9937965022413461,0.9780731027674046
2010-12-28,0.9937965022413461,0.9780731027674046
2010-12-29,0.9937965022413461,0.9780731027674046
2010-12-30,0.9937965022413461,0.9780731027674046
2010-12-31,0.3177100452128847,1.1858226628139739
2011-01-03,0.9438441860319642,0.9849255115214127
2011-01-04,0.9438441860319642,0.9849255115135044
2011-01-05,0.9438441860319642,0.9849255115135044
2011-01-06,0.9438441860319642,0.9849255115135044
2011-01-07,0.9438441860319642,0.9849255115135044
2011-01-10,0.9438441860319642,0.9849255115135044
2011-01-11,0.9438441860319642,0.9849255115135044
2011-01-12,0.9438441860319642,0.9849255115135044
2011-01-13,0.9438441860319642,0.9849255115135044
2011-01-14,0.9438441860319642,0.9849255115135044
2011-01-17,0.9438441860319642,0.9849255115135044
2011-01-18,0.9438441860319642,0.9849255115135044
2011-01-19,0.9438441860319642,0.9849255115135044
2011-01-20,0.9438441860319642,0.9849255115135044
2011-01-21,0.9438441860319642,0.9849255115135044
2011-01-24,0.9438441860319642,0.9849255115135044
2011-01-25,0.9438441860319642,0.9849255115135044
2011-01-26,0.9438441860319642,0.9849255115135044
2011-01-27,0.9438441860319642,0.9849255115135044
2011-01-28,0.9438441860319642,0.9849255115135044
2011-01-31,1.4148573770926405,2.677427924989974
2011-02-01,0.9738019738354743,0.9979195167600065
2011-02-02,0.9738019738354743,0.997919516737759
2011-02-03,0.9738019738354743,0.997919516737759
2011-02-04,0.9738019738354743,0.997919516737759
2011-02-07,0.9738019738354743,0.997919516737759
2011-02-08,0.9738019738354743,0.997919516737759
2011-02-09,0.9738019738354743,0.997919516737759
2011-02-10,0.9738019738354743,0.997919516737759
2011-02-11,0.9738019738354743,0.997919516737759
2011-02-14,0.9738019738354743,0.997919516737759
2011-02-15,0.9738019738354743,0.997919516737759
2011-02-16,0.9738019738354743,0.997919516737759
2011-02-17,0.9738019738354743,0.997919516737759
2011-02-18,0.9738019738354743,0.997919516737759
2011-02-21,0.9738019738354743,0.997919516737759
2011-02-22,0.9738019738354743,0.997919516737759
2011-02-23,0.9738019738354743,0.997919516737759
2011-02-24,0.9738019738354743,0.997919516737759
2011-02-25,0.9738019738354743,0.997919516737759
2011-02-28,1.2696517461732648,1.210439463768612
2011-03-01,0.9843369942364365,0.9985845218037237
2011-03-02,0.9843369942364365,0.9985845217954658
2011-03-03,0.9843369942364365,0.9985845217954658
2011-03-04,0.9843369942364365,0.9985845217954658
2011-03-07,0.9843369942364365,0.9985845217954658
2011-03-08,0.9843369942364365,0.9985845217954658
2011-03-09,0.9843369942364365,0.9985845217954658
2011-03-10,0.9843369942364365,0.9985845217954658
2011-03-11,0.9843369942364365,0.9985845217954658
2011-03-14,0.9843369942364365,0.9985845217954658
2011-03-15,0.9843369942364365,0.9985845217954658
2011-03-16,0.9843369942364365,0.9985845217954658
2011-03-17,0.9843369942364365,0.9985845217954658
2011-03-18,0.9843369942364365,0.9985845217954658
2011-03-21,0.9843369942364365,0.9985845217954658
2011-03-22,0.9843369942364365,0.9985845217954658
2011-03-23,0.9843369942364365,0.9985845217954658
2011-03-24,0.9843369942364365,0.9985845217954658
2011-03-25,0.9843369942364365,0.9985845217954658
2011-03-28,0.9843369942364365,0.9985845217954658
2011-03-29,0.9843369942364365,0.9985845217954658
2011-03-30,0.9843369942364365,0.9985845217954658
2011-03-31,0.5873787170106443,1.6669059733017486
2011-04-01,0.957788791400904,0.9994913232314879
2011-04-04,0.957788791400904,0.9994913232149145
2011-04-05,0.957788791400904,0.9994913232149145
2011-04-06,0.957788791400904,0.9994913232149145
2011-04-07,0.957788791400904,0.9994913232149145
2011-04-08,0.957788791400904,0.9994913232149145
2011-04-11,0.957788791400904,0.9994913232149145
2011-04-12,0.957788791400904,0.9994913232149145
2011-04-13,0.957788791400904,0.9994913232149145
2011-04-14,0.957788791400904,0.9994913232149145
2011-04-15,0.957788791400904,0.9994913232149145
2011-04-18,0.957788791400904,0.9994913232149145
2011-04-19,0.957788791400904,0.9994913232149145
2011-04-20,0.957788791400904,0.9994913232149145
2011-04-21,0.957788791400904,0.9994913232149145
2011-04-22,0.957788791400904,0.9994913232149145
2011-04-25,0.957788791400904,0.9994913232149145
2011-04-26,0.957788791400904,0.9994913232149145
2011-04-27,0.957788791400904,0.9994913232149145
2011-04-28,0.957788791400904,0.9994913232149145
2011-04-29,0.957788791400904,0.9994913232149145
2011-05-02,0.348185382714167,1.5654754104162267
2011-05-03,0.771134158487944,0.9997925547490307
2011-05-04,0.771134158487944,0.9997925547337038
2011-05-05,0.771134158487944,0.9997925547337038
2011-05-06,0.771134158487944,0.9997925547337038
2011-05-09,0.771134158487944,0.9997925547337038
2011-05-10,0.771134158487944,0.9997925547337038
2011-05-11,0.771134158487944,0.9997925547337038
2011-05-12,0.771134158487944,0.9997925547337038
2011-05-13,0.771134158487944,0.9997925547337038
2011-05-16,0.771134158487944,0.9997925547337038
2011-05-17,0.771134158487944,0.9997925547337038
2011-05-18,0.771134158487944,0.9997925547337038
2011-05-19,0.771134158487944,0.9997925547337038
2011-05-20,0.771134158487944,0.9997925547337038
2011-05-23,0.771134158487944,0.9997925547337038
2011-05-24,0.771134158487944,0.9997925547337038
2011-05-25,0.771134158487944,0.9997925547337038
2011-05-26,0.771134158487944,0.9997925547337038
2011-05-27,0.771134158487944,0.9997925547337038
2011-05-30,0.771134158487944,0.9997925547337038
2011-05-31,-0.7266288762361809,0.6624629716735594
2011-06-01,-0.7521289985667255,0.9995276893114378
2011-06-02,-0.7521289985667255,0.9995276893444709
2011-06-03,-0.7521289985667255,0.9995276893444709
2011-06-06,-0.7521289985667255,0.9995276893444709
2011-06-07,-0.7521289985667255,0.9995276893444709
2011-06-08,-0.7521289985667255,0.9995276893444709
2011-06-09,-0.7521289985667255,0.9995276893444709
2011-06-10,-0.7521289985667255,0.9995276893444709
2011-06-13,-0.7521289985667255,0.9995276893444709
2011-06-14,-0.7521289985667255,0.9995276893444709
2011-06-15,-0.7521289985667255,0.9995276893444709
2011-06-16,-0.7521289985667255,0.9995276893444709
2011-06-17,-0.7521289985667255,0.9995276893444709
2011-06-20,-0.7521289985667255,0.9995276893444709
2011-06-21,-0.7521289985667255,0.9995276893444709
2011-06-22,-0.7521289985667255,0.9995276893444709
2011-06-23,-0.7521289985667255,0.9995276893444709
2011-06-24,-0.7521289985667255,0.9995276893444709
2011-06-27,-0.7521289985667255,0.9995276893444709
2011-06-28,-0.7521289985667255,0.9995276893444709
2011-06-29,-0.7521289985667255,0.9995276893444709
2011-06-30,-3.387846543090322,1.156726236324525
2011-07-01,-0.9816008396914382,0.9996472767410586
2011-07-04,-0.9816008396914382,0.9996472767345067
2011-07-05,-0.9816008396914382,0.9996472767345067
2011-07-06,-0.9816008396914382,0.9996472767345067
2011-07-07,-0.9816008396914382,0.9996472767345067
2011-07-08,-0.9816008396914382,0.9996472767345067
2011-07-11,-0.9816008396914382,0.9996472767345067
2011-07-12,-0.9816008396914382,0.9996472767345067
2011-07-13,-0.9816008396914382,0.9996472767345067
2011-07-14,-0.9816008396914382,0.9996472767345067
2011-07-15,-0.9816008396914382,0.9996472767345067
2011-07-18,-0.9816008396914382,0.9996472767345067
2011-07-19,-0.9816008396914382,0.9996472767345067
2011-07-20,-0.9816008396914382,0.9996472767345067
2011-07-21,-0.9816008396914382,0.9996472767345067
2011-07-22,-0.9816008396914382,0.9996472767345067
2011-07-25,-0.9816008396914382,0.9996472767345067
2011-07-26,-0.9816008396914382,0.9996472767345067
2011-07-27,-0.9816008396914382,0.9996472767345067
2011-07-28,-0.9816008396914382,0.9996472767345067
2011-07-29,-0.9816008396914382,0.9996472767345067
2011-08-01,-1.1931797775541297,0.7053135205861509
2011-08-02,-0.9874360214027714,0.9992918394675253
2011-08-03,-0.9874360214027714,0.9992918394935872
2011-08-04,-0.9874360214027714,0.9992918394935872
2011-08-05,-0.9874360214027714,0.9992918394935872
2011-08-08,-0.9874360214027714,0.9992918394935872
2011-08-09,-0.9874360214027714,0.9992918394935872
2011-08-10,-0.9874360214027714,0.9992918394935872
2011-08-11,-0.9874360214027714,0.9992918394935872
2011-08-12,-0.9874360214027714,0.9992918394935872
2011-08-15,-0.9874360214027714,0.9992918394935872
2011-08-16,-0.9874360214027714,0.9992918394935872
2011-08-17,-0.9874360214027714,0.9992918394935872
2011-08-18,-0.9874360214027714,0.9992918394935872
2011-08-19,-0.9874360214027714,0.9992918394935872
2011-08-22,-0.9874360214027714,0.9992918394935872
2011-08-23,-0.9874360214027714,0.9992918394935872
2011-08-24,-0.9874360214027714,0.9992918394935872
2011-08-25,-0.9874360214027714,0.9992918394935872
2011-08-26,-0.9874360214027714,0.9992918394935872
2011-08-29,-0.9874360214027714,0.9992918394935872
2011-08-30,-0.9874360214027714,0.9992918394935872
2011-08-31,-1.303702544335557,1.1000398906062976
2011-09-01,-0.99273425837378,0.999415505932314
2011-09-02,-0.99273425837378,0.9994155059277965
2011-09-05,-0.99273425837378,0.9994155059277965
2011-09-06,-0.99273425837378,0.9994155059277965
2011-09-07,-0.99273425837378,0.9994155059277965
2011-09-08,-0.99273425837378,0.9994155059277965
2011-09-09,-0.99273425837378,0.9994155059277965
2011-09-12,-0.99273425837378,0.9994155059277965
2011-09-13,-0.99273425837378,0.9994155059277965
2011-09-14,-0.99273425837378,0.9994155059277965
2011-09-15,-0.99273425837378,0.9994155059277965
2011-09-16,-0.99273425837378,0.9994155059277965
2011-09-19,-0.99273425837378,0.9994155059277965
2011-09-20,-0.99273425837378,0.9994155059277965
2011-09-21,-0.99273425837378,0.9994155059277965
2011-09-22,-0.99273425837378,0.9994155059277965
2011-09-23,-0.99273425837378,0.9994155059277965
2011-09-26,-0.99273425837378,0.9994155059277965
2011-09-27,-0.99273425837378,0.9994155059277965
2011-09-28,-0.99273425837378,0.9994155059277965
2011-09-29,-0.99273425837378,0.9994155059277965
2011-09-30,-0.7217931010781511,0.29255568998827997
2011-10-03,-0.9863875879030716,0.9932420282900145
2011-10-04,-0.9863875879030716,0.9932420285607044
2011-10-05,-0.9863875879030716,0.9932420285607044
2011-10-06,-0.9863875879030716,0.9932420285607044
2011-10-07,-0.9863875879030716,0.9932420285607044
2011-10-10,-0.9863875879030716,0.9932420285607044
2011-10-11,-0.9863875879030716,0.9932420285607044
2011-10-12,-0.9863875879030716,0.9932420285607044
2011-10-13,-0.9863875879030716,0.9932420285607044
2011-10-14,-0.9863875879030716,0.9932420285607044
2011-10-17,-0.9863875879030716,0.9932420285607044
2011-10-18,-0.9863875879030716,0.9932420285607044
2011-10-19,-0.9863875879030716,0.9932420285607044
2011-10-20,-0.9863875879030716,0.9932420285607044
2011-10-21,-0.9863875879030716,0.9932420285607044
2011-10-24,-0.9863875879030716,0.9932420285607044
2011-10-25,-0.9863875879030716,0.9932420285607044
2011-10-26,-0.9863875879030716,0.9932420285607044
2011-10-27,-0.9863875879030716,0.9932420285607044
2011-10-28,-0.9863875879030716,0.9932420285607044
2011-10-31,-1.1802691733977198,2.8160723501479774
2011-11-01,-0.9904337855827359,0.9991517852246049
2011-11-02,-0.9904337855827359,0.9991517852019931
2011-11-03,-0.9904337855827359,0.9991517852019931
2011-11-04,-0.9904337855827359,0.9991517852019931
2011-11-07,-0.9904337855827359,0.9991517852019931
2011-11-08,-0.9904337855827359,0.9991517852019931
2011-11-09,-0.9904337855827359,0.9991517852019931
2011-11-10,-0.9904337855827359,0.9991517852019931
2011-11-11,-0.9904337855827359,0.9991517852019931
2011-11-14,-0.9904337855827359,0.9991517852019931
2011-11-15,-0.9904337855827359,0.9991517852019931
2011-11-16,-0.9904337855827359,0.9991517852019931
2011-11-17,-0.9904337855827359,0.9991517852019931
2011-11-18,-0.9904337855827359,0.9991517852019931
2011-11-21,-0.9904337855827359,0.9991517852019931
2011-11-22,-0.9904337855827359,0.9991517852019931
2011-11-23,-0.9904337855827359,0.9991517852019931
2011-11-24,-0.9904337855827359,0.9991517852019931
2011-11-25,-0.9904337855827359,0.9991517852019931
2011-11-28,-0.9904337855827359,0.9991517852019931
2011-11-29,-0.9904337855827359,0.9991517852019931
2011-11-30,-1.2127485971378205,0.08136560750451559
2011-12-01,-0.9935890229846492,0.8922400904111264
2011-12-02,-0.9935890229846492,0.8922400931658278
2011-12-05,-0.9935890229846492,0.8922400931658278
2011-12-06,-0.9935890229846492,0.8922400931658278
2011-12-07,-0.9935890229846492,0.8922400931658278
2011-12-08,-0.9935890229846492,0.8922400931658278
2011-12-09,-0.9935890229846492,0.8922400931658278
2011-12-12,-0.9935890229846492,0.8922400931658278
2011-12-13,-0.9935890229846492,0.8922400931658278
2011-12-14,-0.9935890229846492,0.8922400931658278
2011-12-15,-0.9935890229846492,0.8922400931658278
2011-12-16,-0.9935890229846492,0.8922400931658278
2011-12-19,-0.9935890229846492,0.8922400931658278
2011-12-20,-0.9935890229846492,0.8922400931658278
2011-12-21,-0.9935890229846492,0.8922400931658278
2011-12-22,-0.9935890229846492,0.8922400931658278
2011-12-23,-0.9935890229846492,0.8922400931658278
2011-12-26,-0.9935890229846492,0.8922400931658278
2011-12-27,-0.9935890229846492,0.8922400931658278
2011-12-28,-0.9935890229846492,0.8922400931658278
2011-12-29,-0.9935890229846492,0.8922400931658278
2011-12-30,-0.9935890229846492,0.8922400931658278
2012-01-02,-0.9461653083417327,-4.736109146644796
2012-01-03,-0.992937218438845,-0.9954854828178071
2012-01-04,-0.992937218438845,-0.9954854827931723
2012-01-05,-0.992937218438845,-0.9954854827931723
2012-01-06,-0.992937218438845,-0.9954854827931723
2012-01-09,-0.992937218438845,-0.9954854827931723
2012-01-10,-0.992937218438845,-0.9954854827931723
2012-01-11,-0.992937218438845,-0.9954854827931723
2012-01-12,-0.992937218438845,-0.9954854827931723
2012-01-13,-0.992937218438845,-0.9954854827931723
2012-01-16,-0.992937218438845,-0.9954854827931723
2012-01-17,-0.992937218438845,-0.9954854827931723
2012-01-18,-0.992937218438845,-0.9954854827931723
2012-01-19,-0.992937218438845,-0.9954854827931723
2012-01-20,-0.992937218438845,-0.9954854827931723
2012-01-23,-0.992937218438845,-0.9954854827931723
2012-01-24,-0.992937218438845,-0.9954854827931723
2012-01-25,-0.992937218438845,-0.9954854827931723
2012-01-26,-0.992937218438845,-0.9954854827931723
2012-01-27,-0.992937218438845,-0.9954854827931723
2012-01-30,-0.992937218438845,-0.9954854827931723
2012-01-31,-0.4050310866933651,-0.72310216703779
2012-02-01,-0.9596765181075342,-0.9914952302996362
2012-02-02,-0.9596765181075342,-0.9914952303222286
2012-02-03,-0.9596765181075342,-0.9914952303222286
2012-02-06,-0.9596765181075342,-0.9914952303222286
2012-02-07,-0.9596765181075342,-0.9914952303222286
2012-02-08,-0.9596765181075342,-0.9914952303222286
2012-02-09,-0.9596765181075342,-0.9914952303222286
2012-02-10,-0.9596765181075342,-0.9914952303222286
2012-02-13,-0.9596765181075342,-0.9914952303222286
2012-02-14,-0.9596765181075342,-0.9914952303222286
2012-02-15,-0.9596765181075342,-0.9914952303222286
2012-02-16,-0.9596765181075342,-0.9914952303222286
2012-02-17,-0.9596765181075342,-0.9914952303222286
2012-02-20,-0.9596765181075342,-0.9914952303222286
2012-02-21,-0.9596765181075342,-0.9914952303222286
2012-02-22,-0.9596765181075342,-0.9914952303222286
2012-02-23,-0.9596765181075342,-0.9914952303222286
2012-02-24,-0.9596765181075342,-0.9914952303222286
2012-02-27,-0.9596765181075342,-0.9914952303222286
2012-02-28,-0.9596765181075342,-0.9914952303222286
2012-02-29,-1.570069434082684,0.7995321597524527
2012-03-01,-0.984347495025579,0.9870098868154954
2012-03-02,-0.984347495025579,0.9870098868288845
2012-03-05,-0.984347495025579,0.9870098868288845
2012-03-06,-0.984347495025579,0.9870098868288845
2012-03-07,-0.984347495025579,0.9870098868288845
2012-03-08,-0.984347495025579,0.9870098868288845
2012-03-09,-0.984347495025579,0.9870098868288845
2012-03-12,-0.984347495025579,0.9870098868288845
2012-03-13,-0.984347495025579,0.9870098868288845
2012-03-14,-0.984347495025579,0.9870098868288845
2012-03-15,-0.984347495025579,0.9870098868288845
2012-03-16,-0.984347495025579,0.9870098868288845
2012-03-19,-0.984347495025579,0.9870098868288845
2012-03-20,-0.984347495025579,0.9870098868288845
2012-03-21,-0.984347495025579,0.9870098868288845
2012-03-22,-0.984347495025579,0.9870098868288845
2012-03-23,-0.984347495025579,0.9870098868288845
2012-03-26,-0.984347495025579,0.9870098868288845
2012-03-27,-0.984347495025579,0.9870098868288845
2012-03-28,-0.984347495025579,0.9870098868288845
2012-03-29,-0.984347495025579,0.9870098868288845
2012-03-30,-0.984347495025579,0.9870098868288845
2012-04-02,-1.3310060444854301,0.4476978556107247
2012-04-03,-0.9913474077189418,0.9412297802376582
2012-04-04,-0.9913474077189418,0.9412297803209991
2012-04-05,-0.9913474077189418,0.9412297803209991
2012-04-06,-0.9913474077189418,0.9412297803209991
2012-04-09,-0.9913474077189418,0.9412297803209991
2012-04-10,-0.9913474077189418,0.9412297803209991
2012-04-11,-0.9913474077189418,0.9412297803209991
2012-04-12,-0.9913474077189418,0.9412297803209991
2012-04-13,-0.9913474077189418,0.9412297803209991
2012-04-16,-0.9913474077189418,0.9412297803209991
2012-04-17,-0.9913474077189418,0.9412297803209991
2012-04-18,-0.9913474077189418,0.9412297803209991
2012-04-19,-0.9913474077189418,0.9412297803209991
2012-04-20,-0.9913474077189418,0.9412297803209991
2012-04-23,-0.9913474077189418,0.9412297803209991
2012-04-24,-0.9913474077189418,0.9412297803209991
2012-04-25,-0.9913474077189418,0.9412297803209991
2012-04-26,-0.9913474077189418,0.9412297803209991
2012-04-27,-0.9913474077189418,0.9412297803209991
2012-04-30,-0.8186873238593328,-0.8480158617274317
2012-05-01,-0.9873889628856933,-0.9290194566519859
2012-05-02,-0.9873889628856933,-0.9290194566568005
2012-05-03,-0.9873889628856933,-0.9290194566568005
2012-05-04,-0.9873889628856933,-0.9290194566568005
2012-05-07,-0.9873889628856933,-0.9290194566568005
2012-05-08,-0.9873889628856933,-0.9290194566568005
2012-05-09,-0.9873889628856933,-0.9290194566568005
2012-05-10,-0.9873889628856933,-0.9290194566568005
2012-05-11,-0.9873889628856933,-0.9290194566568005
2012-05-14,-0.9873889628856933,-0.9290194566568005
2012-05-15,-0.9873889628856933,-0.9290194566568005
2012-05-16,-0.9873889628856933,-0.9290194566568005
2012-05-17,-0.9873889628856933,-0.9290194566568005
2012-05-18,-0.9873889628856933,-0.9290194566568005
2012-05-21,-0.9873889628856933,-0.9290194566568005
2012-05-22,-0.9873889628856933,-0.9290194566568005
2012-05-23,-0.9873889628856933,-0.9290194566568005
2012-05-24,-0.9873889628856933,-0.9290194566568005
2012-05-25,-0.9873889628856933,-0.9290194566568005
2012-05-28,-0.9873889628856933,-0.9290194566568005
2012-05-29,-0.9873889628856933,-0.9290194566568005
2012-05-30,-0.9873889628856933,-0.9290194566568005
2012-05-31,-1.0341081319880108,-9.357399351079769
2012-06-01,-0.9884835491021605,-0.999219044130041
2012-06-04,-0.9884835491021605,-0.9992190441044659
2012-06-05,-0.9884835491021605,-0.9992190441044659
2012-06-06,-0.9884835491021605,-0.9992190441044659
2012-06-07,-0.9884835491021605,-0.9992190441044659
2012-06-08,-0.9884835491021605,-0.9992190441044659
2012-06-11,-0.9884835491021605,-0.9992190441044659
2012-06-12,-0.9884835491021605,-0.9992190441044659
2012-06-13,-0.9884835491021605,-0.9992190441044659
2012-06-14,-0.9884835491021605,-0.9992190441044659
2012-06-15,-0.9884835491021605,-0.9992190441044659
2012-06-18,-0.9884835491021605,-0.9992190441044659
2012-06-19,-0.9884835491021605,-0.9992190441044659
2012-06-20,-0.9884835491021605,-0.9992190441044659
2012-06-21,-0.9884835491021605,-0.9992190441044659
2012-06-22,-0.9884835491021605,-0.9992190441044659
2012-06-25,-0.9884835491021605,-0.9992190441044659
2012-06-26,-0.9884835491021605,-0.9992190441044659
2012-06-27,-0.9884835491021605,-0.9992190441044659
2012-06-28,-0.9884835491021605,-0.9992190441044659
2012-06-29,-0.9884835491021605,-0.9992190441044659
2012-07-02,-1.2153054721910006,-0.9053430677502995
2012-07-03,-0.9923365377773788,-0.9990489340207497
2012-07-04,-0.9923365377773788,-0.9990489340263812
2012-07-05,-0.9923365377773788,-0.9990489340263812
2012-07-06,-0.9923365377773788,-0.9990489340263812
2012-07-09,-0.9923365377773788,-0.9990489340263812
2012-07-10,-0.9923365377773788,-0.9990489340263812
2012-07-11,-0.9923365377773788,-0.9990489340263812
2012-07-12,-0.9923365377773788,-0.9990489340263812
2012-07-13,-0.9923365377773788,-0.9990489340263812
2012-07-16,-0.9923365377773788,-0.9990489340263812
2012-07-17,-0.9923365377773788,-0.9990489340263812
2012-07-18,-0.9923365377773788,-0.9990489340263812
2012-07-19,-0.9923365377773788,-0.9990489340263812
2012-07-20,-0.9923365377773788,-0.9990489340263812
2012-07-23,-0.9923365377773788,-0.9990489340263812
2012-07-24,-0.9923365377773788,-0.9990489340263812
2012-07-25,-0.9923365377773788,-0.9990489340263812
2012-07-26,-0.9923365377773788,-0.9990489340263812
2012-07-27,-0.9923365377773788,-0.9990489340263812
2012-07-30,-0.9923365377773788,-0.9990489340263812
2012-07-31,-0.3970767654684282,-1.3231764545252247
2012-08-01,-0.9548366199904068,-0.9994574810249464
2012-08-02,-0.9548366199904068,-0.9994574810138338
2012-08-03,-0.9548366199904068,-0.9994574810138338
2012-08-06,-0.9548366199904068,-0.9994574810138338
2012-08-07,-0.9548366199904068,-0.9994574810138338
2012-08-08,-0.9548366199904068,-0.9994574810138338
2012-08-09,-0.9548366199904068,-0.9994574810138338
2012-08-10,-0.9548366199904068,-0.9994574810138338
2012-08-13,-0.9548366199904068,-0.9994574810138338
2012-08-14,-0.9548366199904068,-0.9994574810138338
2012-08-15,-0.9548366199904068,-0.9994574810138338
2012-08-16,-0.9548366199904068,-0.9994574810138338
2012-08-17,-0.9548366199904068,-0.9994574810138338
2012-08-20,-0.9548366199904068,-0.9994574810138338
2012-08-21,-0.9548366199904068,-0.9994574810138338
2012-08-22,-0.9548366199904068,-0.9994574810138338
2012-08-23,-0.9548366199904068,-0.9994574810138338
2012-08-24,-0.9548366199904068,-0.9994574810138338
2012-08-27,-0.9548366199904068,-0.9994574810138338
2012-08-28,-0.9548366199904068,-0.9994574810138338
2012-08-29,-0.9548366199904068,-0.9994574810138338
2012-08-30,-0.9548366199904068,-0.9994574810138338
2012-08-31,-1.6147550919464209,-0.750925034870691
2012-09-03,-0.983488279952363,-0.999039542832121
2012-09-04,-0.983488279952363,-0.9990395428520372
2012-09-05,-0.983488279952363,-0.9990395428520372
2012-09-06,-0.983488279952363,-0.9990395428520372
2012-09-07,-0.983488279952363,-0.9990395428520372
2012-09-10,-0.983488279952363,-0.9990395428520372
2012-09-11,-0.983488279952363,-0.9990395428520372
2012-09-12,-0.983488279952363,-0.9990395428520372
2012-09-13,-0.983488279952363,-0.9990395428520372
2012-09-14,-0.983488279952363,-0.9990395428520372
2012-09-17,-0.983488279952363,-0.9990395428520372
2012-09-18,-0.983488279952363,-0.9990395428520372
2012-09-19,-0.983488279952363,-0.9990395428520372
2012-09-20,-0.983488279952363,-0.9990395428520372
2012-09-21,-0.983488279952363,-0.9990395428520372
2012-09-24,-0.983488279952363,-0.9990395428520372
2012-09-25,-0.983488279952363,-0.9990395428520372
2012-09-26,-0.983488279952363,-0.9990395428520372
2012-09-27,-0.983488279952363,-0.9990395428520372
2012-09-28,-0.983488279952363,-0.9990395428520372
2012-10-01,-0.4377624405363431,-0.607720387411199
2012-10-02,-0.9241445048485516,-0.9974107585827192
2012-10-03,-0.9241445048485516,-0.9974107586264547
2012-10-04,-0.9241445048485516,-0.9974107586264547
2012-10-05,-0.9241445048485516,-0.9974107586264547
2012-10-08,-0.9241445048485516,-0.9974107586264547
2012-10-09,-0.9241445048485516,-0.9974107586264547
2012-10-10,-0.9241445048485516,-0.9974107586264547
2012-10-11,-0.9241445048485516,-0.9974107586264547
2012-10-12,-0.9241445048485516,-0.9974107586264547
2012-10-15,-0.9241445048485516,-0.9974107586264547
2012-10-16,-0.9241445048485516,-0.9974107586264547
2012-10-17,-0.9241445048485516,-0.9974107586264547
2012-10-18,-0.9241445048485516,-0.9974107586264547
2012-10-19,-0.9241445048485516,-0.9974107586264547
2012-10-22,-0.9241445048485516,-0.9974107586264547
2012-10-23,-0.9241445048485516,-0.9974107586264547
2012-10-24,-0.9241445048485516,-0.9974107586264547
2012-10-25,-0.9241445048485516,-0.9974107586264547
2012-10-26,-0.9241445048485516,-0.9974107586264547
2012-10-29,-0.9241445048485516,-0.9974107586264547
2012-10-30,-0.9241445048485516,-0.9974107586264547
2012-10-31,-2.546373698044465,-0.7619205232883755
2012-11-01,-0.9889313927603764,-0.9955751292429982
2012-11-02,-0.9889313927603764,-0.9955751292612314
2012-11-05,-0.9889313927603764,-0.9955751292612314
2012-11-06,-0.9889313927603764,-0.9955751292612314
2012-11-07,-0.9889313927603764,-0.9955751292612314
2012-11-08,-0.9889313927603764,-0.9955751292612314
2012-11-09,-0.9889313927603764,-0.9955751292612314
2012-11-12,-0.9889313927603764,-0.9955751292612314
2012-11-13,-0.9889313927603764,-0.9955751292612314
2012-11-14,-0.9889313927603764,-0.9955751292612314
2012-11-15,-0.9889313927603764,-0.9955751292612314
2012-11-16,-0.9889313927603764,-0.9955751292612314
2012-11-19,-0.9889313927603764,-0.9955751292612314
2012-11-20,-0.9889313927603764,-0.9955751292612314
2012-11-21,-0.9889313927603764,-0.9955751292612314
2012-11-22,-0.9889313927603764,-0.9955751292612314
2012-11-23,-0.9889313927603764,-0.9955751292612314
2012-11-26,-0.9889313927603764,-0.9955751292612314
2012-11-27,-0.9889313927603764,-0.9955751292612314
2012-11-28,-0.9889313927603764,-0.9955751292612314
2012-11-29,-0.9889313927603764,-0.9955751292612314
2012-11-30,-1.3104323251609478,-0.7382424039323582
2012-12-03,-0.9936510453141678,-0.9919960909106156
2012-12-04,-0.9936510453141678,-0.9919960909313058
2012-12-05,-0.9936510453141678,-0.9919960909313058
2012-12-06,-0.9936510453141678,-0.9919960909313058
2012-12-07,-0.9936510453141678,-0.9919960909313058
2012-12-10,-0.9936510453141678,-0.9919960909313058
2012-12-11,-0.9936510453141678,-0.9919960909313058
2012-12-12,-0.9936510453141678,-0.9919960909313058
2012-12-13,-0.9936510453141678,-0.9919960909313058
2012-12-14,-0.9936510453141678,-0.9919960909313058
2012-12-17,-0.9936510453141678,-0.9919960909313058
2012-12-18,-0.9936510453141678,-0.9919960909313058
2012-12-19,-0.9936510453141678,-0.9919960909313058
2012-12-20,-0.9936510453141678,-0.9919960909313058
2012-12-21,-0.9936510453141678,-0.9919960909313058
2012-12-24,-0.9936510453141678,-0.9919960909313058
2012-12-25,-0.9936510453141678,-0.9919960909313058
2012-12-26,-0.9936510453141678,-0.9919960909313058
2012-12-27,-0.9936510453141678,-0.9919960909313058
2012-12-28,-0.9936510453141678,-0.9919960909313058
2012-12-31,-1.3289926807298815,0.49536591370834016
2013-01-01,-0.9964359026565782,0.969015076689254
2013-01-02,-0.9964359026565782,0.9690150767601671
2013-01-03,-0.9964359026565782,0.9690150767601671
2013-01-04,-0.9964359026565782,0.9690150767601671
2013-01-07,-0.9964359026565782,0.9690150767601671
2013-01-08,-0.9964359026565782,0.9690150767601671
2013-01-09,-0.9964359026565782,0.9690150767601671
2013-01-10,-0.9964359026565782,0.9690150767601671
2013-01-11,-0.9964359026565782,0.9690150767601671
2013-01-14,-0.9964359026565782,0.9690150767601671
2013-01-15,-0.9964359026565782,0.9690150767601671
2013-01-16,-0.9964359026565782,0.9690150767601671
2013-01-17,-0.9964359026565782,0.9690150767601671
2013-01-18,-0.9964359026565782,0.9690150767601671
2013-01-21,-0.9964359026565782,0.9690150767601671
2013-01-22,-0.9964359026565782,0.9690150767601671
2013-01-23,-0.9964359026565782,0.9690150767601671
2013-01-24,-0.9964359026565782,0.9690150767601671
2013-01-25,-0.9964359026565782,0.9690150767601671
2013-01-28,-0.9964359026565782,0.9690150767601671
2013-01-29,-0.9964359026565782,0.9690150767601671
2013-01-30,-0.9964359026565782,0.9690150767601671
2013-01-31,-1.3437007365422686,4.886167453789421
2013-02-01,-0.9980353350887102,0.9987247324206571
2013-02-04,-0.9980353350887102,0.99872473239588
2013-02-05,-0.9980353350887102,0.99872473239588
2013-02-06,-0.9980353350887102,0.99872473239588
2013-02-07,-0.9980353350887102,0.99872473239588
2013-02-08,-0.9980353350887102,0.99872473239588
2013-02-11,-0.9980353350887102,0.99872473239588
2013-02-12,-0.9980353350887102,0.99872473239588
2013-02-13,-0.9980353350887102,0.99872473239588
2013-02-14,-0.9980353350887102,0.99872473239588
2013-02-15,-0.9980353350887102,0.99872473239588
2013-02-18,-0.9980353350887102,0.99872473239588
2013-02-19,-0.9980353350887102,0.99872473239588
2013-02-20,-0.9980353350887102,0.99872473239588
2013-02-21,-0.9980353350887102,0.99872473239588
2013-02-22,-0.9980353350887102,0.99872473239588
2013-02-25,-0.9980353350887102,0.99872473239588
2013-02-26,-0.9980353350887102,0.99872473239588
2013-02-27,-0.9980353350887102,0.99872473239588
2013-02-28,-1.1612822456673344,0.508418384746766
2013-03-01,-0.9985477572033242,0.9951057692185817
2013-03-04,-0.9985477572033242,0.9951057692915148
2013-03-05,-0.9985477572033242,0.9951057692915148
2013-03-06,-0.9985477572033242,0.9951057692915148
2013-03-07,-0.9985477572033242,0.9951057692915148
2013-03-08,-0.9985477572033242,0.9951057692915148
2013-03-11,-0.9985477572033242,0.9951057692915148
2013-03-12,-0.9985477572033242,0.9951057692915148
2013-03-13,-0.9985477572033242,0.9951057692915148
2013-03-14,-0.9985477572033242,0.9951057692915148
2013-03-15,-0.9985477572033242,0.9951057692915148
2013-03-18,-0.9985477572033242,0.9951057692915148
2013-03-19,-0.9985477572033242,0.9951057692915148
2013-03-20,-0.9985477572033242,0.9951057692915148
2013-03-21,-0.9985477572033242,0.9951057692915148
2013-03-22,-0.9985477572033242,0.9951057692915148
2013-03-25,-0.9985477572033242,0.9951057692915148
2013-03-26,-0.9985477572033242,0.9951057692915148
2013-03-27,-0.9985477572033242,0.9951057692915148
2013-03-28,-0.9985477572033242,0.9951057692915148
2013-03-29,-0.9985477572033242,0.9951057692915148
2013-04-01,-0.8759394658912185,0.04548823444630234
2013-04-02,-0.9981139830392601,0.4181566673509952
2013-04-03,-0.9981139830392601,0.4181566682550334
2013-04-04,-0.9981139830392601,0.4181566682550334
2013-04-05,-0.9981139830392601,0.4181566682550334
2013-04-08,-0.9981139830392601,0.4181566682550334
2013-04-09,-0.9981139830392601,0.4181566682550334
2013-04-10,-0.9981139830392601,0.4181566682550334
2013-04-11,-0.9981139830392601,0.4181566682550334
2013-04-12,-0.9981139830392601,0.4181566682550334
2013-04-15,-0.9981139830392601,0.4181566682550334
2013-04-16,-0.9981139830392601,0.4181566682550334
2013-04-17,-0.9981139830392601,0.4181566682550334
2013-04-18,-0.9981139830392601,0.4181566682550334
2013-04-19,-0.9981139830392601,0.4181566682550334
2013-04-22,-0.9981139830392601,0.4181566682550334
2013-04-23,-0.9981139830392601,0.4181566682550334
2013-04-24,-0.9981139830392601,0.4181566682550334
2013-04-25,-0.9981139830392601,0.4181566682550334
2013-04-26,-0.9981139830392601,0.4181566682550334
2013-04-29,-0.9981139830392601,0.4181566682550334
2013-04-30,-1.065161775285197,9.435392312307401
2013-05-01,-0.9983433740031649,0.9953977084202694
2013-05-02,-0.9983433740031649,0.995397708394785
2013-05-03,-0.9983433740031649,0.995397708394785
2013-05-06,-0.9983433740031649,0.995397708394785
2013-05-07,-0.9983433740031649,0.995397708394785
2013-05-08,-0.9983433740031649,0.995397708394785
2013-05-09,-0.9983433740031649,0.995397708394785
2013-05-10,-0.9983433740031649,0.995397708394785
2013-05-13,-0.9983433740031649,0.995397708394785
2013-05-14,-0.9983433740031649,0.995397708394785
2013-05-15,-0.9983433740031649,0.995397708394785
2013-05-16,-0.9983433740031649,0.995397708394785
2013-05-17,-0.9983433740031649,0.995397708394785
2013-05-20,-0.9983433740031649,0.995397708394785
2013-05-21,-0.9983433740031649,0.995397708394785
2013-05-22,-0.9983433740031649,0.995397708394785
2013-05-23,-0.9983433740031649,0.995397708394785
2013-05-24,-0.9983433740031649,0.995397708394785
2013-05-27,-0.9983433740031649,0.995397708394785
2013-05-28,-0.9983433740031649,0.995397708394785
2013-05-29,-0.9983433740031649,0.995397708394785
2013-05-30,-0.9983433740031649,0.995397708394785
2013-05-31,-1.241727773351651,1.3186362975895205
2013-06-03,-0.9989282014864264,0.997369687146942
2013-06-04,-0.9989282014864264,0.9973696871358924
2013-06-05,-0.9989282014864264,0.9973696871358924
2013-06-06,-0.9989282014864264,0.9973696871358924
2013-06-07,-0.9989282014864264,0.9973696871358924
2013-06-10,-0.9989282014864264,0.9973696871358924
2013-06-11,-0.9989282014864264,0.9973696871358924
2013-06-12,-0.9989282014864264,0.9973696871358924
2013-06-13,-0.9989282014864264,0.9973696871358924
2013-06-14,-0.9989282014864264,0.9973696871358924
2013-06-17,-0.9989282014864264,0.9973696871358924
2013-06-18,-0.9989282014864264,0.9973696871358924
2013-06-19,-0.9989282014864264,0.9973696871358924
2013-06-20,-0.9989282014864264,0.9973696871358924
2013-06-21,-0.9989282014864264,0.9973696871358924
2013-06-24,-0.9989282014864264,0.9973696871358924
2013-06-25,-0.9989282014864264,0.9973696871358924
2013-06-26,-0.9989282014864264,0.9973696871358924
2013-06-27,-0.9989282014864264,0.9973696871358924
2013-06-28,-0.9989282014864264,0.9973696871358924
2013-07-01,-1.1935780401889968,0.9392364692805033
2013-07-02,-0.9992489147948243,0.9970355001540916
2013-07-03,-0.9992489147948243,0.9970355001573663
2013-07-04,-0.9992489147948243,0.9970355001573663
2013-07-05,-0.9992489147948243,0.9970355001573663
2013-07-08,-0.9992489147948243,0.9970355001573663
2013-07-09,-0.9992489147948243,0.9970355001573663
2013-07-10,-0.9992489147948243,0.9970355001573663
2013-07-11,-0.9992489147948243,0.9970355001573663
2013-07-12,-0.9992489147948243,0.9970355001573663
2013-07-15,-0.9992489147948243,0.9970355001573663
2013-07-16,-0.9992489147948243,0.9970355001573663
2013-07-17,-0.9992489147948243,0.9970355001573663
2013-07-18,-0.9992489147948243,0.9970355001573663
2013-07-19,-0.9992489147948243,0.9970355001573663
2013-07-22,-0.9992489147948243,0.9970355001573663
2013-07-23,-0.9992489147948243,0.9970355001573663
2013-07-24,-0.9992489147948243,0.9970355001573663
2013-07-25,-0.9992489147948243,0.9970355001573663
2013-07-26,-0.9992489147948243,0.9970355001573663
2013-07-29,-0.9992489147948243,0.9970355001573663
2013-07-30,-0.9992489147948243,0.9970355001573663
2013-07-31,-1.1636782732189337,1.5451543800951963
2013-08-01,-0.999446013447884,0.9987624673803106
2013-08-02,-0.999446013447884,0.9987624673652562
2013-08-05,-0.999446013447884,0.9987624673652562
2013-08-06,-0.999446013447884,0.9987624673652562
2013-08-07,-0.999446013447884,0.9987624673652562
2013-08-08,-0.999446013447884,0.9987624673652562
2013-08-09,-0.999446013447884,0.9987624673652562
2013-08-12,-0.999446013447884,0.9987624673652562
2013-08-13,-0.999446013447884,0.9987624673652562
2013-08-14,-0.999446013447884,0.9987624673652562
2013-08-15,-0.999446013447884,0.9987624673652562
2013-08-16,-0.999446013447884,0.9987624673652562
2013-08-19,-0.999446013447884,0.9987624673652562
2013-08-20,-0.999446013447884,0.9987624673652562
2013-08-21,-0.999446013447884,0.9987624673652562
2013-08-22,-0.999446013447884,0.9987624673652562
2013-08-23,-0.999446013447884,0.9987624673652562
2013-08-26,-0.999446013447884,0.9987624673652562
2013-08-27,-0.999446013447884,0.9987624673652562
2013-08-28,-0.999446013447884,0.9987624673652562
2013-08-29,-0.999446013447884,0.9987624673652562
2013-08-30,-0.999446013447884,0.9987624673652562
2013-09-02,-1.1323337034166323,0.9955388542029552
2013-09-03,-0.9995683330842492,0.9987544549732438
2013-09-04,-0.9995683330842492,0.9987544549734111
2013-09-05,-0.9995683330842492,0.9987544549734111
2013-09-06,-0.9995683330842492,0.9987544549734111
2013-09-09,-0.9995683330842492,0.9987544549734111
2013-09-10,-0.9995683330842492,0.9987544549734111
2013-09-11,-0.9995683330842492,0.9987544549734111
2013-09-12,-0.9995683330842492,0.9987544549734111
2013-09-13,-0.9995683330842492,0.9987544549734111
2013-09-16,-0.9995683330842492,0.9987544549734111
2013-09-17,-0.9995683330842492,0.9987544549734111
2013-09-18,-0.9995683330842492,0.9987544549734111
2013-09-19,-0.9995683330842492,0.9987544549734111
2013-09-20,-0.9995683330842492,0.9987544549734111
2013-09-23,-0.9995683330842492,0.9987544549734111
2013-09-24,-0.9995683330842492,0.9987544549734111
2013-09-25,-0.9995683330842492,0.9987544549734111
2013-09-26,-0.9995683330842492,0.9987544549734111
2013-09-27,-0.9995683330842492,0.9987544549734111
2013-09-30,-0.848740771757443,1.2364928993149071
2013-10-01,-0.9994014301759946,0.9991868407504038
2013-10-02,-0.9994014301759946,0.9991868407414269
2013-10-03,-0.9994014301759946,0.9991868407414269
2013-10-04,-0.9994014301759946,0.9991868407414269
2013-10-07,-0.9994014301759946,0.9991868407414269
2013-10-08,-0.9994014301759946,0.9991868407414269
2013-10-09,-0.9994014301759946,0.9991868407414269
2013-10-10,-0.9994014301759946,0.9991868407414269
2013-10-11,-0.9994014301759946,0.9991868407414269
2013-10-14,-0.9994014301759946,0.9991868407414269
2013-10-15,-0.9994014301759946,0.9991868407414269
2013-10-16,-0.9994014301759946,0.9991868407414269
2013-10-17,-0.9994014301759946,0.9991868407414269
2013-10-18,-0.9994014301759946,0.9991868407414269
2013-10-21,-0.9994014301759946,0.9991868407414269
2013-10-22,-0.9994014301759946,0.9991868407414269
2013-10-23,-0.9994014301759946,0.9991868407414269
2013-10-24,-0.9994014301759946,0.9991868407414269
2013-10-25,-0.9994014301759946,0.9991868407414269
2013-10-28,-0.9994014301759946,0.9991868407414269
2013-10-29,-0.9994014301759946,0.9991868407414269
2013-10-30,-0.9994014301759946,0.9991868407414269
2013-10-31,-1.035113907818077,1.2880109924374183
2013-11-01,-0.9994419862479946,0.9995104007532382
2013-11-04,-0.9994419862479946,0.9995104007429437
2013-11-05,-0.9994419862479946,0.9995104007429437
2013-11-06,-0.9994419862479946,0.9995104007429437
2013-11-07,-0.9994419862479946,0.9995104007429437
2013-11-08,-0.9994419862479946,0.9995104007429437
2013-11-11,-0.9994419862479946,0.9995104007429437
2013-11-12,-0.9994419862479946,0.9995104007429437
2013-11-13,-0.9994419862479946,0.9995104007429437
2013-11-14,-0.9994419862479946,0.9995104007429437
2013-11-15,-0.9994419862479946,0.9995104007429437
2013-11-18,-0.9994419862479946,0.9995104007429437
2013-11-19,-0.9994419862479946,0.9995104007429437
2013-11-20,-0.9994419862479946,0.9995104007429437
2013-11-21,-0.9994419862479946,0.9995104007429437
2013-11-22,-0.9994419862479946,0.9995104007429437
2013-11-25,-0.9994419862479946,0.9995104007429437
2013-11-26,-0.9994419862479946,0.9995104007429437
2013-11-27,-0.9994419862479946,0.9995104007429437
2013-11-28,-0.9994419862479946,0.9995104007429437
2013-11-29,-0.9994419862479946,0.9995104007429437
2013-12-02,-0.9856771274504149,0.9777382822703259
2013-12-03,-0.9994263057425644,0.9994883702439159
2013-12-04,-0.9994263057425644,0.99948837024508
2013-12-05,-0.9994263057425644,0.99948837024508
2013-12-06,-0.9994263057425644,0.99948837024508
2013-12-09,-0.9994263057425644,0.99948837024508
2013-12-10,-0.9994263057425644,0.99948837024508
2013-12-11,-0.9994263057425644,0.99948837024508
2013-12-12,-0.9994263057425644,0.99948837024508
2013-12-13,-0.9994263057425644,0.99948837024508
2013-12-16,-0.9994263057425644,0.99948837024508
2013-12-17,-0.9994263057425644,0.99948837024508
2013-12-18,-0.9994263057425644,0.99948837024508
2013-12-19,-0.9994263057425644,0.99948837024508
2013-12-20,-0.9994263057425644,0.99948837024508
2013-12-23,-0.9994263057425644,0.99948837024508
2013-12-24,-0.9994263057425644,0.99948837024508
2013-12-25,-0.9994263057425644,0.99948837024508
2013-12-26,-0.9994263057425644,0.99948837024508
2013-12-27,-0.9994263057425644,0.99948837024508
2013-12-30,-0.9994263057425644,0.99948837024508
2013-12-31,-1.0667825284479606,1.255094062252778
2014-01-01,-0.9994964113132055,0.9996754507947476
2014-01-02,-0.9994964113132055,0.9996754507852853
2014-01-03,-0.9994964113132055,0.9996754507852853
2014-01-06,-0.9994964113132055,0.9996754507852853
2014-01-07,-0.9994964113132055,0.9996754507852853
2014-01-08,-0.9994964113132055,0.9996754507852853
2014-01-09,-0.9994964113132055,0.9996754507852853
2014-01-10,-0.9994964113132055,0.9996754507852853
2014-01-13,-0.9994964113132055,0.9996754507852853
2014-01-14,-0.9994964113132055,0.9996754507852853
2014-01-15,-0.9994964113132055,0.9996754507852853
2014-01-16,-0.9994964113132055,0.9996754507852853
2014-01-17,-0.9994964113132055,0.9996754507852853
2014-01-20,-0.9994964113132055,0.9996754507852853
2014-01-21,-0.9994964113132055,0.9996754507852853
2014-01-22,-0.9994964113132055,0.9996754507852853
2014-01-23,-0.9994964113132055,0.9996754507852853
2014-01-24,-0.9994964113132055,0.9996754507852853
2014-01-27,-0.9994964113132055,0.9996754507852853
2014-01-28,-0.9994964113132055,0.9996754507852853
2014-01-29,-0.9994964113132055,0.9996754507852853
2014-01-30,-0.9994964113132055,0.9996754507852853
2014-01-31,-0.9140799939902556,0.7273951742730592
2014-02-03,-0.999397986990466,0.9993872686540701
2014-02-04,-0.999397986990466,0.9993872686770381
2014-02-05,-0.999397986990466,0.9993872686770381
2014-02-06,-0.999397986990466,0.9993872686770381
2014-02-07,-0.999397986990466,0.9993872686770381
2014-02-10,-0.999397986990466,0.9993872686770381
2014-02-11,-0.999397986990466,0.9993872686770381
2014-02-12,-0.999397986990466,0.9993872686770381
2014-02-13,-0.999397986990466,0.9993872686770381
2014-02-14,-0.999397986990466,0.9993872686770381
2014-02-17,-0.999397986990466,0.9993872686770381
2014-02-18,-0.999397986990466,0.9993872686770381
2014-02-19,-0.999397986990466,0.9993872686770381
2014-02-20,-0.999397986990466,0.9993872686770381
2014-02-21,-0.999397986990466,0.9993872686770381
2014-02-24,-0.999397986990466,0.9993872686770381
2014-02-25,-0.999397986990466,0.9993872686770381
2014-02-26,-0.999397986990466,0.9993872686770381
2014-02-27,-0.999397986990466,0.9993872686770381
2014-02-28,-0.977793290237988,1.1729526753316355
2014-03-03,-0.99937111506164,0.9995550757799564
2014-03-04,-0.99937111506164,0.9995550757728706
2014-03-05,-0.99937111506164,0.9995550757728706
2014-03-06,-0.99937111506164,0.9995550757728706
2014-03-07,-0.99937111506164,0.9995550757728706
2014-03-10,-0.99937111506164,0.9995550757728706
2014-03-11,-0.99937111506164,0.9995550757728706
2014-03-12,-0.99937111506164,0.9995550757728706
2014-03-13,-0.99937111506164,0.9995550757728706
2014-03-14,-0.99937111506164,0.9995550757728706
2014-03-17,-0.99937111506164,0.9995550757728706
2014-03-18,-0.99937111506164,0.9995550757728706
2014-03-19,-0.99937111506164,0.9995550757728706
2014-03-20,-0.99937111506164,0.9995550757728706
2014-03-21,-0.99937111506164,0.9995550757728706
2014-03-24,-0.99937111506164,0.9995550757728706
2014-03-25,-0.99937111506164,0.9995550757728706
2014-03-26,-0.99937111506164,0.9995550757728706
2014-03-27,-0.99937111506164,0.9995550757728706
2014-03-28,-0.99937111506164,0.9995550757728706
2014-03-31,-0.9035537095738471,1.0933738474180217
2014-04-01,-0.9992308246335256,0.9996281141050882
2014-04-02,-0.9992308246335256,0.9996281141008404
2014-04-03,-0.9992308246335256,0.9996281141008404
2014-04-04,-0.9992308246335256,0.9996281141008404
2014-04-07,-0.9992308246335256,0.9996281141008404
2014-04-08,-0.9992308246335256,0.9996281141008404
2014-04-09,-0.9992308246335256,0.9996281141008404
2014-04-10,-0.9992308246335256,0.9996281141008404
2014-04-11,-0.9992308246335256,0.9996281141008404
2014-04-14,-0.9992308246335256,0.9996281141008404
2014-04-15,-0.9992308246335256,0.9996281141008404
2014-04-16,-0.9992308246335256,0.9996281141008404
2014-04-17,-0.9992308246335256,0.9996281141008404
2014-04-18,-0.9992308246335256,0.9996281141008404
2014-04-21,-0.9992308246335256,0.9996281141008404
2014-04-22,-0.9992308246335256,0.9996281141008404
2014-04-23,-0.9992308246335256,0.9996281141008404
2014-04-24,-0.9992308246335256,0.9996281141008404
2014-04-25,-0.9992308246335256,0.9996281141008404
2014-04-28,-0.9992308246335256,0.9996281141008404
2014-04-29,-0.9992308246335256,0.9996281141008404
2014-04-30,-0.958926929952605,1.0417701567853062
2014-05-01,-0.9991648913341767,0.9996575777401762
2014-05-02,-0.9991648913341767,0.9996575777381259
2014-05-05,-0.9991648913341767,0.9996575777381259
2014-05-06,-0.9991648913341767,0.9996575777381259
2014-05-07,-0.9991648913341767,0.9996575777381259
2014-05-08,-0.9991648913341767,0.9996575777381259
2014-05-09,-0.9991648913341767,0.9996575777381259
2014-05-12,-0.9991648913341767,0.9996575777381259
2014-05-13,-0.9991648913341767,0.9996575777381259
2014-05-14,-0.9991648913341767,0.9996575777381259
2014-05-15,-0.9991648913341767,0.9996575777381259
2014-05-16,-0.9991648913341767,0.9996575777381259
2014-05-19,-0.9991648913341767,0.9996575777381259
2014-05-20,-0.9991648913341767,0.9996575777381259
2014-05-21,-0.9991648913341767,0.9996575777381259
2014-05-22,-0.9991648913341767,0.9996575777381259
2014-05-23,-0.9991648913341767,0.9996575777381259
2014-05-26,-0.9991648913341767,0.9996575777381259
2014-05-27,-0.9991648913341767,0.9996575777381259
2014-05-28,-0.9991648913341767,0.9996575777381259
2014-05-29,-0.9991648913341767,0.9996575777381259
2014-05-30,-0.9991648913341767,0.9996575777381259
2014-06-02,-0.8764926803883711,0.8019753209326079
2014-06-03,-0.998915179511912,0.999468113304088
2014-06-04,-0.998915179511912,0.9994681133184018
2014-06-05,-0.998915179511912,0.9994681133184018
2014-06-06,-0.998915179511912,0.9994681133184018
2014-06-09,-0.998915179511912,0.9994681133184018
2014-06-10,-0.998915179511912,0.9994681133184018
2014-06-11,-0.998915179511912,0.9994681133184018
2014-06-12,-0.998915179511912,0.9994681133184018
2014-06-13,-0.998915179511912,0.9994681133184018
2014-06-16,-0.998915179511912,0.9994681133184018
2014-06-17,-0.998915179511912,0.9994681133184018
2014-06-18,-0.998915179511912,0.9994681133184018
2014-06-19,-0.998915179511912,0.9994681133184018
2014-06-20,-0.998915179511912,0.9994681133184018
2014-06-23,-0.998915179511912,0.9994681133184018
2014-06-24,-0.998915179511912,0.9994681133184018
2014-06-25,-0.998915179511912,0.9994681133184018
2014-06-26,-0.998915179511912,0.9994681133184018
2014-06-27,-0.998915179511912,0.9994681133184018
2014-06-30,-1.0172341519503068,0.9792038925458643
2014-07-01,-0.9989538391704263,0.9994458896520204
2014-07-02,-0.9989538391704263,0.9994458896531012
2014-07-03,-0.9989538391704263,0.9994458896531012
2014-07-04,-0.9989538391704263,0.9994458896531012
2014-07-07,-0.9989538391704263,0.9994458896531012
2014-07-08,-0.9989538391704263,0.9994458896531012
2014-07-09,-0.9989538391704263,0.9994458896531012
2014-07-10,-0.9989538391704263,0.9994458896531012
2014-07-11,-0.9989538391704263,0.9994458896531012
2014-07-14,-0.9989538391704263,0.9994458896531012
2014-07-15,-0.9989538391704263,0.9994458896531012
2014-07-16,-0.9989538391704263,0.9994458896531012
2014-07-17,-0.9989538391704263,0.9994458896531012
2014-07-18,-0.9989538391704263,0.9994458896531012
2014-07-21,-0.9989538391704263,0.9994458896531012
2014-07-22,-0.9989538391704263,0.9994458896531012
2014-07-23,-0.9989538391704263,0.9994458896531012
2014-07-24,-0.9989538391704263,0.9994458896531012
2014-07-25,-0.9989538391704263,0.9994458896531012
2014-07-28,-0.9989538391704263,0.9994458896531012
2014-07-29,-0.9989538391704263,0.9994458896531012
2014-07-30,-0.9989538391704263,0.9994458896531012
2014-07-31,-0.9606209024932416,0.7809846062540198
2014-08-01,-0.9988688250506779,0.999093015460805
2014-08-04,-0.9988688250506779,0.9990930154772704
2014-08-05,-0.9988688250506779,0.9990930154772704
2014-08-06,-0.9988688250506779,0.9990930154772704
2014-08-07,-0.9988688250506779,0.9990930154772704
2014-08-08,-0.9988688250506779,0.9990930154772704
2014-08-11,-0.9988688250506779,0.9990930154772704
2014-08-12,-0.9988688250506779,0.9990930154772704
2014-08-13,-0.9988688250506779,0.9990930154772704
2014-08-14,-0.9988688250506779,0.9990930154772704
2014-08-15,-0.9988688250506779,0.9990930154772704
2014-08-18,-0.9988688250506779,0.9990930154772704
2014-08-19,-0.9988688250506779,0.9990930154772704
2014-08-20,-0.9988688250506779,0.9990930154772704
2014-08-21,-0.9988688250506779,0.9990930154772704
2014-08-22,-0.9988688250506779,0.9990930154772704
2014-08-25,-0.9988688250506779,0.9990930154772704
2014-08-26,-0.9988688250506779,0.9990930154772704
2014-08-27,-0.9988688250506779,0.9990930154772704
2014-08-28,-0.9988688250506779,0.9990930154772704
2014-08-29,-0.9988688250506779,0.9990930154772704
2014-09-01,-1.1082285755994112,0.7845357827928292
2014-09-02,-0.9990807656590937,0.9985303321702294
2014-09-03,-0.9990807656590937,0.998530332186256
2014-09-04,-0.9990807656590937,0.998530332186256
2014-09-05,-0.9990807656590937,0.998530332186256
2014-09-08,-0.9990807656590937,0.998530332186256
2014-09-09,-0.9990807656590937,0.998530332186256
2014-09-10,-0.9990807656590937,0.998530332186256
2014-09-11,-0.9990807656590937,0.998530332186256
2014-09-12,-0.9990807656590937,0.998530332186256
2014-09-15,-0.9990807656590937,0.998530332186256
2014-09-16,-0.9990807656590937,0.998530332186256
2014-09-17,-0.9990807656590937,0.998530332186256
2014-09-18,-0.9990807656590937,0.998530332186256
2014-09-19,-0.9990807656590937,0.998530332186256
2014-09-22,-0.9990807656590937,0.998530332186256
2014-09-23,-0.9990807656590937,0.998530332186256
2014-09-24,-0.9990807656590937,0.998530332186256
2014-09-25,-0.9990807656590937,0.998530332186256
2014-09-26,-0.9990807656590937,0.998530332186256
2014-09-29,-0.9990807656590937,0.998530332186256
2014-09-30,-0.9489553742975421,0.4549512873379218
2014-10-01,-0.9989812421929748,0.9929793420285028
2014-10-02,-0.9989812421929748,0.9929793421252637
2014-10-03,-0.9989812421929748,0.9929793421252637
2014-10-06,-0.9989812421929748,0.9929793421252637
2014-10-07,-0.9989812421929748,0.9929793421252637
2014-10-08,-0.9989812421929748,0.9929793421252637
2014-10-09,-0.9989812421929748,0.9929793421252637
2014-10-10,-0.9989812421929748,0.9929793421252637
2014-10-13,-0.9989812421929748,0.9929793421252637
2014-10-14,-0.9989812421929748,0.9929793421252637
2014-10-15,-0.9989812421929748,0.9929793421252637
2014-10-16,-0.9989812421929748,0.9929793421252637
2014-10-17,-0.9989812421929748,0.9929793421252637
2014-10-20,-0.9989812421929748,0.9929793421252637
2014-10-21,-0.9989812421929748,0.9929793421252637
2014-10-22,-0.9989812421929748,0.9929793421252637
2014-10-23,-0.9989812421929748,0.9929793421252637
2014-10-24,-0.9989812421929748,0.9929793421252637
2014-10-27,-0.9989812421929748,0.9929793421252637
2014-10-28,-0.9989812421929748,0.9929793421252637
2014-10-29,-0.9989812421929748,0.9929793421252637
2014-10-30,-0.9989812421929748,0.9929793421252637
2014-10-31,-1.0455731887156707,0.9566997520214348
2014-11-03,-0.9990698894835716,0.992442912210866
2014-11-04,-0.9990698894835716,0.9924429122128218
2014-11-05,-0.9990698894835716,0.9924429122128218
2014-11-06,-0.9990698894835716,0.9924429122128218
2014-11-07,-0.9990698894835716,0.9924429122128218
2014-11-10,-0.9990698894835716,0.9924429122128218
2014-11-11,-0.9990698894835716,0.9924429122128218
2014-11-12,-0.9990698894835716,0.9924429122128218
2014-11-13,-0.9990698894835716,0.9924429122128218
2014-11-14,-0.9990698894835716,0.9924429122128218
2014-11-17,-0.9990698894835716,0.9924429122128218
2014-11-18,-0.9990698894835716,0.9924429122128218
2014-11-19,-0.9990698894835716,0.9924429122128218
2014-11-20,-0.9990698894835716,0.9924429122128218
2014-11-21,-0.9990698894835716,0.9924429122128218
2014-11-24,-0.9990698894835716,0.9924429122128218
2014-11-25,-0.9990698894835716,0.9924429122128218
2014-11-26,-0.9990698894835716,0.9924429122128218
2014-11-27,-0.9990698894835716,0.9924429122128218
2014-11-28,-0.9990698894835716,0.9924429122128218
2014-12-01,-1.1398350766711642,1.2638244216032288
2014-12-02,-0.9992852031023037,0.9953196371063203
2014-12-03,-0.9992852031023037,0.9953196370965338
2014-12-04,-0.9992852031023037,0.9953196370965338
2014-12-05,-0.9992852031023037,0.9953196370965338
2014-12-08,-0.9992852031023037,0.9953196370965338
2014-12-09,-0.9992852031023037,0.9953196370965338
2014-12-10,-0.9992852031023037,0.9953196370965338
2014-12-11,-0.9992852031023037,0.9953196370965338
2014-12-12,-0.9992852031023037,0.9953196370965338
2014-12-15,-0.9992852031023037,0.9953196370965338
2014-12-16,-0.9992852031023037,0.9953196370965338
2014-12-17,-0.9992852031023037,0.9953196370965338
2014-12-18,-0.9992852031023037,0.9953196370965338
2014-12-19,-0.9992852031023037,0.9953196370965338
2014-12-22,-0.9992852031023037,0.9953196370965338
2014-12-23,-0.9992852031023037,0.9953196370965338
2014-12-24,-0.9992852031023037,0.9953196370965338
2014-12-25,-0.9992852031023037,0.9953196370965338
2014-12-26,-0.9992852031023037,0.9953196370965338
2014-12-29,-0.9992852031023037,0.9953196370965338
2014-12-30,-0.9992852031023037,0.9953196370965338
2014-12-31,-0.9204308388571074,0.2882562274929836
2015-01-01,-0.999157643218631,0.9481370344105411
2015-01-02,-0.999157643218631,0.9481370346515725
2015-01-05,-0.999157643218631,0.9481370346515725
2015-01-06,-0.999157643218631,0.9481370346515725
2015-01-07,-0.999157643218631,0.9481370346515725
2015-01-08,-0.999157643218631,0.9481370346515725
2015-01-09,-0.999157643218631,0.9481370346515725
2015-01-12,-0.999157643218631,0.9481370346515725
2015-01-13,-0.999157643218631,0.9481370346515725
2015-01-14,-0.999157643218631,0.9481370346515725
2015-01-15,-0.999157643218631,0.9481370346515725
2015-01-16,-0.999157643218631,0.9481370346515725
2015-01-19,-0.999157643218631,0.9481370346515725
2015-01-20,-0.999157643218631,0.9481370346515725
2015-01-21,-0.999157643218631,0.9481370346515725
2015-01-22,-0.999157643218631,0.9481370346515725
2015-01-23,-0.999157643218631,0.9481370346515725
2015-01-26,-0.999157643218631,0.9481370346515725
2015-01-27,-0.999157643218631,0.9481370346515725
2015-01-28,-0.999157643218631,0.9481370346515725
2015-01-29,-0.999157643218631,0.9481370346515725
2015-01-30,-0.999157643218631,0.9481370346515725
2015-02-02,-1.0841682197828935,-8.869231495614928
2015-02-03,-0.9992844278509386,-0.9993584114599177
2015-02-04,-0.9992844278509386,-0.9993584114343723
2015-02-05,-0.9992844278509386,-0.9993584114343723
2015-02-06,-0.9992844278509386,-0.9993584114343723
2015-02-09,-0.9992844278509386,-0.9993584114343723
2015-02-10,-0.9992844278509386,-0.9993584114343723
2015-02-11,-0.9992844278509386,-0.9993584114343723
2015-02-12,-0.9992844278509386,-0.9993584114343723
2015-02-13,-0.9992844278509386,-0.9993584114343723
2015-02-16,-0.9992844278509386,-0.9993584114343723
2015-02-17,-0.9992844278509386,-0.9993584114343723
2015-02-18,-0.9992844278509386,-0.9993584114343723
2015-02-19,-0.9992844278509386,-0.9993584114343723
2015-02-20,-0.9992844278509386,-0.9993584114343723
2015-02-23,-0.9992844278509386,-0.9993584114343723
2015-02-24,-0.9992844278509386,-0.9993584114343723
2015-02-25,-0.9992844278509386,-0.9993584114343723
2015-02-26,-0.9992844278509386,-0.9993584114343723
2015-02-27,-0.9992844278509386,-0.9993584114343723
2015-03-02,-0.8001771414480952,-1.1141119191264148
2015-03-03,-0.998884682035881,-0.9994836750198407
2015-03-04,-0.998884682035881,-0.9994836750147897
2015-03-05,-0.998884682035881,-0.9994836750147897
2015-03-06,-0.998884682035881,-0.9994836750147897
2015-03-09,-0.998884682035881,-0.9994836750147897
2015-03-10,-0.998884682035881,-0.9994836750147897
2015-03-11,-0.998884682035881,-0.9994836750147897
2015-03-12,-0.998884682035881,-0.9994836750147897
2015-03-13,-0.998884682035881,-0.9994836750147897
2015-03-16,-0.998884682035881,-0.9994836750147897
2015-03-17,-0.998884682035881,-0.9994836750147897
2015-03-18,-0.998884682035881,-0.9994836750147897
2015-03-19,-0.998884682035881,-0.9994836750147897
2015-03-20,-0.998884682035881,-0.9994836750147897
2015-03-23,-0.998884682035881,-0.9994836750147897
2015-03-24,-0.998884682035881,-0.9994836750147897
2015-03-25,-0.998884682035881,-0.9994836750147897
2015-03-26,-0.998884682035881,-0.9994836750147897
2015-03-27,-0.998884682035881,-0.9994836750147897
2015-03-30,-0.998884682035881,-0.9994836750147897
2015-03-31,-1.0879078871459613,-1.3816629187613672
2015-04-01,-0.9990594991918513,-0.9997297096649239
2015-04-02,-0.9990594991918513,-0.9997297096525919
2015-04-03,-0.9990594991918513,-0.9997297096525919
2015-04-06,-0.9990594991918513,-0.9997297096525919
2015-04-07,-0.9990594991918513,-0.9997297096525919
2015-04-08,-0.9990594991918513,-0.9997297096525919
2015-04-09,-0.9990594991918513,-0.9997297096525919
2015-04-10,-0.9990594991918513,-0.9997297096525919
2015-04-13,-0.9990594991918513,-0.9997297096525919
2015-04-14,-0.9990594991918513,-0.9997297096525919
2015-04-15,-0.9990594991918513,-0.9997297096525919
2015-04-16,-0.9990594991918513,-0.9997297096525919
2015-04-17,-0.9990594991918513,-0.9997297096525919
2015-04-20,-0.9990594991918513,-0.9997297096525919
2015-04-21,-0.9990594991918513,-0.9997297096525919
2015-04-22,-0.9990594991918513,-0.9997297096525919
2015-04-23,-0.9990594991918513,-0.9997297096525919
2015-04-24,-0.9990594991918513,-0.9997297096525919
2015-04-27,-0.9990594991918513,-0.9997297096525919
2015-04-28,-0.9990594991918513,-0.9997297096525919
2015-04-29,-0.9990594991918513,-0.9997297096525919
2015-04-30,-1.045925976199744,-0.8090067349880957
2015-05-01,-0.9991417898517237,-0.9995873338901158
2015-05-04,-0.9991417898517237,-0.9995873339037451
2015-05-05,-0.9991417898517237,-0.9995873339037451
2015-05-06,-0.9991417898517237,-0.9995873339037451
2015-05-07,-0.9991417898517237,-0.9995873339037451
2015-05-08,-0.9991417898517237,-0.9995873339037451
2015-05-11,-0.9991417898517237,-0.9995873339037451
2015-05-12,-0.9991417898517237,-0.9995873339037451
2015-05-13,-0.9991417898517237,-0.9995873339037451
2015-05-14,-0.9991417898517237,-0.9995873339037451
2015-05-15,-0.9991417898517237,-0.9995873339037451
2015-05-18,-0.9991417898517237,-0.9995873339037451
2015-05-19,-0.9991417898517237,-0.9995873339037451
2015-05-20,-0.9991417898517237,-0.9995873339037451
2015-05-21,-0.9991417898517237,-0.9995873339037451
2015-05-22,-0.9991417898517237,-0.9995873339037451
2015-05-25,-0.9991417898517237,-0.9995873339037451
2015-05-26,-0.9991417898517237,-0.9995873339037451
2015-05-27,-0.9991417898517237,-0.9995873339037451
2015-05-28,-0.9991417898517237,-0.9995873339037451
2015-05-29,-0.9991417898517237,-0.9995873339037451
2015-06-01,-1.041459168687173,-1.05872071835764
2015-06-02,-0.9992100349111328,-0.9996321196315591
2015-06-03,-0.9992100349111328,-0.9996321196287508
2015-06-04,-0.9992100349111328,-0.9996321196287508
2015-06-05,-0.9992100349111328,-0.9996321196287508
2015-06-08,-0.9992100349111328,-0.9996321196287508
2015-06-09,-0.9992100349111328,-0.9996321196287508
2015-06-10,-0.9992100349111328,-0.9996321196287508
2015-06-11,-0.9992100349111328,-0.9996321196287508
2015-06-12,-0.9992100349111328,-0.9996321196287508
2015-06-15,-0.9992100349111328,-0.9996321196287508
2015-06-16,-0.9992100349111328,-0.9996321196287508
2015-06-17,-0.9992100349111328,-0.9996321196287508
2015-06-18,-0.9992100349111328,-0.9996321196287508
2015-06-19,-0.9992100349111328,-0.9996321196287508
2015-06-22,-0.9992100349111328,-0.9996321196287508
2015-06-23,-0.9992100349111328,-0.9996321196287508
2015-06-24,-0.9992100349111328,-0.9996321196287508
2015-06-25,-0.9992100349111328,-0.9996321196287508
2015-06-26,-0.9992100349111328,-0.9996321196287508
2015-06-29,-0.9992100349111328,-0.9996321196287508
2015-06-30,-0.9480147053503284,-0.819137208532476
2015-07-01,-0.9991225259895313,-0.9994522825360312
2015-07-02,-0.9991225259895313,-0.9994522825486774
2015-07-03,-0.9991225259895313,-0.9994522825486774
2015-07-06,-0.9991225259895313,-0.9994522825486774
2015-07-07,-0.9991225259895313,-0.9994522825486774
2015-07-08,-0.9991225259895313,-0.9994522825486774
2015-07-09,-0.9991225259895313,-0.9994522825486774
2015-07-10,-0.9991225259895313,-0.9994522825486774
2015-07-13,-0.9991225259895313,-0.9994522825486774
2015-07-14,-0.9991225259895313,-0.9994522825486774
2015-07-15,-0.9991225259895313,-0.9994522825486774
2015-07-16,-0.9991225259895313,-0.9994522825486774
2015-07-17,-0.9991225259895313,-0.9994522825486774
2015-07-20,-0.9991225259895313,-0.9994522825486774
2015-07-21,-0.9991225259895313,-0.9994522825486774
2015-07-22,-0.9991225259895313,-0.9994522825486774
2015-07-23,-0.9991225259895313,-0.9994522825486774
2015-07-24,-0.9991225259895313,-0.9994522825486774
2015-07-27,-0.9991225259895313,-0.9994522825486774
2015-07-28,-0.9991225259895313,-0.9994522825486774
2015-07-29,-0.9991225259895313,-0.9994522825486774
2015-07-30,-0.9991225259895313,-0.9994522825486774
2015-07-31,-0.9040141096518999,-1.2531087087573551
2015-08-03,-0.998928493522449,-0.9996514758040893
2015-08-04,-0.998928493522449,-0.9996514757946785
2015-08-05,-0.998928493522449,-0.9996514757946785
2015-08-06,-0.998928493522449,-0.9996514757946785
2015-08-07,-0.998928493522449,-0.9996514757946785
2015-08-10,-0.998928493522449,-0.9996514757946785
2015-08-11,-0.998928493522449,-0.9996514757946785
2015-08-12,-0.998928493522449,-0.9996514757946785
2015-08-13,-0.998928493522449,-0.9996514757946785
2015-08-14,-0.998928493522449,-0.9996514757946785
2015-08-17,-0.998928493522449,-0.9996514757946785
2015-08-18,-0.998928493522449,-0.9996514757946785
2015-08-19,-0.998928493522449,-0.9996514757946785
2015-08-20,-0.998928493522449,-0.9996514757946785
2015-08-21,-0.998928493522449,-0.9996514757946785
2015-08-24,-0.998928493522449,-0.9996514757946785
2015-08-25,-0.998928493522449,-0.9996514757946785
2015-08-26,-0.998928493522449,-0.9996514757946785
2015-08-27,-0.998928493522449,-0.9996514757946785
2015-08-28,-0.998928493522449,-0.9996514757946785
2015-08-31,-1.1333979551547948,-0.6861996896748963
2015-09-01,-0.9991673652395962,-0.9992607784625609
2015-09-02,-0.9991673652395962,-0.9992607784915518
2015-09-03,-0.9991673652395962,-0.9992607784915518
2015-09-04,-0.9991673652395962,-0.9992607784915518
2015-09-07,-0.9991673652395962,-0.9992607784915518
2015-09-08,-0.9991673652395962,-0.9992607784915518
2015-09-09,-0.9991673652395962,-0.9992607784915518
2015-09-10,-0.9991673652395962,-0.9992607784915518
2015-09-11,-0.9991673652395962,-0.9992607784915518
2015-09-14,-0.9991673652395962,-0.9992607784915518
2015-09-15,-0.9991673652395962,-0.9992607784915518
2015-09-16,-0.9991673652395962,-0.9992607784915518
2015-09-17,-0.9991673652395962,-0.9992607784915518
2015-09-18,-0.9991673652395962,-0.9992607784915518
2015-09-21,-0.9991673652395962,-0.9992607784915518
2015-09-22,-0.9991673652395962,-0.9992607784915518
2015-09-23,-0.9991673652395962,-0.9992607784915518
2015-09-24,-0.9991673652395962,-0.9992607784915518
2015-09-25,-0.9991673652395962,-0.9992607784915518
2015-09-28,-0.9991673652395962,-0.9992607784915518
2015-09-29,-0.9991673652395962,-0.9992607784915518
2015-09-30,-1.0040094810444908,-0.9726877337170817
2015-10-01,-0.9991753671924677,-0.9992198847942945
2015-10-02,-0.9991753671924677,-0.9992198847957251
2015-10-05,-0.9991753671924677,-0.9992198847957251
2015-10-06,-0.9991753671924677,-0.9992198847957251
2015-10-07,-0.9991753671924677,-0.9992198847957251
2015-10-08,-0.9991753671924677,-0.9992198847957251
2015-10-09,-0.9991753671924677,-0.9992198847957251
2015-10-12,-0.9991753671924677,-0.9992198847957251
2015-10-13,-0.9991753671924677,-0.9992198847957251
2015-10-14,-0.9991753671924677,-0.9992198847957251
2015-10-15,-0.9991753671924677,-0.9992198847957251
2015-10-16,-0.9991753671924677,-0.9992198847957251
2015-10-19,-0.9991753671924677,-0.9992198847957251
2015-10-20,-0.9991753671924677,-0.9992198847957251
2015-10-21,-0.9991753671924677,-0.9992198847957251
2015-10-22,-0.9991753671924677,-0.9992198847957251
2015-10-23,-0.9991753671924677,-0.9992198847957251
2015-10-26,-0.9991753671924677,-0.9992198847957251
2015-10-27,-0.9991753671924677,-0.9992198847957251
2015-10-28,-0.9991753671924677,-0.9992198847957251
2015-10-29,-0.9991753671924677,-0.9992198847957251
2015-10-30,-0.9991753671924677,-0.9992198847957251
2015-11-02,-0.8882932790437056,-1.383662482818892
2015-11-03,-0.9989569890248354,-0.9995929351378611
2015-11-04,-0.9989569890248354,-0.999592935125488
2015-11-05,-0.9989569890248354,-0.999592935125488
2015-11-06,-0.9989569890248354,-0.999592935125488
2015-11-09,-0.9989569890248354,-0.999592935125488
2015-11-10,-0.9989569890248354,-0.999592935125488
2015-11-11,-0.9989569890248354,-0.999592935125488
2015-11-12,-0.9989569890248354,-0.999592935125488
2015-11-13,-0.9989569890248354,-0.999592935125488
2015-11-16,-0.9989569890248354,-0.999592935125488
2015-11-17,-0.9989569890248354,-0.999592935125488
2015-11-18,-0.9989569890248354,-0.999592935125488
2015-11-19,-0.9989569890248354,-0.999592935125488
2015-11-20,-0.9989569890248354,-0.999592935125488
2015-11-23,-0.9989569890248354,-0.999592935125488
2015-11-24,-0.9989569890248354,-0.999592935125488
2015-11-25,-0.9989569890248354,-0.999592935125488
2015-11-26,-0.9989569890248354,-0.999592935125488
2015-11-27,-0.9989569890248354,-0.999592935125488
2015-11-30,-0.8852364842499445,-1.2880508976499196
2015-12-01,-0.9986723665785177,-0.999754783751487
2015-12-02,-0.9986723665785177,-0.9997547837411968
2015-12-03,-0.9986723665785177,-0.9997547837411968
2015-12-04,-0.9986723665785177,-0.9997547837411968
2015-12-07,-0.9986723665785177,-0.9997547837411968
2015-12-08,-0.9986723665785177,-0.9997547837411968
2015-12-09,-0.9986723665785177,-0.9997547837411968
2015-12-10,-0.9986723665785177,-0.9997547837411968
2015-12-11,-0.9986723665785177,-0.9997547837411968
2015-12-14,-0.9986723665785177,-0.9997547837411968
2015-12-15,-0.9986723665785177,-0.9997547837411968
2015-12-16,-0.9986723665785177,-0.9997547837411968
2015-12-17,-0.9986723665785177,-0.9997547837411968
2015-12-18,-0.9986723665785177,-0.9997547837411968
2015-12-21,-0.9986723665785177,-0.9997547837411968
2015-12-22,-0.9986723665785177,-0.9997547837411968
2015-12-23,-0.9986723665785177,-0.9997547837411968
2015-12-24,-0.9986723665785177,-0.9997547837411968
2015-12-25,-0.9986723665785177,-0.9997547837411968
2015-12-28,-0.9986723665785177,-0.9997547837411968
2015-12-29,-0.9986723665785177,-0.9997547837411968
2015-12-30,-0.9986723665785177,-0.9997547837411968
2015-12-31,-1.1825954995884582,-0.7323008010018622
2016-01-01,-0.9990526730868488,-0.9995431017813027
2016-01-04,-0.9990526730868488,-0.9995431018036371
2016-01-05,-0.9990526730868488,-0.9995431018036371
2016-01-06,-0.9990526730868488,-0.9995431018036371
2016-01-07,-0.9990526730868488,-0.9995431018036371
2016-01-08,-0.9990526730868488,-0.9995431018036371
2016-01-11,-0.9990526730868488,-0.9995431018036371
2016-01-12,-0.9990526730868488,-0.9995431018036371
2016-01-13,-0.9990526730868488,-0.9995431018036371
2016-01-14,-0.9990526730868488,-0.9995431018036371
2016-01-15,-0.9990526730868488,-0.9995431018036371
2016-01-18,-0.9990526730868488,-0.9995431018036371
2016-01-19,-0.9990526730868488,-0.9995431018036371
2016-01-20,-0.9990526730868488,-0.9995431018036371
2016-01-21,-0.9990526730868488,-0.9995431018036371
2016-01-22,-0.9990526730868488,-0.9995431018036371
2016-01-25,-0.9990526730868488,-0.9995431018036371
2016-01-26,-0.9990526730868488,-0.9995431018036371
2016-01-27,-0.9990526730868488,-0.9995431018036371
2016-01-28,-0.9990526730868488,-0.9995431018036371
2016-01-29,-0.9990526730868488,-0.9995431018036371
2016-02-01,-1.1218531393369486,-0.8610059271568771
2016-02-02,-0.9992484942197876,-0.9993843883716438
2016-02-03,-0.9992484942197876,-0.9993843883806292
2016-02-04,-0.9992484942197876,-0.9993843883806292
2016-02-05,-0.9992484942197876,-0.9993843883806292
2016-02-08,-0.9992484942197876,-0.9993843883806292
2016-02-09,-0.9992484942197876,-0.9993843883806292
2016-02-10,-0.9992484942197876,-0.9993843883806292
2016-02-11,-0.9992484942197876,-0.9993843883806292
2016-02-12,-0.9992484942197876,-0.9993843883806292
2016-02-15,-0.9992484942197876,-0.9993843883806292
2016-02-16,-0.9992484942197876,-0.9993843883806292
2016-02-17,-0.9992484942197876,-0.9993843883806292
2016-02-18,-0.9992484942197876,-0.9993843883806292
2016-02-19,-0.9992484942197876,-0.9993843883806292
2016-02-22,-0.9992484942197876,-0.9993843883806292
2016-02-23,-0.9992484942197876,-0.9993843883806292
2016-02-24,-0.9992484942197876,-0.9993843883806292
2016-02-25,-0.9992484942197876,-0.9993843883806292
2016-02-26,-0.9992484942197876,-0.9993843883806292
2016-02-29,-1.1613434894507322,-1.1962925747555158
2016-03-01,-0.9994434745027333,-0.999570247715366
2016-03-02,-0.9994434745027333,-0.9995702477075544
2016-03-03,-0.9994434745027333,-0.9995702477075544
2016-03-04,-0.9994434745027333,-0.9995702477075544
2016-03-07,-0.9994434745027333,-0.9995702477075544
2016-03-08,-0.9994434745027333,-0.9995702477075544
2016-03-09,-0.9994434745027333,-0.9995702477075544
2016-03-10,-0.9994434745027333,-0.9995702477075544
2016-03-11,-0.9994434745027333,-0.9995702477075544
2016-03-14,-0.9994434745027333,-0.9995702477075544
2016-03-15,-0.9994434745027333,-0.9995702477075544
2016-03-16,-0.9994434745027333,-0.9995702477075544
2016-03-17,-0.9994434745027333,-0.9995702477075544
2016-03-18,-0.9994434745027333,-0.9995702477075544
2016-03-21,-0.9994434745027333,-0.9995702477075544
2016-03-22,-0.9994434745027333,-0.9995702477075544
2016-03-23,-0.9994434745027333,-0.9995702477075544
2016-03-24,-0.9994434745027333,-0.9995702477075544
2016-03-25,-0.9994434745027333,-0.9995702477075544
2016-03-28,-0.9994434745027333,-0.9995702477075544
2016-03-29,-0.9994434745027333,-0.9995702477075544
2016-03-30,-0.9994434745027333,-0.9995702477075544
2016-03-31,-1.0071463322433778,-0.7128751445652074
2016-04-01,-0.9994519478165121,-0.9991556010263102
2016-04-04,-0.9994519478165121,-0.9991556010512589
2016-04-05,-0.9994519478165121,-0.9991556010512589
2016-04-06,-0.9994519478165121,-0.9991556010512589
2016-04-07,-0.9994519478165121,-0.9991556010512589
2016-04-08,-0.9994519478165121,-0.9991556010512589
2016-04-11,-0.9994519478165121,-0.9991556010512589
2016-04-12,-0.9994519478165121,-0.9991556010512589
2016-04-13,-0.9994519478165121,-0.9991556010512589
2016-04-14,-0.9994519478165121,-0.9991556010512589
2016-04-15,-0.9994519478165121,-0.9991556010512589
2016-04-18,-0.9994519478165121,-0.9991556010512589
2016-04-19,-0.9994519478165121,-0.9991556010512589
2016-04-20,-0.9994519478165121,-0.9991556010512589
2016-04-21,-0.9994519478165121,-0.9991556010512589
2016-04-22,-0.9994519478165121,-0.9991556010512589
2016-04-25,-0.9994519478165121,-0.9991556010512589
2016-04-26,-0.9994519478165121,-0.9991556010512589
2016-04-27,-0.9994519478165121,-0.9991556010512589
2016-04-28,-0.9994519478165121,-0.9991556010512589
2016-04-29,-0.9994519478165121,-0.9991556010512589
2016-05-02,-0.8922316060483252,-1.161101581040514
2016-05-03,-0.9993124574073735,-0.9993745160130644
2016-05-04,-0.9993124574073735,-0.9993745160063586
2016-05-05,-0.9993124574073735,-0.9993745160063586
2016-05-06,-0.9993124574073735,-0.9993745160063586
2016-05-09,-0.9993124574073735,-0.9993745160063586
2016-05-10,-0.9993124574073735,-0.9993745160063586
2016-05-11,-0.9993124574073735,-0.9993745160063586
2016-05-12,-0.9993124574073735,-0.9993745160063586
2016-05-13,-0.9993124574073735,-0.9993745160063586
2016-05-16,-0.9993124574073735,-0.9993745160063586
2016-05-17,-0.9993124574073735,-0.9993745160063586
2016-05-18,-0.9993124574073735,-0.9993745160063586
2016-05-19,-0.9993124574073735,-0.9993745160063586
2016-05-20,-0.9993124574073735,-0.9993745160063586
2016-05-23,-0.9993124574073735,-0.9993745160063586
2016-05-24,-0.9993124574073735,-0.9993745160063586
2016-05-25,-0.9993124574073735,-0.9993745160063586
2016-05-26,-0.9993124574073735,-0.9993745160063586
2016-05-27,-0.9993124574073735,-0.9993745160063586
2016-05-30,-0.9993124574073735,-0.9993745160063586
2016-05-31,-0.8817101058858858,-1.0716002759786718
2016-06-01,-0.9991170762952294,-0.9994559232694692
2016-06-02,-0.9991170762952294,-0.9994559232661022
2016-06-03,-0.9991170762952294,-0.9994559232661022
2016-06-06,-0.9991170762952294,-0.9994559232661022
2016-06-07,-0.9991170762952294,-0.9994559232661022
2016-06-08,-0.9991170762952294,-0.9994559232661022
2016-06-09,-0.9991170762952294,-0.9994559232661022
2016-06-10,-0.9991170762952294,-0.9994559232661022
2016-06-13,-0.9991170762952294,-0.9994559232661022
2016-06-14,-0.9991170762952294,-0.9994559232661022
2016-06-15,-0.9991170762952294,-0.9994559232661022
2016-06-16,-0.9991170762952294,-0.9994559232661022
2016-06-17,-0.9991170762952294,-0.9994559232661022
2016-06-20,-0.9991170762952294,-0.9994559232661022
2016-06-21,-0.9991170762952294,-0.9994559232661022
2016-06-22,-0.9991170762952294,-0.9994559232661022
2016-06-23,-0.9991170762952294,-0.9994559232661022
2016-06-24,-0.9991170762952294,-0.9994559232661022
2016-06-27,-0.9991170762952294,-0.9994559232661022
2016-06-28,-0.9991170762952294,-0.9994559232661022
2016-06-29,-0.9991170762952294,-0.9994559232661022
2016-06-30,-1.3274723336520684,-1.0598464261307314
2016-07-01,-0.9994995573114634,-0.9995161165369041
2016-07-04,-0.9994995573114634,-0.9995161165340418
2016-07-05,-0.9994995573114634,-0.9995161165340418
2016-07-06,-0.9994995573114634,-0.9995161165340418
2016-07-07,-0.9994995573114634,-0.9995161165340418
2016-07-08,-0.9994995573114634,-0.9995161165340418
2016-07-11,-0.9994995573114634,-0.9995161165340418
2016-07-12,-0.9994995573114634,-0.9995161165340418
2016-07-13,-0.9994995573114634,-0.9995161165340418
2016-07-14,-0.9994995573114634,-0.9995161165340418
2016-07-15,-0.9994995573114634,-0.9995161165340418
2016-07-18,-0.9994995573114634,-0.9995161165340418
2016-07-19,-0.9994995573114634,-0.9995161165340418
2016-07-20,-0.9994995573114634,-0.9995161165340418
2016-07-21,-0.9994995573114634,-0.9995161165340418
2016-07-22,-0.9994995573114634,-0.9995161165340418
2016-07-25,-0.9994995573114634,-0.9995161165340418
2016-07-26,-0.9994995573114634,-0.9995161165340418
2016-07-27,-0.9994995573114634,-0.9995161165340418
2016-07-28,-0.9994995573114634,-0.9995161165340418
2016-07-29,-0.9994995573114634,-0.9995161165340418
2016-08-01,-1.0719208192516008,-1.0386327087264822
2016-08-02,-0.9995648522845244,-0.9995518538486813
2016-08-03,-0.9995648522845244,-0.9995518538467703
2016-08-04,-0.9995648522845244,-0.9995518538467703
2016-08-05,-0.9995648522845244,-0.9995518538467703
2016-08-08,-0.9995648522845244,-0.9995518538467703
2016-08-09,-0.9995648522845244,-0.9995518538467703
2016-08-10,-0.9995648522845244,-0.9995518538467703
2016-08-11,-0.9995648522845244,-0.9995518538467703
2016-08-12,-0.9995648522845244,-0.9995518538467703
2016-08-15,-0.9995648522845244,-0.9995518538467703
2016-08-16,-0.9995648522845244,-0.9995518538467703
2016-08-17,-0.9995648522845244,-0.9995518538467703
2016-08-18,-0.9995648522845244,-0.9995518538467703
2016-08-19,-0.9995648522845244,-0.9995518538467703
2016-08-22,-0.9995648522845244,-0.9995518538467703
2016-08-23,-0.9995648522845244,-0.9995518538467703
2016-08-24,-0.9995648522845244,-0.9995518538467703
2016-08-25,-0.9995648522845244,-0.9995518538467703
2016-08-26,-0.9995648522845244,-0.9995518538467703
2016-08-29,-0.9995648522845244,-0.9995518538467703
2016-08-30,-0.9995648522845244,-0.9995518538467703
2016-08-31,-1.0021222274877912,-0.8652446917670452
2016-09-01,-0.9995670689689675,-0.999402063779418
2016-09-02,-0.9995670689689675,-0.9994020637880638
2016-09-05,-0.9995670689689675,-0.9994020637880638
2016-09-06,-0.9995670689689675,-0.9994020637880638
2016-09-07,-0.9995670689689675,-0.9994020637880638
2016-09-08,-0.9995670689689675,-0.9994020637880638
2016-09-09,-0.9995670689689675,-0.9994020637880638
2016-09-12,-0.9995670689689675,-0.9994020637880638
2016-09-13,-0.9995670689689675,-0.9994020637880638
2016-09-14,-0.9995670689689675,-0.9994020637880638
2016-09-15,-0.9995670689689675,-0.9994020637880638
2016-09-16,-0.9995670689689675,-0.9994020637880638
2016-09-19,-0.9995670689689675,-0.9994020637880638
2016-09-20,-0.9995670689689675,-0.9994020637880638
2016-09-21,-0.9995670689689675,-0.9994020637880638
2016-09-22,-0.9995670689689675,-0.9994020637880638
2016-09-23,-0.9995670689689675,-0.9994020637880638
2016-09-26,-0.9995670689689675,-0.9994020637880638
2016-09-27,-0.9995670689689675,-0.9994020637880638
2016-09-28,-0.9995670689689675,-0.9994020637880638
2016-09-29,-0.9995670689689675,-0.9994020637880638
2016-09-30,-1.0522847295151188,-0.9734423162488889
2016-10-03,-0.9996093358073798,-0.999369777567075
2016-10-04,-0.9996093358073798,-0.9993697775684718
2016-10-05,-0.9996093358073798,-0.9993697775684718
2016-10-06,-0.9996093358073798,-0.9993697775684718
2016-10-07,-0.9996093358073798,-0.9993697775684718
2016-10-10,-0.9996093358073798,-0.9993697775684718
2016-10-11,-0.9996093358073798,-0.9993697775684718
2016-10-12,-0.9996093358073798,-0.9993697775684718
2016-10-13,-0.9996093358073798,-0.9993697775684718
2016-10-14,-0.9996093358073798,-0.9993697775684718
2016-10-17,-0.9996093358073798,-0.9993697775684718
2016-10-18,-0.9996093358073798,-0.9993697775684718
2016-10-19,-0.9996093358073798,-0.9993697775684718
2016-10-20,-0.9996093358073798,-0.9993697775684718
2016-10-21,-0.9996093358073798,-0.9993697775684718
2016-10-24,-0.9996093358073798,-0.9993697775684718
2016-10-25,-0.9996093358073798,-0.9993697775684718
2016-10-26,-0.9996093358073798,-0.9993697775684718
2016-10-27,-0.9996093358073798,-0.9993697775684718
2016-10-28,-0.9996093358073798,-0.9993697775684718
2016-10-31,-1.1189346082117135,-1.0078838992060852
2016-11-01,-0.9996881784091476,-0.9993803703828349
2016-11-02,-0.9996881784091476,-0.9993803703824001
2016-11-03,-0.9996881784091476,-0.9993803703824001
2016-11-04,-0.9996881784091476,-0.9993803703824001
2016-11-07,-0.9996881784091476,-0.9993803703824001
2016-11-08,-0.9996881784091476,-0.9993803703824001
2016-11-09,-0.9996881784091476,-0.9993803703824001
2016-11-10,-0.9996881784091476,-0.9993803703824001
2016-11-11,-0.9996881784091476,-0.9993803703824001
2016-11-14,-0.9996881784091476,-0.9993803703824001
2016-11-15,-0.9996881784091476,-0.9993803703824001
2016-11-16,-0.9996881784091476,-0.9993803703824001
2016-11-17,-0.9996881784091476,-0.9993803703824001
2016-11-18,-0.9996881784091476,-0.9993803703824001
2016-11-21,-0.9996881784091476,-0.9993803703824001
2016-11-22,-0.9996881784091476,-0.9993803703824001
2016-11-23,-0.9996881784091476,-0.9993803703824001
2016-11-24,-0.9996881784091476,-0.9993803703824001
2016-11-25,-0.9996881784091476,-0.9993803703824001
2016-11-28,-0.9996881784091476,-0.9993803703824001
2016-11-29,-0.9996881784091476,-0.9993803703824001
2016-11-30,-0.8963200141445763,-1.1406316267001877
2016-12-01,-0.9996121537809569,-0.9995242303813059
2016-12-02,-0.9996121537809569,-0.9995242303752991
2016-12-05,-0.9996121537809569,-0.9995242303752991
2016-12-06,-0.9996121537809569,-0.9995242303752991
2016-12-07,-0.9996121537809569,-0.9995242303752991
2016-12-08,-0.9996121537809569,-0.9995242303752991
2016-12-09,-0.9996121537809569,-0.9995242303752991
2016-12-12,-0.9996121537809569,-0.9995242303752991
2016-12-13,-0.9996121537809569,-0.9995242303752991
2016-12-14,-0.9996121537809569,-0.9995242303752991
2016-12-15,-0.9996121537809569,-0.9995242303752991
2016-12-16,-0.9996121537809569,-0.9995242303752991
2016-12-19,-0.9996121537809569,-0.9995242303752991
2016-12-20,-0.9996121537809569,-0.9995242303752991
2016-12-21,-0.9996121537809569,-0.9995242303752991
2016-12-22,-0.9996121537809569,-0.9995242303752991
2016-12-23,-0.9996121537809569,-0.9995242303752991
2016-12-26,-0.9996121537809569,-0.9995242303752991
2016-12-27,-0.9996121537809569,-0.9995242303752991
2016-12-28,-0.9996121537809569,-0.9995242303752991
2016-12-29,-0.9996121537809569,-0.9995242303752991
2016-12-30,-0.9996121537809569,-0.9995242303752991
2017-01-02,-1.0254200294591853,-0.9835499417217807
2017-01-03,-0.9996314201561227,-0.9995086619590484
2017-01-04,-0.9996314201561227,-0.9995086619598949
2017-01-05,-0.9996314201561227,-0.9995086619598949
2017-01-06,-0.9996314201561227,-0.9995086619598949
2017-01-09,-0.9996314201561227,-0.9995086619598949
2017-01-10,-0.9996314201561227,-0.9995086619598949
2017-01-11,-0.9996314201561227,-0.9995086619598949
2017-01-12,-0.9996314201561227,-0.9995086619598949
2017-01-13,-0.9996314201561227,-0.9995086619598949
2017-01-16,-0.9996314201561227,-0.9995086619598949
2017-01-17,-0.9996314201561227,-0.9995086619598949
2017-01-18,-0.9996314201561227,-0.9995086619598949
2017-01-19,-0.9996314201561227,-0.9995086619598949
2017-01-20,-0.9996314201561227,-0.9995086619598949
2017-01-23,-0.9996314201561227,-0.9995086619598949
2017-01-24,-0.9996314201561227,-0.9995086619598949
2017-01-25,-0.9996314201561227,-0.9995086619598949
2017-01-26,-0.9996314201561227,-0.9995086619598949
2017-01-27,-0.9996314201561227,-0.9995086619598949
2017-01-30,-0.9996314201561227,-0.9995086619598949
2017-01-31,-1.0020831797464202,-1.0139500790825915
2017-02-01,-0.9996332205399561,-0.9995225483354059
2017-02-02,-0.9996332205399561,-0.9995225483346746
2017-02-03,-0.9996332205399561,-0.9995225483346746
2017-02-06,-0.9996332205399561,-0.9995225483346746
2017-02-07,-0.9996332205399561,-0.9995225483346746
2017-02-08,-0.9996332205399561,-0.9995225483346746
2017-02-09,-0.9996332205399561,-0.9995225483346746
2017-02-10,-0.9996332205399561,-0.9995225483346746
2017-02-13,-0.9996332205399561,-0.9995225483346746
2017-02-14,-0.9996332205399561,-0.9995225483346746
2017-02-15,-0.9996332205399561,-0.9995225483346746
2017-02-16,-0.9996332205399561,-0.9995225483346746
2017-02-17,-0.9996332205399561,-0.9995225483346746
2017-02-20,-0.9996332205399561,-0.9995225483346746
2017-02-21,-0.9996332205399561,-0.9995225483346746
2017-02-22,-0.9996332205399561,-0.9995225483346746
2017-02-23,-0.9996332205399561,-0.9995225483346746
2017-02-24,-0.9996332205399561,-0.9995225483346746
2017-02-27,-0.9996332205399561,-0.9995225483346746
2017-02-28,-0.9410853603851699,-1.1561436271954517
2017-03-01,-0.9995861931427474,-0.999643081129026
2017-03-02,-0.9995861931427474,-0.9996430811224934
2017-03-03,-0.9995861931427474,-0.9996430811224934
2017-03-06,-0.9995861931427474,-0.9996430811224934
2017-03-07,-0.9995861931427474,-0.9996430811224934
2017-03-08,-0.9995861931427474,-0.9996430811224934
2017-03-09,-0.9995861931427474,-0.9996430811224934
2017-03-10,-0.9995861931427474,-0.9996430811224934
2017-03-13,-0.9995861931427474,-0.9996430811224934
2017-03-14,-0.9995861931427474,-0.9996430811224934
2017-03-15,-0.9995861931427474,-0.9996430811224934
2017-03-16,-0.9995861931427474,-0.9996430811224934
2017-03-17,-0.9995861931427474,-0.9996430811224934
2017-03-20,-0.9995861931427474,-0.9996430811224934
2017-03-21,-0.9995861931427474,-0.9996430811224934
2017-03-22,-0.9995861931427474,-0.9996430811224934
2017-03-23,-0.9995861931427474,-0.9996430811224934
2017-03-24,-0.9995861931427474,-0.9996430811224934
2017-03-27,-0.9995861931427474,-0.9996430811224934
2017-03-28,-0.9995861931427474,-0.9996430811224934
2017-03-29,-0.9995861931427474,-0.9996430811224934
2017-03-30,-0.9995861931427474,-0.9996430811224934
2017-03-31,-0.9511631666257326,-0.9259089353696224
2017-04-03,-0.9995430170556139,-0.9995840085178661
2017-04-04,-0.9995430170556139,-0.9995840085221485
2017-04-05,-0.9995430170556139,-0.9995840085221485
2017-04-06,-0.9995430170556139,-0.9995840085221485
2017-04-07,-0.9995430170556139,-0.9995840085221485
2017-04-10,-0.9995430170556139,-0.9995840085221485
2017-04-11,-0.9995430170556139,-0.9995840085221485
2017-04-12,-0.9995430170556139,-0.9995840085221485
2017-04-13,-0.9995430170556139,-0.9995840085221485
2017-04-14,-0.9995430170556139,-0.9995840085221485
2017-04-17,-0.9995430170556139,-0.9995840085221485
2017-04-18,-0.9995430170556139,-0.9995840085221485
2017-04-19,-0.9995430170556139,-0.9995840085221485
2017-04-20,-0.9995430170556139,-0.9995840085221485
2017-04-21,-0.9995430170556139,-0.9995840085221485
2017-04-24,-0.9995430170556139,-0.9995840085221485
2017-04-25,-0.9995430170556139,-0.9995840085221485
2017-04-26,-0.9995430170556139,-0.9995840085221485
2017-04-27,-0.9995430170556139,-0.9995840085221485
2017-04-28,-0.9995430170556139,-0.9995840085221485
2017-05-01,-0.91044630135165,-0.8660653636782695
2017-05-02,-0.9994492770227298,-0.9994459719158616
2017-05-03,-0.9994492770227298,-0.9994459719244454
2017-05-04,-0.9994492770227298,-0.9994459719244454
2017-05-05,-0.9994492770227298,-0.9994459719244454
2017-05-08,-0.9994492770227298,-0.9994459719244454
2017-05-09,-0.9994492770227298,-0.9994459719244454
2017-05-10,-0.9994492770227298,-0.9994459719244454
2017-05-11,-0.9994492770227298,-0.9994459719244454
2017-05-12,-0.9994492770227298,-0.9994459719244454
2017-05-15,-0.9994492770227298,-0.9994459719244454
2017-05-16,-0.9994492770227298,-0.9994459719244454
2017-05-17,-0.9994492770227298,-0.9994459719244454
2017-05-18,-0.9994492770227298,-0.9994459719244454
2017-05-19,-0.9994492770227298,-0.9994459719244454
2017-05-22,-0.9994492770227298,-0.9994459719244454
2017-05-23,-0.9994492770227298,-0.9994459719244454
2017-05-24,-0.9994492770227298,-0.9994459719244454
2017-05-25,-0.9994492770227298,-0.9994459719244454
2017-05-26,-0.9994492770227298,-0.9994459719244454
2017-05-29,-0.9994492770227298,-0.9994459719244454
2017-05-30,-0.9994492770227298,-0.9994459719244454
2017-05-31,-1.184209401792812,-0.6798941265566809
2017-06-01,-0.9996076253739342,-0.9988039501776875
2017-06-02,-0.9996076253739342,-0.998803950207636
2017-06-05,-0.9996076253739342,-0.998803950207636
2017-06-06,-0.9996076253739342,-0.998803950207636
2017-06-07,-0.9996076253739342,-0.998803950207636
2017-06-08,-0.9996076253739342,-0.998803950207636
2017-06-09,-0.9996076253739342,-0.998803950207636
2017-06-12,-0.9996076253739342,-0.998803950207636
2017-06-13,-0.9996076253739342,-0.998803950207636
2017-06-14,-0.9996076253739342,-0.998803950207636
2017-06-15,-0.9996076253739342,-0.998803950207636
2017-06-16,-0.9996076253739342,-0.998803950207636
2017-06-19,-0.9996076253739342,-0.998803950207636
2017-06-20,-0.9996076253739342,-0.998803950207636
2017-06-21,-0.9996076253739342,-0.998803950207636
2017-06-22,-0.9996076253739342,-0.998803950207636
2017-06-23,-0.9996076253739342,-0.998803950207636
2017-06-26,-0.9996076253739342,-0.998803950207636
2017-06-27,-0.9996076253739342,-0.998803950207636
2017-06-28,-0.9996076253739342,-0.998803950207636
2017-06-29,-0.9996076253739342,-0.998803950207636
2017-06-30,-1.0424403910322337,-0.5193653447527926
2017-07-03,-0.9996391903482498,-0.995597813520317
2017-07-04,-0.9996391903482498,-0.995597813589261
2017-07-05,-0.9996391903482498,-0.995597813589261
2017-07-06,-0.9996391903482498,-0.995597813589261
2017-07-07,-0.9996391903482498,-0.995597813589261
2017-07-10,-0.9996391903482498,-0.995597813589261
2017-07-11,-0.9996391903482498,-0.995597813589261
2017-07-12,-0.9996391903482498,-0.995597813589261
2017-07-13,-0.9996391903482498,-0.995597813589261
2017-07-14,-0.9996391903482498,-0.995597813589261
2017-07-17,-0.9996391903482498,-0.995597813589261
2017-07-18,-0.9996391903482498,-0.995597813589261
2017-07-19,-0.9996391903482498,-0.995597813589261
2017-07-20,-0.9996391903482498,-0.995597813589261
2017-07-21,-0.9996391903482498,-0.995597813589261
2017-07-24,-0.9996391903482498,-0.995597813589261
2017-07-25,-0.9996391903482498,-0.995597813589261
2017-07-26,-0.9996391903482498,-0.995597813589261
2017-07-27,-0.9996391903482498,-0.995597813589261
2017-07-28,-0.9996391903482498,-0.995597813589261
2017-07-31,-0.9960415670571936,-0.23686057777187813
2017-08-01,-0.9996365806325739,-0.9298455849989925
2017-08-02,-0.9996365806325739,-0.9298455853459278
2017-08-03,-0.9996365806325739,-0.9298455853459278
2017-08-04,-0.9996365806325739,-0.9298455853459278
2017-08-07,-0.9996365806325739,-0.9298455853459278
2017-08-08,-0.9996365806325739,-0.9298455853459278
2017-08-09,-0.9996365806325739,-0.9298455853459278
2017-08-10,-0.9996365806325739,-0.9298455853459278
2017-08-11,-0.9996365806325739,-0.9298455853459278
2017-08-14,-0.9996365806325739,-0.9298455853459278
2017-08-15,-0.9996365806325739,-0.9298455853459278
2017-08-16,-0.9996365806325739,-0.9298455853459278
2017-08-17,-0.9996365806325739,-0.9298455853459278
2017-08-18,-0.9996365806325739,-0.9298455853459278
2017-08-21,-0.9996365806325739,-0.9298455853459278
2017-08-22,-0.9996365806325739,-0.9298455853459278
2017-08-23,-0.9996365806325739,-0.9298455853459278
2017-08-24,-0.9996365806325739,-0.9298455853459278
2017-08-25,-0.9996365806325739,-0.9298455853459278
2017-08-28,-0.9996365806325739,-0.9298455853459278
2017-08-29,-0.9996365806325739,-0.9298455853459278
2017-08-30,-0.9996365806325739,-0.9298455853459278
2017-08-31,-1.1190338504003663,0.4344822989525234
2017-09-01,-0.9997099627871087,0.7631167720856412
2017-09-04,-0.9997099627871087,0.7631167721268329
2017-09-05,-0.9997099627871087,0.7631167721268329
2017-09-06,-0.9997099627871087,0.7631167721268329
2017-09-07,-0.9997099627871087,0.7631167721268329
2017-09-08,-0.9997099627871087,0.7631167721268329
2017-09-11,-0.9997099627871087,0.7631167721268329
2017-09-12,-0.9997099627871087,0.7631167721268329
2017-09-13,-0.9997099627871087,0.7631167721268329
2017-09-14,-0.9997099627871087,0.7631167721268329
2017-09-15,-0.9997099627871087,0.7631167721268329
2017-09-18,-0.9997099627871087,0.7631167721268329
2017-09-19,-0.9997099627871087,0.7631167721268329
2017-09-20,-0.9997099627871087,0.7631167721268329
2017-09-21,-0.9997099627871087,0.7631167721268329
2017-09-22,-0.9997099627871087,0.7631167721268329
2017-09-25,-0.9997099627871087,0.7631167721268329
2017-09-26,-0.9997099627871087,0.7631167721268329
2017-09-27,-0.9997099627871087,0.7631167721268329
2017-09-28,-0.9997099627871087,0.7631167721268329
2017-09-29,-0.9997099627871087,0.7631167721268329
2017-10-02,-0.8908424539534785,-0.8196910703270927
2017-10-03,-0.999634783022182,-0.785285123492307
2017-10-04,-0.999634783022182,-0.7852851234906361
2017-10-05,-0.999634783022182,-0.7852851234906361
2017-10-06,-0.999634783022182,-0.7852851234906361
2017-10-09,-0.999634783022182,-0.7852851234906361
2017-10-10,-0.999634783022182,-0.7852851234906361
2017-10-11,-0.999634783022182,-0.7852851234906361
2017-10-12,-0.999634783022182,-0.7852851234906361
2017-10-13,-0.999634783022182,-0.7852851234906361
2017-10-16,-0.999634783022182,-0.7852851234906361
2017-10-17,-0.999634783022182,-0.7852851234906361
2017-10-18,-0.999634783022182,-0.7852851234906361
2017-10-19,-0.999634783022182,-0.7852851234906361
2017-10-20,-0.999634783022182,-0.7852851234906361
2017-10-23,-0.999634783022182,-0.7852851234906361
2017-10-24,-0.999634783022182,-0.7852851234906361
2017-10-25,-0.999634783022182,-0.7852851234906361
2017-10-26,-0.999634783022182,-0.7852851234906361
2017-10-27,-0.999634783022182,-0.7852851234906361
2017-10-30,-0.999634783022182,-0.7852851234906361
2017-10-31,-0.9674270155949208,-2.666277255533324
2017-11-01,-0.9996100749360648,-0.9740829487710233
2017-11-02,-0.9996100749360648,-0.9740829487491699
2017-11-03,-0.9996100749360648,-0.9740829487491699
2017-11-06,-0.9996100749360648,-0.9740829487491699
2017-11-07,-0.9996100749360648,-0.9740829487491699
2017-11-08,-0.9996100749360648,-0.9740829487491699
2017-11-09,-0.9996100749360648,-0.9740829487491699
2017-11-10,-0.9996100749360648,-0.9740829487491699
2017-11-13,-0.9996100749360648,-0.9740829487491699
2017-11-14,-0.9996100749360648,-0.9740829487491699
2017-11-15,-0.9996100749360648,-0.9740829487491699
2017-11-16,-0.9996100749360648,-0.9740829487491699
2017-11-17,-0.9996100749360648,-0.9740829487491699
2017-11-20,-0.9996100749360648,-0.9740829487491699
2017-11-21,-0.9996100749360648,-0.9740829487491699
2017-11-22,-0.9996100749360648,-0.9740829487491699
2017-11-23,-0.9996100749360648,-0.9740829487491699
2017-11-24,-0.9996100749360648,-0.9740829487491699
2017-11-27,-0.9996100749360648,-0.9740829487491699
2017-11-28,-0.9996100749360648,-0.9740829487491699
2017-11-29,-0.9996100749360648,-0.9740829487491699
2017-11-30,-0.9993695397124503,0.070538672614509
2017-12-01,-0.999609887323549,0.29771339473610664
2017-12-04,-0.999609887323549,0.2977133948657012
2017-12-05,-0.999609887323549,0.2977133948657012
2017-12-06,-0.999609887323549,0.2977133948657012
2017-12-07,-0.999609887323549,0.2977133948657012
2017-12-08,-0.999609887323549,0.2977133948657012
2017-12-11,-0.999609887323549,0.2977133948657012
2017-12-12,-0.999609887323549,0.2977133948657012
2017-12-13,-0.999609887323549,0.2977133948657012
2017-12-14,-0.999609887323549,0.2977133948657012
2017-12-15,-0.999609887323549,0.2977133948657012
2017-12-18,-0.999609887323549,0.2977133948657012
2017-12-19,-0.999609887323549,0.2977133948657012
2017-12-20,-0.999609887323549,0.2977133948657012
2017-12-21,-0.999609887323549,0.2977133948657012
2017-12-22,-0.999609887323549,0.2977133948657012
2017-12-25,-0.999609887323549,0.2977133948657012
2017-12-26,-0.999609887323549,0.2977133948657012
2017-12-27,-0.999609887323549,0.2977133948657012
2017-12-28,-0.999609887323549,0.2977133948657012
2017-12-29,-0.999609887323549,0.2977133948657012
2018-01-01,-1.0436694637947348,1.6415133170224439
2018-01-02,-0.999642112774026,0.8644414869290641
2018-01-03,-0.999642112774026,0.86444148691289
2018-01-04,-0.999642112774026,0.86444148691289
2018-01-05,-0.999642112774026,0.86444148691289
2018-01-08,-0.999642112774026,0.86444148691289
2018-01-09,-0.999642112774026,0.86444148691289
2018-01-10,-0.999642112774026,0.86444148691289
2018-01-11,-0.999642112774026,0.86444148691289
2018-01-12,-0.999642112774026,0.86444148691289
2018-01-15,-0.999642112774026,0.86444148691289
2018-01-16,-0.999642112774026,0.86444148691289
2018-01-17,-0.999642112774026,0.86444148691289
2018-01-18,-0.999642112774026,0.86444148691289
2018-01-19,-0.999642112774026,0.86444148691289
2018-01-22,-0.999642112774026,0.86444148691289
2018-01-23,-0.999642112774026,0.86444148691289
2018-01-24,-0.999642112774026,0.86444148691289
2018-01-25,-0.999642112774026,0.86444148691289
2018-01-26,-0.999642112774026,0.86444148691289
2018-01-29,-0.999642112774026,0.86444148691289
2018-01-30,-0.999642112774026,0.86444148691289
2018-01-31,-1.0320677598899979,4.122797730694445
2018-02-01,-0.9996642366572337,0.992647230772561
2018-02-02,-0.9996642366572337,0.9926472307483508
2018-02-05,-0.9996642366572337,0.9926472307483508
2018-02-06,-0.9996642366572337,0.9926472307483508
2018-02-07,-0.9996642366572337,0.9926472307483508
2018-02-08,-0.9996642366572337,0.9926472307483508
2018-02-09,-0.9996642366572337,0.9926472307483508
2018-02-12,-0.9996642366572337,0.9926472307483508
2018-02-13,-0.9996642366572337,0.9926472307483508
2018-02-14,-0.9996642366572337,0.9926472307483508
2018-02-15,-0.9996642366572337,0.9926472307483508
2018-02-16,-0.9996642366572337,0.9926472307483508
2018-02-19,-0.9996642366572337,0.9926472307483508
2018-02-20,-0.9996642366572337,0.9926472307483508
2018-02-21,-0.9996642366572337,0.9926472307483508
2018-02-22,-0.9996642366572337,0.9926472307483508
2018-02-23,-0.9996642366572337,0.9926472307483508
2018-02-26,-0.9996642366572337,0.9926472307483508
2018-02-27,-0.9996642366572337,0.9926472307483508
2018-02-28,-1.0214954629553006,0.2537181880336008
2018-03-01,-0.9996784282011228,0.9025494632527756
2018-03-02,-0.9996784282011228,0.9025494635251058
2018-03-05,-0.9996784282011228,0.9025494635251058
2018-03-06,-0.9996784282011228,0.9025494635251058
2018-03-07,-0.9996784282011228,0.9025494635251058
2018-03-08,-0.9996784282011228,0.9025494635251058
2018-03-09,-0.9996784282011228,0.9025494635251058
2018-03-12,-0.9996784282011228,0.9025494635251058
2018-03-13,-0.9996784282011228,0.9025494635251058
2018-03-14,-0.9996784282011228,0.9025494635251058
2018-03-15,-0.9996784282011228,0.9025494635251058
2018-03-16,-0.9996784282011228,0.9025494635251058
2018-03-19,-0.9996784282011228,0.9025494635251058
2018-03-20,-0.9996784282011228,0.9025494635251058
2018-03-21,-0.9996784282011228,0.9025494635251058
2018-03-22,-0.9996784282011228,0.9025494635251058
2018-03-23,-0.9996784282011228,0.9025494635251058
2018-03-26,-0.9996784282011228,0.9025494635251058
2018-03-27,-0.9996784282011228,0.9025494635251058
2018-03-28,-0.9996784282011228,0.9025494635251058
2018-03-29,-0.9996784282011228,0.9025494635251058
2018-03-30,-0.9996784282011228,0.9025494635251058
2018-04-02,-0.9728735818930705,1.3111939398706576
2018-04-03,-0.9996604731889103,0.9500821646975317
2018-04-04,-0.9996604731889103,0.9500821646858485
2018-04-05,-0.9996604731889103,0.9500821646858485
2018-04-06,-0.9996604731889103,0.9500821646858485
2018-04-09,-0.9996604731889103,0.9500821646858485
2018-04-10,-0.9996604731889103,0.9500821646858485
2018-04-11,-0.9996604731889103,0.9500821646858485
2018-04-12,-0.9996604731889103,0.9500821646858485
2018-04-13,-0.9996604731889103,0.9500821646858485
2018-04-16,-0.9996604731889103,0.9500821646858485
2018-04-17,-0.9996604731889103,0.9500821646858485
2018-04-18,-0.9996604731889103,0.9500821646858485
2018-04-19,-0.9996604731889103,0.9500821646858485
2018-04-20,-0.9996604731889103,0.9500821646858485
2018-04-23,-0.9996604731889103,0.9500821646858485
2018-04-24,-0.9996604731889103,0.9500821646858485
2018-04-25,-0.9996604731889103,0.9500821646858485
2018-04-26,-0.9996604731889103,0.9500821646858485
2018-04-27,-0.9996604731889103,0.9500821646858485
2018-04-30,-0.9963805239305568,0.7870052043238813
2018-05-01,-0.9996582353051464,0.9296137048021965
2018-05-02,-0.9996582353051464,0.9296137048117094
2018-05-03,-0.9996582353051464,0.9296137048117094
2018-05-04,-0.9996582353051464,0.9296137048117094
2018-05-07,-0.9996582353051464,0.9296137048117094
2018-05-08,-0.9996582353051464,0.9296137048117094
2018-05-09,-0.9996582353051464,0.9296137048117094
2018-05-10,-0.9996582353051464,0.9296137048117094
2018-05-11,-0.9996582353051464,0.9296137048117094
2018-05-14,-0.9996582353051464,0.9296137048117094
2018-05-15,-0.9996582353051464,0.9296137048117094
2018-05-16,-0.9996582353051464,0.9296137048117094
2018-05-17,-0.9996582353051464,0.9296137048117094
2018-05-18,-0.9996582353051464,0.9296137048117094
2018-05-21,-0.9996582353051464,0.9296137048117094
2018-05-22,-0.9996582353051464,0.9296137048117094
2018-05-23,-0.9996582353051464,0.9296137048117094
2018-05-24,-0.9996582353051464,0.9296137048117094
2018-05-25,-0.9996582353051464,0.9296137048117094
2018-05-28,-0.9996582353051464,0.9296137048117094
2018-05-29,-0.9996582353051464,0.9296137048117094
2018-05-30,-0.9996582353051464,0.9296137048117094
2018-05-31,-1.0505230360754763,-3.99372780742156
2018-06-01,-0.9996905145978312,-0.9957693345439224
2018-06-04,-0.9996905145978312,-0.9957693345197443
2018-06-05,-0.9996905145978312,-0.9957693345197443
2018-06-06,-0.9996905145978312,-0.9957693345197443
2018-06-07,-0.9996905145978312,-0.9957693345197443
2018-06-08,-0.9996905145978312,-0.9957693345197443
2018-06-11,-0.9996905145978312,-0.9957693345197443
2018-06-12,-0.9996905145978312,-0.9957693345197443
2018-06-13,-0.9996905145978312,-0.9957693345197443
2018-06-14,-0.9996905145978312,-0.9957693345197443
2018-06-15,-0.9996905145978312,-0.9957693345197443
2018-06-18,-0.9996905145978312,-0.9957693345197443
2018-06-19,-0.9996905145978312,-0.9957693345197443
2018-06-20,-0.9996905145978312,-0.9957693345197443
2018-06-21,-0.9996905145978312,-0.9957693345197443
2018-06-22,-0.9996905145978312,-0.9957693345197443
2018-06-25,-0.9996905145978312,-0.9957693345197443
2018-06-26,-0.9996905145978312,-0.9957693345197443
2018-06-27,-0.9996905145978312,-0.9957693345197443
2018-06-28,-0.9996905145978312,-0.9957693345197443
2018-06-29,-0.9996905145978312,-0.9957693345197443
2018-07-02,-1.0056424523982428,-0.765231437534016
2018-07-03,-0.9996941654865116,-0.9928675679179508
2018-07-04,-0.9996941654865116,-0.992867567935519
2018-07-05,-0.9996941654865116,-0.992867567935519
2018-07-06,-0.9996941654865116,-0.992867567935519
2018-07-09,-0.9996941654865116,-0.992867567935519
2018-07-10,-0.9996941654865116,-0.992867567935519
2018-07-11,-0.9996941654865116,-0.992867567935519
2018-07-12,-0.9996941654865116,-0.992867567935519
2018-07-13,-0.9996941654865116,-0.992867567935519
2018-07-16,-0.9996941654865116,-0.992867567935519
2018-07-17,-0.9996941654865116,-0.992867567935519
2018-07-18,-0.9996941654865116,-0.992867567935519
2018-07-19,-0.9996941654865116,-0.992867567935519
2018-07-20,-0.9996941654865116,-0.992867567935519
2018-07-23,-0.9996941654865116,-0.992867567935519
2018-07-24,-0.9996941654865116,-0.992867567935519
2018-07-25,-0.9996941654865116,-0.992867567935519
2018-07-26,-0.9996941654865116,-0.992867567935519
2018-07-27,-0.9996941654865116,-0.992867567935519
2018-07-30,-0.9996941654865116,-0.992867567935519
2018-07-31,-0.9788584706265351,0.07282786705811148
2018-08-01,-0.9996810134061133,0.5212921008439938
2018-08-02,-0.9996810134061133,0.5212921015219876
2018-08-03,-0.9996810134061133,0.5212921015219876
2018-08-06,-0.9996810134061133,0.5212921015219876
2018-08-07,-0.9996810134061133,0.5212921015219876
2018-08-08,-0.9996810134061133,0.5212921015219876
2018-08-09,-0.9996810134061133,0.5212921015219876
2018-08-10,-0.9996810134061133,0.5212921015219876
2018-08-13,-0.9996810134061133,0.5212921015219876
2018-08-14,-0.9996810134061133,0.5212921015219876
2018-08-15,-0.9996810134061133,0.5212921015219876
2018-08-16,-0.9996810134061133,0.5212921015219876
2018-08-17,-0.9996810134061133,0.5212921015219876
2018-08-20,-0.9996810134061133,0.5212921015219876
2018-08-21,-0.9996810134061133,0.5212921015219876
2018-08-22,-0.9996810134061133,0.5212921015219876
2018-08-23,-0.9996810134061133,0.5212921015219876
2018-08-24,-0.9996810134061133,0.5212921015219876
2018-08-27,-0.9996810134061133,0.5212921015219876
2018-08-28,-0.9996810134061133,0.5212921015219876
2018-08-29,-0.9996810134061133,0.5212921015219876
2018-08-30,-0.9996810134061133,0.5212921015219876
2018-08-31,-1.1186029314516934,-0.1485645836284285
2018-09-03,-0.9997452083179823,-0.17151033606358856
2018-09-04,-0.9997452083179823,-0.17151033606506613
2018-09-05,-0.9997452083179823,-0.17151033606506613
2018-09-06,-0.9997452083179823,-0.17151033606506613
2018-09-07,-0.9997452083179823,-0.17151033606506613
2018-09-10,-0.9997452083179823,-0.17151033606506613
2018-09-11,-0.9997452083179823,-0.17151033606506613
2018-09-12,-0.9997452083179823,-0.17151033606506613
2018-09-13,-0.9997452083179823,-0.17151033606506613
2018-09-14,-0.9997452083179823,-0.17151033606506613
2018-09-17,-0.9997452083179823,-0.17151033606506613
2018-09-18,-0.9997452083179823,-0.17151033606506613
2018-09-19,-0.9997452083179823,-0.17151033606506613
2018-09-20,-0.9997452083179823,-0.17151033606506613
2018-09-21,-0.9997452083179823,-0.17151033606506613
2018-09-24,-0.9997452083179823,-0.17151033606506613
2018-09-25,-0.9997452083179823,-0.17151033606506613
2018-09-26,-0.9997452083179823,-0.17151033606506613
2018-09-27,-0.9997452083179823,-0.17151033606506613
2018-09-28,-0.9997452083179823,-0.17151033606506613
2018-10-01,-1.016523876926978,1.8107167536396758
2018-10-02,-0.9997535469632545,0.8784011137361781
2018-10-03,-0.9997535469632545,0.8784011137187879
2018-10-04,-0.9997535469632545,0.8784011137187879
2018-10-05,-0.9997535469632545,0.8784011137187879
2018-10-08,-0.9997535469632545,0.8784011137187879
2018-10-09,-0.9997535469632545,0.8784011137187879
2018-10-10,-0.9997535469632545,0.8784011137187879
2018-10-11,-0.9997535469632545,0.8784011137187879
2018-10-12,-0.9997535469632545,0.8784011137187879
2018-10-15,-0.9997535469632545,0.8784011137187879
2018-10-16,-0.9997535469632545,0.8784011137187879
2018-10-17,-0.9997535469632545,0.8784011137187879
2018-10-18,-0.9997535469632545,0.8784011137187879
2018-10-19,-0.9997535469632545,0.8784011137187879
2018-10-22,-0.9997535469632545,0.8784011137187879
2018-10-23,-0.9997535469632545,0.8784011137187879
2018-10-24,-0.9997535469632545,0.8784011137187879
2018-10-25,-0.9997535469632545,0.8784011137187879
2018-10-26,-0.9997535469632545,0.8784011137187879
2018-10-29,-0.9997535469632545,0.8784011137187879
2018-10-30,-0.9997535469632545,0.8784011137187879
2018-10-31,-0.9866877761675259,-2.5170219151105018
2018-11-01,-0.9997469791528303,-0.9824466355689815
2018-11-02,-0.9997469791528303,-0.9824466355474207
2018-11-05,-0.9997469791528303,-0.9824466355474207
2018-11-06,-0.9997469791528303,-0.9824466355474207
2018-11-07,-0.9997469791528303,-0.9824466355474207
2018-11-08,-0.9997469791528303,-0.9824466355474207
2018-11-09,-0.9997469791528303,-0.9824466355474207
2018-11-12,-0.9997469791528303,-0.9824466355474207
2018-11-13,-0.9997469791528303,-0.9824466355474207
2018-11-14,-0.9997469791528303,-0.9824466355474207
2018-11-15,-0.9997469791528303,-0.9824466355474207
2018-11-16,-0.9997469791528303,-0.9824466355474207
2018-11-19,-0.9997469791528303,-0.9824466355474207
2018-11-20,-0.9997469791528303,-0.9824466355474207
2018-11-21,-0.9997469791528303,-0.9824466355474207
2018-11-22,-0.9997469791528303,-0.9824466355474207
2018-11-23,-0.9997469791528303,-0.9824466355474207
2018-11-26,-0.9997469791528303,-0.9824466355474207
2018-11-27,-0.9997469791528303,-0.9824466355474207
2018-11-28,-0.9997469791528303,-0.9824466355474207
2018-11-29,-0.9997469791528303,-0.9824466355474207
2018-11-30,-0.902794430503985,-0.9852300800013744
2018-12-03,-0.9996897430877159,-0.9825430996648205
2018-12-04,-0.9996897430877159,-0.9825430996646818
2018-12-05,-0.9996897430877159,-0.9825430996646818
2018-12-06,-0.9996897430877159,-0.9825430996646818
2018-12-07,-0.9996897430877159,-0.9825430996646818
2018-12-10,-0.9996897430877159,-0.9825430996646818
2018-12-11,-0.9996897430877159,-0.9825430996646818
2018-12-12,-0.9996897430877159,-0.9825430996646818
2018-12-13,-0.9996897430877159,-0.9825430996646818
2018-12-14,-0.9996897430877159,-0.9825430996646818
2018-12-17,-0.9996897430877159,-0.9825430996646818
2018-12-18,-0.9996897430877159,-0.9825430996646818
2018-12-19,-0.9996897430877159,-0.9825430996646818
2018-12-20,-0.9996897430877159,-0.9825430996646818
2018-12-21,-0.9996897430877159,-0.9825430996646818
2018-12-24,-0.9996897430877159,-0.9825430996646818
2018-12-25,-0.9996897430877159,-0.9825430996646818
2018-12-26,-0.9996897430877159,-0.9825430996646818
2018-12-27,-0.9996897430877159,-0.9825430996646818
2018-12-28,-0.9996897430877159,-0.9825430996646818
2018-12-31,-1.054099100097925,-1.4303167692946726
2019-01-01,-0.9997209324251034,-0.9916472913590604
2019-01-02,-0.9997209324251034,-0.9916472913457272
2019-01-03,-0.9997209324251034,-0.9916472913457272
2019-01-04,-0.9997209324251034,-0.9916472913457272
2019-01-07,-0.9997209324251034,-0.9916472913457272
2019-01-08,-0.9997209324251034,-0.9916472913457272
2019-01-09,-0.9997209324251034,-0.9916472913457272
2019-01-10,-0.9997209324251034,-0.9916472913457272
2019-01-11,-0.9997209324251034,-0.9916472913457272
2019-01-14,-0.9997209324251034,-0.9916472913457272
2019-01-15,-0.9997209324251034,-0.9916472913457272
2019-01-16,-0.9997209324251034,-0.9916472913457272
2019-01-17,-0.9997209324251034,-0.9916472913457272
2019-01-18,-0.9997209324251034,-0.9916472913457272
2019-01-21,-0.9997209324251034,-0.9916472913457272
2019-01-22,-0.9997209324251034,-0.9916472913457272
2019-01-23,-0.9997209324251034,-0.9916472913457272
2019-01-24,-0.9997209324251034,-0.9916472913457272
2019-01-25,-0.9997209324251034,-0.9916472913457272
2019-01-28,-0.9997209324251034,-0.9916472913457272
2019-01-29,-0.9997209324251034,-0.9916472913457272
2019-01-30,-0.9997209324251034,-0.9916472913457272
2019-01-31,-0.965238289803684,-1.3698344523754014
2019-02-01,-0.9997006462886627,-0.9955965043244079
2019-02-04,-0.9997006462886627,-0.9955965043122477
2019-02-05,-0.9997006462886627,-0.9955965043122477
2019-02-06,-0.9997006462886627,-0.9955965043122477
2019-02-07,-0.9997006462886627,-0.9955965043122477
2019-02-08,-0.9997006462886627,-0.9955965043122477
2019-02-11,-0.9997006462886627,-0.9955965043122477
2019-02-12,-0.9997006462886627,-0.9955965043122477
2019-02-13,-0.9997006462886627,-0.9955965043122477
2019-02-14,-0.9997006462886627,-0.9955965043122477
2019-02-15,-0.9997006462886627,-0.9955965043122477
2019-02-18,-0.9997006462886627,-0.9955965043122477
2019-02-19,-0.9997006462886627,-0.9955965043122477
2019-02-20,-0.9997006462886627,-0.9955965043122477
2019-02-21,-0.9997006462886627,-0.9955965043122477
2019-02-22,-0.9997006462886627,-0.9955965043122477
2019-02-25,-0.9997006462886627,-0.9955965043122477
2019-02-26,-0.9997006462886627,-0.9955965043122477
2019-02-27,-0.9997006462886627,-0.9955965043122477
2019-02-28,-0.9451475391096238,-1.2572391913946714
2019-03-01,-0.9996651099699962,-0.9972317950734009
2019-03-04,-0.9996651099699962,-0.9972317950638261
2019-03-05,-0.9996651099699962,-0.9972317950638261
2019-03-06,-0.9996651099699962,-0.9972317950638261
2019-03-07,-0.9996651099699962,-0.9972317950638261
2019-03-08,-0.9996651099699962,-0.9972317950638261
2019-03-11,-0.9996651099699962,-0.9972317950638261
2019-03-12,-0.9996651099699962,-0.9972317950638261
2019-03-13,-0.9996651099699962,-0.9972317950638261
2019-03-14,-0.9996651099699962,-0.9972317950638261
2019-03-15,-0.9996651099699962,-0.9972317950638261
2019-03-18,-0.9996651099699962,-0.9972317950638261
2019-03-19,-0.9996651099699962,-0.9972317950638261
2019-03-20,-0.9996651099699962,-0.9972317950638261
2019-03-21,-0.9996651099699962,-0.9972317950638261
2019-03-22,-0.9996651099699962,-0.9972317950638261
2019-03-25,-0.9996651099699962,-0.9972317950638261
2019-03-26,-0.9996651099699962,-0.9972317950638261
2019-03-27,-0.9996651099699962,-0.9972317950638261
2019-03-28,-0.9996651099699962,-0.9972317950638261
2019-03-29,-0.9996651099699962,-0.9972317950638261
2019-04-01,-0.9787395789595323,-1.3913170926057474
2019-04-02,-0.9996506445210053,-0.9985749983729598
2019-04-03,-0.9996506445210053,-0.998574998360424
2019-04-04,-0.9996506445210053,-0.998574998360424
2019-04-05,-0.9996506445210053,-0.998574998360424
2019-04-08,-0.9996506445210053,-0.998574998360424
2019-04-09,-0.9996506445210053,-0.998574998360424
2019-04-10,-0.9996506445210053,-0.998574998360424
2019-04-11,-0.9996506445210053,-0.998574998360424
2019-04-12,-0.9996506445210053,-0.998574998360424
2019-04-15,-0.9996506445210053,-0.998574998360424
2019-04-16,-0.9996506445210053,-0.998574998360424
2019-04-17,-0.9996506445210053,-0.998574998360424
2019-04-18,-0.9996506445210053,-0.998574998360424
2019-04-19,-0.9996506445210053,-0.998574998360424
2019-04-22,-0.9996506445210053,-0.998574998360424
2019-04-23,-0.9996506445210053,-0.998574998360424
2019-04-24,-0.9996506445210053,-0.998574998360424
2019-04-25,-0.9996506445210053,-0.998574998360424
2019-04-26,-0.9996506445210053,-0.998574998360424
2019-04-29,-0.9996506445210053,-0.998574998360424
2019-04-30,-0.986863800455182,-0.9796233707166332
2019-05-01,-0.999641537535087,-0.9985194529192104
2019-05-02,-0.999641537535087,-0.9985194529202174
2019-05-03,-0.999641537535087,-0.9985194529202174
2019-05-06,-0.999641537535087,-0.9985194529202174
2019-05-07,-0.999641537535087,-0.9985194529202174
2019-05-08,-0.999641537535087,-0.9985194529202174
2019-05-09,-0.999641537535087,-0.9985194529202174
2019-05-10,-0.999641537535087,-0.9985194529202174
2019-05-13,-0.999641537535087,-0.9985194529202174
2019-05-14,-0.999641537535087,-0.9985194529202174
2019-05-15,-0.999641537535087,-0.9985194529202174
2019-05-16,-0.999641537535087,-0.9985194529202174
2019-05-17,-0.999641537535087,-0.9985194529202174
2019-05-20,-0.999641537535087,-0.9985194529202174
2019-05-21,-0.999641537535087,-0.9985194529202174
2019-05-22,-0.999641537535087,-0.9985194529202174
2019-05-23,-0.999641537535087,-0.9985194529202174
2019-05-24,-0.999641537535087,-0.9985194529202174
2019-05-27,-0.999641537535087,-0.9985194529202174
2019-05-28,-0.999641537535087,-0.9985194529202174
2019-05-29,-0.999641537535087,-0.9985194529202174
2019-05-30,-0.999641537535087,-0.9985194529202174
2019-05-31,-1.0416606002811346,-1.0237411800286873
2019-06-03,-0.9996698599165083,-0.9985913540502911
2019-06-04,-0.9996698599165083,-0.9985913540490363
2019-06-05,-0.9996698599165083,-0.9985913540490363
2019-06-06,-0.9996698599165083,-0.9985913540490363
2019-06-07,-0.9996698599165083,-0.9985913540490363
2019-06-10,-0.9996698599165083,-0.9985913540490363
2019-06-11,-0.9996698599165083,-0.9985913540490363
2019-06-12,-0.9996698599165083,-0.9985913540490363
2019-06-13,-0.9996698599165083,-0.9985913540490363
2019-06-14,-0.9996698599165083,-0.9985913540490363
2019-06-17,-0.9996698599165083,-0.9985913540490363
2019-06-18,-0.9996698599165083,-0.9985913540490363
2019-06-19,-0.9996698599165083,-0.9985913540490363
2019-06-20,-0.9996698599165083,-0.9985913540490363
2019-06-21,-0.9996698599165083,-0.9985913540490363
2019-06-24,-0.9996698599165083,-0.9985913540490363
2019-06-25,-0.9996698599165083,-0.9985913540490363
2019-06-26,-0.9996698599165083,-0.9985913540490363
2019-06-27,-0.9996698599165083,-0.9985913540490363
2019-06-28,-0.9996698599165083,-0.9985913540490363
2019-07-01,-1.0644986448898461,-0.6425983746232595
2019-07-02,-0.9997088300019742,-0.9966084138381899
2019-07-03,-0.9997088300019742,-0.9966084138744502
2019-07-04,-0.9997088300019742,-0.9966084138744502
2019-07-05,-0.9997088300019742,-0.9966084138744502
2019-07-08,-0.9997088300019742,-0.9966084138744502
2019-07-09,-0.9997088300019742,-0.9966084138744502
2019-07-10,-0.9997088300019742,-0.9966084138744502
2019-07-11,-0.9997088300019742,-0.9966084138744502
2019-07-12,-0.9997088300019742,-0.9966084138744502
2019-07-15,-0.9997088300019742,-0.9966084138744502
2019-07-16,-0.9997088300019742,-0.9966084138744502
2019-07-17,-0.9997088300019742,-0.9966084138744502
2019-07-18,-0.9997088300019742,-0.9966084138744502
2019-07-19,-0.9997088300019742,-0.9966084138744502
2019-07-22,-0.9997088300019742,-0.9966084138744502
2019-07-23,-0.9997088300019742,-0.9966084138744502
2019-07-24,-0.9997088300019742,-0.9966084138744502
2019-07-25,-0.9997088300019742,-0.9966084138744502
2019-07-26,-0.9997088300019742,-0.9966084138744502
2019-07-29,-0.9997088300019742,-0.9966084138744502
2019-07-30,-0.9997088300019742,-0.9966084138744502
2019-07-31,-1.0581645902887524,-1.3673653155330945
2019-08-01,-0.9997400992054145,-0.9981939953758852
2019-08-02,-0.9997400992054145,-0.9981939953638141
2019-08-05,-0.9997400992054145,-0.9981939953638141
2019-08-06,-0.9997400992054145,-0.9981939953638141
2019-08-07,-0.9997400992054145,-0.9981939953638141
2019-08-08,-0.9997400992054145,-0.9981939953638141
2019-08-09,-0.9997400992054145,-0.9981939953638141
2019-08-12,-0.9997400992054145,-0.9981939953638141
2019-08-13,-0.9997400992054145,-0.9981939953638141
2019-08-14,-0.9997400992054145,-0.9981939953638141
2019-08-15,-0.9997400992054145,-0.9981939953638141
2019-08-16,-0.9997400992054145,-0.9981939953638141
2019-08-19,-0.9997400992054145,-0.9981939953638141
2019-08-20,-0.9997400992054145,-0.9981939953638141
2019-08-21,-0.9997400992054145,-0.9981939953638141
2019-08-22,-0.9997400992054145,-0.9981939953638141
2019-08-23,-0.9997400992054145,-0.9981939953638141
2019-08-26,-0.9997400992054145,-0.9981939953638141
2019-08-27,-0.9997400992054145,-0.9981939953638141
2019-08-28,-0.9997400992054145,-0.9981939953638141
2019-08-29,-0.9997400992054145,-0.9981939953638141
2019-08-30,-0.9997400992054145,-0.9981939953638141
2019-09-02,-0.9699277459337531,-1.0262775420020056
2019-09-03,-0.9997238834121017,-0.9982912340223592
2019-09-04,-0.9997238834121017,-0.9982912340209686
2019-09-05,-0.9997238834121017,-0.9982912340209686
2019-09-06,-0.9997238834121017,-0.9982912340209686
2019-09-09,-0.9997238834121017,-0.9982912340209686
2019-09-10,-0.9997238834121017,-0.9982912340209686
2019-09-11,-0.9997238834121017,-0.9982912340209686
2019-09-12,-0.9997238834121017,-0.9982912340209686
2019-09-13,-0.9997238834121017,-0.9982912340209686
2019-09-16,-0.9997238834121017,-0.9982912340209686
2019-09-17,-0.9997238834121017,-0.9982912340209686
2019-09-18,-0.9997238834121017,-0.9982912340209686
2019-09-19,-0.9997238834121017,-0.9982912340209686
2019-09-20,-0.9997238834121017,-0.9982912340209686
2019-09-23,-0.9997238834121017,-0.9982912340209686
2019-09-24,-0.9997238834121017,-0.9982912340209686
2019-09-25,-0.9997238834121017,-0.9982912340209686
2019-09-26,-0.9997238834121017,-0.9982912340209686
2019-09-27,-0.9997238834121017,-0.9982912340209686
2019-09-30,-0.9316530474309176,-1.2223773403630478
2019-10-01,-0.9996820806412634,-0.9988593374185515
2019-10-02,-0.9996820806412634,-0.9988593374099585
2019-10-03,-0.9996820806412634,-0.9988593374099585
2019-10-04,-0.9996820806412634,-0.9988593374099585
2019-10-07,-0.9996820806412634,-0.9988593374099585
2019-10-08,-0.9996820806412634,-0.9988593374099585
2019-10-09,-0.9996820806412634,-0.9988593374099585
2019-10-10,-0.9996820806412634,-0.9988593374099585
2019-10-11,-0.9996820806412634,-0.9988593374099585
2019-10-14,-0.9996820806412634,-0.9988593374099585
2019-10-15,-0.9996820806412634,-0.9988593374099585
2019-10-16,-0.9996820806412634,-0.9988593374099585
2019-10-17,-0.9996820806412634,-0.9988593374099585
2019-10-18,-0.9996820806412634,-0.9988593374099585
2019-10-21,-0.9996820806412634,-0.9988593374099585
2019-10-22,-0.9996820806412634,-0.9988593374099585
2019-10-23,-0.9996820806412634,-0.9988593374099585
2019-10-24,-0.9996820806412634,-0.9988593374099585
2019-10-25,-0.9996820806412634,-0.9988593374099585
2019-10-28,-0.9996820806412634,-0.9988593374099585
2019-10-29,-0.9996820806412634,-0.9988593374099585
2019-10-30,-0.9996820806412634,-0.9988593374099585
2019-10-31,-0.9470082333286309,-0.8320316472255388
2019-11-01,-0.9996457502090885,-0.9983572986210196
2019-11-04,-0.9996457502090885,-0.9983572986323866
2019-11-05,-0.9996457502090885,-0.9983572986323866
2019-11-06,-0.9996457502090885,-0.9983572986323866
2019-11-07,-0.9996457502090885,-0.9983572986323866
2019-11-08,-0.9996457502090885,-0.9983572986323866
2019-11-11,-0.9996457502090885,-0.9983572986323866
2019-11-12,-0.9996457502090885,-0.9983572986323866
2019-11-13,-0.9996457502090885,-0.9983572986323866
2019-11-14,-0.9996457502090885,-0.9983572986323866
2019-11-15,-0.9996457502090885,-0.9983572986323866
2019-11-18,-0.9996457502090885,-0.9983572986323866
2019-11-19,-0.9996457502090885,-0.9983572986323866
2019-11-20,-0.9996457502090885,-0.9983572986323866
2019-11-21,-0.9996457502090885,-0.9983572986323866
2019-11-22,-0.9996457502090885,-0.9983572986323866
2019-11-25,-0.9996457502090885,-0.9983572986323866
2019-11-26,-0.9996457502090885,-0.9983572986323866
2019-11-27,-0.9996457502090885,-0.9983572986323866
2019-11-28,-0.9996457502090885,-0.9983572986323866
2019-11-29,-0.9996457502090885,-0.9983572986323866
2019-12-02,-0.9769628352621258,-1.2224461049247726
2019-12-03,-0.9996291187093705,-0.9989034523801306
2019-12-04,-0.9996291187093705,-0.9989034523715368
2019-12-05,-0.9996291187093705,-0.9989034523715368
2019-12-06,-0.9996291187093705,-0.9989034523715368
2019-12-09,-0.9996291187093705,-0.9989034523715368
2019-12-10,-0.9996291187093705,-0.9989034523715368
2019-12-11,-0.9996291187093705,-0.9989034523715368
2019-12-12,-0.9996291187093705,-0.9989034523715368
2019-12-13,-0.9996291187093705,-0.9989034523715368
2019-12-16,-0.9996291187093705,-0.9989034523715368
2019-12-17,-0.9996291187093705,-0.9989034523715368
2019-12-18,-0.9996291187093705,-0.9989034523715368
2019-12-19,-0.9996291187093705,-0.9989034523715368
2019-12-20,-0.9996291187093705,-0.9989034523715368
2019-12-23,-0.9996291187093705,-0.9989034523715368
2019-12-24,-0.9996291187093705,-0.9989034523715368
2019-12-25,-0.9996291187093705,-0.9989034523715368
2019-12-26,-0.9996291187093705,-0.9989034523715368
2019-12-27,-0.9996291187093705,-0.9989034523715368
2019-12-30,-0.9996291187093705,-0.9989034523715368
2019-12-31,-1.0531608142493911,-0.8160511910098872
2020-01-01,-0.999665845530488,-0.9983583367573697
2020-01-02,-0.999665845530488,-0.9983583367702087
2020-01-03,-0.999665845530488,-0.9983583367702087
2020-01-06,-0.999665845530488,-0.9983583367702087
2020-01-07,-0.999665845530488,-0.9983583367702087
2020-01-08,-0.999665845530488,-0.9983583367702087
2020-01-09,-0.999665845530488,-0.9983583367702087
2020-01-10,-0.999665845530488,-0.9983583367702087
2020-01-13,-0.999665845530488,-0.9983583367702087
2020-01-14,-0.999665845530488,-0.9983583367702087
2020-01-15,-0.999665845530488,-0.9983583367702087
2020-01-16,-0.999665845530488,-0.9983583367702087
2020-01-17,-0.999665845530488,-0.9983583367702087
2020-01-20,-0.999665845530488,-0.9983583367702087
2020-01-21,-0.999665845530488,-0.9983583367702087
2020-01-22,-0.999665845530488,-0.9983583367702087
2020-01-23,-0.999665845530488,-0.9983583367702087
2020-01-24,-0.999665845530488,-0.9983583367702087
2020-01-27,-0.999665845530488,-0.9983583367702087
2020-01-28,-0.999665845530488,-0.9983583367702087
2020-01-29,-0.999665845530488,-0.9983583367702087
2020-01-30,-0.999665845530488,-0.9983583367702087
2020-01-31,-0.9949537949260662,-1.4056691004317556
2020-02-03,-0.9996626745636014,-0.9991708735017824
2020-02-04,-0.9996626745636014,-0.999170873488984
2020-02-05,-0.9996626745636014,-0.999170873488984
2020-02-06,-0.9996626745636014,-0.999170873488984
2020-02-07,-0.9996626745636014,-0.999170873488984
2020-02-10,-0.9996626745636014,-0.999170873488984
2020-02-11,-0.9996626745636014,-0.999170873488984
2020-02-12,-0.9996626745636014,-0.999170873488984
2020-02-13,-0.9996626745636014,-0.999170873488984
2020-02-14,-0.9996626745636014,-0.999170873488984
2020-02-17,-0.9996626745636014,-0.999170873488984
2020-02-18,-0.9996626745636014,-0.999170873488984
2020-02-19,-0.9996626745636014,-0.999170873488984
2020-02-20,-0.9996626745636014,-0.999170873488984
2020-02-21,-0.9996626745636014,-0.999170873488984
2020-02-24,-0.9996626745636014,-0.999170873488984
2020-02-25,-0.9996626745636014,-0.999170873488984
2020-02-26,-0.9996626745636014,-0.999170873488984
2020-02-27,-0.9996626745636014,-0.999170873488984
2020-02-28,-0.9996626745636014,-0.999170873488984
2020-03-02,-1.04193264016241,-0.9643124710565212
2020-03-03,-0.999689476677357,-0.9991099282184712
2020-03-04,-0.999689476677357,-0.9991099282203718
2020-03-05,-0.999689476677357,-0.9991099282203718
2020-03-06,-0.999689476677357,-0.9991099282203718
2020-03-09,-0.999689476677357,-0.9991099282203718
2020-03-10,-0.999689476677357,-0.9991099282203718
2020-03-11,-0.999689476677357,-0.9991099282203718
2020-03-12,-0.999689476677357,-0.9991099282203718
2020-03-13,-0.999689476677357,-0.9991099282203718
2020-03-16,-0.999689476677357,-0.9991099282203718
2020-03-17,-0.999689476677357,-0.9991099282203718
2020-03-18,-0.999689476677357,-0.9991099282203718
2020-03-19,-0.999689476677357,-0.9991099282203718
2020-03-20,-0.999689476677357,-0.9991099282203718
2020-03-23,-0.999689476677357,-0.9991099282203718
2020-03-24,-0.999689476677357,-0.9991099282203718
2020-03-25,-0.999689476677357,-0.9991099282203718
2020-03-26,-0.999689476677357,-0.9991099282203718
2020-03-27,-0.999689476677357,-0.9991099282203718
2020-03-30,-0.999689476677357,-0.9991099282203718
2020-03-31,-1.1884486206542,-0.7737676090495448
2020-04-01,-0.999780253079583,-0.9985173318485969
2020-04-02,-0.999780253079583,-0.9985173318657958
2020-04-03,-0.999780253079583,-0.9985173318657958
2020-04-06,-0.999780253079583,-0.9985173318657958
2020-04-07,-0.999780253079583,-0.9985173318657958
2020-04-08,-0.999780253079583,-0.9985173318657958
2020-04-09,-0.999780253079583,-0.9985173318657958
2020-04-10,-0.999780253079583,-0.9985173318657958
2020-04-13,-0.999780253079583,-0.9985173318657958
2020-04-14,-0.999780253079583,-0.9985173318657958
2020-04-15,-0.999780253079583,-0.9985173318657958
2020-04-16,-0.999780253079583,-0.9985173318657958
2020-04-17,-0.999780253079583,-0.9985173318657958
2020-04-20,-0.999780253079583,-0.9985173318657958
2020-04-21,-0.999780253079583,-0.9985173318657958
2020-04-22,-0.999780253079583,-0.9985173318657958
2020-04-23,-0.999780253079583,-0.9985173318657958
2020-04-24,-0.999780253079583,-0.9985173318657958
2020-04-27,-0.999780253079583,-0.9985173318657958
2020-04-28,-0.999780253079583,-0.9985173318657958
2020-04-29,-0.999780253079583,-0.9985173318657958
2020-04-30,-0.9412609069061567,-1.3769454201152505
2020-05-01,-0.9997520903044227,-0.9992194878408011
2020-05-04,-0.9997520903044227,-0.9992194878285543
2020-05-05,-0.9997520903044227,-0.9992194878285543
2020-05-06,-0.9997520903044227,-0.9992194878285543
2020-05-07,-0.9997520903044227,-0.9992194878285543
2020-05-08,-0.9997520903044227,-0.9992194878285543
2020-05-11,-0.9997520903044227,-0.9992194878285543
2020-05-12,-0.9997520903044227,-0.9992194878285543
2020-05-13,-0.9997520903044227,-0.9992194878285543
2020-05-14,-0.9997520903044227,-0.9992194878285543
2020-05-15,-0.9997520903044227,-0.9992194878285543
2020-05-18,-0.9997520903044227,-0.9992194878285543
2020-05-19,-0.9997520903044227,-0.9992194878285543
2020-05-20,-0.9997520903044227,-0.9992194878285543
2020-05-21,-0.9997520903044227,-0.9992194878285543
2020-05-22,-0.9997520903044227,-0.9992194878285543
2020-05-25,-0.9997520903044227,-0.9992194878285543
2020-05-26,-0.9997520903044227,-0.9992194878285543
2020-05-27,-0.9997520903044227,-0.9992194878285543
2020-05-28,-0.9997520903044227,-0.9992194878285543
2020-05-29,-0.9997520903044227,-0.9992194878285543
2020-06-01,-1.078192406921453,-0.6014607899364985
2020-06-02,-0.9997868387499775,-0.9978502231062248
2020-06-03,-0.9997868387499775,-0.9978502231514983
2020-06-04,-0.9997868387499775,-0.9978502231514983
2020-06-05,-0.9997868387499775,-0.9978502231514983
2020-06-08,-0.9997868387499775,-0.9978502231514983
2020-06-09,-0.9997868387499775,-0.9978502231514983
2020-06-10,-0.9997868387499775,-0.9978502231514983
2020-06-11,-0.9997868387499775,-0.9978502231514983
2020-06-12,-0.9997868387499775,-0.9978502231514983
2020-06-15,-0.9997868387499775,-0.9978502231514983
2020-06-16,-0.9997868387499775,-0.9978502231514983
2020-06-17,-0.9997868387499775,-0.9978502231514983
2020-06-18,-0.9997868387499775,-0.9978502231514983
2020-06-19,-0.9997868387499775,-0.9978502231514983
2020-06-22,-0.9997868387499775,-0.9978502231514983
2020-06-23,-0.9997868387499775,-0.9978502231514983
2020-06-24,-0.9997868387499775,-0.9978502231514983
2020-06-25,-0.9997868387499775,-0.9978502231514983
2020-06-26,-0.9997868387499775,-0.9978502231514983
2020-06-29,-0.9997868387499775,-0.9978502231514983
2020-06-30,-1.0660112997958102,-0.6678575775553944
2020-07-01,-0.9998124935596825,-0.9952199112392789
2020-07-02,-0.9998124935596825,-0.9952199112707295
2020-07-03,-0.9998124935596825,-0.9952199112707295
2020-07-06,-0.9998124935596825,-0.9952199112707295
2020-07-07,-0.9998124935596825,-0.9952199112707295
2020-07-08,-0.9998124935596825,-0.9952199112707295
2020-07-09,-0.9998124935596825,-0.9952199112707295
2020-07-10,-0.9998124935596825,-0.9952199112707295
2020-07-13,-0.9998124935596825,-0.9952199112707295
2020-07-14,-0.9998124935596825,-0.9952199112707295
2020-07-15,-0.9998124935596825,-0.9952199112707295
2020-07-16,-0.9998124935596825,-0.9952199112707295
2020-07-17,-0.9998124935596825,-0.9952199112707295
2020-07-20,-0.9998124935596825,-0.9952199112707295
2020-07-21,-0.9998124935596825,-0.9952199112707295
2020-07-22,-0.9998124935596825,-0.9952199112707295
2020-07-23,-0.9998124935596825,-0.9952199112707295
2020-07-24,-0.9998124935596825,-0.9952199112707295
2020-07-27,-0.9998124935596825,-0.9952199112707295
2020-07-28,-0.9998124935596825,-0.9952199112707295
2020-07-29,-0.9998124935596825,-0.9952199112707295
2020-07-30,-0.9998124935596825,-0.9952199112707295
2020-07-31,-0.988017518204164,0.5361736343075997
2020-08-03,-0.9998079912217632,0.983813951083509
2020-08-04,-0.9998079912217632,0.983813951143794
2020-08-05,-0.9998079912217632,0.983813951143794
2020-08-06,-0.9998079912217632,0.983813951143794
2020-08-07,-0.9998079912217632,0.983813951143794
2020-08-10,-0.9998079912217632,0.983813951143794
2020-08-11,-0.9998079912217632,0.983813951143794
2020-08-12,-0.9998079912217632,0.983813951143794
2020-08-13,-0.9998079912217632,0.983813951143794
2020-08-14,-0.9998079912217632,0.983813951143794
2020-08-17,-0.9998079912217632,0.983813951143794
2020-08-18,-0.9998079912217632,0.983813951143794
2020-08-19,-0.9998079912217632,0.983813951143794
2020-08-20,-0.9998079912217632,0.983813951143794
2020-08-21,-0.9998079912217632,0.983813951143794
2020-08-24,-0.9998079912217632,0.983813951143794
2020-08-25,-0.9998079912217632,0.983813951143794
2020-08-26,-0.9998079912217632,0.983813951143794
2020-08-27,-0.9998079912217632,0.983813951143794
2020-08-28,-0.9998079912217632,0.983813951143794
2020-08-31,-0.9669466170038435,0.5981077459997554
2020-09-01,-0.9997947228311854,0.9579317429385691
2020-09-02,-0.9997947228311854,0.9579317429773863
2020-09-03,-0.9997947228311854,0.9579317429773863
2020-09-04,-0.9997947228311854,0.9579317429773863
2020-09-07,-0.9997947228311854,0.9579317429773863
2020-09-08,-0.9997947228311854,0.9579317429773863
2020-09-09,-0.9997947228311854,0.9579317429773863
2020-09-10,-0.9997947228311854,0.9579317429773863
2020-09-11,-0.9997947228311854,0.9579317429773863
2020-09-14,-0.9997947228311854,0.9579317429773863
2020-09-15,-0.9997947228311854,0.9579317429773863
2020-09-16,-0.9997947228311854,0.9579317429773863
2020-09-17,-0.9997947228311854,0.9579317429773863
2020-09-18,-0.9997947228311854,0.9579317429773863
2020-09-21,-0.9997947228311854,0.9579317429773863
2020-09-22,-0.9997947228311854,0.9579317429773863
2020-09-23,-0.9997947228311854,0.9579317429773863
2020-09-24,-0.9997947228311854,0.9579317429773863
2020-09-25,-0.9997947228311854,0.9579317429773863
2020-09-28,-0.9997947228311854,0.9579317429773863
2020-09-29,-0.9997947228311854,0.9579317429773863
2020-09-30,-1.0563829465003838,-0.4803378101297546
2020-10-01,-0.9998161204176571,-0.8584427785060988
2020-10-02,-0.9998161204176571,-0.8584427785548604
2020-10-05,-0.9998161204176571,-0.8584427785548604
2020-10-06,-0.9998161204176571,-0.8584427785548604
2020-10-07,-0.9998161204176571,-0.8584427785548604
2020-10-08,-0.9998161204176571,-0.8584427785548604
2020-10-09,-0.9998161204176571,-0.8584427785548604
2020-10-12,-0.9998161204176571,-0.8584427785548604
2020-10-13,-0.9998161204176571,-0.8584427785548604
2020-10-14,-0.9998161204176571,-0.8584427785548604
2020-10-15,-0.9998161204176571,-0.8584427785548604
2020-10-16,-0.9998161204176571,-0.8584427785548604
2020-10-19,-0.9998161204176571,-0.8584427785548604
2020-10-20,-0.9998161204176571,-0.8584427785548604
2020-10-21,-0.9998161204176571,-0.8584427785548604
2020-10-22,-0.9998161204176571,-0.8584427785548604
2020-10-23,-0.9998161204176571,-0.8584427785548604
2020-10-26,-0.9998161204176571,-0.8584427785548604
2020-10-27,-0.9998161204176571,-0.8584427785548604
2020-10-28,-0.9998161204176571,-0.8584427785548604
2020-10-29,-0.9998161204176571,-0.8584427785548604
2020-10-30,-0.9998161204176571,-0.8584427785548604
2020-11-02,-1.0180879916804664,-3.2507870291574377
2020-11-03,-0.9998226597121418,-0.9877804112118959
2020-11-04,-0.9998226597121418,-0.9877804111886831
2020-11-05,-0.9998226597121418,-0.9877804111886831
2020-11-06,-0.9998226597121418,-0.9877804111886831
2020-11-09,-0.9998226597121418,-0.9877804111886831
2020-11-10,-0.9998226597121418,-0.9877804111886831
2020-11-11,-0.9998226597121418,-0.9877804111886831
2020-11-12,-0.9998226597121418,-0.9877804111886831
2020-11-13,-0.9998226597121418,-0.9877804111886831
2020-11-16,-0.9998226597121418,-0.9877804111886831
2020-11-17,-0.9998226597121418,-0.9877804111886831
2020-11-18,-0.9998226597121418,-0.9877804111886831
2020-11-19,-0.9998226597121418,-0.9877804111886831
2020-11-20,-0.9998226597121418,-0.9877804111886831
2020-11-23,-0.9998226597121418,-0.9877804111886831
2020-11-24,-0.9998226597121418,-0.9877804111886831
2020-11-25,-0.9998226597121418,-0.9877804111886831
2020-11-26,-0.9998226597121418,-0.9877804111886831
2020-11-27,-0.9998226597121418,-0.9877804111886831
2020-11-30,-0.9965991134000791,0.02091748293294925
2020-12-01,-0.9998215109335228,0.13302099405279616
2020-12-02,-0.9998215109335228,0.13302099418862923
2020-12-03,-0.9998215109335228,0.13302099418862923
2020-12-04,-0.9998215109335228,0.13302099418862923
2020-12-07,-0.9998215109335228,0.13302099418862923
2020-12-08,-0.9998215109335228,0.13302099418862923
2020-12-09,-0.9998215109335228,0.13302099418862923
2020-12-10,-0.9998215109335228,0.13302099418862923
2020-12-11,-0.9998215109335228,0.13302099418862923
2020-12-14,-0.9998215109335228,0.13302099418862923
2020-12-15,-0.9998215109335228,0.13302099418862923
2020-12-16,-0.9998215109335228,0.13302099418862923
2020-12-17,-0.9998215109335228,0.13302099418862923
2020-12-18,-0.9998215109335228,0.13302099418862923
2020-12-21,-0.9998215109335228,0.13302099418862923
2020-12-22,-0.9998215109335228,0.13302099418862923
2020-12-23,-0.9998215109335228,0.13302099418862923
2020-12-24,-0.9998215109335228,0.13302099418862923
2020-12-25,-0.9998215109335228,0.13302099418862923
2020-12-28,-0.9998215109335228,0.13302099418862923
2020-12-29,-0.9998215109335228,0.13302099418862923
2020-12-30,-0.9998215109335228,0.13302099418862923
2020-12-31,-1.0108201565480117,7.964298455947149
2021-01-01,-0.999825373037403,0.9923455731683788
2021-01-04,-0.999825373037403,0.9923455731430856
2021-01-05,-0.999825373037403,0.9923455731430856
2021-01-06,-0.999825373037403,0.9923455731430856
2021-01-07,-0.999825373037403,0.9923455731430856
2021-01-08,-0.999825373037403,0.9923455731430856
2021-01-11,-0.999825373037403,0.9923455731430856
2021-01-12,-0.999825373037403,0.9923455731430856
2021-01-13,-0.999825373037403,0.9923455731430856
2021-01-14,-0.999825373037403,0.9923455731430856
2021-01-15,-0.999825373037403,0.9923455731430856
2021-01-18,-0.999825373037403,0.9923455731430856
2021-01-19,-0.999825373037403,0.9923455731430856
2021-01-20,-0.999825373037403,0.9923455731430856
2021-01-21,-0.999825373037403,0.9923455731430856
2021-01-22,-0.999825373037403,0.9923455731430856
2021-01-25,-0.999825373037403,0.9923455731430856
2021-01-26,-0.999825373037403,0.9923455731430856
2021-01-27,-0.999825373037403,0.9923455731430856
2021-01-28,-0.999825373037403,0.9923455731430856
2021-01-29,-0.999825373037403,0.9923455731430856
2021-02-01,-0.9714880124991999,0.1107839440686026
2021-02-02,-0.9998150399292655,0.6677689268400423
2021-02-03,-0.9998150399292655,0.6677689274509027
2021-02-04,-0.9998150399292655,0.6677689274509027
2021-02-05,-0.9998150399292655,0.6677689274509027
2021-02-08,-0.9998150399292655,0.6677689274509027
2021-02-09,-0.9998150399292655,0.6677689274509027
2021-02-10,-0.9998150399292655,0.6677689274509027
2021-02-11,-0.9998150399292655,0.6677689274509027
2021-02-12,-0.9998150399292655,0.6677689274509027
2021-02-15,-0.9998150399292655,0.6677689274509027
2021-02-16,-0.9998150399292655,0.6677689274509027
2021-02-17,-0.9998150399292655,0.6677689274509027
2021-02-18,-0.9998150399292655,0.6677689274509027
2021-02-19,-0.9998150399292655,0.6677689274509027
2021-02-22,-0.9998150399292655,0.6677689274509027
2021-02-23,-0.9998150399292655,0.6677689274509027
2021-02-24,-0.9998150399292655,0.6677689274509027
2021-02-25,-0.9998150399292655,0.6677689274509027
2021-02-26,-0.9998150399292655,0.6677689274509027
2021-03-01,-0.9546132802317975,3.260090026684648
2021-03-02,-0.9997971146492408,0.9749101103245291
2021-03-03,-0.9997971146492408,0.9749101103015456
2021-03-04,-0.9997971146492408,0.9749101103015456
2021-03-05,-0.9997971146492408,0.9749101103015456
2021-03-08,-0.9997971146492408,0.9749101103015456
2021-03-09,-0.9997971146492408,0.9749101103015456
2021-03-10,-0.9997971146492408,0.9749101103015456
2021-03-11,-0.9997971146492408,0.9749101103015456
2021-03-12,-0.9997971146492408,0.9749101103015456
2021-03-15,-0.9997971146492408,0.9749101103015456
2021-03-16,-0.9997971146492408,0.9749101103015456
2021-03-17,-0.9997971146492408,0.9749101103015456
2021-03-18,-0.9997971146492408,0.9749101103015456
2021-03-19,-0.9997971146492408,0.9749101103015456
2021-03-22,-0.9997971146492408,0.9749101103015456
2021-03-23,-0.9997971146492408,0.9749101103015456
2021-03-24,-0.9997971146492408,0.9749101103015456
2021-03-25,-0.9997971146492408,0.9749101103015456
2021-03-26,-0.9997971146492408,0.9749101103015456
2021-03-29,-0.9997971146492408,0.9749101103015456
2021-03-30,-0.9997971146492408,0.9749101103015456
2021-03-31,-0.9149153336810857,-1.2223843312781506
2021-04-01,-0.999757737063621,-0.9838206890643173
2021-04-02,-0.999757737063621,-0.9838206890553453
2021-04-05,-0.999757737063621,-0.9838206890553453
2021-04-06,-0.999757737063621,-0.9838206890553453
2021-04-07,-0.999757737063621,-0.9838206890553453
2021-04-08,-0.999757737063621,-0.9838206890553453
2021-04-09,-0.999757737063621,-0.9838206890553453
2021-04-12,-0.999757737063621,-0.9838206890553453
2021-04-13,-0.999757737063621,-0.9838206890553453
2021-04-14,-0.999757737063621,-0.9838206890553453
2021-04-15,-0.999757737063621,-0.9838206890553453
2021-04-16,-0.999757737063621,-0.9838206890553453
2021-04-19,-0.999757737063621,-0.9838206890553453
2021-04-20,-0.999757737063621,-0.9838206890553453
2021-04-21,-0.999757737063621,-0.9838206890553453
2021-04-22,-0.999757737063621,-0.9838206890553453
2021-04-23,-0.999757737063621,-0.9838206890553453
2021-04-26,-0.999757737063621,-0.9838206890553453
2021-04-27,-0.999757737063621,-0.9838206890553453
2021-04-28,-0.999757737063621,-0.9838206890553453
2021-04-29,-0.999757737063621,-0.9838206890553453
2021-04-30,-1.109514022074582,1.0413721207580688
2021-05-03,-0.9998032835798631,0.9855220028064025
2021-05-04,-0.9998032835798631,0.9855220028037389
2021-05-05,-0.9998032835798631,0.9855220028037389
2021-05-06,-0.9998032835798631,0.9855220028037389
2021-05-07,-0.9998032835798631,0.9855220028037389
2021-05-10,-0.9998032835798631,0.9855220028037389
2021-05-11,-0.9998032835798631,0.9855220028037389
2021-05-12,-0.9998032835798631,0.9855220028037389
2021-05-13,-0.9998032835798631,0.9855220028037389
2021-05-14,-0.9998032835798631,0.9855220028037389
2021-05-17,-0.9998032835798631,0.9855220028037389
2021-05-18,-0.9998032835798631,0.9855220028037389
2021-05-19,-0.9998032835798631,0.9855220028037389
2021-05-20,-0.9998032835798631,0.9855220028037389
2021-05-21,-0.9998032835798631,0.9855220028037389
2021-05-24,-0.9998032835798631,0.9855220028037389
2021-05-25,-0.9998032835798631,0.9855220028037389
2021-05-26,-0.9998032835798631,0.9855220028037389
2021-05-27,-0.9998032835798631,0.9855220028037389
2021-05-28,-0.9998032835798631,0.9855220028037389
2021-05-31,-0.976473217542766,0.8422573463077988
2021-06-01,-0.9997937742643047,0.9803345612866103
2021-06-02,-0.9997937742643047,0.9803345612956142
2021-06-03,-0.9997937742643047,0.9803345612956142
2021-06-04,-0.9997937742643047,0.9803345612956142
2021-06-07,-0.9997937742643047,0.9803345612956142
2021-06-08,-0.9997937742643047,0.9803345612956142
2021-06-09,-0.9997937742643047,0.9803345612956142
2021-06-10,-0.9997937742643047,0.9803345612956142
2021-06-11,-0.9997937742643047,0.9803345612956142
2021-06-14,-0.9997937742643047,0.9803345612956142
2021-06-15,-0.9997937742643047,0.9803345612956142
2021-06-16,-0.9997937742643047,0.9803345612956142
2021-06-17,-0.9997937742643047,0.9803345612956142
2021-06-18,-0.9997937742643047,0.9803345612956142
2021-06-21,-0.9997937742643047,0.9803345612956142
2021-06-22,-0.9997937742643047,0.9803345612956142
2021-06-23,-0.9997937742643047,0.9803345612956142
2021-06-24,-0.9997937742643047,0.9803345612956142
2021-06-25,-0.9997937742643047,0.9803345612956142
2021-06-28,-0.9997937742643047,0.9803345612956142
2021-06-29,-0.9997937742643047,0.9803345612956142
2021-06-30,-1.0092177522461494,-0.07906048162573394
2021-07-01,-0.9997976065504746,-0.37189099515883217
2021-07-02,-0.9997976065504746,-0.3718909953622461
2021-07-05,-0.9997976065504746,-0.3718909953622461
2021-07-06,-0.9997976065504746,-0.3718909953622461
2021-07-07,-0.9997976065504746,-0.3718909953622461
2021-07-08,-0.9997976065504746,-0.3718909953622461
2021-07-09,-0.9997976065504746,-0.3718909953622461
2021-07-12,-0.9997976065504746,-0.3718909953622461
2021-07-13,-0.9997976065504746,-0.3718909953622461
2021-07-14,-0.9997976065504746,-0.3718909953622461
2021-07-15,-0.9997976065504746,-0.3718909953622461
2021-07-16,-0.9997976065504746,-0.3718909953622461
2021-07-19,-0.9997976065504746,-0.3718909953622461
2021-07-20,-0.9997976065504746,-0.3718909953622461
2021-07-21,-0.9997976065504746,-0.3718909953622461
2021-07-22,-0.9997976065504746,-0.3718909953622461
2021-07-23,-0.9997976065504746,-0.3718909953622461
2021-07-26,-0.9997976065504746,-0.3718909953622461
2021-07-27,-0.9997976065504746,-0.3718909953622461
2021-07-28,-0.9997976065504746,-0.3718909953622461
2021-07-29,-0.9997976065504746,-0.3718909953622461
2021-07-30,-0.9997976065504746,-0.3718909953622461
2021-08-02,-0.9997361118503104,-2.4146856827625873
2021-08-03,-0.9997975816584491,-0.9334037277656104
2021-08-04,-0.9997975816584491,-0.9334037277450554
2021-08-05,-0.9997975816584491,-0.9334037277450554
2021-08-06,-0.9997975816584491,-0.9334037277450554
2021-08-09,-0.9997975816584491,-0.9334037277450554
2021-08-10,-0.9997975816584491,-0.9334037277450554
2021-08-11,-0.9997975816584491,-0.9334037277450554
2021-08-12,-0.9997975816584491,-0.9334037277450554
2021-08-13,-0.9997975816584491,-0.9334037277450554
2021-08-16,-0.9997975816584491,-0.9334037277450554
2021-08-17,-0.9997975816584491,-0.9334037277450554
2021-08-18,-0.9997975816584491,-0.9334037277450554
2021-08-19,-0.9997975816584491,-0.9334037277450554
2021-08-20,-0.9997975816584491,-0.9334037277450554
2021-08-23,-0.9997975816584491,-0.9334037277450554
2021-08-24,-0.9997975816584491,-0.9334037277450554
2021-08-25,-0.9997975816584491,-0.9334037277450554
2021-08-26,-0.9997975816584491,-0.9334037277450554
2021-08-27,-0.9997975816584491,-0.9334037277450554
2021-08-30,-0.9997975816584491,-0.9334037277450554
2021-08-31,-0.9740576718784597,-1.914382037299578
2021-09-01,-0.999786745785441,-0.9828832245650381
2021-09-02,-0.999786745785441,-0.9828832245462987
2021-09-03,-0.999786745785441,-0.9828832245462987
2021-09-06,-0.999786745785441,-0.9828832245462987
2021-09-07,-0.999786745785441,-0.9828832245462987
2021-09-08,-0.999786745785441,-0.9828832245462987
2021-09-09,-0.999786745785441,-0.9828832245462987
2021-09-10,-0.999786745785441,-0.9828832245462987
2021-09-13,-0.999786745785441,-0.9828832245462987
2021-09-14,-0.999786745785441,-0.9828832245462987
2021-09-15,-0.999786745785441,-0.9828832245462987
2021-09-16,-0.999786745785441,-0.9828832245462987
2021-09-17,-0.999786745785441,-0.9828832245462987
2021-09-20,-0.999786745785441,-0.9828832245462987
2021-09-21,-0.999786745785441,-0.9828832245462987
2021-09-22,-0.999786745785441,-0.9828832245462987
2021-09-23,-0.999786745785441,-0.9828832245462987
2021-09-24,-0.999786745785441,-0.9828832245462987
2021-09-27,-0.999786745785441,-0.9828832245462987
2021-09-28,-0.999786745785441,-0.9828832245462987
2021-09-29,-0.999786745785441,-0.9828832245462987
2021-09-30,-1.0401222929260854,-1.7334703631202406
2021-10-01,-0.9998029601225469,-0.9943998954519385
2021-10-04,-0.9998029601225469,-0.9943998954346651
2021-10-05,-0.9998029601225469,-0.9943998954346651
2021-10-06,-0.9998029601225469,-0.9943998954346651
2021-10-07,-0.9998029601225469,-0.9943998954346651
2021-10-08,-0.9998029601225469,-0.9943998954346651
2021-10-11,-0.9998029601225469,-0.9943998954346651
2021-10-12,-0.9998029601225469,-0.9943998954346651
2021-10-13,-0.9998029601225469,-0.9943998954346651
2021-10-14,-0.9998029601225469,-0.9943998954346651
2021-10-15,-0.9998029601225469,-0.9943998954346651
2021-10-18,-0.9998029601225469,-0.9943998954346651
2021-10-19,-0.9998029601225469,-0.9943998954346651
2021-10-20,-0.9998029601225469,-0.9943998954346651
2021-10-21,-0.9998029601225469,-0.9943998954346651
2021-10-22,-0.9998029601225469,-0.9943998954346651
2021-10-25,-0.9998029601225469,-0.9943998954346651
2021-10-26,-0.9998029601225469,-0.9943998954346651
2021-10-27,-0.9998029601225469,-0.9943998954346651
2021-10-28,-0.9998029601225469,-0.9943998954346651
2021-10-29,-0.9998029601225469,-0.9943998954346651
2021-11-01,-1.0147292617974888,-0.6829889539446817
2021-11-02,-0.999808712608552,-0.9882392083556886
2021-11-03,-0.999808712608552,-0.9882392083836695
2021-11-04,-0.999808712608552,-0.9882392083836695
2021-11-05,-0.999808712608552,-0.9882392083836695
2021-11-08,-0.999808712608552,-0.9882392083836695
2021-11-09,-0.999808712608552,-0.9882392083836695
2021-11-10,-0.999808712608552,-0.9882392083836695
2021-11-11,-0.999808712608552,-0.9882392083836695
2021-11-12,-0.999808712608552,-0.9882392083836695
2021-11-15,-0.999808712608552,-0.9882392083836695
2021-11-16,-0.999808712608552,-0.9882392083836695
2021-11-17,-0.999808712608552,-0.9882392083836695
2021-11-18,-0.999808712608552,-0.9882392083836695
2021-11-19,-0.999808712608552,-0.9882392083836695
2021-11-22,-0.999808712608552,-0.9882392083836695
2021-11-23,-0.999808712608552,-0.9882392083836695
2021-11-24,-0.999808712608552,-0.9882392083836695
2021-11-25,-0.999808712608552,-0.9882392083836695
2021-11-26,-0.999808712608552,-0.9882392083836695
2021-11-29,-0.999808712608552,-0.9882392083836695
2021-11-30,-1.01919498294778,-3.0442735277450512
2021-12-01,-0.9998159184257677,-0.9987408226753635
2021-12-02,-0.9998159184257677,-0.9987408226522889
2021-12-03,-0.9998159184257677,-0.9987408226522889
2021-12-06,-0.9998159184257677,-0.9987408226522889
2021-12-07,-0.9998159184257677,-0.9987408226522889
2021-12-08,-0.9998159184257677,-0.9987408226522889
2021-12-09,-0.9998159184257677,-0.9987408226522889
2021-12-10,-0.9998159184257677,-0.9987408226522889
2021-12-13,-0.9998159184257677,-0.9987408226522889
2021-12-14,-0.9998159184257677,-0.9987408226522889
2021-12-15,-0.9998159184257677,-0.9987408226522889
2021-12-16,-0.9998159184257677,-0.9987408226522889
2021-12-17,-0.9998159184257677,-0.9987408226522889
2021-12-20,-0.9998159184257677,-0.9987408226522889
2021-12-21,-0.9998159184257677,-0.9987408226522889
2021-12-22,-0.9998159184257677,-0.9987408226522889
2021-12-23,-0.9998159184257677,-0.9987408226522889
2021-12-24,-0.9998159184257677,-0.9987408226522889
2021-12-27,-0.9998159184257677,-0.9987408226522889
2021-12-28,-0.9998159184257677,-0.9987408226522889
2021-12-29,-0.9998159184257677,-0.9987408226522889
2021-12-30,-0.9998159184257677,-0.9987408226522889
2021-12-31,-0.9750988276562728,-0.877994106428989
2022-01-03,-0.9998064705826619,-0.998371572709567
2022-01-04,-0.9998064705826619,-0.9983715727171406
2022-01-05,-0.9998064705826619,-0.9983715727171406
2022-01-06,-0.9998064705826619,-0.9983715727171406
2022-01-07,-0.9998064705826619,-0.9983715727171406
2022-01-10,-0.9998064705826619,-0.9983715727171406
2022-01-11,-0.9998064705826619,-0.9983715727171406
2022-01-12,-0.9998064705826619,-0.9983715727171406
2022-01-13,-0.9998064705826619,-0.9983715727171406
2022-01-14,-0.9998064705826619,-0.9983715727171406
2022-01-17,-0.9998064705826619,-0.9983715727171406
2022-01-18,-0.9998064705826619,-0.9983715727171406
2022-01-19,-0.9998064705826619,-0.9983715727171406
2022-01-20,-0.9998064705826619,-0.9983715727171406
2022-01-21,-0.9998064705826619,-0.9983715727171406
2022-01-24,-0.9998064705826619,-0.9983715727171406
2022-01-25,-0.9998064705826619,-0.9983715727171406
2022-01-26,-0.9998064705826619,-0.9983715727171406
2022-01-27,-0.9998064705826619,-0.9983715727171406
2022-01-28,-0.9998064705826619,-0.9983715727171406
2022-01-31,-0.9746598826253962,-1.3650159246356575
2022-02-01,-0.9997963585855085,-0.9991278911183735
2022-02-02,-0.9997963585855085,-0.9991278911063646
2022-02-03,-0.9997963585855085,-0.9991278911063646
2022-02-04,-0.9997963585855085,-0.9991278911063646
2022-02-07,-0.9997963585855085,-0.9991278911063646
2022-02-08,-0.9997963585855085,-0.9991278911063646
2022-02-09,-0.9997963585855085,-0.9991278911063646
2022-02-10,-0.9997963585855085,-0.9991278911063646
2022-02-11,-0.9997963585855085,-0.9991278911063646
2022-02-14,-0.9997963585855085,-0.9991278911063646
2022-02-15,-0.9997963585855085,-0.9991278911063646
2022-02-16,-0.9997963585855085,-0.9991278911063646
2022-02-17,-0.9997963585855085,-0.9991278911063646
2022-02-18,-0.9997963585855085,-0.9991278911063646
2022-02-21,-0.9997963585855085,-0.9991278911063646
2022-02-22,-0.9997963585855085,-0.9991278911063646
2022-02-23,-0.9997963585855085,-0.9991278911063646
2022-02-24,-0.9997963585855085,-0.9991278911063646
2022-02-25,-0.9997963585855085,-0.9991278911063646
2022-02-28,-1.0575886390668663,-0.9827544916756732
2022-03-01,-0.999818000684615,-0.9990986286972653
2022-03-02,-0.999818000684615,-0.9990986286981328
2022-03-03,-0.999818000684615,-0.9990986286981328
2022-03-04,-0.999818000684615,-0.9990986286981328
2022-03-07,-0.999818000684615,-0.9990986286981328
2022-03-08,-0.999818000684615,-0.9990986286981328
2022-03-09,-0.999818000684615,-0.9990986286981328
2022-03-10,-0.999818000684615,-0.9990986286981328
2022-03-11,-0.999818000684615,-0.9990986286981328
2022-03-14,-0.999818000684615,-0.9990986286981328
2022-03-15,-0.999818000684615,-0.9990986286981328
2022-03-16,-0.999818000684615,-0.9990986286981328
2022-03-17,-0.999818000684615,-0.9990986286981328
2022-03-18,-0.999818000684615,-0.9990986286981328
2022-03-21,-0.999818000684615,-0.9990986286981328
2022-03-22,-0.999818000684615,-0.9990986286981328
2022-03-23,-0.999818000684615,-0.9990986286981328
2022-03-24,-0.999818000684615,-0.9990986286981328
2022-03-25,-0.999818000684615,-0.9990986286981328
2022-03-28,-0.999818000684615,-0.9990986286981328
2022-03-29,-0.999818000684615,-0.9990986286981328
2022-03-30,-0.999818000684615,-0.9990986286981328
2022-03-31,-1.0634974343171222,-0.7520140997010272
2022-04-01,-0.9998391383433404,-0.9984106494201496
2022-04-04,-0.9998391383433404,-0.9984106494398635
2022-04-05,-0.9998391383433404,-0.9984106494398635
2022-04-06,-0.9998391383433404,-0.9984106494398635
2022-04-07,-0.9998391383433404,-0.9984106494398635
2022-04-08,-0.9998391383433404,-0.9984106494398635
2022-04-11,-0.9998391383433404,-0.9984106494398635
2022-04-12,-0.9998391383433404,-0.9984106494398635
2022-04-13,-0.9998391383433404,-0.9984106494398635
2022-04-14,-0.9998391383433404,-0.9984106494398635
2022-04-15,-0.9998391383433404,-0.9984106494398635
2022-04-18,-0.9998391383433404,-0.9984106494398635
2022-04-19,-0.9998391383433404,-0.9984106494398635
2022-04-20,-0.9998391383433404,-0.9984106494398635
2022-04-21,-0.9998391383433404,-0.9984106494398635
2022-04-22,-0.9998391383433404,-0.9984106494398635
2022-04-25,-0.9998391383433404,-0.9984106494398635
2022-04-26,-0.9998391383433404,-0.9984106494398635
2022-04-27,-0.9998391383433404,-0.9984106494398635
2022-04-28,-0.9998391383433404,-0.9984106494398635
2022-04-29,-0.9998391383433404,-0.9984106494398635
2022-05-02,-0.9441180797386919,-1.5986409264919
2022-05-03,-0.9998195954690887,-0.9993791768438387
2022-05-04,-0.9998195954690887,-0.9993791768280761
2022-05-05,-0.9998195954690887,-0.9993791768280761
2022-05-06,-0.9998195954690887,-0.9993791768280761
2022-05-09,-0.9998195954690887,-0.9993791768280761
2022-05-10,-0.9998195954690887,-0.9993791768280761
2022-05-11,-0.9998195954690887,-0.9993791768280761
2022-05-12,-0.9998195954690887,-0.9993791768280761
2022-05-13,-0.9998195954690887,-0.9993791768280761
2022-05-16,-0.9998195954690887,-0.9993791768280761
2022-05-17,-0.9998195954690887,-0.9993791768280761
2022-05-18,-0.9998195954690887,-0.9993791768280761
2022-05-19,-0.9998195954690887,-0.9993791768280761
2022-05-20,-0.9998195954690887,-0.9993791768280761
2022-05-23,-0.9998195954690887,-0.9993791768280761
2022-05-24,-0.9998195954690887,-0.9993791768280761
2022-05-25,-0.9998195954690887,-0.9993791768280761
2022-05-26,-0.9998195954690887,-0.9993791768280761
2022-05-27,-0.9998195954690887,-0.9993791768280761
2022-05-30,-0.9998195954690887,-0.9993791768280761
2022-05-31,-1.0384179204528052,-0.6597433467354858
2022-06-01,-0.9998327543023312,-0.9985771619322404
2022-06-02,-0.9998327543023312,-0.9985771619656157
2022-06-03,-0.9998327543023312,-0.9985771619656157
2022-06-06,-0.9998327543023312,-0.9985771619656157
2022-06-07,-0.9998327543023312,-0.9985771619656157
2022-06-08,-0.9998327543023312,-0.9985771619656157
2022-06-09,-0.9998327543023312,-0.9985771619656157
2022-06-10,-0.9998327543023312,-0.9985771619656157
2022-06-13,-0.9998327543023312,-0.9985771619656157
2022-06-14,-0.9998327543023312,-0.9985771619656157
2022-06-15,-0.9998327543023312,-0.9985771619656157
2022-06-16,-0.9998327543023312,-0.9985771619656157
2022-06-17,-0.9998327543023312,-0.9985771619656157
2022-06-20,-0.9998327543023312,-0.9985771619656157
2022-06-21,-0.9998327543023312,-0.9985771619656157
2022-06-22,-0.9998327543023312,-0.9985771619656157
2022-06-23,-0.9998327543023312,-0.9985771619656157
2022-06-24,-0.9998327543023312,-0.9985771619656157
2022-06-27,-0.9998327543023312,-0.9985771619656157
2022-06-28,-0.9998327543023312,-0.9985771619656157
2022-06-29,-0.9998327543023312,-0.9985771619656157
2022-06-30,-1.0914699877773704,-1.225682814162463
2022-07-01,-0.9998596528480983,-0.9990549078658731
2022-07-04,-0.9998596528480983,-0.9990549078571923
2022-07-05,-0.9998596528480983,-0.9990549078571923
2022-07-06,-0.9998596528480983,-0.9990549078571923
2022-07-07,-0.9998596528480983,-0.9990549078571923
2022-07-08,-0.9998596528480983,-0.9990549078571923
2022-07-11,-0.9998596528480983,-0.9990549078571923
2022-07-12,-0.9998596528480983,-0.9990549078571923
2022-07-13,-0.9998596528480983,-0.9990549078571923
2022-07-14,-0.9998596528480983,-0.9990549078571923
2022-07-15,-0.9998596528480983,-0.9990549078571923
2022-07-18,-0.9998596528480983,-0.9990549078571923
2022-07-19,-0.9998596528480983,-0.9990549078571923
2022-07-20,-0.9998596528480983,-0.9990549078571923
2022-07-21,-0.9998596528480983,-0.9990549078571923
2022-07-22,-0.9998596528480983,-0.9990549078571923
2022-07-25,-0.9998596528480983,-0.9990549078571923
2022-07-26,-0.9998596528480983,-0.9990549078571923
2022-07-27,-0.9998596528480983,-0.9990549078571923
2022-07-28,-0.9998596528480983,-0.9990549078571923
2022-07-29,-0.9998596528480983,-0.9990549078571923
2022-08-01,-0.9451356383248558,-1.4865754898323646
2022-08-02,-0.999842933878725,-0.999572814545966
2022-08-03,-0.999842933878725,-0.9995728145317874
2022-08-04,-0.999842933878725,-0.9995728145317874
2022-08-05,-0.999842933878725,-0.9995728145317874
2022-08-08,-0.999842933878725,-0.9995728145317874
2022-08-09,-0.999842933878725,-0.9995728145317874
2022-08-10,-0.999842933878725,-0.9995728145317874
2022-08-11,-0.999842933878725,-0.9995728145317874
2022-08-12,-0.999842933878725,-0.9995728145317874
2022-08-15,-0.999842933878725,-0.9995728145317874
2022-08-16,-0.999842933878725,-0.9995728145317874
2022-08-17,-0.999842933878725,-0.9995728145317874
2022-08-18,-0.999842933878725,-0.9995728145317874
2022-08-19,-0.999842933878725,-0.9995728145317874
2022-08-22,-0.999842933878725,-0.9995728145317874
2022-08-23,-0.999842933878725,-0.9995728145317874
2022-08-24,-0.999842933878725,-0.9995728145317874
2022-08-25,-0.999842933878725,-0.9995728145317874
2022-08-26,-0.999842933878725,-0.9995728145317874
2022-08-29,-0.999842933878725,-0.9995728145317874
2022-08-30,-0.999842933878725,-0.9995728145317874
2022-08-31,-1.0340410884095785,-0.9422042407258481
2022-09-01,-0.9998531489196575,-0.9995192488331813
2022-09-02,-0.9998531489196575,-0.9995192488364254
2022-09-05,-0.9998531489196575,-0.9995192488364254
2022-09-06,-0.9998531489196575,-0.9995192488364254
2022-09-07,-0.9998531489196575,-0.9995192488364254
2022-09-08,-0.9998531489196575,-0.9995192488364254
2022-09-09,-0.9998531489196575,-0.9995192488364254
2022-09-12,-0.9998531489196575,-0.9995192488364254
2022-09-13,-0.9998531489196575,-0.9995192488364254
2022-09-14,-0.9998531489196575,-0.9995192488364254
2022-09-15,-0.9998531489196575,-0.9995192488364254
2022-09-16,-0.9998531489196575,-0.9995192488364254
2022-09-19,-0.9998531489196575,-0.9995192488364254
2022-09-20,-0.9998531489196575,-0.9995192488364254
2022-09-21,-0.9998531489196575,-0.9995192488364254
2022-09-22,-0.9998531489196575,-0.9995192488364254
2022-09-23,-0.9998531489196575,-0.9995192488364254
2022-09-26,-0.9998531489196575,-0.9995192488364254
2022-09-27,-0.9998531489196575,-0.9995192488364254
2022-09-28,-0.9998531489196575,-0.9995192488364254
2022-09-29,-0.9998531489196575,-0.9995192488364254
2022-09-30,-1.0651309439959118,-0.924099170210668
2022-10-03,-0.9998705938413482,-0.9994376426898592
2022-10-04,-0.9998705938413482,-0.9994376426942502
2022-10-05,-0.9998705938413482,-0.9994376426942502
2022-10-06,-0.9998705938413482,-0.9994376426942502
2022-10-07,-0.9998705938413482,-0.9994376426942502
2022-10-10,-0.9998705938413482,-0.9994376426942502
2022-10-11,-0.9998705938413482,-0.9994376426942502
2022-10-12,-0.9998705938413482,-0.9994376426942502
2022-10-13,-0.9998705938413482,-0.9994376426942502
2022-10-14,-0.9998705938413482,-0.9994376426942502
2022-10-17,-0.9998705938413482,-0.9994376426942502
2022-10-18,-0.9998705938413482,-0.9994376426942502
2022-10-19,-0.9998705938413482,-0.9994376426942502
2022-10-20,-0.9998705938413482,-0.9994376426942502
2022-10-21,-0.9998705938413482,-0.9994376426942502
2022-10-24,-0.9998705938413482,-0.9994376426942502
2022-10-25,-0.9998705938413482,-0.9994376426942502
2022-10-26,-0.9998705938413482,-0.9994376426942502
2022-10-27,-0.9998705938413482,-0.9994376426942502
2022-10-28,-0.9998705938413482,-0.9994376426942502
2022-10-31,-0.939602632960375,-0.6969812221928932
2022-11-01,-0.9998534644742619,-0.9988446993176044
2022-11-02,-0.9998534644742619,-0.9988446993448554
2022-11-03,-0.9998534644742619,-0.9988446993448554
2022-11-04,-0.9998534644742619,-0.9988446993448554
2022-11-07,-0.9998534644742619,-0.9988446993448554
2022-11-08,-0.9998534644742619,-0.9988446993448554
2022-11-09,-0.9998534644742619,-0.9988446993448554
2022-11-10,-0.9998534644742619,-0.9988446993448554
2022-11-11,-0.9998534644742619,-0.9988446993448554
2022-11-14,-0.9998534644742619,-0.9988446993448554
2022-11-15,-0.9998534644742619,-0.9988446993448554
2022-11-16,-0.9998534644742619,-0.9988446993448554
2022-11-17,-0.9998534644742619,-0.9988446993448554
2022-11-18,-0.9998534644742619,-0.9988446993448554
2022-11-21,-0.9998534644742619,-0.9988446993448554
2022-11-22,-0.9998534644742619,-0.9988446993448554
2022-11-23,-0.9998534644742619,-0.9988446993448554
2022-11-24,-0.9998534644742619,-0.9988446993448554
2022-11-25,-0.9998534644742619,-0.9988446993448554
2022-11-28,-0.9998534644742619,-0.9988446993448554
2022-11-29,-0.9998534644742619,-0.9988446993448554
2022-11-30,-1.0357585691407623,-0.8734149835273628
2022-12-01,-0.9998634457970687,-0.9984898566182039
2022-12-02,-0.9998634457970687,-0.9984898566261379
2022-12-05,-0.9998634457970687,-0.9984898566261379
2022-12-06,-0.9998634457970687,-0.9984898566261379
2022-12-07,-0.9998634457970687,-0.9984898566261379
2022-12-08,-0.9998634457970687,-0.9984898566261379
2022-12-09,-0.9998634457970687,-0.9984898566261379
2022-12-12,-0.9998634457970687,-0.9984898566261379
2022-12-13,-0.9998634457970687,-0.9984898566261379
2022-12-14,-0.9998634457970687,-0.9984898566261379
2022-12-15,-0.9998634457970687,-0.9984898566261379
2022-12-16,-0.9998634457970687,-0.9984898566261379
2022-12-19,-0.9998634457970687,-0.9984898566261379
2022-12-20,-0.9998634457970687,-0.9984898566261379
2022-12-21,-0.9998634457970687,-0.9984898566261379
2022-12-22,-0.9998634457970687,-0.9984898566261379
2022-12-23,-0.9998634457970687,-0.9984898566261379
2022-12-26,-0.9998634457970687,-0.9984898566261379
2022-12-27,-0.9998634457970687,-0.9984898566261379
2022-12-28,-0.9998634457970687,-0.9984898566261379
2022-12-29,-0.9998634457970687,-0.9984898566261379
2022-12-30,-0.9998634457970687,-0.9984898566261379
2023-01-02,-1.0861434441578561,-0.7419243484921706
2023-01-03,-0.9998842754088992,-0.9972698309915699
2023-01-04,-0.9998842754088992,-0.9972698310124006
2023-01-05,-0.9998842754088992,-0.9972698310124006
2023-01-06,-0.9998842754088992,-0.9972698310124006
2023-01-09,-0.9998842754088992,-0.9972698310124006
2023-01-10,-0.9998842754088992,-0.9972698310124006
2023-01-11,-0.9998842754088992,-0.9972698310124006
2023-01-12,-0.9998842754088992,-0.9972698310124006
2023-01-13,-0.9998842754088992,-0.9972698310124006
2023-01-16,-0.9998842754088992,-0.9972698310124006
2023-01-17,-0.9998842754088992,-0.9972698310124006
2023-01-18,-0.9998842754088992,-0.9972698310124006
2023-01-19,-0.9998842754088992,-0.9972698310124006
2023-01-20,-0.9998842754088992,-0.9972698310124006
2023-01-23,-0.9998842754088992,-0.9972698310124006
2023-01-24,-0.9998842754088992,-0.9972698310124006
2023-01-25,-0.9998842754088992,-0.9972698310124006
2023-01-26,-0.9998842754088992,-0.9972698310124006
2023-01-27,-0.9998842754088992,-0.9972698310124006
2023-01-30,-0.9998842754088992,-0.9972698310124006
2023-01-31,-0.9878278507577337,-0.8272748980437172
2023-02-01,-0.9998814338418854,-0.9960398574867891
2023-02-02,-0.9998814338418854,-0.9960398574983839
2023-02-03,-0.9998814338418854,-0.9960398574983839
2023-02-06,-0.9998814338418854,-0.9960398574983839
2023-02-07,-0.9998814338418854,-0.9960398574983839
2023-02-08,-0.9998814338418854,-0.9960398574983839
2023-02-09,-0.9998814338418854,-0.9960398574983839
2023-02-10,-0.9998814338418854,-0.9960398574983839
2023-02-13,-0.9998814338418854,-0.9960398574983839
2023-02-14,-0.9998814338418854,-0.9960398574983839
2023-02-15,-0.9998814338418854,-0.9960398574983839
2023-02-16,-0.9998814338418854,-0.9960398574983839
2023-02-17,-0.9998814338418854,-0.9960398574983839
2023-02-20,-0.9998814338418854,-0.9960398574983839
2023-02-21,-0.9998814338418854,-0.9960398574983839
2023-02-22,-0.9998814338418854,-0.9960398574983839
2023-02-23,-0.9998814338418854,-0.9960398574983839
2023-02-24,-0.9998814338418854,-0.9960398574983839
2023-02-27,-0.9998814338418854,-0.9960398574983839
2023-02-28,-0.9972199328176011,-1.0346502631393473
2023-03-01,-0.9998808002232569,-0.9963283113032702
2023-03-02,-0.9998808002232569,-0.9963283113013945
2023-03-03,-0.9998808002232569,-0.9963283113013945
2023-03-06,-0.9998808002232569,-0.9963283113013945
2023-03-07,-0.9998808002232569,-0.9963283113013945
2023-03-08,-0.9998808002232569,-0.9963283113013945
2023-03-09,-0.9998808002232569,-0.9963283113013945
2023-03-10,-0.9998808002232569,-0.9963283113013945
2023-03-13,-0.9998808002232569,-0.9963283113013945
2023-03-14,-0.9998808002232569,-0.9963283113013945
2023-03-15,-0.9998808002232569,-0.9963283113013945
2023-03-16,-0.9998808002232569,-0.9963283113013945
2023-03-17,-0.9998808002232569,-0.9963283113013945
2023-03-20,-0.9998808002232569,-0.9963283113013945
2023-03-21,-0.9998808002232569,-0.9963283113013945
2023-03-22,-0.9998808002232569,-0.9963283113013945
2023-03-23,-0.9998808002232569,-0.9963283113013945
2023-03-24,-0.9998808002232569,-0.9963283113013945
2023-03-27,-0.9998808002232569,-0.9963283113013945
2023-03-28,-0.9998808002232569,-0.9963283113013945
2023-03-29,-0.9998808002232569,-0.9963283113013945
2023-03-30,-0.9998808002232569,-0.9963283113013945
2023-03-31,-1.0127046802499775,-0.475586374590228
2023-04-03,-0.9998837994402483,-0.9841799802137041
2023-04-04,-0.9998837994402483,-0.984179980297343
2023-04-05,-0.9998837994402483,-0.984179980297343
2023-04-06,-0.9998837994402483,-0.984179980297343
2023-04-07,-0.9998837994402483,-0.984179980297343
2023-04-10,-0.9998837994402483,-0.984179980297343
2023-04-11,-0.9998837994402483,-0.984179980297343
2023-04-12,-0.9998837994402483,-0.984179980297343
2023-04-13,-0.9998837994402483,-0.984179980297343
2023-04-14,-0.9998837994402483,-0.984179980297343
2023-04-17,-0.9998837994402483,-0.984179980297343
2023-04-18,-0.9998837994402483,-0.984179980297343
2023-04-19,-0.9998837994402483,-0.984179980297343
2023-04-20,-0.9998837994402483,-0.984179980297343
2023-04-21,-0.9998837994402483,-0.984179980297343
2023-04-24,-0.9998837994402483,-0.984179980297343
2023-04-25,-0.9998837994402483,-0.984179980297343
2023-04-26,-0.9998837994402483,-0.984179980297343
2023-04-27,-0.9998837994402483,-0.984179980297343
2023-04-28,-0.9998837994402483,-0.984179980297343
2023-05-01,-1.026685236468652,0.2807621274488982
2023-05-02,-0.9998897860544025,0.8456953795070676
2023-05-03,-0.9998897860544025,0.8456953796838287
2023-05-04,-0.9998897860544025,0.8456953796838287
2023-05-05,-0.9998897860544025,0.8456953796838287
2023-05-08,-0.9998897860544025,0.8456953796838287
2023-05-09,-0.9998897860544025,0.8456953796838287
2023-05-10,-0.9998897860544025,0.8456953796838287
2023-05-11,-0.9998897860544025,0.8456953796838287
2023-05-12,-0.9998897860544025,0.8456953796838287
2023-05-15,-0.9998897860544025,0.8456953796838287
2023-05-16,-0.9998897860544025,0.8456953796838287
2023-05-17,-0.9998897860544025,0.8456953796838287
2023-05-18,-0.9998897860544025,0.8456953796838287
2023-05-19,-0.9998897860544025,0.8456953796838287
2023-05-22,-0.9998897860544025,0.8456953796838287
2023-05-23,-0.9998897860544025,0.8456953796838287
2023-05-24,-0.9998897860544025,0.8456953796838287
2023-05-25,-0.9998897860544025,0.8456953796838287
2023-05-26,-0.9998897860544025,0.8456953796838287
2023-05-29,-0.9998897860544025,0.8456953796838287
2023-05-30,-0.9998897860544025,0.8456953796838287
2023-05-31,-0.9443277478458004,-1.8260039047535026
2023-06-01,-0.9998764375203336,-0.9598470516525818
2023-06-02,-0.9998764375203336,-0.9598470516345976
2023-06-05,-0.9998764375203336,-0.9598470516345976
2023-06-06,-0.9998764375203336,-0.9598470516345976
2023-06-07,-0.9998764375203336,-0.9598470516345976
2023-06-08,-0.9998764375203336,-0.9598470516345976
2023-06-09,-0.9998764375203336,-0.9598470516345976
2023-06-12,-0.9998764375203336,-0.9598470516345976
2023-06-13,-0.9998764375203336,-0.9598470516345976
2023-06-14,-0.9998764375203336,-0.9598470516345976
2023-06-15,-0.9998764375203336,-0.9598470516345976
2023-06-16,-0.9998764375203336,-0.9598470516345976
2023-06-19,-0.9998764375203336,-0.9598470516345976
2023-06-20,-0.9998764375203336,-0.9598470516345976
2023-06-21,-0.9998764375203336,-0.9598470516345976
2023-06-22,-0.9998764375203336,-0.9598470516345976
2023-06-23,-0.9998764375203336,-0.9598470516345976
2023-06-26,-0.9998764375203336,-0.9598470516345976
2023-06-27,-0.9998764375203336,-0.9598470516345976
2023-06-28,-0.9998764375203336,-0.9598470516345976
2023-06-29,-0.9998764375203336,-0.9598470516345976
2023-06-30,-0.9973166951321967,1.7399971030169727
2023-07-03,-0.9998758025464701,0.9872518960170283
2023-07-04,-0.9998758025464701,0.9872518959996966
2023-07-05,-0.9998758025464701,0.9872518959996966
2023-07-06,-0.9998758025464701,0.9872518959996966
2023-07-07,-0.9998758025464701,0.9872518959996966
2023-07-10,-0.9998758025464701,0.9872518959996966
2023-07-11,-0.9998758025464701,0.9872518959996966
2023-07-12,-0.9998758025464701,0.9872518959996966
2023-07-13,-0.9998758025464701,0.9872518959996966
2023-07-14,-0.9998758025464701,0.9872518959996966
2023-07-17,-0.9998758025464701,0.9872518959996966
2023-07-18,-0.9998758025464701,0.9872518959996966
2023-07-19,-0.9998758025464701,0.9872518959996966
2023-07-20,-0.9998758025464701,0.9872518959996966
2023-07-21,-0.9998758025464701,0.9872518959996966
2023-07-24,-0.9998758025464701,0.9872518959996966
2023-07-25,-0.9998758025464701,0.9872518959996966
2023-07-26,-0.9998758025464701,0.9872518959996966
2023-07-27,-0.9998758025464701,0.9872518959996966
2023-07-28,-0.9998758025464701,0.9872518959996966
2023-07-31,-1.0284424313707288,1.2275815320464576
2023-08-01,-0.9998826050899401,0.9916989348280828
2023-08-02,-0.9998826050899401,0.9916989348191636
2023-08-03,-0.9998826050899401,0.9916989348191636
2023-08-04,-0.9998826050899401,0.9916989348191636
2023-08-07,-0.9998826050899401,0.9916989348191636
2023-08-08,-0.9998826050899401,0.9916989348191636
2023-08-09,-0.9998826050899401,0.9916989348191636
2023-08-10,-0.9998826050899401,0.9916989348191636
2023-08-11,-0.9998826050899401,0.9916989348191636
2023-08-14,-0.9998826050899401,0.9916989348191636
2023-08-15,-0.9998826050899401,0.9916989348191636
2023-08-16,-0.9998826050899401,0.9916989348191636
2023-08-17,-0.9998826050899401,0.9916989348191636
2023-08-18,-0.9998826050899401,0.9916989348191636
2023-08-21,-0.9998826050899401,0.9916989348191636
2023-08-22,-0.9998826050899401,0.9916989348191636
2023-08-23,-0.9998826050899401,0.9916989348191636
2023-08-24,-0.9998826050899401,0.9916989348191636
2023-08-25,-0.9998826050899401,0.9916989348191636
2023-08-28,-0.9998826050899401,0.9916989348191636
2023-08-29,-0.9998826050899401,0.9916989348191636
2023-08-30,-0.9998826050899401,0.9916989348191636
2023-08-31,-0.9946327935088676,1.2167790938756011
2023-09-01,-0.9998813627869214,0.9944628636775357
2023-09-04,-0.9998813627869214,0.9944628636689868
2023-09-05,-0.9998813627869214,0.9944628636689868
2023-09-06,-0.9998813627869214,0.9944628636689868
2023-09-07,-0.9998813627869214,0.9944628636689868
2023-09-08,-0.9998813627869214,0.9944628636689868
2023-09-11,-0.9998813627869214,0.9944628636689868
2023-09-12,-0.9998813627869214,0.9944628636689868
2023-09-13,-0.9998813627869214,0.9944628636689868
2023-09-14,-0.9998813627869214,0.9944628636689868
2023-09-15,-0.9998813627869214,0.9944628636689868
2023-09-18,-0.9998813627869214,0.9944628636689868
2023-09-19,-0.9998813627869214,0.9944628636689868
2023-09-20,-0.9998813627869214,0.9944628636689868
2023-09-21,-0.9998813627869214,0.9944628636689868
2023-09-22,-0.9998813627869214,0.9944628636689868
2023-09-25,-0.9998813627869214,0.9944628636689868
2023-09-26,-0.9998813627869214,0.9944628636689868
2023-09-27,-0.9998813627869214,0.9944628636689868
2023-09-28,-0.9998813627869214,0.9944628636689868
2023-09-29,-0.9998813627869214,0.9944628636689868
2023-10-02,-0.9991109227479597,0.06517156386293356
2023-10-03,-0.9998811797806063,0.5270368300893709
2023-10-04,-0.9998811797806063,0.5270368309680945
2023-10-05,-0.9998811797806063,0.5270368309680945
2023-10-06,-0.9998811797806063,0.5270368309680945
2023-10-09,-0.9998811797806063,0.5270368309680945
2023-10-10,-0.9998811797806063,0.5270368309680945
2023-10-11,-0.9998811797806063,0.5270368309680945
2023-10-12,-0.9998811797806063,0.5270368309680945
2023-10-13,-0.9998811797806063,0.5270368309680945
2023-10-16,-0.9998811797806063,0.5270368309680945
2023-10-17,-0.9998811797806063,0.5270368309680945
2023-10-18,-0.9998811797806063,0.5270368309680945
2023-10-19,-0.9998811797806063,0.5270368309680945
2023-10-20,-0.9998811797806063,0.5270368309680945
2023-10-23,-0.9998811797806063,0.5270368309680945
2023-10-24,-0.9998811797806063,0.5270368309680945
2023-10-25,-0.9998811797806063,0.5270368309680945
2023-10-26,-0.9998811797806063,0.5270368309680945
2023-10-27,-0.9998811797806063,0.5270368309680945
2023-10-30,-0.9998811797806063,0.5270368309680945
2023-10-31,-1.025590880288449,4.029612413696622
2023-11-01,-0.9998870613299806,0.9784761504356203
2023-11-02,-0.9998870613299806,0.9784761504117809
2023-11-03,-0.9998870613299806,0.9784761504117809
2023-11-06,-0.9998870613299806,0.9784761504117809
2023-11-07,-0.9998870613299806,0.9784761504117809
2023-11-08,-0.9998870613299806,0.9784761504117809
2023-11-09,-0.9998870613299806,0.9784761504117809
2023-11-10,-0.9998870613299806,0.9784761504117809
2023-11-13,-0.9998870613299806,0.9784761504117809
2023-11-14,-0.9998870613299806,0.9784761504117809
2023-11-15,-0.9998870613299806,0.9784761504117809
2023-11-16,-0.9998870613299806,0.9784761504117809
2023-11-17,-0.9998870613299806,0.9784761504117809
2023-11-20,-0.9998870613299806,0.9784761504117809
2023-11-21,-0.9998870613299806,0.9784761504117809
2023-11-22,-0.9998870613299806,0.9784761504117809
2023-11-23,-0.9998870613299806,0.9784761504117809
2023-11-24,-0.9998870613299806,0.9784761504117809
2023-11-27,-0.9998870613299806,0.9784761504117809
2023-11-28,-0.9998870613299806,0.9784761504117809
2023-11-29,-0.9998870613299806,0.9784761504117809
2023-11-30,-1.0315215239827915,2.2869536861004596
2023-12-01,-0.9998938811779353,0.995953646613666
2023-12-04,-0.9998938811779353,0.9959536465927709
2023-12-05,-0.9998938811779353,0.9959536465927709
2023-12-06,-0.9998938811779353,0.9959536465927709
2023-12-07,-0.9998938811779353,0.9959536465927709
2023-12-08,-0.9998938811779353,0.9959536465927709
2023-12-11,-0.9998938811779353,0.9959536465927709
2023-12-12,-0.9998938811779353,0.9959536465927709
2023-12-13,-0.9998938811779353,0.9959536465927709
2023-12-14,-0.9998938811779353,0.9959536465927709
2023-12-15,-0.9998938811779353,0.9959536465927709
2023-12-18,-0.9998938811779353,0.9959536465927709
2023-12-19,-0.9998938811779353,0.9959536465927709
2023-12-20,-0.9998938811779353,0.9959536465927709
2023-12-21,-0.9998938811779353,0.9959536465927709
2023-12-22,-0.9998938811779353,0.9959536465927709
2023-12-25,-0.9998938811779353,0.9959536465927709
2023-12-26,-0.9998938811779353,0.9959536465927709
2023-12-27,-0.9998938811779353,0.9959536465927709
2023-12-28,-0.9998938811779353,0.9959536465927709
2023-12-29,-0.9998938811779353,0.9959536465927709
2024-01-01,-1.0198268269472819,0.7399271892438722
2024-01-02,-0.9998979882838486,0.992704860219724
2024-01-03,-0.9998979882838486,0.9927048602402839
2024-01-04,-0.9998979882838486,0.9927048602402839
2024-01-05,-0.9998979882838486,0.9927048602402839
2024-01-08,-0.9998979882838486,0.9927048602402839
2024-01-09,-0.9998979882838486,0.9927048602402839
2024-01-10,-0.9998979882838486,0.9927048602402839
2024-01-11,-0.9998979882838486,0.9927048602402839
2024-01-12,-0.9998979882838486,0.9927048602402839
2024-01-15,-0.9998979882838486,0.9927048602402839
2024-01-16,-0.9998979882838486,0.9927048602402839
2024-01-17,-0.9998979882838486,0.9927048602402839
2024-01-18,-0.9998979882838486,0.9927048602402839
2024-01-19,-0.9998979882838486,0.9927048602402839
2024-01-22,-0.9998979882838486,0.9927048602402839
2024-01-23,-0.9998979882838486,0.9927048602402839
2024-01-24,-0.9998979882838486,0.9927048602402839
2024-01-25,-0.9998979882838486,0.9927048602402839
2024-01-26,-0.9998979882838486,0.9927048602402839
2024-01-29,-0.9998979882838486,0.9927048602402839
2024-01-30,-0.9998979882838486,0.9927048602402839
2024-01-31,-0.9609857685163975,0.5691511900599205
2024-02-01,-0.9998895611081492,0.9782896730609922
2024-02-02,-0.9998895611081492,0.9782896731104955
2024-02-05,-0.9998895611081492,0.9782896731104955
2024-02-06,-0.9998895611081492,0.9782896731104955
2024-02-07,-0.9998895611081492,0.9782896731104955
2024-02-08,-0.9998895611081492,0.9782896731104955
2024-02-09,-0.9998895611081492,0.9782896731104955
2024-02-12,-0.9998895611081492,0.9782896731104955
2024-02-13,-0.9998895611081492,0.9782896731104955
2024-02-14,-0.9998895611081492,0.9782896731104955
2024-02-15,-0.9998895611081492,0.9782896731104955
2024-02-16,-0.9998895611081492,0.9782896731104955
2024-02-19,-0.9998895611081492,0.9782896731104955
2024-02-20,-0.9998895611081492,0.9782896731104955
2024-02-21,-0.9998895611081492,0.9782896731104955
2024-02-22,-0.9998895611081492,0.9782896731104955
2024-02-23,-0.9998895611081492,0.9782896731104955
2024-02-26,-0.9998895611081492,0.9782896731104955
2024-02-27,-0.9998895611081492,0.9782896731104955
2024-02-28,-0.9998895611081492,0.9782896731104955
2024-02-29,-0.9843164882980004,1.706393127198878
2024-03-01,-0.9998860395135314,0.9927054957020915
2024-03-04,-0.9998860395135314,0.9927054956850885
2024-03-05,-0.9998860395135314,0.9927054956850885
2024-03-06,-0.9998860395135314,0.9927054956850885
2024-03-07,-0.9998860395135314,0.9927054956850885
2024-03-08,-0.9998860395135314,0.9927054956850885
2024-03-11,-0.9998860395135314,0.9927054956850885
2024-03-12,-0.9998860395135314,0.9927054956850885
2024-03-13,-0.9998860395135314,0.9927054956850885
2024-03-14,-0.9998860395135314,0.9927054956850885
2024-03-15,-0.9998860395135314,0.9927054956850885
2024-03-18,-0.9998860395135314,0.9927054956850885
2024-03-19,-0.9998860395135314,0.9927054956850885
2024-03-20,-0.9998860395135314,0.9927054956850885
2024-03-21,-0.9998860395135314,0.9927054956850885
2024-03-22,-0.9998860395135314,0.9927054956850885
2024-03-25,-0.9998860395135314,0.9927054956850885
2024-03-26,-0.9998860395135314,0.9927054956850885
2024-03-27,-0.9998860395135314,0.9927054956850885
2024-03-28,-0.9998860395135314,0.9927054956850885
2024-03-29,-0.9998860395135314,0.9927054956850885
2024-04-01,-0.9874855749348137,1.0079041707312282
2024-04-02,-0.9998831599033897,0.992921519036326
2024-04-03,-0.9998831599033897,0.9929215190355674
2024-04-04,-0.9998831599033897,0.9929215190355674
2024-04-05,-0.9998831599033897,0.9929215190355674
2024-04-08,-0.9998831599033897,0.9929215190355674
2024-04-09,-0.9998831599033897,0.9929215190355674
2024-04-10,-0.9998831599033897,0.9929215190355674
2024-04-11,-0.9998831599033897,0.9929215190355674
2024-04-12,-0.9998831599033897,0.9929215190355674
2024-04-15,-0.9998831599033897,0.9929215190355674
2024-04-16,-0.9998831599033897,0.9929215190355674
2024-04-17,-0.9998831599033897,0.9929215190355674
2024-04-18,-0.9998831599033897,0.9929215190355674
2024-04-19,-0.9998831599033897,0.9929215190355674
2024-04-22,-0.9998831599033897,0.9929215190355674
2024-04-23,-0.9998831599033897,0.9929215190355674
2024-04-24,-0.9998831599033897,0.9929215190355674
2024-04-25,-0.9998831599033897,0.9929215190355674
2024-04-26,-0.9998831599033897,0.9929215190355674
2024-04-29,-0.9998831599033897,0.9929215190355674
2024-04-30,-1.0024827414317181,1.2755618823116546
2024-05-01,-0.9998837649784567,0.9956929064682639
2024-05-02,-0.9998837649784567,0.9956929064581928
2024-05-03,-0.9998837649784567,0.9956929064581928
2024-05-06,-0.9998837649784567,0.9956929064581928
2024-05-07,-0.9998837649784567,0.9956929064581928
2024-05-08,-0.9998837649784567,0.9956929064581928
2024-05-09,-0.9998837649784567,0.9956929064581928
2024-05-10,-0.9998837649784567,0.9956929064581928
2024-05-13,-0.9998837649784567,0.9956929064581928
2024-05-14,-0.9998837649784567,0.9956929064581928
2024-05-15,-0.9998837649784567,0.9956929064581928
2024-05-16,-0.9998837649784567,0.9956929064581928
2024-05-17,-0.9998837649784567,0.9956929064581928
2024-05-20,-0.9998837649784567,0.9956929064581928
2024-05-21,-0.9998837649784567,0.9956929064581928
2024-05-22,-0.9998837649784567,0.9956929064581928
2024-05-23,-0.9998837649784567,0.9956929064581928
2024-05-24,-0.9998837649784567,0.9956929064581928
2024-05-27,-0.9998837649784567,0.9956929064581928
2024-05-28,-0.9998837649784567,0.9956929064581928
2024-05-29,-0.9998837649784567,0.9956929064581928
2024-05-30,-0.9998837649784567,0.9956929064581928
2024-05-31,-1.0068742703965776,1.339822872365086
2024-06-03,-0.9998853730872447,0.9976144035250465
2024-06-04,-0.9998853730872447,0.9976144035135375
2024-06-05,-0.9998853730872447,0.9976144035135375
2024-06-06,-0.9998853730872447,0.9976144035135375
2024-06-07,-0.9998853730872447,0.9976144035135375
2024-06-10,-0.9998853730872447,0.9976144035135375
2024-06-11,-0.9998853730872447,0.9976144035135375
2024-06-12,-0.9998853730872447,0.9976144035135375
2024-06-13,-0.9998853730872447,0.9976144035135375
2024-06-14,-0.9998853730872447,0.9976144035135375
2024-06-17,-0.9998853730872447,0.9976144035135375
2024-06-18,-0.9998853730872447,0.9976144035135375
2024-06-19,-0.9998853730872447,0.9976144035135375
2024-06-20,-0.9998853730872447,0.9976144035135375
2024-06-21,-0.9998853730872447,0.9976144035135375
2024-06-24,-0.9998853730872447,0.9976144035135375
2024-06-25,-0.9998853730872447,0.9976144035135375
2024-06-26,-0.9998853730872447,0.9976144035135375
2024-06-27,-0.9998853730872447,0.9976144035135375
2024-06-28,-0.9998853730872447,0.9976144035135375
2024-07-01,-1.0058638930347192,0.8717814795091176
2024-07-02,-0.9998867314153644,0.9968794809378225
2024-07-03,-0.9998867314153644,0.9968794809457612
2024-07-04,-0.9998867314153644,0.9968794809457612
2024-07-05,-0.9998867314153644,0.9968794809457612
2024-07-08,-0.9998867314153644,0.9968794809457612
2024-07-09,-0.9998867314153644,0.9968794809457612
2024-07-10,-0.9998867314153644,0.9968794809457612
2024-07-11,-0.9998867314153644,0.9968794809457612
2024-07-12,-0.9998867314153644,0.9968794809457612
2024-07-15,-0.9998867314153644,0.9968794809457612
2024-07-16,-0.9998867314153644,0.9968794809457612
2024-07-17,-0.9998867314153644,0.9968794809457612
2024-07-18,-0.9998867314153644,0.9968794809457612
2024-07-19,-0.9998867314153644,0.9968794809457612
2024-07-22,-0.9998867314153644,0.9968794809457612
2024-07-23,-0.9998867314153644,0.9968794809457612
2024-07-24,-0.9998867314153644,0.9968794809457612
2024-07-25,-0.9998867314153644,0.9968794809457612
2024-07-26,-0.9998867314153644,0.9968794809457612
2024-07-29,-0.9998867314153644,0.9968794809457612
2024-07-30,-0.9998867314153644,0.9968794809457612
2024-07-31,-0.985127530338039,0.5899170645682007
2024-08-01,-0.9998833126049055,0.9911655036943605
2024-08-02,-0.9998833126049055,0.9911655037411417
2024-08-05,-0.9998833126049055,0.9911655037411417
2024-08-06,-0.9998833126049055,0.9911655037411417
2024-08-07,-0.9998833126049055,0.9911655037411417
2024-08-08,-0.9998833126049055,0.9911655037411417
2024-08-09,-0.9998833126049055,0.9911655037411417
2024-08-12,-0.9998833126049055,0.9911655037411417
2024-08-13,-0.9998833126049055,0.9911655037411417
2024-08-14,-0.9998833126049055,0.9911655037411417
2024-08-15,-0.9998833126049055,0.9911655037411417
2024-08-16,-0.9998833126049055,0.9911655037411417
2024-08-19,-0.9998833126049055,0.9911655037411417
2024-08-20,-0.9998833126049055,0.9911655037411417
2024-08-21,-0.9998833126049055,0.9911655037411417
2024-08-22,-0.9998833126049055,0.9911655037411417
2024-08-23,-0.9998833126049055,0.9911655037411417
2024-08-26,-0.9998833126049055,0.9911655037411417
2024-08-27,-0.9998833126049055,0.9911655037411417
2024-08-28,-0.9998833126049055,0.9911655037411417
2024-08-29,-0.9998833126049055,0.9911655037411417
2024-08-30,-0.9998833126049055,0.9911655037411417
2024-09-02,-1.0321870456240365,1.4601223578847904
2024-09-03,-0.9998905009224553,0.9958998173623718
2024-09-04,-0.9998905009224553,0.9958998173485827
2024-09-05,-0.9998905009224553,0.9958998173485827
2024-09-06,-0.9998905009224553,0.9958998173485827
2024-09-09,-0.9998905009224553,0.9958998173485827
2024-09-10,-0.9998905009224553,0.9958998173485827
2024-09-11,-0.9998905009224553,0.9958998173485827
2024-09-12,-0.9998905009224553,0.9958998173485827
2024-09-13,-0.9998905009224553,0.9958998173485827
2024-09-16,-0.9998905009224553,0.9958998173485827
2024-09-17,-0.9998905009224553,0.9958998173485827
2024-09-18,-0.9998905009224553,0.9958998173485827
2024-09-19,-0.9998905009224553,0.9958998173485827
2024-09-20,-0.9998905009224553,0.9958998173485827
2024-09-23,-0.9998905009224553,0.9958998173485827
2024-09-24,-0.9998905009224553,0.9958998173485827
2024-09-25,-0.9998905009224553,0.9958998173485827
2024-09-26,-0.9998905009224553,0.9958998173485827
2024-09-27,-0.9998905009224553,0.9958998173485827
2024-09-30,-0.9893430026399896,0.9405979806450798
2024-10-01,-0.9998881541063949,0.9954069232751867
2024-10-02,-0.9998881541063949,0.9954069232782775
2024-10-03,-0.9998881541063949,0.9954069232782775
2024-10-04,-0.9998881541063949,0.9954069232782775
2024-10-07,-0.9998881541063949,0.9954069232782775
2024-10-08,-0.9998881541063949,0.9954069232782775
2024-10-09,-0.9998881541063949,0.9954069232782775
2024-10-10,-0.9998881541063949,0.9954069232782775
2024-10-11,-0.9998881541063949,0.9954069232782775
2024-10-14,-0.9998881541063949,0.9954069232782775
2024-10-15,-0.9998881541063949,0.9954069232782775
2024-10-16,-0.9998881541063949,0.9954069232782775
2024-10-17,-0.9998881541063949,0.9954069232782775
2024-10-18,-0.9998881541063949,0.9954069232782775
2024-10-21,-0.9998881541063949,0.9954069232782775
2024-10-22,-0.9998881541063949,0.9954069232782775
2024-10-23,-0.9998881541063949,0.9954069232782775
2024-10-24,-0.9998881541063949,0.9954069232782775
2024-10-25,-0.9998881541063949,0.9954069232782775
2024-10-28,-0.9998881541063949,0.9954069232782775
2024-10-29,-0.9998881541063949,0.9954069232782775
2024-10-30,-0.9998881541063949,0.9954069232782775
2024-10-31,-1.0118156294477805,0.8223946010786848
2024-11-01,-0.999890775056055,0.9932925416026155
2024-11-04,-0.999890775056055,0.993292541614414
2024-11-05,-0.999890775056055,0.993292541614414
2024-11-06,-0.999890775056055,0.993292541614414
2024-11-07,-0.999890775056055,0.993292541614414
2024-11-08,-0.999890775056055,0.993292541614414
2024-11-11,-0.999890775056055,0.993292541614414
2024-11-12,-0.999890775056055,0.993292541614414
2024-11-13,-0.999890775056055,0.993292541614414
2024-11-14,-0.999890775056055,0.993292541614414
2024-11-15,-0.999890775056055,0.993292541614414
2024-11-18,-0.999890775056055,0.993292541614414
2024-11-19,-0.999890775056055,0.993292541614414
2024-11-20,-0.999890775056055,0.993292541614414
2024-11-21,-0.999890775056055,0.993292541614414
2024-11-22,-0.999890775056055,0.993292541614414
2024-11-25,-0.999890775056055,0.993292541614414
2024-11-26,-0.999890775056055,0.993292541614414
2024-11-27,-0.999890775056055,0.993292541614414
2024-11-28,-0.999890775056055,0.993292541614414
2024-11-29,-0.999890775056055,0.993292541614414
2024-12-02,-0.9551662550434025,-0.18314429852710143
2024-12-03,-0.9998803088078022,-0.8455757777320471
2024-12-04,-0.9998803088078022,-0.8455757781768233
2024-12-05,-0.9998803088078022,-0.8455757781768233
2024-12-06,-0.9998803088078022,-0.8455757781768233
2024-12-09,-0.9998803088078022,-0.8455757781768233
2024-12-10,-0.9998803088078022,-0.8455757781768233
2024-12-11,-0.9998803088078022,-0.8455757781768233
2024-12-12,-0.9998803088078022,-0.8455757781768233
2024-12-13,-0.9998803088078022,-0.8455757781768233
2024-12-16,-0.9998803088078022,-0.8455757781768233
2024-12-17,-0.9998803088078022,-0.8455757781768233
2024-12-18,-0.9998803088078022,-0.8455757781768233
2024-12-19,-0.9998803088078022,-0.8455757781768233
2024-12-20,-0.9998803088078022,-0.8455757781768233
2024-12-23,-0.9998803088078022,-0.8455757781768233
2024-12-24,-0.9998803088078022,-0.8455757781768233
2024-12-25,-0.9998803088078022,-0.8455757781768233
2024-12-26,-0.9998803088078022,-0.8455757781768233
2024-12-27,-0.9998803088078022,-0.8455757781768233
2024-12-30,-0.9998803088078022,-0.8455757781768233
2024-12-31,-1.0042009968913876,-0.40612686949770277
2025-01-01,-0.9998813363788097,-0.6054581279492779
2025-01-02,-0.9998813363788097,-0.6054581279684413
2025-01-03,-0.9998813363788097,-0.6054581279684413
2025-01-06,-0.9998813363788097,-0.6054581279684413
2025-01-07,-0.9998813363788097,-0.6054581279684413
2025-01-08,-0.9998813363788097,-0.6054581279684413
2025-01-09,-0.9998813363788097,-0.6054581279684413
2025-01-10,-0.9998813363788097,-0.6054581279684413
2025-01-13,-0.9998813363788097,-0.6054581279684413
2025-01-14,-0.9998813363788097,-0.6054581279684413
2025-01-15,-0.9998813363788097,-0.6054581279684413
2025-01-16,-0.9998813363788097,-0.6054581279684413
2025-01-17,-0.9998813363788097,-0.6054581279684413
2025-01-20,-0.9998813363788097,-0.6054581279684413
2025-01-21,-0.9998813363788097,-0.6054581279684413
2025-01-22,-0.9998813363788097,-0.6054581279684413
2025-01-23,-0.9998813363788097,-0.6054581279684413
2025-01-24,-0.9998813363788097,-0.6054581279684413
2025-01-27,-0.9998813363788097,-0.6054581279684413
2025-01-28,-0.9998813363788097,-0.6054581279684413
2025-01-29,-0.9998813363788097,-0.6054581279684413
2025-01-30,-0.9998813363788097,-0.6054581279684413
2025-01-31,-1.0287760530295231,-2.2490423455276103
2025-02-03,-0.9998879073570085,-0.9427140770103831
2025-02-04,-0.9998879073570085,-0.9427140769902642
2025-02-05,-0.9998879073570085,-0.9427140769902642
2025-02-06,-0.9998879073570085,-0.9427140769902642
2025-02-07,-0.9998879073570085,-0.9427140769902642
2025-02-10,-0.9998879073570085,-0.9427140769902642
2025-02-11,-0.9998879073570085,-0.9427140769902642
2025-02-12,-0.9998879073570085,-0.9427140769902642
2025-02-13,-0.9998879073570085,-0.9427140769902642
2025-02-14,-0.9998879073570085,-0.9427140769902642
2025-02-17,-0.9998879073570085,-0.9427140769902642
2025-02-18,-0.9998879073570085,-0.9427140769902642
2025-02-19,-0.9998879073570085,-0.9427140769902642
2025-02-20,-0.9998879073570085,-0.9427140769902642
2025-02-21,-0.9998879073570085,-0.9427140769902642
2025-02-24,-0.9998879073570085,-0.9427140769902642
2025-02-25,-0.9998879073570085,-0.9427140769902642
2025-02-26,-0.9998879073570085,-0.9427140769902642
2025-02-27,-0.9998879073570085,-0.9427140769902642
2025-02-28,-0.9767971530750391,-1.991095272398823
2025-03-03,-0.9998825460902033,-0.9862527863899813
2025-03-04,-0.9998825460902033,-0.9862527863707118
2025-03-05,-0.9998825460902033,-0.9862527863707118
2025-03-06,-0.9998825460902033,-0.9862527863707118
2025-03-07,-0.9998825460902033,-0.9862527863707118
2025-03-10,-0.9998825460902033,-0.9862527863707118
2025-03-11,-0.9998825460902033,-0.9862527863707118
2025-03-12,-0.9998825460902033,-0.9862527863707118
2025-03-13,-0.9998825460902033,-0.9862527863707118
2025-03-14,-0.9998825460902033,-0.9862527863707118
2025-03-17,-0.9998825460902033,-0.9862527863707118
2025-03-18,-0.9998825460902033,-0.9862527863707118
2025-03-19,-0.9998825460902033,-0.9862527863707118
2025-03-20,-0.9998825460902033,-0.9862527863707118
2025-03-21,-0.9998825460902033,-0.9862527863707118
2025-03-24,-0.9998825460902033,-0.9862527863707118
2025-03-25,-0.9998825460902033,-0.9862527863707118
2025-03-26,-0.9998825460902033,-0.9862527863707118
2025-03-27,-0.9998825460902033,-0.9862527863707118
2025-03-28,-0.9998825460902033,-0.9862527863707118
2025-03-31,-1.005989700354824,1.3598703261872884
2025-04-01,-0.9998839675905739,0.9926979138493126
2025-04-02,-0.9998839675905739,0.9926979138373072
2025-04-03,-0.9998839675905739,0.9926979138373072
2025-04-04,-0.9998839675905739,0.9926979138373072
2025-04-07,-0.9998839675905739,0.9926979138373072
2025-04-08,-0.9998839675905739,0.9926979138373072
2025-04-09,-0.9998839675905739,0.9926979138373072
2025-04-10,-0.9998839675905739,0.9926979138373072
2025-04-11,-0.9998839675905739,0.9926979138373072
2025-04-14,-0.9998839675905739,0.9926979138373072
2025-04-15,-0.9998839675905739,0.9926979138373072
2025-04-16,-0.9998839675905739,0.9926979138373072
2025-04-17,-0.9998839675905739,0.9926979138373072
2025-04-18,-0.9998839675905739,0.9926979138373072
2025-04-21,-0.9998839675905739,0.9926979138373072
2025-04-22,-0.9998839675905739,0.9926979138373072
2025-04-23,-0.9998839675905739,0.9926979138373072
2025-04-24,-0.9998839675905739,0.9926979138373072
2025-04-25,-0.9998839675905739,0.9926979138373072
2025-04-28,-0.9998839675905739,0.9926979138373072
2025-04-29,-0.9998839675905739,0.9926979138373072
2025-04-30,-1.0436317748875836,2.6889103796665514
2025-05-01,-0.9998934900605924,0.9989952667582249
2025-05-02,-0.9998934900605924,0.9989952667359305
2025-05-05,-0.9998934900605924,0.9989952667359305
2025-05-06,-0.9998934900605924,0.9989952667359305
2025-05-07,-0.9998934900605924,0.9989952667359305
2025-05-08,-0.9998934900605924,0.9989952667359305
2025-05-09,-0.9998934900605924,0.9989952667359305
2025-05-12,-0.9998934900605924,0.9989952667359305
2025-05-13,-0.9998934900605924,0.9989952667359305
2025-05-14,-0.9998934900605924,0.9989952667359305
2025-05-15,-0.9998934900605924,0.9989952667359305
2025-05-16,-0.9998934900605924,0.9989952667359305
2025-05-19,-0.9998934900605924,0.9989952667359305
2025-05-20,-0.9998934900605924,0.9989952667359305
2025-05-21,-0.9998934900605924,0.9989952667359305
2025-05-22,-0.9998934900605924,0.9989952667359305
2025-05-23,-0.9998934900605924,0.9989952667359305
2025-05-26,-0.9998934900605924,0.9989952667359305
2025-05-27,-0.9998934900605924,0.9989952667359305
2025-05-28,-0.9998934900605924,0.9989952667359305
2025-05-29,-0.9998934900605924,0.9989952667359305
2025-05-30,-0.9998934900605924,0.9989952667359305
2025-06-02,-1.0191980190475987,0.9855062251951241
2025-06-03,-0.9998974860232704,0.998967616946326
2025-06-04,-0.9998974860232704,0.9989676169470374
2025-06-05,-0.9998974860232704,0.9989676169470374
2025-06-06,-0.9998974860232704,0.9989676169470374
2025-06-09,-0.9998974860232704,0.9989676169470374
2025-06-10,-0.9998974860232704,0.9989676169470374
2025-06-11,-0.9998974860232704,0.9989676169470374
2025-06-12,-0.9998974860232704,0.9989676169470374
2025-06-13,-0.9998974860232704,0.9989676169470374
2025-06-16,-0.9998974860232704,0.9989676169470374
2025-06-17,-0.9998974860232704,0.9989676169470374
2025-06-18,-0.9998974860232704,0.9989676169470374
2025-06-19,-0.9998974860232704,0.9989676169470374
2025-06-20,-0.9998974860232704,0.9989676169470374
2025-06-23,-0.9998974860232704,0.9989676169470374
2025-06-24,-0.9998974860232704,0.9989676169470374
2025-06-25,-0.9998974860232704,0.9989676169470374
2025-06-26,-0.9998974860232704,0.9989676169470374
2025-06-27,-0.9998974860232704,0.9989676169470374
2025-06-30,-1.0625711183781439,1.5464302160041854
2025-07-01,-0.9999092209434306,0.999568803857097
2025-07-02,-0.9999092209434306,0.99956880384203
2025-07-03,-0.9999092209434306,0.99956880384203
2025-07-04,-0.9999092209434306,0.99956880384203
2025-07-07,-0.9999092209434306,0.99956880384203
2025-07-08,-0.9999092209434306,0.99956880384203
2025-07-09,-0.9999092209434306,0.99956880384203
2025-07-10,-0.9999092209434306,0.99956880384203
2025-07-11,-0.9999092209434306,0.99956880384203
2025-07-14,-0.9999092209434306,0.99956880384203
2025-07-15,-0.9999092209434306,0.99956880384203
2025-07-16,-0.9999092209434306,0.99956880384203
2025-07-17,-0.9999092209434306,0.99956880384203
2025-07-18,-0.9999092209434306,0.99956880384203
2025-07-21,-0.9999092209434306,0.99956880384203
2025-07-22,-0.9999092209434306,0.99956880384203
2025-07-23,-0.9999092209434306,0.99956880384203
2025-07-24,-0.9999092209434306,0.99956880384203
2025-07-25,-0.9999092209434306,0.99956880384203
2025-07-28,-0.9999092209434306,0.99956880384203
2025-07-29,-0.9999092209434306,0.99956880384203
2025-07-30,-0.9999092209434306,0.99956880384203
2025-07-31,-1.0410423097672326,0.9024340002898054
2025-08-01,-0.9999162519638615,0.9994710608596652
2025-08-04,-0.9999162519638615,0.9994710608655294
2025-08-05,-0.9999162519638615,0.9994710608655294
2025-08-06,-0.9999162519638615,0.9994710608655294
2025-08-07,-0.9999162519638615,0.9994710608655294
2025-08-08,-0.9999162519638615,0.9994710608655294
2025-08-11,-0.9999162519638615,0.9994710608655294
2025-08-12,-0.9999162519638615,0.9994710608655294
2025-08-13,-0.9999162519638615,0.9994710608655294
2025-08-14,-0.9999162519638615,0.9994710608655294
2025-08-15,-0.9999162519638615,0.9994710608655294
2025-08-18,-0.9999162519638615,0.9994710608655294
2025-08-19,-0.9999162519638615,0.9994710608655294
2025-08-20,-0.9999162519638615,0.9994710608655294
2025-08-21,-0.9999162519638615,0.9994710608655294
2025-08-22,-0.9999162519638615,0.9994710608655294
2025-08-25,-0.9999162519638615,0.9994710608655294
2025-08-26,-0.9999162519638615,0.9994710608655294
2025-08-27,-0.9999162519638615,0.9994710608655294
2025-08-28,-0.9999162519638615,0.9994710608655294
2025-08-29,-0.9999162519638615,0.9994710608655294
2025-09-01,-1.0220402342620483,1.163139605657203
2025-09-02,-0.9999198380567191,0.9996093637557145
2025-09-03,-0.9999198380567191,0.9996093637489488
2025-09-04,-0.9999198380567191,0.9996093637489488
2025-09-05,-0.9999198380567191,0.9996093637489488
2025-09-08,-0.9999198380567191,0.9996093637489488
2025-09-09,-0.9999198380567191,0.9996093637489488
2025-09-10,-0.9999198380567191,0.9996093637489488
2025-09-11,-0.9999198380567191,0.9996093637489488
2025-09-12,-0.9999198380567191,0.9996093637489488
2025-09-15,-0.9999198380567191,0.9996093637489488
2025-09-16,-0.9999198380567191,0.9996093637489488
2025-09-17,-0.9999198380567191,0.9996093637489488
2025-09-18,-0.9999198380567191,0.9996093637489488
2025-09-19,-0.9999198380567191,0.9996093637489488
2025-09-22,-0.9999198380567191,0.9996093637489488
2025-09-23,-0.9999198380567191,0.9996093637489488
2025-09-24,-0.9999198380567191,0.9996093637489488
2025-09-25,-0.9999198380567191,0.9996093637489488
2025-09-26,-0.9999198380567191,0.9996093637489488
2025-09-29,-0.9999198380567191,0.9996093637489488
2025-09-30,-1.0316311009804737,1.0883223563318152
2025-10-01,-0.9999246899537658,0.9996704223007151
2025-10-02,-0.9999246899537658,0.9996704222966704
2025-10-03,-0.9999246899537658,0.9996704222966704
2025-10-06,-0.9999246899537658,0.9996704222966704
2025-10-07,-0.9999246899537658,0.9996704222966704
2025-10-08,-0.9999246899537658,0.9996704222966704
2025-10-09,-0.9999246899537658,0.9996704222966704
2025-10-10,-0.9999246899537658,0.9996704222966704
2025-10-13,-0.9999246899537658,0.9996704222966704
2025-10-14,-0.9999246899537658,0.9996704222966704
2025-10-15,-0.9999246899537658,0.9996704222966704
2025-10-16,-0.9999246899537658,0.9996704222966704
2025-10-17,-0.9999246899537658,0.9996704222966704
2025-10-20,-0.9999246899537658,0.9996704222966704
2025-10-21,-0.9999246899537658,0.9996704222966704
2025-10-22,-0.9999246899537658,0.9996704222966704
2025-10-23,-0.9999246899537658,0.9996704222966704
2025-10-24,-0.9999246899537658,0.9996704222966704
2025-10-27,-0.9999246899537658,0.9996704222966704
2025-10-28,-0.9999246899537658,0.9996704222966704
2025-10-29,-0.9999246899537658,0.9996704222966704
2025-10-30,-0.9999246899537658,0.9996704222966704
2025-10-31,-0.9910546130515699,0.9561669558705986
