date,USA_external_fx_f1,USA_external_fx_f2
1999-02-01,1.1073438486317129,0.9806851840203521
1999-02-02,0.9995181067791514,0.9997280944525775
1999-02-03,0.9995181067791514,0.9997280944631536
1999-02-04,0.9995181067791514,0.9997280944631536
1999-02-05,0.9995181067791514,0.9997280944631536
1999-02-08,0.9995181067791514,0.9997280944631536
1999-02-09,0.9995181067791514,0.9997280944631536
1999-02-10,0.9995181067791514,0.9997280944631536
1999-02-11,0.9995181067791514,0.9997280944631536
1999-02-12,0.9995181067791514,0.9997280944631536
1999-02-15,0.9995181067791514,0.9997280944631536
1999-02-16,0.9995181067791514,0.9997280944631536
1999-02-17,0.9995181067791514,0.9997280944631536
1999-02-18,0.9995181067791514,0.9997280944631536
1999-02-19,0.9995181067791514,0.9997280944631536
1999-02-22,0.9995181067791514,0.9997280944631536
1999-02-23,0.9995181067791514,0.9997280944631536
1999-02-24,0.9995181067791514,0.9997280944631536
1999-02-25,0.9995181067791514,0.9997280944631536
1999-02-26,0.9995181067791514,0.9997280944631536
1999-03-01,0.5942405101604075,1.056846506981397
1999-03-02,0.9986384488033792,0.9997566806792165
1999-03-03,0.9986384488033792,0.9997566806508636
1999-03-04,0.9986384488033792,0.9997566806508636
1999-03-05,0.9986384488033792,0.9997566806508636
1999-03-08,0.9986384488033792,0.9997566806508636
1999-03-09,0.9986384488033792,0.9997566806508636
1999-03-10,0.9986384488033792,0.9997566806508636
1999-03-11,0.9986384488033792,0.9997566806508636
1999-03-12,0.9986384488033792,0.9997566806508636
1999-03-15,0.9986384488033792,0.9997566806508636
1999-03-16,0.9986384488033792,0.9997566806508636
1999-03-17,0.9986384488033792,0.9997566806508636
1999-03-18,0.9986384488033792,0.9997566806508636
1999-03-19,0.9986384488033792,0.9997566806508636
1999-03-22,0.9986384488033792,0.9997566806508636
1999-03-23,0.9986384488033792,0.9997566806508636
1999-03-24,0.9986384488033792,0.9997566806508636
1999-03-25,0.9986384488033792,0.9997566806508636
1999-03-26,0.9986384488033792,0.9997566806508636
1999-03-29,0.9986384488033792,0.9997566806508636
1999-03-30,0.9986384488033792,0.9997566806508636
1999-03-31,0.9823085292753454,1.0342611871189535
1999-04-01,0.9985928999075384,0.9997726394083287
1999-04-02,0.9985928999075384,0.9997726393906402
1999-04-05,0.9985928999075384,0.9997726393906402
1999-04-06,0.9985928999075384,0.9997726393906402
1999-04-07,0.9985928999075384,0.9997726393906402
1999-04-08,0.9985928999075384,0.9997726393906402
1999-04-09,0.9985928999075384,0.9997726393906402
1999-04-12,0.9985928999075384,0.9997726393906402
1999-04-13,0.9985928999075384,0.9997726393906402
1999-04-14,0.9985928999075384,0.9997726393906402
1999-04-15,0.9985928999075384,0.9997726393906402
1999-04-16,0.9985928999075384,0.9997726393906402
1999-04-19,0.9985928999075384,0.9997726393906402
1999-04-20,0.9985928999075384,0.9997726393906402
1999-04-21,0.9985928999075384,0.9997726393906402
1999-04-22,0.9985928999075384,0.9997726393906402
1999-04-23,0.9985928999075384,0.9997726393906402
1999-04-26,0.9985928999075384,0.9997726393906402
1999-04-27,0.9985928999075384,0.9997726393906402
1999-04-28,0.9985928999075384,0.9997726393906402
1999-04-29,0.9985928999075384,0.9997726393906402
1999-04-30,0.7109071185242619,1.035339784151555
1999-05-03,0.9972293239334097,0.999787987297553
1999-05-04,0.9972293239334097,0.999787987279347
1999-05-05,0.9972293239334097,0.999787987279347
1999-05-06,0.9972293239334097,0.999787987279347
1999-05-07,0.9972293239334097,0.999787987279347
1999-05-10,0.9972293239334097,0.999787987279347
1999-05-11,0.9972293239334097,0.999787987279347
1999-05-12,0.9972293239334097,0.999787987279347
1999-05-13,0.9972293239334097,0.999787987279347
1999-05-14,0.9972293239334097,0.999787987279347
1999-05-17,0.9972293239334097,0.999787987279347
1999-05-18,0.9972293239334097,0.999787987279347
1999-05-19,0.9972293239334097,0.999787987279347
1999-05-20,0.9972293239334097,0.999787987279347
1999-05-21,0.9972293239334097,0.999787987279347
1999-05-24,0.9972293239334097,0.999787987279347
1999-05-25,0.9972293239334097,0.999787987279347
1999-05-26,0.9972293239334097,0.999787987279347
1999-05-27,0.9972293239334097,0.999787987279347
1999-05-28,0.9972293239334097,0.999787987279347
1999-05-31,0.6461344433237253,1.024588859759155
1999-06-01,0.9934378432097566,0.9997981238242236
1999-06-02,0.9934378432097566,0.9997981238113287
1999-06-03,0.9934378432097566,0.9997981238113287
1999-06-04,0.9934378432097566,0.9997981238113287
1999-06-07,0.9934378432097566,0.9997981238113287
1999-06-08,0.9934378432097566,0.9997981238113287
1999-06-09,0.9934378432097566,0.9997981238113287
1999-06-10,0.9934378432097566,0.9997981238113287
1999-06-11,0.9934378432097566,0.9997981238113287
1999-06-14,0.9934378432097566,0.9997981238113287
1999-06-15,0.9934378432097566,0.9997981238113287
1999-06-16,0.9934378432097566,0.9997981238113287
1999-06-17,0.9934378432097566,0.9997981238113287
1999-06-18,0.9934378432097566,0.9997981238113287
1999-06-21,0.9934378432097566,0.9997981238113287
1999-06-22,0.9934378432097566,0.9997981238113287
1999-06-23,0.9934378432097566,0.9997981238113287
1999-06-24,0.9934378432097566,0.9997981238113287
1999-06-25,0.9934378432097566,0.9997981238113287
1999-06-28,0.9934378432097566,0.9997981238113287
1999-06-29,0.9934378432097566,0.9997981238113287
1999-06-30,0.45053174487185854,0.9994953086065633
1999-07-01,0.9692551247905463,0.9997980015056267
1999-07-02,0.9692551247905463,0.9997980015057902
1999-07-05,0.9692551247905463,0.9997980015057902
1999-07-06,0.9692551247905463,0.9997980015057902
1999-07-07,0.9692551247905463,0.9997980015057902
1999-07-08,0.9692551247905463,0.9997980015057902
1999-07-09,0.9692551247905463,0.9997980015057902
1999-07-12,0.9692551247905463,0.9997980015057902
1999-07-13,0.9692551247905463,0.9997980015057902
1999-07-14,0.9692551247905463,0.9997980015057902
1999-07-15,0.9692551247905463,0.9997980015057902
1999-07-16,0.9692551247905463,0.9997980015057902
1999-07-19,0.9692551247905463,0.9997980015057902
1999-07-20,0.9692551247905463,0.9997980015057902
1999-07-21,0.9692551247905463,0.9997980015057902
1999-07-22,0.9692551247905463,0.9997980015057902
1999-07-23,0.9692551247905463,0.9997980015057902
1999-07-26,0.9692551247905463,0.9997980015057902
1999-07-27,0.9692551247905463,0.9997980015057902
1999-07-28,0.9692551247905463,0.9997980015057902
1999-07-29,0.9692551247905463,0.9997980015057902
1999-07-30,0.9692551247905463,0.9997980015057902
1999-08-02,5.1126042528403595,0.9155263674913975
1999-08-03,0.9988438698962147,0.9997591172544109
1999-08-04,0.9988438698962147,0.9997591173063253
1999-08-05,0.9988438698962147,0.9997591173063253
1999-08-06,0.9988438698962147,0.9997591173063253
1999-08-09,0.9988438698962147,0.9997591173063253
1999-08-10,0.9988438698962147,0.9997591173063253
1999-08-11,0.9988438698962147,0.9997591173063253
1999-08-12,0.9988438698962147,0.9997591173063253
1999-08-13,0.9988438698962147,0.9997591173063253
1999-08-16,0.9988438698962147,0.9997591173063253
1999-08-17,0.9988438698962147,0.9997591173063253
1999-08-18,0.9988438698962147,0.9997591173063253
1999-08-19,0.9988438698962147,0.9997591173063253
1999-08-20,0.9988438698962147,0.9997591173063253
1999-08-23,0.9988438698962147,0.9997591173063253
1999-08-24,0.9988438698962147,0.9997591173063253
1999-08-25,0.9988438698962147,0.9997591173063253
1999-08-26,0.9988438698962147,0.9997591173063253
1999-08-27,0.9988438698962147,0.9997591173063253
1999-08-30,0.9988438698962147,0.9997591173063253
1999-08-31,1.1528262284807955,0.9558406302034682
1999-09-01,0.9991317156650946,0.9997364817740554
1999-09-02,0.9991317156650946,0.999736481799397
1999-09-03,0.9991317156650946,0.999736481799397
1999-09-06,0.9991317156650946,0.999736481799397
1999-09-07,0.9991317156650946,0.999736481799397
1999-09-08,0.9991317156650946,0.999736481799397
1999-09-09,0.9991317156650946,0.999736481799397
1999-09-10,0.9991317156650946,0.999736481799397
1999-09-13,0.9991317156650946,0.999736481799397
1999-09-14,0.9991317156650946,0.999736481799397
1999-09-15,0.9991317156650946,0.999736481799397
1999-09-16,0.9991317156650946,0.999736481799397
1999-09-17,0.9991317156650946,0.999736481799397
1999-09-20,0.9991317156650946,0.999736481799397
1999-09-21,0.9991317156650946,0.999736481799397
1999-09-22,0.9991317156650946,0.999736481799397
1999-09-23,0.9991317156650946,0.999736481799397
1999-09-24,0.9991317156650946,0.999736481799397
1999-09-27,0.9991317156650946,0.999736481799397
1999-09-28,0.9991317156650946,0.999736481799397
1999-09-29,0.9991317156650946,0.999736481799397
1999-09-30,1.3158950539231653,0.9858364501174891
1999-10-01,0.9994991536620526,0.9997290013732533
1999-10-04,0.9994991536620526,0.9997290013809085
1999-10-05,0.9994991536620526,0.9997290013809085
1999-10-06,0.9994991536620526,0.9997290013809085
1999-10-07,0.9994991536620526,0.9997290013809085
1999-10-08,0.9994991536620526,0.9997290013809085
1999-10-11,0.9994991536620526,0.9997290013809085
1999-10-12,0.9994991536620526,0.9997290013809085
1999-10-13,0.9994991536620526,0.9997290013809085
1999-10-14,0.9994991536620526,0.9997290013809085
1999-10-15,0.9994991536620526,0.9997290013809085
1999-10-18,0.9994991536620526,0.9997290013809085
1999-10-19,0.9994991536620526,0.9997290013809085
1999-10-20,0.9994991536620526,0.9997290013809085
1999-10-21,0.9994991536620526,0.9997290013809085
1999-10-22,0.9994991536620526,0.9997290013809085
1999-10-25,0.9994991536620526,0.9997290013809085
1999-10-26,0.9994991536620526,0.9997290013809085
1999-10-27,0.9994991536620526,0.9997290013809085
1999-10-28,0.9994991536620526,0.9997290013809085
1999-10-29,0.9994991536620526,0.9997290013809085
1999-11-01,1.032877692137215,0.9918350637744877
1999-11-02,0.9995309789736394,0.9997246722857269
1999-11-03,0.9995309789736394,0.9997246722900348
1999-11-04,0.9995309789736394,0.9997246722900348
1999-11-05,0.9995309789736394,0.9997246722900348
1999-11-08,0.9995309789736394,0.9997246722900348
1999-11-09,0.9995309789736394,0.9997246722900348
1999-11-10,0.9995309789736394,0.9997246722900348
1999-11-11,0.9995309789736394,0.9997246722900348
1999-11-12,0.9995309789736394,0.9997246722900348
1999-11-15,0.9995309789736394,0.9997246722900348
1999-11-16,0.9995309789736394,0.9997246722900348
1999-11-17,0.9995309789736394,0.9997246722900348
1999-11-18,0.9995309789736394,0.9997246722900348
1999-11-19,0.9995309789736394,0.9997246722900348
1999-11-22,0.9995309789736394,0.9997246722900348
1999-11-23,0.9995309789736394,0.9997246722900348
1999-11-24,0.9995309789736394,0.9997246722900348
1999-11-25,0.9995309789736394,0.9997246722900348
1999-11-26,0.9995309789736394,0.9997246722900348
1999-11-29,0.9995309789736394,0.9997246722900348
1999-11-30,0.8375157190409438,0.9701906580089463
1999-12-01,0.9993321648167399,0.9997076618441878
1999-12-02,0.9993321648167399,0.9997076618608485
1999-12-03,0.9993321648167399,0.9997076618608485
1999-12-06,0.9993321648167399,0.9997076618608485
1999-12-07,0.9993321648167399,0.9997076618608485
1999-12-08,0.9993321648167399,0.9997076618608485
1999-12-09,0.9993321648167399,0.9997076618608485
1999-12-10,0.9993321648167399,0.9997076618608485
1999-12-13,0.9993321648167399,0.9997076618608485
1999-12-14,0.9993321648167399,0.9997076618608485
1999-12-15,0.9993321648167399,0.9997076618608485
1999-12-16,0.9993321648167399,0.9997076618608485
1999-12-17,0.9993321648167399,0.9997076618608485
1999-12-20,0.9993321648167399,0.9997076618608485
1999-12-21,0.9993321648167399,0.9997076618608485
1999-12-22,0.9993321648167399,0.9997076618608485
1999-12-23,0.9993321648167399,0.9997076618608485
1999-12-24,0.9993321648167399,0.9997076618608485
1999-12-27,0.9993321648167399,0.9997076618608485
1999-12-28,0.9993321648167399,0.9997076618608485
1999-12-29,0.9993321648167399,0.9997076618608485
1999-12-30,0.9993321648167399,0.9997076618608485
1999-12-31,0.9617174290471007,1.0623770963507115
2000-01-03,0.9992789599875931,0.9997411215621743
2000-01-04,0.9992789599875931,0.999741121531308
2000-01-05,0.9992789599875931,0.999741121531308
2000-01-06,0.9992789599875931,0.999741121531308
2000-01-07,0.9992789599875931,0.999741121531308
2000-01-10,0.9992789599875931,0.999741121531308
2000-01-11,0.9992789599875931,0.999741121531308
2000-01-12,0.9992789599875931,0.999741121531308
2000-01-13,0.9992789599875931,0.999741121531308
2000-01-14,0.9992789599875931,0.999741121531308
2000-01-17,0.9992789599875931,0.999741121531308
2000-01-18,0.9992789599875931,0.999741121531308
2000-01-19,0.9992789599875931,0.999741121531308
2000-01-20,0.9992789599875931,0.999741121531308
2000-01-21,0.9992789599875931,0.999741121531308
2000-01-24,0.9992789599875931,0.999741121531308
2000-01-25,0.9992789599875931,0.999741121531308
2000-01-26,0.9992789599875931,0.999741121531308
2000-01-27,0.9992789599875931,0.999741121531308
2000-01-28,0.9992789599875931,0.999741121531308
2000-01-31,0.6281507978203936,1.09636912072512
2000-02-01,0.9981782578265992,0.9997847288716291
2000-02-02,0.9981782578265992,0.9997847288261991
2000-02-03,0.9981782578265992,0.9997847288261991
2000-02-04,0.9981782578265992,0.9997847288261991
2000-02-07,0.9981782578265992,0.9997847288261991
2000-02-08,0.9981782578265992,0.9997847288261991
2000-02-09,0.9981782578265992,0.9997847288261991
2000-02-10,0.9981782578265992,0.9997847288261991
2000-02-11,0.9981782578265992,0.9997847288261991
2000-02-14,0.9981782578265992,0.9997847288261991
2000-02-15,0.9981782578265992,0.9997847288261991
2000-02-16,0.9981782578265992,0.9997847288261991
2000-02-17,0.9981782578265992,0.9997847288261991
2000-02-18,0.9981782578265992,0.9997847288261991
2000-02-21,0.9981782578265992,0.9997847288261991
2000-02-22,0.9981782578265992,0.9997847288261991
2000-02-23,0.9981782578265992,0.9997847288261991
2000-02-24,0.9981782578265992,0.9997847288261991
2000-02-25,0.9981782578265992,0.9997847288261991
2000-02-28,0.9981782578265992,0.9997847288261991
2000-02-29,0.47040208212468193,1.018788763806687
2000-03-01,0.9918747947007475,0.999792682602763
2000-03-02,0.9918747947007475,0.9997926825927984
2000-03-03,0.9918747947007475,0.9997926825927984
2000-03-06,0.9918747947007475,0.9997926825927984
2000-03-07,0.9918747947007475,0.9997926825927984
2000-03-08,0.9918747947007475,0.9997926825927984
2000-03-09,0.9918747947007475,0.9997926825927984
2000-03-10,0.9918747947007475,0.9997926825927984
2000-03-13,0.9918747947007475,0.9997926825927984
2000-03-14,0.9918747947007475,0.9997926825927984
2000-03-15,0.9918747947007475,0.9997926825927984
2000-03-16,0.9918747947007475,0.9997926825927984
2000-03-17,0.9918747947007475,0.9997926825927984
2000-03-20,0.9918747947007475,0.9997926825927984
2000-03-21,0.9918747947007475,0.9997926825927984
2000-03-22,0.9918747947007475,0.9997926825927984
2000-03-23,0.9918747947007475,0.9997926825927984
2000-03-24,0.9918747947007475,0.9997926825927984
2000-03-27,0.9918747947007475,0.9997926825927984
2000-03-28,0.9918747947007475,0.9997926825927984
2000-03-29,0.9918747947007475,0.9997926825927984
2000-03-30,0.9918747947007475,0.9997926825927984
2000-03-31,2.1106428805779975,0.9517875477729847
2000-04-03,0.9981884284688295,0.9997712496748251
2000-04-04,0.9981884284688295,0.9997712497027065
2000-04-05,0.9981884284688295,0.9997712497027065
2000-04-06,0.9981884284688295,0.9997712497027065
2000-04-07,0.9981884284688295,0.9997712497027065
2000-04-10,0.9981884284688295,0.9997712497027065
2000-04-11,0.9981884284688295,0.9997712497027065
2000-04-12,0.9981884284688295,0.9997712497027065
2000-04-13,0.9981884284688295,0.9997712497027065
2000-04-14,0.9981884284688295,0.9997712497027065
2000-04-17,0.9981884284688295,0.9997712497027065
2000-04-18,0.9981884284688295,0.9997712497027065
2000-04-19,0.9981884284688295,0.9997712497027065
2000-04-20,0.9981884284688295,0.9997712497027065
2000-04-21,0.9981884284688295,0.9997712497027065
2000-04-24,0.9981884284688295,0.9997712497027065
2000-04-25,0.9981884284688295,0.9997712497027065
2000-04-26,0.9981884284688295,0.9997712497027065
2000-04-27,0.9981884284688295,0.9997712497027065
2000-04-28,0.9981884284688295,0.9997712497027065
2000-05-01,0.02250355098080406,1.0975075977170652
2000-05-02,0.3503258430160946,0.9998101663714688
2000-05-03,0.3503258430160946,0.9998101663255841
2000-05-04,0.3503258430160946,0.9998101663255841
2000-05-05,0.3503258430160946,0.9998101663255841
2000-05-08,0.3503258430160946,0.9998101663255841
2000-05-09,0.3503258430160946,0.9998101663255841
2000-05-10,0.3503258430160946,0.9998101663255841
2000-05-11,0.3503258430160946,0.9998101663255841
2000-05-12,0.3503258430160946,0.9998101663255841
2000-05-15,0.3503258430160946,0.9998101663255841
2000-05-16,0.3503258430160946,0.9998101663255841
2000-05-17,0.3503258430160946,0.9998101663255841
2000-05-18,0.3503258430160946,0.9998101663255841
2000-05-19,0.3503258430160946,0.9998101663255841
2000-05-22,0.3503258430160946,0.9998101663255841
2000-05-23,0.3503258430160946,0.9998101663255841
2000-05-24,0.3503258430160946,0.9998101663255841
2000-05-25,0.3503258430160946,0.9998101663255841
2000-05-26,0.3503258430160946,0.9998101663255841
2000-05-29,0.3503258430160946,0.9998101663255841
2000-05-30,0.3503258430160946,0.9998101663255841
2000-05-31,-4.044006512809219,0.9286390694972023
2000-06-01,-0.9742116585926089,0.9997799634418117
2000-06-02,-0.9742116585926089,0.9997799634847209
2000-06-05,-0.9742116585926089,0.9997799634847209
2000-06-06,-0.9742116585926089,0.9997799634847209
2000-06-07,-0.9742116585926089,0.9997799634847209
2000-06-08,-0.9742116585926089,0.9997799634847209
2000-06-09,-0.9742116585926089,0.9997799634847209
2000-06-12,-0.9742116585926089,0.9997799634847209
2000-06-13,-0.9742116585926089,0.9997799634847209
2000-06-14,-0.9742116585926089,0.9997799634847209
2000-06-15,-0.9742116585926089,0.9997799634847209
2000-06-16,-0.9742116585926089,0.9997799634847209
2000-06-19,-0.9742116585926089,0.9997799634847209
2000-06-20,-0.9742116585926089,0.9997799634847209
2000-06-21,-0.9742116585926089,0.9997799634847209
2000-06-22,-0.9742116585926089,0.9997799634847209
2000-06-23,-0.9742116585926089,0.9997799634847209
2000-06-26,-0.9742116585926089,0.9997799634847209
2000-06-27,-0.9742116585926089,0.9997799634847209
2000-06-28,-0.9742116585926089,0.9997799634847209
2000-06-29,-0.9742116585926089,0.9997799634847209
2000-06-30,0.44527747250308014,0.9636838234876365
2000-07-03,0.8920124857383438,0.9997631771663084
2000-07-04,0.8920124857383438,0.9997631771868827
2000-07-05,0.8920124857383438,0.9997631771868827
2000-07-06,0.8920124857383438,0.9997631771868827
2000-07-07,0.8920124857383438,0.9997631771868827
2000-07-10,0.8920124857383438,0.9997631771868827
2000-07-11,0.8920124857383438,0.9997631771868827
2000-07-12,0.8920124857383438,0.9997631771868827
2000-07-13,0.8920124857383438,0.9997631771868827
2000-07-14,0.8920124857383438,0.9997631771868827
2000-07-17,0.8920124857383438,0.9997631771868827
2000-07-18,0.8920124857383438,0.9997631771868827
2000-07-19,0.8920124857383438,0.9997631771868827
2000-07-20,0.8920124857383438,0.9997631771868827
2000-07-21,0.8920124857383438,0.9997631771868827
2000-07-24,0.8920124857383438,0.9997631771868827
2000-07-25,0.8920124857383438,0.9997631771868827
2000-07-26,0.8920124857383438,0.9997631771868827
2000-07-27,0.8920124857383438,0.9997631771868827
2000-07-28,0.8920124857383438,0.9997631771868827
2000-07-31,-3.6005375252968497,1.0602008351919947
2000-08-01,-0.992211817177458,0.9997893999072205
2000-08-02,-0.992211817177458,0.9997893998773572
2000-08-03,-0.992211817177458,0.9997893998773572
2000-08-04,-0.992211817177458,0.9997893998773572
2000-08-07,-0.992211817177458,0.9997893998773572
2000-08-08,-0.992211817177458,0.9997893998773572
2000-08-09,-0.992211817177458,0.9997893998773572
2000-08-10,-0.992211817177458,0.9997893998773572
2000-08-11,-0.992211817177458,0.9997893998773572
2000-08-14,-0.992211817177458,0.9997893998773572
2000-08-15,-0.992211817177458,0.9997893998773572
2000-08-16,-0.992211817177458,0.9997893998773572
2000-08-17,-0.992211817177458,0.9997893998773572
2000-08-18,-0.992211817177458,0.9997893998773572
2000-08-21,-0.992211817177458,0.9997893998773572
2000-08-22,-0.992211817177458,0.9997893998773572
2000-08-23,-0.992211817177458,0.9997893998773572
2000-08-24,-0.992211817177458,0.9997893998773572
2000-08-25,-0.992211817177458,0.9997893998773572
2000-08-28,-0.992211817177458,0.9997893998773572
2000-08-29,-0.992211817177458,0.9997893998773572
2000-08-30,-0.992211817177458,0.9997893998773572
2000-08-31,-1.9739485806349981,0.9920272612161135
2000-09-01,-0.9980149322791031,0.9997860923511522
2000-09-04,-0.9980149322791031,0.999786092355388
2000-09-05,-0.9980149322791031,0.999786092355388
2000-09-06,-0.9980149322791031,0.999786092355388
2000-09-07,-0.9980149322791031,0.999786092355388
2000-09-08,-0.9980149322791031,0.999786092355388
2000-09-11,-0.9980149322791031,0.999786092355388
2000-09-12,-0.9980149322791031,0.999786092355388
2000-09-13,-0.9980149322791031,0.999786092355388
2000-09-14,-0.9980149322791031,0.999786092355388
2000-09-15,-0.9980149322791031,0.999786092355388
2000-09-18,-0.9980149322791031,0.999786092355388
2000-09-19,-0.9980149322791031,0.999786092355388
2000-09-20,-0.9980149322791031,0.999786092355388
2000-09-21,-0.9980149322791031,0.999786092355388
2000-09-22,-0.9980149322791031,0.999786092355388
2000-09-25,-0.9980149322791031,0.999786092355388
2000-09-26,-0.9980149322791031,0.999786092355388
2000-09-27,-0.9980149322791031,0.999786092355388
2000-09-28,-0.9980149322791031,0.999786092355388
2000-09-29,-0.9980149322791031,0.999786092355388
2000-10-02,-0.9490355875326202,1.0287447063287314
2000-10-03,-0.9978054392701707,0.9997979620436481
2000-10-04,-0.9978054392701707,0.9997979620286824
2000-10-05,-0.9978054392701707,0.9997979620286824
2000-10-06,-0.9978054392701707,0.9997979620286824
2000-10-09,-0.9978054392701707,0.9997979620286824
2000-10-10,-0.9978054392701707,0.9997979620286824
2000-10-11,-0.9978054392701707,0.9997979620286824
2000-10-12,-0.9978054392701707,0.9997979620286824
2000-10-13,-0.9978054392701707,0.9997979620286824
2000-10-16,-0.9978054392701707,0.9997979620286824
2000-10-17,-0.9978054392701707,0.9997979620286824
2000-10-18,-0.9978054392701707,0.9997979620286824
2000-10-19,-0.9978054392701707,0.9997979620286824
2000-10-20,-0.9978054392701707,0.9997979620286824
2000-10-23,-0.9978054392701707,0.9997979620286824
2000-10-24,-0.9978054392701707,0.9997979620286824
2000-10-25,-0.9978054392701707,0.9997979620286824
2000-10-26,-0.9978054392701707,0.9997979620286824
2000-10-27,-0.9978054392701707,0.9997979620286824
2000-10-30,-0.9978054392701707,0.9997979620286824
2000-10-31,-1.6852597756855237,1.0322708009983077
2000-11-01,-0.9992290350679004,0.9998104698424561
2000-11-02,-0.9992290350679004,0.999810469825759
2000-11-03,-0.9992290350679004,0.999810469825759
2000-11-06,-0.9992290350679004,0.999810469825759
2000-11-07,-0.9992290350679004,0.999810469825759
2000-11-08,-0.9992290350679004,0.999810469825759
2000-11-09,-0.9992290350679004,0.999810469825759
2000-11-10,-0.9992290350679004,0.999810469825759
2000-11-13,-0.9992290350679004,0.999810469825759
2000-11-14,-0.9992290350679004,0.999810469825759
2000-11-15,-0.9992290350679004,0.999810469825759
2000-11-16,-0.9992290350679004,0.999810469825759
2000-11-17,-0.9992290350679004,0.999810469825759
2000-11-20,-0.9992290350679004,0.999810469825759
2000-11-21,-0.9992290350679004,0.999810469825759
2000-11-22,-0.9992290350679004,0.999810469825759
2000-11-23,-0.9992290350679004,0.999810469825759
2000-11-24,-0.9992290350679004,0.999810469825759
2000-11-27,-0.9992290350679004,0.999810469825759
2000-11-28,-0.9992290350679004,0.999810469825759
2000-11-29,-0.9992290350679004,0.999810469825759
2000-11-30,-1.0985165704077189,0.9756277658629742
2000-12-01,-0.9993619743140829,0.9998009605104993
2000-12-04,-0.9993619743140829,0.9998009605240312
2000-12-05,-0.9993619743140829,0.9998009605240312
2000-12-06,-0.9993619743140829,0.9998009605240312
2000-12-07,-0.9993619743140829,0.9998009605240312
2000-12-08,-0.9993619743140829,0.9998009605240312
2000-12-11,-0.9993619743140829,0.9998009605240312
2000-12-12,-0.9993619743140829,0.9998009605240312
2000-12-13,-0.9993619743140829,0.9998009605240312
2000-12-14,-0.9993619743140829,0.9998009605240312
2000-12-15,-0.9993619743140829,0.9998009605240312
2000-12-18,-0.9993619743140829,0.9998009605240312
2000-12-19,-0.9993619743140829,0.9998009605240312
2000-12-20,-0.9993619743140829,0.9998009605240312
2000-12-21,-0.9993619743140829,0.9998009605240312
2000-12-22,-0.9993619743140829,0.9998009605240312
2000-12-25,-0.9993619743140829,0.9998009605240312
2000-12-26,-0.9993619743140829,0.9998009605240312
2000-12-27,-0.9993619743140829,0.9998009605240312
2000-12-28,-0.9993619743140829,0.9998009605240312
2000-12-29,-0.9993619743140829,0.9998009605240312
2001-01-01,-0.5228623928578905,0.9773178298524616
2001-01-02,-0.9976750791335632,0.9997917002905587
2001-01-03,-0.9976750791335632,0.9997917003031065
2001-01-04,-0.9976750791335632,0.9997917003031065
2001-01-05,-0.9976750791335632,0.9997917003031065
2001-01-08,-0.9976750791335632,0.9997917003031065
2001-01-09,-0.9976750791335632,0.9997917003031065
2001-01-10,-0.9976750791335632,0.9997917003031065
2001-01-11,-0.9976750791335632,0.9997917003031065
2001-01-12,-0.9976750791335632,0.9997917003031065
2001-01-15,-0.9976750791335632,0.9997917003031065
2001-01-16,-0.9976750791335632,0.9997917003031065
2001-01-17,-0.9976750791335632,0.9997917003031065
2001-01-18,-0.9976750791335632,0.9997917003031065
2001-01-19,-0.9976750791335632,0.9997917003031065
2001-01-22,-0.9976750791335632,0.9997917003031065
2001-01-23,-0.9976750791335632,0.9997917003031065
2001-01-24,-0.9976750791335632,0.9997917003031065
2001-01-25,-0.9976750791335632,0.9997917003031065
2001-01-26,-0.9976750791335632,0.9997917003031065
2001-01-29,-0.9976750791335632,0.9997917003031065
2001-01-30,-0.9976750791335632,0.9997917003031065
2001-01-31,-1.4454334852286304,1.0157816599604985
2001-02-01,-0.9988903565031794,0.9997982046382201
2001-02-02,-0.9988903565031794,0.9997982046297985
2001-02-05,-0.9988903565031794,0.9997982046297985
2001-02-06,-0.9988903565031794,0.9997982046297985
2001-02-07,-0.9988903565031794,0.9997982046297985
2001-02-08,-0.9988903565031794,0.9997982046297985
2001-02-09,-0.9988903565031794,0.9997982046297985
2001-02-12,-0.9988903565031794,0.9997982046297985
2001-02-13,-0.9988903565031794,0.9997982046297985
2001-02-14,-0.9988903565031794,0.9997982046297985
2001-02-15,-0.9988903565031794,0.9997982046297985
2001-02-16,-0.9988903565031794,0.9997982046297985
2001-02-19,-0.9988903565031794,0.9997982046297985
2001-02-20,-0.9988903565031794,0.9997982046297985
2001-02-21,-0.9988903565031794,0.9997982046297985
2001-02-22,-0.9988903565031794,0.9997982046297985
2001-02-23,-0.9988903565031794,0.9997982046297985
2001-02-26,-0.9988903565031794,0.9997982046297985
2001-02-27,-0.9988903565031794,0.9997982046297985
2001-02-28,-1.208610972446639,1.0098574700650345
2001-03-01,-0.9992416404882489,0.999802203622433
2001-03-02,-0.9992416404882489,0.9998022036170884
2001-03-05,-0.9992416404882489,0.9998022036170884
2001-03-06,-0.9992416404882489,0.9998022036170884
2001-03-07,-0.9992416404882489,0.9998022036170884
2001-03-08,-0.9992416404882489,0.9998022036170884
2001-03-09,-0.9992416404882489,0.9998022036170884
2001-03-12,-0.9992416404882489,0.9998022036170884
2001-03-13,-0.9992416404882489,0.9998022036170884
2001-03-14,-0.9992416404882489,0.9998022036170884
2001-03-15,-0.9992416404882489,0.9998022036170884
2001-03-16,-0.9992416404882489,0.9998022036170884
2001-03-19,-0.9992416404882489,0.9998022036170884
2001-03-20,-0.9992416404882489,0.9998022036170884
2001-03-21,-0.9992416404882489,0.9998022036170884
2001-03-22,-0.9992416404882489,0.9998022036170884
2001-03-23,-0.9992416404882489,0.9998022036170884
2001-03-26,-0.9992416404882489,0.9998022036170884
2001-03-27,-0.9992416404882489,0.9998022036170884
2001-03-28,-0.9992416404882489,0.9998022036170884
2001-03-29,-0.9992416404882489,0.9998022036170884
2001-03-30,-0.9992416404882489,0.9998022036170884
2001-04-02,-1.6934664873370768,1.1109090639131545
2001-04-03,-0.9997357682141915,0.9998397810555387
2001-04-04,-0.9997357682141915,0.9998397810042973
2001-04-05,-0.9997357682141915,0.9998397810042973
2001-04-06,-0.9997357682141915,0.9998397810042973
2001-04-09,-0.9997357682141915,0.9998397810042973
2001-04-10,-0.9997357682141915,0.9998397810042973
2001-04-11,-0.9997357682141915,0.9998397810042973
2001-04-12,-0.9997357682141915,0.9998397810042973
2001-04-13,-0.9997357682141915,0.9998397810042973
2001-04-16,-0.9997357682141915,0.9998397810042973
2001-04-17,-0.9997357682141915,0.9998397810042973
2001-04-18,-0.9997357682141915,0.9998397810042973
2001-04-19,-0.9997357682141915,0.9998397810042973
2001-04-20,-0.9997357682141915,0.9998397810042973
2001-04-23,-0.9997357682141915,0.9998397810042973
2001-04-24,-0.9997357682141915,0.9998397810042973
2001-04-25,-0.9997357682141915,0.9998397810042973
2001-04-26,-0.9997357682141915,0.9998397810042973
2001-04-27,-0.9997357682141915,0.9998397810042973
2001-04-30,-0.8967147038035188,0.9796460519263208
2001-05-01,-0.9996715985082001,0.999833109305034
2001-05-02,-0.9996715985082001,0.9998331093162653
2001-05-03,-0.9996715985082001,0.9998331093162653
2001-05-04,-0.9996715985082001,0.9998331093162653
2001-05-07,-0.9996715985082001,0.9998331093162653
2001-05-08,-0.9996715985082001,0.9998331093162653
2001-05-09,-0.9996715985082001,0.9998331093162653
2001-05-10,-0.9996715985082001,0.9998331093162653
2001-05-11,-0.9996715985082001,0.9998331093162653
2001-05-14,-0.9996715985082001,0.9998331093162653
2001-05-15,-0.9996715985082001,0.9998331093162653
2001-05-16,-0.9996715985082001,0.9998331093162653
2001-05-17,-0.9996715985082001,0.9998331093162653
2001-05-18,-0.9996715985082001,0.9998331093162653
2001-05-21,-0.9996715985082001,0.9998331093162653
2001-05-22,-0.9996715985082001,0.9998331093162653
2001-05-23,-0.9996715985082001,0.9998331093162653
2001-05-24,-0.9996715985082001,0.9998331093162653
2001-05-25,-0.9996715985082001,0.9998331093162653
2001-05-28,-0.9996715985082001,0.9998331093162653
2001-05-29,-0.9996715985082001,0.9998331093162653
2001-05-30,-0.9996715985082001,0.9998331093162653
2001-05-31,-1.0424329046331287,1.0043671876681435
2001-06-01,-0.9996979764586841,0.9998346123546672
2001-06-04,-0.9996979764586841,0.9998346123522381
2001-06-05,-0.9996979764586841,0.9998346123522381
2001-06-06,-0.9996979764586841,0.9998346123522381
2001-06-07,-0.9996979764586841,0.9998346123522381
2001-06-08,-0.9996979764586841,0.9998346123522381
2001-06-11,-0.9996979764586841,0.9998346123522381
2001-06-12,-0.9996979764586841,0.9998346123522381
2001-06-13,-0.9996979764586841,0.9998346123522381
2001-06-14,-0.9996979764586841,0.9998346123522381
2001-06-15,-0.9996979764586841,0.9998346123522381
2001-06-18,-0.9996979764586841,0.9998346123522381
2001-06-19,-0.9996979764586841,0.9998346123522381
2001-06-20,-0.9996979764586841,0.9998346123522381
2001-06-21,-0.9996979764586841,0.9998346123522381
2001-06-22,-0.9996979764586841,0.9998346123522381
2001-06-25,-0.9996979764586841,0.9998346123522381
2001-06-26,-0.9996979764586841,0.9998346123522381
2001-06-27,-0.9996979764586841,0.9998346123522381
2001-06-28,-0.9996979764586841,0.9998346123522381
2001-06-29,-0.9996979764586841,0.9998346123522381
2001-07-02,-1.1870826592151218,1.039091141190167
2001-07-03,-0.9997857732439648,0.9998468700795854
2001-07-04,-0.9997857732439648,0.9998468700595947
2001-07-05,-0.9997857732439648,0.9998468700595947
2001-07-06,-0.9997857732439648,0.9998468700595947
2001-07-09,-0.9997857732439648,0.9998468700595947
2001-07-10,-0.9997857732439648,0.9998468700595947
2001-07-11,-0.9997857732439648,0.9998468700595947
2001-07-12,-0.9997857732439648,0.9998468700595947
2001-07-13,-0.9997857732439648,0.9998468700595947
2001-07-16,-0.9997857732439648,0.9998468700595947
2001-07-17,-0.9997857732439648,0.9998468700595947
2001-07-18,-0.9997857732439648,0.9998468700595947
2001-07-19,-0.9997857732439648,0.9998468700595947
2001-07-20,-0.9997857732439648,0.9998468700595947
2001-07-23,-0.9997857732439648,0.9998468700595947
2001-07-24,-0.9997857732439648,0.9998468700595947
2001-07-25,-0.9997857732439648,0.9998468700595947
2001-07-26,-0.9997857732439648,0.9998468700595947
2001-07-27,-0.9997857732439648,0.9998468700595947
2001-07-30,-0.9997857732439648,0.9998468700595947
2001-07-31,-0.8958374220302456,0.9771485037811993
2001-08-01,-0.9997331943918041,0.9998396749825348
2001-08-02,-0.9997331943918041,0.999839674995208
2001-08-03,-0.9997331943918041,0.999839674995208
2001-08-06,-0.9997331943918041,0.999839674995208
2001-08-07,-0.9997331943918041,0.999839674995208
2001-08-08,-0.9997331943918041,0.999839674995208
2001-08-09,-0.9997331943918041,0.999839674995208
2001-08-10,-0.9997331943918041,0.999839674995208
2001-08-13,-0.9997331943918041,0.999839674995208
2001-08-14,-0.9997331943918041,0.999839674995208
2001-08-15,-0.9997331943918041,0.999839674995208
2001-08-16,-0.9997331943918041,0.999839674995208
2001-08-17,-0.9997331943918041,0.999839674995208
2001-08-20,-0.9997331943918041,0.999839674995208
2001-08-21,-0.9997331943918041,0.999839674995208
2001-08-22,-0.9997331943918041,0.999839674995208
2001-08-23,-0.9997331943918041,0.999839674995208
2001-08-24,-0.9997331943918041,0.999839674995208
2001-08-27,-0.9997331943918041,0.999839674995208
2001-08-28,-0.9997331943918041,0.999839674995208
2001-08-29,-0.9997331943918041,0.999839674995208
2001-08-30,-0.9997331943918041,0.999839674995208
2001-08-31,-0.6700883754940715,0.9227246934667218
2001-09-03,-0.9994064107551436,0.9998117653295207
2001-09-04,-0.9994064107551436,0.9998117653764721
2001-09-05,-0.9994064107551436,0.9998117653764721
2001-09-06,-0.9994064107551436,0.9998117653764721
2001-09-07,-0.9994064107551436,0.9998117653764721
2001-09-10,-0.9994064107551436,0.9998117653764721
2001-09-11,-0.9994064107551436,0.9998117653764721
2001-09-12,-0.9994064107551436,0.9998117653764721
2001-09-13,-0.9994064107551436,0.9998117653764721
2001-09-14,-0.9994064107551436,0.9998117653764721
2001-09-17,-0.9994064107551436,0.9998117653764721
2001-09-18,-0.9994064107551436,0.9998117653764721
2001-09-19,-0.9994064107551436,0.9998117653764721
2001-09-20,-0.9994064107551436,0.9998117653764721
2001-09-21,-0.9994064107551436,0.9998117653764721
2001-09-24,-0.9994064107551436,0.9998117653764721
2001-09-25,-0.9994064107551436,0.9998117653764721
2001-09-26,-0.9994064107551436,0.9998117653764721
2001-09-27,-0.9994064107551436,0.9998117653764721
2001-09-28,-0.9994064107551436,0.9998117653764721
2001-10-01,-0.9872814405059697,1.0032687595556515
2001-10-02,-0.9993917546673661,0.9998130599918096
2001-10-03,-0.9993917546673661,0.9998130599899546
2001-10-04,-0.9993917546673661,0.9998130599899546
2001-10-05,-0.9993917546673661,0.9998130599899546
2001-10-08,-0.9993917546673661,0.9998130599899546
2001-10-09,-0.9993917546673661,0.9998130599899546
2001-10-10,-0.9993917546673661,0.9998130599899546
2001-10-11,-0.9993917546673661,0.9998130599899546
2001-10-12,-0.9993917546673661,0.9998130599899546
2001-10-15,-0.9993917546673661,0.9998130599899546
2001-10-16,-0.9993917546673661,0.9998130599899546
2001-10-17,-0.9993917546673661,0.9998130599899546
2001-10-18,-0.9993917546673661,0.9998130599899546
2001-10-19,-0.9993917546673661,0.9998130599899546
2001-10-22,-0.9993917546673661,0.9998130599899546
2001-10-23,-0.9993917546673661,0.9998130599899546
2001-10-24,-0.9993917546673661,0.9998130599899546
2001-10-25,-0.9993917546673661,0.9998130599899546
2001-10-26,-0.9993917546673661,0.9998130599899546
2001-10-29,-0.9993917546673661,0.9998130599899546
2001-10-30,-0.9993917546673661,0.9998130599899546
2001-10-31,-1.245773531172083,1.032402734821877
2001-11-01,-0.9996084264556878,0.9998246728755749
2001-11-02,-0.9996084264556878,0.99982467285882
2001-11-05,-0.9996084264556878,0.99982467285882
2001-11-06,-0.9996084264556878,0.99982467285882
2001-11-07,-0.9996084264556878,0.99982467285882
2001-11-08,-0.9996084264556878,0.99982467285882
2001-11-09,-0.9996084264556878,0.99982467285882
2001-11-12,-0.9996084264556878,0.99982467285882
2001-11-13,-0.9996084264556878,0.99982467285882
2001-11-14,-0.9996084264556878,0.99982467285882
2001-11-15,-0.9996084264556878,0.99982467285882
2001-11-16,-0.9996084264556878,0.99982467285882
2001-11-19,-0.9996084264556878,0.99982467285882
2001-11-20,-0.9996084264556878,0.99982467285882
2001-11-21,-0.9996084264556878,0.99982467285882
2001-11-22,-0.9996084264556878,0.99982467285882
2001-11-23,-0.9996084264556878,0.99982467285882
2001-11-26,-0.9996084264556878,0.99982467285882
2001-11-27,-0.9996084264556878,0.99982467285882
2001-11-28,-0.9996084264556878,0.99982467285882
2001-11-29,-0.9996084264556878,0.99982467285882
2001-11-30,-1.1162745342153344,0.9979493842767874
2001-12-03,-0.9996859623957284,0.9998240134837283
2001-12-04,-0.9996859623957284,0.9998240134847427
2001-12-05,-0.9996859623957284,0.9998240134847427
2001-12-06,-0.9996859623957284,0.9998240134847427
2001-12-07,-0.9996859623957284,0.9998240134847427
2001-12-10,-0.9996859623957284,0.9998240134847427
2001-12-11,-0.9996859623957284,0.9998240134847427
2001-12-12,-0.9996859623957284,0.9998240134847427
2001-12-13,-0.9996859623957284,0.9998240134847427
2001-12-14,-0.9996859623957284,0.9998240134847427
2001-12-17,-0.9996859623957284,0.9998240134847427
2001-12-18,-0.9996859623957284,0.9998240134847427
2001-12-19,-0.9996859623957284,0.9998240134847427
2001-12-20,-0.9996859623957284,0.9998240134847427
2001-12-21,-0.9996859623957284,0.9998240134847427
2001-12-24,-0.9996859623957284,0.9998240134847427
2001-12-25,-0.9996859623957284,0.9998240134847427
2001-12-26,-0.9996859623957284,0.9998240134847427
2001-12-27,-0.9996859623957284,0.9998240134847427
2001-12-28,-0.9996859623957284,0.9998240134847427
2001-12-31,-1.1738729141096411,1.0808728310011937
2002-01-01,-0.9997722161723501,0.9998494108207233
2002-01-02,-0.9997722161723501,0.9998494107817982
2002-01-03,-0.9997722161723501,0.9998494107817982
2002-01-04,-0.9997722161723501,0.9998494107817982
2002-01-07,-0.9997722161723501,0.9998494107817982
2002-01-08,-0.9997722161723501,0.9998494107817982
2002-01-09,-0.9997722161723501,0.9998494107817982
2002-01-10,-0.9997722161723501,0.9998494107817982
2002-01-11,-0.9997722161723501,0.9998494107817982
2002-01-14,-0.9997722161723501,0.9998494107817982
2002-01-15,-0.9997722161723501,0.9998494107817982
2002-01-16,-0.9997722161723501,0.9998494107817982
2002-01-17,-0.9997722161723501,0.9998494107817982
2002-01-18,-0.9997722161723501,0.9998494107817982
2002-01-21,-0.9997722161723501,0.9998494107817982
2002-01-22,-0.9997722161723501,0.9998494107817982
2002-01-23,-0.9997722161723501,0.9998494107817982
2002-01-24,-0.9997722161723501,0.9998494107817982
2002-01-25,-0.9997722161723501,0.9998494107817982
2002-01-28,-0.9997722161723501,0.9998494107817982
2002-01-29,-0.9997722161723501,0.9998494107817982
2002-01-30,-0.9997722161723501,0.9998494107817982
2002-01-31,-1.2657660542642817,1.0368319684529173
2002-02-01,-0.9998578738677224,0.9998599596680565
2002-02-04,-0.9998578738677224,0.999859959649162
2002-02-05,-0.9998578738677224,0.999859959649162
2002-02-06,-0.9998578738677224,0.999859959649162
2002-02-07,-0.9998578738677224,0.999859959649162
2002-02-08,-0.9998578738677224,0.999859959649162
2002-02-11,-0.9998578738677224,0.999859959649162
2002-02-12,-0.9998578738677224,0.999859959649162
2002-02-13,-0.9998578738677224,0.999859959649162
2002-02-14,-0.9998578738677224,0.999859959649162
2002-02-15,-0.9998578738677224,0.999859959649162
2002-02-18,-0.9998578738677224,0.999859959649162
2002-02-19,-0.9998578738677224,0.999859959649162
2002-02-20,-0.9998578738677224,0.999859959649162
2002-02-21,-0.9998578738677224,0.999859959649162
2002-02-22,-0.9998578738677224,0.999859959649162
2002-02-25,-0.9998578738677224,0.999859959649162
2002-02-26,-0.9998578738677224,0.999859959649162
2002-02-27,-0.9998578738677224,0.999859959649162
2002-02-28,-0.9879711863026032,0.99072332021708
2002-03-01,-0.999854434089604,0.9998573653319824
2002-03-04,-0.999854434089604,0.9998573653369793
2002-03-05,-0.999854434089604,0.9998573653369793
2002-03-06,-0.999854434089604,0.9998573653369793
2002-03-07,-0.999854434089604,0.9998573653369793
2002-03-08,-0.999854434089604,0.9998573653369793
2002-03-11,-0.999854434089604,0.9998573653369793
2002-03-12,-0.999854434089604,0.9998573653369793
2002-03-13,-0.999854434089604,0.9998573653369793
2002-03-14,-0.999854434089604,0.9998573653369793
2002-03-15,-0.999854434089604,0.9998573653369793
2002-03-18,-0.999854434089604,0.9998573653369793
2002-03-19,-0.999854434089604,0.9998573653369793
2002-03-20,-0.999854434089604,0.9998573653369793
2002-03-21,-0.999854434089604,0.9998573653369793
2002-03-22,-0.999854434089604,0.9998573653369793
2002-03-25,-0.999854434089604,0.9998573653369793
2002-03-26,-0.999854434089604,0.9998573653369793
2002-03-27,-0.999854434089604,0.9998573653369793
2002-03-28,-0.999854434089604,0.9998573653369793
2002-03-29,-0.999854434089604,0.9998573653369793
2002-04-01,-0.9418666559419578,0.9886699720612815
2002-04-02,-0.9998359627971488,0.9998541197851375
2002-04-03,-0.9998359627971488,0.999854119791275
2002-04-04,-0.9998359627971488,0.999854119791275
2002-04-05,-0.9998359627971488,0.999854119791275
2002-04-08,-0.9998359627971488,0.999854119791275
2002-04-09,-0.9998359627971488,0.999854119791275
2002-04-10,-0.9998359627971488,0.999854119791275
2002-04-11,-0.9998359627971488,0.999854119791275
2002-04-12,-0.9998359627971488,0.999854119791275
2002-04-15,-0.9998359627971488,0.999854119791275
2002-04-16,-0.9998359627971488,0.999854119791275
2002-04-17,-0.9998359627971488,0.999854119791275
2002-04-18,-0.9998359627971488,0.999854119791275
2002-04-19,-0.9998359627971488,0.999854119791275
2002-04-22,-0.9998359627971488,0.999854119791275
2002-04-23,-0.9998359627971488,0.999854119791275
2002-04-24,-0.9998359627971488,0.999854119791275
2002-04-25,-0.9998359627971488,0.999854119791275
2002-04-26,-0.9998359627971488,0.999854119791275
2002-04-29,-0.9998359627971488,0.999854119791275
2002-04-30,-0.7883006051769341,0.9479635767706064
2002-05-01,-0.9997361536403379,0.9998377159869577
2002-05-02,-0.9997361536403379,0.9998377160172869
2002-05-03,-0.9997361536403379,0.9998377160172869
2002-05-06,-0.9997361536403379,0.9998377160172869
2002-05-07,-0.9997361536403379,0.9998377160172869
2002-05-08,-0.9997361536403379,0.9998377160172869
2002-05-09,-0.9997361536403379,0.9998377160172869
2002-05-10,-0.9997361536403379,0.9998377160172869
2002-05-13,-0.9997361536403379,0.9998377160172869
2002-05-14,-0.9997361536403379,0.9998377160172869
2002-05-15,-0.9997361536403379,0.9998377160172869
2002-05-16,-0.9997361536403379,0.9998377160172869
2002-05-17,-0.9997361536403379,0.9998377160172869
2002-05-20,-0.9997361536403379,0.9998377160172869
2002-05-21,-0.9997361536403379,0.9998377160172869
2002-05-22,-0.9997361536403379,0.9998377160172869
2002-05-23,-0.9997361536403379,0.9998377160172869
2002-05-24,-0.9997361536403379,0.9998377160172869
2002-05-27,-0.9997361536403379,0.9998377160172869
2002-05-28,-0.9997361536403379,0.9998377160172869
2002-05-29,-0.9997361536403379,0.9998377160172869
2002-05-30,-0.9997361536403379,0.9998377160172869
2002-05-31,-0.6122959805275335,0.8429868605849674
2002-06-03,-0.9992970686940315,0.9997717292503767
2002-06-04,-0.9992970686940315,0.9997717293600372
2002-06-05,-0.9992970686940315,0.9997717293600372
2002-06-06,-0.9992970686940315,0.9997717293600372
2002-06-07,-0.9992970686940315,0.9997717293600372
2002-06-10,-0.9992970686940315,0.9997717293600372
2002-06-11,-0.9992970686940315,0.9997717293600372
2002-06-12,-0.9992970686940315,0.9997717293600372
2002-06-13,-0.9992970686940315,0.9997717293600372
2002-06-14,-0.9992970686940315,0.9997717293600372
2002-06-17,-0.9992970686940315,0.9997717293600372
2002-06-18,-0.9992970686940315,0.9997717293600372
2002-06-19,-0.9992970686940315,0.9997717293600372
2002-06-20,-0.9992970686940315,0.9997717293600372
2002-06-21,-0.9992970686940315,0.9997717293600372
2002-06-24,-0.9992970686940315,0.9997717293600372
2002-06-25,-0.9992970686940315,0.9997717293600372
2002-06-26,-0.9992970686940315,0.9997717293600372
2002-06-27,-0.9992970686940315,0.9997717293600372
2002-06-28,-0.9992970686940315,0.9997717293600372
2002-07-01,-0.5720403424864683,1.0228779018877139
2002-07-02,-0.9978595220278456,0.9997819225357528
2002-07-03,-0.9978595220278456,0.9997819225237099
2002-07-04,-0.9978595220278456,0.9997819225237099
2002-07-05,-0.9978595220278456,0.9997819225237099
2002-07-08,-0.9978595220278456,0.9997819225237099
2002-07-09,-0.9978595220278456,0.9997819225237099
2002-07-10,-0.9978595220278456,0.9997819225237099
2002-07-11,-0.9978595220278456,0.9997819225237099
2002-07-12,-0.9978595220278456,0.9997819225237099
2002-07-15,-0.9978595220278456,0.9997819225237099
2002-07-16,-0.9978595220278456,0.9997819225237099
2002-07-17,-0.9978595220278456,0.9997819225237099
2002-07-18,-0.9978595220278456,0.9997819225237099
2002-07-19,-0.9978595220278456,0.9997819225237099
2002-07-22,-0.9978595220278456,0.9997819225237099
2002-07-23,-0.9978595220278456,0.9997819225237099
2002-07-24,-0.9978595220278456,0.9997819225237099
2002-07-25,-0.9978595220278456,0.9997819225237099
2002-07-26,-0.9978595220278456,0.9997819225237099
2002-07-29,-0.9978595220278456,0.9997819225237099
2002-07-30,-0.9978595220278456,0.9997819225237099
2002-07-31,-0.7473638813458805,1.0284630049363859
2002-08-01,-0.9961937576353338,0.9997939124250383
2002-08-02,-0.9961937576353338,0.9997939124102101
2002-08-05,-0.9961937576353338,0.9997939124102101
2002-08-06,-0.9961937576353338,0.9997939124102101
2002-08-07,-0.9961937576353338,0.9997939124102101
2002-08-08,-0.9961937576353338,0.9997939124102101
2002-08-09,-0.9961937576353338,0.9997939124102101
2002-08-12,-0.9961937576353338,0.9997939124102101
2002-08-13,-0.9961937576353338,0.9997939124102101
2002-08-14,-0.9961937576353338,0.9997939124102101
2002-08-15,-0.9961937576353338,0.9997939124102101
2002-08-16,-0.9961937576353338,0.9997939124102101
2002-08-19,-0.9961937576353338,0.9997939124102101
2002-08-20,-0.9961937576353338,0.9997939124102101
2002-08-21,-0.9961937576353338,0.9997939124102101
2002-08-22,-0.9961937576353338,0.9997939124102101
2002-08-23,-0.9961937576353338,0.9997939124102101
2002-08-26,-0.9961937576353338,0.9997939124102101
2002-08-27,-0.9961937576353338,0.9997939124102101
2002-08-28,-0.9961937576353338,0.9997939124102101
2002-08-29,-0.9961937576353338,0.9997939124102101
2002-08-30,-0.9961937576353338,0.9997939124102101
2002-09-02,-1.0025202502589503,0.9841999678432225
2002-09-03,-0.9962413756675874,0.9997873321448117
2002-09-04,-0.9962413756675874,0.9997873321534231
2002-09-05,-0.9962413756675874,0.9997873321534231
2002-09-06,-0.9962413756675874,0.9997873321534231
2002-09-09,-0.9962413756675874,0.9997873321534231
2002-09-10,-0.9962413756675874,0.9997873321534231
2002-09-11,-0.9962413756675874,0.9997873321534231
2002-09-12,-0.9962413756675874,0.9997873321534231
2002-09-13,-0.9962413756675874,0.9997873321534231
2002-09-16,-0.9962413756675874,0.9997873321534231
2002-09-17,-0.9962413756675874,0.9997873321534231
2002-09-18,-0.9962413756675874,0.9997873321534231
2002-09-19,-0.9962413756675874,0.9997873321534231
2002-09-20,-0.9962413756675874,0.9997873321534231
2002-09-23,-0.9962413756675874,0.9997873321534231
2002-09-24,-0.9962413756675874,0.9997873321534231
2002-09-25,-0.9962413756675874,0.9997873321534231
2002-09-26,-0.9962413756675874,0.9997873321534231
2002-09-27,-0.9962413756675874,0.9997873321534231
2002-09-30,-0.9795095133624284,1.0298349415663703
2002-10-01,-0.9961126244018051,0.9997995575127322
2002-10-02,-0.9961126244018051,0.9997995574972282
2002-10-03,-0.9961126244018051,0.9997995574972282
2002-10-04,-0.9961126244018051,0.9997995574972282
2002-10-07,-0.9961126244018051,0.9997995574972282
2002-10-08,-0.9961126244018051,0.9997995574972282
2002-10-09,-0.9961126244018051,0.9997995574972282
2002-10-10,-0.9961126244018051,0.9997995574972282
2002-10-11,-0.9961126244018051,0.9997995574972282
2002-10-14,-0.9961126244018051,0.9997995574972282
2002-10-15,-0.9961126244018051,0.9997995574972282
2002-10-16,-0.9961126244018051,0.9997995574972282
2002-10-17,-0.9961126244018051,0.9997995574972282
2002-10-18,-0.9961126244018051,0.9997995574972282
2002-10-21,-0.9961126244018051,0.9997995574972282
2002-10-22,-0.9961126244018051,0.9997995574972282
2002-10-23,-0.9961126244018051,0.9997995574972282
2002-10-24,-0.9961126244018051,0.9997995574972282
2002-10-25,-0.9961126244018051,0.9997995574972282
2002-10-28,-0.9961126244018051,0.9997995574972282
2002-10-29,-0.9961126244018051,0.9997995574972282
2002-10-30,-0.9961126244018051,0.9997995574972282
2002-10-31,-1.1639781713712674,1.0053135784705014
2002-11-01,-0.9971485796289665,0.9998017496225183
2002-11-04,-0.9971485796289665,0.9998017496195686
2002-11-05,-0.9971485796289665,0.9998017496195686
2002-11-06,-0.9971485796289665,0.9998017496195686
2002-11-07,-0.9971485796289665,0.9998017496195686
2002-11-08,-0.9971485796289665,0.9998017496195686
2002-11-11,-0.9971485796289665,0.9998017496195686
2002-11-12,-0.9971485796289665,0.9998017496195686
2002-11-13,-0.9971485796289665,0.9998017496195686
2002-11-14,-0.9971485796289665,0.9998017496195686
2002-11-15,-0.9971485796289665,0.9998017496195686
2002-11-18,-0.9971485796289665,0.9998017496195686
2002-11-19,-0.9971485796289665,0.9998017496195686
2002-11-20,-0.9971485796289665,0.9998017496195686
2002-11-21,-0.9971485796289665,0.9998017496195686
2002-11-22,-0.9971485796289665,0.9998017496195686
2002-11-25,-0.9971485796289665,0.9998017496195686
2002-11-26,-0.9971485796289665,0.9998017496195686
2002-11-27,-0.9971485796289665,0.9998017496195686
2002-11-28,-0.9971485796289665,0.9998017496195686
2002-11-29,-0.9971485796289665,0.9998017496195686
2002-12-02,-1.0023726172181624,0.9894875793296916
2002-12-03,-0.9971780981575107,0.9997975963105799
2002-12-04,-0.9971780981575107,0.9997975963162302
2002-12-05,-0.9971780981575107,0.9997975963162302
2002-12-06,-0.9971780981575107,0.9997975963162302
2002-12-09,-0.9971780981575107,0.9997975963162302
2002-12-10,-0.9971780981575107,0.9997975963162302
2002-12-11,-0.9971780981575107,0.9997975963162302
2002-12-12,-0.9971780981575107,0.9997975963162302
2002-12-13,-0.9971780981575107,0.9997975963162302
2002-12-16,-0.9971780981575107,0.9997975963162302
2002-12-17,-0.9971780981575107,0.9997975963162302
2002-12-18,-0.9971780981575107,0.9997975963162302
2002-12-19,-0.9971780981575107,0.9997975963162302
2002-12-20,-0.9971780981575107,0.9997975963162302
2002-12-23,-0.9971780981575107,0.9997975963162302
2002-12-24,-0.9971780981575107,0.9997975963162302
2002-12-25,-0.9971780981575107,0.9997975963162302
2002-12-26,-0.9971780981575107,0.9997975963162302
2002-12-27,-0.9971780981575107,0.9997975963162302
2002-12-30,-0.9971780981575107,0.9997975963162302
2002-12-31,0.3630820666845987,0.9243813128998596
2003-01-01,0.9792862002791405,0.9997632347516539
2003-01-02,0.9792862002791405,0.9997632347974382
2003-01-03,0.9792862002791405,0.9997632347974382
2003-01-06,0.9792862002791405,0.9997632347974382
2003-01-07,0.9792862002791405,0.9997632347974382
2003-01-08,0.9792862002791405,0.9997632347974382
2003-01-09,0.9792862002791405,0.9997632347974382
2003-01-10,0.9792862002791405,0.9997632347974382
2003-01-13,0.9792862002791405,0.9997632347974382
2003-01-14,0.9792862002791405,0.9997632347974382
2003-01-15,0.9792862002791405,0.9997632347974382
2003-01-16,0.9792862002791405,0.9997632347974382
2003-01-17,0.9792862002791405,0.9997632347974382
2003-01-20,0.9792862002791405,0.9997632347974382
2003-01-21,0.9792862002791405,0.9997632347974382
2003-01-22,0.9792862002791405,0.9997632347974382
2003-01-23,0.9792862002791405,0.9997632347974382
2003-01-24,0.9792862002791405,0.9997632347974382
2003-01-27,0.9792862002791405,0.9997632347974382
2003-01-28,0.9792862002791405,0.9997632347974382
2003-01-29,0.9792862002791405,0.9997632347974382
2003-01-30,0.9792862002791405,0.9997632347974382
2003-01-31,2.1949314963261384,0.9944845086137932
2003-02-03,0.9957719966619705,0.9997607155280172
2003-02-04,0.9957719966619705,0.9997607155308866
2003-02-05,0.9957719966619705,0.9997607155308866
2003-02-06,0.9957719966619705,0.9997607155308866
2003-02-07,0.9957719966619705,0.9997607155308866
2003-02-10,0.9957719966619705,0.9997607155308866
2003-02-11,0.9957719966619705,0.9997607155308866
2003-02-12,0.9957719966619705,0.9997607155308866
2003-02-13,0.9957719966619705,0.9997607155308866
2003-02-14,0.9957719966619705,0.9997607155308866
2003-02-17,0.9957719966619705,0.9997607155308866
2003-02-18,0.9957719966619705,0.9997607155308866
2003-02-19,0.9957719966619705,0.9997607155308866
2003-02-20,0.9957719966619705,0.9997607155308866
2003-02-21,0.9957719966619705,0.9997607155308866
2003-02-24,0.9957719966619705,0.9997607155308866
2003-02-25,0.9957719966619705,0.9997607155308866
2003-02-26,0.9957719966619705,0.9997607155308866
2003-02-27,0.9957719966619705,0.9997607155308866
2003-02-28,0.7040694193768766,0.9162355141163457
2003-03-03,0.9915960472654655,0.9997151194751368
2003-03-04,0.9915960472654655,0.9997151195265229
2003-03-05,0.9915960472654655,0.9997151195265229
2003-03-06,0.9915960472654655,0.9997151195265229
2003-03-07,0.9915960472654655,0.9997151195265229
2003-03-10,0.9915960472654655,0.9997151195265229
2003-03-11,0.9915960472654655,0.9997151195265229
2003-03-12,0.9915960472654655,0.9997151195265229
2003-03-13,0.9915960472654655,0.9997151195265229
2003-03-14,0.9915960472654655,0.9997151195265229
2003-03-17,0.9915960472654655,0.9997151195265229
2003-03-18,0.9915960472654655,0.9997151195265229
2003-03-19,0.9915960472654655,0.9997151195265229
2003-03-20,0.9915960472654655,0.9997151195265229
2003-03-21,0.9915960472654655,0.9997151195265229
2003-03-24,0.9915960472654655,0.9997151195265229
2003-03-25,0.9915960472654655,0.9997151195265229
2003-03-26,0.9915960472654655,0.9997151195265229
2003-03-27,0.9915960472654655,0.9997151195265229
2003-03-28,0.9915960472654655,0.9997151195265229
2003-03-31,1.0814069603986747,1.012983928524011
2003-04-01,0.9929198075763109,0.9997225307164516
2003-04-02,0.9929198075763109,0.9997225307094361
2003-04-03,0.9929198075763109,0.9997225307094361
2003-04-04,0.9929198075763109,0.9997225307094361
2003-04-07,0.9929198075763109,0.9997225307094361
2003-04-08,0.9929198075763109,0.9997225307094361
2003-04-09,0.9929198075763109,0.9997225307094361
2003-04-10,0.9929198075763109,0.9997225307094361
2003-04-11,0.9929198075763109,0.9997225307094361
2003-04-14,0.9929198075763109,0.9997225307094361
2003-04-15,0.9929198075763109,0.9997225307094361
2003-04-16,0.9929198075763109,0.9997225307094361
2003-04-17,0.9929198075763109,0.9997225307094361
2003-04-18,0.9929198075763109,0.9997225307094361
2003-04-21,0.9929198075763109,0.9997225307094361
2003-04-22,0.9929198075763109,0.9997225307094361
2003-04-23,0.9929198075763109,0.9997225307094361
2003-04-24,0.9929198075763109,0.9997225307094361
2003-04-25,0.9929198075763109,0.9997225307094361
2003-04-28,0.9929198075763109,0.9997225307094361
2003-04-29,0.9929198075763109,0.9997225307094361
2003-04-30,1.5877010570886159,0.981336710528631
2003-05-01,0.9972129237810975,0.9997120407921211
2003-05-02,0.9972129237810975,0.9997120408023159
2003-05-05,0.9972129237810975,0.9997120408023159
2003-05-06,0.9972129237810975,0.9997120408023159
2003-05-07,0.9972129237810975,0.9997120408023159
2003-05-08,0.9972129237810975,0.9997120408023159
2003-05-09,0.9972129237810975,0.9997120408023159
2003-05-12,0.9972129237810975,0.9997120408023159
2003-05-13,0.9972129237810975,0.9997120408023159
2003-05-14,0.9972129237810975,0.9997120408023159
2003-05-15,0.9972129237810975,0.9997120408023159
2003-05-16,0.9972129237810975,0.9997120408023159
2003-05-19,0.9972129237810975,0.9997120408023159
2003-05-20,0.9972129237810975,0.9997120408023159
2003-05-21,0.9972129237810975,0.9997120408023159
2003-05-22,0.9972129237810975,0.9997120408023159
2003-05-23,0.9972129237810975,0.9997120408023159
2003-05-26,0.9972129237810975,0.9997120408023159
2003-05-27,0.9972129237810975,0.9997120408023159
2003-05-28,0.9972129237810975,0.9997120408023159
2003-05-29,0.9972129237810975,0.9997120408023159
2003-05-30,0.9972129237810975,0.9997120408023159
2003-06-02,1.8780045683718458,0.9400044074503939
2003-06-03,0.9992118003702128,0.9996743159589162
2003-06-04,0.9992118003702128,0.9996743159942428
2003-06-05,0.9992118003702128,0.9996743159942428
2003-06-06,0.9992118003702128,0.9996743159942428
2003-06-09,0.9992118003702128,0.9996743159942428
2003-06-10,0.9992118003702128,0.9996743159942428
2003-06-11,0.9992118003702128,0.9996743159942428
2003-06-12,0.9992118003702128,0.9996743159942428
2003-06-13,0.9992118003702128,0.9996743159942428
2003-06-16,0.9992118003702128,0.9996743159942428
2003-06-17,0.9992118003702128,0.9996743159942428
2003-06-18,0.9992118003702128,0.9996743159942428
2003-06-19,0.9992118003702128,0.9996743159942428
2003-06-20,0.9992118003702128,0.9996743159942428
2003-06-23,0.9992118003702128,0.9996743159942428
2003-06-24,0.9992118003702128,0.9996743159942428
2003-06-25,0.9992118003702128,0.9996743159942428
2003-06-26,0.9992118003702128,0.9996743159942428
2003-06-27,0.9992118003702128,0.9996743159942428
2003-06-30,0.9507477275369286,1.0655479837667707
2003-07-01,0.9991295033995388,0.9997133229988603
2003-07-02,0.9991295033995388,0.9997133229665621
2003-07-03,0.9991295033995388,0.9997133229665621
2003-07-04,0.9991295033995388,0.9997133229665621
2003-07-07,0.9991295033995388,0.9997133229665621
2003-07-08,0.9991295033995388,0.9997133229665621
2003-07-09,0.9991295033995388,0.9997133229665621
2003-07-10,0.9991295033995388,0.9997133229665621
2003-07-11,0.9991295033995388,0.9997133229665621
2003-07-14,0.9991295033995388,0.9997133229665621
2003-07-15,0.9991295033995388,0.9997133229665621
2003-07-16,0.9991295033995388,0.9997133229665621
2003-07-17,0.9991295033995388,0.9997133229665621
2003-07-18,0.9991295033995388,0.9997133229665621
2003-07-21,0.9991295033995388,0.9997133229665621
2003-07-22,0.9991295033995388,0.9997133229665621
2003-07-23,0.9991295033995388,0.9997133229665621
2003-07-24,0.9991295033995388,0.9997133229665621
2003-07-25,0.9991295033995388,0.9997133229665621
2003-07-28,0.9991295033995388,0.9997133229665621
2003-07-29,0.9991295033995388,0.9997133229665621
2003-07-30,0.9991295033995388,0.9997133229665621
2003-07-31,0.6451443685861821,1.0253857986030595
2003-08-01,0.9979159654674679,0.9997274924872322
2003-08-04,0.9979159654674679,0.9997274924739031
2003-08-05,0.9979159654674679,0.9997274924739031
2003-08-06,0.9979159654674679,0.9997274924739031
2003-08-07,0.9979159654674679,0.9997274924739031
2003-08-08,0.9979159654674679,0.9997274924739031
2003-08-11,0.9979159654674679,0.9997274924739031
2003-08-12,0.9979159654674679,0.9997274924739031
2003-08-13,0.9979159654674679,0.9997274924739031
2003-08-14,0.9979159654674679,0.9997274924739031
2003-08-15,0.9979159654674679,0.9997274924739031
2003-08-18,0.9979159654674679,0.9997274924739031
2003-08-19,0.9979159654674679,0.9997274924739031
2003-08-20,0.9979159654674679,0.9997274924739031
2003-08-21,0.9979159654674679,0.9997274924739031
2003-08-22,0.9979159654674679,0.9997274924739031
2003-08-25,0.9979159654674679,0.9997274924739031
2003-08-26,0.9979159654674679,0.9997274924739031
2003-08-27,0.9979159654674679,0.9997274924739031
2003-08-28,0.9979159654674679,0.9997274924739031
2003-08-29,0.9979159654674679,0.9997274924739031
2003-09-01,0.8724312655868808,0.9841851289713147
2003-09-02,0.9972759673005587,0.9997188212242032
2003-09-03,0.9972759673005587,0.9997188212327841
2003-09-04,0.9972759673005587,0.9997188212327841
2003-09-05,0.9972759673005587,0.9997188212327841
2003-09-08,0.9972759673005587,0.9997188212327841
2003-09-09,0.9972759673005587,0.9997188212327841
2003-09-10,0.9972759673005587,0.9997188212327841
2003-09-11,0.9972759673005587,0.9997188212327841
2003-09-12,0.9972759673005587,0.9997188212327841
2003-09-15,0.9972759673005587,0.9997188212327841
2003-09-16,0.9972759673005587,0.9997188212327841
2003-09-17,0.9972759673005587,0.9997188212327841
2003-09-18,0.9972759673005587,0.9997188212327841
2003-09-19,0.9972759673005587,0.9997188212327841
2003-09-22,0.9972759673005587,0.9997188212327841
2003-09-23,0.9972759673005587,0.9997188212327841
2003-09-24,0.9972759673005587,0.9997188212327841
2003-09-25,0.9972759673005587,0.9997188212327841
2003-09-26,0.9972759673005587,0.9997188212327841
2003-09-29,0.9972759673005587,0.9997188212327841
2003-09-30,3.305052184623824,0.7768469054701511
2003-10-01,0.9997510560598994,0.9995344703158012
2003-10-02,0.9997510560598994,0.9995344704925585
2003-10-03,0.9997510560598994,0.9995344704925585
2003-10-06,0.9997510560598994,0.9995344704925585
2003-10-07,0.9997510560598994,0.9995344704925585
2003-10-08,0.9997510560598994,0.9995344704925585
2003-10-09,0.9997510560598994,0.9995344704925585
2003-10-10,0.9997510560598994,0.9995344704925585
2003-10-13,0.9997510560598994,0.9995344704925585
2003-10-14,0.9997510560598994,0.9995344704925585
2003-10-15,0.9997510560598994,0.9995344704925585
2003-10-16,0.9997510560598994,0.9995344704925585
2003-10-17,0.9997510560598994,0.9995344704925585
2003-10-20,0.9997510560598994,0.9995344704925585
2003-10-21,0.9997510560598994,0.9995344704925585
2003-10-22,0.9997510560598994,0.9995344704925585
2003-10-23,0.9997510560598994,0.9995344704925585
2003-10-24,0.9997510560598994,0.9995344704925585
2003-10-27,0.9997510560598994,0.9995344704925585
2003-10-28,0.9997510560598994,0.9995344704925585
2003-10-29,0.9997510560598994,0.9995344704925585
2003-10-30,0.9997510560598994,0.9995344704925585
2003-10-31,0.9558207211937438,1.1703397265854103
2003-11-03,0.999727656401675,0.9996603740654408
2003-11-04,0.999727656401675,0.9996603739925141
2003-11-05,0.999727656401675,0.9996603739925141
2003-11-06,0.999727656401675,0.9996603739925141
2003-11-07,0.999727656401675,0.9996603739925141
2003-11-10,0.999727656401675,0.9996603739925141
2003-11-11,0.999727656401675,0.9996603739925141
2003-11-12,0.999727656401675,0.9996603739925141
2003-11-13,0.999727656401675,0.9996603739925141
2003-11-14,0.999727656401675,0.9996603739925141
2003-11-17,0.999727656401675,0.9996603739925141
2003-11-18,0.999727656401675,0.9996603739925141
2003-11-19,0.999727656401675,0.9996603739925141
2003-11-20,0.999727656401675,0.9996603739925141
2003-11-21,0.999727656401675,0.9996603739925141
2003-11-24,0.999727656401675,0.9996603739925141
2003-11-25,0.999727656401675,0.9996603739925141
2003-11-26,0.999727656401675,0.9996603739925141
2003-11-27,0.999727656401675,0.9996603739925141
2003-11-28,0.999727656401675,0.9996603739925141
2003-12-01,1.1786867683101894,0.9378459567370298
2003-12-02,0.9998040552865038,0.9996141550786807
2003-12-03,0.9998040552865038,0.9996141551153738
2003-12-04,0.9998040552865038,0.9996141551153738
2003-12-05,0.9998040552865038,0.9996141551153738
2003-12-08,0.9998040552865038,0.9996141551153738
2003-12-09,0.9998040552865038,0.9996141551153738
2003-12-10,0.9998040552865038,0.9996141551153738
2003-12-11,0.9998040552865038,0.9996141551153738
2003-12-12,0.9998040552865038,0.9996141551153738
2003-12-15,0.9998040552865038,0.9996141551153738
2003-12-16,0.9998040552865038,0.9996141551153738
2003-12-17,0.9998040552865038,0.9996141551153738
2003-12-18,0.9998040552865038,0.9996141551153738
2003-12-19,0.9998040552865038,0.9996141551153738
2003-12-22,0.9998040552865038,0.9996141551153738
2003-12-23,0.9998040552865038,0.9996141551153738
2003-12-24,0.9998040552865038,0.9996141551153738
2003-12-25,0.9998040552865038,0.9996141551153738
2003-12-26,0.9998040552865038,0.9996141551153738
2003-12-29,0.9998040552865038,0.9996141551153738
2003-12-30,0.9998040552865038,0.9996141551153738
2003-12-31,1.3715798228964466,0.8878219555162894
2004-01-01,0.9998958687731664,0.9995109440282369
2004-01-02,0.9998958687731664,0.99951094410035
2004-01-05,0.9998958687731664,0.99951094410035
2004-01-06,0.9998958687731664,0.99951094410035
2004-01-07,0.9998958687731664,0.99951094410035
2004-01-08,0.9998958687731664,0.99951094410035
2004-01-09,0.9998958687731664,0.99951094410035
2004-01-12,0.9998958687731664,0.99951094410035
2004-01-13,0.9998958687731664,0.99951094410035
2004-01-14,0.9998958687731664,0.99951094410035
2004-01-15,0.9998958687731664,0.99951094410035
2004-01-16,0.9998958687731664,0.99951094410035
2004-01-19,0.9998958687731664,0.99951094410035
2004-01-20,0.9998958687731664,0.99951094410035
2004-01-21,0.9998958687731664,0.99951094410035
2004-01-22,0.9998958687731664,0.99951094410035
2004-01-23,0.9998958687731664,0.99951094410035
2004-01-26,0.9998958687731664,0.99951094410035
2004-01-27,0.9998958687731664,0.99951094410035
2004-01-28,0.9998958687731664,0.99951094410035
2004-01-29,0.9998958687731664,0.99951094410035
2004-01-30,0.9998958687731664,0.99951094410035
2004-02-02,1.042714621312309,1.0655743979882675
2004-02-03,0.9999042442057098,0.9995696673464295
2004-02-04,0.9999042442057098,0.9995696673140559
2004-02-05,0.9999042442057098,0.9995696673140559
2004-02-06,0.9999042442057098,0.9995696673140559
2004-02-09,0.9999042442057098,0.9995696673140559
2004-02-10,0.9999042442057098,0.9995696673140559
2004-02-11,0.9999042442057098,0.9995696673140559
2004-02-12,0.9999042442057098,0.9995696673140559
2004-02-13,0.9999042442057098,0.9995696673140559
2004-02-16,0.9999042442057098,0.9995696673140559
2004-02-17,0.9999042442057098,0.9995696673140559
2004-02-18,0.9999042442057098,0.9995696673140559
2004-02-19,0.9999042442057098,0.9995696673140559
2004-02-20,0.9999042442057098,0.9995696673140559
2004-02-23,0.9999042442057098,0.9995696673140559
2004-02-24,0.9999042442057098,0.9995696673140559
2004-02-25,0.9999042442057098,0.9995696673140559
2004-02-26,0.9999042442057098,0.9995696673140559
2004-02-27,0.9999042442057098,0.9995696673140559
2004-03-01,0.9985670983422152,1.0711101109670351
2004-03-02,0.9999039876245762,0.9996252010271693
2004-03-03,0.9999039876245762,0.9996252009923735
2004-03-04,0.9999039876245762,0.9996252009923735
2004-03-05,0.9999039876245762,0.9996252009923735
2004-03-08,0.9999039876245762,0.9996252009923735
2004-03-09,0.9999039876245762,0.9996252009923735
2004-03-10,0.9999039876245762,0.9996252009923735
2004-03-11,0.9999039876245762,0.9996252009923735
2004-03-12,0.9999039876245762,0.9996252009923735
2004-03-15,0.9999039876245762,0.9996252009923735
2004-03-16,0.9999039876245762,0.9996252009923735
2004-03-17,0.9999039876245762,0.9996252009923735
2004-03-18,0.9999039876245762,0.9996252009923735
2004-03-19,0.9999039876245762,0.9996252009923735
2004-03-22,0.9999039876245762,0.9996252009923735
2004-03-23,0.9999039876245762,0.9996252009923735
2004-03-24,0.9999039876245762,0.9996252009923735
2004-03-25,0.9999039876245762,0.9996252009923735
2004-03-26,0.9999039876245762,0.9996252009923735
2004-03-29,0.9999039876245762,0.9996252009923735
2004-03-30,0.9999039876245762,0.9996252009923735
2004-03-31,1.0705007661964911,0.9825627304312148
2004-04-01,0.9999162320614957,0.9996120786269516
2004-04-02,0.9999162320614957,0.9996120786363917
2004-04-05,0.9999162320614957,0.9996120786363917
2004-04-06,0.9999162320614957,0.9996120786363917
2004-04-07,0.9999162320614957,0.9996120786363917
2004-04-08,0.9999162320614957,0.9996120786363917
2004-04-09,0.9999162320614957,0.9996120786363917
2004-04-12,0.9999162320614957,0.9996120786363917
2004-04-13,0.9999162320614957,0.9996120786363917
2004-04-14,0.9999162320614957,0.9996120786363917
2004-04-15,0.9999162320614957,0.9996120786363917
2004-04-16,0.9999162320614957,0.9996120786363917
2004-04-19,0.9999162320614957,0.9996120786363917
2004-04-20,0.9999162320614957,0.9996120786363917
2004-04-21,0.9999162320614957,0.9996120786363917
2004-04-22,0.9999162320614957,0.9996120786363917
2004-04-23,0.9999162320614957,0.9996120786363917
2004-04-26,0.9999162320614957,0.9996120786363917
2004-04-27,0.9999162320614957,0.9996120786363917
2004-04-28,0.9999162320614957,0.9996120786363917
2004-04-29,0.9999162320614957,0.9996120786363917
2004-04-30,0.7397977559619774,1.0713548314610244
2004-05-03,0.9998469850273815,0.9996622676261417
2004-05-04,0.9998469850273815,0.9996622675912549
2004-05-05,0.9998469850273815,0.9996622675912549
2004-05-06,0.9998469850273815,0.9996622675912549
2004-05-07,0.9998469850273815,0.9996622675912549
2004-05-10,0.9998469850273815,0.9996622675912549
2004-05-11,0.9998469850273815,0.9996622675912549
2004-05-12,0.9998469850273815,0.9996622675912549
2004-05-13,0.9998469850273815,0.9996622675912549
2004-05-14,0.9998469850273815,0.9996622675912549
2004-05-17,0.9998469850273815,0.9996622675912549
2004-05-18,0.9998469850273815,0.9996622675912549
2004-05-19,0.9998469850273815,0.9996622675912549
2004-05-20,0.9998469850273815,0.9996622675912549
2004-05-21,0.9998469850273815,0.9996622675912549
2004-05-24,0.9998469850273815,0.9996622675912549
2004-05-25,0.9998469850273815,0.9996622675912549
2004-05-26,0.9998469850273815,0.9996622675912549
2004-05-27,0.9998469850273815,0.9996622675912549
2004-05-28,0.9998469850273815,0.9996622675912549
2004-05-31,1.1440836630635212,0.9802752074120579
2004-06-01,0.9998831283992813,0.9996487838127687
2004-06-02,0.9998831283992813,0.999648783823534
2004-06-03,0.9998831283992813,0.999648783823534
2004-06-04,0.9998831283992813,0.999648783823534
2004-06-07,0.9998831283992813,0.999648783823534
2004-06-08,0.9998831283992813,0.999648783823534
2004-06-09,0.9998831283992813,0.999648783823534
2004-06-10,0.9998831283992813,0.999648783823534
2004-06-11,0.9998831283992813,0.999648783823534
2004-06-14,0.9998831283992813,0.999648783823534
2004-06-15,0.9998831283992813,0.999648783823534
2004-06-16,0.9998831283992813,0.999648783823534
2004-06-17,0.9998831283992813,0.999648783823534
2004-06-18,0.9998831283992813,0.999648783823534
2004-06-21,0.9998831283992813,0.999648783823534
2004-06-22,0.9998831283992813,0.999648783823534
2004-06-23,0.9998831283992813,0.999648783823534
2004-06-24,0.9998831283992813,0.999648783823534
2004-06-25,0.9998831283992813,0.999648783823534
2004-06-28,0.9998831283992813,0.999648783823534
2004-06-29,0.9998831283992813,0.999648783823534
2004-06-30,0.9571378599053142,0.975878144675783
2004-07-01,0.9998724584969484,0.9996314750090011
2004-07-02,0.9998724584969484,0.9996314750222894
2004-07-05,0.9998724584969484,0.9996314750222894
2004-07-06,0.9998724584969484,0.9996314750222894
2004-07-07,0.9998724584969484,0.9996314750222894
2004-07-08,0.9998724584969484,0.9996314750222894
2004-07-09,0.9998724584969484,0.9996314750222894
2004-07-12,0.9998724584969484,0.9996314750222894
2004-07-13,0.9998724584969484,0.9996314750222894
2004-07-14,0.9998724584969484,0.9996314750222894
2004-07-15,0.9998724584969484,0.9996314750222894
2004-07-16,0.9998724584969484,0.9996314750222894
2004-07-19,0.9998724584969484,0.9996314750222894
2004-07-20,0.9998724584969484,0.9996314750222894
2004-07-21,0.9998724584969484,0.9996314750222894
2004-07-22,0.9998724584969484,0.9996314750222894
2004-07-23,0.9998724584969484,0.9996314750222894
2004-07-26,0.9998724584969484,0.9996314750222894
2004-07-27,0.9998724584969484,0.9996314750222894
2004-07-28,0.9998724584969484,0.9996314750222894
2004-07-29,0.9998724584969484,0.9996314750222894
2004-07-30,0.9998724584969484,0.9996314750222894
2004-08-02,0.9334379040436218,1.0464624962728963
2004-08-03,0.9998536618261724,0.9996637049974268
2004-08-04,0.9998536618261724,0.9996637049738442
2004-08-05,0.9998536618261724,0.9996637049738442
2004-08-06,0.9998536618261724,0.9996637049738442
2004-08-09,0.9998536618261724,0.9996637049738442
2004-08-10,0.9998536618261724,0.9996637049738442
2004-08-11,0.9998536618261724,0.9996637049738442
2004-08-12,0.9998536618261724,0.9996637049738442
2004-08-13,0.9998536618261724,0.9996637049738442
2004-08-16,0.9998536618261724,0.9996637049738442
2004-08-17,0.9998536618261724,0.9996637049738442
2004-08-18,0.9998536618261724,0.9996637049738442
2004-08-19,0.9998536618261724,0.9996637049738442
2004-08-20,0.9998536618261724,0.9996637049738442
2004-08-23,0.9998536618261724,0.9996637049738442
2004-08-24,0.9998536618261724,0.9996637049738442
2004-08-25,0.9998536618261724,0.9996637049738442
2004-08-26,0.9998536618261724,0.9996637049738442
2004-08-27,0.9998536618261724,0.9996637049738442
2004-08-30,0.9998536618261724,0.9996637049738442
2004-08-31,1.0524247035465826,0.9382728834464693
2004-09-01,0.999867913712915,0.9996182839707134
2004-09-02,0.999867913712915,0.9996182840071306
2004-09-03,0.999867913712915,0.9996182840071306
2004-09-06,0.999867913712915,0.9996182840071306
2004-09-07,0.999867913712915,0.9996182840071306
2004-09-08,0.999867913712915,0.9996182840071306
2004-09-09,0.999867913712915,0.9996182840071306
2004-09-10,0.999867913712915,0.9996182840071306
2004-09-13,0.999867913712915,0.9996182840071306
2004-09-14,0.999867913712915,0.9996182840071306
2004-09-15,0.999867913712915,0.9996182840071306
2004-09-16,0.999867913712915,0.9996182840071306
2004-09-17,0.999867913712915,0.9996182840071306
2004-09-20,0.999867913712915,0.9996182840071306
2004-09-21,0.999867913712915,0.9996182840071306
2004-09-22,0.999867913712915,0.9996182840071306
2004-09-23,0.999867913712915,0.9996182840071306
2004-09-24,0.999867913712915,0.9996182840071306
2004-09-27,0.999867913712915,0.9996182840071306
2004-09-28,0.999867913712915,0.9996182840071306
2004-09-29,0.999867913712915,0.9996182840071306
2004-09-30,1.0486304147940637,0.9831848594774764
2004-10-01,0.9998799102578243,0.9996054246028345
2004-10-04,0.9998799102578243,0.9996054246119177
2004-10-05,0.9998799102578243,0.9996054246119177
2004-10-06,0.9998799102578243,0.9996054246119177
2004-10-07,0.9998799102578243,0.9996054246119177
2004-10-08,0.9998799102578243,0.9996054246119177
2004-10-11,0.9998799102578243,0.9996054246119177
2004-10-12,0.9998799102578243,0.9996054246119177
2004-10-13,0.9998799102578243,0.9996054246119177
2004-10-14,0.9998799102578243,0.9996054246119177
2004-10-15,0.9998799102578243,0.9996054246119177
2004-10-18,0.9998799102578243,0.9996054246119177
2004-10-19,0.9998799102578243,0.9996054246119177
2004-10-20,0.9998799102578243,0.9996054246119177
2004-10-21,0.9998799102578243,0.9996054246119177
2004-10-22,0.9998799102578243,0.9996054246119177
2004-10-25,0.9998799102578243,0.9996054246119177
2004-10-26,0.9998799102578243,0.9996054246119177
2004-10-27,0.9998799102578243,0.9996054246119177
2004-10-28,0.9998799102578243,0.9996054246119177
2004-10-29,0.9998799102578243,0.9996054246119177
2004-11-01,1.1971509454608804,0.9153080982986751
2004-11-02,0.9999162224935392,0.9995294528824739
2004-11-03,0.9999162224935392,0.9995294529343819
2004-11-04,0.9999162224935392,0.9995294529343819
2004-11-05,0.9999162224935392,0.9995294529343819
2004-11-08,0.9999162224935392,0.9995294529343819
2004-11-09,0.9999162224935392,0.9995294529343819
2004-11-10,0.9999162224935392,0.9995294529343819
2004-11-11,0.9999162224935392,0.9995294529343819
2004-11-12,0.9999162224935392,0.9995294529343819
2004-11-15,0.9999162224935392,0.9995294529343819
2004-11-16,0.9999162224935392,0.9995294529343819
2004-11-17,0.9999162224935392,0.9995294529343819
2004-11-18,0.9999162224935392,0.9995294529343819
2004-11-19,0.9999162224935392,0.9995294529343819
2004-11-22,0.9999162224935392,0.9995294529343819
2004-11-23,0.9999162224935392,0.9995294529343819
2004-11-24,0.9999162224935392,0.9995294529343819
2004-11-25,0.9999162224935392,0.9995294529343819
2004-11-26,0.9999162224935392,0.9995294529343819
2004-11-29,0.9999162224935392,0.9995294529343819
2004-11-30,1.249672546555632,0.9251466980559493
2004-12-01,0.9999463608563891,0.9994508110057455
2004-12-02,0.9999463608563891,0.9994508110507974
2004-12-03,0.9999463608563891,0.9994508110507974
2004-12-06,0.9999463608563891,0.9994508110507974
2004-12-07,0.9999463608563891,0.9994508110507974
2004-12-08,0.9999463608563891,0.9994508110507974
2004-12-09,0.9999463608563891,0.9994508110507974
2004-12-10,0.9999463608563891,0.9994508110507974
2004-12-13,0.9999463608563891,0.9994508110507974
2004-12-14,0.9999463608563891,0.9994508110507974
2004-12-15,0.9999463608563891,0.9994508110507974
2004-12-16,0.9999463608563891,0.9994508110507974
2004-12-17,0.9999463608563891,0.9994508110507974
2004-12-20,0.9999463608563891,0.9994508110507974
2004-12-21,0.9999463608563891,0.9994508110507974
2004-12-22,0.9999463608563891,0.9994508110507974
2004-12-23,0.9999463608563891,0.9994508110507974
2004-12-24,0.9999463608563891,0.9994508110507974
2004-12-27,0.9999463608563891,0.9994508110507974
2004-12-28,0.9999463608563891,0.9994508110507974
2004-12-29,0.9999463608563891,0.9994508110507974
2004-12-30,0.9999463608563891,0.9994508110507974
2004-12-31,1.0714043952081338,0.9636059706344782
2005-01-03,0.9999532767652729,0.9994092297973631
2005-01-04,0.9999532767652729,0.9994092298177715
2005-01-05,0.9999532767652729,0.9994092298177715
2005-01-06,0.9999532767652729,0.9994092298177715
2005-01-07,0.9999532767652729,0.9994092298177715
2005-01-10,0.9999532767652729,0.9994092298177715
2005-01-11,0.9999532767652729,0.9994092298177715
2005-01-12,0.9999532767652729,0.9994092298177715
2005-01-13,0.9999532767652729,0.9994092298177715
2005-01-14,0.9999532767652729,0.9994092298177715
2005-01-17,0.9999532767652729,0.9994092298177715
2005-01-18,0.9999532767652729,0.9994092298177715
2005-01-19,0.9999532767652729,0.9994092298177715
2005-01-20,0.9999532767652729,0.9994092298177715
2005-01-21,0.9999532767652729,0.9994092298177715
2005-01-24,0.9999532767652729,0.9994092298177715
2005-01-25,0.9999532767652729,0.9994092298177715
2005-01-26,0.9999532767652729,0.9994092298177715
2005-01-27,0.9999532767652729,0.9994092298177715
2005-01-28,0.9999532767652729,0.9994092298177715
2005-01-31,0.8918471074854201,1.0890927326941364
2005-02-01,0.9999412640935329,0.9995024505018681
2005-02-02,0.9999412640935329,0.9995024504593291
2005-02-03,0.9999412640935329,0.9995024504593291
2005-02-04,0.9999412640935329,0.9995024504593291
2005-02-07,0.9999412640935329,0.9995024504593291
2005-02-08,0.9999412640935329,0.9995024504593291
2005-02-09,0.9999412640935329,0.9995024504593291
2005-02-10,0.9999412640935329,0.9995024504593291
2005-02-11,0.9999412640935329,0.9995024504593291
2005-02-14,0.9999412640935329,0.9995024504593291
2005-02-15,0.9999412640935329,0.9995024504593291
2005-02-16,0.9999412640935329,0.9995024504593291
2005-02-17,0.9999412640935329,0.9995024504593291
2005-02-18,0.9999412640935329,0.9995024504593291
2005-02-21,0.9999412640935329,0.9995024504593291
2005-02-22,0.9999412640935329,0.9995024504593291
2005-02-23,0.9999412640935329,0.9995024504593291
2005-02-24,0.9999412640935329,0.9995024504593291
2005-02-25,0.9999412640935329,0.9995024504593291
2005-02-28,1.0703416126726506,0.9941048320774003
2005-03-01,0.9999487359747393,0.9994970368584342
2005-03-02,0.9999487359747393,0.9994970368613673
2005-03-03,0.9999487359747393,0.9994970368613673
2005-03-04,0.9999487359747393,0.9994970368613673
2005-03-07,0.9999487359747393,0.9994970368613673
2005-03-08,0.9999487359747393,0.9994970368613673
2005-03-09,0.9999487359747393,0.9994970368613673
2005-03-10,0.9999487359747393,0.9994970368613673
2005-03-11,0.9999487359747393,0.9994970368613673
2005-03-14,0.9999487359747393,0.9994970368613673
2005-03-15,0.9999487359747393,0.9994970368613673
2005-03-16,0.9999487359747393,0.9994970368613673
2005-03-17,0.9999487359747393,0.9994970368613673
2005-03-18,0.9999487359747393,0.9994970368613673
2005-03-21,0.9999487359747393,0.9994970368613673
2005-03-22,0.9999487359747393,0.9994970368613673
2005-03-23,0.9999487359747393,0.9994970368613673
2005-03-24,0.9999487359747393,0.9994970368613673
2005-03-25,0.9999487359747393,0.9994970368613673
2005-03-28,0.9999487359747393,0.9994970368613673
2005-03-29,0.9999487359747393,0.9994970368613673
2005-03-30,0.9999487359747393,0.9994970368613673
2005-03-31,0.8854247003459866,1.0749879359272507
2005-04-01,0.9999346183747795,0.9995651531140053
2005-04-04,0.9999346183747795,0.9995651530774922
2005-04-05,0.9999346183747795,0.9995651530774922
2005-04-06,0.9999346183747795,0.9995651530774922
2005-04-07,0.9999346183747795,0.9995651530774922
2005-04-08,0.9999346183747795,0.9995651530774922
2005-04-11,0.9999346183747795,0.9995651530774922
2005-04-12,0.9999346183747795,0.9995651530774922
2005-04-13,0.9999346183747795,0.9995651530774922
2005-04-14,0.9999346183747795,0.9995651530774922
2005-04-15,0.9999346183747795,0.9995651530774922
2005-04-18,0.9999346183747795,0.9995651530774922
2005-04-19,0.9999346183747795,0.9995651530774922
2005-04-20,0.9999346183747795,0.9995651530774922
2005-04-21,0.9999346183747795,0.9995651530774922
2005-04-22,0.9999346183747795,0.9995651530774922
2005-04-25,0.9999346183747795,0.9995651530774922
2005-04-26,0.9999346183747795,0.9995651530774922
2005-04-27,0.9999346183747795,0.9995651530774922
2005-04-28,0.9999346183747795,0.9995651530774922
2005-04-29,0.9999346183747795,0.9995651530774922
2005-05-02,1.0579853452875374,0.9944114991674534
2005-05-03,0.9999415957889417,0.9995606370829293
2005-05-04,0.9999415957889417,0.9995606370857292
2005-05-05,0.9999415957889417,0.9995606370857292
2005-05-06,0.9999415957889417,0.9995606370857292
2005-05-09,0.9999415957889417,0.9995606370857292
2005-05-10,0.9999415957889417,0.9995606370857292
2005-05-11,0.9999415957889417,0.9995606370857292
2005-05-12,0.9999415957889417,0.9995606370857292
2005-05-13,0.9999415957889417,0.9995606370857292
2005-05-16,0.9999415957889417,0.9995606370857292
2005-05-17,0.9999415957889417,0.9995606370857292
2005-05-18,0.9999415957889417,0.9995606370857292
2005-05-19,0.9999415957889417,0.9995606370857292
2005-05-20,0.9999415957889417,0.9995606370857292
2005-05-23,0.9999415957889417,0.9995606370857292
2005-05-24,0.9999415957889417,0.9995606370857292
2005-05-25,0.9999415957889417,0.9995606370857292
2005-05-26,0.9999415957889417,0.9995606370857292
2005-05-27,0.9999415957889417,0.9995606370857292
2005-05-30,0.9999415957889417,0.9995606370857292
2005-05-31,0.7724096896536472,1.086365554124998
2005-06-01,0.9999021248841374,0.9996280080177631
2005-06-02,0.9999021248841374,0.9996280079764179
2005-06-03,0.9999021248841374,0.9996280079764179
2005-06-06,0.9999021248841374,0.9996280079764179
2005-06-07,0.9999021248841374,0.9996280079764179
2005-06-08,0.9999021248841374,0.9996280079764179
2005-06-09,0.9999021248841374,0.9996280079764179
2005-06-10,0.9999021248841374,0.9996280079764179
2005-06-13,0.9999021248841374,0.9996280079764179
2005-06-14,0.9999021248841374,0.9996280079764179
2005-06-15,0.9999021248841374,0.9996280079764179
2005-06-16,0.9999021248841374,0.9996280079764179
2005-06-17,0.9999021248841374,0.9996280079764179
2005-06-20,0.9999021248841374,0.9996280079764179
2005-06-21,0.9999021248841374,0.9996280079764179
2005-06-22,0.9999021248841374,0.9996280079764179
2005-06-23,0.9999021248841374,0.9996280079764179
2005-06-24,0.9999021248841374,0.9996280079764179
2005-06-27,0.9999021248841374,0.9996280079764179
2005-06-28,0.9999021248841374,0.9996280079764179
2005-06-29,0.9999021248841374,0.9996280079764179
2005-06-30,0.8646542559336213,1.0610386249499462
2005-07-01,0.999869117735724,0.9996698013649398
2005-07-04,0.999869117735724,0.9996698013346442
2005-07-05,0.999869117735724,0.9996698013346442
2005-07-06,0.999869117735724,0.9996698013346442
2005-07-07,0.999869117735724,0.9996698013346442
2005-07-08,0.999869117735724,0.9996698013346442
2005-07-11,0.999869117735724,0.9996698013346442
2005-07-12,0.999869117735724,0.9996698013346442
2005-07-13,0.999869117735724,0.9996698013346442
2005-07-14,0.999869117735724,0.9996698013346442
2005-07-15,0.999869117735724,0.9996698013346442
2005-07-18,0.999869117735724,0.9996698013346442
2005-07-19,0.999869117735724,0.9996698013346442
2005-07-20,0.999869117735724,0.9996698013346442
2005-07-21,0.999869117735724,0.9996698013346442
2005-07-22,0.999869117735724,0.9996698013346442
2005-07-25,0.999869117735724,0.9996698013346442
2005-07-26,0.999869117735724,0.9996698013346442
2005-07-27,0.999869117735724,0.9996698013346442
2005-07-28,0.999869117735724,0.9996698013346442
2005-07-29,0.999869117735724,0.9996698013346442
2005-08-01,0.9159452978902227,0.8853327708090971
2005-08-02,0.9998440405498583,0.9995790637666272
2005-08-03,0.9998440405498583,0.9995790638407165
2005-08-04,0.9998440405498583,0.9995790638407165
2005-08-05,0.9998440405498583,0.9995790638407165
2005-08-08,0.9998440405498583,0.9995790638407165
2005-08-09,0.9998440405498583,0.9995790638407165
2005-08-10,0.9998440405498583,0.9995790638407165
2005-08-11,0.9998440405498583,0.9995790638407165
2005-08-12,0.9998440405498583,0.9995790638407165
2005-08-15,0.9998440405498583,0.9995790638407165
2005-08-16,0.9998440405498583,0.9995790638407165
2005-08-17,0.9998440405498583,0.9995790638407165
2005-08-18,0.9998440405498583,0.9995790638407165
2005-08-19,0.9998440405498583,0.9995790638407165
2005-08-22,0.9998440405498583,0.9995790638407165
2005-08-23,0.9998440405498583,0.9995790638407165
2005-08-24,0.9998440405498583,0.9995790638407165
2005-08-25,0.9998440405498583,0.9995790638407165
2005-08-26,0.9998440405498583,0.9995790638407165
2005-08-29,0.9998440405498583,0.9995790638407165
2005-08-30,0.9998440405498583,0.9995790638407165
2005-08-31,1.1367970226931943,0.9593882830053202
2005-09-01,0.9998793483210432,0.9995430819826254
2005-09-02,0.9998793483210432,0.9995430820056709
2005-09-05,0.9998793483210432,0.9995430820056709
2005-09-06,0.9998793483210432,0.9995430820056709
2005-09-07,0.9998793483210432,0.9995430820056709
2005-09-08,0.9998793483210432,0.9995430820056709
2005-09-09,0.9998793483210432,0.9995430820056709
2005-09-12,0.9998793483210432,0.9995430820056709
2005-09-13,0.9998793483210432,0.9995430820056709
2005-09-14,0.9998793483210432,0.9995430820056709
2005-09-15,0.9998793483210432,0.9995430820056709
2005-09-16,0.9998793483210432,0.9995430820056709
2005-09-19,0.9998793483210432,0.9995430820056709
2005-09-20,0.9998793483210432,0.9995430820056709
2005-09-21,0.9998793483210432,0.9995430820056709
2005-09-22,0.9998793483210432,0.9995430820056709
2005-09-23,0.9998793483210432,0.9995430820056709
2005-09-26,0.9998793483210432,0.9995430820056709
2005-09-27,0.9998793483210432,0.9995430820056709
2005-09-28,0.9998793483210432,0.9995430820056709
2005-09-29,0.9998793483210432,0.9995430820056709
2005-09-30,0.8499783180625105,1.0576023986331982
2005-10-03,0.9998330514286559,0.9995918421099078
2005-10-04,0.9998330514286559,0.9995918420811353
2005-10-05,0.9998330514286559,0.9995918420811353
2005-10-06,0.9998330514286559,0.9995918420811353
2005-10-07,0.9998330514286559,0.9995918420811353
2005-10-10,0.9998330514286559,0.9995918420811353
2005-10-11,0.9998330514286559,0.9995918420811353
2005-10-12,0.9998330514286559,0.9995918420811353
2005-10-13,0.9998330514286559,0.9995918420811353
2005-10-14,0.9998330514286559,0.9995918420811353
2005-10-17,0.9998330514286559,0.9995918420811353
2005-10-18,0.9998330514286559,0.9995918420811353
2005-10-19,0.9998330514286559,0.9995918420811353
2005-10-20,0.9998330514286559,0.9995918420811353
2005-10-21,0.9998330514286559,0.9995918420811353
2005-10-24,0.9998330514286559,0.9995918420811353
2005-10-25,0.9998330514286559,0.9995918420811353
2005-10-26,0.9998330514286559,0.9995918420811353
2005-10-27,0.9998330514286559,0.9995918420811353
2005-10-28,0.9998330514286559,0.9995918420811353
2005-10-31,0.8850884632897745,1.0258972560520636
2005-11-01,0.9997869731717209,0.9996124931871632
2005-11-02,0.9997869731717209,0.9996124931735212
2005-11-03,0.9997869731717209,0.9996124931735212
2005-11-04,0.9997869731717209,0.9996124931735212
2005-11-07,0.9997869731717209,0.9996124931735212
2005-11-08,0.9997869731717209,0.9996124931735212
2005-11-09,0.9997869731717209,0.9996124931735212
2005-11-10,0.9997869731717209,0.9996124931735212
2005-11-11,0.9997869731717209,0.9996124931735212
2005-11-14,0.9997869731717209,0.9996124931735212
2005-11-15,0.9997869731717209,0.9996124931735212
2005-11-16,0.9997869731717209,0.9996124931735212
2005-11-17,0.9997869731717209,0.9996124931735212
2005-11-18,0.9997869731717209,0.9996124931735212
2005-11-21,0.9997869731717209,0.9996124931735212
2005-11-22,0.9997869731717209,0.9996124931735212
2005-11-23,0.9997869731717209,0.9996124931735212
2005-11-24,0.9997869731717209,0.9996124931735212
2005-11-25,0.9997869731717209,0.9996124931735212
2005-11-28,0.9997869731717209,0.9996124931735212
2005-11-29,0.9997869731717209,0.9996124931735212
2005-11-30,0.758544779400193,1.0374844969932746
2005-12-01,0.9996300146591469,0.9996402526963036
2005-12-02,0.9996300146591469,0.9996402526769878
2005-12-05,0.9996300146591469,0.9996402526769878
2005-12-06,0.9996300146591469,0.9996402526769878
2005-12-07,0.9996300146591469,0.9996402526769878
2005-12-08,0.9996300146591469,0.9996402526769878
2005-12-09,0.9996300146591469,0.9996402526769878
2005-12-12,0.9996300146591469,0.9996402526769878
2005-12-13,0.9996300146591469,0.9996402526769878
2005-12-14,0.9996300146591469,0.9996402526769878
2005-12-15,0.9996300146591469,0.9996402526769878
2005-12-16,0.9996300146591469,0.9996402526769878
2005-12-19,0.9996300146591469,0.9996402526769878
2005-12-20,0.9996300146591469,0.9996402526769878
2005-12-21,0.9996300146591469,0.9996402526769878
2005-12-22,0.9996300146591469,0.9996402526769878
2005-12-23,0.9996300146591469,0.9996402526769878
2005-12-26,0.9996300146591469,0.9996402526769878
2005-12-27,0.9996300146591469,0.9996402526769878
2005-12-28,0.9996300146591469,0.9996402526769878
2005-12-29,0.9996300146591469,0.9996402526769878
2005-12-30,0.9996300146591469,0.9996402526769878
2006-01-02,1.0733168769853378,0.9682741576276553
2006-01-03,0.9996790487054902,0.9996165815998529
2006-01-04,0.9996790487054902,0.9996165816175943
2006-01-05,0.9996790487054902,0.9996165816175943
2006-01-06,0.9996790487054902,0.9996165816175943
2006-01-09,0.9996790487054902,0.9996165816175943
2006-01-10,0.9996790487054902,0.9996165816175943
2006-01-11,0.9996790487054902,0.9996165816175943
2006-01-12,0.9996790487054902,0.9996165816175943
2006-01-13,0.9996790487054902,0.9996165816175943
2006-01-16,0.9996790487054902,0.9996165816175943
2006-01-17,0.9996790487054902,0.9996165816175943
2006-01-18,0.9996790487054902,0.9996165816175943
2006-01-19,0.9996790487054902,0.9996165816175943
2006-01-20,0.9996790487054902,0.9996165816175943
2006-01-23,0.9996790487054902,0.9996165816175943
2006-01-24,0.9996790487054902,0.9996165816175943
2006-01-25,0.9996790487054902,0.9996165816175943
2006-01-26,0.9996790487054902,0.9996165816175943
2006-01-27,0.9996790487054902,0.9996165816175943
2006-01-30,0.9996790487054902,0.9996165816175943
2006-01-31,1.3462148989675382,0.9819148416727111
2006-02-01,0.9998229787854808,0.9996026409500045
2006-02-02,0.9998229787854808,0.9996026409598078
2006-02-03,0.9998229787854808,0.9996026409598078
2006-02-06,0.9998229787854808,0.9996026409598078
2006-02-07,0.9998229787854808,0.9996026409598078
2006-02-08,0.9998229787854808,0.9996026409598078
2006-02-09,0.9998229787854808,0.9996026409598078
2006-02-10,0.9998229787854808,0.9996026409598078
2006-02-13,0.9998229787854808,0.9996026409598078
2006-02-14,0.9998229787854808,0.9996026409598078
2006-02-15,0.9998229787854808,0.9996026409598078
2006-02-16,0.9998229787854808,0.9996026409598078
2006-02-17,0.9998229787854808,0.9996026409598078
2006-02-20,0.9998229787854808,0.9996026409598078
2006-02-21,0.9998229787854808,0.9996026409598078
2006-02-22,0.9998229787854808,0.9996026409598078
2006-02-23,0.9998229787854808,0.9996026409598078
2006-02-24,0.9998229787854808,0.9996026409598078
2006-02-27,0.9998229787854808,0.9996026409598078
2006-02-28,0.899665519498648,0.9928945881960083
2006-03-01,0.9997813838263784,0.999597256912599
2006-03-02,0.9997813838263784,0.9995972569162523
2006-03-03,0.9997813838263784,0.9995972569162523
2006-03-06,0.9997813838263784,0.9995972569162523
2006-03-07,0.9997813838263784,0.9995972569162523
2006-03-08,0.9997813838263784,0.9995972569162523
2006-03-09,0.9997813838263784,0.9995972569162523
2006-03-10,0.9997813838263784,0.9995972569162523
2006-03-13,0.9997813838263784,0.9995972569162523
2006-03-14,0.9997813838263784,0.9995972569162523
2006-03-15,0.9997813838263784,0.9995972569162523
2006-03-16,0.9997813838263784,0.9995972569162523
2006-03-17,0.9997813838263784,0.9995972569162523
2006-03-20,0.9997813838263784,0.9995972569162523
2006-03-21,0.9997813838263784,0.9995972569162523
2006-03-22,0.9997813838263784,0.9995972569162523
2006-03-23,0.9997813838263784,0.9995972569162523
2006-03-24,0.9997813838263784,0.9995972569162523
2006-03-27,0.9997813838263784,0.9995972569162523
2006-03-28,0.9997813838263784,0.9995972569162523
2006-03-29,0.9997813838263784,0.9995972569162523
2006-03-30,0.9997813838263784,0.9995972569162523
2006-03-31,0.9734155101391861,0.9501440715295381
2006-04-03,0.9997693847419794,0.9995542705962462
2006-04-04,0.9997693847419794,0.9995542706250222
2006-04-05,0.9997693847419794,0.9995542706250222
2006-04-06,0.9997693847419794,0.9995542706250222
2006-04-07,0.9997693847419794,0.9995542706250222
2006-04-10,0.9997693847419794,0.9995542706250222
2006-04-11,0.9997693847419794,0.9995542706250222
2006-04-12,0.9997693847419794,0.9995542706250222
2006-04-13,0.9997693847419794,0.9995542706250222
2006-04-14,0.9997693847419794,0.9995542706250222
2006-04-17,0.9997693847419794,0.9995542706250222
2006-04-18,0.9997693847419794,0.9995542706250222
2006-04-19,0.9997693847419794,0.9995542706250222
2006-04-20,0.9997693847419794,0.9995542706250222
2006-04-21,0.9997693847419794,0.9995542706250222
2006-04-24,0.9997693847419794,0.9995542706250222
2006-04-25,0.9997693847419794,0.9995542706250222
2006-04-26,0.9997693847419794,0.9995542706250222
2006-04-27,0.9997693847419794,0.9995542706250222
2006-04-28,0.9997693847419794,0.9995542706250222
2006-05-01,1.4039655463071266,0.9104102097241976
2006-05-02,0.9998830369035493,0.999462782462576
2006-05-03,0.9998830369035493,0.999462782517906
2006-05-04,0.9998830369035493,0.999462782517906
2006-05-05,0.9998830369035493,0.999462782517906
2006-05-08,0.9998830369035493,0.999462782517906
2006-05-09,0.9998830369035493,0.999462782517906
2006-05-10,0.9998830369035493,0.999462782517906
2006-05-11,0.9998830369035493,0.999462782517906
2006-05-12,0.9998830369035493,0.999462782517906
2006-05-15,0.9998830369035493,0.999462782517906
2006-05-16,0.9998830369035493,0.999462782517906
2006-05-17,0.9998830369035493,0.999462782517906
2006-05-18,0.9998830369035493,0.999462782517906
2006-05-19,0.9998830369035493,0.999462782517906
2006-05-22,0.9998830369035493,0.999462782517906
2006-05-23,0.9998830369035493,0.999462782517906
2006-05-24,0.9998830369035493,0.999462782517906
2006-05-25,0.9998830369035493,0.999462782517906
2006-05-26,0.9998830369035493,0.999462782517906
2006-05-29,0.9998830369035493,0.999462782517906
2006-05-30,0.9998830369035493,0.999462782517906
2006-05-31,1.119200950576764,0.9525703921764233
2006-06-01,0.999906643083775,0.9994086372631963
2006-06-02,0.999906643083775,0.9994086372903633
2006-06-05,0.999906643083775,0.9994086372903633
2006-06-06,0.999906643083775,0.9994086372903633
2006-06-07,0.999906643083775,0.9994086372903633
2006-06-08,0.999906643083775,0.9994086372903633
2006-06-09,0.999906643083775,0.9994086372903633
2006-06-12,0.999906643083775,0.9994086372903633
2006-06-13,0.999906643083775,0.9994086372903633
2006-06-14,0.999906643083775,0.9994086372903633
2006-06-15,0.999906643083775,0.9994086372903633
2006-06-16,0.999906643083775,0.9994086372903633
2006-06-19,0.999906643083775,0.9994086372903633
2006-06-20,0.999906643083775,0.9994086372903633
2006-06-21,0.999906643083775,0.9994086372903633
2006-06-22,0.999906643083775,0.9994086372903633
2006-06-23,0.999906643083775,0.9994086372903633
2006-06-26,0.999906643083775,0.9994086372903633
2006-06-27,0.999906643083775,0.9994086372903633
2006-06-28,0.999906643083775,0.9994086372903633
2006-06-29,0.999906643083775,0.9994086372903633
2006-06-30,0.9261451631454546,1.0098567571603365
2006-07-03,0.999891182885246,0.9994208000634398
2006-07-04,0.999891182885246,0.9994208000578958
2006-07-05,0.999891182885246,0.9994208000578958
2006-07-06,0.999891182885246,0.9994208000578958
2006-07-07,0.999891182885246,0.9994208000578958
2006-07-10,0.999891182885246,0.9994208000578958
2006-07-11,0.999891182885246,0.9994208000578958
2006-07-12,0.999891182885246,0.9994208000578958
2006-07-13,0.999891182885246,0.9994208000578958
2006-07-14,0.999891182885246,0.9994208000578958
2006-07-17,0.999891182885246,0.9994208000578958
2006-07-18,0.999891182885246,0.9994208000578958
2006-07-19,0.999891182885246,0.9994208000578958
2006-07-20,0.999891182885246,0.9994208000578958
2006-07-21,0.999891182885246,0.9994208000578958
2006-07-24,0.999891182885246,0.9994208000578958
2006-07-25,0.999891182885246,0.9994208000578958
2006-07-26,0.999891182885246,0.9994208000578958
2006-07-27,0.999891182885246,0.9994208000578958
2006-07-28,0.999891182885246,0.9994208000578958
2006-07-31,1.0132927526184923,0.9851183073556486
2006-08-01,0.9998940417751551,0.9994038748167088
2006-08-02,0.9998940417751551,0.9994038748245855
2006-08-03,0.9998940417751551,0.9994038748245855
2006-08-04,0.9998940417751551,0.9994038748245855
2006-08-07,0.9998940417751551,0.9994038748245855
2006-08-08,0.9998940417751551,0.9994038748245855
2006-08-09,0.9998940417751551,0.9994038748245855
2006-08-10,0.9998940417751551,0.9994038748245855
2006-08-11,0.9998940417751551,0.9994038748245855
2006-08-14,0.9998940417751551,0.9994038748245855
2006-08-15,0.9998940417751551,0.9994038748245855
2006-08-16,0.9998940417751551,0.9994038748245855
2006-08-17,0.9998940417751551,0.9994038748245855
2006-08-18,0.9998940417751551,0.9994038748245855
2006-08-21,0.9998940417751551,0.9994038748245855
2006-08-22,0.9998940417751551,0.9994038748245855
2006-08-23,0.9998940417751551,0.9994038748245855
2006-08-24,0.9998940417751551,0.9994038748245855
2006-08-25,0.9998940417751551,0.9994038748245855
2006-08-28,0.9998940417751551,0.9994038748245855
2006-08-29,0.9998940417751551,0.9994038748245855
2006-08-30,0.9998940417751551,0.9994038748245855
2006-08-31,1.0117503659323543,1.0537173872217398
2006-09-01,0.9998965102107021,0.9994636970257411
2006-09-04,0.9998965102107021,0.9994636969986895
2006-09-05,0.9998965102107021,0.9994636969986895
2006-09-06,0.9998965102107021,0.9994636969986895
2006-09-07,0.9998965102107021,0.9994636969986895
2006-09-08,0.9998965102107021,0.9994636969986895
2006-09-11,0.9998965102107021,0.9994636969986895
2006-09-12,0.9998965102107021,0.9994636969986895
2006-09-13,0.9998965102107021,0.9994636969986895
2006-09-14,0.9998965102107021,0.9994636969986895
2006-09-15,0.9998965102107021,0.9994636969986895
2006-09-18,0.9998965102107021,0.9994636969986895
2006-09-19,0.9998965102107021,0.9994636969986895
2006-09-20,0.9998965102107021,0.9994636969986895
2006-09-21,0.9998965102107021,0.9994636969986895
2006-09-22,0.9998965102107021,0.9994636969986895
2006-09-25,0.9998965102107021,0.9994636969986895
2006-09-26,0.9998965102107021,0.9994636969986895
2006-09-27,0.9998965102107021,0.9994636969986895
2006-09-28,0.9998965102107021,0.9994636969986895
2006-09-29,0.9998965102107021,0.9994636969986895
2006-10-02,0.9304362430105669,0.976586699641435
2006-10-03,0.9998804845836127,0.9994382978099811
2006-10-04,0.9998804845836127,0.9994382978227473
2006-10-05,0.9998804845836127,0.9994382978227473
2006-10-06,0.9998804845836127,0.9994382978227473
2006-10-09,0.9998804845836127,0.9994382978227473
2006-10-10,0.9998804845836127,0.9994382978227473
2006-10-11,0.9998804845836127,0.9994382978227473
2006-10-12,0.9998804845836127,0.9994382978227473
2006-10-13,0.9998804845836127,0.9994382978227473
2006-10-16,0.9998804845836127,0.9994382978227473
2006-10-17,0.9998804845836127,0.9994382978227473
2006-10-18,0.9998804845836127,0.9994382978227473
2006-10-19,0.9998804845836127,0.9994382978227473
2006-10-20,0.9998804845836127,0.9994382978227473
2006-10-23,0.9998804845836127,0.9994382978227473
2006-10-24,0.9998804845836127,0.9994382978227473
2006-10-25,0.9998804845836127,0.9994382978227473
2006-10-26,0.9998804845836127,0.9994382978227473
2006-10-27,0.9998804845836127,0.9994382978227473
2006-10-30,0.9998804845836127,0.9994382978227473
2006-10-31,1.124886008791434,0.9922125789595526
2006-11-01,0.9999055679484085,0.9994300939341038
2006-11-02,0.9999055679484085,0.9994300939380408
2006-11-03,0.9999055679484085,0.9994300939380408
2006-11-06,0.9999055679484085,0.9994300939380408
2006-11-07,0.9999055679484085,0.9994300939380408
2006-11-08,0.9999055679484085,0.9994300939380408
2006-11-09,0.9999055679484085,0.9994300939380408
2006-11-10,0.9999055679484085,0.9994300939380408
2006-11-13,0.9999055679484085,0.9994300939380408
2006-11-14,0.9999055679484085,0.9994300939380408
2006-11-15,0.9999055679484085,0.9994300939380408
2006-11-16,0.9999055679484085,0.9994300939380408
2006-11-17,0.9999055679484085,0.9994300939380408
2006-11-20,0.9999055679484085,0.9994300939380408
2006-11-21,0.9999055679484085,0.9994300939380408
2006-11-22,0.9999055679484085,0.9994300939380408
2006-11-23,0.9999055679484085,0.9994300939380408
2006-11-24,0.9999055679484085,0.9994300939380408
2006-11-27,0.9999055679484085,0.9994300939380408
2006-11-28,0.9999055679484085,0.9994300939380408
2006-11-29,0.9999055679484085,0.9994300939380408
2006-11-30,1.2020876743290991,0.8934150133659597
2006-12-01,0.9999346592577805,0.9992869690886635
2006-12-04,0.9999346592577805,0.9992869691563444
2006-12-05,0.9999346592577805,0.9992869691563444
2006-12-06,0.9999346592577805,0.9992869691563444
2006-12-07,0.9999346592577805,0.9992869691563444
2006-12-08,0.9999346592577805,0.9992869691563444
2006-12-11,0.9999346592577805,0.9992869691563444
2006-12-12,0.9999346592577805,0.9992869691563444
2006-12-13,0.9999346592577805,0.9992869691563444
2006-12-14,0.9999346592577805,0.9992869691563444
2006-12-15,0.9999346592577805,0.9992869691563444
2006-12-18,0.9999346592577805,0.9992869691563444
2006-12-19,0.9999346592577805,0.9992869691563444
2006-12-20,0.9999346592577805,0.9992869691563444
2006-12-21,0.9999346592577805,0.9992869691563444
2006-12-22,0.9999346592577805,0.9992869691563444
2006-12-25,0.9999346592577805,0.9992869691563444
2006-12-26,0.9999346592577805,0.9992869691563444
2006-12-27,0.9999346592577805,0.9992869691563444
2006-12-28,0.9999346592577805,0.9992869691563444
2006-12-29,0.9999346592577805,0.9992869691563444
2007-01-01,0.9399602675237295,1.0458463261964814
2007-01-02,0.9999260560391707,0.9993489813498119
2007-01-03,0.9999260560391707,0.9993489813263716
2007-01-04,0.9999260560391707,0.9993489813263716
2007-01-05,0.9999260560391707,0.9993489813263716
2007-01-08,0.9999260560391707,0.9993489813263716
2007-01-09,0.9999260560391707,0.9993489813263716
2007-01-10,0.9999260560391707,0.9993489813263716
2007-01-11,0.9999260560391707,0.9993489813263716
2007-01-12,0.9999260560391707,0.9993489813263716
2007-01-15,0.9999260560391707,0.9993489813263716
2007-01-16,0.9999260560391707,0.9993489813263716
2007-01-17,0.9999260560391707,0.9993489813263716
2007-01-18,0.9999260560391707,0.9993489813263716
2007-01-19,0.9999260560391707,0.9993489813263716
2007-01-22,0.9999260560391707,0.9993489813263716
2007-01-23,0.9999260560391707,0.9993489813263716
2007-01-24,0.9999260560391707,0.9993489813263716
2007-01-25,0.9999260560391707,0.9993489813263716
2007-01-26,0.9999260560391707,0.9993489813263716
2007-01-29,0.9999260560391707,0.9993489813263716
2007-01-30,0.9999260560391707,0.9993489813263716
2007-01-31,0.9440663933928238,1.0520556882824983
2007-02-01,0.9999170478711966,0.9994125218182125
2007-02-02,0.9999170478711966,0.9994125217919043
2007-02-05,0.9999170478711966,0.9994125217919043
2007-02-06,0.9999170478711966,0.9994125217919043
2007-02-07,0.9999170478711966,0.9994125217919043
2007-02-08,0.9999170478711966,0.9994125217919043
2007-02-09,0.9999170478711966,0.9994125217919043
2007-02-12,0.9999170478711966,0.9994125217919043
2007-02-13,0.9999170478711966,0.9994125217919043
2007-02-14,0.9999170478711966,0.9994125217919043
2007-02-15,0.9999170478711966,0.9994125217919043
2007-02-16,0.9999170478711966,0.9994125217919043
2007-02-19,0.9999170478711966,0.9994125217919043
2007-02-20,0.9999170478711966,0.9994125217919043
2007-02-21,0.9999170478711966,0.9994125217919043
2007-02-22,0.9999170478711966,0.9994125217919043
2007-02-23,0.9999170478711966,0.9994125217919043
2007-02-26,0.9999170478711966,0.9994125217919043
2007-02-27,0.9999170478711966,0.9994125217919043
2007-02-28,1.0763970375857825,0.8826368049629061
2007-03-01,0.9999284156806364,0.9992469750280505
2007-03-02,0.9999284156806364,0.9992469751039881
2007-03-05,0.9999284156806364,0.9992469751039881
2007-03-06,0.9999284156806364,0.9992469751039881
2007-03-07,0.9999284156806364,0.9992469751039881
2007-03-08,0.9999284156806364,0.9992469751039881
2007-03-09,0.9999284156806364,0.9992469751039881
2007-03-12,0.9999284156806364,0.9992469751039881
2007-03-13,0.9999284156806364,0.9992469751039881
2007-03-14,0.9999284156806364,0.9992469751039881
2007-03-15,0.9999284156806364,0.9992469751039881
2007-03-16,0.9999284156806364,0.9992469751039881
2007-03-19,0.9999284156806364,0.9992469751039881
2007-03-20,0.9999284156806364,0.9992469751039881
2007-03-21,0.9999284156806364,0.9992469751039881
2007-03-22,0.9999284156806364,0.9992469751039881
2007-03-23,0.9999284156806364,0.9992469751039881
2007-03-26,0.9999284156806364,0.9992469751039881
2007-03-27,0.9999284156806364,0.9992469751039881
2007-03-28,0.9999284156806364,0.9992469751039881
2007-03-29,0.9999284156806364,0.9992469751039881
2007-03-30,0.9999284156806364,0.9992469751039881
2007-04-02,1.0603799221293588,0.9613599845711438
2007-04-03,0.9999363442127026,0.9991865262706702
2007-04-04,0.9999363442127026,0.9991865262923006
2007-04-05,0.9999363442127026,0.9991865262923006
2007-04-06,0.9999363442127026,0.9991865262923006
2007-04-09,0.9999363442127026,0.9991865262923006
2007-04-10,0.9999363442127026,0.9991865262923006
2007-04-11,0.9999363442127026,0.9991865262923006
2007-04-12,0.9999363442127026,0.9991865262923006
2007-04-13,0.9999363442127026,0.9991865262923006
2007-04-16,0.9999363442127026,0.9991865262923006
2007-04-17,0.9999363442127026,0.9991865262923006
2007-04-18,0.9999363442127026,0.9991865262923006
2007-04-19,0.9999363442127026,0.9991865262923006
2007-04-20,0.9999363442127026,0.9991865262923006
2007-04-23,0.9999363442127026,0.9991865262923006
2007-04-24,0.9999363442127026,0.9991865262923006
2007-04-25,0.9999363442127026,0.9991865262923006
2007-04-26,0.9999363442127026,0.9991865262923006
2007-04-27,0.9999363442127026,0.9991865262923006
2007-04-30,1.0935120502305964,1.0210270974798847
2007-05-01,0.9999467717425999,0.9992209155426668
2007-05-02,0.9999467717425999,0.9992209155312752
2007-05-03,0.9999467717425999,0.9992209155312752
2007-05-04,0.9999467717425999,0.9992209155312752
2007-05-07,0.9999467717425999,0.9992209155312752
2007-05-08,0.9999467717425999,0.9992209155312752
2007-05-09,0.9999467717425999,0.9992209155312752
2007-05-10,0.9999467717425999,0.9992209155312752
2007-05-11,0.9999467717425999,0.9992209155312752
2007-05-14,0.9999467717425999,0.9992209155312752
2007-05-15,0.9999467717425999,0.9992209155312752
2007-05-16,0.9999467717425999,0.9992209155312752
2007-05-17,0.9999467717425999,0.9992209155312752
2007-05-18,0.9999467717425999,0.9992209155312752
2007-05-21,0.9999467717425999,0.9992209155312752
2007-05-22,0.9999467717425999,0.9992209155312752
2007-05-23,0.9999467717425999,0.9992209155312752
2007-05-24,0.9999467717425999,0.9992209155312752
2007-05-25,0.9999467717425999,0.9992209155312752
2007-05-28,0.9999467717425999,0.9992209155312752
2007-05-29,0.9999467717425999,0.9992209155312752
2007-05-30,0.9999467717425999,0.9992209155312752
2007-05-31,0.9320178194668313,1.0336228875839952
2007-06-01,0.9999387307811325,0.9992718572168467
2007-06-04,0.9999387307811325,0.9992718571992256
2007-06-05,0.9999387307811325,0.9992718571992256
2007-06-06,0.9999387307811325,0.9992718571992256
2007-06-07,0.9999387307811325,0.9992718571992256
2007-06-08,0.9999387307811325,0.9992718571992256
2007-06-11,0.9999387307811325,0.9992718571992256
2007-06-12,0.9999387307811325,0.9992718571992256
2007-06-13,0.9999387307811325,0.9992718571992256
2007-06-14,0.9999387307811325,0.9992718571992256
2007-06-15,0.9999387307811325,0.9992718571992256
2007-06-18,0.9999387307811325,0.9992718571992256
2007-06-19,0.9999387307811325,0.9992718571992256
2007-06-20,0.9999387307811325,0.9992718571992256
2007-06-21,0.9999387307811325,0.9992718571992256
2007-06-22,0.9999387307811325,0.9992718571992256
2007-06-25,0.9999387307811325,0.9992718571992256
2007-06-26,0.9999387307811325,0.9992718571992256
2007-06-27,0.9999387307811325,0.9992718571992256
2007-06-28,0.9999387307811325,0.9992718571992256
2007-06-29,0.9999387307811325,0.9992718571992256
2007-07-02,1.0156701454831454,0.9935679860226523
2007-07-03,0.9999406138765387,0.9992634822210839
2007-07-04,0.9999406138765387,0.9992634822241836
2007-07-05,0.9999406138765387,0.9992634822241836
2007-07-06,0.9999406138765387,0.9992634822241836
2007-07-09,0.9999406138765387,0.9992634822241836
2007-07-10,0.9999406138765387,0.9992634822241836
2007-07-11,0.9999406138765387,0.9992634822241836
2007-07-12,0.9999406138765387,0.9992634822241836
2007-07-13,0.9999406138765387,0.9992634822241836
2007-07-16,0.9999406138765387,0.9992634822241836
2007-07-17,0.9999406138765387,0.9992634822241836
2007-07-18,0.9999406138765387,0.9992634822241836
2007-07-19,0.9999406138765387,0.9992634822241836
2007-07-20,0.9999406138765387,0.9992634822241836
2007-07-23,0.9999406138765387,0.9992634822241836
2007-07-24,0.9999406138765387,0.9992634822241836
2007-07-25,0.9999406138765387,0.9992634822241836
2007-07-26,0.9999406138765387,0.9992634822241836
2007-07-27,0.9999406138765387,0.9992634822241836
2007-07-30,0.9999406138765387,0.9992634822241836
2007-07-31,1.120929014064853,0.8795333824231848
2007-08-01,0.9999527409407074,0.9990496158522616
2007-08-02,0.9999527409407074,0.9990496159304887
2007-08-03,0.9999527409407074,0.9990496159304887
2007-08-06,0.9999527409407074,0.9990496159304887
2007-08-07,0.9999527409407074,0.9990496159304887
2007-08-08,0.9999527409407074,0.9990496159304887
2007-08-09,0.9999527409407074,0.9990496159304887
2007-08-10,0.9999527409407074,0.9990496159304887
2007-08-13,0.9999527409407074,0.9990496159304887
2007-08-14,0.9999527409407074,0.9990496159304887
2007-08-15,0.9999527409407074,0.9990496159304887
2007-08-16,0.9999527409407074,0.9990496159304887
2007-08-17,0.9999527409407074,0.9990496159304887
2007-08-20,0.9999527409407074,0.9990496159304887
2007-08-21,0.9999527409407074,0.9990496159304887
2007-08-22,0.9999527409407074,0.9990496159304887
2007-08-23,0.9999527409407074,0.9990496159304887
2007-08-24,0.9999527409407074,0.9990496159304887
2007-08-27,0.9999527409407074,0.9990496159304887
2007-08-28,0.9999527409407074,0.9990496159304887
2007-08-29,0.9999527409407074,0.9990496159304887
2007-08-30,0.9999527409407074,0.9990496159304887
2007-08-31,0.9985844116495265,0.8968646596522851
2007-09-03,0.999952611345934,0.9988211177667146
2007-09-04,0.999952611345934,0.9988211178314637
2007-09-05,0.999952611345934,0.9988211178314637
2007-09-06,0.999952611345934,0.9988211178314637
2007-09-07,0.999952611345934,0.9988211178314637
2007-09-10,0.999952611345934,0.9988211178314637
2007-09-11,0.999952611345934,0.9988211178314637
2007-09-12,0.999952611345934,0.9988211178314637
2007-09-13,0.999952611345934,0.9988211178314637
2007-09-14,0.999952611345934,0.9988211178314637
2007-09-17,0.999952611345934,0.9988211178314637
2007-09-18,0.999952611345934,0.9988211178314637
2007-09-19,0.999952611345934,0.9988211178314637
2007-09-20,0.999952611345934,0.9988211178314637
2007-09-21,0.999952611345934,0.9988211178314637
2007-09-24,0.999952611345934,0.9988211178314637
2007-09-25,0.999952611345934,0.9988211178314637
2007-09-26,0.999952611345934,0.9988211178314637
2007-09-27,0.999952611345934,0.9988211178314637
2007-09-28,0.999952611345934,0.9988211178314637
2007-10-01,1.1177343242926863,0.7872788626473638
2007-10-02,0.99996207180288,0.998104512103726
2007-10-03,0.99996207180288,0.998104512267254
2007-10-04,0.99996207180288,0.998104512267254
2007-10-05,0.99996207180288,0.998104512267254
2007-10-08,0.99996207180288,0.998104512267254
2007-10-09,0.99996207180288,0.998104512267254
2007-10-10,0.99996207180288,0.998104512267254
2007-10-11,0.99996207180288,0.998104512267254
2007-10-12,0.99996207180288,0.998104512267254
2007-10-15,0.99996207180288,0.998104512267254
2007-10-16,0.99996207180288,0.998104512267254
2007-10-17,0.99996207180288,0.998104512267254
2007-10-18,0.99996207180288,0.998104512267254
2007-10-19,0.99996207180288,0.998104512267254
2007-10-22,0.99996207180288,0.998104512267254
2007-10-23,0.99996207180288,0.998104512267254
2007-10-24,0.99996207180288,0.998104512267254
2007-10-25,0.99996207180288,0.998104512267254
2007-10-26,0.99996207180288,0.998104512267254
2007-10-29,0.99996207180288,0.998104512267254
2007-10-30,0.99996207180288,0.998104512267254
2007-10-31,1.0679783374180507,0.9450817060130565
2007-11-01,0.999966748793016,0.9978865499599735
2007-11-02,0.999966748793016,0.9978865499908979
2007-11-05,0.999966748793016,0.9978865499908979
2007-11-06,0.999966748793016,0.9978865499908979
2007-11-07,0.999966748793016,0.9978865499908979
2007-11-08,0.999966748793016,0.9978865499908979
2007-11-09,0.999966748793016,0.9978865499908979
2007-11-12,0.999966748793016,0.9978865499908979
2007-11-13,0.999966748793016,0.9978865499908979
2007-11-14,0.999966748793016,0.9978865499908979
2007-11-15,0.999966748793016,0.9978865499908979
2007-11-16,0.999966748793016,0.9978865499908979
2007-11-19,0.999966748793016,0.9978865499908979
2007-11-20,0.999966748793016,0.9978865499908979
2007-11-21,0.999966748793016,0.9978865499908979
2007-11-22,0.999966748793016,0.9978865499908979
2007-11-23,0.999966748793016,0.9978865499908979
2007-11-26,0.999966748793016,0.9978865499908979
2007-11-27,0.999966748793016,0.9978865499908979
2007-11-28,0.999966748793016,0.9978865499908979
2007-11-29,0.999966748793016,0.9978865499908979
2007-11-30,1.0379617577065032,0.6127431192084746
2007-12-03,0.9999691384749426,0.9944238868758246
2007-12-04,0.9999691384749426,0.9944238873141478
2007-12-05,0.9999691384749426,0.9944238873141478
2007-12-06,0.9999691384749426,0.9944238873141478
2007-12-07,0.9999691384749426,0.9944238873141478
2007-12-10,0.9999691384749426,0.9944238873141478
2007-12-11,0.9999691384749426,0.9944238873141478
2007-12-12,0.9999691384749426,0.9944238873141478
2007-12-13,0.9999691384749426,0.9944238873141478
2007-12-14,0.9999691384749426,0.9944238873141478
2007-12-17,0.9999691384749426,0.9944238873141478
2007-12-18,0.9999691384749426,0.9944238873141478
2007-12-19,0.9999691384749426,0.9944238873141478
2007-12-20,0.9999691384749426,0.9944238873141478
2007-12-21,0.9999691384749426,0.9944238873141478
2007-12-24,0.9999691384749426,0.9944238873141478
2007-12-25,0.9999691384749426,0.9944238873141478
2007-12-26,0.9999691384749426,0.9944238873141478
2007-12-27,0.9999691384749426,0.9944238873141478
2007-12-28,0.9999691384749426,0.9944238873141478
2007-12-31,0.9222093209355176,0.6795834870913301
2008-01-01,0.9999637149246768,0.9881729844360047
2008-01-02,0.9999637149246768,0.9881729847330888
2008-01-03,0.9999637149246768,0.9881729847330888
2008-01-04,0.9999637149246768,0.9881729847330888
2008-01-07,0.9999637149246768,0.9881729847330888
2008-01-08,0.9999637149246768,0.9881729847330888
2008-01-09,0.9999637149246768,0.9881729847330888
2008-01-10,0.9999637149246768,0.9881729847330888
2008-01-11,0.9999637149246768,0.9881729847330888
2008-01-14,0.9999637149246768,0.9881729847330888
2008-01-15,0.9999637149246768,0.9881729847330888
2008-01-16,0.9999637149246768,0.9881729847330888
2008-01-17,0.9999637149246768,0.9881729847330888
2008-01-18,0.9999637149246768,0.9881729847330888
2008-01-21,0.9999637149246768,0.9881729847330888
2008-01-22,0.9999637149246768,0.9881729847330888
2008-01-23,0.9999637149246768,0.9881729847330888
2008-01-24,0.9999637149246768,0.9881729847330888
2008-01-25,0.9999637149246768,0.9881729847330888
2008-01-28,0.9999637149246768,0.9881729847330888
2008-01-29,0.9999637149246768,0.9881729847330888
2008-01-30,0.9999637149246768,0.9881729847330888
2008-01-31,1.0771572197945432,0.03102685371373976
2008-02-01,0.9999687290133129,0.198317142226239
2008-02-04,0.9999687290133129,0.19831714435860237
2008-02-05,0.9999687290133129,0.19831714435860237
2008-02-06,0.9999687290133129,0.19831714435860237
2008-02-07,0.9999687290133129,0.19831714435860237
2008-02-08,0.9999687290133129,0.19831714435860237
2008-02-11,0.9999687290133129,0.19831714435860237
2008-02-12,0.9999687290133129,0.19831714435860237
2008-02-13,0.9999687290133129,0.19831714435860237
2008-02-14,0.9999687290133129,0.19831714435860237
2008-02-15,0.9999687290133129,0.19831714435860237
2008-02-18,0.9999687290133129,0.19831714435860237
2008-02-19,0.9999687290133129,0.19831714435860237
2008-02-20,0.9999687290133129,0.19831714435860237
2008-02-21,0.9999687290133129,0.19831714435860237
2008-02-22,0.9999687290133129,0.19831714435860237
2008-02-25,0.9999687290133129,0.19831714435860237
2008-02-26,0.9999687290133129,0.19831714435860237
2008-02-27,0.9999687290133129,0.19831714435860237
2008-02-28,0.9999687290133129,0.19831714435860237
2008-02-29,1.045056593837293,-5.163957512261985
2008-03-03,0.9999713689996115,-0.9824598121890865
2008-03-04,0.9999713689996115,-0.9824598119336271
2008-03-05,0.9999713689996115,-0.9824598119336271
2008-03-06,0.9999713689996115,-0.9824598119336271
2008-03-07,0.9999713689996115,-0.9824598119336271
2008-03-10,0.9999713689996115,-0.9824598119336271
2008-03-11,0.9999713689996115,-0.9824598119336271
2008-03-12,0.9999713689996115,-0.9824598119336271
2008-03-13,0.9999713689996115,-0.9824598119336271
2008-03-14,0.9999713689996115,-0.9824598119336271
2008-03-17,0.9999713689996115,-0.9824598119336271
2008-03-18,0.9999713689996115,-0.9824598119336271
2008-03-19,0.9999713689996115,-0.9824598119336271
2008-03-20,0.9999713689996115,-0.9824598119336271
2008-03-21,0.9999713689996115,-0.9824598119336271
2008-03-24,0.9999713689996115,-0.9824598119336271
2008-03-25,0.9999713689996115,-0.9824598119336271
2008-03-26,0.9999713689996115,-0.9824598119336271
2008-03-27,0.9999713689996115,-0.9824598119336271
2008-03-28,0.9999713689996115,-0.9824598119336271
2008-03-31,1.0932981126956145,-2.535848065165419
2008-04-01,0.9999760482359114,-0.9973071932739591
2008-04-02,0.9999760482359114,-0.9973071930465163
2008-04-03,0.9999760482359114,-0.9973071930465163
2008-04-04,0.9999760482359114,-0.9973071930465163
2008-04-07,0.9999760482359114,-0.9973071930465163
2008-04-08,0.9999760482359114,-0.9973071930465163
2008-04-09,0.9999760482359114,-0.9973071930465163
2008-04-10,0.9999760482359114,-0.9973071930465163
2008-04-11,0.9999760482359114,-0.9973071930465163
2008-04-14,0.9999760482359114,-0.9973071930465163
2008-04-15,0.9999760482359114,-0.9973071930465163
2008-04-16,0.9999760482359114,-0.9973071930465163
2008-04-17,0.9999760482359114,-0.9973071930465163
2008-04-18,0.9999760482359114,-0.9973071930465163
2008-04-21,0.9999760482359114,-0.9973071930465163
2008-04-22,0.9999760482359114,-0.9973071930465163
2008-04-23,0.9999760482359114,-0.9973071930465163
2008-04-24,0.9999760482359114,-0.9973071930465163
2008-04-25,0.9999760482359114,-0.9973071930465163
2008-04-28,0.9999760482359114,-0.9973071930465163
2008-04-29,0.9999760482359114,-0.9973071930465163
2008-04-30,0.9360861957303023,-0.7971825943560367
2008-05-01,0.999972667282245,-0.9957950727694089
2008-05-02,0.999972667282245,-0.9957950729199497
2008-05-05,0.999972667282245,-0.9957950729199497
2008-05-06,0.999972667282245,-0.9957950729199497
2008-05-07,0.999972667282245,-0.9957950729199497
2008-05-08,0.999972667282245,-0.9957950729199497
2008-05-09,0.999972667282245,-0.9957950729199497
2008-05-12,0.999972667282245,-0.9957950729199497
2008-05-13,0.999972667282245,-0.9957950729199497
2008-05-14,0.999972667282245,-0.9957950729199497
2008-05-15,0.999972667282245,-0.9957950729199497
2008-05-16,0.999972667282245,-0.9957950729199497
2008-05-19,0.999972667282245,-0.9957950729199497
2008-05-20,0.999972667282245,-0.9957950729199497
2008-05-21,0.999972667282245,-0.9957950729199497
2008-05-22,0.999972667282245,-0.9957950729199497
2008-05-23,0.999972667282245,-0.9957950729199497
2008-05-26,0.999972667282245,-0.9957950729199497
2008-05-27,0.999972667282245,-0.9957950729199497
2008-05-28,0.999972667282245,-0.9957950729199497
2008-05-29,0.999972667282245,-0.9957950729199497
2008-05-30,0.999972667282245,-0.9957950729199497
2008-06-02,0.9653321317766987,-1.1551138226226596
2008-06-03,0.9999706705276278,-0.9968699442788496
2008-06-04,0.9999706705276278,-0.9968699442102102
2008-06-05,0.9999706705276278,-0.9968699442102102
2008-06-06,0.9999706705276278,-0.9968699442102102
2008-06-09,0.9999706705276278,-0.9968699442102102
2008-06-10,0.9999706705276278,-0.9968699442102102
2008-06-11,0.9999706705276278,-0.9968699442102102
2008-06-12,0.9999706705276278,-0.9968699442102102
2008-06-13,0.9999706705276278,-0.9968699442102102
2008-06-16,0.9999706705276278,-0.9968699442102102
2008-06-17,0.9999706705276278,-0.9968699442102102
2008-06-18,0.9999706705276278,-0.9968699442102102
2008-06-19,0.9999706705276278,-0.9968699442102102
2008-06-20,0.9999706705276278,-0.9968699442102102
2008-06-23,0.9999706705276278,-0.9968699442102102
2008-06-24,0.9999706705276278,-0.9968699442102102
2008-06-25,0.9999706705276278,-0.9968699442102102
2008-06-26,0.9999706705276278,-0.9968699442102102
2008-06-27,0.9999706705276278,-0.9968699442102102
2008-06-30,1.0098953256191543,-1.2340797332577766
2008-07-01,0.9999712441357848,-0.997954256735192
2008-07-02,0.9999712441357848,-0.99795425664202
2008-07-03,0.9999712441357848,-0.99795425664202
2008-07-04,0.9999712441357848,-0.99795425664202
2008-07-07,0.9999712441357848,-0.99795425664202
2008-07-08,0.9999712441357848,-0.99795425664202
2008-07-09,0.9999712441357848,-0.99795425664202
2008-07-10,0.9999712441357848,-0.99795425664202
2008-07-11,0.9999712441357848,-0.99795425664202
2008-07-14,0.9999712441357848,-0.99795425664202
2008-07-15,0.9999712441357848,-0.99795425664202
2008-07-16,0.9999712441357848,-0.99795425664202
2008-07-17,0.9999712441357848,-0.99795425664202
2008-07-18,0.9999712441357848,-0.99795425664202
2008-07-21,0.9999712441357848,-0.99795425664202
2008-07-22,0.9999712441357848,-0.99795425664202
2008-07-23,0.9999712441357848,-0.99795425664202
2008-07-24,0.9999712441357848,-0.99795425664202
2008-07-25,0.9999712441357848,-0.99795425664202
2008-07-28,0.9999712441357848,-0.99795425664202
2008-07-29,0.9999712441357848,-0.99795425664202
2008-07-30,0.9999712441357848,-0.99795425664202
2008-07-31,0.9647950143222964,-0.9082179726725294
2008-08-01,0.9999691091431532,-0.9975315963539999
2008-08-04,0.9999691091431532,-0.9975315964095325
2008-08-05,0.9999691091431532,-0.9975315964095325
2008-08-06,0.9999691091431532,-0.9975315964095325
2008-08-07,0.9999691091431532,-0.9975315964095325
2008-08-08,0.9999691091431532,-0.9975315964095325
2008-08-11,0.9999691091431532,-0.9975315964095325
2008-08-12,0.9999691091431532,-0.9975315964095325
2008-08-13,0.9999691091431532,-0.9975315964095325
2008-08-14,0.9999691091431532,-0.9975315964095325
2008-08-15,0.9999691091431532,-0.9975315964095325
2008-08-18,0.9999691091431532,-0.9975315964095325
2008-08-19,0.9999691091431532,-0.9975315964095325
2008-08-20,0.9999691091431532,-0.9975315964095325
2008-08-21,0.9999691091431532,-0.9975315964095325
2008-08-22,0.9999691091431532,-0.9975315964095325
2008-08-25,0.9999691091431532,-0.9975315964095325
2008-08-26,0.9999691091431532,-0.9975315964095325
2008-08-27,0.9999691091431532,-0.9975315964095325
2008-08-28,0.9999691091431532,-0.9975315964095325
2008-08-29,0.9999691091431532,-0.9975315964095325
2008-09-01,0.7528873178198349,-0.8877649718329829
2008-09-02,0.9999455086227585,-0.9968864785663105
2008-09-03,0.9999455086227585,-0.9968864786364897
2008-09-04,0.9999455086227585,-0.9968864786364897
2008-09-05,0.9999455086227585,-0.9968864786364897
2008-09-08,0.9999455086227585,-0.9968864786364897
2008-09-09,0.9999455086227585,-0.9968864786364897
2008-09-10,0.9999455086227585,-0.9968864786364897
2008-09-11,0.9999455086227585,-0.9968864786364897
2008-09-12,0.9999455086227585,-0.9968864786364897
2008-09-15,0.9999455086227585,-0.9968864786364897
2008-09-16,0.9999455086227585,-0.9968864786364897
2008-09-17,0.9999455086227585,-0.9968864786364897
2008-09-18,0.9999455086227585,-0.9968864786364897
2008-09-19,0.9999455086227585,-0.9968864786364897
2008-09-22,0.9999455086227585,-0.9968864786364897
2008-09-23,0.9999455086227585,-0.9968864786364897
2008-09-24,0.9999455086227585,-0.9968864786364897
2008-09-25,0.9999455086227585,-0.9968864786364897
2008-09-26,0.9999455086227585,-0.9968864786364897
2008-09-29,0.9999455086227585,-0.9968864786364897
2008-09-30,0.8540147605288338,-1.0731191882804845
2008-10-01,0.9999252972600353,-0.9973114068337321
2008-10-02,0.9999252972600353,-0.9973114067970608
2008-10-03,0.9999252972600353,-0.9973114067970608
2008-10-06,0.9999252972600353,-0.9973114067970608
2008-10-07,0.9999252972600353,-0.9973114067970608
2008-10-08,0.9999252972600353,-0.9973114067970608
2008-10-09,0.9999252972600353,-0.9973114067970608
2008-10-10,0.9999252972600353,-0.9973114067970608
2008-10-13,0.9999252972600353,-0.9973114067970608
2008-10-14,0.9999252972600353,-0.9973114067970608
2008-10-15,0.9999252972600353,-0.9973114067970608
2008-10-16,0.9999252972600353,-0.9973114067970608
2008-10-17,0.9999252972600353,-0.9973114067970608
2008-10-20,0.9999252972600353,-0.9973114067970608
2008-10-21,0.9999252972600353,-0.9973114067970608
2008-10-22,0.9999252972600353,-0.9973114067970608
2008-10-23,0.9999252972600353,-0.9973114067970608
2008-10-24,0.9999252972600353,-0.9973114067970608
2008-10-27,0.9999252972600353,-0.9973114067970608
2008-10-28,0.9999252972600353,-0.9973114067970608
2008-10-29,0.9999252972600353,-0.9973114067970608
2008-10-30,0.9999252972600353,-0.9973114067970608
2008-10-31,0.611312634203874,-0.9050723926033668
2008-11-03,0.9998001687648701,-0.9967382896804684
2008-11-04,0.9998001687648701,-0.9967382897376963
2008-11-05,0.9998001687648701,-0.9967382897376963
2008-11-06,0.9998001687648701,-0.9967382897376963
2008-11-07,0.9998001687648701,-0.9967382897376963
2008-11-10,0.9998001687648701,-0.9967382897376963
2008-11-11,0.9998001687648701,-0.9967382897376963
2008-11-12,0.9998001687648701,-0.9967382897376963
2008-11-13,0.9998001687648701,-0.9967382897376963
2008-11-14,0.9998001687648701,-0.9967382897376963
2008-11-17,0.9998001687648701,-0.9967382897376963
2008-11-18,0.9998001687648701,-0.9967382897376963
2008-11-19,0.9998001687648701,-0.9967382897376963
2008-11-20,0.9998001687648701,-0.9967382897376963
2008-11-21,0.9998001687648701,-0.9967382897376963
2008-11-24,0.9998001687648701,-0.9967382897376963
2008-11-25,0.9998001687648701,-0.9967382897376963
2008-11-26,0.9998001687648701,-0.9967382897376963
2008-11-27,0.9998001687648701,-0.9967382897376963
2008-11-28,0.9998001687648701,-0.9967382897376963
2008-12-01,0.8827929874421692,-1.2934677207608722
2008-12-02,0.9997437078855418,-0.9980592945345677
2008-12-03,0.9997437078855418,-0.9980592944256217
2008-12-04,0.9997437078855418,-0.9980592944256217
2008-12-05,0.9997437078855418,-0.9980592944256217
2008-12-08,0.9997437078855418,-0.9980592944256217
2008-12-09,0.9997437078855418,-0.9980592944256217
2008-12-10,0.9997437078855418,-0.9980592944256217
2008-12-11,0.9997437078855418,-0.9980592944256217
2008-12-12,0.9997437078855418,-0.9980592944256217
2008-12-15,0.9997437078855418,-0.9980592944256217
2008-12-16,0.9997437078855418,-0.9980592944256217
2008-12-17,0.9997437078855418,-0.9980592944256217
2008-12-18,0.9997437078855418,-0.9980592944256217
2008-12-19,0.9997437078855418,-0.9980592944256217
2008-12-22,0.9997437078855418,-0.9980592944256217
2008-12-23,0.9997437078855418,-0.9980592944256217
2008-12-24,0.9997437078855418,-0.9980592944256217
2008-12-25,0.9997437078855418,-0.9980592944256217
2008-12-26,0.9997437078855418,-0.9980592944256217
2008-12-29,0.9997437078855418,-0.9980592944256217
2008-12-30,0.9997437078855418,-0.9980592944256217
2008-12-31,1.3309139926815248,-1.6970030826507392
2009-01-01,0.9998553610123543,-0.9993274348531208
2009-01-02,0.9998553610123543,-0.9993274346770095
2009-01-05,0.9998553610123543,-0.9993274346770095
2009-01-06,0.9998553610123543,-0.9993274346770095
2009-01-07,0.9998553610123543,-0.9993274346770095
2009-01-08,0.9998553610123543,-0.9993274346770095
2009-01-09,0.9998553610123543,-0.9993274346770095
2009-01-12,0.9998553610123543,-0.9993274346770095
2009-01-13,0.9998553610123543,-0.9993274346770095
2009-01-14,0.9998553610123543,-0.9993274346770095
2009-01-15,0.9998553610123543,-0.9993274346770095
2009-01-16,0.9998553610123543,-0.9993274346770095
2009-01-19,0.9998553610123543,-0.9993274346770095
2009-01-20,0.9998553610123543,-0.9993274346770095
2009-01-21,0.9998553610123543,-0.9993274346770095
2009-01-22,0.9998553610123543,-0.9993274346770095
2009-01-23,0.9998553610123543,-0.9993274346770095
2009-01-26,0.9998553610123543,-0.9993274346770095
2009-01-27,0.9998553610123543,-0.9993274346770095
2009-01-28,0.9998553610123543,-0.9993274346770095
2009-01-29,0.9998553610123543,-0.9993274346770095
2009-01-30,0.9998553610123543,-0.9993274346770095
2009-02-02,0.7310191044932719,-0.7597780118282534
2009-02-03,0.9997294670015274,-0.9988373283107961
2009-02-04,0.9997294670015274,-0.998837328507049
2009-02-05,0.9997294670015274,-0.998837328507049
2009-02-06,0.9997294670015274,-0.998837328507049
2009-02-09,0.9997294670015274,-0.998837328507049
2009-02-10,0.9997294670015274,-0.998837328507049
2009-02-11,0.9997294670015274,-0.998837328507049
2009-02-12,0.9997294670015274,-0.998837328507049
2009-02-13,0.9997294670015274,-0.998837328507049
2009-02-16,0.9997294670015274,-0.998837328507049
2009-02-17,0.9997294670015274,-0.998837328507049
2009-02-18,0.9997294670015274,-0.998837328507049
2009-02-19,0.9997294670015274,-0.998837328507049
2009-02-20,0.9997294670015274,-0.998837328507049
2009-02-23,0.9997294670015274,-0.998837328507049
2009-02-24,0.9997294670015274,-0.998837328507049
2009-02-25,0.9997294670015274,-0.998837328507049
2009-02-26,0.9997294670015274,-0.998837328507049
2009-02-27,0.9997294670015274,-0.998837328507049
2009-03-02,0.6354692953272382,-0.8573835752438875
2009-03-03,0.999330830313543,-0.9984230209339684
2009-03-04,0.999330830313543,-0.9984230210298766
2009-03-05,0.999330830313543,-0.9984230210298766
2009-03-06,0.999330830313543,-0.9984230210298766
2009-03-09,0.999330830313543,-0.9984230210298766
2009-03-10,0.999330830313543,-0.9984230210298766
2009-03-11,0.999330830313543,-0.9984230210298766
2009-03-12,0.999330830313543,-0.9984230210298766
2009-03-13,0.999330830313543,-0.9984230210298766
2009-03-16,0.999330830313543,-0.9984230210298766
2009-03-17,0.999330830313543,-0.9984230210298766
2009-03-18,0.999330830313543,-0.9984230210298766
2009-03-19,0.999330830313543,-0.9984230210298766
2009-03-20,0.999330830313543,-0.9984230210298766
2009-03-23,0.999330830313543,-0.9984230210298766
2009-03-24,0.999330830313543,-0.9984230210298766
2009-03-25,0.999330830313543,-0.9984230210298766
2009-03-26,0.999330830313543,-0.9984230210298766
2009-03-27,0.999330830313543,-0.9984230210298766
2009-03-30,0.999330830313543,-0.9984230210298766
2009-03-31,1.2309752613571716,-1.1856891711506996
2009-04-01,0.9995588311842922,-0.9988810461192236
2009-04-02,0.9995588311842922,-0.9988810460409974
2009-04-03,0.9995588311842922,-0.9988810460409974
2009-04-06,0.9995588311842922,-0.9988810460409974
2009-04-07,0.9995588311842922,-0.9988810460409974
2009-04-08,0.9995588311842922,-0.9988810460409974
2009-04-09,0.9995588311842922,-0.9988810460409974
2009-04-10,0.9995588311842922,-0.9988810460409974
2009-04-13,0.9995588311842922,-0.9988810460409974
2009-04-14,0.9995588311842922,-0.9988810460409974
2009-04-15,0.9995588311842922,-0.9988810460409974
2009-04-16,0.9995588311842922,-0.9988810460409974
2009-04-17,0.9995588311842922,-0.9988810460409974
2009-04-20,0.9995588311842922,-0.9988810460409974
2009-04-21,0.9995588311842922,-0.9988810460409974
2009-04-22,0.9995588311842922,-0.9988810460409974
2009-04-23,0.9995588311842922,-0.9988810460409974
2009-04-24,0.9995588311842922,-0.9988810460409974
2009-04-27,0.9995588311842922,-0.9988810460409974
2009-04-28,0.9995588311842922,-0.9988810460409974
2009-04-29,0.9995588311842922,-0.9988810460409974
2009-04-30,1.223519524297975,-0.9314749001930079
2009-05-01,0.9997054932166126,-0.9987135639484618
2009-05-04,0.9997054932166126,-0.9987135639887648
2009-05-05,0.9997054932166126,-0.9987135639887648
2009-05-06,0.9997054932166126,-0.9987135639887648
2009-05-07,0.9997054932166126,-0.9987135639887648
2009-05-08,0.9997054932166126,-0.9987135639887648
2009-05-11,0.9997054932166126,-0.9987135639887648
2009-05-12,0.9997054932166126,-0.9987135639887648
2009-05-13,0.9997054932166126,-0.9987135639887648
2009-05-14,0.9997054932166126,-0.9987135639887648
2009-05-15,0.9997054932166126,-0.9987135639887648
2009-05-18,0.9997054932166126,-0.9987135639887648
2009-05-19,0.9997054932166126,-0.9987135639887648
2009-05-20,0.9997054932166126,-0.9987135639887648
2009-05-21,0.9997054932166126,-0.9987135639887648
2009-05-22,0.9997054932166126,-0.9987135639887648
2009-05-25,0.9997054932166126,-0.9987135639887648
2009-05-26,0.9997054932166126,-0.9987135639887648
2009-05-27,0.9997054932166126,-0.9987135639887648
2009-05-28,0.9997054932166126,-0.9987135639887648
2009-05-29,0.9997054932166126,-0.9987135639887648
2009-06-01,1.8269898927249943,-1.1085462455260935
2009-06-02,0.9999117932963806,-0.9989554716324139
2009-06-03,0.9999117932963806,-0.9989554715817616
2009-06-04,0.9999117932963806,-0.9989554715817616
2009-06-05,0.9999117932963806,-0.9989554715817616
2009-06-08,0.9999117932963806,-0.9989554715817616
2009-06-09,0.9999117932963806,-0.9989554715817616
2009-06-10,0.9999117932963806,-0.9989554715817616
2009-06-11,0.9999117932963806,-0.9989554715817616
2009-06-12,0.9999117932963806,-0.9989554715817616
2009-06-15,0.9999117932963806,-0.9989554715817616
2009-06-16,0.9999117932963806,-0.9989554715817616
2009-06-17,0.9999117932963806,-0.9989554715817616
2009-06-18,0.9999117932963806,-0.9989554715817616
2009-06-19,0.9999117932963806,-0.9989554715817616
2009-06-22,0.9999117932963806,-0.9989554715817616
2009-06-23,0.9999117932963806,-0.9989554715817616
2009-06-24,0.9999117932963806,-0.9989554715817616
2009-06-25,0.9999117932963806,-0.9989554715817616
2009-06-26,0.9999117932963806,-0.9989554715817616
2009-06-29,0.9999117932963806,-0.9989554715817616
2009-06-30,0.9974974391705881,-0.9316946624276694
2009-07-01,0.9999113658434539,-0.9987994960980555
2009-07-02,0.9999113658434539,-0.9987994961382691
2009-07-03,0.9999113658434539,-0.9987994961382691
2009-07-06,0.9999113658434539,-0.9987994961382691
2009-07-07,0.9999113658434539,-0.9987994961382691
2009-07-08,0.9999113658434539,-0.9987994961382691
2009-07-09,0.9999113658434539,-0.9987994961382691
2009-07-10,0.9999113658434539,-0.9987994961382691
2009-07-13,0.9999113658434539,-0.9987994961382691
2009-07-14,0.9999113658434539,-0.9987994961382691
2009-07-15,0.9999113658434539,-0.9987994961382691
2009-07-16,0.9999113658434539,-0.9987994961382691
2009-07-17,0.9999113658434539,-0.9987994961382691
2009-07-20,0.9999113658434539,-0.9987994961382691
2009-07-21,0.9999113658434539,-0.9987994961382691
2009-07-22,0.9999113658434539,-0.9987994961382691
2009-07-23,0.9999113658434539,-0.9987994961382691
2009-07-24,0.9999113658434539,-0.9987994961382691
2009-07-27,0.9999113658434539,-0.9987994961382691
2009-07-28,0.9999113658434539,-0.9987994961382691
2009-07-29,0.9999113658434539,-0.9987994961382691
2009-07-30,0.9999113658434539,-0.9987994961382691
2009-07-31,1.106893464168206,-1.0931132145560292
2009-08-03,0.9999276692277864,-0.9989974201162914
2009-08-04,0.9999276692277864,-0.9989974200718795
2009-08-05,0.9999276692277864,-0.9989974200718795
2009-08-06,0.9999276692277864,-0.9989974200718795
2009-08-07,0.9999276692277864,-0.9989974200718795
2009-08-10,0.9999276692277864,-0.9989974200718795
2009-08-11,0.9999276692277864,-0.9989974200718795
2009-08-12,0.9999276692277864,-0.9989974200718795
2009-08-13,0.9999276692277864,-0.9989974200718795
2009-08-14,0.9999276692277864,-0.9989974200718795
2009-08-17,0.9999276692277864,-0.9989974200718795
2009-08-18,0.9999276692277864,-0.9989974200718795
2009-08-19,0.9999276692277864,-0.9989974200718795
2009-08-20,0.9999276692277864,-0.9989974200718795
2009-08-21,0.9999276692277864,-0.9989974200718795
2009-08-24,0.9999276692277864,-0.9989974200718795
2009-08-25,0.9999276692277864,-0.9989974200718795
2009-08-26,0.9999276692277864,-0.9989974200718795
2009-08-27,0.9999276692277864,-0.9989974200718795
2009-08-28,0.9999276692277864,-0.9989974200718795
2009-08-31,0.9644106052089065,-1.1222686079767243
2009-09-01,0.9999222442017284,-0.9992053247963546
2009-09-02,0.9999222442017284,-0.9992053247404759
2009-09-03,0.9999222442017284,-0.9992053247404759
2009-09-04,0.9999222442017284,-0.9992053247404759
2009-09-07,0.9999222442017284,-0.9992053247404759
2009-09-08,0.9999222442017284,-0.9992053247404759
2009-09-09,0.9999222442017284,-0.9992053247404759
2009-09-10,0.9999222442017284,-0.9992053247404759
2009-09-11,0.9999222442017284,-0.9992053247404759
2009-09-14,0.9999222442017284,-0.9992053247404759
2009-09-15,0.9999222442017284,-0.9992053247404759
2009-09-16,0.9999222442017284,-0.9992053247404759
2009-09-17,0.9999222442017284,-0.9992053247404759
2009-09-18,0.9999222442017284,-0.9992053247404759
2009-09-21,0.9999222442017284,-0.9992053247404759
2009-09-22,0.9999222442017284,-0.9992053247404759
2009-09-23,0.9999222442017284,-0.9992053247404759
2009-09-24,0.9999222442017284,-0.9992053247404759
2009-09-25,0.9999222442017284,-0.9992053247404759
2009-09-28,0.9999222442017284,-0.9992053247404759
2009-09-29,0.9999222442017284,-0.9992053247404759
2009-09-30,1.0639765133529049,-1.145197488275364
2009-10-01,0.9999313236703469,-0.999394851551744
2009-10-02,0.9999313236703469,-0.9993948514874598
2009-10-05,0.9999313236703469,-0.9993948514874598
2009-10-06,0.9999313236703469,-0.9993948514874598
2009-10-07,0.9999313236703469,-0.9993948514874598
2009-10-08,0.9999313236703469,-0.9993948514874598
2009-10-09,0.9999313236703469,-0.9993948514874598
2009-10-12,0.9999313236703469,-0.9993948514874598
2009-10-13,0.9999313236703469,-0.9993948514874598
2009-10-14,0.9999313236703469,-0.9993948514874598
2009-10-15,0.9999313236703469,-0.9993948514874598
2009-10-16,0.9999313236703469,-0.9993948514874598
2009-10-19,0.9999313236703469,-0.9993948514874598
2009-10-20,0.9999313236703469,-0.9993948514874598
2009-10-21,0.9999313236703469,-0.9993948514874598
2009-10-22,0.9999313236703469,-0.9993948514874598
2009-10-23,0.9999313236703469,-0.9993948514874598
2009-10-26,0.9999313236703469,-0.9993948514874598
2009-10-27,0.9999313236703469,-0.9993948514874598
2009-10-28,0.9999313236703469,-0.9993948514874598
2009-10-29,0.9999313236703469,-0.9993948514874598
2009-10-30,0.9999313236703469,-0.9993948514874598
2009-11-02,1.0888796049288914,-0.9492716446411129
2009-11-03,0.9999420845137676,-0.9993293244613178
2009-11-04,0.9999420845137676,-0.9993293244905016
2009-11-05,0.9999420845137676,-0.9993293244905016
2009-11-06,0.9999420845137676,-0.9993293244905016
2009-11-09,0.9999420845137676,-0.9993293244905016
2009-11-10,0.9999420845137676,-0.9993293244905016
2009-11-11,0.9999420845137676,-0.9993293244905016
2009-11-12,0.9999420845137676,-0.9993293244905016
2009-11-13,0.9999420845137676,-0.9993293244905016
2009-11-16,0.9999420845137676,-0.9993293244905016
2009-11-17,0.9999420845137676,-0.9993293244905016
2009-11-18,0.9999420845137676,-0.9993293244905016
2009-11-19,0.9999420845137676,-0.9993293244905016
2009-11-20,0.9999420845137676,-0.9993293244905016
2009-11-23,0.9999420845137676,-0.9993293244905016
2009-11-24,0.9999420845137676,-0.9993293244905016
2009-11-25,0.9999420845137676,-0.9993293244905016
2009-11-26,0.9999420845137676,-0.9993293244905016
2009-11-27,0.9999420845137676,-0.9993293244905016
2009-11-30,1.0863737160032567,-1.1229581533555362
2009-12-01,0.999950932755939,-0.99946875675499
2009-12-02,0.999950932755939,-0.999468756698947
2009-12-03,0.999950932755939,-0.999468756698947
2009-12-04,0.999950932755939,-0.999468756698947
2009-12-07,0.999950932755939,-0.999468756698947
2009-12-08,0.999950932755939,-0.999468756698947
2009-12-09,0.999950932755939,-0.999468756698947
2009-12-10,0.999950932755939,-0.999468756698947
2009-12-11,0.999950932755939,-0.999468756698947
2009-12-14,0.999950932755939,-0.999468756698947
2009-12-15,0.999950932755939,-0.999468756698947
2009-12-16,0.999950932755939,-0.999468756698947
2009-12-17,0.999950932755939,-0.999468756698947
2009-12-18,0.999950932755939,-0.999468756698947
2009-12-21,0.999950932755939,-0.999468756698947
2009-12-22,0.999950932755939,-0.999468756698947
2009-12-23,0.999950932755939,-0.999468756698947
2009-12-24,0.999950932755939,-0.999468756698947
2009-12-25,0.999950932755939,-0.999468756698947
2009-12-28,0.999950932755939,-0.999468756698947
2009-12-29,0.999950932755939,-0.999468756698947
2009-12-30,0.999950932755939,-0.999468756698947
2009-12-31,0.8119531292791609,-0.7792620811516076
2010-01-01,0.9999255832651497,-0.9991265424868018
2010-01-04,0.9999255832651497,-0.9991265426603632
2010-01-05,0.9999255832651497,-0.9991265426603632
2010-01-06,0.9999255832651497,-0.9991265426603632
2010-01-07,0.9999255832651497,-0.9991265426603632
2010-01-08,0.9999255832651497,-0.9991265426603632
2010-01-11,0.9999255832651497,-0.9991265426603632
2010-01-12,0.9999255832651497,-0.9991265426603632
2010-01-13,0.9999255832651497,-0.9991265426603632
2010-01-14,0.9999255832651497,-0.9991265426603632
2010-01-15,0.9999255832651497,-0.9991265426603632
2010-01-18,0.9999255832651497,-0.9991265426603632
2010-01-19,0.9999255832651497,-0.9991265426603632
2010-01-20,0.9999255832651497,-0.9991265426603632
2010-01-21,0.9999255832651497,-0.9991265426603632
2010-01-22,0.9999255832651497,-0.9991265426603632
2010-01-25,0.9999255832651497,-0.9991265426603632
2010-01-26,0.9999255832651497,-0.9991265426603632
2010-01-27,0.9999255832651497,-0.9991265426603632
2010-01-28,0.9999255832651497,-0.9991265426603632
2010-01-29,0.9999255832651497,-0.9991265426603632
2010-02-01,0.950486669321152,-0.9317805965418008
2010-02-02,0.9999176414415785,-0.9989959156617503
2010-02-03,0.9999176414415785,-0.9989959157020364
2010-02-04,0.9999176414415785,-0.9989959157020364
2010-02-05,0.9999176414415785,-0.9989959157020364
2010-02-08,0.9999176414415785,-0.9989959157020364
2010-02-09,0.9999176414415785,-0.9989959157020364
2010-02-10,0.9999176414415785,-0.9989959157020364
2010-02-11,0.9999176414415785,-0.9989959157020364
2010-02-12,0.9999176414415785,-0.9989959157020364
2010-02-15,0.9999176414415785,-0.9989959157020364
2010-02-16,0.9999176414415785,-0.9989959157020364
2010-02-17,0.9999176414415785,-0.9989959157020364
2010-02-18,0.9999176414415785,-0.9989959157020364
2010-02-19,0.9999176414415785,-0.9989959157020364
2010-02-22,0.9999176414415785,-0.9989959157020364
2010-02-23,0.9999176414415785,-0.9989959157020364
2010-02-24,0.9999176414415785,-0.9989959157020364
2010-02-25,0.9999176414415785,-0.9989959157020364
2010-02-26,0.9999176414415785,-0.9989959157020364
2010-03-01,0.8804899236403694,-1.0515712090527398
2010-03-02,0.999893788173747,-0.9990936749760847
2010-03-03,0.999893788173747,-0.9990936749498536
2010-03-04,0.999893788173747,-0.9990936749498536
2010-03-05,0.999893788173747,-0.9990936749498536
2010-03-08,0.999893788173747,-0.9990936749498536
2010-03-09,0.999893788173747,-0.9990936749498536
2010-03-10,0.999893788173747,-0.9990936749498536
2010-03-11,0.999893788173747,-0.9990936749498536
2010-03-12,0.999893788173747,-0.9990936749498536
2010-03-15,0.999893788173747,-0.9990936749498536
2010-03-16,0.999893788173747,-0.9990936749498536
2010-03-17,0.999893788173747,-0.9990936749498536
2010-03-18,0.999893788173747,-0.9990936749498536
2010-03-19,0.999893788173747,-0.9990936749498536
2010-03-22,0.999893788173747,-0.9990936749498536
2010-03-23,0.999893788173747,-0.9990936749498536
2010-03-24,0.999893788173747,-0.9990936749498536
2010-03-25,0.999893788173747,-0.9990936749498536
2010-03-26,0.999893788173747,-0.9990936749498536
2010-03-29,0.999893788173747,-0.9990936749498536
2010-03-30,0.999893788173747,-0.9990936749498536
2010-03-31,0.9171089228793721,-0.8563513736707972
2010-04-01,0.9998737516459115,-0.9987669538543483
2010-04-02,0.9998737516459115,-0.9987669539514235
2010-04-05,0.9998737516459115,-0.9987669539514235
2010-04-06,0.9998737516459115,-0.9987669539514235
2010-04-07,0.9998737516459115,-0.9987669539514235
2010-04-08,0.9998737516459115,-0.9987669539514235
2010-04-09,0.9998737516459115,-0.9987669539514235
2010-04-12,0.9998737516459115,-0.9987669539514235
2010-04-13,0.9998737516459115,-0.9987669539514235
2010-04-14,0.9998737516459115,-0.9987669539514235
2010-04-15,0.9998737516459115,-0.9987669539514235
2010-04-16,0.9998737516459115,-0.9987669539514235
2010-04-19,0.9998737516459115,-0.9987669539514235
2010-04-20,0.9998737516459115,-0.9987669539514235
2010-04-21,0.9998737516459115,-0.9987669539514235
2010-04-22,0.9998737516459115,-0.9987669539514235
2010-04-23,0.9998737516459115,-0.9987669539514235
2010-04-26,0.9998737516459115,-0.9987669539514235
2010-04-27,0.9998737516459115,-0.9987669539514235
2010-04-28,0.9998737516459115,-0.9987669539514235
2010-04-29,0.9998737516459115,-0.9987669539514235
2010-04-30,0.9796829213702843,-0.8748784983895918
2010-05-03,0.9998684952133611,-0.9983939142042276
2010-05-04,0.9998684952133611,-0.9983939142856507
2010-05-05,0.9998684952133611,-0.9983939142856507
2010-05-06,0.9998684952133611,-0.9983939142856507
2010-05-07,0.9998684952133611,-0.9983939142856507
2010-05-10,0.9998684952133611,-0.9983939142856507
2010-05-11,0.9998684952133611,-0.9983939142856507
2010-05-12,0.9998684952133611,-0.9983939142856507
2010-05-13,0.9998684952133611,-0.9983939142856507
2010-05-14,0.9998684952133611,-0.9983939142856507
2010-05-17,0.9998684952133611,-0.9983939142856507
2010-05-18,0.9998684952133611,-0.9983939142856507
2010-05-19,0.9998684952133611,-0.9983939142856507
2010-05-20,0.9998684952133611,-0.9983939142856507
2010-05-21,0.9998684952133611,-0.9983939142856507
2010-05-24,0.9998684952133611,-0.9983939142856507
2010-05-25,0.9998684952133611,-0.9983939142856507
2010-05-26,0.9998684952133611,-0.9983939142856507
2010-05-27,0.9998684952133611,-0.9983939142856507
2010-05-28,0.9998684952133611,-0.9983939142856507
2010-05-31,0.6689289881699103,-0.9123342348022727
2010-06-01,0.9997062610187389,-0.9980775364706678
2010-06-02,0.9997062610187389,-0.9980775365236588
2010-06-03,0.9997062610187389,-0.9980775365236588
2010-06-04,0.9997062610187389,-0.9980775365236588
2010-06-07,0.9997062610187389,-0.9980775365236588
2010-06-08,0.9997062610187389,-0.9980775365236588
2010-06-09,0.9997062610187389,-0.9980775365236588
2010-06-10,0.9997062610187389,-0.9980775365236588
2010-06-11,0.9997062610187389,-0.9980775365236588
2010-06-14,0.9997062610187389,-0.9980775365236588
2010-06-15,0.9997062610187389,-0.9980775365236588
2010-06-16,0.9997062610187389,-0.9980775365236588
2010-06-17,0.9997062610187389,-0.9980775365236588
2010-06-18,0.9997062610187389,-0.9980775365236588
2010-06-21,0.9997062610187389,-0.9980775365236588
2010-06-22,0.9997062610187389,-0.9980775365236588
2010-06-23,0.9997062610187389,-0.9980775365236588
2010-06-24,0.9997062610187389,-0.9980775365236588
2010-06-25,0.9997062610187389,-0.9980775365236588
2010-06-28,0.9997062610187389,-0.9980775365236588
2010-06-29,0.9997062610187389,-0.9980775365236588
2010-06-30,1.1519562856072598,-1.0388675712282018
2010-07-01,0.9997787508311611,-0.9982251459630656
2010-07-02,0.9997787508311611,-0.9982251459424062
2010-07-05,0.9997787508311611,-0.9982251459424062
2010-07-06,0.9997787508311611,-0.9982251459424062
2010-07-07,0.9997787508311611,-0.9982251459424062
2010-07-08,0.9997787508311611,-0.9982251459424062
2010-07-09,0.9997787508311611,-0.9982251459424062
2010-07-12,0.9997787508311611,-0.9982251459424062
2010-07-13,0.9997787508311611,-0.9982251459424062
2010-07-14,0.9997787508311611,-0.9982251459424062
2010-07-15,0.9997787508311611,-0.9982251459424062
2010-07-16,0.9997787508311611,-0.9982251459424062
2010-07-19,0.9997787508311611,-0.9982251459424062
2010-07-20,0.9997787508311611,-0.9982251459424062
2010-07-21,0.9997787508311611,-0.9982251459424062
2010-07-22,0.9997787508311611,-0.9982251459424062
2010-07-23,0.9997787508311611,-0.9982251459424062
2010-07-26,0.9997787508311611,-0.9982251459424062
2010-07-27,0.9997787508311611,-0.9982251459424062
2010-07-28,0.9997787508311611,-0.9982251459424062
2010-07-29,0.9997787508311611,-0.9982251459424062
2010-07-30,0.9997787508311611,-0.9982251459424062
2010-08-02,1.4365456483741736,-1.2509372393120017
2010-08-03,0.9998928172459308,-0.9988687240637422
2010-08-04,0.9998928172459308,-0.9988687239660815
2010-08-05,0.9998928172459308,-0.9988687239660815
2010-08-06,0.9998928172459308,-0.9988687239660815
2010-08-09,0.9998928172459308,-0.9988687239660815
2010-08-10,0.9998928172459308,-0.9988687239660815
2010-08-11,0.9998928172459308,-0.9988687239660815
2010-08-12,0.9998928172459308,-0.9988687239660815
2010-08-13,0.9998928172459308,-0.9988687239660815
2010-08-16,0.9998928172459308,-0.9988687239660815
2010-08-17,0.9998928172459308,-0.9988687239660815
2010-08-18,0.9998928172459308,-0.9988687239660815
2010-08-19,0.9998928172459308,-0.9988687239660815
2010-08-20,0.9998928172459308,-0.9988687239660815
2010-08-23,0.9998928172459308,-0.9988687239660815
2010-08-24,0.9998928172459308,-0.9988687239660815
2010-08-25,0.9998928172459308,-0.9988687239660815
2010-08-26,0.9998928172459308,-0.9988687239660815
2010-08-27,0.9998928172459308,-0.9988687239660815
2010-08-30,0.9998928172459308,-0.9988687239660815
2010-08-31,0.8987918185786091,-0.9558882454954365
2010-09-01,0.9998673531327561,-0.9987648962202385
2010-09-02,0.9998673531327561,-0.9987648962449533
2010-09-03,0.9998673531327561,-0.9987648962449533
2010-09-06,0.9998673531327561,-0.9987648962449533
2010-09-07,0.9998673531327561,-0.9987648962449533
2010-09-08,0.9998673531327561,-0.9987648962449533
2010-09-09,0.9998673531327561,-0.9987648962449533
2010-09-10,0.9998673531327561,-0.9987648962449533
2010-09-13,0.9998673531327561,-0.9987648962449533
2010-09-14,0.9998673531327561,-0.9987648962449533
2010-09-15,0.9998673531327561,-0.9987648962449533
2010-09-16,0.9998673531327561,-0.9987648962449533
2010-09-17,0.9998673531327561,-0.9987648962449533
2010-09-20,0.9998673531327561,-0.9987648962449533
2010-09-21,0.9998673531327561,-0.9987648962449533
2010-09-22,0.9998673531327561,-0.9987648962449533
2010-09-23,0.9998673531327561,-0.9987648962449533
2010-09-24,0.9998673531327561,-0.9987648962449533
2010-09-27,0.9998673531327561,-0.9987648962449533
2010-09-28,0.9998673531327561,-0.9987648962449533
2010-09-29,0.9998673531327561,-0.9987648962449533
2010-09-30,1.3233952758094498,-1.3247628057543872
2010-10-01,0.999924274927098,-0.9992974116233153
2010-10-04,0.999924274927098,-0.9992974115071199
2010-10-05,0.999924274927098,-0.9992974115071199
2010-10-06,0.999924274927098,-0.9992974115071199
2010-10-07,0.999924274927098,-0.9992974115071199
2010-10-08,0.999924274927098,-0.9992974115071199
2010-10-11,0.999924274927098,-0.9992974115071199
2010-10-12,0.999924274927098,-0.9992974115071199
2010-10-13,0.999924274927098,-0.9992974115071199
2010-10-14,0.999924274927098,-0.9992974115071199
2010-10-15,0.999924274927098,-0.9992974115071199
2010-10-18,0.999924274927098,-0.9992974115071199
2010-10-19,0.999924274927098,-0.9992974115071199
2010-10-20,0.999924274927098,-0.9992974115071199
2010-10-21,0.999924274927098,-0.9992974115071199
2010-10-22,0.999924274927098,-0.9992974115071199
2010-10-25,0.999924274927098,-0.9992974115071199
2010-10-26,0.999924274927098,-0.9992974115071199
2010-10-27,0.999924274927098,-0.9992974115071199
2010-10-28,0.999924274927098,-0.9992974115071199
2010-10-29,0.999924274927098,-0.9992974115071199
2010-11-01,1.129270090647825,-1.1097068978642521
2010-11-02,0.9999406270093121,-0.9994301500852143
2010-11-03,0.9999406270093121,-0.999430150034288
2010-11-04,0.9999406270093121,-0.999430150034288
2010-11-05,0.9999406270093121,-0.999430150034288
2010-11-08,0.9999406270093121,-0.999430150034288
2010-11-09,0.9999406270093121,-0.999430150034288
2010-11-10,0.9999406270093121,-0.999430150034288
2010-11-11,0.9999406270093121,-0.999430150034288
2010-11-12,0.9999406270093121,-0.999430150034288
2010-11-15,0.9999406270093121,-0.999430150034288
2010-11-16,0.9999406270093121,-0.999430150034288
2010-11-17,0.9999406270093121,-0.999430150034288
2010-11-18,0.9999406270093121,-0.999430150034288
2010-11-19,0.9999406270093121,-0.999430150034288
2010-11-22,0.9999406270093121,-0.999430150034288
2010-11-23,0.9999406270093121,-0.999430150034288
2010-11-24,0.9999406270093121,-0.999430150034288
2010-11-25,0.9999406270093121,-0.999430150034288
2010-11-26,0.9999406270093121,-0.999430150034288
2010-11-29,0.9999406270093121,-0.999430150034288
2010-11-30,0.7644186731034015,-0.8318000007378618
2010-12-01,0.9998984108622011,-0.9991776380410808
2010-12-02,0.9998984108622011,-0.9991776381604804
2010-12-03,0.9998984108622011,-0.9991776381604804
2010-12-06,0.9998984108622011,-0.9991776381604804
2010-12-07,0.9998984108622011,-0.9991776381604804
2010-12-08,0.9998984108622011,-0.9991776381604804
2010-12-09,0.9998984108622011,-0.9991776381604804
2010-12-10,0.9998984108622011,-0.9991776381604804
2010-12-13,0.9998984108622011,-0.9991776381604804
2010-12-14,0.9998984108622011,-0.9991776381604804
2010-12-15,0.9998984108622011,-0.9991776381604804
2010-12-16,0.9998984108622011,-0.9991776381604804
2010-12-17,0.9998984108622011,-0.9991776381604804
2010-12-20,0.9998984108622011,-0.9991776381604804
2010-12-21,0.9998984108622011,-0.9991776381604804
2010-12-22,0.9998984108622011,-0.9991776381604804
2010-12-23,0.9998984108622011,-0.9991776381604804
2010-12-24,0.9998984108622011,-0.9991776381604804
2010-12-27,0.9998984108622011,-0.9991776381604804
2010-12-28,0.9998984108622011,-0.9991776381604804
2010-12-29,0.9998984108622011,-0.9991776381604804
2010-12-30,0.9998984108622011,-0.9991776381604804
2010-12-31,1.0650263272797325,-1.1536925907473043
2011-01-03,0.9999104540001982,-0.999382976094603
2011-01-04,0.9999104540001982,-0.9993829760273019
2011-01-05,0.9999104540001982,-0.9993829760273019
2011-01-06,0.9999104540001982,-0.9993829760273019
2011-01-07,0.9999104540001982,-0.9993829760273019
2011-01-10,0.9999104540001982,-0.9993829760273019
2011-01-11,0.9999104540001982,-0.9993829760273019
2011-01-12,0.9999104540001982,-0.9993829760273019
2011-01-13,0.9999104540001982,-0.9993829760273019
2011-01-14,0.9999104540001982,-0.9993829760273019
2011-01-17,0.9999104540001982,-0.9993829760273019
2011-01-18,0.9999104540001982,-0.9993829760273019
2011-01-19,0.9999104540001982,-0.9993829760273019
2011-01-20,0.9999104540001982,-0.9993829760273019
2011-01-21,0.9999104540001982,-0.9993829760273019
2011-01-24,0.9999104540001982,-0.9993829760273019
2011-01-25,0.9999104540001982,-0.9993829760273019
2011-01-26,0.9999104540001982,-0.9993829760273019
2011-01-27,0.9999104540001982,-0.9993829760273019
2011-01-28,0.9999104540001982,-0.9993829760273019
2011-01-31,1.1424131927500936,-1.061513036056098
2011-02-01,0.9999313981806828,-0.999453033263368
2011-02-02,0.9999313981806828,-0.9994530332327616
2011-02-03,0.9999313981806828,-0.9994530332327616
2011-02-04,0.9999313981806828,-0.9994530332327616
2011-02-07,0.9999313981806828,-0.9994530332327616
2011-02-08,0.9999313981806828,-0.9994530332327616
2011-02-09,0.9999313981806828,-0.9994530332327616
2011-02-10,0.9999313981806828,-0.9994530332327616
2011-02-11,0.9999313981806828,-0.9994530332327616
2011-02-14,0.9999313981806828,-0.9994530332327616
2011-02-15,0.9999313981806828,-0.9994530332327616
2011-02-16,0.9999313981806828,-0.9994530332327616
2011-02-17,0.9999313981806828,-0.9994530332327616
2011-02-18,0.9999313981806828,-0.9994530332327616
2011-02-21,0.9999313981806828,-0.9994530332327616
2011-02-22,0.9999313981806828,-0.9994530332327616
2011-02-23,0.9999313981806828,-0.9994530332327616
2011-02-24,0.9999313981806828,-0.9994530332327616
2011-02-25,0.9999313981806828,-0.9994530332327616
2011-02-28,1.0512806933318481,-1.0107795781038704
2011-03-01,0.999937935547858,-0.9994652131269675
2011-03-02,0.999937935547858,-0.9994652131209647
2011-03-03,0.999937935547858,-0.9994652131209647
2011-03-04,0.999937935547858,-0.9994652131209647
2011-03-07,0.999937935547858,-0.9994652131209647
2011-03-08,0.999937935547858,-0.9994652131209647
2011-03-09,0.999937935547858,-0.9994652131209647
2011-03-10,0.999937935547858,-0.9994652131209647
2011-03-11,0.999937935547858,-0.9994652131209647
2011-03-14,0.999937935547858,-0.9994652131209647
2011-03-15,0.999937935547858,-0.9994652131209647
2011-03-16,0.999937935547858,-0.9994652131209647
2011-03-17,0.999937935547858,-0.9994652131209647
2011-03-18,0.999937935547858,-0.9994652131209647
2011-03-21,0.999937935547858,-0.9994652131209647
2011-03-22,0.999937935547858,-0.9994652131209647
2011-03-23,0.999937935547858,-0.9994652131209647
2011-03-24,0.999937935547858,-0.9994652131209647
2011-03-25,0.999937935547858,-0.9994652131209647
2011-03-28,0.999937935547858,-0.9994652131209647
2011-03-29,0.999937935547858,-0.9994652131209647
2011-03-30,0.999937935547858,-0.9994652131209647
2011-03-31,1.0318648108035267,-1.091829442011489
2011-04-01,0.9999417164663144,-0.999551809224312
2011-04-04,0.9999417164663144,-0.9995518091806559
2011-04-05,0.9999417164663144,-0.9995518091806559
2011-04-06,0.9999417164663144,-0.9995518091806559
2011-04-07,0.9999417164663144,-0.9995518091806559
2011-04-08,0.9999417164663144,-0.9995518091806559
2011-04-11,0.9999417164663144,-0.9995518091806559
2011-04-12,0.9999417164663144,-0.9995518091806559
2011-04-13,0.9999417164663144,-0.9995518091806559
2011-04-14,0.9999417164663144,-0.9995518091806559
2011-04-15,0.9999417164663144,-0.9995518091806559
2011-04-18,0.9999417164663144,-0.9995518091806559
2011-04-19,0.9999417164663144,-0.9995518091806559
2011-04-20,0.9999417164663144,-0.9995518091806559
2011-04-21,0.9999417164663144,-0.9995518091806559
2011-04-22,0.9999417164663144,-0.9995518091806559
2011-04-25,0.9999417164663144,-0.9995518091806559
2011-04-26,0.9999417164663144,-0.9995518091806559
2011-04-27,0.9999417164663144,-0.9995518091806559
2011-04-28,0.9999417164663144,-0.9995518091806559
2011-04-29,0.9999417164663144,-0.9995518091806559
2011-05-02,1.185095466429772,-1.1325013177948025
2011-05-03,0.9999585046423054,-0.9996508109617998
2011-05-04,0.9999585046423054,-0.9996508109022375
2011-05-05,0.9999585046423054,-0.9996508109022375
2011-05-06,0.9999585046423054,-0.9996508109022375
2011-05-09,0.9999585046423054,-0.9996508109022375
2011-05-10,0.9999585046423054,-0.9996508109022375
2011-05-11,0.9999585046423054,-0.9996508109022375
2011-05-12,0.9999585046423054,-0.9996508109022375
2011-05-13,0.9999585046423054,-0.9996508109022375
2011-05-16,0.9999585046423054,-0.9996508109022375
2011-05-17,0.9999585046423054,-0.9996508109022375
2011-05-18,0.9999585046423054,-0.9996508109022375
2011-05-19,0.9999585046423054,-0.9996508109022375
2011-05-20,0.9999585046423054,-0.9996508109022375
2011-05-23,0.9999585046423054,-0.9996508109022375
2011-05-24,0.9999585046423054,-0.9996508109022375
2011-05-25,0.9999585046423054,-0.9996508109022375
2011-05-26,0.9999585046423054,-0.9996508109022375
2011-05-27,0.9999585046423054,-0.9996508109022375
2011-05-30,0.9999585046423054,-0.9996508109022375
2011-05-31,0.9108571515425983,-0.9589913603306143
2011-06-01,0.999949989939805,-0.9996205904481238
2011-06-02,0.999949989939805,-0.999620590471459
2011-06-03,0.999949989939805,-0.999620590471459
2011-06-06,0.999949989939805,-0.999620590471459
2011-06-07,0.999949989939805,-0.999620590471459
2011-06-08,0.999949989939805,-0.999620590471459
2011-06-09,0.999949989939805,-0.999620590471459
2011-06-10,0.999949989939805,-0.999620590471459
2011-06-13,0.999949989939805,-0.999620590471459
2011-06-14,0.999949989939805,-0.999620590471459
2011-06-15,0.999949989939805,-0.999620590471459
2011-06-16,0.999949989939805,-0.999620590471459
2011-06-17,0.999949989939805,-0.999620590471459
2011-06-20,0.999949989939805,-0.999620590471459
2011-06-21,0.999949989939805,-0.999620590471459
2011-06-22,0.999949989939805,-0.999620590471459
2011-06-23,0.999949989939805,-0.999620590471459
2011-06-24,0.999949989939805,-0.999620590471459
2011-06-27,0.999949989939805,-0.999620590471459
2011-06-28,0.999949989939805,-0.999620590471459
2011-06-29,0.999949989939805,-0.999620590471459
2011-06-30,0.9924222462893406,-1.0611850438796202
2011-07-01,0.9999492284455654,-0.9996633146740874
2011-07-04,0.9999492284455654,-0.9996633146437232
2011-07-05,0.9999492284455654,-0.9996633146437232
2011-07-06,0.9999492284455654,-0.9996633146437232
2011-07-07,0.9999492284455654,-0.9996633146437232
2011-07-08,0.9999492284455654,-0.9996633146437232
2011-07-11,0.9999492284455654,-0.9996633146437232
2011-07-12,0.9999492284455654,-0.9996633146437232
2011-07-13,0.9999492284455654,-0.9996633146437232
2011-07-14,0.9999492284455654,-0.9996633146437232
2011-07-15,0.9999492284455654,-0.9996633146437232
2011-07-18,0.9999492284455654,-0.9996633146437232
2011-07-19,0.9999492284455654,-0.9996633146437232
2011-07-20,0.9999492284455654,-0.9996633146437232
2011-07-21,0.9999492284455654,-0.9996633146437232
2011-07-22,0.9999492284455654,-0.9996633146437232
2011-07-25,0.9999492284455654,-0.9996633146437232
2011-07-26,0.9999492284455654,-0.9996633146437232
2011-07-27,0.9999492284455654,-0.9996633146437232
2011-07-28,0.9999492284455654,-0.9996633146437232
2011-07-29,0.9999492284455654,-0.9996633146437232
2011-08-01,1.0703601729120096,-1.0039459461038611
2011-08-02,0.9999556880680113,-0.9996661795479793
2011-08-03,0.9999556880680113,-0.9996661795456848
2011-08-04,0.9999556880680113,-0.9996661795456848
2011-08-05,0.9999556880680113,-0.9996661795456848
2011-08-08,0.9999556880680113,-0.9996661795456848
2011-08-09,0.9999556880680113,-0.9996661795456848
2011-08-10,0.9999556880680113,-0.9996661795456848
2011-08-11,0.9999556880680113,-0.9996661795456848
2011-08-12,0.9999556880680113,-0.9996661795456848
2011-08-15,0.9999556880680113,-0.9996661795456848
2011-08-16,0.9999556880680113,-0.9996661795456848
2011-08-17,0.9999556880680113,-0.9996661795456848
2011-08-18,0.9999556880680113,-0.9996661795456848
2011-08-19,0.9999556880680113,-0.9996661795456848
2011-08-22,0.9999556880680113,-0.9996661795456848
2011-08-23,0.9999556880680113,-0.9996661795456848
2011-08-24,0.9999556880680113,-0.9996661795456848
2011-08-25,0.9999556880680113,-0.9996661795456848
2011-08-26,0.9999556880680113,-0.9996661795456848
2011-08-29,0.9999556880680113,-0.9996661795456848
2011-08-30,0.9999556880680113,-0.9996661795456848
2011-08-31,0.963998519611348,-1.0807395444489991
2011-09-01,0.9999523209857017,-0.9997143644844365
2011-09-02,0.9999523209857017,-0.9997143644455115
2011-09-05,0.9999523209857017,-0.9997143644455115
2011-09-06,0.9999523209857017,-0.9997143644455115
2011-09-07,0.9999523209857017,-0.9997143644455115
2011-09-08,0.9999523209857017,-0.9997143644455115
2011-09-09,0.9999523209857017,-0.9997143644455115
2011-09-12,0.9999523209857017,-0.9997143644455115
2011-09-13,0.9999523209857017,-0.9997143644455115
2011-09-14,0.9999523209857017,-0.9997143644455115
2011-09-15,0.9999523209857017,-0.9997143644455115
2011-09-16,0.9999523209857017,-0.9997143644455115
2011-09-19,0.9999523209857017,-0.9997143644455115
2011-09-20,0.9999523209857017,-0.9997143644455115
2011-09-21,0.9999523209857017,-0.9997143644455115
2011-09-22,0.9999523209857017,-0.9997143644455115
2011-09-23,0.9999523209857017,-0.9997143644455115
2011-09-26,0.9999523209857017,-0.9997143644455115
2011-09-27,0.9999523209857017,-0.9997143644455115
2011-09-28,0.9999523209857017,-0.9997143644455115
2011-09-29,0.9999523209857017,-0.9997143644455115
2011-09-30,0.7532892865347647,-0.9266828487992236
2011-10-03,0.9999159885265102,-0.9996675920130972
2011-10-04,0.9999159885265102,-0.9996675920572521
2011-10-05,0.9999159885265102,-0.9996675920572521
2011-10-06,0.9999159885265102,-0.9996675920572521
2011-10-07,0.9999159885265102,-0.9996675920572521
2011-10-10,0.9999159885265102,-0.9996675920572521
2011-10-11,0.9999159885265102,-0.9996675920572521
2011-10-12,0.9999159885265102,-0.9996675920572521
2011-10-13,0.9999159885265102,-0.9996675920572521
2011-10-14,0.9999159885265102,-0.9996675920572521
2011-10-17,0.9999159885265102,-0.9996675920572521
2011-10-18,0.9999159885265102,-0.9996675920572521
2011-10-19,0.9999159885265102,-0.9996675920572521
2011-10-20,0.9999159885265102,-0.9996675920572521
2011-10-21,0.9999159885265102,-0.9996675920572521
2011-10-24,0.9999159885265102,-0.9996675920572521
2011-10-25,0.9999159885265102,-0.9996675920572521
2011-10-26,0.9999159885265102,-0.9996675920572521
2011-10-27,0.9999159885265102,-0.9996675920572521
2011-10-28,0.9999159885265102,-0.9996675920572521
2011-10-31,1.8711193870405654,-2.000438189526056
2011-11-01,0.9999760060510448,-0.9999169587462486
2011-11-02,0.9999760060510448,-0.9999169585438856
2011-11-03,0.9999760060510448,-0.9999169585438856
2011-11-04,0.9999760060510448,-0.9999169585438856
2011-11-07,0.9999760060510448,-0.9999169585438856
2011-11-08,0.9999760060510448,-0.9999169585438856
2011-11-09,0.9999760060510448,-0.9999169585438856
2011-11-10,0.9999760060510448,-0.9999169585438856
2011-11-11,0.9999760060510448,-0.9999169585438856
2011-11-14,0.9999760060510448,-0.9999169585438856
2011-11-15,0.9999760060510448,-0.9999169585438856
2011-11-16,0.9999760060510448,-0.9999169585438856
2011-11-17,0.9999760060510448,-0.9999169585438856
2011-11-18,0.9999760060510448,-0.9999169585438856
2011-11-21,0.9999760060510448,-0.9999169585438856
2011-11-22,0.9999760060510448,-0.9999169585438856
2011-11-23,0.9999760060510448,-0.9999169585438856
2011-11-24,0.9999760060510448,-0.9999169585438856
2011-11-25,0.9999760060510448,-0.9999169585438856
2011-11-28,0.9999760060510448,-0.9999169585438856
2011-11-29,0.9999760060510448,-0.9999169585438856
2011-11-30,0.5017882251323037,-0.5169026669822789
2011-12-01,0.9999047218059643,-0.9996893596338816
2011-12-02,0.9999047218059643,-0.999689360372959
2011-12-05,0.9999047218059643,-0.999689360372959
2011-12-06,0.9999047218059643,-0.999689360372959
2011-12-07,0.9999047218059643,-0.999689360372959
2011-12-08,0.9999047218059643,-0.999689360372959
2011-12-09,0.9999047218059643,-0.999689360372959
2011-12-12,0.9999047218059643,-0.999689360372959
2011-12-13,0.9999047218059643,-0.999689360372959
2011-12-14,0.9999047218059643,-0.999689360372959
2011-12-15,0.9999047218059643,-0.999689360372959
2011-12-16,0.9999047218059643,-0.999689360372959
2011-12-19,0.9999047218059643,-0.999689360372959
2011-12-20,0.9999047218059643,-0.999689360372959
2011-12-21,0.9999047218059643,-0.999689360372959
2011-12-22,0.9999047218059643,-0.999689360372959
2011-12-23,0.9999047218059643,-0.999689360372959
2011-12-26,0.9999047218059643,-0.999689360372959
2011-12-27,0.9999047218059643,-0.999689360372959
2011-12-28,0.9999047218059643,-0.999689360372959
2011-12-29,0.9999047218059643,-0.999689360372959
2011-12-30,0.9999047218059643,-0.999689360372959
2012-01-02,0.8752028824446866,-1.000816228288632
2012-01-03,0.9998756418278213,-0.9996900591833588
2012-01-04,0.9998756418278213,-0.9996900591827522
2012-01-05,0.9998756418278213,-0.9996900591827522
2012-01-06,0.9998756418278213,-0.9996900591827522
2012-01-09,0.9998756418278213,-0.9996900591827522
2012-01-10,0.9998756418278213,-0.9996900591827522
2012-01-11,0.9998756418278213,-0.9996900591827522
2012-01-12,0.9998756418278213,-0.9996900591827522
2012-01-13,0.9998756418278213,-0.9996900591827522
2012-01-16,0.9998756418278213,-0.9996900591827522
2012-01-17,0.9998756418278213,-0.9996900591827522
2012-01-18,0.9998756418278213,-0.9996900591827522
2012-01-19,0.9998756418278213,-0.9996900591827522
2012-01-20,0.9998756418278213,-0.9996900591827522
2012-01-23,0.9998756418278213,-0.9996900591827522
2012-01-24,0.9998756418278213,-0.9996900591827522
2012-01-25,0.9998756418278213,-0.9996900591827522
2012-01-26,0.9998756418278213,-0.9996900591827522
2012-01-27,0.9998756418278213,-0.9996900591827522
2012-01-30,0.9998756418278213,-0.9996900591827522
2012-01-31,1.155157962052952,-0.9501999729568811
2012-02-01,0.9999068240409699,-0.9996569495854118
2012-02-02,0.9999068240409699,-0.999656949614217
2012-02-03,0.9999068240409699,-0.999656949614217
2012-02-06,0.9999068240409699,-0.999656949614217
2012-02-07,0.9999068240409699,-0.999656949614217
2012-02-08,0.9999068240409699,-0.999656949614217
2012-02-09,0.9999068240409699,-0.999656949614217
2012-02-10,0.9999068240409699,-0.999656949614217
2012-02-13,0.9999068240409699,-0.999656949614217
2012-02-14,0.9999068240409699,-0.999656949614217
2012-02-15,0.9999068240409699,-0.999656949614217
2012-02-16,0.9999068240409699,-0.999656949614217
2012-02-17,0.9999068240409699,-0.999656949614217
2012-02-20,0.9999068240409699,-0.999656949614217
2012-02-21,0.9999068240409699,-0.999656949614217
2012-02-22,0.9999068240409699,-0.999656949614217
2012-02-23,0.9999068240409699,-0.999656949614217
2012-02-24,0.9999068240409699,-0.999656949614217
2012-02-27,0.9999068240409699,-0.999656949614217
2012-02-28,0.9999068240409699,-0.999656949614217
2012-02-29,1.0206014465963842,-0.9852302501197336
2012-03-01,0.9999105638669142,-0.9996468348572121
2012-03-02,0.9999105638669142,-0.9996468348651625
2012-03-05,0.9999105638669142,-0.9996468348651625
2012-03-06,0.9999105638669142,-0.9996468348651625
2012-03-07,0.9999105638669142,-0.9996468348651625
2012-03-08,0.9999105638669142,-0.9996468348651625
2012-03-09,0.9999105638669142,-0.9996468348651625
2012-03-12,0.9999105638669142,-0.9996468348651625
2012-03-13,0.9999105638669142,-0.9996468348651625
2012-03-14,0.9999105638669142,-0.9996468348651625
2012-03-15,0.9999105638669142,-0.9996468348651625
2012-03-16,0.9999105638669142,-0.9996468348651625
2012-03-19,0.9999105638669142,-0.9996468348651625
2012-03-20,0.9999105638669142,-0.9996468348651625
2012-03-21,0.9999105638669142,-0.9996468348651625
2012-03-22,0.9999105638669142,-0.9996468348651625
2012-03-23,0.9999105638669142,-0.9996468348651625
2012-03-26,0.9999105638669142,-0.9996468348651625
2012-03-27,0.9999105638669142,-0.9996468348651625
2012-03-28,0.9999105638669142,-0.9996468348651625
2012-03-29,0.9999105638669142,-0.9996468348651625
2012-03-30,0.9999105638669142,-0.9996468348651625
2012-04-02,0.9392800621158046,-1.0033999515763523
2012-04-03,0.9998986468256598,-0.9996494704969973
2012-04-04,0.9998986468256598,-0.9996494704949849
2012-04-05,0.9998986468256598,-0.9996494704949849
2012-04-06,0.9998986468256598,-0.9996494704949849
2012-04-09,0.9998986468256598,-0.9996494704949849
2012-04-10,0.9998986468256598,-0.9996494704949849
2012-04-11,0.9998986468256598,-0.9996494704949849
2012-04-12,0.9998986468256598,-0.9996494704949849
2012-04-13,0.9998986468256598,-0.9996494704949849
2012-04-16,0.9998986468256598,-0.9996494704949849
2012-04-17,0.9998986468256598,-0.9996494704949849
2012-04-18,0.9998986468256598,-0.9996494704949849
2012-04-19,0.9998986468256598,-0.9996494704949849
2012-04-20,0.9998986468256598,-0.9996494704949849
2012-04-23,0.9998986468256598,-0.9996494704949849
2012-04-24,0.9998986468256598,-0.9996494704949849
2012-04-25,0.9998986468256598,-0.9996494704949849
2012-04-26,0.9998986468256598,-0.9996494704949849
2012-04-27,0.9998986468256598,-0.9996494704949849
2012-04-30,1.0182660422943977,-1.0344274976663475
2012-05-01,0.9999022697173063,-0.9996726329077763
2012-05-02,0.9999022697173063,-0.999672632889958
2012-05-03,0.9999022697173063,-0.999672632889958
2012-05-04,0.9999022697173063,-0.999672632889958
2012-05-07,0.9999022697173063,-0.999672632889958
2012-05-08,0.9999022697173063,-0.999672632889958
2012-05-09,0.9999022697173063,-0.999672632889958
2012-05-10,0.9999022697173063,-0.999672632889958
2012-05-11,0.9999022697173063,-0.999672632889958
2012-05-14,0.9999022697173063,-0.999672632889958
2012-05-15,0.9999022697173063,-0.999672632889958
2012-05-16,0.9999022697173063,-0.999672632889958
2012-05-17,0.9999022697173063,-0.999672632889958
2012-05-18,0.9999022697173063,-0.999672632889958
2012-05-21,0.9999022697173063,-0.999672632889958
2012-05-22,0.9999022697173063,-0.999672632889958
2012-05-23,0.9999022697173063,-0.999672632889958
2012-05-24,0.9999022697173063,-0.999672632889958
2012-05-25,0.9999022697173063,-0.999672632889958
2012-05-28,0.9999022697173063,-0.999672632889958
2012-05-29,0.9999022697173063,-0.999672632889958
2012-05-30,0.9999022697173063,-0.999672632889958
2012-05-31,0.6626126698307402,-0.922564714250149
2012-06-01,0.9997774930954632,-0.9996156561952295
2012-06-04,0.9997774930954632,-0.9996156562421574
2012-06-05,0.9997774930954632,-0.9996156562421574
2012-06-06,0.9997774930954632,-0.9996156562421574
2012-06-07,0.9997774930954632,-0.9996156562421574
2012-06-08,0.9997774930954632,-0.9996156562421574
2012-06-11,0.9997774930954632,-0.9996156562421574
2012-06-12,0.9997774930954632,-0.9996156562421574
2012-06-13,0.9997774930954632,-0.9996156562421574
2012-06-14,0.9997774930954632,-0.9996156562421574
2012-06-15,0.9997774930954632,-0.9996156562421574
2012-06-18,0.9997774930954632,-0.9996156562421574
2012-06-19,0.9997774930954632,-0.9996156562421574
2012-06-20,0.9997774930954632,-0.9996156562421574
2012-06-21,0.9997774930954632,-0.9996156562421574
2012-06-22,0.9997774930954632,-0.9996156562421574
2012-06-25,0.9997774930954632,-0.9996156562421574
2012-06-26,0.9997774930954632,-0.9996156562421574
2012-06-27,0.9997774930954632,-0.9996156562421574
2012-06-28,0.9997774930954632,-0.9996156562421574
2012-06-29,0.9997774930954632,-0.9996156562421574
2012-07-02,1.1371675561465628,-1.014508438220323
2012-07-03,0.9998279977252152,-0.9996268513352268
2012-07-04,0.9998279977252152,-0.999626851327373
2012-07-05,0.9998279977252152,-0.999626851327373
2012-07-06,0.9998279977252152,-0.999626851327373
2012-07-09,0.9998279977252152,-0.999626851327373
2012-07-10,0.9998279977252152,-0.999626851327373
2012-07-11,0.9998279977252152,-0.999626851327373
2012-07-12,0.9998279977252152,-0.999626851327373
2012-07-13,0.9998279977252152,-0.999626851327373
2012-07-16,0.9998279977252152,-0.999626851327373
2012-07-17,0.9998279977252152,-0.999626851327373
2012-07-18,0.9998279977252152,-0.999626851327373
2012-07-19,0.9998279977252152,-0.999626851327373
2012-07-20,0.9998279977252152,-0.999626851327373
2012-07-23,0.9998279977252152,-0.999626851327373
2012-07-24,0.9998279977252152,-0.999626851327373
2012-07-25,0.9998279977252152,-0.999626851327373
2012-07-26,0.9998279977252152,-0.999626851327373
2012-07-27,0.9998279977252152,-0.999626851327373
2012-07-30,0.9998279977252152,-0.999626851327373
2012-07-31,0.953037775674924,-0.952483097918641
2012-08-01,0.9998106988394158,-0.9995890220297051
2012-08-02,0.9998106988394158,-0.9995890220570388
2012-08-03,0.9998106988394158,-0.9995890220570388
2012-08-06,0.9998106988394158,-0.9995890220570388
2012-08-07,0.9998106988394158,-0.9995890220570388
2012-08-08,0.9998106988394158,-0.9995890220570388
2012-08-09,0.9998106988394158,-0.9995890220570388
2012-08-10,0.9998106988394158,-0.9995890220570388
2012-08-13,0.9998106988394158,-0.9995890220570388
2012-08-14,0.9998106988394158,-0.9995890220570388
2012-08-15,0.9998106988394158,-0.9995890220570388
2012-08-16,0.9998106988394158,-0.9995890220570388
2012-08-17,0.9998106988394158,-0.9995890220570388
2012-08-20,0.9998106988394158,-0.9995890220570388
2012-08-21,0.9998106988394158,-0.9995890220570388
2012-08-22,0.9998106988394158,-0.9995890220570388
2012-08-23,0.9998106988394158,-0.9995890220570388
2012-08-24,0.9998106988394158,-0.9995890220570388
2012-08-27,0.9998106988394158,-0.9995890220570388
2012-08-28,0.9998106988394158,-0.9995890220570388
2012-08-29,0.9998106988394158,-0.9995890220570388
2012-08-30,0.9998106988394158,-0.9995890220570388
2012-08-31,1.098962499121002,-1.0416290826373933
2012-09-03,0.9998433088968067,-0.9996215082420666
2012-09-04,0.9998433088968067,-0.9996215082207532
2012-09-05,0.9998433088968067,-0.9996215082207532
2012-09-06,0.9998433088968067,-0.9996215082207532
2012-09-07,0.9998433088968067,-0.9996215082207532
2012-09-10,0.9998433088968067,-0.9996215082207532
2012-09-11,0.9998433088968067,-0.9996215082207532
2012-09-12,0.9998433088968067,-0.9996215082207532
2012-09-13,0.9998433088968067,-0.9996215082207532
2012-09-14,0.9998433088968067,-0.9996215082207532
2012-09-17,0.9998433088968067,-0.9996215082207532
2012-09-18,0.9998433088968067,-0.9996215082207532
2012-09-19,0.9998433088968067,-0.9996215082207532
2012-09-20,0.9998433088968067,-0.9996215082207532
2012-09-21,0.9998433088968067,-0.9996215082207532
2012-09-24,0.9998433088968067,-0.9996215082207532
2012-09-25,0.9998433088968067,-0.9996215082207532
2012-09-26,0.9998433088968067,-0.9996215082207532
2012-09-27,0.9998433088968067,-0.9996215082207532
2012-09-28,0.9998433088968067,-0.9996215082207532
2012-10-01,1.1939995457411523,-1.0380401967725879
2012-10-02,0.9998901170268499,-0.9996489918643058
2012-10-03,0.9998901170268499,-0.999648991844726
2012-10-04,0.9998901170268499,-0.999648991844726
2012-10-05,0.9998901170268499,-0.999648991844726
2012-10-08,0.9998901170268499,-0.999648991844726
2012-10-09,0.9998901170268499,-0.999648991844726
2012-10-10,0.9998901170268499,-0.999648991844726
2012-10-11,0.9998901170268499,-0.999648991844726
2012-10-12,0.9998901170268499,-0.999648991844726
2012-10-15,0.9998901170268499,-0.999648991844726
2012-10-16,0.9998901170268499,-0.999648991844726
2012-10-17,0.9998901170268499,-0.999648991844726
2012-10-18,0.9998901170268499,-0.999648991844726
2012-10-19,0.9998901170268499,-0.999648991844726
2012-10-22,0.9998901170268499,-0.999648991844726
2012-10-23,0.9998901170268499,-0.999648991844726
2012-10-24,0.9998901170268499,-0.999648991844726
2012-10-25,0.9998901170268499,-0.999648991844726
2012-10-26,0.9998901170268499,-0.999648991844726
2012-10-29,0.9998901170268499,-0.999648991844726
2012-10-30,0.9998901170268499,-0.999648991844726
2012-10-31,0.9581743416129677,-1.0380249515316495
2012-11-01,0.9998803426139892,-0.9996744533311682
2012-11-02,0.9998803426139892,-0.999674453311608
2012-11-05,0.9998803426139892,-0.999674453311608
2012-11-06,0.9998803426139892,-0.999674453311608
2012-11-07,0.9998803426139892,-0.999674453311608
2012-11-08,0.9998803426139892,-0.999674453311608
2012-11-09,0.9998803426139892,-0.999674453311608
2012-11-12,0.9998803426139892,-0.999674453311608
2012-11-13,0.9998803426139892,-0.999674453311608
2012-11-14,0.9998803426139892,-0.999674453311608
2012-11-15,0.9998803426139892,-0.999674453311608
2012-11-16,0.9998803426139892,-0.999674453311608
2012-11-19,0.9998803426139892,-0.999674453311608
2012-11-20,0.9998803426139892,-0.999674453311608
2012-11-21,0.9998803426139892,-0.999674453311608
2012-11-22,0.9998803426139892,-0.999674453311608
2012-11-23,0.9998803426139892,-0.999674453311608
2012-11-26,0.9998803426139892,-0.999674453311608
2012-11-27,0.9998803426139892,-0.999674453311608
2012-11-28,0.9998803426139892,-0.999674453311608
2012-11-29,0.9998803426139892,-0.999674453311608
2012-11-30,0.9380980749816019,-0.9972432418656944
2012-12-03,0.9998640658808249,-0.9996728648337913
2012-12-04,0.9998640658808249,-0.999672864835107
2012-12-05,0.9998640658808249,-0.999672864835107
2012-12-06,0.9998640658808249,-0.999672864835107
2012-12-07,0.9998640658808249,-0.999672864835107
2012-12-10,0.9998640658808249,-0.999672864835107
2012-12-11,0.9998640658808249,-0.999672864835107
2012-12-12,0.9998640658808249,-0.999672864835107
2012-12-13,0.9998640658808249,-0.999672864835107
2012-12-14,0.9998640658808249,-0.999672864835107
2012-12-17,0.9998640658808249,-0.999672864835107
2012-12-18,0.9998640658808249,-0.999672864835107
2012-12-19,0.9998640658808249,-0.999672864835107
2012-12-20,0.9998640658808249,-0.999672864835107
2012-12-21,0.9998640658808249,-0.999672864835107
2012-12-24,0.9998640658808249,-0.999672864835107
2012-12-25,0.9998640658808249,-0.999672864835107
2012-12-26,0.9998640658808249,-0.999672864835107
2012-12-27,0.9998640658808249,-0.999672864835107
2012-12-28,0.9998640658808249,-0.999672864835107
2012-12-31,0.9865514590885669,-0.9745057187280088
2013-01-01,0.9998603732896074,-0.9996557585824158
2013-01-02,0.9998603732896074,-0.9996557585965158
2013-01-03,0.9998603732896074,-0.9996557585965158
2013-01-04,0.9998603732896074,-0.9996557585965158
2013-01-07,0.9998603732896074,-0.9996557585965158
2013-01-08,0.9998603732896074,-0.9996557585965158
2013-01-09,0.9998603732896074,-0.9996557585965158
2013-01-10,0.9998603732896074,-0.9996557585965158
2013-01-11,0.9998603732896074,-0.9996557585965158
2013-01-14,0.9998603732896074,-0.9996557585965158
2013-01-15,0.9998603732896074,-0.9996557585965158
2013-01-16,0.9998603732896074,-0.9996557585965158
2013-01-17,0.9998603732896074,-0.9996557585965158
2013-01-18,0.9998603732896074,-0.9996557585965158
2013-01-21,0.9998603732896074,-0.9996557585965158
2013-01-22,0.9998603732896074,-0.9996557585965158
2013-01-23,0.9998603732896074,-0.9996557585965158
2013-01-24,0.9998603732896074,-0.9996557585965158
2013-01-25,0.9998603732896074,-0.9996557585965158
2013-01-28,0.9998603732896074,-0.9996557585965158
2013-01-29,0.9998603732896074,-0.9996557585965158
2013-01-30,0.9998603732896074,-0.9996557585965158
2013-01-31,0.964360408703172,-1.0236866809820087
2013-02-01,0.9998499065794103,-0.9996717230938343
2013-02-04,0.9998499065794103,-0.999671723081329
2013-02-05,0.9998499065794103,-0.999671723081329
2013-02-06,0.9998499065794103,-0.999671723081329
2013-02-07,0.9998499065794103,-0.999671723081329
2013-02-08,0.9998499065794103,-0.999671723081329
2013-02-11,0.9998499065794103,-0.999671723081329
2013-02-12,0.9998499065794103,-0.999671723081329
2013-02-13,0.9998499065794103,-0.999671723081329
2013-02-14,0.9998499065794103,-0.999671723081329
2013-02-15,0.9998499065794103,-0.999671723081329
2013-02-18,0.9998499065794103,-0.999671723081329
2013-02-19,0.9998499065794103,-0.999671723081329
2013-02-20,0.9998499065794103,-0.999671723081329
2013-02-21,0.9998499065794103,-0.999671723081329
2013-02-22,0.9998499065794103,-0.999671723081329
2013-02-25,0.9998499065794103,-0.999671723081329
2013-02-26,0.9998499065794103,-0.999671723081329
2013-02-27,0.9998499065794103,-0.999671723081329
2013-02-28,0.7111654139806688,-0.9581059268801428
2013-03-01,0.999703384019676,-0.9996426373329115
2013-03-04,0.999703384019676,-0.999642637356802
2013-03-05,0.999703384019676,-0.999642637356802
2013-03-06,0.999703384019676,-0.999642637356802
2013-03-07,0.999703384019676,-0.999642637356802
2013-03-08,0.999703384019676,-0.999642637356802
2013-03-11,0.999703384019676,-0.999642637356802
2013-03-12,0.999703384019676,-0.999642637356802
2013-03-13,0.999703384019676,-0.999642637356802
2013-03-14,0.999703384019676,-0.999642637356802
2013-03-15,0.999703384019676,-0.999642637356802
2013-03-18,0.999703384019676,-0.999642637356802
2013-03-19,0.999703384019676,-0.999642637356802
2013-03-20,0.999703384019676,-0.999642637356802
2013-03-21,0.999703384019676,-0.999642637356802
2013-03-22,0.999703384019676,-0.999642637356802
2013-03-25,0.999703384019676,-0.999642637356802
2013-03-26,0.999703384019676,-0.999642637356802
2013-03-27,0.999703384019676,-0.999642637356802
2013-03-28,0.999703384019676,-0.999642637356802
2013-03-29,0.999703384019676,-0.999642637356802
2013-04-01,0.861209697115288,-0.942057170487394
2013-04-02,0.9996003756749301,-0.9995976399235217
2013-04-03,0.9996003756749301,-0.9995976399574713
2013-04-04,0.9996003756749301,-0.9995976399574713
2013-04-05,0.9996003756749301,-0.9995976399574713
2013-04-08,0.9996003756749301,-0.9995976399574713
2013-04-09,0.9996003756749301,-0.9995976399574713
2013-04-10,0.9996003756749301,-0.9995976399574713
2013-04-11,0.9996003756749301,-0.9995976399574713
2013-04-12,0.9996003756749301,-0.9995976399574713
2013-04-15,0.9996003756749301,-0.9995976399574713
2013-04-16,0.9996003756749301,-0.9995976399574713
2013-04-17,0.9996003756749301,-0.9995976399574713
2013-04-18,0.9996003756749301,-0.9995976399574713
2013-04-19,0.9996003756749301,-0.9995976399574713
2013-04-22,0.9996003756749301,-0.9995976399574713
2013-04-23,0.9996003756749301,-0.9995976399574713
2013-04-24,0.9996003756749301,-0.9995976399574713
2013-04-25,0.9996003756749301,-0.9995976399574713
2013-04-26,0.9996003756749301,-0.9995976399574713
2013-04-29,0.9996003756749301,-0.9995976399574713
2013-04-30,1.1605885456137452,-1.0166349824716454
2013-05-01,0.9997035063557703,-0.999611005113913
2013-05-02,0.9997035063557703,-0.9996110051049568
2013-05-03,0.9997035063557703,-0.9996110051049568
2013-05-06,0.9997035063557703,-0.9996110051049568
2013-05-07,0.9997035063557703,-0.9996110051049568
2013-05-08,0.9997035063557703,-0.9996110051049568
2013-05-09,0.9997035063557703,-0.9996110051049568
2013-05-10,0.9997035063557703,-0.9996110051049568
2013-05-13,0.9997035063557703,-0.9996110051049568
2013-05-14,0.9997035063557703,-0.9996110051049568
2013-05-15,0.9997035063557703,-0.9996110051049568
2013-05-16,0.9997035063557703,-0.9996110051049568
2013-05-17,0.9997035063557703,-0.9996110051049568
2013-05-20,0.9997035063557703,-0.9996110051049568
2013-05-21,0.9997035063557703,-0.9996110051049568
2013-05-22,0.9997035063557703,-0.9996110051049568
2013-05-23,0.9997035063557703,-0.9996110051049568
2013-05-24,0.9997035063557703,-0.9996110051049568
2013-05-27,0.9997035063557703,-0.9996110051049568
2013-05-28,0.9997035063557703,-0.9996110051049568
2013-05-29,0.9997035063557703,-0.9996110051049568
2013-05-30,0.9997035063557703,-0.9996110051049568
2013-05-31,0.6429665850513121,-1.0144919193060284
2013-06-03,0.9992836795367361,-0.9996223268191132
2013-06-04,0.9992836795367361,-0.9996223268112655
2013-06-05,0.9992836795367361,-0.9996223268112655
2013-06-06,0.9992836795367361,-0.9996223268112655
2013-06-07,0.9992836795367361,-0.9996223268112655
2013-06-10,0.9992836795367361,-0.9996223268112655
2013-06-11,0.9992836795367361,-0.9996223268112655
2013-06-12,0.9992836795367361,-0.9996223268112655
2013-06-13,0.9992836795367361,-0.9996223268112655
2013-06-14,0.9992836795367361,-0.9996223268112655
2013-06-17,0.9992836795367361,-0.9996223268112655
2013-06-18,0.9992836795367361,-0.9996223268112655
2013-06-19,0.9992836795367361,-0.9996223268112655
2013-06-20,0.9992836795367361,-0.9996223268112655
2013-06-21,0.9992836795367361,-0.9996223268112655
2013-06-24,0.9992836795367361,-0.9996223268112655
2013-06-25,0.9992836795367361,-0.9996223268112655
2013-06-26,0.9992836795367361,-0.9996223268112655
2013-06-27,0.9992836795367361,-0.9996223268112655
2013-06-28,0.9992836795367361,-0.9996223268112655
2013-07-01,0.9034228675651563,-1.065327711706653
2013-07-02,0.9991238094890849,-0.9996674545767836
2013-07-03,0.9991238094890849,-0.9996674545445634
2013-07-04,0.9991238094890849,-0.9996674545445634
2013-07-05,0.9991238094890849,-0.9996674545445634
2013-07-08,0.9991238094890849,-0.9996674545445634
2013-07-09,0.9991238094890849,-0.9996674545445634
2013-07-10,0.9991238094890849,-0.9996674545445634
2013-07-11,0.9991238094890849,-0.9996674545445634
2013-07-12,0.9991238094890849,-0.9996674545445634
2013-07-15,0.9991238094890849,-0.9996674545445634
2013-07-16,0.9991238094890849,-0.9996674545445634
2013-07-17,0.9991238094890849,-0.9996674545445634
2013-07-18,0.9991238094890849,-0.9996674545445634
2013-07-19,0.9991238094890849,-0.9996674545445634
2013-07-22,0.9991238094890849,-0.9996674545445634
2013-07-23,0.9991238094890849,-0.9996674545445634
2013-07-24,0.9991238094890849,-0.9996674545445634
2013-07-25,0.9991238094890849,-0.9996674545445634
2013-07-26,0.9991238094890849,-0.9996674545445634
2013-07-29,0.9991238094890849,-0.9996674545445634
2013-07-30,0.9991238094890849,-0.9996674545445634
2013-07-31,1.0840643551730704,-1.080140816271216
2013-08-01,0.9992555886936688,-0.9997151393953018
2013-08-02,0.9992555886936688,-0.9997151393566328
2013-08-05,0.9992555886936688,-0.9997151393566328
2013-08-06,0.9992555886936688,-0.9997151393566328
2013-08-07,0.9992555886936688,-0.9997151393566328
2013-08-08,0.9992555886936688,-0.9997151393566328
2013-08-09,0.9992555886936688,-0.9997151393566328
2013-08-12,0.9992555886936688,-0.9997151393566328
2013-08-13,0.9992555886936688,-0.9997151393566328
2013-08-14,0.9992555886936688,-0.9997151393566328
2013-08-15,0.9992555886936688,-0.9997151393566328
2013-08-16,0.9992555886936688,-0.9997151393566328
2013-08-19,0.9992555886936688,-0.9997151393566328
2013-08-20,0.9992555886936688,-0.9997151393566328
2013-08-21,0.9992555886936688,-0.9997151393566328
2013-08-22,0.9992555886936688,-0.9997151393566328
2013-08-23,0.9992555886936688,-0.9997151393566328
2013-08-26,0.9992555886936688,-0.9997151393566328
2013-08-27,0.9992555886936688,-0.9997151393566328
2013-08-28,0.9992555886936688,-0.9997151393566328
2013-08-29,0.9992555886936688,-0.9997151393566328
2013-08-30,0.9992555886936688,-0.9997151393566328
2013-09-02,0.7720934003075391,-1.0419452659808401
2013-09-03,0.9987540536234277,-0.9997377533903775
2013-09-04,0.9987540536234277,-0.9997377533689685
2013-09-05,0.9987540536234277,-0.9997377533689685
2013-09-06,0.9987540536234277,-0.9997377533689685
2013-09-09,0.9987540536234277,-0.9997377533689685
2013-09-10,0.9987540536234277,-0.9997377533689685
2013-09-11,0.9987540536234277,-0.9997377533689685
2013-09-12,0.9987540536234277,-0.9997377533689685
2013-09-13,0.9987540536234277,-0.9997377533689685
2013-09-16,0.9987540536234277,-0.9997377533689685
2013-09-17,0.9987540536234277,-0.9997377533689685
2013-09-18,0.9987540536234277,-0.9997377533689685
2013-09-19,0.9987540536234277,-0.9997377533689685
2013-09-20,0.9987540536234277,-0.9997377533689685
2013-09-23,0.9987540536234277,-0.9997377533689685
2013-09-24,0.9987540536234277,-0.9997377533689685
2013-09-25,0.9987540536234277,-0.9997377533689685
2013-09-26,0.9987540536234277,-0.9997377533689685
2013-09-27,0.9987540536234277,-0.9997377533689685
2013-09-30,1.8548273840184688,-0.9698950846097546
2013-10-01,0.9996382687587236,-0.9997213738101548
2013-10-02,0.9996382687587236,-0.9997213738269981
2013-10-03,0.9996382687587236,-0.9997213738269981
2013-10-04,0.9996382687587236,-0.9997213738269981
2013-10-07,0.9996382687587236,-0.9997213738269981
2013-10-08,0.9996382687587236,-0.9997213738269981
2013-10-09,0.9996382687587236,-0.9997213738269981
2013-10-10,0.9996382687587236,-0.9997213738269981
2013-10-11,0.9996382687587236,-0.9997213738269981
2013-10-14,0.9996382687587236,-0.9997213738269981
2013-10-15,0.9996382687587236,-0.9997213738269981
2013-10-16,0.9996382687587236,-0.9997213738269981
2013-10-17,0.9996382687587236,-0.9997213738269981
2013-10-18,0.9996382687587236,-0.9997213738269981
2013-10-21,0.9996382687587236,-0.9997213738269981
2013-10-22,0.9996382687587236,-0.9997213738269981
2013-10-23,0.9996382687587236,-0.9997213738269981
2013-10-24,0.9996382687587236,-0.9997213738269981
2013-10-25,0.9996382687587236,-0.9997213738269981
2013-10-28,0.9996382687587236,-0.9997213738269981
2013-10-29,0.9996382687587236,-0.9997213738269981
2013-10-30,0.9996382687587236,-0.9997213738269981
2013-10-31,1.0335961332070107,-1.0187479477196386
2013-11-01,0.999661635149274,-0.9997316799831498
2013-11-04,0.999661635149274,-0.9997316799731746
2013-11-05,0.999661635149274,-0.9997316799731746
2013-11-06,0.999661635149274,-0.9997316799731746
2013-11-07,0.999661635149274,-0.9997316799731746
2013-11-08,0.999661635149274,-0.9997316799731746
2013-11-11,0.999661635149274,-0.9997316799731746
2013-11-12,0.999661635149274,-0.9997316799731746
2013-11-13,0.999661635149274,-0.9997316799731746
2013-11-14,0.999661635149274,-0.9997316799731746
2013-11-15,0.999661635149274,-0.9997316799731746
2013-11-18,0.999661635149274,-0.9997316799731746
2013-11-19,0.999661635149274,-0.9997316799731746
2013-11-20,0.999661635149274,-0.9997316799731746
2013-11-21,0.999661635149274,-0.9997316799731746
2013-11-22,0.999661635149274,-0.9997316799731746
2013-11-25,0.999661635149274,-0.9997316799731746
2013-11-26,0.999661635149274,-0.9997316799731746
2013-11-27,0.999661635149274,-0.9997316799731746
2013-11-28,0.999661635149274,-0.9997316799731746
2013-11-29,0.999661635149274,-0.9997316799731746
2013-12-02,0.9283176494593869,-0.9515103220047698
2013-12-03,0.9996076597171966,-0.9997038069509248
2013-12-04,0.9996076597171966,-0.9997038069789377
2013-12-05,0.9996076597171966,-0.9997038069789377
2013-12-06,0.9996076597171966,-0.9997038069789377
2013-12-09,0.9996076597171966,-0.9997038069789377
2013-12-10,0.9996076597171966,-0.9997038069789377
2013-12-11,0.9996076597171966,-0.9997038069789377
2013-12-12,0.9996076597171966,-0.9997038069789377
2013-12-13,0.9996076597171966,-0.9997038069789377
2013-12-16,0.9996076597171966,-0.9997038069789377
2013-12-17,0.9996076597171966,-0.9997038069789377
2013-12-18,0.9996076597171966,-0.9997038069789377
2013-12-19,0.9996076597171966,-0.9997038069789377
2013-12-20,0.9996076597171966,-0.9997038069789377
2013-12-23,0.9996076597171966,-0.9997038069789377
2013-12-24,0.9996076597171966,-0.9997038069789377
2013-12-25,0.9996076597171966,-0.9997038069789377
2013-12-26,0.9996076597171966,-0.9997038069789377
2013-12-27,0.9996076597171966,-0.9997038069789377
2013-12-30,0.9996076597171966,-0.9997038069789377
2013-12-31,1.0520652838067284,-1.0012537720495855
2014-01-01,0.9996457894260062,-0.9997047228920013
2014-01-02,0.9996457894260062,-0.9997047228911674
2014-01-03,0.9996457894260062,-0.9997047228911674
2014-01-06,0.9996457894260062,-0.9997047228911674
2014-01-07,0.9996457894260062,-0.9997047228911674
2014-01-08,0.9996457894260062,-0.9997047228911674
2014-01-09,0.9996457894260062,-0.9997047228911674
2014-01-10,0.9996457894260062,-0.9997047228911674
2014-01-13,0.9996457894260062,-0.9997047228911674
2014-01-14,0.9996457894260062,-0.9997047228911674
2014-01-15,0.9996457894260062,-0.9997047228911674
2014-01-16,0.9996457894260062,-0.9997047228911674
2014-01-17,0.9996457894260062,-0.9997047228911674
2014-01-20,0.9996457894260062,-0.9997047228911674
2014-01-21,0.9996457894260062,-0.9997047228911674
2014-01-22,0.9996457894260062,-0.9997047228911674
2014-01-23,0.9996457894260062,-0.9997047228911674
2014-01-24,0.9996457894260062,-0.9997047228911674
2014-01-27,0.9996457894260062,-0.9997047228911674
2014-01-28,0.9996457894260062,-0.9997047228911674
2014-01-29,0.9996457894260062,-0.9997047228911674
2014-01-30,0.9996457894260062,-0.9997047228911674
2014-01-31,0.9278119940617224,-1.0014590260598824
2014-02-03,0.9995888533728778,-0.9997057560315289
2014-02-04,0.9995888533728778,-0.9997057560305853
2014-02-05,0.9995888533728778,-0.9997057560305853
2014-02-06,0.9995888533728778,-0.9997057560305853
2014-02-07,0.9995888533728778,-0.9997057560305853
2014-02-10,0.9995888533728778,-0.9997057560305853
2014-02-11,0.9995888533728778,-0.9997057560305853
2014-02-12,0.9995888533728778,-0.9997057560305853
2014-02-13,0.9995888533728778,-0.9997057560305853
2014-02-14,0.9995888533728778,-0.9997057560305853
2014-02-17,0.9995888533728778,-0.9997057560305853
2014-02-18,0.9995888533728778,-0.9997057560305853
2014-02-19,0.9995888533728778,-0.9997057560305853
2014-02-20,0.9995888533728778,-0.9997057560305853
2014-02-21,0.9995888533728778,-0.9997057560305853
2014-02-24,0.9995888533728778,-0.9997057560305853
2014-02-25,0.9995888533728778,-0.9997057560305853
2014-02-26,0.9995888533728778,-0.9997057560305853
2014-02-27,0.9995888533728778,-0.9997057560305853
2014-02-28,1.2604776704436933,-0.970954891856442
2014-03-03,0.9997413761178544,-0.9996880806270882
2014-03-04,0.9997413761178544,-0.999688080643287
2014-03-05,0.9997413761178544,-0.999688080643287
2014-03-06,0.9997413761178544,-0.999688080643287
2014-03-07,0.9997413761178544,-0.999688080643287
2014-03-10,0.9997413761178544,-0.999688080643287
2014-03-11,0.9997413761178544,-0.999688080643287
2014-03-12,0.9997413761178544,-0.999688080643287
2014-03-13,0.9997413761178544,-0.999688080643287
2014-03-14,0.9997413761178544,-0.999688080643287
2014-03-17,0.9997413761178544,-0.999688080643287
2014-03-18,0.9997413761178544,-0.999688080643287
2014-03-19,0.9997413761178544,-0.999688080643287
2014-03-20,0.9997413761178544,-0.999688080643287
2014-03-21,0.9997413761178544,-0.999688080643287
2014-03-24,0.9997413761178544,-0.999688080643287
2014-03-25,0.9997413761178544,-0.999688080643287
2014-03-26,0.9997413761178544,-0.999688080643287
2014-03-27,0.9997413761178544,-0.999688080643287
2014-03-28,0.9997413761178544,-0.999688080643287
2014-03-31,1.0209670392480668,-0.9220838398034013
2014-04-01,0.9997520138373864,-0.9996333979022143
2014-04-02,0.9997520138373864,-0.9996333979494844
2014-04-03,0.9997520138373864,-0.9996333979494844
2014-04-04,0.9997520138373864,-0.9996333979494844
2014-04-07,0.9997520138373864,-0.9996333979494844
2014-04-08,0.9997520138373864,-0.9996333979494844
2014-04-09,0.9997520138373864,-0.9996333979494844
2014-04-10,0.9997520138373864,-0.9996333979494844
2014-04-11,0.9997520138373864,-0.9996333979494844
2014-04-14,0.9997520138373864,-0.9996333979494844
2014-04-15,0.9997520138373864,-0.9996333979494844
2014-04-16,0.9997520138373864,-0.9996333979494844
2014-04-17,0.9997520138373864,-0.9996333979494844
2014-04-18,0.9997520138373864,-0.9996333979494844
2014-04-21,0.9997520138373864,-0.9996333979494844
2014-04-22,0.9997520138373864,-0.9996333979494844
2014-04-23,0.9997520138373864,-0.9996333979494844
2014-04-24,0.9997520138373864,-0.9996333979494844
2014-04-25,0.9997520138373864,-0.9996333979494844
2014-04-28,0.9997520138373864,-0.9996333979494844
2014-04-29,0.9997520138373864,-0.9996333979494844
2014-04-30,1.0936236894821147,-0.9878525637558814
2014-05-01,0.9997927460831022,-0.999624606784365
2014-05-02,0.9997927460831022,-0.9996246067908309
2014-05-05,0.9997927460831022,-0.9996246067908309
2014-05-06,0.9997927460831022,-0.9996246067908309
2014-05-07,0.9997927460831022,-0.9996246067908309
2014-05-08,0.9997927460831022,-0.9996246067908309
2014-05-09,0.9997927460831022,-0.9996246067908309
2014-05-12,0.9997927460831022,-0.9996246067908309
2014-05-13,0.9997927460831022,-0.9996246067908309
2014-05-14,0.9997927460831022,-0.9996246067908309
2014-05-15,0.9997927460831022,-0.9996246067908309
2014-05-16,0.9997927460831022,-0.9996246067908309
2014-05-19,0.9997927460831022,-0.9996246067908309
2014-05-20,0.9997927460831022,-0.9996246067908309
2014-05-21,0.9997927460831022,-0.9996246067908309
2014-05-22,0.9997927460831022,-0.9996246067908309
2014-05-23,0.9997927460831022,-0.9996246067908309
2014-05-26,0.9997927460831022,-0.9996246067908309
2014-05-27,0.9997927460831022,-0.9996246067908309
2014-05-28,0.9997927460831022,-0.9996246067908309
2014-05-29,0.9997927460831022,-0.9996246067908309
2014-05-30,0.9997927460831022,-0.9996246067908309
2014-06-02,0.9560395749497329,-0.963161644938551
2014-06-03,0.9997733486395738,-0.9995956633718853
2014-06-04,0.9997733486395738,-0.9995956633926735
2014-06-05,0.9997733486395738,-0.9995956633926735
2014-06-06,0.9997733486395738,-0.9995956633926735
2014-06-09,0.9997733486395738,-0.9995956633926735
2014-06-10,0.9997733486395738,-0.9995956633926735
2014-06-11,0.9997733486395738,-0.9995956633926735
2014-06-12,0.9997733486395738,-0.9995956633926735
2014-06-13,0.9997733486395738,-0.9995956633926735
2014-06-16,0.9997733486395738,-0.9995956633926735
2014-06-17,0.9997733486395738,-0.9995956633926735
2014-06-18,0.9997733486395738,-0.9995956633926735
2014-06-19,0.9997733486395738,-0.9995956633926735
2014-06-20,0.9997733486395738,-0.9995956633926735
2014-06-23,0.9997733486395738,-0.9995956633926735
2014-06-24,0.9997733486395738,-0.9995956633926735
2014-06-25,0.9997733486395738,-0.9995956633926735
2014-06-26,0.9997733486395738,-0.9995956633926735
2014-06-27,0.9997733486395738,-0.9995956633926735
2014-06-30,1.0701759534975022,-1.0355302638585706
2014-07-01,0.9998021801577978,-0.9996232232109065
2014-07-02,0.9998021801577978,-0.999623223192528
2014-07-03,0.9998021801577978,-0.999623223192528
2014-07-04,0.9998021801577978,-0.999623223192528
2014-07-07,0.9998021801577978,-0.999623223192528
2014-07-08,0.9998021801577978,-0.999623223192528
2014-07-09,0.9998021801577978,-0.999623223192528
2014-07-10,0.9998021801577978,-0.999623223192528
2014-07-11,0.9998021801577978,-0.999623223192528
2014-07-14,0.9998021801577978,-0.999623223192528
2014-07-15,0.9998021801577978,-0.999623223192528
2014-07-16,0.9998021801577978,-0.999623223192528
2014-07-17,0.9998021801577978,-0.999623223192528
2014-07-18,0.9998021801577978,-0.999623223192528
2014-07-21,0.9998021801577978,-0.999623223192528
2014-07-22,0.9998021801577978,-0.999623223192528
2014-07-23,0.9998021801577978,-0.999623223192528
2014-07-24,0.9998021801577978,-0.999623223192528
2014-07-25,0.9998021801577978,-0.999623223192528
2014-07-28,0.9998021801577978,-0.999623223192528
2014-07-29,0.9998021801577978,-0.999623223192528
2014-07-30,0.9998021801577978,-0.999623223192528
2014-07-31,0.8252558327221917,-0.9701255975768948
2014-08-01,0.9997096909754818,-0.9995999762533043
2014-08-04,0.9997096909754818,-0.9995999762699399
2014-08-05,0.9997096909754818,-0.9995999762699399
2014-08-06,0.9997096909754818,-0.9995999762699399
2014-08-07,0.9997096909754818,-0.9995999762699399
2014-08-08,0.9997096909754818,-0.9995999762699399
2014-08-11,0.9997096909754818,-0.9995999762699399
2014-08-12,0.9997096909754818,-0.9995999762699399
2014-08-13,0.9997096909754818,-0.9995999762699399
2014-08-14,0.9997096909754818,-0.9995999762699399
2014-08-15,0.9997096909754818,-0.9995999762699399
2014-08-18,0.9997096909754818,-0.9995999762699399
2014-08-19,0.9997096909754818,-0.9995999762699399
2014-08-20,0.9997096909754818,-0.9995999762699399
2014-08-21,0.9997096909754818,-0.9995999762699399
2014-08-22,0.9997096909754818,-0.9995999762699399
2014-08-25,0.9997096909754818,-0.9995999762699399
2014-08-26,0.9997096909754818,-0.9995999762699399
2014-08-27,0.9997096909754818,-0.9995999762699399
2014-08-28,0.9997096909754818,-0.9995999762699399
2014-08-29,0.9997096909754818,-0.9995999762699399
2014-09-01,0.7710755318537285,-0.9967606528206763
2014-09-02,0.9995121506260612,-0.999597695423823
2014-09-03,0.9995121506260612,-0.9995976954253605
2014-09-04,0.9995121506260612,-0.9995976954253605
2014-09-05,0.9995121506260612,-0.9995976954253605
2014-09-08,0.9995121506260612,-0.9995976954253605
2014-09-09,0.9995121506260612,-0.9995976954253605
2014-09-10,0.9995121506260612,-0.9995976954253605
2014-09-11,0.9995121506260612,-0.9995976954253605
2014-09-12,0.9995121506260612,-0.9995976954253605
2014-09-15,0.9995121506260612,-0.9995976954253605
2014-09-16,0.9995121506260612,-0.9995976954253605
2014-09-17,0.9995121506260612,-0.9995976954253605
2014-09-18,0.9995121506260612,-0.9995976954253605
2014-09-19,0.9995121506260612,-0.9995976954253605
2014-09-22,0.9995121506260612,-0.9995976954253605
2014-09-23,0.9995121506260612,-0.9995976954253605
2014-09-24,0.9995121506260612,-0.9995976954253605
2014-09-25,0.9995121506260612,-0.9995976954253605
2014-09-26,0.9995121506260612,-0.9995976954253605
2014-09-29,0.9995121506260612,-0.9995976954253605
2014-09-30,0.44360078096402716,-0.8682034030149449
2014-10-01,0.9975306409887487,-0.9994668158237934
2014-10-02,0.9975306409887487,-0.9994668159114909
2014-10-03,0.9975306409887487,-0.9994668159114909
2014-10-06,0.9975306409887487,-0.9994668159114909
2014-10-07,0.9975306409887487,-0.9994668159114909
2014-10-08,0.9975306409887487,-0.9994668159114909
2014-10-09,0.9975306409887487,-0.9994668159114909
2014-10-10,0.9975306409887487,-0.9994668159114909
2014-10-13,0.9975306409887487,-0.9994668159114909
2014-10-14,0.9975306409887487,-0.9994668159114909
2014-10-15,0.9975306409887487,-0.9994668159114909
2014-10-16,0.9975306409887487,-0.9994668159114909
2014-10-17,0.9975306409887487,-0.9994668159114909
2014-10-20,0.9975306409887487,-0.9994668159114909
2014-10-21,0.9975306409887487,-0.9994668159114909
2014-10-22,0.9975306409887487,-0.9994668159114909
2014-10-23,0.9975306409887487,-0.9994668159114909
2014-10-24,0.9975306409887487,-0.9994668159114909
2014-10-27,0.9975306409887487,-0.9994668159114909
2014-10-28,0.9975306409887487,-0.9994668159114909
2014-10-29,0.9975306409887487,-0.9994668159114909
2014-10-30,0.9975306409887487,-0.9994668159114909
2014-10-31,0.5950341513734211,-0.9725292772131586
2014-11-03,0.9931062602173208,-0.9994368953975068
2014-11-04,0.9931062602173208,-0.9994368954126334
2014-11-05,0.9931062602173208,-0.9994368954126334
2014-11-06,0.9931062602173208,-0.9994368954126334
2014-11-07,0.9931062602173208,-0.9994368954126334
2014-11-10,0.9931062602173208,-0.9994368954126334
2014-11-11,0.9931062602173208,-0.9994368954126334
2014-11-12,0.9931062602173208,-0.9994368954126334
2014-11-13,0.9931062602173208,-0.9994368954126334
2014-11-14,0.9931062602173208,-0.9994368954126334
2014-11-17,0.9931062602173208,-0.9994368954126334
2014-11-18,0.9931062602173208,-0.9994368954126334
2014-11-19,0.9931062602173208,-0.9994368954126334
2014-11-20,0.9931062602173208,-0.9994368954126334
2014-11-21,0.9931062602173208,-0.9994368954126334
2014-11-24,0.9931062602173208,-0.9994368954126334
2014-11-25,0.9931062602173208,-0.9994368954126334
2014-11-26,0.9931062602173208,-0.9994368954126334
2014-11-27,0.9931062602173208,-0.9994368954126334
2014-11-28,0.9931062602173208,-0.9994368954126334
2014-12-01,-0.6220412477289218,-0.9006383650934301
2014-12-02,-0.9827044322097223,-0.999306711334174
2014-12-03,-0.9827044322097223,-0.9993067113964808
2014-12-04,-0.9827044322097223,-0.9993067113964808
2014-12-05,-0.9827044322097223,-0.9993067113964808
2014-12-08,-0.9827044322097223,-0.9993067113964808
2014-12-09,-0.9827044322097223,-0.9993067113964808
2014-12-10,-0.9827044322097223,-0.9993067113964808
2014-12-11,-0.9827044322097223,-0.9993067113964808
2014-12-12,-0.9827044322097223,-0.9993067113964808
2014-12-15,-0.9827044322097223,-0.9993067113964808
2014-12-16,-0.9827044322097223,-0.9993067113964808
2014-12-17,-0.9827044322097223,-0.9993067113964808
2014-12-18,-0.9827044322097223,-0.9993067113964808
2014-12-19,-0.9827044322097223,-0.9993067113964808
2014-12-22,-0.9827044322097223,-0.9993067113964808
2014-12-23,-0.9827044322097223,-0.9993067113964808
2014-12-24,-0.9827044322097223,-0.9993067113964808
2014-12-25,-0.9827044322097223,-0.9993067113964808
2014-12-26,-0.9827044322097223,-0.9993067113964808
2014-12-29,-0.9827044322097223,-0.9993067113964808
2014-12-30,-0.9827044322097223,-0.9993067113964808
2014-12-31,-2.3631363333703335,-0.8673011374165087
2015-01-01,-0.9969437370543712,-0.9990799233777402
2015-01-02,-0.9969437370543712,-0.9990799234658703
2015-01-05,-0.9969437370543712,-0.9990799234658703
2015-01-06,-0.9969437370543712,-0.9990799234658703
2015-01-07,-0.9969437370543712,-0.9990799234658703
2015-01-08,-0.9969437370543712,-0.9990799234658703
2015-01-09,-0.9969437370543712,-0.9990799234658703
2015-01-12,-0.9969437370543712,-0.9990799234658703
2015-01-13,-0.9969437370543712,-0.9990799234658703
2015-01-14,-0.9969437370543712,-0.9990799234658703
2015-01-15,-0.9969437370543712,-0.9990799234658703
2015-01-16,-0.9969437370543712,-0.9990799234658703
2015-01-19,-0.9969437370543712,-0.9990799234658703
2015-01-20,-0.9969437370543712,-0.9990799234658703
2015-01-21,-0.9969437370543712,-0.9990799234658703
2015-01-22,-0.9969437370543712,-0.9990799234658703
2015-01-23,-0.9969437370543712,-0.9990799234658703
2015-01-26,-0.9969437370543712,-0.9990799234658703
2015-01-27,-0.9969437370543712,-0.9990799234658703
2015-01-28,-0.9969437370543712,-0.9990799234658703
2015-01-29,-0.9969437370543712,-0.9990799234658703
2015-01-30,-0.9969437370543712,-0.9990799234658703
2015-02-02,-1.9229783165195402,-0.8063304432363416
2015-02-03,-0.9991757848584825,-0.9985885100824945
2015-02-04,-0.9991757848584825,-0.9985885102262819
2015-02-05,-0.9991757848584825,-0.9985885102262819
2015-02-06,-0.9991757848584825,-0.9985885102262819
2015-02-09,-0.9991757848584825,-0.9985885102262819
2015-02-10,-0.9991757848584825,-0.9985885102262819
2015-02-11,-0.9991757848584825,-0.9985885102262819
2015-02-12,-0.9991757848584825,-0.9985885102262819
2015-02-13,-0.9991757848584825,-0.9985885102262819
2015-02-16,-0.9991757848584825,-0.9985885102262819
2015-02-17,-0.9991757848584825,-0.9985885102262819
2015-02-18,-0.9991757848584825,-0.9985885102262819
2015-02-19,-0.9991757848584825,-0.9985885102262819
2015-02-20,-0.9991757848584825,-0.9985885102262819
2015-02-23,-0.9991757848584825,-0.9985885102262819
2015-02-24,-0.9991757848584825,-0.9985885102262819
2015-02-25,-0.9991757848584825,-0.9985885102262819
2015-02-26,-0.9991757848584825,-0.9985885102262819
2015-02-27,-0.9991757848584825,-0.9985885102262819
2015-03-02,-0.9444323640407866,-0.8255252778746134
2015-03-03,-0.9990776013878062,-0.997936689202747
2015-03-04,-0.9990776013878062,-0.9979366893269475
2015-03-05,-0.9990776013878062,-0.9979366893269475
2015-03-06,-0.9990776013878062,-0.9979366893269475
2015-03-09,-0.9990776013878062,-0.9979366893269475
2015-03-10,-0.9990776013878062,-0.9979366893269475
2015-03-11,-0.9990776013878062,-0.9979366893269475
2015-03-12,-0.9990776013878062,-0.9979366893269475
2015-03-13,-0.9990776013878062,-0.9979366893269475
2015-03-16,-0.9990776013878062,-0.9979366893269475
2015-03-17,-0.9990776013878062,-0.9979366893269475
2015-03-18,-0.9990776013878062,-0.9979366893269475
2015-03-19,-0.9990776013878062,-0.9979366893269475
2015-03-20,-0.9990776013878062,-0.9979366893269475
2015-03-23,-0.9990776013878062,-0.9979366893269475
2015-03-24,-0.9990776013878062,-0.9979366893269475
2015-03-25,-0.9990776013878062,-0.9979366893269475
2015-03-26,-0.9990776013878062,-0.9979366893269475
2015-03-27,-0.9990776013878062,-0.9979366893269475
2015-03-30,-0.9990776013878062,-0.9979366893269475
2015-03-31,-1.592947543269096,-1.0242066418687457
2015-04-01,-0.9996368561176886,-0.9980408691084501
2015-04-02,-0.9996368561176886,-0.9980408690948684
2015-04-03,-0.9996368561176886,-0.9980408690948684
2015-04-06,-0.9996368561176886,-0.9980408690948684
2015-04-07,-0.9996368561176886,-0.9980408690948684
2015-04-08,-0.9996368561176886,-0.9980408690948684
2015-04-09,-0.9996368561176886,-0.9980408690948684
2015-04-10,-0.9996368561176886,-0.9980408690948684
2015-04-13,-0.9996368561176886,-0.9980408690948684
2015-04-14,-0.9996368561176886,-0.9980408690948684
2015-04-15,-0.9996368561176886,-0.9980408690948684
2015-04-16,-0.9996368561176886,-0.9980408690948684
2015-04-17,-0.9996368561176886,-0.9980408690948684
2015-04-20,-0.9996368561176886,-0.9980408690948684
2015-04-21,-0.9996368561176886,-0.9980408690948684
2015-04-22,-0.9996368561176886,-0.9980408690948684
2015-04-23,-0.9996368561176886,-0.9980408690948684
2015-04-24,-0.9996368561176886,-0.9980408690948684
2015-04-27,-0.9996368561176886,-0.9980408690948684
2015-04-28,-0.9996368561176886,-0.9980408690948684
2015-04-29,-0.9996368561176886,-0.9980408690948684
2015-04-30,-0.7662002045839359,-1.1389560722773135
2015-05-01,-0.9993821078520914,-0.998494633171871
2015-05-04,-0.9993821078520914,-0.9984946331095257
2015-05-05,-0.9993821078520914,-0.9984946331095257
2015-05-06,-0.9993821078520914,-0.9984946331095257
2015-05-07,-0.9993821078520914,-0.9984946331095257
2015-05-08,-0.9993821078520914,-0.9984946331095257
2015-05-11,-0.9993821078520914,-0.9984946331095257
2015-05-12,-0.9993821078520914,-0.9984946331095257
2015-05-13,-0.9993821078520914,-0.9984946331095257
2015-05-14,-0.9993821078520914,-0.9984946331095257
2015-05-15,-0.9993821078520914,-0.9984946331095257
2015-05-18,-0.9993821078520914,-0.9984946331095257
2015-05-19,-0.9993821078520914,-0.9984946331095257
2015-05-20,-0.9993821078520914,-0.9984946331095257
2015-05-21,-0.9993821078520914,-0.9984946331095257
2015-05-22,-0.9993821078520914,-0.9984946331095257
2015-05-25,-0.9993821078520914,-0.9984946331095257
2015-05-26,-0.9993821078520914,-0.9984946331095257
2015-05-27,-0.9993821078520914,-0.9984946331095257
2015-05-28,-0.9993821078520914,-0.9984946331095257
2015-05-29,-0.9993821078520914,-0.9984946331095257
2015-06-01,-1.263725929954289,-0.8541865075508922
2015-06-02,-0.999613436532586,-0.99794472728611
2015-06-03,-0.999613436532586,-0.9979447273843579
2015-06-04,-0.999613436532586,-0.9979447273843579
2015-06-05,-0.999613436532586,-0.9979447273843579
2015-06-08,-0.999613436532586,-0.9979447273843579
2015-06-09,-0.999613436532586,-0.9979447273843579
2015-06-10,-0.999613436532586,-0.9979447273843579
2015-06-11,-0.999613436532586,-0.9979447273843579
2015-06-12,-0.999613436532586,-0.9979447273843579
2015-06-15,-0.999613436532586,-0.9979447273843579
2015-06-16,-0.999613436532586,-0.9979447273843579
2015-06-17,-0.999613436532586,-0.9979447273843579
2015-06-18,-0.999613436532586,-0.9979447273843579
2015-06-19,-0.999613436532586,-0.9979447273843579
2015-06-22,-0.999613436532586,-0.9979447273843579
2015-06-23,-0.999613436532586,-0.9979447273843579
2015-06-24,-0.999613436532586,-0.9979447273843579
2015-06-25,-0.999613436532586,-0.9979447273843579
2015-06-26,-0.999613436532586,-0.9979447273843579
2015-06-29,-0.999613436532586,-0.9979447273843579
2015-06-30,-0.7436226823777644,-1.0420471791670165
2015-07-01,-0.9993018052424284,-0.9981145348177441
2015-07-02,-0.9993018052424284,-0.9981145347955176
2015-07-03,-0.9993018052424284,-0.9981145347955176
2015-07-06,-0.9993018052424284,-0.9981145347955176
2015-07-07,-0.9993018052424284,-0.9981145347955176
2015-07-08,-0.9993018052424284,-0.9981145347955176
2015-07-09,-0.9993018052424284,-0.9981145347955176
2015-07-10,-0.9993018052424284,-0.9981145347955176
2015-07-13,-0.9993018052424284,-0.9981145347955176
2015-07-14,-0.9993018052424284,-0.9981145347955176
2015-07-15,-0.9993018052424284,-0.9981145347955176
2015-07-16,-0.9993018052424284,-0.9981145347955176
2015-07-17,-0.9993018052424284,-0.9981145347955176
2015-07-20,-0.9993018052424284,-0.9981145347955176
2015-07-21,-0.9993018052424284,-0.9981145347955176
2015-07-22,-0.9993018052424284,-0.9981145347955176
2015-07-23,-0.9993018052424284,-0.9981145347955176
2015-07-24,-0.9993018052424284,-0.9981145347955176
2015-07-27,-0.9993018052424284,-0.9981145347955176
2015-07-28,-0.9993018052424284,-0.9981145347955176
2015-07-29,-0.9993018052424284,-0.9981145347955176
2015-07-30,-0.9993018052424284,-0.9981145347955176
2015-07-31,-1.1916689852607891,-0.9075454462098398
2015-08-03,-0.9995088731915245,-0.9977207844587342
2015-08-04,-0.9995088731915245,-0.9977207845148821
2015-08-05,-0.9995088731915245,-0.9977207845148821
2015-08-06,-0.9995088731915245,-0.9977207845148821
2015-08-07,-0.9995088731915245,-0.9977207845148821
2015-08-10,-0.9995088731915245,-0.9977207845148821
2015-08-11,-0.9995088731915245,-0.9977207845148821
2015-08-12,-0.9995088731915245,-0.9977207845148821
2015-08-13,-0.9995088731915245,-0.9977207845148821
2015-08-14,-0.9995088731915245,-0.9977207845148821
2015-08-17,-0.9995088731915245,-0.9977207845148821
2015-08-18,-0.9995088731915245,-0.9977207845148821
2015-08-19,-0.9995088731915245,-0.9977207845148821
2015-08-20,-0.9995088731915245,-0.9977207845148821
2015-08-21,-0.9995088731915245,-0.9977207845148821
2015-08-24,-0.9995088731915245,-0.9977207845148821
2015-08-25,-0.9995088731915245,-0.9977207845148821
2015-08-26,-0.9995088731915245,-0.9977207845148821
2015-08-27,-0.9995088731915245,-0.9977207845148821
2015-08-28,-0.9995088731915245,-0.9977207845148821
2015-08-31,-1.0422003446421386,-1.0188800306432522
2015-09-01,-0.9995482582861026,-0.9978141602935519
2015-09-02,-0.9995482582861026,-0.9978141602825354
2015-09-03,-0.9995482582861026,-0.9978141602825354
2015-09-04,-0.9995482582861026,-0.9978141602825354
2015-09-07,-0.9995482582861026,-0.9978141602825354
2015-09-08,-0.9995482582861026,-0.9978141602825354
2015-09-09,-0.9995482582861026,-0.9978141602825354
2015-09-10,-0.9995482582861026,-0.9978141602825354
2015-09-11,-0.9995482582861026,-0.9978141602825354
2015-09-14,-0.9995482582861026,-0.9978141602825354
2015-09-15,-0.9995482582861026,-0.9978141602825354
2015-09-16,-0.9995482582861026,-0.9978141602825354
2015-09-17,-0.9995482582861026,-0.9978141602825354
2015-09-18,-0.9995482582861026,-0.9978141602825354
2015-09-21,-0.9995482582861026,-0.9978141602825354
2015-09-22,-0.9995482582861026,-0.9978141602825354
2015-09-23,-0.9995482582861026,-0.9978141602825354
2015-09-24,-0.9995482582861026,-0.9978141602825354
2015-09-25,-0.9995482582861026,-0.9978141602825354
2015-09-28,-0.9995482582861026,-0.9978141602825354
2015-09-29,-0.9995482582861026,-0.9978141602825354
2015-09-30,-1.0016672797482264,-1.0649944527474948
2015-10-01,-0.999550166290392,-0.9980804614571062
2015-10-02,-0.999550166290392,-0.9980804614243328
2015-10-05,-0.999550166290392,-0.9980804614243328
2015-10-06,-0.999550166290392,-0.9980804614243328
2015-10-07,-0.999550166290392,-0.9980804614243328
2015-10-08,-0.999550166290392,-0.9980804614243328
2015-10-09,-0.999550166290392,-0.9980804614243328
2015-10-12,-0.999550166290392,-0.9980804614243328
2015-10-13,-0.999550166290392,-0.9980804614243328
2015-10-14,-0.999550166290392,-0.9980804614243328
2015-10-15,-0.999550166290392,-0.9980804614243328
2015-10-16,-0.999550166290392,-0.9980804614243328
2015-10-19,-0.999550166290392,-0.9980804614243328
2015-10-20,-0.999550166290392,-0.9980804614243328
2015-10-21,-0.999550166290392,-0.9980804614243328
2015-10-22,-0.999550166290392,-0.9980804614243328
2015-10-23,-0.999550166290392,-0.9980804614243328
2015-10-26,-0.999550166290392,-0.9980804614243328
2015-10-27,-0.999550166290392,-0.9980804614243328
2015-10-28,-0.999550166290392,-0.9980804614243328
2015-10-29,-0.999550166290392,-0.9980804614243328
2015-10-30,-0.999550166290392,-0.9980804614243328
2015-11-02,-0.9670592514210424,-0.9295255158624467
2015-11-03,-0.9995194539599185,-0.9977878516463066
2015-11-04,-0.9995194539599185,-0.9977878516872954
2015-11-05,-0.9995194539599185,-0.9977878516872954
2015-11-06,-0.9995194539599185,-0.9977878516872954
2015-11-09,-0.9995194539599185,-0.9977878516872954
2015-11-10,-0.9995194539599185,-0.9977878516872954
2015-11-11,-0.9995194539599185,-0.9977878516872954
2015-11-12,-0.9995194539599185,-0.9977878516872954
2015-11-13,-0.9995194539599185,-0.9977878516872954
2015-11-16,-0.9995194539599185,-0.9977878516872954
2015-11-17,-0.9995194539599185,-0.9977878516872954
2015-11-18,-0.9995194539599185,-0.9977878516872954
2015-11-19,-0.9995194539599185,-0.9977878516872954
2015-11-20,-0.9995194539599185,-0.9977878516872954
2015-11-23,-0.9995194539599185,-0.9977878516872954
2015-11-24,-0.9995194539599185,-0.9977878516872954
2015-11-25,-0.9995194539599185,-0.9977878516872954
2015-11-26,-0.9995194539599185,-0.9977878516872954
2015-11-27,-0.9995194539599185,-0.9977878516872954
2015-11-30,-1.4598940183148845,-0.7083247247451487
2015-12-01,-0.9997746585073962,-0.9956246655091021
2015-12-02,-0.9997746585073962,-0.9956246657711868
2015-12-03,-0.9997746585073962,-0.9956246657711868
2015-12-04,-0.9997746585073962,-0.9956246657711868
2015-12-07,-0.9997746585073962,-0.9956246657711868
2015-12-08,-0.9997746585073962,-0.9956246657711868
2015-12-09,-0.9997746585073962,-0.9956246657711868
2015-12-10,-0.9997746585073962,-0.9956246657711868
2015-12-11,-0.9997746585073962,-0.9956246657711868
2015-12-14,-0.9997746585073962,-0.9956246657711868
2015-12-15,-0.9997746585073962,-0.9956246657711868
2015-12-16,-0.9997746585073962,-0.9956246657711868
2015-12-17,-0.9997746585073962,-0.9956246657711868
2015-12-18,-0.9997746585073962,-0.9956246657711868
2015-12-21,-0.9997746585073962,-0.9956246657711868
2015-12-22,-0.9997746585073962,-0.9956246657711868
2015-12-23,-0.9997746585073962,-0.9956246657711868
2015-12-24,-0.9997746585073962,-0.9956246657711868
2015-12-25,-0.9997746585073962,-0.9956246657711868
2015-12-28,-0.9997746585073962,-0.9956246657711868
2015-12-29,-0.9997746585073962,-0.9956246657711868
2015-12-30,-0.9997746585073962,-0.9956246657711868
2015-12-31,-0.9022857646304014,-1.1495649035225348
2016-01-01,-0.9997233543963745,-0.9967126385304841
2016-01-04,-0.9997233543963745,-0.9967126384637296
2016-01-05,-0.9997233543963745,-0.9967126384637296
2016-01-06,-0.9997233543963745,-0.9967126384637296
2016-01-07,-0.9997233543963745,-0.9967126384637296
2016-01-08,-0.9997233543963745,-0.9967126384637296
2016-01-11,-0.9997233543963745,-0.9967126384637296
2016-01-12,-0.9997233543963745,-0.9967126384637296
2016-01-13,-0.9997233543963745,-0.9967126384637296
2016-01-14,-0.9997233543963745,-0.9967126384637296
2016-01-15,-0.9997233543963745,-0.9967126384637296
2016-01-18,-0.9997233543963745,-0.9967126384637296
2016-01-19,-0.9997233543963745,-0.9967126384637296
2016-01-20,-0.9997233543963745,-0.9967126384637296
2016-01-21,-0.9997233543963745,-0.9967126384637296
2016-01-22,-0.9997233543963745,-0.9967126384637296
2016-01-25,-0.9997233543963745,-0.9967126384637296
2016-01-26,-0.9997233543963745,-0.9967126384637296
2016-01-27,-0.9997233543963745,-0.9967126384637296
2016-01-28,-0.9997233543963745,-0.9967126384637296
2016-01-29,-0.9997233543963745,-0.9967126384637296
2016-02-01,-1.2302157648366965,-0.9503709028142162
2016-02-02,-0.9998172816870288,-0.9963860054101966
2016-02-03,-0.9998172816870288,-0.9963860054368574
2016-02-04,-0.9998172816870288,-0.9963860054368574
2016-02-05,-0.9998172816870288,-0.9963860054368574
2016-02-08,-0.9998172816870288,-0.9963860054368574
2016-02-09,-0.9998172816870288,-0.9963860054368574
2016-02-10,-0.9998172816870288,-0.9963860054368574
2016-02-11,-0.9998172816870288,-0.9963860054368574
2016-02-12,-0.9998172816870288,-0.9963860054368574
2016-02-15,-0.9998172816870288,-0.9963860054368574
2016-02-16,-0.9998172816870288,-0.9963860054368574
2016-02-17,-0.9998172816870288,-0.9963860054368574
2016-02-18,-0.9998172816870288,-0.9963860054368574
2016-02-19,-0.9998172816870288,-0.9963860054368574
2016-02-22,-0.9998172816870288,-0.9963860054368574
2016-02-23,-0.9998172816870288,-0.9963860054368574
2016-02-24,-0.9998172816870288,-0.9963860054368574
2016-02-25,-0.9998172816870288,-0.9963860054368574
2016-02-26,-0.9998172816870288,-0.9963860054368574
2016-02-29,-0.8798267255606191,-1.4352186249923795
2016-03-01,-0.999764063909657,-0.9982532658713591
2016-03-02,-0.999764063909657,-0.998253265732333
2016-03-03,-0.999764063909657,-0.998253265732333
2016-03-04,-0.999764063909657,-0.998253265732333
2016-03-07,-0.999764063909657,-0.998253265732333
2016-03-08,-0.999764063909657,-0.998253265732333
2016-03-09,-0.999764063909657,-0.998253265732333
2016-03-10,-0.999764063909657,-0.998253265732333
2016-03-11,-0.999764063909657,-0.998253265732333
2016-03-14,-0.999764063909657,-0.998253265732333
2016-03-15,-0.999764063909657,-0.998253265732333
2016-03-16,-0.999764063909657,-0.998253265732333
2016-03-17,-0.999764063909657,-0.998253265732333
2016-03-18,-0.999764063909657,-0.998253265732333
2016-03-21,-0.999764063909657,-0.998253265732333
2016-03-22,-0.999764063909657,-0.998253265732333
2016-03-23,-0.999764063909657,-0.998253265732333
2016-03-24,-0.999764063909657,-0.998253265732333
2016-03-25,-0.999764063909657,-0.998253265732333
2016-03-28,-0.999764063909657,-0.998253265732333
2016-03-29,-0.999764063909657,-0.998253265732333
2016-03-30,-0.999764063909657,-0.998253265732333
2016-03-31,-0.6724119889533351,-1.2287266706869482
2016-04-01,-0.9994786462384739,-0.9988460565083918
2016-04-04,-0.9994786462384739,-0.9988460564169929
2016-04-05,-0.9994786462384739,-0.9988460564169929
2016-04-06,-0.9994786462384739,-0.9988460564169929
2016-04-07,-0.9994786462384739,-0.9988460564169929
2016-04-08,-0.9994786462384739,-0.9988460564169929
2016-04-11,-0.9994786462384739,-0.9988460564169929
2016-04-12,-0.9994786462384739,-0.9988460564169929
2016-04-13,-0.9994786462384739,-0.9988460564169929
2016-04-14,-0.9994786462384739,-0.9988460564169929
2016-04-15,-0.9994786462384739,-0.9988460564169929
2016-04-18,-0.9994786462384739,-0.9988460564169929
2016-04-19,-0.9994786462384739,-0.9988460564169929
2016-04-20,-0.9994786462384739,-0.9988460564169929
2016-04-21,-0.9994786462384739,-0.9988460564169929
2016-04-22,-0.9994786462384739,-0.9988460564169929
2016-04-25,-0.9994786462384739,-0.9988460564169929
2016-04-26,-0.9994786462384739,-0.9988460564169929
2016-04-27,-0.9994786462384739,-0.9988460564169929
2016-04-28,-0.9994786462384739,-0.9988460564169929
2016-04-29,-0.9994786462384739,-0.9988460564169929
2016-05-02,-0.6944023193434136,-1.0772369172328362
2016-05-03,-0.9989208209759892,-0.9990076505696086
2016-05-04,-0.9989208209759892,-0.999007650531885
2016-05-05,-0.9989208209759892,-0.999007650531885
2016-05-06,-0.9989208209759892,-0.999007650531885
2016-05-09,-0.9989208209759892,-0.999007650531885
2016-05-10,-0.9989208209759892,-0.999007650531885
2016-05-11,-0.9989208209759892,-0.999007650531885
2016-05-12,-0.9989208209759892,-0.999007650531885
2016-05-13,-0.9989208209759892,-0.999007650531885
2016-05-16,-0.9989208209759892,-0.999007650531885
2016-05-17,-0.9989208209759892,-0.999007650531885
2016-05-18,-0.9989208209759892,-0.999007650531885
2016-05-19,-0.9989208209759892,-0.999007650531885
2016-05-20,-0.9989208209759892,-0.999007650531885
2016-05-23,-0.9989208209759892,-0.999007650531885
2016-05-24,-0.9989208209759892,-0.999007650531885
2016-05-25,-0.9989208209759892,-0.999007650531885
2016-05-26,-0.9989208209759892,-0.999007650531885
2016-05-27,-0.9989208209759892,-0.999007650531885
2016-05-30,-0.9989208209759892,-0.999007650531885
2016-05-31,-1.4718805051339023,-0.7508491348504572
2016-06-01,-0.9995025037618388,-0.9982453135182201
2016-06-02,-0.9995025037618388,-0.9982453137249278
2016-06-03,-0.9995025037618388,-0.9982453137249278
2016-06-06,-0.9995025037618388,-0.9982453137249278
2016-06-07,-0.9995025037618388,-0.9982453137249278
2016-06-08,-0.9995025037618388,-0.9982453137249278
2016-06-09,-0.9995025037618388,-0.9982453137249278
2016-06-10,-0.9995025037618388,-0.9982453137249278
2016-06-13,-0.9995025037618388,-0.9982453137249278
2016-06-14,-0.9995025037618388,-0.9982453137249278
2016-06-15,-0.9995025037618388,-0.9982453137249278
2016-06-16,-0.9995025037618388,-0.9982453137249278
2016-06-17,-0.9995025037618388,-0.9982453137249278
2016-06-20,-0.9995025037618388,-0.9982453137249278
2016-06-21,-0.9995025037618388,-0.9982453137249278
2016-06-22,-0.9995025037618388,-0.9982453137249278
2016-06-23,-0.9995025037618388,-0.9982453137249278
2016-06-24,-0.9995025037618388,-0.9982453137249278
2016-06-27,-0.9995025037618388,-0.9982453137249278
2016-06-28,-0.9995025037618388,-0.9982453137249278
2016-06-29,-0.9995025037618388,-0.9982453137249278
2016-06-30,-1.2120069629491597,-1.268314164739734
2016-07-01,-0.9996615838922439,-0.9989119338411938
2016-07-04,-0.9996615838922439,-0.9989119337388673
2016-07-05,-0.9996615838922439,-0.9989119337388673
2016-07-06,-0.9996615838922439,-0.9989119337388673
2016-07-07,-0.9996615838922439,-0.9989119337388673
2016-07-08,-0.9996615838922439,-0.9989119337388673
2016-07-11,-0.9996615838922439,-0.9989119337388673
2016-07-12,-0.9996615838922439,-0.9989119337388673
2016-07-13,-0.9996615838922439,-0.9989119337388673
2016-07-14,-0.9996615838922439,-0.9989119337388673
2016-07-15,-0.9996615838922439,-0.9989119337388673
2016-07-18,-0.9996615838922439,-0.9989119337388673
2016-07-19,-0.9996615838922439,-0.9989119337388673
2016-07-20,-0.9996615838922439,-0.9989119337388673
2016-07-21,-0.9996615838922439,-0.9989119337388673
2016-07-22,-0.9996615838922439,-0.9989119337388673
2016-07-25,-0.9996615838922439,-0.9989119337388673
2016-07-26,-0.9996615838922439,-0.9989119337388673
2016-07-27,-0.9996615838922439,-0.9989119337388673
2016-07-28,-0.9996615838922439,-0.9989119337388673
2016-07-29,-0.9996615838922439,-0.9989119337388673
2016-08-01,-0.9023027931990724,-1.0365532929184276
2016-08-02,-0.9995846613989201,-0.998989405341353
2016-08-03,-0.9995846613989201,-0.9989894053221732
2016-08-04,-0.9995846613989201,-0.9989894053221732
2016-08-05,-0.9995846613989201,-0.9989894053221732
2016-08-08,-0.9995846613989201,-0.9989894053221732
2016-08-09,-0.9995846613989201,-0.9989894053221732
2016-08-10,-0.9995846613989201,-0.9989894053221732
2016-08-11,-0.9995846613989201,-0.9989894053221732
2016-08-12,-0.9995846613989201,-0.9989894053221732
2016-08-15,-0.9995846613989201,-0.9989894053221732
2016-08-16,-0.9995846613989201,-0.9989894053221732
2016-08-17,-0.9995846613989201,-0.9989894053221732
2016-08-18,-0.9995846613989201,-0.9989894053221732
2016-08-19,-0.9995846613989201,-0.9989894053221732
2016-08-22,-0.9995846613989201,-0.9989894053221732
2016-08-23,-0.9995846613989201,-0.9989894053221732
2016-08-24,-0.9995846613989201,-0.9989894053221732
2016-08-25,-0.9995846613989201,-0.9989894053221732
2016-08-26,-0.9995846613989201,-0.9989894053221732
2016-08-29,-0.9995846613989201,-0.9989894053221732
2016-08-30,-0.9995846613989201,-0.9989894053221732
2016-08-31,-1.0909996210770385,-0.9474676907803163
2016-09-01,-0.9996513130434671,-0.9988766982129413
2016-09-02,-0.9996513130434671,-0.9988766982429786
2016-09-05,-0.9996513130434671,-0.9988766982429786
2016-09-06,-0.9996513130434671,-0.9988766982429786
2016-09-07,-0.9996513130434671,-0.9988766982429786
2016-09-08,-0.9996513130434671,-0.9988766982429786
2016-09-09,-0.9996513130434671,-0.9988766982429786
2016-09-12,-0.9996513130434671,-0.9988766982429786
2016-09-13,-0.9996513130434671,-0.9988766982429786
2016-09-14,-0.9996513130434671,-0.9988766982429786
2016-09-15,-0.9996513130434671,-0.9988766982429786
2016-09-16,-0.9996513130434671,-0.9988766982429786
2016-09-19,-0.9996513130434671,-0.9988766982429786
2016-09-20,-0.9996513130434671,-0.9988766982429786
2016-09-21,-0.9996513130434671,-0.9988766982429786
2016-09-22,-0.9996513130434671,-0.9988766982429786
2016-09-23,-0.9996513130434671,-0.9988766982429786
2016-09-26,-0.9996513130434671,-0.9988766982429786
2016-09-27,-0.9996513130434671,-0.9988766982429786
2016-09-28,-0.9996513130434671,-0.9988766982429786
2016-09-29,-0.9996513130434671,-0.9988766982429786
2016-09-30,-0.9214884755526757,-1.0859729705505181
2016-10-03,-0.9995896893354316,-0.999049406589827
2016-10-04,-0.9995896893354316,-0.9990494065484066
2016-10-05,-0.9995896893354316,-0.9990494065484066
2016-10-06,-0.9995896893354316,-0.9990494065484066
2016-10-07,-0.9995896893354316,-0.9990494065484066
2016-10-10,-0.9995896893354316,-0.9990494065484066
2016-10-11,-0.9995896893354316,-0.9990494065484066
2016-10-12,-0.9995896893354316,-0.9990494065484066
2016-10-13,-0.9995896893354316,-0.9990494065484066
2016-10-14,-0.9995896893354316,-0.9990494065484066
2016-10-17,-0.9995896893354316,-0.9990494065484066
2016-10-18,-0.9995896893354316,-0.9990494065484066
2016-10-19,-0.9995896893354316,-0.9990494065484066
2016-10-20,-0.9995896893354316,-0.9990494065484066
2016-10-21,-0.9995896893354316,-0.9990494065484066
2016-10-24,-0.9995896893354316,-0.9990494065484066
2016-10-25,-0.9995896893354316,-0.9990494065484066
2016-10-26,-0.9995896893354316,-0.9990494065484066
2016-10-27,-0.9995896893354316,-0.9990494065484066
2016-10-28,-0.9995896893354316,-0.9990494065484066
2016-10-31,-1.4745125452593177,-0.8250072872103488
2016-11-01,-0.9998113729984207,-0.9986069567795061
2016-11-02,-0.9998113729984207,-0.998606956904814
2016-11-03,-0.9998113729984207,-0.998606956904814
2016-11-04,-0.9998113729984207,-0.998606956904814
2016-11-07,-0.9998113729984207,-0.998606956904814
2016-11-08,-0.9998113729984207,-0.998606956904814
2016-11-09,-0.9998113729984207,-0.998606956904814
2016-11-10,-0.9998113729984207,-0.998606956904814
2016-11-11,-0.9998113729984207,-0.998606956904814
2016-11-14,-0.9998113729984207,-0.998606956904814
2016-11-15,-0.9998113729984207,-0.998606956904814
2016-11-16,-0.9998113729984207,-0.998606956904814
2016-11-17,-0.9998113729984207,-0.998606956904814
2016-11-18,-0.9998113729984207,-0.998606956904814
2016-11-21,-0.9998113729984207,-0.998606956904814
2016-11-22,-0.9998113729984207,-0.998606956904814
2016-11-23,-0.9998113729984207,-0.998606956904814
2016-11-24,-0.9998113729984207,-0.998606956904814
2016-11-25,-0.9998113729984207,-0.998606956904814
2016-11-28,-0.9998113729984207,-0.998606956904814
2016-11-29,-0.9998113729984207,-0.998606956904814
2016-11-30,-1.2944572602498878,-0.5335909878452022
2016-12-01,-0.9998874581243811,-0.9951462865051497
2016-12-02,-0.9998874581243811,-0.9951462871704916
2016-12-05,-0.9998874581243811,-0.9951462871704916
2016-12-06,-0.9998874581243811,-0.9951462871704916
2016-12-07,-0.9998874581243811,-0.9951462871704916
2016-12-08,-0.9998874581243811,-0.9951462871704916
2016-12-09,-0.9998874581243811,-0.9951462871704916
2016-12-12,-0.9998874581243811,-0.9951462871704916
2016-12-13,-0.9998874581243811,-0.9951462871704916
2016-12-14,-0.9998874581243811,-0.9951462871704916
2016-12-15,-0.9998874581243811,-0.9951462871704916
2016-12-16,-0.9998874581243811,-0.9951462871704916
2016-12-19,-0.9998874581243811,-0.9951462871704916
2016-12-20,-0.9998874581243811,-0.9951462871704916
2016-12-21,-0.9998874581243811,-0.9951462871704916
2016-12-22,-0.9998874581243811,-0.9951462871704916
2016-12-23,-0.9998874581243811,-0.9951462871704916
2016-12-26,-0.9998874581243811,-0.9951462871704916
2016-12-27,-0.9998874581243811,-0.9951462871704916
2016-12-28,-0.9998874581243811,-0.9951462871704916
2016-12-29,-0.9998874581243811,-0.9951462871704916
2016-12-30,-0.9998874581243811,-0.9951462871704916
2017-01-02,-1.0514644886272686,-0.7321830824655526
2017-01-03,-0.999898226622575,-0.9910886427339293
2017-01-04,-0.999898226622575,-0.9910886429564584
2017-01-05,-0.999898226622575,-0.9910886429564584
2017-01-06,-0.999898226622575,-0.9910886429564584
2017-01-09,-0.999898226622575,-0.9910886429564584
2017-01-10,-0.999898226622575,-0.9910886429564584
2017-01-11,-0.999898226622575,-0.9910886429564584
2017-01-12,-0.999898226622575,-0.9910886429564584
2017-01-13,-0.999898226622575,-0.9910886429564584
2017-01-16,-0.999898226622575,-0.9910886429564584
2017-01-17,-0.999898226622575,-0.9910886429564584
2017-01-18,-0.999898226622575,-0.9910886429564584
2017-01-19,-0.999898226622575,-0.9910886429564584
2017-01-20,-0.999898226622575,-0.9910886429564584
2017-01-23,-0.999898226622575,-0.9910886429564584
2017-01-24,-0.999898226622575,-0.9910886429564584
2017-01-25,-0.999898226622575,-0.9910886429564584
2017-01-26,-0.999898226622575,-0.9910886429564584
2017-01-27,-0.999898226622575,-0.9910886429564584
2017-01-30,-0.999898226622575,-0.9910886429564584
2017-01-31,-0.8439871207036921,-1.536320637450818
2017-02-01,-0.9998571608066428,-0.9962623338762454
2017-02-02,-0.9998571608066428,-0.9962623337204938
2017-02-03,-0.9998571608066428,-0.9962623337204938
2017-02-06,-0.9998571608066428,-0.9962623337204938
2017-02-07,-0.9998571608066428,-0.9962623337204938
2017-02-08,-0.9998571608066428,-0.9962623337204938
2017-02-09,-0.9998571608066428,-0.9962623337204938
2017-02-10,-0.9998571608066428,-0.9962623337204938
2017-02-13,-0.9998571608066428,-0.9962623337204938
2017-02-14,-0.9998571608066428,-0.9962623337204938
2017-02-15,-0.9998571608066428,-0.9962623337204938
2017-02-16,-0.9998571608066428,-0.9962623337204938
2017-02-17,-0.9998571608066428,-0.9962623337204938
2017-02-20,-0.9998571608066428,-0.9962623337204938
2017-02-21,-0.9998571608066428,-0.9962623337204938
2017-02-22,-0.9998571608066428,-0.9962623337204938
2017-02-23,-0.9998571608066428,-0.9962623337204938
2017-02-24,-0.9998571608066428,-0.9962623337204938
2017-02-27,-0.9998571608066428,-0.9962623337204938
2017-02-28,-1.032646086426729,-0.9384405004855252
2017-03-01,-0.9998660859576911,-0.9957905467556306
2017-03-02,-0.9998660859576911,-0.9957905467894695
2017-03-03,-0.9998660859576911,-0.9957905467894695
2017-03-06,-0.9998660859576911,-0.9957905467894695
2017-03-07,-0.9998660859576911,-0.9957905467894695
2017-03-08,-0.9998660859576911,-0.9957905467894695
2017-03-09,-0.9998660859576911,-0.9957905467894695
2017-03-10,-0.9998660859576911,-0.9957905467894695
2017-03-13,-0.9998660859576911,-0.9957905467894695
2017-03-14,-0.9998660859576911,-0.9957905467894695
2017-03-15,-0.9998660859576911,-0.9957905467894695
2017-03-16,-0.9998660859576911,-0.9957905467894695
2017-03-17,-0.9998660859576911,-0.9957905467894695
2017-03-20,-0.9998660859576911,-0.9957905467894695
2017-03-21,-0.9998660859576911,-0.9957905467894695
2017-03-22,-0.9998660859576911,-0.9957905467894695
2017-03-23,-0.9998660859576911,-0.9957905467894695
2017-03-24,-0.9998660859576911,-0.9957905467894695
2017-03-27,-0.9998660859576911,-0.9957905467894695
2017-03-28,-0.9998660859576911,-0.9957905467894695
2017-03-29,-0.9998660859576911,-0.9957905467894695
2017-03-30,-0.9998660859576911,-0.9957905467894695
2017-03-31,-0.901704793632594,-0.9157709076271164
2017-04-03,-0.9998353502738192,-0.9950284834272889
2017-04-04,-0.9998353502738192,-0.9950284834757659
2017-04-05,-0.9998353502738192,-0.9950284834757659
2017-04-06,-0.9998353502738192,-0.9950284834757659
2017-04-07,-0.9998353502738192,-0.9950284834757659
2017-04-10,-0.9998353502738192,-0.9950284834757659
2017-04-11,-0.9998353502738192,-0.9950284834757659
2017-04-12,-0.9998353502738192,-0.9950284834757659
2017-04-13,-0.9998353502738192,-0.9950284834757659
2017-04-14,-0.9998353502738192,-0.9950284834757659
2017-04-17,-0.9998353502738192,-0.9950284834757659
2017-04-18,-0.9998353502738192,-0.9950284834757659
2017-04-19,-0.9998353502738192,-0.9950284834757659
2017-04-20,-0.9998353502738192,-0.9950284834757659
2017-04-21,-0.9998353502738192,-0.9950284834757659
2017-04-24,-0.9998353502738192,-0.9950284834757659
2017-04-25,-0.9998353502738192,-0.9950284834757659
2017-04-26,-0.9998353502738192,-0.9950284834757659
2017-04-27,-0.9998353502738192,-0.9950284834757659
2017-04-28,-0.9998353502738192,-0.9950284834757659
2017-05-01,-0.8575335676791758,-0.9762910394346721
2017-05-02,-0.9997761911879136,-0.9948373102287865
2017-05-03,-0.9997761911879136,-0.9948373102390805
2017-05-04,-0.9997761911879136,-0.9948373102390805
2017-05-05,-0.9997761911879136,-0.9948373102390805
2017-05-08,-0.9997761911879136,-0.9948373102390805
2017-05-09,-0.9997761911879136,-0.9948373102390805
2017-05-10,-0.9997761911879136,-0.9948373102390805
2017-05-11,-0.9997761911879136,-0.9948373102390805
2017-05-12,-0.9997761911879136,-0.9948373102390805
2017-05-15,-0.9997761911879136,-0.9948373102390805
2017-05-16,-0.9997761911879136,-0.9948373102390805
2017-05-17,-0.9997761911879136,-0.9948373102390805
2017-05-18,-0.9997761911879136,-0.9948373102390805
2017-05-19,-0.9997761911879136,-0.9948373102390805
2017-05-22,-0.9997761911879136,-0.9948373102390805
2017-05-23,-0.9997761911879136,-0.9948373102390805
2017-05-24,-0.9997761911879136,-0.9948373102390805
2017-05-25,-0.9997761911879136,-0.9948373102390805
2017-05-26,-0.9997761911879136,-0.9948373102390805
2017-05-29,-0.9997761911879136,-0.9948373102390805
2017-05-30,-0.9997761911879136,-0.9948373102390805
2017-05-31,-0.9108959953827869,-1.4664120466198696
2017-06-01,-0.9997304028232387,-0.9976139205902854
2017-06-02,-0.9997304028232387,-0.9976139204457082
2017-06-05,-0.9997304028232387,-0.9976139204457082
2017-06-06,-0.9997304028232387,-0.9976139204457082
2017-06-07,-0.9997304028232387,-0.9976139204457082
2017-06-08,-0.9997304028232387,-0.9976139204457082
2017-06-09,-0.9997304028232387,-0.9976139204457082
2017-06-12,-0.9997304028232387,-0.9976139204457082
2017-06-13,-0.9997304028232387,-0.9976139204457082
2017-06-14,-0.9997304028232387,-0.9976139204457082
2017-06-15,-0.9997304028232387,-0.9976139204457082
2017-06-16,-0.9997304028232387,-0.9976139204457082
2017-06-19,-0.9997304028232387,-0.9976139204457082
2017-06-20,-0.9997304028232387,-0.9976139204457082
2017-06-21,-0.9997304028232387,-0.9976139204457082
2017-06-22,-0.9997304028232387,-0.9976139204457082
2017-06-23,-0.9997304028232387,-0.9976139204457082
2017-06-26,-0.9997304028232387,-0.9976139204457082
2017-06-27,-0.9997304028232387,-0.9976139204457082
2017-06-28,-0.9997304028232387,-0.9976139204457082
2017-06-29,-0.9997304028232387,-0.9976139204457082
2017-06-30,-0.9763042957379108,-1.0643516549058536
2017-07-03,-0.9997173153605835,-0.9979028555144732
2017-07-04,-0.9997173153605835,-0.9979028554819073
2017-07-05,-0.9997173153605835,-0.9979028554819073
2017-07-06,-0.9997173153605835,-0.9979028554819073
2017-07-07,-0.9997173153605835,-0.9979028554819073
2017-07-10,-0.9997173153605835,-0.9979028554819073
2017-07-11,-0.9997173153605835,-0.9979028554819073
2017-07-12,-0.9997173153605835,-0.9979028554819073
2017-07-13,-0.9997173153605835,-0.9979028554819073
2017-07-14,-0.9997173153605835,-0.9979028554819073
2017-07-17,-0.9997173153605835,-0.9979028554819073
2017-07-18,-0.9997173153605835,-0.9979028554819073
2017-07-19,-0.9997173153605835,-0.9979028554819073
2017-07-20,-0.9997173153605835,-0.9979028554819073
2017-07-21,-0.9997173153605835,-0.9979028554819073
2017-07-24,-0.9997173153605835,-0.9979028554819073
2017-07-25,-0.9997173153605835,-0.9979028554819073
2017-07-26,-0.9997173153605835,-0.9979028554819073
2017-07-27,-0.9997173153605835,-0.9979028554819073
2017-07-28,-0.9997173153605835,-0.9979028554819073
2017-07-31,-0.7536397184170582,-1.267336547789738
2017-08-01,-0.9995027334681186,-0.9986982124931242
2017-08-02,-0.9995027334681186,-0.998698212391006
2017-08-03,-0.9995027334681186,-0.998698212391006
2017-08-04,-0.9995027334681186,-0.998698212391006
2017-08-07,-0.9995027334681186,-0.998698212391006
2017-08-08,-0.9995027334681186,-0.998698212391006
2017-08-09,-0.9995027334681186,-0.998698212391006
2017-08-10,-0.9995027334681186,-0.998698212391006
2017-08-11,-0.9995027334681186,-0.998698212391006
2017-08-14,-0.9995027334681186,-0.998698212391006
2017-08-15,-0.9995027334681186,-0.998698212391006
2017-08-16,-0.9995027334681186,-0.998698212391006
2017-08-17,-0.9995027334681186,-0.998698212391006
2017-08-18,-0.9995027334681186,-0.998698212391006
2017-08-21,-0.9995027334681186,-0.998698212391006
2017-08-22,-0.9995027334681186,-0.998698212391006
2017-08-23,-0.9995027334681186,-0.998698212391006
2017-08-24,-0.9995027334681186,-0.998698212391006
2017-08-25,-0.9995027334681186,-0.998698212391006
2017-08-28,-0.9995027334681186,-0.998698212391006
2017-08-29,-0.9995027334681186,-0.998698212391006
2017-08-30,-0.9995027334681186,-0.998698212391006
2017-08-31,-1.0677098382015462,-1.2239410491111347
2017-09-01,-0.9995641964384373,-0.9991326966235089
2017-09-04,-0.9995641964384373,-0.9991326965335825
2017-09-05,-0.9995641964384373,-0.9991326965335825
2017-09-06,-0.9995641964384373,-0.9991326965335825
2017-09-07,-0.9995641964384373,-0.9991326965335825
2017-09-08,-0.9995641964384373,-0.9991326965335825
2017-09-11,-0.9995641964384373,-0.9991326965335825
2017-09-12,-0.9995641964384373,-0.9991326965335825
2017-09-13,-0.9995641964384373,-0.9991326965335825
2017-09-14,-0.9995641964384373,-0.9991326965335825
2017-09-15,-0.9995641964384373,-0.9991326965335825
2017-09-18,-0.9995641964384373,-0.9991326965335825
2017-09-19,-0.9995641964384373,-0.9991326965335825
2017-09-20,-0.9995641964384373,-0.9991326965335825
2017-09-21,-0.9995641964384373,-0.9991326965335825
2017-09-22,-0.9995641964384373,-0.9991326965335825
2017-09-25,-0.9995641964384373,-0.9991326965335825
2017-09-26,-0.9995641964384373,-0.9991326965335825
2017-09-27,-0.9995641964384373,-0.9991326965335825
2017-09-28,-0.9995641964384373,-0.9991326965335825
2017-09-29,-0.9995641964384373,-0.9991326965335825
2017-10-02,-1.0109892757675896,-0.8462938725940792
2017-10-03,-0.999573984460886,-0.9987917614248416
2017-10-04,-0.999573984460886,-0.9987917615307014
2017-10-05,-0.999573984460886,-0.9987917615307014
2017-10-06,-0.999573984460886,-0.9987917615307014
2017-10-09,-0.999573984460886,-0.9987917615307014
2017-10-10,-0.999573984460886,-0.9987917615307014
2017-10-11,-0.999573984460886,-0.9987917615307014
2017-10-12,-0.999573984460886,-0.9987917615307014
2017-10-13,-0.999573984460886,-0.9987917615307014
2017-10-16,-0.999573984460886,-0.9987917615307014
2017-10-17,-0.999573984460886,-0.9987917615307014
2017-10-18,-0.999573984460886,-0.9987917615307014
2017-10-19,-0.999573984460886,-0.9987917615307014
2017-10-20,-0.999573984460886,-0.9987917615307014
2017-10-23,-0.999573984460886,-0.9987917615307014
2017-10-24,-0.999573984460886,-0.9987917615307014
2017-10-25,-0.999573984460886,-0.9987917615307014
2017-10-26,-0.999573984460886,-0.9987917615307014
2017-10-27,-0.999573984460886,-0.9987917615307014
2017-10-30,-0.999573984460886,-0.9987917615307014
2017-10-31,-1.1084268498866001,-0.9484766016051495
2017-11-01,-0.9996535081028245,-0.9986604354412952
2017-11-02,-0.9996535081028245,-0.9986604354705599
2017-11-03,-0.9996535081028245,-0.9986604354705599
2017-11-06,-0.9996535081028245,-0.9986604354705599
2017-11-07,-0.9996535081028245,-0.9986604354705599
2017-11-08,-0.9996535081028245,-0.9986604354705599
2017-11-09,-0.9996535081028245,-0.9986604354705599
2017-11-10,-0.9996535081028245,-0.9986604354705599
2017-11-13,-0.9996535081028245,-0.9986604354705599
2017-11-14,-0.9996535081028245,-0.9986604354705599
2017-11-15,-0.9996535081028245,-0.9986604354705599
2017-11-16,-0.9996535081028245,-0.9986604354705599
2017-11-17,-0.9996535081028245,-0.9986604354705599
2017-11-20,-0.9996535081028245,-0.9986604354705599
2017-11-21,-0.9996535081028245,-0.9986604354705599
2017-11-22,-0.9996535081028245,-0.9986604354705599
2017-11-23,-0.9996535081028245,-0.9986604354705599
2017-11-24,-0.9996535081028245,-0.9986604354705599
2017-11-27,-0.9996535081028245,-0.9986604354705599
2017-11-28,-0.9996535081028245,-0.9986604354705599
2017-11-29,-0.9996535081028245,-0.9986604354705599
2017-11-30,-0.8003829304831398,-1.1056049649453596
2017-12-01,-0.9994596563062654,-0.9989066480814881
2017-12-04,-0.9994596563062654,-0.9989066480319827
2017-12-05,-0.9994596563062654,-0.9989066480319827
2017-12-06,-0.9994596563062654,-0.9989066480319827
2017-12-07,-0.9994596563062654,-0.9989066480319827
2017-12-08,-0.9994596563062654,-0.9989066480319827
2017-12-11,-0.9994596563062654,-0.9989066480319827
2017-12-12,-0.9994596563062654,-0.9989066480319827
2017-12-13,-0.9994596563062654,-0.9989066480319827
2017-12-14,-0.9994596563062654,-0.9989066480319827
2017-12-15,-0.9994596563062654,-0.9989066480319827
2017-12-18,-0.9994596563062654,-0.9989066480319827
2017-12-19,-0.9994596563062654,-0.9989066480319827
2017-12-20,-0.9994596563062654,-0.9989066480319827
2017-12-21,-0.9994596563062654,-0.9989066480319827
2017-12-22,-0.9994596563062654,-0.9989066480319827
2017-12-25,-0.9994596563062654,-0.9989066480319827
2017-12-26,-0.9994596563062654,-0.9989066480319827
2017-12-27,-0.9994596563062654,-0.9989066480319827
2017-12-28,-0.9994596563062654,-0.9989066480319827
2017-12-29,-0.9994596563062654,-0.9989066480319827
2018-01-01,-0.9307242356258938,-1.1243252466250708
2018-01-02,-0.9993769761385868,-0.999136671922299
2018-01-03,-0.9993769761385868,-0.999136671865614
2018-01-04,-0.9993769761385868,-0.999136671865614
2018-01-05,-0.9993769761385868,-0.999136671865614
2018-01-08,-0.9993769761385868,-0.999136671865614
2018-01-09,-0.9993769761385868,-0.999136671865614
2018-01-10,-0.9993769761385868,-0.999136671865614
2018-01-11,-0.9993769761385868,-0.999136671865614
2018-01-12,-0.9993769761385868,-0.999136671865614
2018-01-15,-0.9993769761385868,-0.999136671865614
2018-01-16,-0.9993769761385868,-0.999136671865614
2018-01-17,-0.9993769761385868,-0.999136671865614
2018-01-18,-0.9993769761385868,-0.999136671865614
2018-01-19,-0.9993769761385868,-0.999136671865614
2018-01-22,-0.9993769761385868,-0.999136671865614
2018-01-23,-0.9993769761385868,-0.999136671865614
2018-01-24,-0.9993769761385868,-0.999136671865614
2018-01-25,-0.9993769761385868,-0.999136671865614
2018-01-26,-0.9993769761385868,-0.999136671865614
2018-01-29,-0.9993769761385868,-0.999136671865614
2018-01-30,-0.9993769761385868,-0.999136671865614
2018-01-31,-0.43658721904454667,-1.3192560685595607
2018-02-01,-0.99674834064929,-0.9995045415513774
2018-02-02,-0.99674834064929,-0.9995045414365055
2018-02-05,-0.99674834064929,-0.9995045414365055
2018-02-06,-0.99674834064929,-0.9995045414365055
2018-02-07,-0.99674834064929,-0.9995045414365055
2018-02-08,-0.99674834064929,-0.9995045414365055
2018-02-09,-0.99674834064929,-0.9995045414365055
2018-02-12,-0.99674834064929,-0.9995045414365055
2018-02-13,-0.99674834064929,-0.9995045414365055
2018-02-14,-0.99674834064929,-0.9995045414365055
2018-02-15,-0.99674834064929,-0.9995045414365055
2018-02-16,-0.99674834064929,-0.9995045414365055
2018-02-19,-0.99674834064929,-0.9995045414365055
2018-02-20,-0.99674834064929,-0.9995045414365055
2018-02-21,-0.99674834064929,-0.9995045414365055
2018-02-22,-0.99674834064929,-0.9995045414365055
2018-02-23,-0.99674834064929,-0.9995045414365055
2018-02-26,-0.99674834064929,-0.9995045414365055
2018-02-27,-0.99674834064929,-0.9995045414365055
2018-02-28,-1.5249664784648147,-1.0177750051985837
2018-03-01,-0.998606940876279,-0.9995221574767721
2018-03-02,-0.998606940876279,-0.9995221574671866
2018-03-05,-0.998606940876279,-0.9995221574671866
2018-03-06,-0.998606940876279,-0.9995221574671866
2018-03-07,-0.998606940876279,-0.9995221574671866
2018-03-08,-0.998606940876279,-0.9995221574671866
2018-03-09,-0.998606940876279,-0.9995221574671866
2018-03-12,-0.998606940876279,-0.9995221574671866
2018-03-13,-0.998606940876279,-0.9995221574671866
2018-03-14,-0.998606940876279,-0.9995221574671866
2018-03-15,-0.998606940876279,-0.9995221574671866
2018-03-16,-0.998606940876279,-0.9995221574671866
2018-03-19,-0.998606940876279,-0.9995221574671866
2018-03-20,-0.998606940876279,-0.9995221574671866
2018-03-21,-0.998606940876279,-0.9995221574671866
2018-03-22,-0.998606940876279,-0.9995221574671866
2018-03-23,-0.998606940876279,-0.9995221574671866
2018-03-26,-0.998606940876279,-0.9995221574671866
2018-03-27,-0.998606940876279,-0.9995221574671866
2018-03-28,-0.998606940876279,-0.9995221574671866
2018-03-29,-0.998606940876279,-0.9995221574671866
2018-03-30,-0.998606940876279,-0.9995221574671866
2018-04-02,-0.7672340461444782,-1.0491879480709643
2018-04-03,-0.9976434646853413,-0.9995662976081334
2018-04-04,-0.9976434646853413,-0.9995662975832286
2018-04-05,-0.9976434646853413,-0.9995662975832286
2018-04-06,-0.9976434646853413,-0.9995662975832286
2018-04-09,-0.9976434646853413,-0.9995662975832286
2018-04-10,-0.9976434646853413,-0.9995662975832286
2018-04-11,-0.9976434646853413,-0.9995662975832286
2018-04-12,-0.9976434646853413,-0.9995662975832286
2018-04-13,-0.9976434646853413,-0.9995662975832286
2018-04-16,-0.9976434646853413,-0.9995662975832286
2018-04-17,-0.9976434646853413,-0.9995662975832286
2018-04-18,-0.9976434646853413,-0.9995662975832286
2018-04-19,-0.9976434646853413,-0.9995662975832286
2018-04-20,-0.9976434646853413,-0.9995662975832286
2018-04-23,-0.9976434646853413,-0.9995662975832286
2018-04-24,-0.9976434646853413,-0.9995662975832286
2018-04-25,-0.9976434646853413,-0.9995662975832286
2018-04-26,-0.9976434646853413,-0.9995662975832286
2018-04-27,-0.9976434646853413,-0.9995662975832286
2018-04-30,-1.8035914622367195,-0.9129213745981287
2018-05-01,-0.9992772060026566,-0.9994801330870849
2018-05-02,-0.9992772060026566,-0.9994801331406419
2018-05-03,-0.9992772060026566,-0.9994801331406419
2018-05-04,-0.9992772060026566,-0.9994801331406419
2018-05-07,-0.9992772060026566,-0.9994801331406419
2018-05-08,-0.9992772060026566,-0.9994801331406419
2018-05-09,-0.9992772060026566,-0.9994801331406419
2018-05-10,-0.9992772060026566,-0.9994801331406419
2018-05-11,-0.9992772060026566,-0.9994801331406419
2018-05-14,-0.9992772060026566,-0.9994801331406419
2018-05-15,-0.9992772060026566,-0.9994801331406419
2018-05-16,-0.9992772060026566,-0.9994801331406419
2018-05-17,-0.9992772060026566,-0.9994801331406419
2018-05-18,-0.9992772060026566,-0.9994801331406419
2018-05-21,-0.9992772060026566,-0.9994801331406419
2018-05-22,-0.9992772060026566,-0.9994801331406419
2018-05-23,-0.9992772060026566,-0.9994801331406419
2018-05-24,-0.9992772060026566,-0.9994801331406419
2018-05-25,-0.9992772060026566,-0.9994801331406419
2018-05-28,-0.9992772060026566,-0.9994801331406419
2018-05-29,-0.9992772060026566,-0.9994801331406419
2018-05-30,-0.9992772060026566,-0.9994801331406419
2018-05-31,-1.4105562443125625,-0.9155448680625731
2018-06-01,-0.9996370554719357,-0.9993805356663787
2018-06-04,-0.9996370554719357,-0.9993805357180169
2018-06-05,-0.9996370554719357,-0.9993805357180169
2018-06-06,-0.9996370554719357,-0.9993805357180169
2018-06-07,-0.9996370554719357,-0.9993805357180169
2018-06-08,-0.9996370554719357,-0.9993805357180169
2018-06-11,-0.9996370554719357,-0.9993805357180169
2018-06-12,-0.9996370554719357,-0.9993805357180169
2018-06-13,-0.9996370554719357,-0.9993805357180169
2018-06-14,-0.9996370554719357,-0.9993805357180169
2018-06-15,-0.9996370554719357,-0.9993805357180169
2018-06-18,-0.9996370554719357,-0.9993805357180169
2018-06-19,-0.9996370554719357,-0.9993805357180169
2018-06-20,-0.9996370554719357,-0.9993805357180169
2018-06-21,-0.9996370554719357,-0.9993805357180169
2018-06-22,-0.9996370554719357,-0.9993805357180169
2018-06-25,-0.9996370554719357,-0.9993805357180169
2018-06-26,-0.9996370554719357,-0.9993805357180169
2018-06-27,-0.9996370554719357,-0.9993805357180169
2018-06-28,-0.9996370554719357,-0.9993805357180169
2018-06-29,-0.9996370554719357,-0.9993805357180169
2018-07-02,-1.1132929571471037,-0.8238674409151655
2018-07-03,-0.9997073477740023,-0.9990888848798717
2018-07-04,-0.9997073477740023,-0.9990888850067162
2018-07-05,-0.9997073477740023,-0.9990888850067162
2018-07-06,-0.9997073477740023,-0.9990888850067162
2018-07-09,-0.9997073477740023,-0.9990888850067162
2018-07-10,-0.9997073477740023,-0.9990888850067162
2018-07-11,-0.9997073477740023,-0.9990888850067162
2018-07-12,-0.9997073477740023,-0.9990888850067162
2018-07-13,-0.9997073477740023,-0.9990888850067162
2018-07-16,-0.9997073477740023,-0.9990888850067162
2018-07-17,-0.9997073477740023,-0.9990888850067162
2018-07-18,-0.9997073477740023,-0.9990888850067162
2018-07-19,-0.9997073477740023,-0.9990888850067162
2018-07-20,-0.9997073477740023,-0.9990888850067162
2018-07-23,-0.9997073477740023,-0.9990888850067162
2018-07-24,-0.9997073477740023,-0.9990888850067162
2018-07-25,-0.9997073477740023,-0.9990888850067162
2018-07-26,-0.9997073477740023,-0.9990888850067162
2018-07-27,-0.9997073477740023,-0.9990888850067162
2018-07-30,-0.9997073477740023,-0.9990888850067162
2018-07-31,-1.0302527574450944,-0.8034861301378391
2018-08-01,-0.9997244368343823,-0.9985923301623145
2018-08-02,-0.9997244368343823,-0.9985923303090363
2018-08-03,-0.9997244368343823,-0.9985923303090363
2018-08-06,-0.9997244368343823,-0.9985923303090363
2018-08-07,-0.9997244368343823,-0.9985923303090363
2018-08-08,-0.9997244368343823,-0.9985923303090363
2018-08-09,-0.9997244368343823,-0.9985923303090363
2018-08-10,-0.9997244368343823,-0.9985923303090363
2018-08-13,-0.9997244368343823,-0.9985923303090363
2018-08-14,-0.9997244368343823,-0.9985923303090363
2018-08-15,-0.9997244368343823,-0.9985923303090363
2018-08-16,-0.9997244368343823,-0.9985923303090363
2018-08-17,-0.9997244368343823,-0.9985923303090363
2018-08-20,-0.9997244368343823,-0.9985923303090363
2018-08-21,-0.9997244368343823,-0.9985923303090363
2018-08-22,-0.9997244368343823,-0.9985923303090363
2018-08-23,-0.9997244368343823,-0.9985923303090363
2018-08-24,-0.9997244368343823,-0.9985923303090363
2018-08-27,-0.9997244368343823,-0.9985923303090363
2018-08-28,-0.9997244368343823,-0.9985923303090363
2018-08-29,-0.9997244368343823,-0.9985923303090363
2018-08-30,-0.9997244368343823,-0.9985923303090363
2018-08-31,-1.1425463564129696,-1.041626177916256
2018-09-03,-0.9997890030416179,-0.9987060198545458
2018-09-04,-0.9997890030416179,-0.9987060198327992
2018-09-05,-0.9997890030416179,-0.9987060198327992
2018-09-06,-0.9997890030416179,-0.9987060198327992
2018-09-07,-0.9997890030416179,-0.9987060198327992
2018-09-10,-0.9997890030416179,-0.9987060198327992
2018-09-11,-0.9997890030416179,-0.9987060198327992
2018-09-12,-0.9997890030416179,-0.9987060198327992
2018-09-13,-0.9997890030416179,-0.9987060198327992
2018-09-14,-0.9997890030416179,-0.9987060198327992
2018-09-17,-0.9997890030416179,-0.9987060198327992
2018-09-18,-0.9997890030416179,-0.9987060198327992
2018-09-19,-0.9997890030416179,-0.9987060198327992
2018-09-20,-0.9997890030416179,-0.9987060198327992
2018-09-21,-0.9997890030416179,-0.9987060198327992
2018-09-24,-0.9997890030416179,-0.9987060198327992
2018-09-25,-0.9997890030416179,-0.9987060198327992
2018-09-26,-0.9997890030416179,-0.9987060198327992
2018-09-27,-0.9997890030416179,-0.9987060198327992
2018-09-28,-0.9997890030416179,-0.9987060198327992
2018-10-01,-1.080541400897745,-0.9377069780859274
2018-10-02,-0.9998193533722214,-0.9985325764033789
2018-10-03,-0.9998193533722214,-0.9985325764394609
2018-10-04,-0.9998193533722214,-0.9985325764394609
2018-10-05,-0.9998193533722214,-0.9985325764394609
2018-10-08,-0.9998193533722214,-0.9985325764394609
2018-10-09,-0.9998193533722214,-0.9985325764394609
2018-10-10,-0.9998193533722214,-0.9985325764394609
2018-10-11,-0.9998193533722214,-0.9985325764394609
2018-10-12,-0.9998193533722214,-0.9985325764394609
2018-10-15,-0.9998193533722214,-0.9985325764394609
2018-10-16,-0.9998193533722214,-0.9985325764394609
2018-10-17,-0.9998193533722214,-0.9985325764394609
2018-10-18,-0.9998193533722214,-0.9985325764394609
2018-10-19,-0.9998193533722214,-0.9985325764394609
2018-10-22,-0.9998193533722214,-0.9985325764394609
2018-10-23,-0.9998193533722214,-0.9985325764394609
2018-10-24,-0.9998193533722214,-0.9985325764394609
2018-10-25,-0.9998193533722214,-0.9985325764394609
2018-10-26,-0.9998193533722214,-0.9985325764394609
2018-10-29,-0.9998193533722214,-0.9985325764394609
2018-10-30,-0.9998193533722214,-0.9985325764394609
2018-10-31,-1.1512128545668527,-0.8528887795076109
2018-11-01,-0.9998637330321256,-0.9979902540069169
2018-11-02,-0.9998637330321256,-0.9979902541063222
2018-11-05,-0.9998637330321256,-0.9979902541063222
2018-11-06,-0.9998637330321256,-0.9979902541063222
2018-11-07,-0.9998637330321256,-0.9979902541063222
2018-11-08,-0.9998637330321256,-0.9979902541063222
2018-11-09,-0.9998637330321256,-0.9979902541063222
2018-11-12,-0.9998637330321256,-0.9979902541063222
2018-11-13,-0.9998637330321256,-0.9979902541063222
2018-11-14,-0.9998637330321256,-0.9979902541063222
2018-11-15,-0.9998637330321256,-0.9979902541063222
2018-11-16,-0.9998637330321256,-0.9979902541063222
2018-11-19,-0.9998637330321256,-0.9979902541063222
2018-11-20,-0.9998637330321256,-0.9979902541063222
2018-11-21,-0.9998637330321256,-0.9979902541063222
2018-11-22,-0.9998637330321256,-0.9979902541063222
2018-11-23,-0.9998637330321256,-0.9979902541063222
2018-11-26,-0.9998637330321256,-0.9979902541063222
2018-11-27,-0.9998637330321256,-0.9979902541063222
2018-11-28,-0.9998637330321256,-0.9979902541063222
2018-11-29,-0.9998637330321256,-0.9979902541063222
2018-11-30,-0.899816906273606,-0.8511400426303709
2018-12-03,-0.9998317546417573,-0.9972400472977695
2018-12-04,-0.9998317546417573,-0.9972400473980597
2018-12-05,-0.9998317546417573,-0.9972400473980597
2018-12-06,-0.9998317546417573,-0.9972400473980597
2018-12-07,-0.9998317546417573,-0.9972400473980597
2018-12-10,-0.9998317546417573,-0.9972400473980597
2018-12-11,-0.9998317546417573,-0.9972400473980597
2018-12-12,-0.9998317546417573,-0.9972400473980597
2018-12-13,-0.9998317546417573,-0.9972400473980597
2018-12-14,-0.9998317546417573,-0.9972400473980597
2018-12-17,-0.9998317546417573,-0.9972400473980597
2018-12-18,-0.9998317546417573,-0.9972400473980597
2018-12-19,-0.9998317546417573,-0.9972400473980597
2018-12-20,-0.9998317546417573,-0.9972400473980597
2018-12-21,-0.9998317546417573,-0.9972400473980597
2018-12-24,-0.9998317546417573,-0.9972400473980597
2018-12-25,-0.9998317546417573,-0.9972400473980597
2018-12-26,-0.9998317546417573,-0.9972400473980597
2018-12-27,-0.9998317546417573,-0.9972400473980597
2018-12-28,-0.9998317546417573,-0.9972400473980597
2018-12-31,-0.8939333200371533,-1.329031961967113
2019-01-01,-0.9997895450286082,-0.9984432604221704
2019-01-02,-0.9997895450286082,-0.9984432603048309
2019-01-03,-0.9997895450286082,-0.9984432603048309
2019-01-04,-0.9997895450286082,-0.9984432603048309
2019-01-07,-0.9997895450286082,-0.9984432603048309
2019-01-08,-0.9997895450286082,-0.9984432603048309
2019-01-09,-0.9997895450286082,-0.9984432603048309
2019-01-10,-0.9997895450286082,-0.9984432603048309
2019-01-11,-0.9997895450286082,-0.9984432603048309
2019-01-14,-0.9997895450286082,-0.9984432603048309
2019-01-15,-0.9997895450286082,-0.9984432603048309
2019-01-16,-0.9997895450286082,-0.9984432603048309
2019-01-17,-0.9997895450286082,-0.9984432603048309
2019-01-18,-0.9997895450286082,-0.9984432603048309
2019-01-21,-0.9997895450286082,-0.9984432603048309
2019-01-22,-0.9997895450286082,-0.9984432603048309
2019-01-23,-0.9997895450286082,-0.9984432603048309
2019-01-24,-0.9997895450286082,-0.9984432603048309
2019-01-25,-0.9997895450286082,-0.9984432603048309
2019-01-28,-0.9997895450286082,-0.9984432603048309
2019-01-29,-0.9997895450286082,-0.9984432603048309
2019-01-30,-0.9997895450286082,-0.9984432603048309
2019-01-31,-0.9546588986942068,-1.2514202550509257
2019-02-01,-0.9997691836053175,-0.9990081980608632
2019-02-04,-0.9997691836053175,-0.9990081979631042
2019-02-05,-0.9997691836053175,-0.9990081979631042
2019-02-06,-0.9997691836053175,-0.9990081979631042
2019-02-07,-0.9997691836053175,-0.9990081979631042
2019-02-08,-0.9997691836053175,-0.9990081979631042
2019-02-11,-0.9997691836053175,-0.9990081979631042
2019-02-12,-0.9997691836053175,-0.9990081979631042
2019-02-13,-0.9997691836053175,-0.9990081979631042
2019-02-14,-0.9997691836053175,-0.9990081979631042
2019-02-15,-0.9997691836053175,-0.9990081979631042
2019-02-18,-0.9997691836053175,-0.9990081979631042
2019-02-19,-0.9997691836053175,-0.9990081979631042
2019-02-20,-0.9997691836053175,-0.9990081979631042
2019-02-21,-0.9997691836053175,-0.9990081979631042
2019-02-22,-0.9997691836053175,-0.9990081979631042
2019-02-25,-0.9997691836053175,-0.9990081979631042
2019-02-26,-0.9997691836053175,-0.9990081979631042
2019-02-27,-0.9997691836053175,-0.9990081979631042
2019-02-28,-1.0462930022564496,-0.9151201874417679
2019-03-01,-0.9997892475762716,-0.9988183658783568
2019-03-04,-0.9997892475762716,-0.9988183659299025
2019-03-05,-0.9997892475762716,-0.9988183659299025
2019-03-06,-0.9997892475762716,-0.9988183659299025
2019-03-07,-0.9997892475762716,-0.9988183659299025
2019-03-08,-0.9997892475762716,-0.9988183659299025
2019-03-11,-0.9997892475762716,-0.9988183659299025
2019-03-12,-0.9997892475762716,-0.9988183659299025
2019-03-13,-0.9997892475762716,-0.9988183659299025
2019-03-14,-0.9997892475762716,-0.9988183659299025
2019-03-15,-0.9997892475762716,-0.9988183659299025
2019-03-18,-0.9997892475762716,-0.9988183659299025
2019-03-19,-0.9997892475762716,-0.9988183659299025
2019-03-20,-0.9997892475762716,-0.9988183659299025
2019-03-21,-0.9997892475762716,-0.9988183659299025
2019-03-22,-0.9997892475762716,-0.9988183659299025
2019-03-25,-0.9997892475762716,-0.9988183659299025
2019-03-26,-0.9997892475762716,-0.9988183659299025
2019-03-27,-0.9997892475762716,-0.9988183659299025
2019-03-28,-0.9997892475762716,-0.9988183659299025
2019-03-29,-0.9997892475762716,-0.9988183659299025
2019-04-01,-1.0200154646651645,-0.9262421333462691
2019-04-02,-0.9997975203509548,-0.9986263322412198
2019-04-03,-0.9997975203509548,-0.9986263322849738
2019-04-04,-0.9997975203509548,-0.9986263322849738
2019-04-05,-0.9997975203509548,-0.9986263322849738
2019-04-08,-0.9997975203509548,-0.9986263322849738
2019-04-09,-0.9997975203509548,-0.9986263322849738
2019-04-10,-0.9997975203509548,-0.9986263322849738
2019-04-11,-0.9997975203509548,-0.9986263322849738
2019-04-12,-0.9997975203509548,-0.9986263322849738
2019-04-15,-0.9997975203509548,-0.9986263322849738
2019-04-16,-0.9997975203509548,-0.9986263322849738
2019-04-17,-0.9997975203509548,-0.9986263322849738
2019-04-18,-0.9997975203509548,-0.9986263322849738
2019-04-19,-0.9997975203509548,-0.9986263322849738
2019-04-22,-0.9997975203509548,-0.9986263322849738
2019-04-23,-0.9997975203509548,-0.9986263322849738
2019-04-24,-0.9997975203509548,-0.9986263322849738
2019-04-25,-0.9997975203509548,-0.9986263322849738
2019-04-26,-0.9997975203509548,-0.9986263322849738
2019-04-29,-0.9997975203509548,-0.9986263322849738
2019-04-30,-1.037921065585319,-0.9576459887866062
2019-05-01,-0.9998121174921764,-0.9985065195057884
2019-05-02,-0.9998121174921764,-0.9985065195292666
2019-05-03,-0.9998121174921764,-0.9985065195292666
2019-05-06,-0.9998121174921764,-0.9985065195292666
2019-05-07,-0.9998121174921764,-0.9985065195292666
2019-05-08,-0.9998121174921764,-0.9985065195292666
2019-05-09,-0.9998121174921764,-0.9985065195292666
2019-05-10,-0.9998121174921764,-0.9985065195292666
2019-05-13,-0.9998121174921764,-0.9985065195292666
2019-05-14,-0.9998121174921764,-0.9985065195292666
2019-05-15,-0.9998121174921764,-0.9985065195292666
2019-05-16,-0.9998121174921764,-0.9985065195292666
2019-05-17,-0.9998121174921764,-0.9985065195292666
2019-05-20,-0.9998121174921764,-0.9985065195292666
2019-05-21,-0.9998121174921764,-0.9985065195292666
2019-05-22,-0.9998121174921764,-0.9985065195292666
2019-05-23,-0.9998121174921764,-0.9985065195292666
2019-05-24,-0.9998121174921764,-0.9985065195292666
2019-05-27,-0.9998121174921764,-0.9985065195292666
2019-05-28,-0.9998121174921764,-0.9985065195292666
2019-05-29,-0.9998121174921764,-0.9985065195292666
2019-05-30,-0.9998121174921764,-0.9985065195292666
2019-05-31,-1.0281545952080062,-0.8794606073231237
2019-06-03,-0.9998223304700957,-0.9980760772842364
2019-06-04,-0.9998223304700957,-0.9980760773617681
2019-06-05,-0.9998223304700957,-0.9980760773617681
2019-06-06,-0.9998223304700957,-0.9980760773617681
2019-06-07,-0.9998223304700957,-0.9980760773617681
2019-06-10,-0.9998223304700957,-0.9980760773617681
2019-06-11,-0.9998223304700957,-0.9980760773617681
2019-06-12,-0.9998223304700957,-0.9980760773617681
2019-06-13,-0.9998223304700957,-0.9980760773617681
2019-06-14,-0.9998223304700957,-0.9980760773617681
2019-06-17,-0.9998223304700957,-0.9980760773617681
2019-06-18,-0.9998223304700957,-0.9980760773617681
2019-06-19,-0.9998223304700957,-0.9980760773617681
2019-06-20,-0.9998223304700957,-0.9980760773617681
2019-06-21,-0.9998223304700957,-0.9980760773617681
2019-06-24,-0.9998223304700957,-0.9980760773617681
2019-06-25,-0.9998223304700957,-0.9980760773617681
2019-06-26,-0.9998223304700957,-0.9980760773617681
2019-06-27,-0.9998223304700957,-0.9980760773617681
2019-06-28,-0.9998223304700957,-0.9980760773617681
2019-07-01,-0.8910319071187175,-1.1294207954400404
2019-07-02,-0.9997763122915341,-0.9984965887014317
2019-07-03,-0.9997763122915341,-0.9984965886425976
2019-07-04,-0.9997763122915341,-0.9984965886425976
2019-07-05,-0.9997763122915341,-0.9984965886425976
2019-07-08,-0.9997763122915341,-0.9984965886425976
2019-07-09,-0.9997763122915341,-0.9984965886425976
2019-07-10,-0.9997763122915341,-0.9984965886425976
2019-07-11,-0.9997763122915341,-0.9984965886425976
2019-07-12,-0.9997763122915341,-0.9984965886425976
2019-07-15,-0.9997763122915341,-0.9984965886425976
2019-07-16,-0.9997763122915341,-0.9984965886425976
2019-07-17,-0.9997763122915341,-0.9984965886425976
2019-07-18,-0.9997763122915341,-0.9984965886425976
2019-07-19,-0.9997763122915341,-0.9984965886425976
2019-07-22,-0.9997763122915341,-0.9984965886425976
2019-07-23,-0.9997763122915341,-0.9984965886425976
2019-07-24,-0.9997763122915341,-0.9984965886425976
2019-07-25,-0.9997763122915341,-0.9984965886425976
2019-07-26,-0.9997763122915341,-0.9984965886425976
2019-07-29,-0.9997763122915341,-0.9984965886425976
2019-07-30,-0.9997763122915341,-0.9984965886425976
2019-07-31,-1.190440965474724,-0.9305565136280043
2019-08-01,-0.9998422116196192,-0.9982696363855288
2019-08-02,-0.9998422116196192,-0.9982696364261494
2019-08-05,-0.9998422116196192,-0.9982696364261494
2019-08-06,-0.9998422116196192,-0.9982696364261494
2019-08-07,-0.9998422116196192,-0.9982696364261494
2019-08-08,-0.9998422116196192,-0.9982696364261494
2019-08-09,-0.9998422116196192,-0.9982696364261494
2019-08-12,-0.9998422116196192,-0.9982696364261494
2019-08-13,-0.9998422116196192,-0.9982696364261494
2019-08-14,-0.9998422116196192,-0.9982696364261494
2019-08-15,-0.9998422116196192,-0.9982696364261494
2019-08-16,-0.9998422116196192,-0.9982696364261494
2019-08-19,-0.9998422116196192,-0.9982696364261494
2019-08-20,-0.9998422116196192,-0.9982696364261494
2019-08-21,-0.9998422116196192,-0.9982696364261494
2019-08-22,-0.9998422116196192,-0.9982696364261494
2019-08-23,-0.9998422116196192,-0.9982696364261494
2019-08-26,-0.9998422116196192,-0.9982696364261494
2019-08-27,-0.9998422116196192,-0.9982696364261494
2019-08-28,-0.9998422116196192,-0.9982696364261494
2019-08-29,-0.9998422116196192,-0.9982696364261494
2019-08-30,-0.9998422116196192,-0.9982696364261494
2019-09-02,-1.057315308255244,-0.7159166577420276
2019-09-03,-0.9998588958507204,-0.9966438149234144
2019-09-04,-0.9998588958507204,-0.9966438151756251
2019-09-05,-0.9998588958507204,-0.9966438151756251
2019-09-06,-0.9998588958507204,-0.9966438151756251
2019-09-09,-0.9998588958507204,-0.9966438151756251
2019-09-10,-0.9998588958507204,-0.9966438151756251
2019-09-11,-0.9998588958507204,-0.9966438151756251
2019-09-12,-0.9998588958507204,-0.9966438151756251
2019-09-13,-0.9998588958507204,-0.9966438151756251
2019-09-16,-0.9998588958507204,-0.9966438151756251
2019-09-17,-0.9998588958507204,-0.9966438151756251
2019-09-18,-0.9998588958507204,-0.9966438151756251
2019-09-19,-0.9998588958507204,-0.9966438151756251
2019-09-20,-0.9998588958507204,-0.9966438151756251
2019-09-23,-0.9998588958507204,-0.9966438151756251
2019-09-24,-0.9998588958507204,-0.9966438151756251
2019-09-25,-0.9998588958507204,-0.9966438151756251
2019-09-26,-0.9998588958507204,-0.9966438151756251
2019-09-27,-0.9998588958507204,-0.9966438151756251
2019-09-30,-1.005113782377767,-0.8360338465255325
2019-10-01,-0.9998603671132067,-0.9952405189960508
2019-10-02,-0.9998603671132067,-0.9952405191080494
2019-10-03,-0.9998603671132067,-0.9952405191080494
2019-10-04,-0.9998603671132067,-0.9952405191080494
2019-10-07,-0.9998603671132067,-0.9952405191080494
2019-10-08,-0.9998603671132067,-0.9952405191080494
2019-10-09,-0.9998603671132067,-0.9952405191080494
2019-10-10,-0.9998603671132067,-0.9952405191080494
2019-10-11,-0.9998603671132067,-0.9952405191080494
2019-10-14,-0.9998603671132067,-0.9952405191080494
2019-10-15,-0.9998603671132067,-0.9952405191080494
2019-10-16,-0.9998603671132067,-0.9952405191080494
2019-10-17,-0.9998603671132067,-0.9952405191080494
2019-10-18,-0.9998603671132067,-0.9952405191080494
2019-10-21,-0.9998603671132067,-0.9952405191080494
2019-10-22,-0.9998603671132067,-0.9952405191080494
2019-10-23,-0.9998603671132067,-0.9952405191080494
2019-10-24,-0.9998603671132067,-0.9952405191080494
2019-10-25,-0.9998603671132067,-0.9952405191080494
2019-10-28,-0.9998603671132067,-0.9952405191080494
2019-10-29,-0.9998603671132067,-0.9952405191080494
2019-10-30,-0.9998603671132067,-0.9952405191080494
2019-10-31,-0.8463481948595413,-1.2816327952244504
2019-11-01,-0.9998051356948768,-0.997121809852712
2019-11-04,-0.9998051356948768,-0.9971218097465335
2019-11-05,-0.9998051356948768,-0.9971218097465335
2019-11-06,-0.9998051356948768,-0.9971218097465335
2019-11-07,-0.9998051356948768,-0.9971218097465335
2019-11-08,-0.9998051356948768,-0.9971218097465335
2019-11-11,-0.9998051356948768,-0.9971218097465335
2019-11-12,-0.9998051356948768,-0.9971218097465335
2019-11-13,-0.9998051356948768,-0.9971218097465335
2019-11-14,-0.9998051356948768,-0.9971218097465335
2019-11-15,-0.9998051356948768,-0.9971218097465335
2019-11-18,-0.9998051356948768,-0.9971218097465335
2019-11-19,-0.9998051356948768,-0.9971218097465335
2019-11-20,-0.9998051356948768,-0.9971218097465335
2019-11-21,-0.9998051356948768,-0.9971218097465335
2019-11-22,-0.9998051356948768,-0.9971218097465335
2019-11-25,-0.9998051356948768,-0.9971218097465335
2019-11-26,-0.9998051356948768,-0.9971218097465335
2019-11-27,-0.9998051356948768,-0.9971218097465335
2019-11-28,-0.9998051356948768,-0.9971218097465335
2019-11-29,-0.9998051356948768,-0.9971218097465335
2019-12-02,-1.0895507788045284,-0.928719056034197
2019-12-03,-0.999835907731439,-0.9966844067637709
2019-12-04,-0.999835907731439,-0.9966844068045667
2019-12-05,-0.999835907731439,-0.9966844068045667
2019-12-06,-0.999835907731439,-0.9966844068045667
2019-12-09,-0.999835907731439,-0.9966844068045667
2019-12-10,-0.999835907731439,-0.9966844068045667
2019-12-11,-0.999835907731439,-0.9966844068045667
2019-12-12,-0.999835907731439,-0.9966844068045667
2019-12-13,-0.999835907731439,-0.9966844068045667
2019-12-16,-0.999835907731439,-0.9966844068045667
2019-12-17,-0.999835907731439,-0.9966844068045667
2019-12-18,-0.999835907731439,-0.9966844068045667
2019-12-19,-0.999835907731439,-0.9966844068045667
2019-12-20,-0.999835907731439,-0.9966844068045667
2019-12-23,-0.999835907731439,-0.9966844068045667
2019-12-24,-0.999835907731439,-0.9966844068045667
2019-12-25,-0.999835907731439,-0.9966844068045667
2019-12-26,-0.999835907731439,-0.9966844068045667
2019-12-27,-0.999835907731439,-0.9966844068045667
2019-12-30,-0.999835907731439,-0.9966844068045667
2019-12-31,-0.8623150105858525,-1.1869957259427755
2020-01-01,-0.9997794145430545,-0.9976589257539739
2020-01-02,-0.9997794145430545,-0.997658925674957
2020-01-03,-0.9997794145430545,-0.997658925674957
2020-01-06,-0.9997794145430545,-0.997658925674957
2020-01-07,-0.9997794145430545,-0.997658925674957
2020-01-08,-0.9997794145430545,-0.997658925674957
2020-01-09,-0.9997794145430545,-0.997658925674957
2020-01-10,-0.9997794145430545,-0.997658925674957
2020-01-13,-0.9997794145430545,-0.997658925674957
2020-01-14,-0.9997794145430545,-0.997658925674957
2020-01-15,-0.9997794145430545,-0.997658925674957
2020-01-16,-0.9997794145430545,-0.997658925674957
2020-01-17,-0.9997794145430545,-0.997658925674957
2020-01-20,-0.9997794145430545,-0.997658925674957
2020-01-21,-0.9997794145430545,-0.997658925674957
2020-01-22,-0.9997794145430545,-0.997658925674957
2020-01-23,-0.9997794145430545,-0.997658925674957
2020-01-24,-0.9997794145430545,-0.997658925674957
2020-01-27,-0.9997794145430545,-0.997658925674957
2020-01-28,-0.9997794145430545,-0.997658925674957
2020-01-29,-0.9997794145430545,-0.997658925674957
2020-01-30,-0.9997794145430545,-0.997658925674957
2020-01-31,-1.060726769782696,-1.0322920222208694
2020-02-03,-0.9998040279045441,-0.9978128690200955
2020-02-04,-0.9998040279045441,-0.9978128690024133
2020-02-05,-0.9998040279045441,-0.9978128690024133
2020-02-06,-0.9998040279045441,-0.9978128690024133
2020-02-07,-0.9998040279045441,-0.9978128690024133
2020-02-10,-0.9998040279045441,-0.9978128690024133
2020-02-11,-0.9998040279045441,-0.9978128690024133
2020-02-12,-0.9998040279045441,-0.9978128690024133
2020-02-13,-0.9998040279045441,-0.9978128690024133
2020-02-14,-0.9998040279045441,-0.9978128690024133
2020-02-17,-0.9998040279045441,-0.9978128690024133
2020-02-18,-0.9998040279045441,-0.9978128690024133
2020-02-19,-0.9998040279045441,-0.9978128690024133
2020-02-20,-0.9998040279045441,-0.9978128690024133
2020-02-21,-0.9998040279045441,-0.9978128690024133
2020-02-24,-0.9998040279045441,-0.9978128690024133
2020-02-25,-0.9998040279045441,-0.9978128690024133
2020-02-26,-0.9998040279045441,-0.9978128690024133
2020-02-27,-0.9998040279045441,-0.9978128690024133
2020-02-28,-0.9998040279045441,-0.9978128690024133
2020-03-02,-1.129520184828088,-0.9590694067230715
2020-03-03,-0.9998464451118785,-0.9976332325309852
2020-03-04,-0.9998464451118785,-0.997633232553065
2020-03-05,-0.9998464451118785,-0.997633232553065
2020-03-06,-0.9998464451118785,-0.997633232553065
2020-03-09,-0.9998464451118785,-0.997633232553065
2020-03-10,-0.9998464451118785,-0.997633232553065
2020-03-11,-0.9998464451118785,-0.997633232553065
2020-03-12,-0.9998464451118785,-0.997633232553065
2020-03-13,-0.9998464451118785,-0.997633232553065
2020-03-16,-0.9998464451118785,-0.997633232553065
2020-03-17,-0.9998464451118785,-0.997633232553065
2020-03-18,-0.9998464451118785,-0.997633232553065
2020-03-19,-0.9998464451118785,-0.997633232553065
2020-03-20,-0.9998464451118785,-0.997633232553065
2020-03-23,-0.9998464451118785,-0.997633232553065
2020-03-24,-0.9998464451118785,-0.997633232553065
2020-03-25,-0.9998464451118785,-0.997633232553065
2020-03-26,-0.9998464451118785,-0.997633232553065
2020-03-27,-0.9998464451118785,-0.997633232553065
2020-03-30,-0.9998464451118785,-0.997633232553065
2020-03-31,-1.1235389482545421,-1.0361294195600401
2020-04-01,-0.9998783884544566,-0.9978052666748544
2020-04-02,-0.9998783884544566,-0.997805266655309
2020-04-03,-0.9998783884544566,-0.997805266655309
2020-04-06,-0.9998783884544566,-0.997805266655309
2020-04-07,-0.9998783884544566,-0.997805266655309
2020-04-08,-0.9998783884544566,-0.997805266655309
2020-04-09,-0.9998783884544566,-0.997805266655309
2020-04-10,-0.9998783884544566,-0.997805266655309
2020-04-13,-0.9998783884544566,-0.997805266655309
2020-04-14,-0.9998783884544566,-0.997805266655309
2020-04-15,-0.9998783884544566,-0.997805266655309
2020-04-16,-0.9998783884544566,-0.997805266655309
2020-04-17,-0.9998783884544566,-0.997805266655309
2020-04-20,-0.9998783884544566,-0.997805266655309
2020-04-21,-0.9998783884544566,-0.997805266655309
2020-04-22,-0.9998783884544566,-0.997805266655309
2020-04-23,-0.9998783884544566,-0.997805266655309
2020-04-24,-0.9998783884544566,-0.997805266655309
2020-04-27,-0.9998783884544566,-0.997805266655309
2020-04-28,-0.9998783884544566,-0.997805266655309
2020-04-29,-0.9998783884544566,-0.997805266655309
2020-04-30,-0.9736489116847605,-0.9746366902864605
2020-05-01,-0.9998717492008885,-0.9977000462120895
2020-05-04,-0.9998717492008885,-0.9977000462249789
2020-05-05,-0.9998717492008885,-0.9977000462249789
2020-05-06,-0.9998717492008885,-0.9977000462249789
2020-05-07,-0.9998717492008885,-0.9977000462249789
2020-05-08,-0.9998717492008885,-0.9977000462249789
2020-05-11,-0.9998717492008885,-0.9977000462249789
2020-05-12,-0.9998717492008885,-0.9977000462249789
2020-05-13,-0.9998717492008885,-0.9977000462249789
2020-05-14,-0.9998717492008885,-0.9977000462249789
2020-05-15,-0.9998717492008885,-0.9977000462249789
2020-05-18,-0.9998717492008885,-0.9977000462249789
2020-05-19,-0.9998717492008885,-0.9977000462249789
2020-05-20,-0.9998717492008885,-0.9977000462249789
2020-05-21,-0.9998717492008885,-0.9977000462249789
2020-05-22,-0.9998717492008885,-0.9977000462249789
2020-05-25,-0.9998717492008885,-0.9977000462249789
2020-05-26,-0.9998717492008885,-0.9977000462249789
2020-05-27,-0.9998717492008885,-0.9977000462249789
2020-05-28,-0.9998717492008885,-0.9977000462249789
2020-05-29,-0.9998717492008885,-0.9977000462249789
2020-06-01,-1.0383324315249411,-0.9956041865703077
2020-06-02,-0.9998810726034513,-0.9976903862616116
2020-06-03,-0.9998810726034513,-0.9976903862627406
2020-06-04,-0.9998810726034513,-0.9976903862627406
2020-06-05,-0.9998810726034513,-0.9976903862627406
2020-06-08,-0.9998810726034513,-0.9976903862627406
2020-06-09,-0.9998810726034513,-0.9976903862627406
2020-06-10,-0.9998810726034513,-0.9976903862627406
2020-06-11,-0.9998810726034513,-0.9976903862627406
2020-06-12,-0.9998810726034513,-0.9976903862627406
2020-06-15,-0.9998810726034513,-0.9976903862627406
2020-06-16,-0.9998810726034513,-0.9976903862627406
2020-06-17,-0.9998810726034513,-0.9976903862627406
2020-06-18,-0.9998810726034513,-0.9976903862627406
2020-06-19,-0.9998810726034513,-0.9976903862627406
2020-06-22,-0.9998810726034513,-0.9976903862627406
2020-06-23,-0.9998810726034513,-0.9976903862627406
2020-06-24,-0.9998810726034513,-0.9976903862627406
2020-06-25,-0.9998810726034513,-0.9976903862627406
2020-06-26,-0.9998810726034513,-0.9976903862627406
2020-06-29,-0.9998810726034513,-0.9976903862627406
2020-06-30,-0.967941164373213,-1.1577883191023564
2020-07-01,-0.9998730959477845,-0.9982834366606591
2020-07-02,-0.9998730959477845,-0.9982834365915634
2020-07-03,-0.9998730959477845,-0.9982834365915634
2020-07-06,-0.9998730959477845,-0.9982834365915634
2020-07-07,-0.9998730959477845,-0.9982834365915634
2020-07-08,-0.9998730959477845,-0.9982834365915634
2020-07-09,-0.9998730959477845,-0.9982834365915634
2020-07-10,-0.9998730959477845,-0.9982834365915634
2020-07-13,-0.9998730959477845,-0.9982834365915634
2020-07-14,-0.9998730959477845,-0.9982834365915634
2020-07-15,-0.9998730959477845,-0.9982834365915634
2020-07-16,-0.9998730959477845,-0.9982834365915634
2020-07-17,-0.9998730959477845,-0.9982834365915634
2020-07-20,-0.9998730959477845,-0.9982834365915634
2020-07-21,-0.9998730959477845,-0.9982834365915634
2020-07-22,-0.9998730959477845,-0.9982834365915634
2020-07-23,-0.9998730959477845,-0.9982834365915634
2020-07-24,-0.9998730959477845,-0.9982834365915634
2020-07-27,-0.9998730959477845,-0.9982834365915634
2020-07-28,-0.9998730959477845,-0.9982834365915634
2020-07-29,-0.9998730959477845,-0.9982834365915634
2020-07-30,-0.9998730959477845,-0.9982834365915634
2020-07-31,-0.699756531670726,-1.270051778319408
2020-08-03,-0.9997409490268122,-0.9989384216144566
2020-08-04,-0.9997409490268122,-0.9989384215116792
2020-08-05,-0.9997409490268122,-0.9989384215116792
2020-08-06,-0.9997409490268122,-0.9989384215116792
2020-08-07,-0.9997409490268122,-0.9989384215116792
2020-08-10,-0.9997409490268122,-0.9989384215116792
2020-08-11,-0.9997409490268122,-0.9989384215116792
2020-08-12,-0.9997409490268122,-0.9989384215116792
2020-08-13,-0.9997409490268122,-0.9989384215116792
2020-08-14,-0.9997409490268122,-0.9989384215116792
2020-08-17,-0.9997409490268122,-0.9989384215116792
2020-08-18,-0.9997409490268122,-0.9989384215116792
2020-08-19,-0.9997409490268122,-0.9989384215116792
2020-08-20,-0.9997409490268122,-0.9989384215116792
2020-08-21,-0.9997409490268122,-0.9989384215116792
2020-08-24,-0.9997409490268122,-0.9989384215116792
2020-08-25,-0.9997409490268122,-0.9989384215116792
2020-08-26,-0.9997409490268122,-0.9989384215116792
2020-08-27,-0.9997409490268122,-0.9989384215116792
2020-08-28,-0.9997409490268122,-0.9989384215116792
2020-08-31,-0.8518350345946886,-1.1069619677176248
2020-09-01,-0.9996432323114046,-0.9991352461856416
2020-09-02,-0.9996432323114046,-0.9991352461356863
2020-09-03,-0.9996432323114046,-0.9991352461356863
2020-09-04,-0.9996432323114046,-0.9991352461356863
2020-09-07,-0.9996432323114046,-0.9991352461356863
2020-09-08,-0.9996432323114046,-0.9991352461356863
2020-09-09,-0.9996432323114046,-0.9991352461356863
2020-09-10,-0.9996432323114046,-0.9991352461356863
2020-09-11,-0.9996432323114046,-0.9991352461356863
2020-09-14,-0.9996432323114046,-0.9991352461356863
2020-09-15,-0.9996432323114046,-0.9991352461356863
2020-09-16,-0.9996432323114046,-0.9991352461356863
2020-09-17,-0.9996432323114046,-0.9991352461356863
2020-09-18,-0.9996432323114046,-0.9991352461356863
2020-09-21,-0.9996432323114046,-0.9991352461356863
2020-09-22,-0.9996432323114046,-0.9991352461356863
2020-09-23,-0.9996432323114046,-0.9991352461356863
2020-09-24,-0.9996432323114046,-0.9991352461356863
2020-09-25,-0.9996432323114046,-0.9991352461356863
2020-09-28,-0.9996432323114046,-0.9991352461356863
2020-09-29,-0.9996432323114046,-0.9991352461356863
2020-09-30,-1.219651973372152,-1.052491563469441
2020-10-01,-0.9997602933876181,-0.9992206016741338
2020-10-02,-0.9997602933876181,-0.999220601647536
2020-10-05,-0.9997602933876181,-0.999220601647536
2020-10-06,-0.9997602933876181,-0.999220601647536
2020-10-07,-0.9997602933876181,-0.999220601647536
2020-10-08,-0.9997602933876181,-0.999220601647536
2020-10-09,-0.9997602933876181,-0.999220601647536
2020-10-12,-0.9997602933876181,-0.999220601647536
2020-10-13,-0.9997602933876181,-0.999220601647536
2020-10-14,-0.9997602933876181,-0.999220601647536
2020-10-15,-0.9997602933876181,-0.999220601647536
2020-10-16,-0.9997602933876181,-0.999220601647536
2020-10-19,-0.9997602933876181,-0.999220601647536
2020-10-20,-0.9997602933876181,-0.999220601647536
2020-10-21,-0.9997602933876181,-0.999220601647536
2020-10-22,-0.9997602933876181,-0.999220601647536
2020-10-23,-0.9997602933876181,-0.999220601647536
2020-10-26,-0.9997602933876181,-0.999220601647536
2020-10-27,-0.9997602933876181,-0.999220601647536
2020-10-28,-0.9997602933876181,-0.999220601647536
2020-10-29,-0.9997602933876181,-0.999220601647536
2020-10-30,-0.9997602933876181,-0.999220601647536
2020-11-02,-1.0369705610346454,-1.1122249519740612
2020-11-03,-0.9997771821735292,-0.9993707910909517
2020-11-04,-0.9997771821735292,-0.9993707910390136
2020-11-05,-0.9997771821735292,-0.9993707910390136
2020-11-06,-0.9997771821735292,-0.9993707910390136
2020-11-09,-0.9997771821735292,-0.9993707910390136
2020-11-10,-0.9997771821735292,-0.9993707910390136
2020-11-11,-0.9997771821735292,-0.9993707910390136
2020-11-12,-0.9997771821735292,-0.9993707910390136
2020-11-13,-0.9997771821735292,-0.9993707910390136
2020-11-16,-0.9997771821735292,-0.9993707910390136
2020-11-17,-0.9997771821735292,-0.9993707910390136
2020-11-18,-0.9997771821735292,-0.9993707910390136
2020-11-19,-0.9997771821735292,-0.9993707910390136
2020-11-20,-0.9997771821735292,-0.9993707910390136
2020-11-23,-0.9997771821735292,-0.9993707910390136
2020-11-24,-0.9997771821735292,-0.9993707910390136
2020-11-25,-0.9997771821735292,-0.9993707910390136
2020-11-26,-0.9997771821735292,-0.9993707910390136
2020-11-27,-0.9997771821735292,-0.9993707910390136
2020-11-30,-0.8091156957336157,-1.1233426717111554
2020-12-01,-0.9996598592470731,-0.9995019085137861
2020-12-02,-0.9996598592470731,-0.999501908457609
2020-12-03,-0.9996598592470731,-0.999501908457609
2020-12-04,-0.9996598592470731,-0.999501908457609
2020-12-07,-0.9996598592470731,-0.999501908457609
2020-12-08,-0.9996598592470731,-0.999501908457609
2020-12-09,-0.9996598592470731,-0.999501908457609
2020-12-10,-0.9996598592470731,-0.999501908457609
2020-12-11,-0.9996598592470731,-0.999501908457609
2020-12-14,-0.9996598592470731,-0.999501908457609
2020-12-15,-0.9996598592470731,-0.999501908457609
2020-12-16,-0.9996598592470731,-0.999501908457609
2020-12-17,-0.9996598592470731,-0.999501908457609
2020-12-18,-0.9996598592470731,-0.999501908457609
2020-12-21,-0.9996598592470731,-0.999501908457609
2020-12-22,-0.9996598592470731,-0.999501908457609
2020-12-23,-0.9996598592470731,-0.999501908457609
2020-12-24,-0.9996598592470731,-0.999501908457609
2020-12-25,-0.9996598592470731,-0.999501908457609
2020-12-28,-0.9996598592470731,-0.999501908457609
2020-12-29,-0.9996598592470731,-0.999501908457609
2020-12-30,-0.9996598592470731,-0.999501908457609
2020-12-31,-0.7395092994022201,-1.0699316126723675
2021-01-01,-0.9993787124610827,-0.999565283963559
2021-01-04,-0.9993787124610827,-0.9995652839292547
2021-01-05,-0.9993787124610827,-0.9995652839292547
2021-01-06,-0.9993787124610827,-0.9995652839292547
2021-01-07,-0.9993787124610827,-0.9995652839292547
2021-01-08,-0.9993787124610827,-0.9995652839292547
2021-01-11,-0.9993787124610827,-0.9995652839292547
2021-01-12,-0.9993787124610827,-0.9995652839292547
2021-01-13,-0.9993787124610827,-0.9995652839292547
2021-01-14,-0.9993787124610827,-0.9995652839292547
2021-01-15,-0.9993787124610827,-0.9995652839292547
2021-01-18,-0.9993787124610827,-0.9995652839292547
2021-01-19,-0.9993787124610827,-0.9995652839292547
2021-01-20,-0.9993787124610827,-0.9995652839292547
2021-01-21,-0.9993787124610827,-0.9995652839292547
2021-01-22,-0.9993787124610827,-0.9995652839292547
2021-01-25,-0.9993787124610827,-0.9995652839292547
2021-01-26,-0.9993787124610827,-0.9995652839292547
2021-01-27,-0.9993787124610827,-0.9995652839292547
2021-01-28,-0.9993787124610827,-0.9995652839292547
2021-01-29,-0.9993787124610827,-0.9995652839292547
2021-02-01,-1.078307846198854,-1.0239894985631328
2021-02-02,-0.9994662666059226,-0.9995857616022772
2021-02-03,-0.9994662666059226,-0.9995857615895766
2021-02-04,-0.9994662666059226,-0.9995857615895766
2021-02-05,-0.9994662666059226,-0.9995857615895766
2021-02-08,-0.9994662666059226,-0.9995857615895766
2021-02-09,-0.9994662666059226,-0.9995857615895766
2021-02-10,-0.9994662666059226,-0.9995857615895766
2021-02-11,-0.9994662666059226,-0.9995857615895766
2021-02-12,-0.9994662666059226,-0.9995857615895766
2021-02-15,-0.9994662666059226,-0.9995857615895766
2021-02-16,-0.9994662666059226,-0.9995857615895766
2021-02-17,-0.9994662666059226,-0.9995857615895766
2021-02-18,-0.9994662666059226,-0.9995857615895766
2021-02-19,-0.9994662666059226,-0.9995857615895766
2021-02-22,-0.9994662666059226,-0.9995857615895766
2021-02-23,-0.9994662666059226,-0.9995857615895766
2021-02-24,-0.9994662666059226,-0.9995857615895766
2021-02-25,-0.9994662666059226,-0.9995857615895766
2021-02-26,-0.9994662666059226,-0.9995857615895766
2021-03-01,-1.0643208501130783,-0.9374408975404713
2021-03-02,-0.9995292865637682,-0.9995290597942273
2021-03-03,-0.9995292865637682,-0.9995290598311299
2021-03-04,-0.9995292865637682,-0.9995290598311299
2021-03-05,-0.9995292865637682,-0.9995290598311299
2021-03-08,-0.9995292865637682,-0.9995290598311299
2021-03-09,-0.9995292865637682,-0.9995290598311299
2021-03-10,-0.9995292865637682,-0.9995290598311299
2021-03-11,-0.9995292865637682,-0.9995290598311299
2021-03-12,-0.9995292865637682,-0.9995290598311299
2021-03-15,-0.9995292865637682,-0.9995290598311299
2021-03-16,-0.9995292865637682,-0.9995290598311299
2021-03-17,-0.9995292865637682,-0.9995290598311299
2021-03-18,-0.9995292865637682,-0.9995290598311299
2021-03-19,-0.9995292865637682,-0.9995290598311299
2021-03-22,-0.9995292865637682,-0.9995290598311299
2021-03-23,-0.9995292865637682,-0.9995290598311299
2021-03-24,-0.9995292865637682,-0.9995290598311299
2021-03-25,-0.9995292865637682,-0.9995290598311299
2021-03-26,-0.9995292865637682,-0.9995290598311299
2021-03-29,-0.9995292865637682,-0.9995290598311299
2021-03-30,-0.9995292865637682,-0.9995290598311299
2021-03-31,-1.2794750208979342,-0.8166647267682473
2021-04-01,-0.9997126550784522,-0.9992947934349592
2021-04-02,-0.9997126550784522,-0.9992947935690205
2021-04-05,-0.9997126550784522,-0.9992947935690205
2021-04-06,-0.9997126550784522,-0.9992947935690205
2021-04-07,-0.9997126550784522,-0.9992947935690205
2021-04-08,-0.9997126550784522,-0.9992947935690205
2021-04-09,-0.9997126550784522,-0.9992947935690205
2021-04-12,-0.9997126550784522,-0.9992947935690205
2021-04-13,-0.9997126550784522,-0.9992947935690205
2021-04-14,-0.9997126550784522,-0.9992947935690205
2021-04-15,-0.9997126550784522,-0.9992947935690205
2021-04-16,-0.9997126550784522,-0.9992947935690205
2021-04-19,-0.9997126550784522,-0.9992947935690205
2021-04-20,-0.9997126550784522,-0.9992947935690205
2021-04-21,-0.9997126550784522,-0.9992947935690205
2021-04-22,-0.9997126550784522,-0.9992947935690205
2021-04-23,-0.9997126550784522,-0.9992947935690205
2021-04-26,-0.9997126550784522,-0.9992947935690205
2021-04-27,-0.9997126550784522,-0.9992947935690205
2021-04-28,-0.9997126550784522,-0.9992947935690205
2021-04-29,-0.9997126550784522,-0.9992947935690205
2021-04-30,-0.9051585621609669,-1.1731351947118058
2021-05-03,-0.9996495198440338,-0.999488160984921
2021-05-04,-0.9996495198440338,-0.9994881609110027
2021-05-05,-0.9996495198440338,-0.9994881609110027
2021-05-06,-0.9996495198440338,-0.9994881609110027
2021-05-07,-0.9996495198440338,-0.9994881609110027
2021-05-10,-0.9996495198440338,-0.9994881609110027
2021-05-11,-0.9996495198440338,-0.9994881609110027
2021-05-12,-0.9996495198440338,-0.9994881609110027
2021-05-13,-0.9996495198440338,-0.9994881609110027
2021-05-14,-0.9996495198440338,-0.9994881609110027
2021-05-17,-0.9996495198440338,-0.9994881609110027
2021-05-18,-0.9996495198440338,-0.9994881609110027
2021-05-19,-0.9996495198440338,-0.9994881609110027
2021-05-20,-0.9996495198440338,-0.9994881609110027
2021-05-21,-0.9996495198440338,-0.9994881609110027
2021-05-24,-0.9996495198440338,-0.9994881609110027
2021-05-25,-0.9996495198440338,-0.9994881609110027
2021-05-26,-0.9996495198440338,-0.9994881609110027
2021-05-27,-0.9996495198440338,-0.9994881609110027
2021-05-28,-0.9996495198440338,-0.9994881609110027
2021-05-31,-0.7987508468888551,-1.053774951062017
2021-06-01,-0.9994512089275445,-0.9995395033666629
2021-06-02,-0.9994512089275445,-0.9995395033396195
2021-06-03,-0.9994512089275445,-0.9995395033396195
2021-06-04,-0.9994512089275445,-0.9995395033396195
2021-06-07,-0.9994512089275445,-0.9995395033396195
2021-06-08,-0.9994512089275445,-0.9995395033396195
2021-06-09,-0.9994512089275445,-0.9995395033396195
2021-06-10,-0.9994512089275445,-0.9995395033396195
2021-06-11,-0.9994512089275445,-0.9995395033396195
2021-06-14,-0.9994512089275445,-0.9995395033396195
2021-06-15,-0.9994512089275445,-0.9995395033396195
2021-06-16,-0.9994512089275445,-0.9995395033396195
2021-06-17,-0.9994512089275445,-0.9995395033396195
2021-06-18,-0.9994512089275445,-0.9995395033396195
2021-06-21,-0.9994512089275445,-0.9995395033396195
2021-06-22,-0.9994512089275445,-0.9995395033396195
2021-06-23,-0.9994512089275445,-0.9995395033396195
2021-06-24,-0.9994512089275445,-0.9995395033396195
2021-06-25,-0.9994512089275445,-0.9995395033396195
2021-06-28,-0.9994512089275445,-0.9995395033396195
2021-06-29,-0.9994512089275445,-0.9995395033396195
2021-06-30,-1.4243313505793704,-0.9106866300665838
2021-07-01,-0.9997296728562262,-0.9994453396149996
2021-07-02,-0.9997296728562262,-0.9994453396701201
2021-07-05,-0.9997296728562262,-0.9994453396701201
2021-07-06,-0.9997296728562262,-0.9994453396701201
2021-07-07,-0.9997296728562262,-0.9994453396701201
2021-07-08,-0.9997296728562262,-0.9994453396701201
2021-07-09,-0.9997296728562262,-0.9994453396701201
2021-07-12,-0.9997296728562262,-0.9994453396701201
2021-07-13,-0.9997296728562262,-0.9994453396701201
2021-07-14,-0.9997296728562262,-0.9994453396701201
2021-07-15,-0.9997296728562262,-0.9994453396701201
2021-07-16,-0.9997296728562262,-0.9994453396701201
2021-07-19,-0.9997296728562262,-0.9994453396701201
2021-07-20,-0.9997296728562262,-0.9994453396701201
2021-07-21,-0.9997296728562262,-0.9994453396701201
2021-07-22,-0.9997296728562262,-0.9994453396701201
2021-07-23,-0.9997296728562262,-0.9994453396701201
2021-07-26,-0.9997296728562262,-0.9994453396701201
2021-07-27,-0.9997296728562262,-0.9994453396701201
2021-07-28,-0.9997296728562262,-0.9994453396701201
2021-07-29,-0.9997296728562262,-0.9994453396701201
2021-07-30,-0.9997296728562262,-0.9994453396701201
2021-08-02,-0.9321639988453202,-1.0108836234204754
2021-08-03,-0.9996890835371645,-0.9994578106242504
2021-08-04,-0.9996890835371645,-0.9994578106181896
2021-08-05,-0.9996890835371645,-0.9994578106181896
2021-08-06,-0.9996890835371645,-0.9994578106181896
2021-08-09,-0.9996890835371645,-0.9994578106181896
2021-08-10,-0.9996890835371645,-0.9994578106181896
2021-08-11,-0.9996890835371645,-0.9994578106181896
2021-08-12,-0.9996890835371645,-0.9994578106181896
2021-08-13,-0.9996890835371645,-0.9994578106181896
2021-08-16,-0.9996890835371645,-0.9994578106181896
2021-08-17,-0.9996890835371645,-0.9994578106181896
2021-08-18,-0.9996890835371645,-0.9994578106181896
2021-08-19,-0.9996890835371645,-0.9994578106181896
2021-08-20,-0.9996890835371645,-0.9994578106181896
2021-08-23,-0.9996890835371645,-0.9994578106181896
2021-08-24,-0.9996890835371645,-0.9994578106181896
2021-08-25,-0.9996890835371645,-0.9994578106181896
2021-08-26,-0.9996890835371645,-0.9994578106181896
2021-08-27,-0.9996890835371645,-0.9994578106181896
2021-08-30,-0.9996890835371645,-0.9994578106181896
2021-08-31,-1.0186105081286416,-0.9688442778970755
2021-09-01,-0.999700522107877,-0.9994230351895101
2021-09-02,-0.999700522107877,-0.9994230352067989
2021-09-03,-0.999700522107877,-0.9994230352067989
2021-09-06,-0.999700522107877,-0.9994230352067989
2021-09-07,-0.999700522107877,-0.9994230352067989
2021-09-08,-0.999700522107877,-0.9994230352067989
2021-09-09,-0.999700522107877,-0.9994230352067989
2021-09-10,-0.999700522107877,-0.9994230352067989
2021-09-13,-0.999700522107877,-0.9994230352067989
2021-09-14,-0.999700522107877,-0.9994230352067989
2021-09-15,-0.999700522107877,-0.9994230352067989
2021-09-16,-0.999700522107877,-0.9994230352067989
2021-09-17,-0.999700522107877,-0.9994230352067989
2021-09-20,-0.999700522107877,-0.9994230352067989
2021-09-21,-0.999700522107877,-0.9994230352067989
2021-09-22,-0.999700522107877,-0.9994230352067989
2021-09-23,-0.999700522107877,-0.9994230352067989
2021-09-24,-0.999700522107877,-0.9994230352067989
2021-09-27,-0.999700522107877,-0.9994230352067989
2021-09-28,-0.999700522107877,-0.9994230352067989
2021-09-29,-0.999700522107877,-0.9994230352067989
2021-09-30,-1.2338427999057717,-0.9881286269181055
2021-10-01,-0.9998033690119614,-0.9994097820342979
2021-10-04,-0.9998033690119614,-0.9994097820404896
2021-10-05,-0.9998033690119614,-0.9994097820404896
2021-10-06,-0.9998033690119614,-0.9994097820404896
2021-10-07,-0.9998033690119614,-0.9994097820404896
2021-10-08,-0.9998033690119614,-0.9994097820404896
2021-10-11,-0.9998033690119614,-0.9994097820404896
2021-10-12,-0.9998033690119614,-0.9994097820404896
2021-10-13,-0.9998033690119614,-0.9994097820404896
2021-10-14,-0.9998033690119614,-0.9994097820404896
2021-10-15,-0.9998033690119614,-0.9994097820404896
2021-10-18,-0.9998033690119614,-0.9994097820404896
2021-10-19,-0.9998033690119614,-0.9994097820404896
2021-10-20,-0.9998033690119614,-0.9994097820404896
2021-10-21,-0.9998033690119614,-0.9994097820404896
2021-10-22,-0.9998033690119614,-0.9994097820404896
2021-10-25,-0.9998033690119614,-0.9994097820404896
2021-10-26,-0.9998033690119614,-0.9994097820404896
2021-10-27,-0.9998033690119614,-0.9994097820404896
2021-10-28,-0.9998033690119614,-0.9994097820404896
2021-10-29,-0.9998033690119614,-0.9994097820404896
2021-11-01,-1.0461565048873604,-0.9855314101799962
2021-11-02,-0.9998204030600415,-0.9993930571866889
2021-11-03,-0.9998204030600415,-0.9993930571943269
2021-11-04,-0.9998204030600415,-0.9993930571943269
2021-11-05,-0.9998204030600415,-0.9993930571943269
2021-11-08,-0.9998204030600415,-0.9993930571943269
2021-11-09,-0.9998204030600415,-0.9993930571943269
2021-11-10,-0.9998204030600415,-0.9993930571943269
2021-11-11,-0.9998204030600415,-0.9993930571943269
2021-11-12,-0.9998204030600415,-0.9993930571943269
2021-11-15,-0.9998204030600415,-0.9993930571943269
2021-11-16,-0.9998204030600415,-0.9993930571943269
2021-11-17,-0.9998204030600415,-0.9993930571943269
2021-11-18,-0.9998204030600415,-0.9993930571943269
2021-11-19,-0.9998204030600415,-0.9993930571943269
2021-11-22,-0.9998204030600415,-0.9993930571943269
2021-11-23,-0.9998204030600415,-0.9993930571943269
2021-11-24,-0.9998204030600415,-0.9993930571943269
2021-11-25,-0.9998204030600415,-0.9993930571943269
2021-11-26,-0.9998204030600415,-0.9993930571943269
2021-11-29,-0.9998204030600415,-0.9993930571943269
2021-11-30,-1.1422278335999303,-1.0246272619225902
2021-12-01,-0.9998623853089995,-0.9994225587118967
2021-12-02,-0.9998623853089995,-0.9994225586987946
2021-12-03,-0.9998623853089995,-0.9994225586987946
2021-12-06,-0.9998623853089995,-0.9994225586987946
2021-12-07,-0.9998623853089995,-0.9994225586987946
2021-12-08,-0.9998623853089995,-0.9994225586987946
2021-12-09,-0.9998623853089995,-0.9994225586987946
2021-12-10,-0.9998623853089995,-0.9994225586987946
2021-12-13,-0.9998623853089995,-0.9994225586987946
2021-12-14,-0.9998623853089995,-0.9994225586987946
2021-12-15,-0.9998623853089995,-0.9994225586987946
2021-12-16,-0.9998623853089995,-0.9994225586987946
2021-12-17,-0.9998623853089995,-0.9994225586987946
2021-12-20,-0.9998623853089995,-0.9994225586987946
2021-12-21,-0.9998623853089995,-0.9994225586987946
2021-12-22,-0.9998623853089995,-0.9994225586987946
2021-12-23,-0.9998623853089995,-0.9994225586987946
2021-12-24,-0.9998623853089995,-0.9994225586987946
2021-12-27,-0.9998623853089995,-0.9994225586987946
2021-12-28,-0.9998623853089995,-0.9994225586987946
2021-12-29,-0.9998623853089995,-0.9994225586987946
2021-12-30,-0.9998623853089995,-0.9994225586987946
2021-12-31,-0.965373014214836,-0.9365012759748113
2022-01-03,-0.9998523789018171,-0.999342437281511
2022-01-04,-0.9998523789018171,-0.9993424373189074
2022-01-05,-0.9998523789018171,-0.9993424373189074
2022-01-06,-0.9998523789018171,-0.9993424373189074
2022-01-07,-0.9998523789018171,-0.9993424373189074
2022-01-10,-0.9998523789018171,-0.9993424373189074
2022-01-11,-0.9998523789018171,-0.9993424373189074
2022-01-12,-0.9998523789018171,-0.9993424373189074
2022-01-13,-0.9998523789018171,-0.9993424373189074
2022-01-14,-0.9998523789018171,-0.9993424373189074
2022-01-17,-0.9998523789018171,-0.9993424373189074
2022-01-18,-0.9998523789018171,-0.9993424373189074
2022-01-19,-0.9998523789018171,-0.9993424373189074
2022-01-20,-0.9998523789018171,-0.9993424373189074
2022-01-21,-0.9998523789018171,-0.9993424373189074
2022-01-24,-0.9998523789018171,-0.9993424373189074
2022-01-25,-0.9998523789018171,-0.9993424373189074
2022-01-26,-0.9998523789018171,-0.9993424373189074
2022-01-27,-0.9998523789018171,-0.9993424373189074
2022-01-28,-0.9998523789018171,-0.9993424373189074
2022-01-31,-1.0421841201410809,-0.993375503447595
2022-02-01,-0.9998641251897552,-0.9993345219012187
2022-02-02,-0.9998641251897552,-0.9993345219044631
2022-02-03,-0.9998641251897552,-0.9993345219044631
2022-02-04,-0.9998641251897552,-0.9993345219044631
2022-02-07,-0.9998641251897552,-0.9993345219044631
2022-02-08,-0.9998641251897552,-0.9993345219044631
2022-02-09,-0.9998641251897552,-0.9993345219044631
2022-02-10,-0.9998641251897552,-0.9993345219044631
2022-02-11,-0.9998641251897552,-0.9993345219044631
2022-02-14,-0.9998641251897552,-0.9993345219044631
2022-02-15,-0.9998641251897552,-0.9993345219044631
2022-02-16,-0.9998641251897552,-0.9993345219044631
2022-02-17,-0.9998641251897552,-0.9993345219044631
2022-02-18,-0.9998641251897552,-0.9993345219044631
2022-02-21,-0.9998641251897552,-0.9993345219044631
2022-02-22,-0.9998641251897552,-0.9993345219044631
2022-02-23,-0.9998641251897552,-0.9993345219044631
2022-02-24,-0.9998641251897552,-0.9993345219044631
2022-02-25,-0.9998641251897552,-0.9993345219044631
2022-02-28,-1.0257125856438334,-1.069664860106582
2022-03-01,-0.999870885814699,-0.9994190815217202
2022-03-02,-0.999870885814699,-0.9994190814874697
2022-03-03,-0.999870885814699,-0.9994190814874697
2022-03-04,-0.999870885814699,-0.9994190814874697
2022-03-07,-0.999870885814699,-0.9994190814874697
2022-03-08,-0.999870885814699,-0.9994190814874697
2022-03-09,-0.999870885814699,-0.9994190814874697
2022-03-10,-0.999870885814699,-0.9994190814874697
2022-03-11,-0.999870885814699,-0.9994190814874697
2022-03-14,-0.999870885814699,-0.9994190814874697
2022-03-15,-0.999870885814699,-0.9994190814874697
2022-03-16,-0.999870885814699,-0.9994190814874697
2022-03-17,-0.999870885814699,-0.9994190814874697
2022-03-18,-0.999870885814699,-0.9994190814874697
2022-03-21,-0.999870885814699,-0.9994190814874697
2022-03-22,-0.999870885814699,-0.9994190814874697
2022-03-23,-0.999870885814699,-0.9994190814874697
2022-03-24,-0.999870885814699,-0.9994190814874697
2022-03-25,-0.999870885814699,-0.9994190814874697
2022-03-28,-0.999870885814699,-0.9994190814874697
2022-03-29,-0.999870885814699,-0.9994190814874697
2022-03-30,-0.999870885814699,-0.9994190814874697
2022-03-31,-1.1976982640623468,-0.879510993842101
2022-04-01,-0.9999100103722602,-0.9992500750506857
2022-04-04,-0.9999100103722602,-0.9992500751290859
2022-04-05,-0.9999100103722602,-0.9992500751290859
2022-04-06,-0.9999100103722602,-0.9992500751290859
2022-04-07,-0.9999100103722602,-0.9992500751290859
2022-04-08,-0.9999100103722602,-0.9992500751290859
2022-04-11,-0.9999100103722602,-0.9992500751290859
2022-04-12,-0.9999100103722602,-0.9992500751290859
2022-04-13,-0.9999100103722602,-0.9992500751290859
2022-04-14,-0.9999100103722602,-0.9992500751290859
2022-04-15,-0.9999100103722602,-0.9992500751290859
2022-04-18,-0.9999100103722602,-0.9992500751290859
2022-04-19,-0.9999100103722602,-0.9992500751290859
2022-04-20,-0.9999100103722602,-0.9992500751290859
2022-04-21,-0.9999100103722602,-0.9992500751290859
2022-04-22,-0.9999100103722602,-0.9992500751290859
2022-04-25,-0.9999100103722602,-0.9992500751290859
2022-04-26,-0.9999100103722602,-0.9992500751290859
2022-04-27,-0.9999100103722602,-0.9992500751290859
2022-04-28,-0.9999100103722602,-0.9992500751290859
2022-04-29,-0.9999100103722602,-0.9992500751290859
2022-05-02,-1.3111906880738038,-0.5357256701944832
2022-05-03,-0.9999476632071576,-0.9973982080007063
2022-05-04,-0.9999476632071576,-0.9973982086643169
2022-05-05,-0.9999476632071576,-0.9973982086643169
2022-05-06,-0.9999476632071576,-0.9973982086643169
2022-05-09,-0.9999476632071576,-0.9973982086643169
2022-05-10,-0.9999476632071576,-0.9973982086643169
2022-05-11,-0.9999476632071576,-0.9973982086643169
2022-05-12,-0.9999476632071576,-0.9973982086643169
2022-05-13,-0.9999476632071576,-0.9973982086643169
2022-05-16,-0.9999476632071576,-0.9973982086643169
2022-05-17,-0.9999476632071576,-0.9973982086643169
2022-05-18,-0.9999476632071576,-0.9973982086643169
2022-05-19,-0.9999476632071576,-0.9973982086643169
2022-05-20,-0.9999476632071576,-0.9973982086643169
2022-05-23,-0.9999476632071576,-0.9973982086643169
2022-05-24,-0.9999476632071576,-0.9973982086643169
2022-05-25,-0.9999476632071576,-0.9973982086643169
2022-05-26,-0.9999476632071576,-0.9973982086643169
2022-05-27,-0.9999476632071576,-0.9973982086643169
2022-05-30,-0.9999476632071576,-0.9973982086643169
2022-05-31,-0.9691216387398734,-1.0536974631145208
2022-06-01,-0.9999442810580805,-0.9976678637000068
2022-06-02,-0.9999442810580805,-0.9976678636721434
2022-06-03,-0.9999442810580805,-0.9976678636721434
2022-06-06,-0.9999442810580805,-0.9976678636721434
2022-06-07,-0.9999442810580805,-0.9976678636721434
2022-06-08,-0.9999442810580805,-0.9976678636721434
2022-06-09,-0.9999442810580805,-0.9976678636721434
2022-06-10,-0.9999442810580805,-0.9976678636721434
2022-06-13,-0.9999442810580805,-0.9976678636721434
2022-06-14,-0.9999442810580805,-0.9976678636721434
2022-06-15,-0.9999442810580805,-0.9976678636721434
2022-06-16,-0.9999442810580805,-0.9976678636721434
2022-06-17,-0.9999442810580805,-0.9976678636721434
2022-06-20,-0.9999442810580805,-0.9976678636721434
2022-06-21,-0.9999442810580805,-0.9976678636721434
2022-06-22,-0.9999442810580805,-0.9976678636721434
2022-06-23,-0.9999442810580805,-0.9976678636721434
2022-06-24,-0.9999442810580805,-0.9976678636721434
2022-06-27,-0.9999442810580805,-0.9976678636721434
2022-06-28,-0.9999442810580805,-0.9976678636721434
2022-06-29,-0.9999442810580805,-0.9976678636721434
2022-06-30,-1.1983560894219967,-0.7536763601031998
2022-07-01,-0.999961203395916,-0.9959241709769462
2022-07-04,-0.999961203395916,-0.9959241711774273
2022-07-05,-0.999961203395916,-0.9959241711774273
2022-07-06,-0.999961203395916,-0.9959241711774273
2022-07-07,-0.999961203395916,-0.9959241711774273
2022-07-08,-0.999961203395916,-0.9959241711774273
2022-07-11,-0.999961203395916,-0.9959241711774273
2022-07-12,-0.999961203395916,-0.9959241711774273
2022-07-13,-0.999961203395916,-0.9959241711774273
2022-07-14,-0.999961203395916,-0.9959241711774273
2022-07-15,-0.999961203395916,-0.9959241711774273
2022-07-18,-0.999961203395916,-0.9959241711774273
2022-07-19,-0.999961203395916,-0.9959241711774273
2022-07-20,-0.999961203395916,-0.9959241711774273
2022-07-21,-0.999961203395916,-0.9959241711774273
2022-07-22,-0.999961203395916,-0.9959241711774273
2022-07-25,-0.999961203395916,-0.9959241711774273
2022-07-26,-0.999961203395916,-0.9959241711774273
2022-07-27,-0.999961203395916,-0.9959241711774273
2022-07-28,-0.999961203395916,-0.9959241711774273
2022-07-29,-0.999961203395916,-0.9959241711774273
2022-08-01,-1.006820820734879,-0.8508363718069527
2022-08-02,-0.9999617302186373,-0.9944281895106353
2022-08-03,-0.9999617302186373,-0.9944281896088301
2022-08-04,-0.9999617302186373,-0.9944281896088301
2022-08-05,-0.9999617302186373,-0.9944281896088301
2022-08-08,-0.9999617302186373,-0.9944281896088301
2022-08-09,-0.9999617302186373,-0.9944281896088301
2022-08-10,-0.9999617302186373,-0.9944281896088301
2022-08-11,-0.9999617302186373,-0.9944281896088301
2022-08-12,-0.9999617302186373,-0.9944281896088301
2022-08-15,-0.9999617302186373,-0.9944281896088301
2022-08-16,-0.9999617302186373,-0.9944281896088301
2022-08-17,-0.9999617302186373,-0.9944281896088301
2022-08-18,-0.9999617302186373,-0.9944281896088301
2022-08-19,-0.9999617302186373,-0.9944281896088301
2022-08-22,-0.9999617302186373,-0.9944281896088301
2022-08-23,-0.9999617302186373,-0.9944281896088301
2022-08-24,-0.9999617302186373,-0.9944281896088301
2022-08-25,-0.9999617302186373,-0.9944281896088301
2022-08-26,-0.9999617302186373,-0.9944281896088301
2022-08-29,-0.9999617302186373,-0.9944281896088301
2022-08-30,-0.9999617302186373,-0.9944281896088301
2022-08-31,-1.1181739760784284,-0.42344972688539273
2022-09-01,-0.9999693938310392,-0.9703826299626384
2022-09-02,-0.9999693938310392,-0.9703826310756564
2022-09-05,-0.9999693938310392,-0.9703826310756564
2022-09-06,-0.9999693938310392,-0.9703826310756564
2022-09-07,-0.9999693938310392,-0.9703826310756564
2022-09-08,-0.9999693938310392,-0.9703826310756564
2022-09-09,-0.9999693938310392,-0.9703826310756564
2022-09-12,-0.9999693938310392,-0.9703826310756564
2022-09-13,-0.9999693938310392,-0.9703826310756564
2022-09-14,-0.9999693938310392,-0.9703826310756564
2022-09-15,-0.9999693938310392,-0.9703826310756564
2022-09-16,-0.9999693938310392,-0.9703826310756564
2022-09-19,-0.9999693938310392,-0.9703826310756564
2022-09-20,-0.9999693938310392,-0.9703826310756564
2022-09-21,-0.9999693938310392,-0.9703826310756564
2022-09-22,-0.9999693938310392,-0.9703826310756564
2022-09-23,-0.9999693938310392,-0.9703826310756564
2022-09-26,-0.9999693938310392,-0.9703826310756564
2022-09-27,-0.9999693938310392,-0.9703826310756564
2022-09-28,-0.9999693938310392,-0.9703826310756564
2022-09-29,-0.9999693938310392,-0.9703826310756564
2022-09-30,-1.1444366877392864,0.8531505486870813
2022-10-03,-0.999976632967672,0.9621719447499381
2022-10-04,-0.999976632967672,0.9621719448205185
2022-10-05,-0.999976632967672,0.9621719448205185
2022-10-06,-0.999976632967672,0.9621719448205185
2022-10-07,-0.999976632967672,0.9621719448205185
2022-10-10,-0.999976632967672,0.9621719448205185
2022-10-11,-0.999976632967672,0.9621719448205185
2022-10-12,-0.999976632967672,0.9621719448205185
2022-10-13,-0.999976632967672,0.9621719448205185
2022-10-14,-0.999976632967672,0.9621719448205185
2022-10-17,-0.999976632967672,0.9621719448205185
2022-10-18,-0.999976632967672,0.9621719448205185
2022-10-19,-0.999976632967672,0.9621719448205185
2022-10-20,-0.999976632967672,0.9621719448205185
2022-10-21,-0.999976632967672,0.9621719448205185
2022-10-24,-0.999976632967672,0.9621719448205185
2022-10-25,-0.999976632967672,0.9621719448205185
2022-10-26,-0.999976632967672,0.9621719448205185
2022-10-27,-0.999976632967672,0.9621719448205185
2022-10-28,-0.999976632967672,0.9621719448205185
2022-10-31,-1.0039700968719751,2.5437254813270362
2022-11-01,-0.9999768184842986,0.9943132562069891
2022-11-02,-0.9999768184842986,0.994313255979725
2022-11-03,-0.9999768184842986,0.994313255979725
2022-11-04,-0.9999768184842986,0.994313255979725
2022-11-07,-0.9999768184842986,0.994313255979725
2022-11-08,-0.9999768184842986,0.994313255979725
2022-11-09,-0.9999768184842986,0.994313255979725
2022-11-10,-0.9999768184842986,0.994313255979725
2022-11-11,-0.9999768184842986,0.994313255979725
2022-11-14,-0.9999768184842986,0.994313255979725
2022-11-15,-0.9999768184842986,0.994313255979725
2022-11-16,-0.9999768184842986,0.994313255979725
2022-11-17,-0.9999768184842986,0.994313255979725
2022-11-18,-0.9999768184842986,0.994313255979725
2022-11-21,-0.9999768184842986,0.994313255979725
2022-11-22,-0.9999768184842986,0.994313255979725
2022-11-23,-0.9999768184842986,0.994313255979725
2022-11-24,-0.9999768184842986,0.994313255979725
2022-11-25,-0.9999768184842986,0.994313255979725
2022-11-28,-0.9999768184842986,0.994313255979725
2022-11-29,-0.9999768184842986,0.994313255979725
2022-11-30,-0.8467348428248115,-0.10532420426475783
2022-12-01,-0.9999676688710283,-0.7031881809554967
2022-12-02,-0.9999676688710283,-0.7031881892220141
2022-12-05,-0.9999676688710283,-0.7031881892220141
2022-12-06,-0.9999676688710283,-0.7031881892220141
2022-12-07,-0.9999676688710283,-0.7031881892220141
2022-12-08,-0.9999676688710283,-0.7031881892220141
2022-12-09,-0.9999676688710283,-0.7031881892220141
2022-12-12,-0.9999676688710283,-0.7031881892220141
2022-12-13,-0.9999676688710283,-0.7031881892220141
2022-12-14,-0.9999676688710283,-0.7031881892220141
2022-12-15,-0.9999676688710283,-0.7031881892220141
2022-12-16,-0.9999676688710283,-0.7031881892220141
2022-12-19,-0.9999676688710283,-0.7031881892220141
2022-12-20,-0.9999676688710283,-0.7031881892220141
2022-12-21,-0.9999676688710283,-0.7031881892220141
2022-12-22,-0.9999676688710283,-0.7031881892220141
2022-12-23,-0.9999676688710283,-0.7031881892220141
2022-12-26,-0.9999676688710283,-0.7031881892220141
2022-12-27,-0.9999676688710283,-0.7031881892220141
2022-12-28,-0.9999676688710283,-0.7031881892220141
2022-12-29,-0.9999676688710283,-0.7031881892220141
2022-12-30,-0.9999676688710283,-0.7031881892220141
2023-01-02,-0.9046608503657915,-8.32884225478843
2023-01-03,-0.9999604982330168,-0.9963760788395839
2023-01-04,-0.9999604982330168,-0.9963760785746233
2023-01-05,-0.9999604982330168,-0.9963760785746233
2023-01-06,-0.9999604982330168,-0.9963760785746233
2023-01-09,-0.9999604982330168,-0.9963760785746233
2023-01-10,-0.9999604982330168,-0.9963760785746233
2023-01-11,-0.9999604982330168,-0.9963760785746233
2023-01-12,-0.9999604982330168,-0.9963760785746233
2023-01-13,-0.9999604982330168,-0.9963760785746233
2023-01-16,-0.9999604982330168,-0.9963760785746233
2023-01-17,-0.9999604982330168,-0.9963760785746233
2023-01-18,-0.9999604982330168,-0.9963760785746233
2023-01-19,-0.9999604982330168,-0.9963760785746233
2023-01-20,-0.9999604982330168,-0.9963760785746233
2023-01-23,-0.9999604982330168,-0.9963760785746233
2023-01-24,-0.9999604982330168,-0.9963760785746233
2023-01-25,-0.9999604982330168,-0.9963760785746233
2023-01-26,-0.9999604982330168,-0.9963760785746233
2023-01-27,-0.9999604982330168,-0.9963760785746233
2023-01-30,-0.9999604982330168,-0.9963760785746233
2023-01-31,-0.9303790344657966,-1.3382617634359562
2023-02-01,-0.9999543691679557,-0.9979862960662953
2023-02-02,-0.9999543691679557,-0.9979862959467836
2023-02-03,-0.9999543691679557,-0.9979862959467836
2023-02-06,-0.9999543691679557,-0.9979862959467836
2023-02-07,-0.9999543691679557,-0.9979862959467836
2023-02-08,-0.9999543691679557,-0.9979862959467836
2023-02-09,-0.9999543691679557,-0.9979862959467836
2023-02-10,-0.9999543691679557,-0.9979862959467836
2023-02-13,-0.9999543691679557,-0.9979862959467836
2023-02-14,-0.9999543691679557,-0.9979862959467836
2023-02-15,-0.9999543691679557,-0.9979862959467836
2023-02-16,-0.9999543691679557,-0.9979862959467836
2023-02-17,-0.9999543691679557,-0.9979862959467836
2023-02-20,-0.9999543691679557,-0.9979862959467836
2023-02-21,-0.9999543691679557,-0.9979862959467836
2023-02-22,-0.9999543691679557,-0.9979862959467836
2023-02-23,-0.9999543691679557,-0.9979862959467836
2023-02-24,-0.9999543691679557,-0.9979862959467836
2023-02-27,-0.9999543691679557,-0.9979862959467836
2023-02-28,-1.1278511474839965,-0.5230384283780658
2023-03-01,-0.9999641308123961,-0.9927266808799969
2023-03-02,-0.9999641308123961,-0.9927266815769802
2023-03-03,-0.9999641308123961,-0.9927266815769802
2023-03-06,-0.9999641308123961,-0.9927266815769802
2023-03-07,-0.9999641308123961,-0.9927266815769802
2023-03-08,-0.9999641308123961,-0.9927266815769802
2023-03-09,-0.9999641308123961,-0.9927266815769802
2023-03-10,-0.9999641308123961,-0.9927266815769802
2023-03-13,-0.9999641308123961,-0.9927266815769802
2023-03-14,-0.9999641308123961,-0.9927266815769802
2023-03-15,-0.9999641308123961,-0.9927266815769802
2023-03-16,-0.9999641308123961,-0.9927266815769802
2023-03-17,-0.9999641308123961,-0.9927266815769802
2023-03-20,-0.9999641308123961,-0.9927266815769802
2023-03-21,-0.9999641308123961,-0.9927266815769802
2023-03-22,-0.9999641308123961,-0.9927266815769802
2023-03-23,-0.9999641308123961,-0.9927266815769802
2023-03-24,-0.9999641308123961,-0.9927266815769802
2023-03-27,-0.9999641308123961,-0.9927266815769802
2023-03-28,-0.9999641308123961,-0.9927266815769802
2023-03-29,-0.9999641308123961,-0.9927266815769802
2023-03-30,-0.9999641308123961,-0.9927266815769802
2023-03-31,-0.9094996027198262,-1.4613121938336693
2023-04-03,-0.9999566408781873,-0.9966235493621166
2023-04-04,-0.9999566408781873,-0.9966235492183043
2023-04-05,-0.9999566408781873,-0.9966235492183043
2023-04-06,-0.9999566408781873,-0.9966235492183043
2023-04-07,-0.9999566408781873,-0.9966235492183043
2023-04-10,-0.9999566408781873,-0.9966235492183043
2023-04-11,-0.9999566408781873,-0.9966235492183043
2023-04-12,-0.9999566408781873,-0.9966235492183043
2023-04-13,-0.9999566408781873,-0.9966235492183043
2023-04-14,-0.9999566408781873,-0.9966235492183043
2023-04-17,-0.9999566408781873,-0.9966235492183043
2023-04-18,-0.9999566408781873,-0.9966235492183043
2023-04-19,-0.9999566408781873,-0.9966235492183043
2023-04-20,-0.9999566408781873,-0.9966235492183043
2023-04-21,-0.9999566408781873,-0.9966235492183043
2023-04-24,-0.9999566408781873,-0.9966235492183043
2023-04-25,-0.9999566408781873,-0.9966235492183043
2023-04-26,-0.9999566408781873,-0.9966235492183043
2023-04-27,-0.9999566408781873,-0.9966235492183043
2023-04-28,-0.9999566408781873,-0.9966235492183043
2023-05-01,-0.985872223714297,-0.8253593446502931
2023-05-02,-0.99995539323369,-0.9950883026717083
2023-05-03,-0.99995539323369,-0.9950883027934749
2023-05-04,-0.99995539323369,-0.9950883027934749
2023-05-05,-0.99995539323369,-0.9950883027934749
2023-05-08,-0.99995539323369,-0.9950883027934749
2023-05-09,-0.99995539323369,-0.9950883027934749
2023-05-10,-0.99995539323369,-0.9950883027934749
2023-05-11,-0.99995539323369,-0.9950883027934749
2023-05-12,-0.99995539323369,-0.9950883027934749
2023-05-15,-0.99995539323369,-0.9950883027934749
2023-05-16,-0.99995539323369,-0.9950883027934749
2023-05-17,-0.99995539323369,-0.9950883027934749
2023-05-18,-0.99995539323369,-0.9950883027934749
2023-05-19,-0.99995539323369,-0.9950883027934749
2023-05-22,-0.99995539323369,-0.9950883027934749
2023-05-23,-0.99995539323369,-0.9950883027934749
2023-05-24,-0.99995539323369,-0.9950883027934749
2023-05-25,-0.99995539323369,-0.9950883027934749
2023-05-26,-0.99995539323369,-0.9950883027934749
2023-05-29,-0.99995539323369,-0.9950883027934749
2023-05-30,-0.99995539323369,-0.9950883027934749
2023-05-31,-1.1133859930162615,-0.20217855787755523
2023-06-01,-0.9999640187615211,-0.898124064382613
2023-06-02,-0.9999640187615211,-0.8981240689217349
2023-06-05,-0.9999640187615211,-0.8981240689217349
2023-06-06,-0.9999640187615211,-0.8981240689217349
2023-06-07,-0.9999640187615211,-0.8981240689217349
2023-06-08,-0.9999640187615211,-0.8981240689217349
2023-06-09,-0.9999640187615211,-0.8981240689217349
2023-06-12,-0.9999640187615211,-0.8981240689217349
2023-06-13,-0.9999640187615211,-0.8981240689217349
2023-06-14,-0.9999640187615211,-0.8981240689217349
2023-06-15,-0.9999640187615211,-0.8981240689217349
2023-06-16,-0.9999640187615211,-0.8981240689217349
2023-06-19,-0.9999640187615211,-0.8981240689217349
2023-06-20,-0.9999640187615211,-0.8981240689217349
2023-06-21,-0.9999640187615211,-0.8981240689217349
2023-06-22,-0.9999640187615211,-0.8981240689217349
2023-06-23,-0.9999640187615211,-0.8981240689217349
2023-06-26,-0.9999640187615211,-0.8981240689217349
2023-06-27,-0.9999640187615211,-0.8981240689217349
2023-06-28,-0.9999640187615211,-0.8981240689217349
2023-06-29,-0.9999640187615211,-0.8981240689217349
2023-06-30,-0.9747225719578841,1.2242433393271481
2023-07-03,-0.9999621311969683,0.9411286052756388
2023-07-04,-0.9999621311969683,0.941128605171784
2023-07-05,-0.9999621311969683,0.941128605171784
2023-07-06,-0.9999621311969683,0.941128605171784
2023-07-07,-0.9999621311969683,0.941128605171784
2023-07-10,-0.9999621311969683,0.941128605171784
2023-07-11,-0.9999621311969683,0.941128605171784
2023-07-12,-0.9999621311969683,0.941128605171784
2023-07-13,-0.9999621311969683,0.941128605171784
2023-07-14,-0.9999621311969683,0.941128605171784
2023-07-17,-0.9999621311969683,0.941128605171784
2023-07-18,-0.9999621311969683,0.941128605171784
2023-07-19,-0.9999621311969683,0.941128605171784
2023-07-20,-0.9999621311969683,0.941128605171784
2023-07-21,-0.9999621311969683,0.941128605171784
2023-07-24,-0.9999621311969683,0.941128605171784
2023-07-25,-0.9999621311969683,0.941128605171784
2023-07-26,-0.9999621311969683,0.941128605171784
2023-07-27,-0.9999621311969683,0.941128605171784
2023-07-28,-0.9999621311969683,0.941128605171784
2023-07-31,-0.9577521225640044,-0.4115426460809862
2023-08-01,-0.9999587199498362,-0.7727300768381853
2023-08-02,-0.9999587199498362,-0.7727300773646881
2023-08-03,-0.9999587199498362,-0.7727300773646881
2023-08-04,-0.9999587199498362,-0.7727300773646881
2023-08-07,-0.9999587199498362,-0.7727300773646881
2023-08-08,-0.9999587199498362,-0.7727300773646881
2023-08-09,-0.9999587199498362,-0.7727300773646881
2023-08-10,-0.9999587199498362,-0.7727300773646881
2023-08-11,-0.9999587199498362,-0.7727300773646881
2023-08-14,-0.9999587199498362,-0.7727300773646881
2023-08-15,-0.9999587199498362,-0.7727300773646881
2023-08-16,-0.9999587199498362,-0.7727300773646881
2023-08-17,-0.9999587199498362,-0.7727300773646881
2023-08-18,-0.9999587199498362,-0.7727300773646881
2023-08-21,-0.9999587199498362,-0.7727300773646881
2023-08-22,-0.9999587199498362,-0.7727300773646881
2023-08-23,-0.9999587199498362,-0.7727300773646881
2023-08-24,-0.9999587199498362,-0.7727300773646881
2023-08-25,-0.9999587199498362,-0.7727300773646881
2023-08-28,-0.9999587199498362,-0.7727300773646881
2023-08-29,-0.9999587199498362,-0.7727300773646881
2023-08-30,-0.9999587199498362,-0.7727300773646881
2023-08-31,-1.0806263515897176,2.2234365870788095
2023-09-01,-0.9999646526290499,0.9615847939195127
2023-09-04,-0.9999646526290499,0.9615847937086124
2023-09-05,-0.9999646526290499,0.9615847937086124
2023-09-06,-0.9999646526290499,0.9615847937086124
2023-09-07,-0.9999646526290499,0.9615847937086124
2023-09-08,-0.9999646526290499,0.9615847937086124
2023-09-11,-0.9999646526290499,0.9615847937086124
2023-09-12,-0.9999646526290499,0.9615847937086124
2023-09-13,-0.9999646526290499,0.9615847937086124
2023-09-14,-0.9999646526290499,0.9615847937086124
2023-09-15,-0.9999646526290499,0.9615847937086124
2023-09-18,-0.9999646526290499,0.9615847937086124
2023-09-19,-0.9999646526290499,0.9615847937086124
2023-09-20,-0.9999646526290499,0.9615847937086124
2023-09-21,-0.9999646526290499,0.9615847937086124
2023-09-22,-0.9999646526290499,0.9615847937086124
2023-09-25,-0.9999646526290499,0.9615847937086124
2023-09-26,-0.9999646526290499,0.9615847937086124
2023-09-27,-0.9999646526290499,0.9615847937086124
2023-09-28,-0.9999646526290499,0.9615847937086124
2023-09-29,-0.9999646526290499,0.9615847937086124
2023-10-02,-1.1079721867549046,1.7707237059336849
2023-10-03,-0.9999712079247801,0.9881958282229175
2023-10-04,-0.9999712079247801,0.9881958280393488
2023-10-05,-0.9999712079247801,0.9881958280393488
2023-10-06,-0.9999712079247801,0.9881958280393488
2023-10-09,-0.9999712079247801,0.9881958280393488
2023-10-10,-0.9999712079247801,0.9881958280393488
2023-10-11,-0.9999712079247801,0.9881958280393488
2023-10-12,-0.9999712079247801,0.9881958280393488
2023-10-13,-0.9999712079247801,0.9881958280393488
2023-10-16,-0.9999712079247801,0.9881958280393488
2023-10-17,-0.9999712079247801,0.9881958280393488
2023-10-18,-0.9999712079247801,0.9881958280393488
2023-10-19,-0.9999712079247801,0.9881958280393488
2023-10-20,-0.9999712079247801,0.9881958280393488
2023-10-23,-0.9999712079247801,0.9881958280393488
2023-10-24,-0.9999712079247801,0.9881958280393488
2023-10-25,-0.9999712079247801,0.9881958280393488
2023-10-26,-0.9999712079247801,0.9881958280393488
2023-10-27,-0.9999712079247801,0.9881958280393488
2023-10-30,-0.9999712079247801,0.9881958280393488
2023-10-31,-1.0273082853436901,1.1720781708894314
2023-11-01,-0.9999727198117535,0.9915660674871289
2023-11-02,-0.9999727198117535,0.9915660674110757
2023-11-03,-0.9999727198117535,0.9915660674110757
2023-11-06,-0.9999727198117535,0.9915660674110757
2023-11-07,-0.9999727198117535,0.9915660674110757
2023-11-08,-0.9999727198117535,0.9915660674110757
2023-11-09,-0.9999727198117535,0.9915660674110757
2023-11-10,-0.9999727198117535,0.9915660674110757
2023-11-13,-0.9999727198117535,0.9915660674110757
2023-11-14,-0.9999727198117535,0.9915660674110757
2023-11-15,-0.9999727198117535,0.9915660674110757
2023-11-16,-0.9999727198117535,0.9915660674110757
2023-11-17,-0.9999727198117535,0.9915660674110757
2023-11-20,-0.9999727198117535,0.9915660674110757
2023-11-21,-0.9999727198117535,0.9915660674110757
2023-11-22,-0.9999727198117535,0.9915660674110757
2023-11-23,-0.9999727198117535,0.9915660674110757
2023-11-24,-0.9999727198117535,0.9915660674110757
2023-11-27,-0.9999727198117535,0.9915660674110757
2023-11-28,-0.9999727198117535,0.9915660674110757
2023-11-29,-0.9999727198117535,0.9915660674110757
2023-11-30,-0.9024799829558909,0.09165334885693796
2023-12-01,-0.999966507739206,0.5773953872110873
2023-12-04,-0.999966507739206,0.5773953932374936
2023-12-05,-0.999966507739206,0.5773953932374936
2023-12-06,-0.999966507739206,0.5773953932374936
2023-12-07,-0.999966507739206,0.5773953932374936
2023-12-08,-0.999966507739206,0.5773953932374936
2023-12-11,-0.999966507739206,0.5773953932374936
2023-12-12,-0.999966507739206,0.5773953932374936
2023-12-13,-0.999966507739206,0.5773953932374936
2023-12-14,-0.999966507739206,0.5773953932374936
2023-12-15,-0.999966507739206,0.5773953932374936
2023-12-18,-0.999966507739206,0.5773953932374936
2023-12-19,-0.999966507739206,0.5773953932374936
2023-12-20,-0.999966507739206,0.5773953932374936
2023-12-21,-0.999966507739206,0.5773953932374936
2023-12-22,-0.999966507739206,0.5773953932374936
2023-12-25,-0.999966507739206,0.5773953932374936
2023-12-26,-0.999966507739206,0.5773953932374936
2023-12-27,-0.999966507739206,0.5773953932374936
2023-12-28,-0.999966507739206,0.5773953932374936
2023-12-29,-0.999966507739206,0.5773953932374936
2024-01-01,-0.9086399406901223,-3.1562566744124
2024-01-02,-0.9999594372752403,-0.9681326792398519
2024-01-03,-0.9999594372752403,-0.9681326790032381
2024-01-04,-0.9999594372752403,-0.9681326790032381
2024-01-05,-0.9999594372752403,-0.9681326790032381
2024-01-08,-0.9999594372752403,-0.9681326790032381
2024-01-09,-0.9999594372752403,-0.9681326790032381
2024-01-10,-0.9999594372752403,-0.9681326790032381
2024-01-11,-0.9999594372752403,-0.9681326790032381
2024-01-12,-0.9999594372752403,-0.9681326790032381
2024-01-15,-0.9999594372752403,-0.9681326790032381
2024-01-16,-0.9999594372752403,-0.9681326790032381
2024-01-17,-0.9999594372752403,-0.9681326790032381
2024-01-18,-0.9999594372752403,-0.9681326790032381
2024-01-19,-0.9999594372752403,-0.9681326790032381
2024-01-22,-0.9999594372752403,-0.9681326790032381
2024-01-23,-0.9999594372752403,-0.9681326790032381
2024-01-24,-0.9999594372752403,-0.9681326790032381
2024-01-25,-0.9999594372752403,-0.9681326790032381
2024-01-26,-0.9999594372752403,-0.9681326790032381
2024-01-29,-0.9999594372752403,-0.9681326790032381
2024-01-30,-0.9999594372752403,-0.9681326790032381
2024-01-31,-1.0750192827272935,0.37615222434940626
2024-02-01,-0.9999649035701877,0.832387489204143
2024-02-02,-0.9999649035701877,0.8323874900792605
2024-02-05,-0.9999649035701877,0.8323874900792605
2024-02-06,-0.9999649035701877,0.8323874900792605
2024-02-07,-0.9999649035701877,0.8323874900792605
2024-02-08,-0.9999649035701877,0.8323874900792605
2024-02-09,-0.9999649035701877,0.8323874900792605
2024-02-12,-0.9999649035701877,0.8323874900792605
2024-02-13,-0.9999649035701877,0.8323874900792605
2024-02-14,-0.9999649035701877,0.8323874900792605
2024-02-15,-0.9999649035701877,0.8323874900792605
2024-02-16,-0.9999649035701877,0.8323874900792605
2024-02-19,-0.9999649035701877,0.8323874900792605
2024-02-20,-0.9999649035701877,0.8323874900792605
2024-02-21,-0.9999649035701877,0.8323874900792605
2024-02-22,-0.9999649035701877,0.8323874900792605
2024-02-23,-0.9999649035701877,0.8323874900792605
2024-02-26,-0.9999649035701877,0.8323874900792605
2024-02-27,-0.9999649035701877,0.8323874900792605
2024-02-28,-0.9999649035701877,0.8323874900792605
2024-02-29,-1.0461341337686287,2.2068419849765935
2024-03-01,-0.9999679329002102,0.9698851315600551
2024-03-04,-0.9999679329002102,0.9698851313489344
2024-03-05,-0.9999679329002102,0.9698851313489344
2024-03-06,-0.9999679329002102,0.9698851313489344
2024-03-07,-0.9999679329002102,0.9698851313489344
2024-03-08,-0.9999679329002102,0.9698851313489344
2024-03-11,-0.9999679329002102,0.9698851313489344
2024-03-12,-0.9999679329002102,0.9698851313489344
2024-03-13,-0.9999679329002102,0.9698851313489344
2024-03-14,-0.9999679329002102,0.9698851313489344
2024-03-15,-0.9999679329002102,0.9698851313489344
2024-03-18,-0.9999679329002102,0.9698851313489344
2024-03-19,-0.9999679329002102,0.9698851313489344
2024-03-20,-0.9999679329002102,0.9698851313489344
2024-03-21,-0.9999679329002102,0.9698851313489344
2024-03-22,-0.9999679329002102,0.9698851313489344
2024-03-25,-0.9999679329002102,0.9698851313489344
2024-03-26,-0.9999679329002102,0.9698851313489344
2024-03-27,-0.9999679329002102,0.9698851313489344
2024-03-28,-0.9999679329002102,0.9698851313489344
2024-03-29,-0.9999679329002102,0.9698851313489344
2024-04-01,-1.0187513182274195,1.2075592965019506
2024-04-02,-0.9999691044290424,0.9802591996503801
2024-04-03,-0.9999691044290424,0.9802591995601911
2024-04-04,-0.9999691044290424,0.9802591995601911
2024-04-05,-0.9999691044290424,0.9802591995601911
2024-04-08,-0.9999691044290424,0.9802591995601911
2024-04-09,-0.9999691044290424,0.9802591995601911
2024-04-10,-0.9999691044290424,0.9802591995601911
2024-04-11,-0.9999691044290424,0.9802591995601911
2024-04-12,-0.9999691044290424,0.9802591995601911
2024-04-15,-0.9999691044290424,0.9802591995601911
2024-04-16,-0.9999691044290424,0.9802591995601911
2024-04-17,-0.9999691044290424,0.9802591995601911
2024-04-18,-0.9999691044290424,0.9802591995601911
2024-04-19,-0.9999691044290424,0.9802591995601911
2024-04-22,-0.9999691044290424,0.9802591995601911
2024-04-23,-0.9999691044290424,0.9802591995601911
2024-04-24,-0.9999691044290424,0.9802591995601911
2024-04-25,-0.9999691044290424,0.9802591995601911
2024-04-26,-0.9999691044290424,0.9802591995601911
2024-04-29,-0.9999691044290424,0.9802591995601911
2024-04-30,-1.078559088253996,1.690761002594015
2024-05-01,-0.9999734426748761,0.993231914403981
2024-05-02,-0.9999734426748761,0.9932319142284928
2024-05-03,-0.9999734426748761,0.9932319142284928
2024-05-06,-0.9999734426748761,0.9932319142284928
2024-05-07,-0.9999734426748761,0.9932319142284928
2024-05-08,-0.9999734426748761,0.9932319142284928
2024-05-09,-0.9999734426748761,0.9932319142284928
2024-05-10,-0.9999734426748761,0.9932319142284928
2024-05-13,-0.9999734426748761,0.9932319142284928
2024-05-14,-0.9999734426748761,0.9932319142284928
2024-05-15,-0.9999734426748761,0.9932319142284928
2024-05-16,-0.9999734426748761,0.9932319142284928
2024-05-17,-0.9999734426748761,0.9932319142284928
2024-05-20,-0.9999734426748761,0.9932319142284928
2024-05-21,-0.9999734426748761,0.9932319142284928
2024-05-22,-0.9999734426748761,0.9932319142284928
2024-05-23,-0.9999734426748761,0.9932319142284928
2024-05-24,-0.9999734426748761,0.9932319142284928
2024-05-27,-0.9999734426748761,0.9932319142284928
2024-05-28,-0.9999734426748761,0.9932319142284928
2024-05-29,-0.9999734426748761,0.9932319142284928
2024-05-30,-0.9999734426748761,0.9932319142284928
2024-05-31,-0.9639692153131535,0.9194807869680032
2024-06-03,-0.9999714218825567,0.9921159634301098
2024-06-04,-0.9999714218825567,0.9921159634740678
2024-06-05,-0.9999714218825567,0.9921159634740678
2024-06-06,-0.9999714218825567,0.9921159634740678
2024-06-07,-0.9999714218825567,0.9921159634740678
2024-06-10,-0.9999714218825567,0.9921159634740678
2024-06-11,-0.9999714218825567,0.9921159634740678
2024-06-12,-0.9999714218825567,0.9921159634740678
2024-06-13,-0.9999714218825567,0.9921159634740678
2024-06-14,-0.9999714218825567,0.9921159634740678
2024-06-17,-0.9999714218825567,0.9921159634740678
2024-06-18,-0.9999714218825567,0.9921159634740678
2024-06-19,-0.9999714218825567,0.9921159634740678
2024-06-20,-0.9999714218825567,0.9921159634740678
2024-06-21,-0.9999714218825567,0.9921159634740678
2024-06-24,-0.9999714218825567,0.9921159634740678
2024-06-25,-0.9999714218825567,0.9921159634740678
2024-06-26,-0.9999714218825567,0.9921159634740678
2024-06-27,-0.9999714218825567,0.9921159634740678
2024-06-28,-0.9999714218825567,0.9921159634740678
2024-07-01,-1.0509696775354638,1.3607688449126036
2024-07-02,-0.9999741279891552,0.995785825998589
2024-07-03,-0.9999741279891552,0.995785825873803
2024-07-04,-0.9999741279891552,0.995785825873803
2024-07-05,-0.9999741279891552,0.995785825873803
2024-07-08,-0.9999741279891552,0.995785825873803
2024-07-09,-0.9999741279891552,0.995785825873803
2024-07-10,-0.9999741279891552,0.995785825873803
2024-07-11,-0.9999741279891552,0.995785825873803
2024-07-12,-0.9999741279891552,0.995785825873803
2024-07-15,-0.9999741279891552,0.995785825873803
2024-07-16,-0.9999741279891552,0.995785825873803
2024-07-17,-0.9999741279891552,0.995785825873803
2024-07-18,-0.9999741279891552,0.995785825873803
2024-07-19,-0.9999741279891552,0.995785825873803
2024-07-22,-0.9999741279891552,0.995785825873803
2024-07-23,-0.9999741279891552,0.995785825873803
2024-07-24,-0.9999741279891552,0.995785825873803
2024-07-25,-0.9999741279891552,0.995785825873803
2024-07-26,-0.9999741279891552,0.995785825873803
2024-07-29,-0.9999741279891552,0.995785825873803
2024-07-30,-0.9999741279891552,0.995785825873803
2024-07-31,-0.8939164101917623,0.4243692020457075
2024-08-01,-0.9999676250090435,0.9774361582829191
2024-08-02,-0.9999676250090435,0.9774361594181505
2024-08-05,-0.9999676250090435,0.9774361594181505
2024-08-06,-0.9999676250090435,0.9774361594181505
2024-08-07,-0.9999676250090435,0.9774361594181505
2024-08-08,-0.9999676250090435,0.9774361594181505
2024-08-09,-0.9999676250090435,0.9774361594181505
2024-08-12,-0.9999676250090435,0.9774361594181505
2024-08-13,-0.9999676250090435,0.9774361594181505
2024-08-14,-0.9999676250090435,0.9774361594181505
2024-08-15,-0.9999676250090435,0.9774361594181505
2024-08-16,-0.9999676250090435,0.9774361594181505
2024-08-19,-0.9999676250090435,0.9774361594181505
2024-08-20,-0.9999676250090435,0.9774361594181505
2024-08-21,-0.9999676250090435,0.9774361594181505
2024-08-22,-0.9999676250090435,0.9774361594181505
2024-08-23,-0.9999676250090435,0.9774361594181505
2024-08-26,-0.9999676250090435,0.9774361594181505
2024-08-27,-0.9999676250090435,0.9774361594181505
2024-08-28,-0.9999676250090435,0.9774361594181505
2024-08-29,-0.9999676250090435,0.9774361594181505
2024-08-30,-0.9999676250090435,0.9774361594181505
2024-09-02,-0.9140683546631139,-0.2751667480973009
2024-09-03,-0.9999612546099705,-0.7932305642828464
2024-09-04,-0.9999612546099705,-0.7932305658472252
2024-09-05,-0.9999612546099705,-0.7932305658472252
2024-09-06,-0.9999612546099705,-0.7932305658472252
2024-09-09,-0.9999612546099705,-0.7932305658472252
2024-09-10,-0.9999612546099705,-0.7932305658472252
2024-09-11,-0.9999612546099705,-0.7932305658472252
2024-09-12,-0.9999612546099705,-0.7932305658472252
2024-09-13,-0.9999612546099705,-0.7932305658472252
2024-09-16,-0.9999612546099705,-0.7932305658472252
2024-09-17,-0.9999612546099705,-0.7932305658472252
2024-09-18,-0.9999612546099705,-0.7932305658472252
2024-09-19,-0.9999612546099705,-0.7932305658472252
2024-09-20,-0.9999612546099705,-0.7932305658472252
2024-09-23,-0.9999612546099705,-0.7932305658472252
2024-09-24,-0.9999612546099705,-0.7932305658472252
2024-09-25,-0.9999612546099705,-0.7932305658472252
2024-09-26,-0.9999612546099705,-0.7932305658472252
2024-09-27,-0.9999612546099705,-0.7932305658472252
2024-09-30,-0.9387664828267057,-2.493228146265445
2024-10-01,-0.9999560389725697,-0.9714470126923683
2024-10-02,-0.9999560389725697,-0.9714470124700741
2024-10-03,-0.9999560389725697,-0.9714470124700741
2024-10-04,-0.9999560389725697,-0.9714470124700741
2024-10-07,-0.9999560389725697,-0.9714470124700741
2024-10-08,-0.9999560389725697,-0.9714470124700741
2024-10-09,-0.9999560389725697,-0.9714470124700741
2024-10-10,-0.9999560389725697,-0.9714470124700741
2024-10-11,-0.9999560389725697,-0.9714470124700741
2024-10-14,-0.9999560389725697,-0.9714470124700741
2024-10-15,-0.9999560389725697,-0.9714470124700741
2024-10-16,-0.9999560389725697,-0.9714470124700741
2024-10-17,-0.9999560389725697,-0.9714470124700741
2024-10-18,-0.9999560389725697,-0.9714470124700741
2024-10-21,-0.9999560389725697,-0.9714470124700741
2024-10-22,-0.9999560389725697,-0.9714470124700741
2024-10-23,-0.9999560389725697,-0.9714470124700741
2024-10-24,-0.9999560389725697,-0.9714470124700741
2024-10-25,-0.9999560389725697,-0.9714470124700741
2024-10-28,-0.9999560389725697,-0.9714470124700741
2024-10-29,-0.9999560389725697,-0.9714470124700741
2024-10-30,-0.9999560389725697,-0.9714470124700741
2024-10-31,-1.1889327417748388,0.6431982493246191
2024-11-01,-0.9999689026447477,0.9382063714253863
2024-11-04,-0.9999689026447477,0.9382063717108192
2024-11-05,-0.9999689026447477,0.9382063717108192
2024-11-06,-0.9999689026447477,0.9382063717108192
2024-11-07,-0.9999689026447477,0.9382063717108192
2024-11-08,-0.9999689026447477,0.9382063717108192
2024-11-11,-0.9999689026447477,0.9382063717108192
2024-11-12,-0.9999689026447477,0.9382063717108192
2024-11-13,-0.9999689026447477,0.9382063717108192
2024-11-14,-0.9999689026447477,0.9382063717108192
2024-11-15,-0.9999689026447477,0.9382063717108192
2024-11-18,-0.9999689026447477,0.9382063717108192
2024-11-19,-0.9999689026447477,0.9382063717108192
2024-11-20,-0.9999689026447477,0.9382063717108192
2024-11-21,-0.9999689026447477,0.9382063717108192
2024-11-22,-0.9999689026447477,0.9382063717108192
2024-11-25,-0.9999689026447477,0.9382063717108192
2024-11-26,-0.9999689026447477,0.9382063717108192
2024-11-27,-0.9999689026447477,0.9382063717108192
2024-11-28,-0.9999689026447477,0.9382063717108192
2024-11-29,-0.9999689026447477,0.9382063717108192
2024-12-02,-1.0294370626681946,2.151306217664366
2024-12-03,-0.9999706574409746,0.9873065861974035
2024-12-04,-0.9999706574409746,0.9873065859871437
2024-12-05,-0.9999706574409746,0.9873065859871437
2024-12-06,-0.9999706574409746,0.9873065859871437
2024-12-09,-0.9999706574409746,0.9873065859871437
2024-12-10,-0.9999706574409746,0.9873065859871437
2024-12-11,-0.9999706574409746,0.9873065859871437
2024-12-12,-0.9999706574409746,0.9873065859871437
2024-12-13,-0.9999706574409746,0.9873065859871437
2024-12-16,-0.9999706574409746,0.9873065859871437
2024-12-17,-0.9999706574409746,0.9873065859871437
2024-12-18,-0.9999706574409746,0.9873065859871437
2024-12-19,-0.9999706574409746,0.9873065859871437
2024-12-20,-0.9999706574409746,0.9873065859871437
2024-12-23,-0.9999706574409746,0.9873065859871437
2024-12-24,-0.9999706574409746,0.9873065859871437
2024-12-25,-0.9999706574409746,0.9873065859871437
2024-12-26,-0.9999706574409746,0.9873065859871437
2024-12-27,-0.9999706574409746,0.9873065859871437
2024-12-30,-0.9999706574409746,0.9873065859871437
2024-12-31,-1.106695483721944,1.7288916661155944
2025-01-01,-0.9999760437005244,0.9958068591114175
2025-01-02,-0.9999760437005244,0.9958068589318901
2025-01-03,-0.9999760437005244,0.9958068589318901
2025-01-06,-0.9999760437005244,0.9958068589318901
2025-01-07,-0.9999760437005244,0.9958068589318901
2025-01-08,-0.9999760437005244,0.9958068589318901
2025-01-09,-0.9999760437005244,0.9958068589318901
2025-01-10,-0.9999760437005244,0.9958068589318901
2025-01-13,-0.9999760437005244,0.9958068589318901
2025-01-14,-0.9999760437005244,0.9958068589318901
2025-01-15,-0.9999760437005244,0.9958068589318901
2025-01-16,-0.9999760437005244,0.9958068589318901
2025-01-17,-0.9999760437005244,0.9958068589318901
2025-01-20,-0.9999760437005244,0.9958068589318901
2025-01-21,-0.9999760437005244,0.9958068589318901
2025-01-22,-0.9999760437005244,0.9958068589318901
2025-01-23,-0.9999760437005244,0.9958068589318901
2025-01-24,-0.9999760437005244,0.9958068589318901
2025-01-27,-0.9999760437005244,0.9958068589318901
2025-01-28,-0.9999760437005244,0.9958068589318901
2025-01-29,-0.9999760437005244,0.9958068589318901
2025-01-30,-0.9999760437005244,0.9958068589318901
2025-01-31,-0.9943749977881131,0.6762966249231749
2025-02-03,-0.9999757730715474,0.9909750832979844
2025-02-04,-0.9999757730715474,0.9909750836046606
2025-02-05,-0.9999757730715474,0.9909750836046606
2025-02-06,-0.9999757730715474,0.9909750836046606
2025-02-07,-0.9999757730715474,0.9909750836046606
2025-02-10,-0.9999757730715474,0.9909750836046606
2025-02-11,-0.9999757730715474,0.9909750836046606
2025-02-12,-0.9999757730715474,0.9909750836046606
2025-02-13,-0.9999757730715474,0.9909750836046606
2025-02-14,-0.9999757730715474,0.9909750836046606
2025-02-17,-0.9999757730715474,0.9909750836046606
2025-02-18,-0.9999757730715474,0.9909750836046606
2025-02-19,-0.9999757730715474,0.9909750836046606
2025-02-20,-0.9999757730715474,0.9909750836046606
2025-02-21,-0.9999757730715474,0.9909750836046606
2025-02-24,-0.9999757730715474,0.9909750836046606
2025-02-25,-0.9999757730715474,0.9909750836046606
2025-02-26,-0.9999757730715474,0.9909750836046606
2025-02-27,-0.9999757730715474,0.9909750836046606
2025-02-28,-0.9650684347461599,0.8425776001926641
2025-03-03,-0.9999739888275262,0.9875803492798415
2025-03-04,-0.9999739888275262,0.9875803493794358
2025-03-05,-0.9999739888275262,0.9875803493794358
2025-03-06,-0.9999739888275262,0.9875803493794358
2025-03-07,-0.9999739888275262,0.9875803493794358
2025-03-10,-0.9999739888275262,0.9875803493794358
2025-03-11,-0.9999739888275262,0.9875803493794358
2025-03-12,-0.9999739888275262,0.9875803493794358
2025-03-13,-0.9999739888275262,0.9875803493794358
2025-03-14,-0.9999739888275262,0.9875803493794358
2025-03-17,-0.9999739888275262,0.9875803493794358
2025-03-18,-0.9999739888275262,0.9875803493794358
2025-03-19,-0.9999739888275262,0.9875803493794358
2025-03-20,-0.9999739888275262,0.9875803493794358
2025-03-21,-0.9999739888275262,0.9875803493794358
2025-03-24,-0.9999739888275262,0.9875803493794358
2025-03-25,-0.9999739888275262,0.9875803493794358
2025-03-26,-0.9999739888275262,0.9875803493794358
2025-03-27,-0.9999739888275262,0.9875803493794358
2025-03-28,-0.9999739888275262,0.9875803493794358
2025-03-31,-0.9096415211624703,0.7346032556367567
2025-04-01,-0.9999685664630351,0.9778842136604364
2025-04-02,-0.9999685664630351,0.9778842138641105
2025-04-03,-0.9999685664630351,0.9778842138641105
2025-04-04,-0.9999685664630351,0.9778842138641105
2025-04-07,-0.9999685664630351,0.9778842138641105
2025-04-08,-0.9999685664630351,0.9778842138641105
2025-04-09,-0.9999685664630351,0.9778842138641105
2025-04-10,-0.9999685664630351,0.9778842138641105
2025-04-11,-0.9999685664630351,0.9778842138641105
2025-04-14,-0.9999685664630351,0.9778842138641105
2025-04-15,-0.9999685664630351,0.9778842138641105
2025-04-16,-0.9999685664630351,0.9778842138641105
2025-04-17,-0.9999685664630351,0.9778842138641105
2025-04-18,-0.9999685664630351,0.9778842138641105
2025-04-21,-0.9999685664630351,0.9778842138641105
2025-04-22,-0.9999685664630351,0.9778842138641105
2025-04-23,-0.9999685664630351,0.9778842138641105
2025-04-24,-0.9999685664630351,0.9778842138641105
2025-04-25,-0.9999685664630351,0.9778842138641105
2025-04-28,-0.9999685664630351,0.9778842138641105
2025-04-29,-0.9999685664630351,0.9778842138641105
2025-04-30,-0.8268871944106112,-0.033191997374274564
2025-05-01,-0.9999540311174923,-0.15674019248534424
2025-05-02,-0.9999540311174923,-0.15674019338601675
2025-05-05,-0.9999540311174923,-0.15674019338601675
2025-05-06,-0.9999540311174923,-0.15674019338601675
2025-05-07,-0.9999540311174923,-0.15674019338601675
2025-05-08,-0.9999540311174923,-0.15674019338601675
2025-05-09,-0.9999540311174923,-0.15674019338601675
2025-05-12,-0.9999540311174923,-0.15674019338601675
2025-05-13,-0.9999540311174923,-0.15674019338601675
2025-05-14,-0.9999540311174923,-0.15674019338601675
2025-05-15,-0.9999540311174923,-0.15674019338601675
2025-05-16,-0.9999540311174923,-0.15674019338601675
2025-05-19,-0.9999540311174923,-0.15674019338601675
2025-05-20,-0.9999540311174923,-0.15674019338601675
2025-05-21,-0.9999540311174923,-0.15674019338601675
2025-05-22,-0.9999540311174923,-0.15674019338601675
2025-05-23,-0.9999540311174923,-0.15674019338601675
2025-05-26,-0.9999540311174923,-0.15674019338601675
2025-05-27,-0.9999540311174923,-0.15674019338601675
2025-05-28,-0.9999540311174923,-0.15674019338601675
2025-05-29,-0.9999540311174923,-0.15674019338601675
2025-05-30,-0.9999540311174923,-0.15674019338601675
2025-06-02,-1.0222021188516996,-1.4235747160907732
2025-06-03,-0.9999560102237516,-0.8216277597995454
2025-06-04,-0.9999560102237516,-0.8216277596517209
2025-06-05,-0.9999560102237516,-0.8216277596517209
2025-06-06,-0.9999560102237516,-0.8216277596517209
2025-06-09,-0.9999560102237516,-0.8216277596517209
2025-06-10,-0.9999560102237516,-0.8216277596517209
2025-06-11,-0.9999560102237516,-0.8216277596517209
2025-06-12,-0.9999560102237516,-0.8216277596517209
2025-06-13,-0.9999560102237516,-0.8216277596517209
2025-06-16,-0.9999560102237516,-0.8216277596517209
2025-06-17,-0.9999560102237516,-0.8216277596517209
2025-06-18,-0.9999560102237516,-0.8216277596517209
2025-06-19,-0.9999560102237516,-0.8216277596517209
2025-06-20,-0.9999560102237516,-0.8216277596517209
2025-06-23,-0.9999560102237516,-0.8216277596517209
2025-06-24,-0.9999560102237516,-0.8216277596517209
2025-06-25,-0.9999560102237516,-0.8216277596517209
2025-06-26,-0.9999560102237516,-0.8216277596517209
2025-06-27,-0.9999560102237516,-0.8216277596517209
2025-06-30,-0.9277407355933095,-2.592562532373336
2025-07-01,-0.999948895910399,-0.9766712857213987
2025-07-02,-0.999948895910399,-0.9766712854953015
2025-07-03,-0.999948895910399,-0.9766712854953015
2025-07-04,-0.999948895910399,-0.9766712854953015
2025-07-07,-0.999948895910399,-0.9766712854953015
2025-07-08,-0.999948895910399,-0.9766712854953015
2025-07-09,-0.999948895910399,-0.9766712854953015
2025-07-10,-0.999948895910399,-0.9766712854953015
2025-07-11,-0.999948895910399,-0.9766712854953015
2025-07-14,-0.999948895910399,-0.9766712854953015
2025-07-15,-0.999948895910399,-0.9766712854953015
2025-07-16,-0.999948895910399,-0.9766712854953015
2025-07-17,-0.999948895910399,-0.9766712854953015
2025-07-18,-0.999948895910399,-0.9766712854953015
2025-07-21,-0.999948895910399,-0.9766712854953015
2025-07-22,-0.999948895910399,-0.9766712854953015
2025-07-23,-0.999948895910399,-0.9766712854953015
2025-07-24,-0.999948895910399,-0.9766712854953015
2025-07-25,-0.999948895910399,-0.9766712854953015
2025-07-28,-0.999948895910399,-0.9766712854953015
2025-07-29,-0.999948895910399,-0.9766712854953015
2025-07-30,-0.999948895910399,-0.9766712854953015
2025-07-31,-1.2027550430361569,-0.19182856545352092
2025-08-01,-0.9999646762198002,-0.6662023453488752
2025-08-04,-0.9999646762198002,-0.6662023473368988
2025-08-05,-0.9999646762198002,-0.6662023473368988
2025-08-06,-0.9999646762198002,-0.6662023473368988
2025-08-07,-0.9999646762198002,-0.6662023473368988
2025-08-08,-0.9999646762198002,-0.6662023473368988
2025-08-11,-0.9999646762198002,-0.6662023473368988
2025-08-12,-0.9999646762198002,-0.6662023473368988
2025-08-13,-0.9999646762198002,-0.6662023473368988
2025-08-14,-0.9999646762198002,-0.6662023473368988
2025-08-15,-0.9999646762198002,-0.6662023473368988
2025-08-18,-0.9999646762198002,-0.6662023473368988
2025-08-19,-0.9999646762198002,-0.6662023473368988
2025-08-20,-0.9999646762198002,-0.6662023473368988
2025-08-21,-0.9999646762198002,-0.6662023473368988
2025-08-22,-0.9999646762198002,-0.6662023473368988
2025-08-25,-0.9999646762198002,-0.6662023473368988
2025-08-26,-0.9999646762198002,-0.6662023473368988
2025-08-27,-0.9999646762198002,-0.6662023473368988
2025-08-28,-0.9999646762198002,-0.6662023473368988
2025-08-29,-0.9999646762198002,-0.6662023473368988
2025-09-01,-0.9193541246909761,-4.11672639157072
2025-09-02,-0.9999582105532664,-0.9839843291997915
2025-09-03,-0.9999582105532664,-0.9839843289494932
2025-09-04,-0.9999582105532664,-0.9839843289494932
2025-09-05,-0.9999582105532664,-0.9839843289494932
2025-09-08,-0.9999582105532664,-0.9839843289494932
2025-09-09,-0.9999582105532664,-0.9839843289494932
2025-09-10,-0.9999582105532664,-0.9839843289494932
2025-09-11,-0.9999582105532664,-0.9839843289494932
2025-09-12,-0.9999582105532664,-0.9839843289494932
2025-09-15,-0.9999582105532664,-0.9839843289494932
2025-09-16,-0.9999582105532664,-0.9839843289494932
2025-09-17,-0.9999582105532664,-0.9839843289494932
2025-09-18,-0.9999582105532664,-0.9839843289494932
2025-09-19,-0.9999582105532664,-0.9839843289494932
2025-09-22,-0.9999582105532664,-0.9839843289494932
2025-09-23,-0.9999582105532664,-0.9839843289494932
2025-09-24,-0.9999582105532664,-0.9839843289494932
2025-09-25,-0.9999582105532664,-0.9839843289494932
2025-09-26,-0.9999582105532664,-0.9839843289494932
2025-09-29,-0.9999582105532664,-0.9839843289494932
2025-09-30,-1.0224978885006164,-1.0831718073125265
2025-10-01,-0.9999600325288579,-0.9867277364118807
2025-10-02,-0.9999600325288579,-0.9867277363665863
2025-10-03,-0.9999600325288579,-0.9867277363665863
2025-10-06,-0.9999600325288579,-0.9867277363665863
2025-10-07,-0.9999600325288579,-0.9867277363665863
2025-10-08,-0.9999600325288579,-0.9867277363665863
2025-10-09,-0.9999600325288579,-0.9867277363665863
2025-10-10,-0.9999600325288579,-0.9867277363665863
2025-10-13,-0.9999600325288579,-0.9867277363665863
2025-10-14,-0.9999600325288579,-0.9867277363665863
2025-10-15,-0.9999600325288579,-0.9867277363665863
2025-10-16,-0.9999600325288579,-0.9867277363665863
2025-10-17,-0.9999600325288579,-0.9867277363665863
2025-10-20,-0.9999600325288579,-0.9867277363665863
2025-10-21,-0.9999600325288579,-0.9867277363665863
2025-10-22,-0.9999600325288579,-0.9867277363665863
2025-10-23,-0.9999600325288579,-0.9867277363665863
2025-10-24,-0.9999600325288579,-0.9867277363665863
2025-10-27,-0.9999600325288579,-0.9867277363665863
2025-10-28,-0.9999600325288579,-0.9867277363665863
2025-10-29,-0.9999600325288579,-0.9867277363665863
2025-10-30,-0.9999600325288579,-0.9867277363665863
2025-10-31,-1.046100928245122,-0.5203905295598114
