date,USA_systemic_stress_f1,USA_systemic_stress_f2
1999-02-01,,
1999-02-02,,
1999-02-03,,
1999-02-04,,
1999-02-05,,
1999-02-08,,
1999-02-09,,
1999-02-10,,
1999-02-11,,
1999-02-12,,
1999-02-15,,
1999-02-16,,
1999-02-17,,
1999-02-18,,
1999-02-19,,
1999-02-22,,
1999-02-23,,
1999-02-24,,
1999-02-25,,
1999-02-26,,
1999-03-01,,
1999-03-02,,
1999-03-03,,
1999-03-04,,
1999-03-05,,
1999-03-08,,
1999-03-09,,
1999-03-10,,
1999-03-11,,
1999-03-12,,
1999-03-15,,
1999-03-16,,
1999-03-17,,
1999-03-18,,
1999-03-19,,
1999-03-22,,
1999-03-23,,
1999-03-24,,
1999-03-25,,
1999-03-26,,
1999-03-29,,
1999-03-30,,
1999-03-31,,
1999-04-01,,
1999-04-02,,
1999-04-05,,
1999-04-06,,
1999-04-07,,
1999-04-08,,
1999-04-09,,
1999-04-12,,
1999-04-13,,
1999-04-14,,
1999-04-15,,
1999-04-16,,
1999-04-19,,
1999-04-20,,
1999-04-21,,
1999-04-22,,
1999-04-23,,
1999-04-26,,
1999-04-27,,
1999-04-28,,
1999-04-29,,
1999-04-30,,
1999-05-03,,
1999-05-04,,
1999-05-05,,
1999-05-06,,
1999-05-07,,
1999-05-10,,
1999-05-11,,
1999-05-12,,
1999-05-13,,
1999-05-14,,
1999-05-17,,
1999-05-18,,
1999-05-19,,
1999-05-20,,
1999-05-21,,
1999-05-24,,
1999-05-25,,
1999-05-26,,
1999-05-27,,
1999-05-28,,
1999-05-31,,
1999-06-01,,
1999-06-02,,
1999-06-03,,
1999-06-04,,
1999-06-07,,
1999-06-08,,
1999-06-09,,
1999-06-10,,
1999-06-11,,
1999-06-14,,
1999-06-15,,
1999-06-16,,
1999-06-17,,
1999-06-18,,
1999-06-21,,
1999-06-22,,
1999-06-23,,
1999-06-24,,
1999-06-25,,
1999-06-28,,
1999-06-29,,
1999-06-30,,
1999-07-01,,
1999-07-02,,
1999-07-05,,
1999-07-06,,
1999-07-07,,
1999-07-08,,
1999-07-09,,
1999-07-12,,
1999-07-13,,
1999-07-14,,
1999-07-15,,
1999-07-16,,
1999-07-19,,
1999-07-20,,
1999-07-21,,
1999-07-22,,
1999-07-23,,
1999-07-26,,
1999-07-27,,
1999-07-28,,
1999-07-29,,
1999-07-30,,
1999-08-02,,
1999-08-03,,
1999-08-04,,
1999-08-05,,
1999-08-06,,
1999-08-09,,
1999-08-10,,
1999-08-11,,
1999-08-12,,
1999-08-13,,
1999-08-16,,
1999-08-17,,
1999-08-18,,
1999-08-19,,
1999-08-20,,
1999-08-23,,
1999-08-24,,
1999-08-25,,
1999-08-26,,
1999-08-27,,
1999-08-30,,
1999-08-31,,
1999-09-01,,
1999-09-02,,
1999-09-03,,
1999-09-06,,
1999-09-07,,
1999-09-08,,
1999-09-09,,
1999-09-10,,
1999-09-13,,
1999-09-14,,
1999-09-15,,
1999-09-16,,
1999-09-17,,
1999-09-20,,
1999-09-21,,
1999-09-22,,
1999-09-23,,
1999-09-24,,
1999-09-27,,
1999-09-28,,
1999-09-29,,
1999-09-30,,
1999-10-01,,
1999-10-04,,
1999-10-05,,
1999-10-06,,
1999-10-07,,
1999-10-08,,
1999-10-11,,
1999-10-12,,
1999-10-13,,
1999-10-14,,
1999-10-15,,
1999-10-18,,
1999-10-19,,
1999-10-20,,
1999-10-21,,
1999-10-22,,
1999-10-25,,
1999-10-26,,
1999-10-27,,
1999-10-28,,
1999-10-29,,
1999-11-01,,
1999-11-02,,
1999-11-03,,
1999-11-04,,
1999-11-05,,
1999-11-08,,
1999-11-09,,
1999-11-10,,
1999-11-11,,
1999-11-12,,
1999-11-15,,
1999-11-16,,
1999-11-17,,
1999-11-18,,
1999-11-19,,
1999-11-22,,
1999-11-23,,
1999-11-24,,
1999-11-25,,
1999-11-26,,
1999-11-29,,
1999-11-30,,
1999-12-01,,
1999-12-02,,
1999-12-03,,
1999-12-06,,
1999-12-07,,
1999-12-08,,
1999-12-09,,
1999-12-10,,
1999-12-13,,
1999-12-14,,
1999-12-15,,
1999-12-16,,
1999-12-17,,
1999-12-20,,
1999-12-21,,
1999-12-22,,
1999-12-23,,
1999-12-24,,
1999-12-27,,
1999-12-28,,
1999-12-29,,
1999-12-30,,
1999-12-31,,
2000-01-03,,
2000-01-04,,
2000-01-05,,
2000-01-06,,
2000-01-07,,
2000-01-10,,
2000-01-11,,
2000-01-12,,
2000-01-13,,
2000-01-14,,
2000-01-17,,
2000-01-18,,
2000-01-19,,
2000-01-20,,
2000-01-21,,
2000-01-24,,
2000-01-25,,
2000-01-26,,
2000-01-27,,
2000-01-28,,
2000-01-31,,
2000-02-01,,
2000-02-02,,
2000-02-03,,
2000-02-04,,
2000-02-07,,
2000-02-08,,
2000-02-09,,
2000-02-10,,
2000-02-11,,
2000-02-14,,
2000-02-15,,
2000-02-16,,
2000-02-17,,
2000-02-18,,
2000-02-21,,
2000-02-22,,
2000-02-23,,
2000-02-24,,
2000-02-25,,
2000-02-28,,
2000-02-29,,
2000-03-01,,
2000-03-02,,
2000-03-03,,
2000-03-06,,
2000-03-07,,
2000-03-08,,
2000-03-09,,
2000-03-10,,
2000-03-13,,
2000-03-14,,
2000-03-15,,
2000-03-16,,
2000-03-17,,
2000-03-20,,
2000-03-21,,
2000-03-22,,
2000-03-23,,
2000-03-24,,
2000-03-27,,
2000-03-28,,
2000-03-29,,
2000-03-30,,
2000-03-31,,
2000-04-03,,
2000-04-04,,
2000-04-05,,
2000-04-06,,
2000-04-07,,
2000-04-10,,
2000-04-11,,
2000-04-12,,
2000-04-13,,
2000-04-14,,
2000-04-17,,
2000-04-18,,
2000-04-19,,
2000-04-20,,
2000-04-21,,
2000-04-24,,
2000-04-25,,
2000-04-26,,
2000-04-27,,
2000-04-28,,
2000-05-01,,
2000-05-02,,
2000-05-03,,
2000-05-04,,
2000-05-05,,
2000-05-08,,
2000-05-09,,
2000-05-10,,
2000-05-11,,
2000-05-12,,
2000-05-15,,
2000-05-16,,
2000-05-17,,
2000-05-18,,
2000-05-19,,
2000-05-22,,
2000-05-23,,
2000-05-24,,
2000-05-25,,
2000-05-26,,
2000-05-29,,
2000-05-30,,
2000-05-31,,
2000-06-01,,
2000-06-02,,
2000-06-05,,
2000-06-06,,
2000-06-07,,
2000-06-08,,
2000-06-09,,
2000-06-12,,
2000-06-13,,
2000-06-14,,
2000-06-15,,
2000-06-16,,
2000-06-19,,
2000-06-20,,
2000-06-21,,
2000-06-22,,
2000-06-23,,
2000-06-26,,
2000-06-27,,
2000-06-28,,
2000-06-29,,
2000-06-30,,
2000-07-03,,
2000-07-04,,
2000-07-05,,
2000-07-06,,
2000-07-07,,
2000-07-10,,
2000-07-11,,
2000-07-12,,
2000-07-13,,
2000-07-14,,
2000-07-17,,
2000-07-18,,
2000-07-19,,
2000-07-20,,
2000-07-21,,
2000-07-24,,
2000-07-25,,
2000-07-26,,
2000-07-27,,
2000-07-28,,
2000-07-31,,
2000-08-01,,
2000-08-02,,
2000-08-03,,
2000-08-04,,
2000-08-07,,
2000-08-08,,
2000-08-09,,
2000-08-10,,
2000-08-11,,
2000-08-14,,
2000-08-15,,
2000-08-16,,
2000-08-17,,
2000-08-18,,
2000-08-21,,
2000-08-22,,
2000-08-23,,
2000-08-24,,
2000-08-25,,
2000-08-28,,
2000-08-29,,
2000-08-30,,
2000-08-31,,
2000-09-01,,
2000-09-04,,
2000-09-05,,
2000-09-06,,
2000-09-07,,
2000-09-08,,
2000-09-11,,
2000-09-12,,
2000-09-13,,
2000-09-14,,
2000-09-15,,
2000-09-18,,
2000-09-19,,
2000-09-20,,
2000-09-21,,
2000-09-22,,
2000-09-25,,
2000-09-26,,
2000-09-27,,
2000-09-28,,
2000-09-29,,
2000-10-02,,
2000-10-03,,
2000-10-04,,
2000-10-05,,
2000-10-06,,
2000-10-09,,
2000-10-10,,
2000-10-11,,
2000-10-12,,
2000-10-13,,
2000-10-16,,
2000-10-17,,
2000-10-18,,
2000-10-19,,
2000-10-20,,
2000-10-23,,
2000-10-24,,
2000-10-25,,
2000-10-26,,
2000-10-27,,
2000-10-30,,
2000-10-31,,
2000-11-01,,
2000-11-02,,
2000-11-03,,
2000-11-06,,
2000-11-07,,
2000-11-08,,
2000-11-09,,
2000-11-10,,
2000-11-13,,
2000-11-14,,
2000-11-15,,
2000-11-16,,
2000-11-17,,
2000-11-20,,
2000-11-21,,
2000-11-22,,
2000-11-23,,
2000-11-24,,
2000-11-27,,
2000-11-28,,
2000-11-29,,
2000-11-30,,
2000-12-01,,
2000-12-04,,
2000-12-05,,
2000-12-06,,
2000-12-07,,
2000-12-08,,
2000-12-11,,
2000-12-12,,
2000-12-13,,
2000-12-14,,
2000-12-15,,
2000-12-18,,
2000-12-19,,
2000-12-20,,
2000-12-21,,
2000-12-22,,
2000-12-25,,
2000-12-26,,
2000-12-27,,
2000-12-28,,
2000-12-29,,
2001-01-01,,
2001-01-02,,
2001-01-03,,
2001-01-04,,
2001-01-05,,
2001-01-08,,
2001-01-09,,
2001-01-10,,
2001-01-11,,
2001-01-12,,
2001-01-15,,
2001-01-16,,
2001-01-17,,
2001-01-18,,
2001-01-19,,
2001-01-22,,
2001-01-23,,
2001-01-24,,
2001-01-25,,
2001-01-26,,
2001-01-29,,
2001-01-30,,
2001-01-31,,
2001-02-01,,
2001-02-02,,
2001-02-05,,
2001-02-06,,
2001-02-07,,
2001-02-08,,
2001-02-09,,
2001-02-12,,
2001-02-13,,
2001-02-14,,
2001-02-15,,
2001-02-16,,
2001-02-19,,
2001-02-20,,
2001-02-21,,
2001-02-22,,
2001-02-23,,
2001-02-26,,
2001-02-27,,
2001-02-28,,
2001-03-01,,
2001-03-02,,
2001-03-05,,
2001-03-06,,
2001-03-07,,
2001-03-08,,
2001-03-09,,
2001-03-12,,
2001-03-13,,
2001-03-14,,
2001-03-15,,
2001-03-16,,
2001-03-19,,
2001-03-20,,
2001-03-21,,
2001-03-22,,
2001-03-23,,
2001-03-26,,
2001-03-27,,
2001-03-28,,
2001-03-29,,
2001-03-30,,
2001-04-02,,
2001-04-03,,
2001-04-04,,
2001-04-05,,
2001-04-06,,
2001-04-09,,
2001-04-10,,
2001-04-11,,
2001-04-12,,
2001-04-13,,
2001-04-16,,
2001-04-17,,
2001-04-18,,
2001-04-19,,
2001-04-20,,
2001-04-23,,
2001-04-24,,
2001-04-25,,
2001-04-26,,
2001-04-27,,
2001-04-30,,
2001-05-01,,
2001-05-02,,
2001-05-03,,
2001-05-04,,
2001-05-07,,
2001-05-08,,
2001-05-09,,
2001-05-10,,
2001-05-11,,
2001-05-14,,
2001-05-15,,
2001-05-16,,
2001-05-17,,
2001-05-18,,
2001-05-21,,
2001-05-22,,
2001-05-23,,
2001-05-24,,
2001-05-25,,
2001-05-28,,
2001-05-29,,
2001-05-30,,
2001-05-31,,
2001-06-01,,
2001-06-04,,
2001-06-05,,
2001-06-06,,
2001-06-07,,
2001-06-08,,
2001-06-11,,
2001-06-12,,
2001-06-13,,
2001-06-14,,
2001-06-15,,
2001-06-18,,
2001-06-19,,
2001-06-20,,
2001-06-21,,
2001-06-22,,
2001-06-25,,
2001-06-26,,
2001-06-27,,
2001-06-28,,
2001-06-29,,
2001-07-02,,
2001-07-03,,
2001-07-04,,
2001-07-05,,
2001-07-06,,
2001-07-09,,
2001-07-10,,
2001-07-11,,
2001-07-12,,
2001-07-13,,
2001-07-16,,
2001-07-17,,
2001-07-18,,
2001-07-19,,
2001-07-20,,
2001-07-23,,
2001-07-24,,
2001-07-25,,
2001-07-26,,
2001-07-27,,
2001-07-30,,
2001-07-31,,
2001-08-01,,
2001-08-02,,
2001-08-03,,
2001-08-06,,
2001-08-07,,
2001-08-08,,
2001-08-09,,
2001-08-10,,
2001-08-13,,
2001-08-14,,
2001-08-15,,
2001-08-16,,
2001-08-17,,
2001-08-20,,
2001-08-21,,
2001-08-22,,
2001-08-23,,
2001-08-24,,
2001-08-27,,
2001-08-28,,
2001-08-29,,
2001-08-30,,
2001-08-31,,
2001-09-03,,
2001-09-04,,
2001-09-05,,
2001-09-06,,
2001-09-07,,
2001-09-10,,
2001-09-11,,
2001-09-12,,
2001-09-13,,
2001-09-14,,
2001-09-17,,
2001-09-18,,
2001-09-19,,
2001-09-20,,
2001-09-21,,
2001-09-24,,
2001-09-25,,
2001-09-26,,
2001-09-27,,
2001-09-28,,
2001-10-01,,
2001-10-02,,
2001-10-03,,
2001-10-04,,
2001-10-05,,
2001-10-08,,
2001-10-09,,
2001-10-10,,
2001-10-11,,
2001-10-12,,
2001-10-15,,
2001-10-16,,
2001-10-17,,
2001-10-18,,
2001-10-19,,
2001-10-22,,
2001-10-23,,
2001-10-24,,
2001-10-25,,
2001-10-26,,
2001-10-29,,
2001-10-30,,
2001-10-31,,
2001-11-01,,
2001-11-02,,
2001-11-05,,
2001-11-06,,
2001-11-07,,
2001-11-08,,
2001-11-09,,
2001-11-12,,
2001-11-13,,
2001-11-14,,
2001-11-15,,
2001-11-16,,
2001-11-19,,
2001-11-20,,
2001-11-21,,
2001-11-22,,
2001-11-23,,
2001-11-26,,
2001-11-27,,
2001-11-28,,
2001-11-29,,
2001-11-30,,
2001-12-03,,
2001-12-04,,
2001-12-05,,
2001-12-06,,
2001-12-07,,
2001-12-10,,
2001-12-11,,
2001-12-12,,
2001-12-13,,
2001-12-14,,
2001-12-17,,
2001-12-18,,
2001-12-19,,
2001-12-20,,
2001-12-21,,
2001-12-24,,
2001-12-25,,
2001-12-26,,
2001-12-27,,
2001-12-28,,
2001-12-31,,
2002-01-01,,
2002-01-02,,
2002-01-03,,
2002-01-04,,
2002-01-07,,
2002-01-08,,
2002-01-09,,
2002-01-10,,
2002-01-11,,
2002-01-14,,
2002-01-15,,
2002-01-16,,
2002-01-17,,
2002-01-18,,
2002-01-21,,
2002-01-22,,
2002-01-23,,
2002-01-24,,
2002-01-25,,
2002-01-28,,
2002-01-29,,
2002-01-30,,
2002-01-31,,
2002-02-01,,
2002-02-04,,
2002-02-05,,
2002-02-06,,
2002-02-07,,
2002-02-08,,
2002-02-11,,
2002-02-12,,
2002-02-13,,
2002-02-14,,
2002-02-15,,
2002-02-18,,
2002-02-19,,
2002-02-20,,
2002-02-21,,
2002-02-22,,
2002-02-25,,
2002-02-26,,
2002-02-27,,
2002-02-28,,
2002-03-01,,
2002-03-04,,
2002-03-05,,
2002-03-06,,
2002-03-07,,
2002-03-08,,
2002-03-11,,
2002-03-12,,
2002-03-13,,
2002-03-14,,
2002-03-15,,
2002-03-18,,
2002-03-19,,
2002-03-20,,
2002-03-21,,
2002-03-22,,
2002-03-25,,
2002-03-26,,
2002-03-27,,
2002-03-28,,
2002-03-29,,
2002-04-01,,
2002-04-02,,
2002-04-03,,
2002-04-04,,
2002-04-05,,
2002-04-08,,
2002-04-09,,
2002-04-10,,
2002-04-11,,
2002-04-12,,
2002-04-15,,
2002-04-16,,
2002-04-17,,
2002-04-18,,
2002-04-19,,
2002-04-22,,
2002-04-23,,
2002-04-24,,
2002-04-25,,
2002-04-26,,
2002-04-29,,
2002-04-30,,
2002-05-01,,
2002-05-02,,
2002-05-03,,
2002-05-06,,
2002-05-07,,
2002-05-08,,
2002-05-09,,
2002-05-10,,
2002-05-13,,
2002-05-14,,
2002-05-15,,
2002-05-16,,
2002-05-17,,
2002-05-20,,
2002-05-21,,
2002-05-22,,
2002-05-23,,
2002-05-24,,
2002-05-27,,
2002-05-28,,
2002-05-29,,
2002-05-30,,
2002-05-31,,
2002-06-03,,
2002-06-04,,
2002-06-05,,
2002-06-06,,
2002-06-07,,
2002-06-10,,
2002-06-11,,
2002-06-12,,
2002-06-13,,
2002-06-14,,
2002-06-17,,
2002-06-18,,
2002-06-19,,
2002-06-20,,
2002-06-21,,
2002-06-24,,
2002-06-25,,
2002-06-26,,
2002-06-27,,
2002-06-28,,
2002-07-01,,
2002-07-02,,
2002-07-03,,
2002-07-04,,
2002-07-05,,
2002-07-08,,
2002-07-09,,
2002-07-10,,
2002-07-11,,
2002-07-12,,
2002-07-15,,
2002-07-16,,
2002-07-17,,
2002-07-18,,
2002-07-19,,
2002-07-22,,
2002-07-23,,
2002-07-24,,
2002-07-25,,
2002-07-26,,
2002-07-29,,
2002-07-30,,
2002-07-31,,
2002-08-01,,
2002-08-02,,
2002-08-05,,
2002-08-06,,
2002-08-07,,
2002-08-08,,
2002-08-09,,
2002-08-12,,
2002-08-13,,
2002-08-14,,
2002-08-15,,
2002-08-16,,
2002-08-19,,
2002-08-20,,
2002-08-21,,
2002-08-22,,
2002-08-23,,
2002-08-26,,
2002-08-27,,
2002-08-28,,
2002-08-29,,
2002-08-30,,
2002-09-02,,
2002-09-03,,
2002-09-04,,
2002-09-05,,
2002-09-06,,
2002-09-09,,
2002-09-10,,
2002-09-11,,
2002-09-12,,
2002-09-13,,
2002-09-16,,
2002-09-17,,
2002-09-18,,
2002-09-19,,
2002-09-20,,
2002-09-23,,
2002-09-24,,
2002-09-25,,
2002-09-26,,
2002-09-27,,
2002-09-30,,
2002-10-01,,
2002-10-02,,
2002-10-03,,
2002-10-04,,
2002-10-07,,
2002-10-08,,
2002-10-09,,
2002-10-10,,
2002-10-11,,
2002-10-14,,
2002-10-15,,
2002-10-16,,
2002-10-17,,
2002-10-18,,
2002-10-21,,
2002-10-22,,
2002-10-23,,
2002-10-24,,
2002-10-25,,
2002-10-28,,
2002-10-29,,
2002-10-30,,
2002-10-31,,
2002-11-01,,
2002-11-04,,
2002-11-05,,
2002-11-06,,
2002-11-07,,
2002-11-08,,
2002-11-11,,
2002-11-12,,
2002-11-13,,
2002-11-14,,
2002-11-15,,
2002-11-18,,
2002-11-19,,
2002-11-20,,
2002-11-21,,
2002-11-22,,
2002-11-25,,
2002-11-26,,
2002-11-27,,
2002-11-28,,
2002-11-29,,
2002-12-02,1.6436130956432948,0.1547808343950559
2002-12-03,1.667023123078539,0.1711124068645833
2002-12-04,1.6670231232103452,0.17111240686476228
2002-12-05,1.6670231232103452,0.17111240686476228
2002-12-06,1.6670231232103452,0.17111240686476228
2002-12-09,1.6670231232103452,0.17111240686476228
2002-12-10,1.6670231232103452,0.17111240686476228
2002-12-11,1.6670231232103452,0.17111240686476228
2002-12-12,1.6670231232103452,0.17111240686476228
2002-12-13,1.6670231232103452,0.17111240686476228
2002-12-16,1.6670231232103452,0.17111240686476228
2002-12-17,1.6670231232103452,0.17111240686476228
2002-12-18,1.6670231232103452,0.17111240686476228
2002-12-19,1.6670231232103452,0.17111240686476228
2002-12-20,1.6670231232103452,0.17111240686476228
2002-12-23,1.6670231232103452,0.17111240686476228
2002-12-24,1.6670231232103452,0.17111240686476228
2002-12-25,1.6670231232103452,0.17111240686476228
2002-12-26,1.6670231232103452,0.17111240686476228
2002-12-27,1.6670231232103452,0.17111240686476228
2002-12-30,1.6670231232103452,0.17111240686476228
2002-12-31,1.6670231232103452,0.17111240686476228
2003-01-01,1.6053559126026027,0.07638975187887763
2003-01-02,1.6053559122462255,0.07638975187711158
2003-01-03,1.6053559122462255,0.07638975187711158
2003-01-06,1.6053559122462255,0.07638975187711158
2003-01-07,1.6053559122462255,0.07638975187711158
2003-01-08,1.6053559122462255,0.07638975187711158
2003-01-09,1.6053559122462255,0.07638975187711158
2003-01-10,1.6053559122462255,0.07638975187711158
2003-01-13,1.6053559122462255,0.07638975187711158
2003-01-14,1.6053559122462255,0.07638975187711158
2003-01-15,1.6053559122462255,0.07638975187711158
2003-01-16,1.6053559122462255,0.07638975187711158
2003-01-17,1.6053559122462255,0.07638975187711158
2003-01-20,1.6053559122462255,0.07638975187711158
2003-01-21,1.6053559122462255,0.07638975187711158
2003-01-22,1.6053559122462255,0.07638975187711158
2003-01-23,1.6053559122462255,0.07638975187711158
2003-01-24,1.6053559122462255,0.07638975187711158
2003-01-27,1.6053559122462255,0.07638975187711158
2003-01-28,1.6053559122462255,0.07638975187711158
2003-01-29,1.6053559122462255,0.07638975187711158
2003-01-30,1.6053559122462255,0.07638975187711158
2003-01-31,1.6053559122462255,0.07638975187711158
2003-02-03,1.4893360314929924,0.15014182229760853
2003-02-04,1.489336030809521,0.15014182229824885
2003-02-05,1.489336030809521,0.15014182229824885
2003-02-06,1.489336030809521,0.15014182229824885
2003-02-07,1.489336030809521,0.15014182229824885
2003-02-10,1.489336030809521,0.15014182229824885
2003-02-11,1.489336030809521,0.15014182229824885
2003-02-12,1.489336030809521,0.15014182229824885
2003-02-13,1.489336030809521,0.15014182229824885
2003-02-14,1.489336030809521,0.15014182229824885
2003-02-17,1.489336030809521,0.15014182229824885
2003-02-18,1.489336030809521,0.15014182229824885
2003-02-19,1.489336030809521,0.15014182229824885
2003-02-20,1.489336030809521,0.15014182229824885
2003-02-21,1.489336030809521,0.15014182229824885
2003-02-24,1.489336030809521,0.15014182229824885
2003-02-25,1.489336030809521,0.15014182229824885
2003-02-26,1.489336030809521,0.15014182229824885
2003-02-27,1.489336030809521,0.15014182229824885
2003-02-28,1.489336030809521,0.15014182229824885
2003-03-03,1.3570376248158653,0.1350045100397771
2003-03-04,1.3570376240291495,0.1350045100395931
2003-03-05,1.3570376240291495,0.1350045100395931
2003-03-06,1.3570376240291495,0.1350045100395931
2003-03-07,1.3570376240291495,0.1350045100395931
2003-03-10,1.3570376240291495,0.1350045100395931
2003-03-11,1.3570376240291495,0.1350045100395931
2003-03-12,1.3570376240291495,0.1350045100395931
2003-03-13,1.3570376240291495,0.1350045100395931
2003-03-14,1.3570376240291495,0.1350045100395931
2003-03-17,1.3570376240291495,0.1350045100395931
2003-03-18,1.3570376240291495,0.1350045100395931
2003-03-19,1.3570376240291495,0.1350045100395931
2003-03-20,1.3570376240291495,0.1350045100395931
2003-03-21,1.3570376240291495,0.1350045100395931
2003-03-24,1.3570376240291495,0.1350045100395931
2003-03-25,1.3570376240291495,0.1350045100395931
2003-03-26,1.3570376240291495,0.1350045100395931
2003-03-27,1.3570376240291495,0.1350045100395931
2003-03-28,1.3570376240291495,0.1350045100395931
2003-03-31,1.3570376240291495,0.1350045100395931
2003-04-01,1.3001175642659526,0.1062351129716398
2003-04-02,1.3001175639361433,0.10623511297126387
2003-04-03,1.3001175639361433,0.10623511297126387
2003-04-04,1.3001175639361433,0.10623511297126387
2003-04-07,1.3001175639361433,0.10623511297126387
2003-04-08,1.3001175639361433,0.10623511297126387
2003-04-09,1.3001175639361433,0.10623511297126387
2003-04-10,1.3001175639361433,0.10623511297126387
2003-04-11,1.3001175639361433,0.10623511297126387
2003-04-14,1.3001175639361433,0.10623511297126387
2003-04-15,1.3001175639361433,0.10623511297126387
2003-04-16,1.3001175639361433,0.10623511297126387
2003-04-17,1.3001175639361433,0.10623511297126387
2003-04-18,1.3001175639361433,0.10623511297126387
2003-04-21,1.3001175639361433,0.10623511297126387
2003-04-22,1.3001175639361433,0.10623511297126387
2003-04-23,1.3001175639361433,0.10623511297126387
2003-04-24,1.3001175639361433,0.10623511297126387
2003-04-25,1.3001175639361433,0.10623511297126387
2003-04-28,1.3001175639361433,0.10623511297126387
2003-04-29,1.3001175639361433,0.10623511297126387
2003-04-30,1.3001175639361433,0.10623511297126387
2003-05-01,0.9218374689039336,0.27271335153859433
2003-05-02,0.9218374663189511,0.27271335153992554
2003-05-05,0.9218374663189511,0.27271335153992554
2003-05-06,0.9218374663189511,0.27271335153992554
2003-05-07,0.9218374663189511,0.27271335153992554
2003-05-08,0.9218374663189511,0.27271335153992554
2003-05-09,0.9218374663189511,0.27271335153992554
2003-05-12,0.9218374663189511,0.27271335153992554
2003-05-13,0.9218374663189511,0.27271335153992554
2003-05-14,0.9218374663189511,0.27271335153992554
2003-05-15,0.9218374663189511,0.27271335153992554
2003-05-16,0.9218374663189511,0.27271335153992554
2003-05-19,0.9218374663189511,0.27271335153992554
2003-05-20,0.9218374663189511,0.27271335153992554
2003-05-21,0.9218374663189511,0.27271335153992554
2003-05-22,0.9218374663189511,0.27271335153992554
2003-05-23,0.9218374663189511,0.27271335153992554
2003-05-26,0.9218374663189511,0.27271335153992554
2003-05-27,0.9218374663189511,0.27271335153992554
2003-05-28,0.9218374663189511,0.27271335153992554
2003-05-29,0.9218374663189511,0.27271335153992554
2003-05-30,0.9218374663189511,0.27271335153992554
2003-06-02,0.9218374663189511,0.27271335153992554
2003-06-03,0.8073090139082659,0.16104710109655168
2003-06-04,0.8073090132128117,0.16104710109482095
2003-06-05,0.8073090132128117,0.16104710109482095
2003-06-06,0.8073090132128117,0.16104710109482095
2003-06-09,0.8073090132128117,0.16104710109482095
2003-06-10,0.8073090132128117,0.16104710109482095
2003-06-11,0.8073090132128117,0.16104710109482095
2003-06-12,0.8073090132128117,0.16104710109482095
2003-06-13,0.8073090132128117,0.16104710109482095
2003-06-16,0.8073090132128117,0.16104710109482095
2003-06-17,0.8073090132128117,0.16104710109482095
2003-06-18,0.8073090132128117,0.16104710109482095
2003-06-19,0.8073090132128117,0.16104710109482095
2003-06-20,0.8073090132128117,0.16104710109482095
2003-06-23,0.8073090132128117,0.16104710109482095
2003-06-24,0.8073090132128117,0.16104710109482095
2003-06-25,0.8073090132128117,0.16104710109482095
2003-06-26,0.8073090132128117,0.16104710109482095
2003-06-27,0.8073090132128117,0.16104710109482095
2003-06-30,0.8073090132128117,0.16104710109482095
2003-07-01,0.6938685607654471,0.061569385954527704
2003-07-02,0.6938685600696446,0.06156938595245792
2003-07-03,0.6938685600696446,0.06156938595245792
2003-07-04,0.6938685600696446,0.06156938595245792
2003-07-07,0.6938685600696446,0.06156938595245792
2003-07-08,0.6938685600696446,0.06156938595245792
2003-07-09,0.6938685600696446,0.06156938595245792
2003-07-10,0.6938685600696446,0.06156938595245792
2003-07-11,0.6938685600696446,0.06156938595245792
2003-07-14,0.6938685600696446,0.06156938595245792
2003-07-15,0.6938685600696446,0.06156938595245792
2003-07-16,0.6938685600696446,0.06156938595245792
2003-07-17,0.6938685600696446,0.06156938595245792
2003-07-18,0.6938685600696446,0.06156938595245792
2003-07-21,0.6938685600696446,0.06156938595245792
2003-07-22,0.6938685600696446,0.06156938595245792
2003-07-23,0.6938685600696446,0.06156938595245792
2003-07-24,0.6938685600696446,0.06156938595245792
2003-07-25,0.6938685600696446,0.06156938595245792
2003-07-28,0.6938685600696446,0.06156938595245792
2003-07-29,0.6938685600696446,0.06156938595245792
2003-07-30,0.6938685600696446,0.06156938595245792
2003-07-31,0.6938685600696446,0.06156938595245792
2003-08-01,0.779423584185529,0.614427061045022
2003-08-04,0.779423584644013,0.6144270610485222
2003-08-05,0.779423584644013,0.6144270610485222
2003-08-06,0.779423584644013,0.6144270610485222
2003-08-07,0.779423584644013,0.6144270610485222
2003-08-08,0.779423584644013,0.6144270610485222
2003-08-11,0.779423584644013,0.6144270610485222
2003-08-12,0.779423584644013,0.6144270610485222
2003-08-13,0.779423584644013,0.6144270610485222
2003-08-14,0.779423584644013,0.6144270610485222
2003-08-15,0.779423584644013,0.6144270610485222
2003-08-18,0.779423584644013,0.6144270610485222
2003-08-19,0.779423584644013,0.6144270610485222
2003-08-20,0.779423584644013,0.6144270610485222
2003-08-21,0.779423584644013,0.6144270610485222
2003-08-22,0.779423584644013,0.6144270610485222
2003-08-25,0.779423584644013,0.6144270610485222
2003-08-26,0.779423584644013,0.6144270610485222
2003-08-27,0.779423584644013,0.6144270610485222
2003-08-28,0.779423584644013,0.6144270610485222
2003-08-29,0.779423584644013,0.6144270610485222
2003-09-01,0.779423584644013,0.6144270610485222
2003-09-02,0.6922448677151598,0.7042387497799238
2003-09-03,0.6922448671897189,0.7042387497808915
2003-09-04,0.6922448671897189,0.7042387497808915
2003-09-05,0.6922448671897189,0.7042387497808915
2003-09-08,0.6922448671897189,0.7042387497808915
2003-09-09,0.6922448671897189,0.7042387497808915
2003-09-10,0.6922448671897189,0.7042387497808915
2003-09-11,0.6922448671897189,0.7042387497808915
2003-09-12,0.6922448671897189,0.7042387497808915
2003-09-15,0.6922448671897189,0.7042387497808915
2003-09-16,0.6922448671897189,0.7042387497808915
2003-09-17,0.6922448671897189,0.7042387497808915
2003-09-18,0.6922448671897189,0.7042387497808915
2003-09-19,0.6922448671897189,0.7042387497808915
2003-09-22,0.6922448671897189,0.7042387497808915
2003-09-23,0.6922448671897189,0.7042387497808915
2003-09-24,0.6922448671897189,0.7042387497808915
2003-09-25,0.6922448671897189,0.7042387497808915
2003-09-26,0.6922448671897189,0.7042387497808915
2003-09-29,0.6922448671897189,0.7042387497808915
2003-09-30,0.6922448671897189,0.7042387497808915
2003-10-01,0.8509696427104453,0.5932750654404179
2003-10-02,0.8509696435265016,0.5932750654390214
2003-10-03,0.8509696435265016,0.5932750654390214
2003-10-06,0.8509696435265016,0.5932750654390214
2003-10-07,0.8509696435265016,0.5932750654390214
2003-10-08,0.8509696435265016,0.5932750654390214
2003-10-09,0.8509696435265016,0.5932750654390214
2003-10-10,0.8509696435265016,0.5932750654390214
2003-10-13,0.8509696435265016,0.5932750654390214
2003-10-14,0.8509696435265016,0.5932750654390214
2003-10-15,0.8509696435265016,0.5932750654390214
2003-10-16,0.8509696435265016,0.5932750654390214
2003-10-17,0.8509696435265016,0.5932750654390214
2003-10-20,0.8509696435265016,0.5932750654390214
2003-10-21,0.8509696435265016,0.5932750654390214
2003-10-22,0.8509696435265016,0.5932750654390214
2003-10-23,0.8509696435265016,0.5932750654390214
2003-10-24,0.8509696435265016,0.5932750654390214
2003-10-27,0.8509696435265016,0.5932750654390214
2003-10-28,0.8509696435265016,0.5932750654390214
2003-10-29,0.8509696435265016,0.5932750654390214
2003-10-30,0.8509696435265016,0.5932750654390214
2003-10-31,0.8509696435265016,0.5932750654390214
2003-11-03,0.593880750244504,0.83762469083076
2003-11-04,0.5938807484712534,0.8376246908331619
2003-11-05,0.5938807484712534,0.8376246908331619
2003-11-06,0.5938807484712534,0.8376246908331619
2003-11-07,0.5938807484712534,0.8376246908331619
2003-11-10,0.5938807484712534,0.8376246908331619
2003-11-11,0.5938807484712534,0.8376246908331619
2003-11-12,0.5938807484712534,0.8376246908331619
2003-11-13,0.5938807484712534,0.8376246908331619
2003-11-14,0.5938807484712534,0.8376246908331619
2003-11-17,0.5938807484712534,0.8376246908331619
2003-11-18,0.5938807484712534,0.8376246908331619
2003-11-19,0.5938807484712534,0.8376246908331619
2003-11-20,0.5938807484712534,0.8376246908331619
2003-11-21,0.5938807484712534,0.8376246908331619
2003-11-24,0.5938807484712534,0.8376246908331619
2003-11-25,0.5938807484712534,0.8376246908331619
2003-11-26,0.5938807484712534,0.8376246908331619
2003-11-27,0.5938807484712534,0.8376246908331619
2003-11-28,0.5938807484712534,0.8376246908331619
2003-12-01,0.5938807484712534,0.8376246908331619
2003-12-02,0.5298396678782674,0.9716438301080431
2003-12-03,0.529839667493201,0.9716438301094792
2003-12-04,0.529839667493201,0.9716438301094792
2003-12-05,0.529839667493201,0.9716438301094792
2003-12-08,0.529839667493201,0.9716438301094792
2003-12-09,0.529839667493201,0.9716438301094792
2003-12-10,0.529839667493201,0.9716438301094792
2003-12-11,0.529839667493201,0.9716438301094792
2003-12-12,0.529839667493201,0.9716438301094792
2003-12-15,0.529839667493201,0.9716438301094792
2003-12-16,0.529839667493201,0.9716438301094792
2003-12-17,0.529839667493201,0.9716438301094792
2003-12-18,0.529839667493201,0.9716438301094792
2003-12-19,0.529839667493201,0.9716438301094792
2003-12-22,0.529839667493201,0.9716438301094792
2003-12-23,0.529839667493201,0.9716438301094792
2003-12-24,0.529839667493201,0.9716438301094792
2003-12-25,0.529839667493201,0.9716438301094792
2003-12-26,0.529839667493201,0.9716438301094792
2003-12-29,0.529839667493201,0.9716438301094792
2003-12-30,0.529839667493201,0.9716438301094792
2003-12-31,0.529839667493201,0.9716438301094792
2004-01-01,0.5660078497534667,1.046008247800839
2004-01-02,0.5660078499519928,1.0460082478016646
2004-01-05,0.5660078499519928,1.0460082478016646
2004-01-06,0.5660078499519928,1.0460082478016646
2004-01-07,0.5660078499519928,1.0460082478016646
2004-01-08,0.5660078499519928,1.0460082478016646
2004-01-09,0.5660078499519928,1.0460082478016646
2004-01-12,0.5660078499519928,1.0460082478016646
2004-01-13,0.5660078499519928,1.0460082478016646
2004-01-14,0.5660078499519928,1.0460082478016646
2004-01-15,0.5660078499519928,1.0460082478016646
2004-01-16,0.5660078499519928,1.0460082478016646
2004-01-19,0.5660078499519928,1.0460082478016646
2004-01-20,0.5660078499519928,1.0460082478016646
2004-01-21,0.5660078499519928,1.0460082478016646
2004-01-22,0.5660078499519928,1.0460082478016646
2004-01-23,0.5660078499519928,1.0460082478016646
2004-01-26,0.5660078499519928,1.0460082478016646
2004-01-27,0.5660078499519928,1.0460082478016646
2004-01-28,0.5660078499519928,1.0460082478016646
2004-01-29,0.5660078499519928,1.0460082478016646
2004-01-30,0.5660078499519928,1.0460082478016646
2004-02-02,0.5660078499519928,1.0460082478016646
2004-02-03,0.343909777422448,0.8767967218878185
2004-02-04,0.3439097757564843,0.8767967218856831
2004-02-05,0.3439097757564843,0.8767967218856831
2004-02-06,0.3439097757564843,0.8767967218856831
2004-02-09,0.3439097757564843,0.8767967218856831
2004-02-10,0.3439097757564843,0.8767967218856831
2004-02-11,0.3439097757564843,0.8767967218856831
2004-02-12,0.3439097757564843,0.8767967218856831
2004-02-13,0.3439097757564843,0.8767967218856831
2004-02-16,0.3439097757564843,0.8767967218856831
2004-02-17,0.3439097757564843,0.8767967218856831
2004-02-18,0.3439097757564843,0.8767967218856831
2004-02-19,0.3439097757564843,0.8767967218856831
2004-02-20,0.3439097757564843,0.8767967218856831
2004-02-23,0.3439097757564843,0.8767967218856831
2004-02-24,0.3439097757564843,0.8767967218856831
2004-02-25,0.3439097757564843,0.8767967218856831
2004-02-26,0.3439097757564843,0.8767967218856831
2004-02-27,0.3439097757564843,0.8767967218856831
2004-03-01,0.3439097757564843,0.8767967218856831
2004-03-02,0.2908483341619576,0.5991674936922101
2004-03-03,0.2908483338336478,0.5991674936882747
2004-03-04,0.2908483338336478,0.5991674936882747
2004-03-05,0.2908483338336478,0.5991674936882747
2004-03-08,0.2908483338336478,0.5991674936882747
2004-03-09,0.2908483338336478,0.5991674936882747
2004-03-10,0.2908483338336478,0.5991674936882747
2004-03-11,0.2908483338336478,0.5991674936882747
2004-03-12,0.2908483338336478,0.5991674936882747
2004-03-15,0.2908483338336478,0.5991674936882747
2004-03-16,0.2908483338336478,0.5991674936882747
2004-03-17,0.2908483338336478,0.5991674936882747
2004-03-18,0.2908483338336478,0.5991674936882747
2004-03-19,0.2908483338336478,0.5991674936882747
2004-03-22,0.2908483338336478,0.5991674936882747
2004-03-23,0.2908483338336478,0.5991674936882747
2004-03-24,0.2908483338336478,0.5991674936882747
2004-03-25,0.2908483338336478,0.5991674936882747
2004-03-26,0.2908483338336478,0.5991674936882747
2004-03-29,0.2908483338336478,0.5991674936882747
2004-03-30,0.2908483338336478,0.5991674936882747
2004-03-31,0.2908483338336478,0.5991674936882747
2004-04-01,0.3716245264409449,0.5926671680772969
2004-04-02,0.37162452684917996,0.5926671680772216
2004-04-05,0.37162452684917996,0.5926671680772216
2004-04-06,0.37162452684917996,0.5926671680772216
2004-04-07,0.37162452684917996,0.5926671680772216
2004-04-08,0.37162452684917996,0.5926671680772216
2004-04-09,0.37162452684917996,0.5926671680772216
2004-04-12,0.37162452684917996,0.5926671680772216
2004-04-13,0.37162452684917996,0.5926671680772216
2004-04-14,0.37162452684917996,0.5926671680772216
2004-04-15,0.37162452684917996,0.5926671680772216
2004-04-16,0.37162452684917996,0.5926671680772216
2004-04-19,0.37162452684917996,0.5926671680772216
2004-04-20,0.37162452684917996,0.5926671680772216
2004-04-21,0.37162452684917996,0.5926671680772216
2004-04-22,0.37162452684917996,0.5926671680772216
2004-04-23,0.37162452684917996,0.5926671680772216
2004-04-26,0.37162452684917996,0.5926671680772216
2004-04-27,0.37162452684917996,0.5926671680772216
2004-04-28,0.37162452684917996,0.5926671680772216
2004-04-29,0.37162452684917996,0.5926671680772216
2004-04-30,0.37162452684917996,0.5926671680772216
2004-05-03,0.33541280411807906,1.1341309621726754
2004-05-04,0.33541280390167016,1.1341309621774196
2004-05-05,0.33541280390167016,1.1341309621774196
2004-05-06,0.33541280390167016,1.1341309621774196
2004-05-07,0.33541280390167016,1.1341309621774196
2004-05-10,0.33541280390167016,1.1341309621774196
2004-05-11,0.33541280390167016,1.1341309621774196
2004-05-12,0.33541280390167016,1.1341309621774196
2004-05-13,0.33541280390167016,1.1341309621774196
2004-05-14,0.33541280390167016,1.1341309621774196
2004-05-17,0.33541280390167016,1.1341309621774196
2004-05-18,0.33541280390167016,1.1341309621774196
2004-05-19,0.33541280390167016,1.1341309621774196
2004-05-20,0.33541280390167016,1.1341309621774196
2004-05-21,0.33541280390167016,1.1341309621774196
2004-05-24,0.33541280390167016,1.1341309621774196
2004-05-25,0.33541280390167016,1.1341309621774196
2004-05-26,0.33541280390167016,1.1341309621774196
2004-05-27,0.33541280390167016,1.1341309621774196
2004-05-28,0.33541280390167016,1.1341309621774196
2004-05-31,0.33541280390167016,1.1341309621774196
2004-06-01,0.36013713311545303,1.1212274212084532
2004-06-02,0.360137133250831,1.1212274212083038
2004-06-03,0.360137133250831,1.1212274212083038
2004-06-04,0.360137133250831,1.1212274212083038
2004-06-07,0.360137133250831,1.1212274212083038
2004-06-08,0.360137133250831,1.1212274212083038
2004-06-09,0.360137133250831,1.1212274212083038
2004-06-10,0.360137133250831,1.1212274212083038
2004-06-11,0.360137133250831,1.1212274212083038
2004-06-14,0.360137133250831,1.1212274212083038
2004-06-15,0.360137133250831,1.1212274212083038
2004-06-16,0.360137133250831,1.1212274212083038
2004-06-17,0.360137133250831,1.1212274212083038
2004-06-18,0.360137133250831,1.1212274212083038
2004-06-21,0.360137133250831,1.1212274212083038
2004-06-22,0.360137133250831,1.1212274212083038
2004-06-23,0.360137133250831,1.1212274212083038
2004-06-24,0.360137133250831,1.1212274212083038
2004-06-25,0.360137133250831,1.1212274212083038
2004-06-28,0.360137133250831,1.1212274212083038
2004-06-29,0.360137133250831,1.1212274212083038
2004-06-30,0.360137133250831,1.1212274212083038
2004-07-01,0.2371842224440111,1.0800190828732108
2004-07-02,0.23718422156615313,1.0800190828727276
2004-07-05,0.23718422156615313,1.0800190828727276
2004-07-06,0.23718422156615313,1.0800190828727276
2004-07-07,0.23718422156615313,1.0800190828727276
2004-07-08,0.23718422156615313,1.0800190828727276
2004-07-09,0.23718422156615313,1.0800190828727276
2004-07-12,0.23718422156615313,1.0800190828727276
2004-07-13,0.23718422156615313,1.0800190828727276
2004-07-14,0.23718422156615313,1.0800190828727276
2004-07-15,0.23718422156615313,1.0800190828727276
2004-07-16,0.23718422156615313,1.0800190828727276
2004-07-19,0.23718422156615313,1.0800190828727276
2004-07-20,0.23718422156615313,1.0800190828727276
2004-07-21,0.23718422156615313,1.0800190828727276
2004-07-22,0.23718422156615313,1.0800190828727276
2004-07-23,0.23718422156615313,1.0800190828727276
2004-07-26,0.23718422156615313,1.0800190828727276
2004-07-27,0.23718422156615313,1.0800190828727276
2004-07-28,0.23718422156615313,1.0800190828727276
2004-07-29,0.23718422156615313,1.0800190828727276
2004-07-30,0.23718422156615313,1.0800190828727276
2004-08-02,0.23718422156615313,1.0800190828727276
2004-08-03,0.32125992488509797,1.1830677475812679
2004-08-04,0.321259925299438,1.183067747582402
2004-08-05,0.32125992529943803,1.183067747582402
2004-08-06,0.32125992529943803,1.183067747582402
2004-08-09,0.32125992529943803,1.183067747582402
2004-08-10,0.32125992529943803,1.183067747582402
2004-08-11,0.32125992529943803,1.183067747582402
2004-08-12,0.32125992529943803,1.183067747582402
2004-08-13,0.32125992529943803,1.183067747582402
2004-08-16,0.32125992529943803,1.183067747582402
2004-08-17,0.32125992529943803,1.183067747582402
2004-08-18,0.32125992529943803,1.183067747582402
2004-08-19,0.32125992529943803,1.183067747582402
2004-08-20,0.32125992529943803,1.183067747582402
2004-08-23,0.32125992529943803,1.183067747582402
2004-08-24,0.32125992529943803,1.183067747582402
2004-08-25,0.32125992529943803,1.183067747582402
2004-08-26,0.32125992529943803,1.183067747582402
2004-08-27,0.32125992529943803,1.183067747582402
2004-08-30,0.32125992529943803,1.183067747582402
2004-08-31,0.32125992529943803,1.183067747582402
2004-09-01,0.11426564171370636,0.7913821255001312
2004-09-02,0.11426563947694561,0.7913821254945077
2004-09-03,0.1142656394769456,0.7913821254945077
2004-09-06,0.1142656394769456,0.7913821254945077
2004-09-07,0.1142656394769456,0.7913821254945077
2004-09-08,0.1142656394769456,0.7913821254945077
2004-09-09,0.1142656394769456,0.7913821254945077
2004-09-10,0.1142656394769456,0.7913821254945077
2004-09-13,0.1142656394769456,0.7913821254945077
2004-09-14,0.1142656394769456,0.7913821254945077
2004-09-15,0.1142656394769456,0.7913821254945077
2004-09-16,0.1142656394769456,0.7913821254945077
2004-09-17,0.1142656394769456,0.7913821254945077
2004-09-20,0.1142656394769456,0.7913821254945077
2004-09-21,0.1142656394769456,0.7913821254945077
2004-09-22,0.1142656394769456,0.7913821254945077
2004-09-23,0.1142656394769456,0.7913821254945077
2004-09-24,0.1142656394769456,0.7913821254945077
2004-09-27,0.1142656394769456,0.7913821254945077
2004-09-28,0.1142656394769456,0.7913821254945077
2004-09-29,0.1142656394769456,0.7913821254945077
2004-09-30,0.1142656394769456,0.7913821254945077
2004-10-01,0.17804659598472103,0.6838277612664789
2004-10-04,0.17804659628159186,0.6838277612651437
2004-10-05,0.17804659628159186,0.6838277612651437
2004-10-06,0.17804659628159186,0.6838277612651437
2004-10-07,0.17804659628159186,0.6838277612651437
2004-10-08,0.17804659628159186,0.6838277612651437
2004-10-11,0.17804659628159186,0.6838277612651437
2004-10-12,0.17804659628159186,0.6838277612651437
2004-10-13,0.17804659628159186,0.6838277612651437
2004-10-14,0.17804659628159186,0.6838277612651437
2004-10-15,0.17804659628159186,0.6838277612651437
2004-10-18,0.17804659628159186,0.6838277612651437
2004-10-19,0.17804659628159186,0.6838277612651437
2004-10-20,0.17804659628159186,0.6838277612651437
2004-10-21,0.17804659628159186,0.6838277612651437
2004-10-22,0.17804659628159186,0.6838277612651437
2004-10-25,0.17804659628159186,0.6838277612651437
2004-10-26,0.17804659628159186,0.6838277612651437
2004-10-27,0.17804659628159186,0.6838277612651437
2004-10-28,0.17804659628159186,0.6838277612651437
2004-10-29,0.17804659628159186,0.6838277612651437
2004-11-01,0.17804659628159186,0.6838277612651437
2004-11-02,0.08430474412476446,0.8771284471923189
2004-11-03,0.08430474329772165,0.8771284471942984
2004-11-04,0.08430474329772165,0.8771284471942984
2004-11-05,0.08430474329772165,0.8771284471942984
2004-11-08,0.08430474329772165,0.8771284471942984
2004-11-09,0.08430474329772165,0.8771284471942984
2004-11-10,0.08430474329772165,0.8771284471942984
2004-11-11,0.08430474329772165,0.8771284471942984
2004-11-12,0.08430474329772165,0.8771284471942984
2004-11-15,0.08430474329772165,0.8771284471942984
2004-11-16,0.08430474329772165,0.8771284471942984
2004-11-17,0.08430474329772165,0.8771284471942984
2004-11-18,0.08430474329772165,0.8771284471942984
2004-11-19,0.08430474329772165,0.8771284471942984
2004-11-22,0.08430474329772165,0.8771284471942984
2004-11-23,0.08430474329772165,0.8771284471942984
2004-11-24,0.08430474329772165,0.8771284471942984
2004-11-25,0.08430474329772165,0.8771284471942984
2004-11-26,0.08430474329772165,0.8771284471942984
2004-11-29,0.08430474329772165,0.8771284471942984
2004-11-30,0.08430474329772165,0.8771284471942984
2004-12-01,0.28514045337216604,1.0200537335679352
2004-12-02,0.2851404541098924,1.0200537335694648
2004-12-03,0.2851404541098924,1.0200537335694648
2004-12-06,0.2851404541098924,1.0200537335694648
2004-12-07,0.2851404541098924,1.0200537335694648
2004-12-08,0.2851404541098924,1.0200537335694648
2004-12-09,0.2851404541098924,1.0200537335694648
2004-12-10,0.2851404541098924,1.0200537335694648
2004-12-13,0.2851404541098924,1.0200537335694648
2004-12-14,0.2851404541098924,1.0200537335694648
2004-12-15,0.2851404541098924,1.0200537335694648
2004-12-16,0.2851404541098924,1.0200537335694648
2004-12-17,0.2851404541098924,1.0200537335694648
2004-12-20,0.2851404541098924,1.0200537335694648
2004-12-21,0.2851404541098924,1.0200537335694648
2004-12-22,0.2851404541098924,1.0200537335694648
2004-12-23,0.2851404541098924,1.0200537335694648
2004-12-24,0.2851404541098924,1.0200537335694648
2004-12-27,0.2851404541098924,1.0200537335694648
2004-12-28,0.2851404541098924,1.0200537335694648
2004-12-29,0.2851404541098924,1.0200537335694648
2004-12-30,0.2851404541098924,1.0200537335694648
2004-12-31,0.2851404541098924,1.0200537335694648
2005-01-03,0.3842532079433577,0.9319467432029858
2005-01-04,0.38425320843286237,0.9319467432019237
2005-01-05,0.38425320843286237,0.9319467432019237
2005-01-06,0.38425320843286237,0.9319467432019237
2005-01-07,0.38425320843286237,0.9319467432019237
2005-01-10,0.38425320843286237,0.9319467432019237
2005-01-11,0.38425320843286237,0.9319467432019237
2005-01-12,0.38425320843286237,0.9319467432019237
2005-01-13,0.38425320843286237,0.9319467432019237
2005-01-14,0.38425320843286237,0.9319467432019237
2005-01-17,0.38425320843286237,0.9319467432019237
2005-01-18,0.38425320843286237,0.9319467432019237
2005-01-19,0.38425320843286237,0.9319467432019237
2005-01-20,0.38425320843286237,0.9319467432019237
2005-01-21,0.38425320843286237,0.9319467432019237
2005-01-24,0.38425320843286237,0.9319467432019237
2005-01-25,0.38425320843286237,0.9319467432019237
2005-01-26,0.38425320843286237,0.9319467432019237
2005-01-27,0.38425320843286237,0.9319467432019237
2005-01-28,0.38425320843286237,0.9319467432019237
2005-01-31,0.38425320843286237,0.9319467432019237
2005-02-01,0.5248641907326079,0.7859267129701566
2005-02-02,0.5248641914230948,0.78592671296832
2005-02-03,0.5248641914230948,0.78592671296832
2005-02-04,0.5248641914230948,0.78592671296832
2005-02-07,0.5248641914230948,0.78592671296832
2005-02-08,0.5248641914230948,0.78592671296832
2005-02-09,0.5248641914230948,0.78592671296832
2005-02-10,0.5248641914230948,0.78592671296832
2005-02-11,0.5248641914230948,0.78592671296832
2005-02-14,0.5248641914230948,0.78592671296832
2005-02-15,0.5248641914230948,0.78592671296832
2005-02-16,0.5248641914230948,0.78592671296832
2005-02-17,0.5248641914230948,0.78592671296832
2005-02-18,0.5248641914230948,0.78592671296832
2005-02-21,0.5248641914230948,0.78592671296832
2005-02-22,0.5248641914230948,0.78592671296832
2005-02-23,0.5248641914230948,0.78592671296832
2005-02-24,0.5248641914230948,0.78592671296832
2005-02-25,0.5248641914230948,0.78592671296832
2005-02-28,0.5248641914230948,0.78592671296832
2005-03-01,0.7858699719465189,0.8531758314480857
2005-03-02,0.7858699731806953,0.8531758314488292
2005-03-03,0.7858699731806953,0.8531758314488292
2005-03-04,0.7858699731806953,0.8531758314488292
2005-03-07,0.7858699731806953,0.8531758314488292
2005-03-08,0.7858699731806953,0.8531758314488292
2005-03-09,0.7858699731806953,0.8531758314488292
2005-03-10,0.7858699731806953,0.8531758314488292
2005-03-11,0.7858699731806953,0.8531758314488292
2005-03-14,0.7858699731806953,0.8531758314488292
2005-03-15,0.7858699731806953,0.8531758314488292
2005-03-16,0.7858699731806953,0.8531758314488292
2005-03-17,0.7858699731806953,0.8531758314488292
2005-03-18,0.7858699731806953,0.8531758314488292
2005-03-21,0.7858699731806953,0.8531758314488292
2005-03-22,0.7858699731806953,0.8531758314488292
2005-03-23,0.7858699731806953,0.8531758314488292
2005-03-24,0.7858699731806953,0.8531758314488292
2005-03-25,0.7858699731806953,0.8531758314488292
2005-03-28,0.7858699731806953,0.8531758314488292
2005-03-29,0.7858699731806953,0.8531758314488292
2005-03-30,0.7858699731806953,0.8531758314488292
2005-03-31,0.7858699731806953,0.8531758314488292
2005-04-01,0.4797234846654406,0.9579891701327227
2005-04-04,0.4797234823756503,0.957989170133863
2005-04-05,0.4797234823756503,0.957989170133863
2005-04-06,0.4797234823756503,0.957989170133863
2005-04-07,0.4797234823756503,0.957989170133863
2005-04-08,0.4797234823756503,0.957989170133863
2005-04-11,0.4797234823756503,0.957989170133863
2005-04-12,0.4797234823756503,0.957989170133863
2005-04-13,0.4797234823756503,0.957989170133863
2005-04-14,0.4797234823756503,0.957989170133863
2005-04-15,0.4797234823756503,0.957989170133863
2005-04-18,0.4797234823756503,0.957989170133863
2005-04-19,0.4797234823756503,0.957989170133863
2005-04-20,0.4797234823756503,0.957989170133863
2005-04-21,0.4797234823756503,0.957989170133863
2005-04-22,0.4797234823756503,0.957989170133863
2005-04-25,0.4797234823756503,0.957989170133863
2005-04-26,0.4797234823756503,0.957989170133863
2005-04-27,0.4797234823756503,0.957989170133863
2005-04-28,0.4797234823756503,0.957989170133863
2005-04-29,0.4797234823756503,0.957989170133863
2005-05-02,0.4797234823756503,0.957989170133863
2005-05-03,0.34208327562275154,0.7341199196871011
2005-05-04,0.34208327468530525,0.7341199196841318
2005-05-05,0.34208327468530525,0.7341199196841318
2005-05-06,0.34208327468530525,0.7341199196841318
2005-05-09,0.34208327468530525,0.7341199196841318
2005-05-10,0.34208327468530525,0.7341199196841318
2005-05-11,0.34208327468530525,0.7341199196841318
2005-05-12,0.34208327468530525,0.7341199196841318
2005-05-13,0.34208327468530525,0.7341199196841318
2005-05-16,0.34208327468530525,0.7341199196841318
2005-05-17,0.34208327468530525,0.7341199196841318
2005-05-18,0.34208327468530525,0.7341199196841318
2005-05-19,0.34208327468530525,0.7341199196841318
2005-05-20,0.34208327468530525,0.7341199196841318
2005-05-23,0.34208327468530525,0.7341199196841318
2005-05-24,0.34208327468530525,0.7341199196841318
2005-05-25,0.34208327468530525,0.7341199196841318
2005-05-26,0.34208327468530525,0.7341199196841318
2005-05-27,0.34208327468530525,0.7341199196841318
2005-05-30,0.34208327468530525,0.7341199196841318
2005-05-31,0.34208327468530525,0.7341199196841318
2005-06-01,0.3934146771552143,0.6568210870344114
2005-06-02,0.39341467742728214,0.6568210870334695
2005-06-03,0.39341467742728214,0.6568210870334695
2005-06-06,0.39341467742728214,0.6568210870334695
2005-06-07,0.39341467742728214,0.6568210870334695
2005-06-08,0.39341467742728214,0.6568210870334695
2005-06-09,0.39341467742728214,0.6568210870334695
2005-06-10,0.39341467742728214,0.6568210870334695
2005-06-13,0.39341467742728214,0.6568210870334695
2005-06-14,0.39341467742728214,0.6568210870334695
2005-06-15,0.39341467742728214,0.6568210870334695
2005-06-16,0.39341467742728214,0.6568210870334695
2005-06-17,0.39341467742728214,0.6568210870334695
2005-06-20,0.39341467742728214,0.6568210870334695
2005-06-21,0.39341467742728214,0.6568210870334695
2005-06-22,0.39341467742728214,0.6568210870334695
2005-06-23,0.39341467742728214,0.6568210870334695
2005-06-24,0.39341467742728214,0.6568210870334695
2005-06-27,0.39341467742728214,0.6568210870334695
2005-06-28,0.39341467742728214,0.6568210870334695
2005-06-29,0.39341467742728214,0.6568210870334695
2005-06-30,0.39341467742728214,0.6568210870334695
2005-07-01,0.4792989488880179,0.696755468892287
2005-07-04,0.47929894933136313,0.6967554688927334
2005-07-05,0.47929894933136313,0.6967554688927334
2005-07-06,0.47929894933136313,0.6967554688927334
2005-07-07,0.47929894933136313,0.6967554688927334
2005-07-08,0.47929894933136313,0.6967554688927334
2005-07-11,0.47929894933136313,0.6967554688927334
2005-07-12,0.47929894933136313,0.6967554688927334
2005-07-13,0.47929894933136313,0.6967554688927334
2005-07-14,0.47929894933136313,0.6967554688927334
2005-07-15,0.47929894933136313,0.6967554688927334
2005-07-18,0.47929894933136313,0.6967554688927334
2005-07-19,0.47929894933136313,0.6967554688927334
2005-07-20,0.47929894933136313,0.6967554688927334
2005-07-21,0.47929894933136313,0.6967554688927334
2005-07-22,0.47929894933136313,0.6967554688927334
2005-07-25,0.47929894933136313,0.6967554688927334
2005-07-26,0.47929894933136313,0.6967554688927334
2005-07-27,0.47929894933136313,0.6967554688927334
2005-07-28,0.47929894933136313,0.6967554688927334
2005-07-29,0.47929894933136313,0.6967554688927334
2005-08-01,0.47929894933136313,0.6967554688927334
2005-08-02,0.7264679270394311,0.8662925290162641
2005-08-03,0.7264679282024963,0.8662925290180244
2005-08-04,0.7264679282024963,0.8662925290180244
2005-08-05,0.7264679282024963,0.8662925290180244
2005-08-08,0.7264679282024963,0.8662925290180244
2005-08-09,0.7264679282024963,0.8662925290180244
2005-08-10,0.7264679282024963,0.8662925290180244
2005-08-11,0.7264679282024963,0.8662925290180244
2005-08-12,0.7264679282024963,0.8662925290180244
2005-08-15,0.7264679282024963,0.8662925290180244
2005-08-16,0.7264679282024963,0.8662925290180244
2005-08-17,0.7264679282024963,0.8662925290180244
2005-08-18,0.7264679282024963,0.8662925290180244
2005-08-19,0.7264679282024963,0.8662925290180244
2005-08-22,0.7264679282024963,0.8662925290180244
2005-08-23,0.7264679282024963,0.8662925290180244
2005-08-24,0.7264679282024963,0.8662925290180244
2005-08-25,0.7264679282024963,0.8662925290180244
2005-08-26,0.7264679282024963,0.8662925290180244
2005-08-29,0.7264679282024963,0.8662925290180244
2005-08-30,0.7264679282024963,0.8662925290180244
2005-08-31,0.7264679282024963,0.8662925290180244
2005-09-01,0.5487995452892933,0.7745206498673144
2005-09-02,0.5487995441188217,0.7745206498661955
2005-09-05,0.5487995441188217,0.7745206498661955
2005-09-06,0.5487995441188217,0.7745206498661955
2005-09-07,0.5487995441188217,0.7745206498661955
2005-09-08,0.5487995441188217,0.7745206498661955
2005-09-09,0.5487995441188217,0.7745206498661955
2005-09-12,0.5487995441188217,0.7745206498661955
2005-09-13,0.5487995441188217,0.7745206498661955
2005-09-14,0.5487995441188217,0.7745206498661955
2005-09-15,0.5487995441188217,0.7745206498661955
2005-09-16,0.5487995441188217,0.7745206498661955
2005-09-19,0.5487995441188217,0.7745206498661955
2005-09-20,0.5487995441188217,0.7745206498661955
2005-09-21,0.5487995441188217,0.7745206498661955
2005-09-22,0.5487995441188217,0.7745206498661955
2005-09-23,0.5487995441188217,0.7745206498661955
2005-09-26,0.5487995441188217,0.7745206498661955
2005-09-27,0.5487995441188217,0.7745206498661955
2005-09-28,0.5487995441188217,0.7745206498661955
2005-09-29,0.5487995441188217,0.7745206498661955
2005-09-30,0.5487995441188217,0.7745206498661955
2005-10-03,0.5310972943625745,0.9907022247196677
2005-10-04,0.5310972942605275,0.9907022247218843
2005-10-05,0.5310972942605275,0.9907022247218843
2005-10-06,0.5310972942605275,0.9907022247218843
2005-10-07,0.5310972942605275,0.9907022247218843
2005-10-10,0.5310972942605275,0.9907022247218843
2005-10-11,0.5310972942605275,0.9907022247218843
2005-10-12,0.5310972942605275,0.9907022247218843
2005-10-13,0.5310972942605275,0.9907022247218843
2005-10-14,0.5310972942605275,0.9907022247218843
2005-10-17,0.5310972942605275,0.9907022247218843
2005-10-18,0.5310972942605275,0.9907022247218843
2005-10-19,0.5310972942605275,0.9907022247218843
2005-10-20,0.5310972942605275,0.9907022247218843
2005-10-21,0.5310972942605275,0.9907022247218843
2005-10-24,0.5310972942605275,0.9907022247218843
2005-10-25,0.5310972942605275,0.9907022247218843
2005-10-26,0.5310972942605275,0.9907022247218843
2005-10-27,0.5310972942605275,0.9907022247218843
2005-10-28,0.5310972942605275,0.9907022247218843
2005-10-31,0.5310972942605275,0.9907022247218843
2005-11-01,0.5839373661276664,1.0051230046957513
2005-11-02,0.5839373664137208,1.005123004695916
2005-11-03,0.5839373664137208,1.005123004695916
2005-11-04,0.5839373664137208,1.005123004695916
2005-11-07,0.5839373664137208,1.005123004695916
2005-11-08,0.5839373664137208,1.005123004695916
2005-11-09,0.5839373664137208,1.005123004695916
2005-11-10,0.5839373664137208,1.005123004695916
2005-11-11,0.5839373664137208,1.005123004695916
2005-11-14,0.5839373664137208,1.005123004695916
2005-11-15,0.5839373664137208,1.005123004695916
2005-11-16,0.5839373664137208,1.005123004695916
2005-11-17,0.5839373664137208,1.005123004695916
2005-11-18,0.5839373664137208,1.005123004695916
2005-11-21,0.5839373664137208,1.005123004695916
2005-11-22,0.5839373664137208,1.005123004695916
2005-11-23,0.5839373664137208,1.005123004695916
2005-11-24,0.5839373664137208,1.005123004695916
2005-11-25,0.5839373664137208,1.005123004695916
2005-11-28,0.5839373664137208,1.005123004695916
2005-11-29,0.5839373664137208,1.005123004695916
2005-11-30,0.5839373664137208,1.005123004695916
2005-12-01,0.5354158442137811,1.0285785609609455
2005-12-02,0.5354158439261912,1.0285785609612124
2005-12-05,0.5354158439261912,1.0285785609612124
2005-12-06,0.5354158439261912,1.0285785609612124
2005-12-07,0.5354158439261912,1.0285785609612124
2005-12-08,0.5354158439261912,1.0285785609612124
2005-12-09,0.5354158439261912,1.0285785609612124
2005-12-12,0.5354158439261912,1.0285785609612124
2005-12-13,0.5354158439261912,1.0285785609612124
2005-12-14,0.5354158439261912,1.0285785609612124
2005-12-15,0.5354158439261912,1.0285785609612124
2005-12-16,0.5354158439261912,1.0285785609612124
2005-12-19,0.5354158439261912,1.0285785609612124
2005-12-20,0.5354158439261912,1.0285785609612124
2005-12-21,0.5354158439261912,1.0285785609612124
2005-12-22,0.5354158439261912,1.0285785609612124
2005-12-23,0.5354158439261912,1.0285785609612124
2005-12-26,0.5354158439261912,1.0285785609612124
2005-12-27,0.5354158439261912,1.0285785609612124
2005-12-28,0.5354158439261912,1.0285785609612124
2005-12-29,0.5354158439261912,1.0285785609612124
2005-12-30,0.5354158439261912,1.0285785609612124
2006-01-02,0.5354158439261912,1.0285785609612124
2006-01-03,0.5855336348347652,0.9697481110753268
2006-01-04,0.5855336351067779,0.9697481110746291
2006-01-05,0.5855336351067779,0.9697481110746291
2006-01-06,0.5855336351067779,0.9697481110746291
2006-01-09,0.5855336351067779,0.9697481110746291
2006-01-10,0.5855336351067779,0.9697481110746291
2006-01-11,0.5855336351067779,0.9697481110746291
2006-01-12,0.5855336351067779,0.9697481110746291
2006-01-13,0.5855336351067779,0.9697481110746291
2006-01-16,0.5855336351067779,0.9697481110746291
2006-01-17,0.5855336351067779,0.9697481110746291
2006-01-18,0.5855336351067779,0.9697481110746291
2006-01-19,0.5855336351067779,0.9697481110746291
2006-01-20,0.5855336351067779,0.9697481110746291
2006-01-23,0.5855336351067779,0.9697481110746291
2006-01-24,0.5855336351067779,0.9697481110746291
2006-01-25,0.5855336351067779,0.9697481110746291
2006-01-26,0.5855336351067779,0.9697481110746291
2006-01-27,0.5855336351067779,0.9697481110746291
2006-01-30,0.5855336351067779,0.9697481110746291
2006-01-31,0.5855336351067779,0.9697481110746291
2006-02-01,0.8886349066979522,0.8135392034318194
2006-02-02,0.8886349081234768,0.813539203429849
2006-02-03,0.8886349081234768,0.813539203429849
2006-02-06,0.8886349081234768,0.813539203429849
2006-02-07,0.8886349081234768,0.813539203429849
2006-02-08,0.8886349081234768,0.813539203429849
2006-02-09,0.8886349081234768,0.813539203429849
2006-02-10,0.8886349081234768,0.813539203429849
2006-02-13,0.8886349081234768,0.813539203429849
2006-02-14,0.8886349081234768,0.813539203429849
2006-02-15,0.8886349081234768,0.813539203429849
2006-02-16,0.8886349081234768,0.813539203429849
2006-02-17,0.8886349081234768,0.813539203429849
2006-02-20,0.8886349081234768,0.813539203429849
2006-02-21,0.8886349081234768,0.813539203429849
2006-02-22,0.8886349081234768,0.813539203429849
2006-02-23,0.8886349081234768,0.813539203429849
2006-02-24,0.8886349081234768,0.813539203429849
2006-02-27,0.8886349081234768,0.813539203429849
2006-02-28,0.8886349081234768,0.813539203429849
2006-03-01,0.9368461245101457,0.8623369012564
2006-03-02,0.9368461247764759,0.8623369012569457
2006-03-03,0.9368461247764759,0.8623369012569457
2006-03-06,0.9368461247764759,0.8623369012569457
2006-03-07,0.9368461247764759,0.8623369012569457
2006-03-08,0.9368461247764759,0.8623369012569457
2006-03-09,0.9368461247764759,0.8623369012569457
2006-03-10,0.9368461247764759,0.8623369012569457
2006-03-13,0.9368461247764759,0.8623369012569457
2006-03-14,0.9368461247764759,0.8623369012569457
2006-03-15,0.9368461247764759,0.8623369012569457
2006-03-16,0.9368461247764759,0.8623369012569457
2006-03-17,0.9368461247764759,0.8623369012569457
2006-03-20,0.9368461247764759,0.8623369012569457
2006-03-21,0.9368461247764759,0.8623369012569457
2006-03-22,0.9368461247764759,0.8623369012569457
2006-03-23,0.9368461247764759,0.8623369012569457
2006-03-24,0.9368461247764759,0.8623369012569457
2006-03-27,0.9368461247764759,0.8623369012569457
2006-03-28,0.9368461247764759,0.8623369012569457
2006-03-29,0.9368461247764759,0.8623369012569457
2006-03-30,0.9368461247764759,0.8623369012569457
2006-03-31,0.9368461247764759,0.8623369012569457
2006-04-03,0.9398288209011543,1.0281987895662141
2006-04-04,0.9398288209180397,1.0281987895679692
2006-04-05,0.9398288209180397,1.0281987895679692
2006-04-06,0.9398288209180397,1.0281987895679692
2006-04-07,0.9398288209180397,1.0281987895679692
2006-04-10,0.9398288209180397,1.0281987895679692
2006-04-11,0.9398288209180397,1.0281987895679692
2006-04-12,0.9398288209180397,1.0281987895679692
2006-04-13,0.9398288209180397,1.0281987895679692
2006-04-14,0.9398288209180397,1.0281987895679692
2006-04-17,0.9398288209180397,1.0281987895679692
2006-04-18,0.9398288209180397,1.0281987895679692
2006-04-19,0.9398288209180397,1.0281987895679692
2006-04-20,0.9398288209180397,1.0281987895679692
2006-04-21,0.9398288209180397,1.0281987895679692
2006-04-24,0.9398288209180397,1.0281987895679692
2006-04-25,0.9398288209180397,1.0281987895679692
2006-04-26,0.9398288209180397,1.0281987895679692
2006-04-27,0.9398288209180397,1.0281987895679692
2006-04-28,0.9398288209180397,1.0281987895679692
2006-05-01,0.9398288209180397,1.0281987895679692
2006-05-02,0.8020471535157053,1.2380338625677743
2006-05-03,0.8020471526673614,1.2380338625699845
2006-05-04,0.8020471526673614,1.2380338625699845
2006-05-05,0.8020471526673614,1.2380338625699845
2006-05-08,0.8020471526673614,1.2380338625699845
2006-05-09,0.8020471526673614,1.2380338625699845
2006-05-10,0.8020471526673614,1.2380338625699845
2006-05-11,0.8020471526673614,1.2380338625699845
2006-05-12,0.8020471526673614,1.2380338625699845
2006-05-15,0.8020471526673614,1.2380338625699845
2006-05-16,0.8020471526673614,1.2380338625699845
2006-05-17,0.8020471526673614,1.2380338625699845
2006-05-18,0.8020471526673614,1.2380338625699845
2006-05-19,0.8020471526673614,1.2380338625699845
2006-05-22,0.8020471526673614,1.2380338625699845
2006-05-23,0.8020471526673614,1.2380338625699845
2006-05-24,0.8020471526673614,1.2380338625699845
2006-05-25,0.8020471526673614,1.2380338625699845
2006-05-26,0.8020471526673614,1.2380338625699845
2006-05-29,0.8020471526673614,1.2380338625699845
2006-05-30,0.8020471526673614,1.2380338625699845
2006-05-31,0.8020471526673614,1.2380338625699845
2006-06-01,0.7696987944612736,1.2873541680783738
2006-06-02,0.7696987942739999,1.2873541680789307
2006-06-05,0.7696987942739999,1.2873541680789307
2006-06-06,0.7696987942739999,1.2873541680789307
2006-06-07,0.7696987942739999,1.2873541680789307
2006-06-08,0.7696987942739999,1.2873541680789307
2006-06-09,0.7696987942739999,1.2873541680789307
2006-06-12,0.7696987942739999,1.2873541680789307
2006-06-13,0.7696987942739999,1.2873541680789307
2006-06-14,0.7696987942739999,1.2873541680789307
2006-06-15,0.7696987942739999,1.2873541680789307
2006-06-16,0.7696987942739999,1.2873541680789307
2006-06-19,0.7696987942739999,1.2873541680789307
2006-06-20,0.7696987942739999,1.2873541680789307
2006-06-21,0.7696987942739999,1.2873541680789307
2006-06-22,0.7696987942739999,1.2873541680789307
2006-06-23,0.7696987942739999,1.2873541680789307
2006-06-26,0.7696987942739999,1.2873541680789307
2006-06-27,0.7696987942739999,1.2873541680789307
2006-06-28,0.7696987942739999,1.2873541680789307
2006-06-29,0.7696987942739999,1.2873541680789307
2006-06-30,0.7696987942739999,1.2873541680789307
2006-07-03,0.595722018858851,1.4070821054107348
2006-07-04,0.5957220177283333,1.4070821054120541
2006-07-05,0.5957220177283333,1.4070821054120541
2006-07-06,0.5957220177283333,1.4070821054120541
2006-07-07,0.5957220177283333,1.4070821054120541
2006-07-10,0.5957220177283333,1.4070821054120541
2006-07-11,0.5957220177283333,1.4070821054120541
2006-07-12,0.5957220177283333,1.4070821054120541
2006-07-13,0.5957220177283333,1.4070821054120541
2006-07-14,0.5957220177283333,1.4070821054120541
2006-07-17,0.5957220177283333,1.4070821054120541
2006-07-18,0.5957220177283333,1.4070821054120541
2006-07-19,0.5957220177283333,1.4070821054120541
2006-07-20,0.5957220177283333,1.4070821054120541
2006-07-21,0.5957220177283333,1.4070821054120541
2006-07-24,0.5957220177283333,1.4070821054120541
2006-07-25,0.5957220177283333,1.4070821054120541
2006-07-26,0.5957220177283333,1.4070821054120541
2006-07-27,0.5957220177283333,1.4070821054120541
2006-07-28,0.5957220177283333,1.4070821054120541
2006-07-31,0.5957220177283333,1.4070821054120541
2006-08-01,0.7376280928990779,1.137949079079279
2006-08-02,0.7376280936263065,1.137949079075815
2006-08-03,0.7376280936263065,1.137949079075815
2006-08-04,0.7376280936263065,1.137949079075815
2006-08-07,0.7376280936263065,1.137949079075815
2006-08-08,0.7376280936263065,1.137949079075815
2006-08-09,0.7376280936263065,1.137949079075815
2006-08-10,0.7376280936263065,1.137949079075815
2006-08-11,0.7376280936263065,1.137949079075815
2006-08-14,0.7376280936263065,1.137949079075815
2006-08-15,0.7376280936263065,1.137949079075815
2006-08-16,0.7376280936263065,1.137949079075815
2006-08-17,0.7376280936263065,1.137949079075815
2006-08-18,0.7376280936263065,1.137949079075815
2006-08-21,0.7376280936263065,1.137949079075815
2006-08-22,0.7376280936263065,1.137949079075815
2006-08-23,0.7376280936263065,1.137949079075815
2006-08-24,0.7376280936263065,1.137949079075815
2006-08-25,0.7376280936263065,1.137949079075815
2006-08-28,0.7376280936263065,1.137949079075815
2006-08-29,0.7376280936263065,1.137949079075815
2006-08-30,0.7376280936263065,1.137949079075815
2006-08-31,0.7376280936263065,1.137949079075815
2006-09-01,0.8678869913136961,0.897628865887334
2006-09-04,0.867886991996855,0.8976288658841979
2006-09-05,0.867886991996855,0.8976288658841979
2006-09-06,0.867886991996855,0.8976288658841979
2006-09-07,0.867886991996855,0.8976288658841979
2006-09-08,0.867886991996855,0.8976288658841979
2006-09-11,0.867886991996855,0.8976288658841979
2006-09-12,0.867886991996855,0.8976288658841979
2006-09-13,0.867886991996855,0.8976288658841979
2006-09-14,0.867886991996855,0.8976288658841979
2006-09-15,0.867886991996855,0.8976288658841979
2006-09-18,0.867886991996855,0.8976288658841979
2006-09-19,0.867886991996855,0.8976288658841979
2006-09-20,0.867886991996855,0.8976288658841979
2006-09-21,0.867886991996855,0.8976288658841979
2006-09-22,0.867886991996855,0.8976288658841979
2006-09-25,0.867886991996855,0.8976288658841979
2006-09-26,0.867886991996855,0.8976288658841979
2006-09-27,0.867886991996855,0.8976288658841979
2006-09-28,0.867886991996855,0.8976288658841979
2006-09-29,0.867886991996855,0.8976288658841979
2006-10-02,0.867886991996855,0.8976288658841979
2006-10-03,0.9724464151661357,0.7844921951373219
2006-10-04,0.9724464157271284,0.7844921951359259
2006-10-05,0.9724464157271284,0.7844921951359259
2006-10-06,0.9724464157271284,0.7844921951359259
2006-10-09,0.9724464157271284,0.7844921951359259
2006-10-10,0.9724464157271284,0.7844921951359259
2006-10-11,0.9724464157271284,0.7844921951359259
2006-10-12,0.9724464157271284,0.7844921951359259
2006-10-13,0.9724464157271284,0.7844921951359259
2006-10-16,0.9724464157271284,0.7844921951359259
2006-10-17,0.9724464157271284,0.7844921951359259
2006-10-18,0.9724464157271284,0.7844921951359259
2006-10-19,0.9724464157271284,0.7844921951359259
2006-10-20,0.9724464157271284,0.7844921951359259
2006-10-23,0.9724464157271284,0.7844921951359259
2006-10-24,0.9724464157271284,0.7844921951359259
2006-10-25,0.9724464157271284,0.7844921951359259
2006-10-26,0.9724464157271284,0.7844921951359259
2006-10-27,0.9724464157271284,0.7844921951359259
2006-10-30,0.9724464157271284,0.7844921951359259
2006-10-31,0.9724464157271284,0.7844921951359259
2006-11-01,1.0633658761953553,0.7483634007871538
2006-11-02,1.0633658766888414,0.7483634007867279
2006-11-03,1.0633658766888414,0.7483634007867279
2006-11-06,1.0633658766888414,0.7483634007867279
2006-11-07,1.0633658766888414,0.7483634007867279
2006-11-08,1.0633658766888414,0.7483634007867279
2006-11-09,1.0633658766888414,0.7483634007867279
2006-11-10,1.0633658766888414,0.7483634007867279
2006-11-13,1.0633658766888414,0.7483634007867279
2006-11-14,1.0633658766888414,0.7483634007867279
2006-11-15,1.0633658766888414,0.7483634007867279
2006-11-16,1.0633658766888414,0.7483634007867279
2006-11-17,1.0633658766888414,0.7483634007867279
2006-11-20,1.0633658766888414,0.7483634007867279
2006-11-21,1.0633658766888414,0.7483634007867279
2006-11-22,1.0633658766888414,0.7483634007867279
2006-11-23,1.0633658766888414,0.7483634007867279
2006-11-24,1.0633658766888414,0.7483634007867279
2006-11-27,1.0633658766888414,0.7483634007867279
2006-11-28,1.0633658766888414,0.7483634007867279
2006-11-29,1.0633658766888414,0.7483634007867279
2006-11-30,1.0633658766888414,0.7483634007867279
2006-12-01,1.0625272569276842,0.7449872590569083
2006-12-04,1.0625272569229274,0.7449872590568695
2006-12-05,1.0625272569229274,0.7449872590568695
2006-12-06,1.0625272569229274,0.7449872590568695
2006-12-07,1.0625272569229274,0.7449872590568695
2006-12-08,1.0625272569229274,0.7449872590568695
2006-12-11,1.0625272569229274,0.7449872590568695
2006-12-12,1.0625272569229274,0.7449872590568695
2006-12-13,1.0625272569229274,0.7449872590568695
2006-12-14,1.0625272569229274,0.7449872590568695
2006-12-15,1.0625272569229274,0.7449872590568695
2006-12-18,1.0625272569229274,0.7449872590568695
2006-12-19,1.0625272569229274,0.7449872590568695
2006-12-20,1.0625272569229274,0.7449872590568695
2006-12-21,1.0625272569229274,0.7449872590568695
2006-12-22,1.0625272569229274,0.7449872590568695
2006-12-25,1.0625272569229274,0.7449872590568695
2006-12-26,1.0625272569229274,0.7449872590568695
2006-12-27,1.0625272569229274,0.7449872590568695
2006-12-28,1.0625272569229274,0.7449872590568695
2006-12-29,1.0625272569229274,0.7449872590568695
2007-01-01,1.0625272569229274,0.7449872590568695
2007-01-02,1.1017948879082913,0.9589305176881041
2007-01-03,1.1017948881269763,0.9589305176902917
2007-01-04,1.1017948881269763,0.9589305176902917
2007-01-05,1.1017948881269763,0.9589305176902917
2007-01-08,1.1017948881269763,0.9589305176902917
2007-01-09,1.1017948881269763,0.9589305176902917
2007-01-10,1.1017948881269763,0.9589305176902917
2007-01-11,1.1017948881269763,0.9589305176902917
2007-01-12,1.1017948881269763,0.9589305176902917
2007-01-15,1.1017948881269763,0.9589305176902917
2007-01-16,1.1017948881269763,0.9589305176902917
2007-01-17,1.1017948881269763,0.9589305176902917
2007-01-18,1.1017948881269763,0.9589305176902917
2007-01-19,1.1017948881269763,0.9589305176902917
2007-01-22,1.1017948881269763,0.9589305176902917
2007-01-23,1.1017948881269763,0.9589305176902917
2007-01-24,1.1017948881269763,0.9589305176902917
2007-01-25,1.1017948881269763,0.9589305176902917
2007-01-26,1.1017948881269763,0.9589305176902917
2007-01-29,1.1017948881269763,0.9589305176902917
2007-01-30,1.1017948881269763,0.9589305176902917
2007-01-31,1.1017948881269763,0.9589305176902917
2007-02-01,1.2169252738762157,0.9323654363811715
2007-02-02,1.2169252744981403,0.9323654363808614
2007-02-05,1.2169252744981403,0.9323654363808614
2007-02-06,1.2169252744981403,0.9323654363808614
2007-02-07,1.2169252744981403,0.9323654363808614
2007-02-08,1.2169252744981403,0.9323654363808614
2007-02-09,1.2169252744981403,0.9323654363808614
2007-02-12,1.2169252744981403,0.9323654363808614
2007-02-13,1.2169252744981403,0.9323654363808614
2007-02-14,1.2169252744981403,0.9323654363808614
2007-02-15,1.2169252744981403,0.9323654363808614
2007-02-16,1.2169252744981403,0.9323654363808614
2007-02-19,1.2169252744981403,0.9323654363808614
2007-02-20,1.2169252744981403,0.9323654363808614
2007-02-21,1.2169252744981403,0.9323654363808614
2007-02-22,1.2169252744981403,0.9323654363808614
2007-02-23,1.2169252744981403,0.9323654363808614
2007-02-26,1.2169252744981403,0.9323654363808614
2007-02-27,1.2169252744981403,0.9323654363808614
2007-02-28,1.2169252744981403,0.9323654363808614
2007-03-01,1.2319965923840486,0.7484692803533319
2007-03-02,1.2319965924689822,0.7484692803509555
2007-03-05,1.2319965924689822,0.7484692803509555
2007-03-06,1.2319965924689822,0.7484692803509555
2007-03-07,1.2319965924689822,0.7484692803509555
2007-03-08,1.2319965924689822,0.7484692803509555
2007-03-09,1.2319965924689822,0.7484692803509555
2007-03-12,1.2319965924689822,0.7484692803509555
2007-03-13,1.2319965924689822,0.7484692803509555
2007-03-14,1.2319965924689822,0.7484692803509555
2007-03-15,1.2319965924689822,0.7484692803509555
2007-03-16,1.2319965924689822,0.7484692803509555
2007-03-19,1.2319965924689822,0.7484692803509555
2007-03-20,1.2319965924689822,0.7484692803509555
2007-03-21,1.2319965924689822,0.7484692803509555
2007-03-22,1.2319965924689822,0.7484692803509555
2007-03-23,1.2319965924689822,0.7484692803509555
2007-03-26,1.2319965924689822,0.7484692803509555
2007-03-27,1.2319965924689822,0.7484692803509555
2007-03-28,1.2319965924689822,0.7484692803509555
2007-03-29,1.2319965924689822,0.7484692803509555
2007-03-30,1.2319965924689822,0.7484692803509555
2007-04-02,1.2319965924689822,0.7484692803509555
2007-04-03,1.1184297912068981,0.866301521385744
2007-04-04,1.118429790530266,0.8663015213870079
2007-04-05,1.118429790530266,0.8663015213870079
2007-04-06,1.118429790530266,0.8663015213870079
2007-04-09,1.118429790530266,0.8663015213870079
2007-04-10,1.118429790530266,0.8663015213870079
2007-04-11,1.118429790530266,0.8663015213870079
2007-04-12,1.118429790530266,0.8663015213870079
2007-04-13,1.118429790530266,0.8663015213870079
2007-04-16,1.118429790530266,0.8663015213870079
2007-04-17,1.118429790530266,0.8663015213870079
2007-04-18,1.118429790530266,0.8663015213870079
2007-04-19,1.118429790530266,0.8663015213870079
2007-04-20,1.118429790530266,0.8663015213870079
2007-04-23,1.118429790530266,0.8663015213870079
2007-04-24,1.118429790530266,0.8663015213870079
2007-04-25,1.118429790530266,0.8663015213870079
2007-04-26,1.118429790530266,0.8663015213870079
2007-04-27,1.118429790530266,0.8663015213870079
2007-04-30,1.118429790530266,0.8663015213870079
2007-05-01,0.9445229818869828,1.0657169928572758
2007-05-02,0.9445229808101295,1.0657169928593562
2007-05-03,0.9445229808101295,1.0657169928593562
2007-05-04,0.9445229808101295,1.0657169928593562
2007-05-07,0.9445229808101295,1.0657169928593562
2007-05-08,0.9445229808101295,1.0657169928593562
2007-05-09,0.9445229808101295,1.0657169928593562
2007-05-10,0.9445229808101295,1.0657169928593562
2007-05-11,0.9445229808101295,1.0657169928593562
2007-05-14,0.9445229808101295,1.0657169928593562
2007-05-15,0.9445229808101295,1.0657169928593562
2007-05-16,0.9445229808101295,1.0657169928593562
2007-05-17,0.9445229808101295,1.0657169928593562
2007-05-18,0.9445229808101295,1.0657169928593562
2007-05-21,0.9445229808101295,1.0657169928593562
2007-05-22,0.9445229808101295,1.0657169928593562
2007-05-23,0.9445229808101295,1.0657169928593562
2007-05-24,0.9445229808101295,1.0657169928593562
2007-05-25,0.9445229808101295,1.0657169928593562
2007-05-28,0.9445229808101295,1.0657169928593562
2007-05-29,0.9445229808101295,1.0657169928593562
2007-05-30,0.9445229808101295,1.0657169928593562
2007-05-31,0.9445229808101295,1.0657169928593562
2007-06-01,0.8431359761840992,1.4291051361115827
2007-06-04,0.8431359755746569,1.4291051361152332
2007-06-05,0.8431359755746569,1.4291051361152332
2007-06-06,0.8431359755746569,1.4291051361152332
2007-06-07,0.8431359755746569,1.4291051361152332
2007-06-08,0.8431359755746569,1.4291051361152332
2007-06-11,0.8431359755746569,1.4291051361152332
2007-06-12,0.8431359755746569,1.4291051361152332
2007-06-13,0.8431359755746569,1.4291051361152332
2007-06-14,0.8431359755746569,1.4291051361152332
2007-06-15,0.8431359755746569,1.4291051361152332
2007-06-18,0.8431359755746569,1.4291051361152332
2007-06-19,0.8431359755746569,1.4291051361152332
2007-06-20,0.8431359755746569,1.4291051361152332
2007-06-21,0.8431359755746569,1.4291051361152332
2007-06-22,0.8431359755746569,1.4291051361152332
2007-06-25,0.8431359755746569,1.4291051361152332
2007-06-26,0.8431359755746569,1.4291051361152332
2007-06-27,0.8431359755746569,1.4291051361152332
2007-06-28,0.8431359755746569,1.4291051361152332
2007-06-29,0.8431359755746569,1.4291051361152332
2007-07-02,0.8431359755746569,1.4291051361152332
2007-07-03,0.9859282548270228,1.1086938391092138
2007-07-04,0.985928255578043,1.1086938391049934
2007-07-05,0.985928255578043,1.1086938391049934
2007-07-06,0.985928255578043,1.1086938391049934
2007-07-09,0.985928255578043,1.1086938391049934
2007-07-10,0.985928255578043,1.1086938391049934
2007-07-11,0.985928255578043,1.1086938391049934
2007-07-12,0.985928255578043,1.1086938391049934
2007-07-13,0.985928255578043,1.1086938391049934
2007-07-16,0.985928255578043,1.1086938391049934
2007-07-17,0.985928255578043,1.1086938391049934
2007-07-18,0.985928255578043,1.1086938391049934
2007-07-19,0.985928255578043,1.1086938391049934
2007-07-20,0.985928255578043,1.1086938391049934
2007-07-23,0.985928255578043,1.1086938391049934
2007-07-24,0.985928255578043,1.1086938391049934
2007-07-25,0.985928255578043,1.1086938391049934
2007-07-26,0.985928255578043,1.1086938391049934
2007-07-27,0.985928255578043,1.1086938391049934
2007-07-30,0.985928255578043,1.1086938391049934
2007-07-31,0.985928255578043,1.1086938391049934
2007-08-01,0.41864165784701735,0.9858294012291547
2007-08-02,0.4186416524510833,0.9858294012276525
2007-08-03,0.41864165245108326,0.9858294012276525
2007-08-06,0.41864165245108326,0.9858294012276525
2007-08-07,0.41864165245108326,0.9858294012276525
2007-08-08,0.41864165245108326,0.9858294012276525
2007-08-09,0.41864165245108326,0.9858294012276525
2007-08-10,0.41864165245108326,0.9858294012276525
2007-08-13,0.41864165245108326,0.9858294012276525
2007-08-14,0.41864165245108326,0.9858294012276525
2007-08-15,0.41864165245108326,0.9858294012276525
2007-08-16,0.41864165245108326,0.9858294012276525
2007-08-17,0.41864165245108326,0.9858294012276525
2007-08-20,0.41864165245108326,0.9858294012276525
2007-08-21,0.41864165245108326,0.9858294012276525
2007-08-22,0.41864165245108326,0.9858294012276525
2007-08-23,0.41864165245108326,0.9858294012276525
2007-08-24,0.41864165245108326,0.9858294012276525
2007-08-27,0.41864165245108326,0.9858294012276525
2007-08-28,0.41864165245108326,0.9858294012276525
2007-08-29,0.41864165245108326,0.9858294012276525
2007-08-30,0.41864165245108326,0.9858294012276525
2007-08-31,0.41864165245108326,0.9858294012276525
2007-09-03,0.5170342678573094,1.5963784810795252
2007-09-04,0.5170342683621238,1.5963784810852082
2007-09-05,0.5170342683621238,1.5963784810852082
2007-09-06,0.5170342683621238,1.5963784810852082
2007-09-07,0.5170342683621238,1.5963784810852082
2007-09-10,0.5170342683621238,1.5963784810852082
2007-09-11,0.5170342683621238,1.5963784810852082
2007-09-12,0.5170342683621238,1.5963784810852082
2007-09-13,0.5170342683621238,1.5963784810852082
2007-09-14,0.5170342683621238,1.5963784810852082
2007-09-17,0.5170342683621238,1.5963784810852082
2007-09-18,0.5170342683621238,1.5963784810852082
2007-09-19,0.5170342683621238,1.5963784810852082
2007-09-20,0.5170342683621238,1.5963784810852082
2007-09-21,0.5170342683621238,1.5963784810852082
2007-09-24,0.5170342683621238,1.5963784810852082
2007-09-25,0.5170342683621238,1.5963784810852082
2007-09-26,0.5170342683621238,1.5963784810852082
2007-09-27,0.5170342683621238,1.5963784810852082
2007-09-28,0.5170342683621238,1.5963784810852082
2007-10-01,0.5170342683621238,1.5963784810852082
2007-10-02,0.35119622268778405,1.53866343199988
2007-10-03,0.3511962215254458,1.5386634319992032
2007-10-04,0.3511962215254458,1.5386634319992032
2007-10-05,0.3511962215254458,1.5386634319992032
2007-10-08,0.3511962215254458,1.5386634319992032
2007-10-09,0.3511962215254458,1.5386634319992032
2007-10-10,0.3511962215254458,1.5386634319992032
2007-10-11,0.3511962215254458,1.5386634319992032
2007-10-12,0.3511962215254458,1.5386634319992032
2007-10-15,0.3511962215254458,1.5386634319992032
2007-10-16,0.3511962215254458,1.5386634319992032
2007-10-17,0.3511962215254458,1.5386634319992032
2007-10-18,0.3511962215254458,1.5386634319992032
2007-10-19,0.3511962215254458,1.5386634319992032
2007-10-22,0.3511962215254458,1.5386634319992032
2007-10-23,0.3511962215254458,1.5386634319992032
2007-10-24,0.3511962215254458,1.5386634319992032
2007-10-25,0.3511962215254458,1.5386634319992032
2007-10-26,0.3511962215254458,1.5386634319992032
2007-10-29,0.3511962215254458,1.5386634319992032
2007-10-30,0.3511962215254458,1.5386634319992032
2007-10-31,0.3511962215254458,1.5386634319992032
2007-11-01,0.07212628467365495,1.109073642497405
2007-11-02,0.07212628003006298,1.1090736424915033
2007-11-05,0.07212628003006295,1.1090736424915033
2007-11-06,0.07212628003006295,1.1090736424915033
2007-11-07,0.07212628003006295,1.1090736424915033
2007-11-08,0.07212628003006295,1.1090736424915033
2007-11-09,0.07212628003006295,1.1090736424915033
2007-11-12,0.07212628003006295,1.1090736424915033
2007-11-13,0.07212628003006295,1.1090736424915033
2007-11-14,0.07212628003006295,1.1090736424915033
2007-11-15,0.07212628003006295,1.1090736424915033
2007-11-16,0.07212628003006295,1.1090736424915033
2007-11-19,0.07212628003006295,1.1090736424915033
2007-11-20,0.07212628003006295,1.1090736424915033
2007-11-21,0.07212628003006295,1.1090736424915033
2007-11-22,0.07212628003006295,1.1090736424915033
2007-11-23,0.07212628003006295,1.1090736424915033
2007-11-26,0.07212628003006295,1.1090736424915033
2007-11-27,0.07212628003006295,1.1090736424915033
2007-11-28,0.07212628003006295,1.1090736424915033
2007-11-29,0.07212628003006295,1.1090736424915033
2007-11-30,0.07212628003006295,1.1090736424915033
2007-12-03,1.1846269114344712,1.3071566789657567
2007-12-04,1.1846269147805168,1.307156678967864
2007-12-05,1.1846269147805168,1.307156678967864
2007-12-06,1.1846269147805168,1.307156678967864
2007-12-07,1.1846269147805168,1.307156678967864
2007-12-10,1.1846269147805168,1.307156678967864
2007-12-11,1.1846269147805168,1.307156678967864
2007-12-12,1.1846269147805168,1.307156678967864
2007-12-13,1.1846269147805168,1.307156678967864
2007-12-14,1.1846269147805168,1.307156678967864
2007-12-17,1.1846269147805168,1.307156678967864
2007-12-18,1.1846269147805168,1.307156678967864
2007-12-19,1.1846269147805168,1.307156678967864
2007-12-20,1.1846269147805168,1.307156678967864
2007-12-21,1.1846269147805168,1.307156678967864
2007-12-24,1.1846269147805168,1.307156678967864
2007-12-25,1.1846269147805168,1.307156678967864
2007-12-26,1.1846269147805168,1.307156678967864
2007-12-27,1.1846269147805168,1.307156678967864
2007-12-28,1.1846269147805168,1.307156678967864
2007-12-31,1.1846269147805168,1.307156678967864
2008-01-01,1.220580700663572,1.2629137352057678
2008-01-02,1.2205807008644323,1.2629137352052497
2008-01-03,1.2205807008644323,1.2629137352052497
2008-01-04,1.2205807008644323,1.2629137352052497
2008-01-07,1.2205807008644323,1.2629137352052497
2008-01-08,1.2205807008644323,1.2629137352052497
2008-01-09,1.2205807008644323,1.2629137352052497
2008-01-10,1.2205807008644323,1.2629137352052497
2008-01-11,1.2205807008644323,1.2629137352052497
2008-01-14,1.2205807008644323,1.2629137352052497
2008-01-15,1.2205807008644323,1.2629137352052497
2008-01-16,1.2205807008644323,1.2629137352052497
2008-01-17,1.2205807008644323,1.2629137352052497
2008-01-18,1.2205807008644323,1.2629137352052497
2008-01-21,1.2205807008644323,1.2629137352052497
2008-01-22,1.2205807008644323,1.2629137352052497
2008-01-23,1.2205807008644323,1.2629137352052497
2008-01-24,1.2205807008644323,1.2629137352052497
2008-01-25,1.2205807008644323,1.2629137352052497
2008-01-28,1.2205807008644323,1.2629137352052497
2008-01-29,1.2205807008644323,1.2629137352052497
2008-01-30,1.2205807008644323,1.2629137352052497
2008-01-31,1.2205807008644323,1.2629137352052497
2008-02-01,1.2603726327072673,0.5303845777722588
2008-02-04,1.2603726329293312,0.5303845777580063
2008-02-05,1.2603726329293312,0.5303845777580063
2008-02-06,1.2603726329293312,0.5303845777580063
2008-02-07,1.2603726329293312,0.5303845777580063
2008-02-08,1.2603726329293312,0.5303845777580063
2008-02-11,1.2603726329293312,0.5303845777580063
2008-02-12,1.2603726329293312,0.5303845777580063
2008-02-13,1.2603726329293312,0.5303845777580063
2008-02-14,1.2603726329293312,0.5303845777580063
2008-02-15,1.2603726329293312,0.5303845777580063
2008-02-18,1.2603726329293312,0.5303845777580063
2008-02-19,1.2603726329293312,0.5303845777580063
2008-02-20,1.2603726329293312,0.5303845777580063
2008-02-21,1.2603726329293312,0.5303845777580063
2008-02-22,1.2603726329293312,0.5303845777580063
2008-02-25,1.2603726329293312,0.5303845777580063
2008-02-26,1.2603726329293312,0.5303845777580063
2008-02-27,1.2603726329293312,0.5303845777580063
2008-02-28,1.2603726329293312,0.5303845777580063
2008-02-29,1.2603726329293312,0.5303845777580063
2008-03-03,1.7306921453257933,0.527976067040508
2008-03-04,1.7306921476302162,0.5279760670404802
2008-03-05,1.7306921476302162,0.5279760670404802
2008-03-06,1.7306921476302162,0.5279760670404802
2008-03-07,1.7306921476302162,0.5279760670404802
2008-03-10,1.7306921476302162,0.5279760670404802
2008-03-11,1.7306921476302162,0.5279760670404802
2008-03-12,1.7306921476302162,0.5279760670404802
2008-03-13,1.7306921476302162,0.5279760670404802
2008-03-14,1.7306921476302162,0.5279760670404802
2008-03-17,1.7306921476302162,0.5279760670404802
2008-03-18,1.7306921476302162,0.5279760670404802
2008-03-19,1.7306921476302162,0.5279760670404802
2008-03-20,1.7306921476302162,0.5279760670404802
2008-03-21,1.7306921476302162,0.5279760670404802
2008-03-24,1.7306921476302162,0.5279760670404802
2008-03-25,1.7306921476302162,0.5279760670404802
2008-03-26,1.7306921476302162,0.5279760670404802
2008-03-27,1.7306921476302162,0.5279760670404802
2008-03-28,1.7306921476302162,0.5279760670404802
2008-03-31,1.7306921476302162,0.5279760670404802
2008-04-01,1.937397696821475,0.473029541315403
2008-04-02,1.9373976979309986,0.4730295413147339
2008-04-03,1.9373976979309986,0.4730295413147339
2008-04-04,1.9373976979309986,0.4730295413147339
2008-04-07,1.9373976979309986,0.4730295413147339
2008-04-08,1.9373976979309986,0.4730295413147339
2008-04-09,1.9373976979309986,0.4730295413147339
2008-04-10,1.9373976979309986,0.4730295413147339
2008-04-11,1.9373976979309986,0.4730295413147339
2008-04-14,1.9373976979309986,0.4730295413147339
2008-04-15,1.9373976979309986,0.4730295413147339
2008-04-16,1.9373976979309986,0.4730295413147339
2008-04-17,1.9373976979309986,0.4730295413147339
2008-04-18,1.9373976979309986,0.4730295413147339
2008-04-21,1.9373976979309986,0.4730295413147339
2008-04-22,1.9373976979309986,0.4730295413147339
2008-04-23,1.9373976979309986,0.4730295413147339
2008-04-24,1.9373976979309986,0.4730295413147339
2008-04-25,1.9373976979309986,0.4730295413147339
2008-04-28,1.9373976979309986,0.4730295413147339
2008-04-29,1.9373976979309986,0.4730295413147339
2008-04-30,1.9373976979309986,0.4730295413147339
2008-05-01,1.6186564093594795,1.0193741496426216
2008-05-02,1.6186564073742296,1.0193741496472246
2008-05-05,1.6186564073742296,1.0193741496472246
2008-05-06,1.6186564073742296,1.0193741496472246
2008-05-07,1.6186564073742296,1.0193741496472246
2008-05-08,1.6186564073742296,1.0193741496472246
2008-05-09,1.6186564073742296,1.0193741496472246
2008-05-12,1.6186564073742296,1.0193741496472246
2008-05-13,1.6186564073742296,1.0193741496472246
2008-05-14,1.6186564073742296,1.0193741496472246
2008-05-15,1.6186564073742296,1.0193741496472246
2008-05-16,1.6186564073742296,1.0193741496472246
2008-05-19,1.6186564073742296,1.0193741496472246
2008-05-20,1.6186564073742296,1.0193741496472246
2008-05-21,1.6186564073742296,1.0193741496472246
2008-05-22,1.6186564073742296,1.0193741496472246
2008-05-23,1.6186564073742296,1.0193741496472246
2008-05-26,1.6186564073742296,1.0193741496472246
2008-05-27,1.6186564073742296,1.0193741496472246
2008-05-28,1.6186564073742296,1.0193741496472246
2008-05-29,1.6186564073742296,1.0193741496472246
2008-05-30,1.6186564073742296,1.0193741496472246
2008-06-02,1.6186564073742296,1.0193741496472246
2008-06-03,1.1684686153649089,0.8772253669790814
2008-06-04,1.1684686123205468,0.8772253669773128
2008-06-05,1.1684686123205468,0.8772253669773128
2008-06-06,1.1684686123205468,0.8772253669773128
2008-06-09,1.1684686123205468,0.8772253669773128
2008-06-10,1.1684686123205468,0.8772253669773128
2008-06-11,1.1684686123205468,0.8772253669773128
2008-06-12,1.1684686123205468,0.8772253669773128
2008-06-13,1.1684686123205468,0.8772253669773128
2008-06-16,1.1684686123205468,0.8772253669773128
2008-06-17,1.1684686123205468,0.8772253669773128
2008-06-18,1.1684686123205468,0.8772253669773128
2008-06-19,1.1684686123205468,0.8772253669773128
2008-06-20,1.1684686123205468,0.8772253669773128
2008-06-23,1.1684686123205468,0.8772253669773128
2008-06-24,1.1684686123205468,0.8772253669773128
2008-06-25,1.1684686123205468,0.8772253669773128
2008-06-26,1.1684686123205468,0.8772253669773128
2008-06-27,1.1684686123205468,0.8772253669773128
2008-06-30,1.1684686123205468,0.8772253669773128
2008-07-01,1.396918540586751,0.768086540068371
2008-07-02,1.3969185417761734,0.7680865400670256
2008-07-03,1.3969185417761734,0.7680865400670256
2008-07-04,1.3969185417761734,0.7680865400670256
2008-07-07,1.3969185417761734,0.7680865400670256
2008-07-08,1.3969185417761734,0.7680865400670256
2008-07-09,1.3969185417761734,0.7680865400670256
2008-07-10,1.3969185417761734,0.7680865400670256
2008-07-11,1.3969185417761734,0.7680865400670256
2008-07-14,1.3969185417761734,0.7680865400670256
2008-07-15,1.3969185417761734,0.7680865400670256
2008-07-16,1.3969185417761734,0.7680865400670256
2008-07-17,1.3969185417761734,0.7680865400670256
2008-07-18,1.3969185417761734,0.7680865400670256
2008-07-21,1.3969185417761734,0.7680865400670256
2008-07-22,1.3969185417761734,0.7680865400670256
2008-07-23,1.3969185417761734,0.7680865400670256
2008-07-24,1.3969185417761734,0.7680865400670256
2008-07-25,1.3969185417761734,0.7680865400670256
2008-07-28,1.3969185417761734,0.7680865400670256
2008-07-29,1.3969185417761734,0.7680865400670256
2008-07-30,1.3969185417761734,0.7680865400670256
2008-07-31,1.3969185417761734,0.7680865400670256
2008-08-01,1.7748054812999368,0.8293712578111185
2008-08-04,1.7748054832145,0.8293712578117979
2008-08-05,1.7748054832145,0.8293712578117979
2008-08-06,1.7748054832145,0.8293712578117979
2008-08-07,1.7748054832145,0.8293712578117979
2008-08-08,1.7748054832145,0.8293712578117979
2008-08-11,1.7748054832145,0.8293712578117979
2008-08-12,1.7748054832145,0.8293712578117979
2008-08-13,1.7748054832145,0.8293712578117979
2008-08-14,1.7748054832145,0.8293712578117979
2008-08-15,1.7748054832145,0.8293712578117979
2008-08-18,1.7748054832145,0.8293712578117979
2008-08-19,1.7748054832145,0.8293712578117979
2008-08-20,1.7748054832145,0.8293712578117979
2008-08-21,1.7748054832145,0.8293712578117979
2008-08-22,1.7748054832145,0.8293712578117979
2008-08-25,1.7748054832145,0.8293712578117979
2008-08-26,1.7748054832145,0.8293712578117979
2008-08-27,1.7748054832145,0.8293712578117979
2008-08-28,1.7748054832145,0.8293712578117979
2008-08-29,1.7748054832145,0.8293712578117979
2008-09-01,1.7748054832145,0.8293712578117979
2008-09-02,1.8174609317828956,0.6652437995499644
2008-09-03,1.8174609320219193,0.6652437995478424
2008-09-04,1.8174609320219193,0.6652437995478424
2008-09-05,1.8174609320219193,0.6652437995478424
2008-09-08,1.8174609320219193,0.6652437995478424
2008-09-09,1.8174609320219193,0.6652437995478424
2008-09-10,1.8174609320219193,0.6652437995478424
2008-09-11,1.8174609320219193,0.6652437995478424
2008-09-12,1.8174609320219193,0.6652437995478424
2008-09-15,1.8174609320219193,0.6652437995478424
2008-09-16,1.8174609320219193,0.6652437995478424
2008-09-17,1.8174609320219193,0.6652437995478424
2008-09-18,1.8174609320219193,0.6652437995478424
2008-09-19,1.8174609320219193,0.6652437995478424
2008-09-22,1.8174609320219193,0.6652437995478424
2008-09-23,1.8174609320219193,0.6652437995478424
2008-09-24,1.8174609320219193,0.6652437995478424
2008-09-25,1.8174609320219193,0.6652437995478424
2008-09-26,1.8174609320219193,0.6652437995478424
2008-09-29,1.8174609320219193,0.6652437995478424
2008-09-30,1.8174609320219193,0.6652437995478424
2008-10-01,4.268574581537036,1.8490140246464717
2008-10-02,4.268574591444859,1.8490140246557345
2008-10-03,4.268574591444859,1.8490140246557345
2008-10-06,4.268574591444859,1.8490140246557345
2008-10-07,4.268574591444859,1.8490140246557345
2008-10-08,4.268574591444859,1.8490140246557345
2008-10-09,4.268574591444859,1.8490140246557345
2008-10-10,4.268574591444859,1.8490140246557345
2008-10-13,4.268574591444859,1.8490140246557345
2008-10-14,4.268574591444859,1.8490140246557345
2008-10-15,4.268574591444859,1.8490140246557345
2008-10-16,4.268574591444859,1.8490140246557345
2008-10-17,4.268574591444859,1.8490140246557345
2008-10-20,4.268574591444859,1.8490140246557345
2008-10-21,4.268574591444859,1.8490140246557345
2008-10-22,4.268574591444859,1.8490140246557345
2008-10-23,4.268574591444859,1.8490140246557345
2008-10-24,4.268574591444859,1.8490140246557345
2008-10-27,4.268574591444859,1.8490140246557345
2008-10-28,4.268574591444859,1.8490140246557345
2008-10-29,4.268574591444859,1.8490140246557345
2008-10-30,4.268574591444859,1.8490140246557345
2008-10-31,4.268574591444859,1.8490140246557345
2008-11-03,5.966350910427229,1.1434563850422192
2008-11-04,5.966350918684178,1.1434563850315937
2008-11-05,5.966350918684178,1.1434563850315937
2008-11-06,5.966350918684178,1.1434563850315937
2008-11-07,5.966350918684178,1.1434563850315937
2008-11-10,5.966350918684178,1.1434563850315937
2008-11-11,5.966350918684178,1.1434563850315937
2008-11-12,5.966350918684178,1.1434563850315937
2008-11-13,5.966350918684178,1.1434563850315937
2008-11-14,5.966350918684178,1.1434563850315937
2008-11-17,5.966350918684178,1.1434563850315937
2008-11-18,5.966350918684178,1.1434563850315937
2008-11-19,5.966350918684178,1.1434563850315937
2008-11-20,5.966350918684178,1.1434563850315937
2008-11-21,5.966350918684178,1.1434563850315937
2008-11-24,5.966350918684178,1.1434563850315937
2008-11-25,5.966350918684178,1.1434563850315937
2008-11-26,5.966350918684178,1.1434563850315937
2008-11-27,5.966350918684178,1.1434563850315937
2008-11-28,5.966350918684178,1.1434563850315937
2008-12-01,5.966350918684178,1.1434563850315937
2008-12-02,5.9364924827111905,0.6368435340129934
2008-12-03,5.936492482541463,0.6368435340048436
2008-12-04,5.936492482541463,0.6368435340048436
2008-12-05,5.936492482541463,0.6368435340048436
2008-12-08,5.936492482541463,0.6368435340048436
2008-12-09,5.936492482541463,0.6368435340048436
2008-12-10,5.936492482541463,0.6368435340048436
2008-12-11,5.936492482541463,0.6368435340048436
2008-12-12,5.936492482541463,0.6368435340048436
2008-12-15,5.936492482541463,0.6368435340048436
2008-12-16,5.936492482541463,0.6368435340048436
2008-12-17,5.936492482541463,0.6368435340048436
2008-12-18,5.936492482541463,0.6368435340048436
2008-12-19,5.936492482541463,0.6368435340048436
2008-12-22,5.936492482541463,0.6368435340048436
2008-12-23,5.936492482541463,0.6368435340048436
2008-12-24,5.936492482541463,0.6368435340048436
2008-12-25,5.936492482541463,0.6368435340048436
2008-12-26,5.936492482541463,0.6368435340048436
2008-12-29,5.936492482541463,0.6368435340048436
2008-12-30,5.936492482541463,0.6368435340048436
2008-12-31,5.936492482541463,0.6368435340048436
2009-01-01,4.539458665015018,1.4462298636633217
2009-01-02,4.539458655874737,1.4462298636700301
2009-01-05,4.539458655874737,1.4462298636700301
2009-01-06,4.539458655874737,1.4462298636700301
2009-01-07,4.539458655874737,1.4462298636700301
2009-01-08,4.539458655874737,1.4462298636700301
2009-01-09,4.539458655874737,1.4462298636700301
2009-01-12,4.539458655874737,1.4462298636700301
2009-01-13,4.539458655874737,1.4462298636700301
2009-01-14,4.539458655874737,1.4462298636700301
2009-01-15,4.539458655874737,1.4462298636700301
2009-01-16,4.539458655874737,1.4462298636700301
2009-01-19,4.539458655874737,1.4462298636700301
2009-01-20,4.539458655874737,1.4462298636700301
2009-01-21,4.539458655874737,1.4462298636700301
2009-01-22,4.539458655874737,1.4462298636700301
2009-01-23,4.539458655874737,1.4462298636700301
2009-01-26,4.539458655874737,1.4462298636700301
2009-01-27,4.539458655874737,1.4462298636700301
2009-01-28,4.539458655874737,1.4462298636700301
2009-01-29,4.539458655874737,1.4462298636700301
2009-01-30,4.539458655874737,1.4462298636700301
2009-02-02,4.539458655874737,1.4462298636700301
2009-02-03,3.860390552745,1.18765566932405
2009-02-04,3.860390548555938,1.1876556693207503
2009-02-05,3.860390548555938,1.1876556693207503
2009-02-06,3.860390548555938,1.1876556693207503
2009-02-09,3.860390548555938,1.1876556693207503
2009-02-10,3.860390548555938,1.1876556693207503
2009-02-11,3.860390548555938,1.1876556693207503
2009-02-12,3.860390548555938,1.1876556693207503
2009-02-13,3.860390548555938,1.1876556693207503
2009-02-16,3.860390548555938,1.1876556693207503
2009-02-17,3.860390548555938,1.1876556693207503
2009-02-18,3.860390548555938,1.1876556693207503
2009-02-19,3.860390548555938,1.1876556693207503
2009-02-20,3.860390548555938,1.1876556693207503
2009-02-23,3.860390548555938,1.1876556693207503
2009-02-24,3.860390548555938,1.1876556693207503
2009-02-25,3.860390548555938,1.1876556693207503
2009-02-26,3.860390548555938,1.1876556693207503
2009-02-27,3.860390548555938,1.1876556693207503
2009-03-02,3.860390548555938,1.1876556693207503
2009-03-03,4.407830857345257,1.100658030848649
2009-03-04,4.407830860256558,1.1006580308476082
2009-03-05,4.407830860256558,1.1006580308476082
2009-03-06,4.407830860256558,1.1006580308476082
2009-03-09,4.407830860256558,1.1006580308476082
2009-03-10,4.407830860256558,1.1006580308476082
2009-03-11,4.407830860256558,1.1006580308476082
2009-03-12,4.407830860256558,1.1006580308476082
2009-03-13,4.407830860256558,1.1006580308476082
2009-03-16,4.407830860256558,1.1006580308476082
2009-03-17,4.407830860256558,1.1006580308476082
2009-03-18,4.407830860256558,1.1006580308476082
2009-03-19,4.407830860256558,1.1006580308476082
2009-03-20,4.407830860256558,1.1006580308476082
2009-03-23,4.407830860256558,1.1006580308476082
2009-03-24,4.407830860256558,1.1006580308476082
2009-03-25,4.407830860256558,1.1006580308476082
2009-03-26,4.407830860256558,1.1006580308476082
2009-03-27,4.407830860256558,1.1006580308476082
2009-03-30,4.407830860256558,1.1006580308476082
2009-03-31,4.407830860256558,1.1006580308476082
2009-04-01,4.253526130007663,1.2084564449606574
2009-04-02,4.253526129116865,1.2084564449618427
2009-04-03,4.253526129116865,1.2084564449618427
2009-04-06,4.253526129116865,1.2084564449618427
2009-04-07,4.253526129116865,1.2084564449618427
2009-04-08,4.253526129116865,1.2084564449618427
2009-04-09,4.253526129116865,1.2084564449618427
2009-04-10,4.253526129116865,1.2084564449618427
2009-04-13,4.253526129116865,1.2084564449618427
2009-04-14,4.253526129116865,1.2084564449618427
2009-04-15,4.253526129116865,1.2084564449618427
2009-04-16,4.253526129116865,1.2084564449618427
2009-04-17,4.253526129116865,1.2084564449618427
2009-04-20,4.253526129116865,1.2084564449618427
2009-04-21,4.253526129116865,1.2084564449618427
2009-04-22,4.253526129116865,1.2084564449618427
2009-04-23,4.253526129116865,1.2084564449618427
2009-04-24,4.253526129116865,1.2084564449618427
2009-04-27,4.253526129116865,1.2084564449618427
2009-04-28,4.253526129116865,1.2084564449618427
2009-04-29,4.253526129116865,1.2084564449618427
2009-04-30,4.253526129116865,1.2084564449618427
2009-05-01,3.2812353870031745,0.5719701119199055
2009-05-04,3.281235380673353,0.5719701119085044
2009-05-05,3.281235380673353,0.5719701119085044
2009-05-06,3.281235380673353,0.5719701119085044
2009-05-07,3.281235380673353,0.5719701119085044
2009-05-08,3.281235380673353,0.5719701119085044
2009-05-11,3.281235380673353,0.5719701119085044
2009-05-12,3.281235380673353,0.5719701119085044
2009-05-13,3.281235380673353,0.5719701119085044
2009-05-14,3.281235380673353,0.5719701119085044
2009-05-15,3.281235380673353,0.5719701119085044
2009-05-18,3.281235380673353,0.5719701119085044
2009-05-19,3.281235380673353,0.5719701119085044
2009-05-20,3.281235380673353,0.5719701119085044
2009-05-21,3.281235380673353,0.5719701119085044
2009-05-22,3.281235380673353,0.5719701119085044
2009-05-25,3.281235380673353,0.5719701119085044
2009-05-26,3.281235380673353,0.5719701119085044
2009-05-27,3.281235380673353,0.5719701119085044
2009-05-28,3.281235380673353,0.5719701119085044
2009-05-29,3.281235380673353,0.5719701119085044
2009-06-01,3.281235380673353,0.5719701119085044
2009-06-02,2.612800061304345,0.5098690016742248
2009-06-03,2.612800057029414,0.5098690016734665
2009-06-04,2.612800057029414,0.5098690016734665
2009-06-05,2.612800057029414,0.5098690016734665
2009-06-08,2.612800057029414,0.5098690016734665
2009-06-09,2.612800057029414,0.5098690016734665
2009-06-10,2.612800057029414,0.5098690016734665
2009-06-11,2.612800057029414,0.5098690016734665
2009-06-12,2.612800057029414,0.5098690016734665
2009-06-15,2.612800057029414,0.5098690016734665
2009-06-16,2.612800057029414,0.5098690016734665
2009-06-17,2.612800057029414,0.5098690016734665
2009-06-18,2.612800057029414,0.5098690016734665
2009-06-19,2.612800057029414,0.5098690016734665
2009-06-22,2.612800057029414,0.5098690016734665
2009-06-23,2.612800057029414,0.5098690016734665
2009-06-24,2.612800057029414,0.5098690016734665
2009-06-25,2.612800057029414,0.5098690016734665
2009-06-26,2.612800057029414,0.5098690016734665
2009-06-29,2.612800057029414,0.5098690016734665
2009-06-30,2.612800057029414,0.5098690016734665
2009-07-01,2.107780251986738,0.41127843112588247
2009-07-02,2.107780248780161,0.4112784311246118
2009-07-03,2.107780248780161,0.4112784311246118
2009-07-06,2.107780248780161,0.4112784311246118
2009-07-07,2.107780248780161,0.4112784311246118
2009-07-08,2.107780248780161,0.4112784311246118
2009-07-09,2.107780248780161,0.4112784311246118
2009-07-10,2.107780248780161,0.4112784311246118
2009-07-13,2.107780248780161,0.4112784311246118
2009-07-14,2.107780248780161,0.4112784311246118
2009-07-15,2.107780248780161,0.4112784311246118
2009-07-16,2.107780248780161,0.4112784311246118
2009-07-17,2.107780248780161,0.4112784311246118
2009-07-20,2.107780248780161,0.4112784311246118
2009-07-21,2.107780248780161,0.4112784311246118
2009-07-22,2.107780248780161,0.4112784311246118
2009-07-23,2.107780248780161,0.4112784311246118
2009-07-24,2.107780248780161,0.4112784311246118
2009-07-27,2.107780248780161,0.4112784311246118
2009-07-28,2.107780248780161,0.4112784311246118
2009-07-29,2.107780248780161,0.4112784311246118
2009-07-30,2.107780248780161,0.4112784311246118
2009-07-31,2.107780248780161,0.4112784311246118
2009-08-03,1.875689223010466,0.09544878137522177
2009-08-04,1.8756892216130614,0.09544878136557322
2009-08-05,1.8756892216130614,0.09544878136557322
2009-08-06,1.8756892216130614,0.09544878136557322
2009-08-07,1.8756892216130614,0.09544878136557322
2009-08-10,1.8756892216130614,0.09544878136557322
2009-08-11,1.8756892216130614,0.09544878136557322
2009-08-12,1.8756892216130614,0.09544878136557322
2009-08-13,1.8756892216130614,0.09544878136557322
2009-08-14,1.8756892216130614,0.09544878136557322
2009-08-17,1.8756892216130614,0.09544878136557322
2009-08-18,1.8756892216130614,0.09544878136557322
2009-08-19,1.8756892216130614,0.09544878136557322
2009-08-20,1.8756892216130614,0.09544878136557322
2009-08-21,1.8756892216130614,0.09544878136557322
2009-08-24,1.8756892216130614,0.09544878136557322
2009-08-25,1.8756892216130614,0.09544878136557322
2009-08-26,1.8756892216130614,0.09544878136557322
2009-08-27,1.8756892216130614,0.09544878136557322
2009-08-28,1.8756892216130614,0.09544878136557322
2009-08-31,1.8756892216130614,0.09544878136557322
2009-09-01,1.7922552987383487,0.188098413238287
2009-09-02,1.7922552982542557,0.18809841323909066
2009-09-03,1.7922552982542557,0.18809841323909066
2009-09-04,1.7922552982542557,0.18809841323909066
2009-09-07,1.7922552982542557,0.18809841323909066
2009-09-08,1.7922552982542557,0.18809841323909066
2009-09-09,1.7922552982542557,0.18809841323909066
2009-09-10,1.7922552982542557,0.18809841323909066
2009-09-11,1.7922552982542557,0.18809841323909066
2009-09-14,1.7922552982542557,0.18809841323909066
2009-09-15,1.7922552982542557,0.18809841323909066
2009-09-16,1.7922552982542557,0.18809841323909066
2009-09-17,1.7922552982542557,0.18809841323909066
2009-09-18,1.7922552982542557,0.18809841323909066
2009-09-21,1.7922552982542557,0.18809841323909066
2009-09-22,1.7922552982542557,0.18809841323909066
2009-09-23,1.7922552982542557,0.18809841323909066
2009-09-24,1.7922552982542557,0.18809841323909066
2009-09-25,1.7922552982542557,0.18809841323909066
2009-09-28,1.7922552982542557,0.18809841323909066
2009-09-29,1.7922552982542557,0.18809841323909066
2009-09-30,1.7922552982542557,0.18809841323909066
2009-10-01,1.4005850630935264,0.09759116969967817
2009-10-02,1.4005850605621806,0.0975911696981535
2009-10-05,1.4005850605621806,0.0975911696981535
2009-10-06,1.4005850605621806,0.0975911696981535
2009-10-07,1.4005850605621806,0.0975911696981535
2009-10-08,1.4005850605621806,0.0975911696981535
2009-10-09,1.4005850605621806,0.0975911696981535
2009-10-12,1.4005850605621806,0.0975911696981535
2009-10-13,1.4005850605621806,0.0975911696981535
2009-10-14,1.4005850605621806,0.0975911696981535
2009-10-15,1.4005850605621806,0.0975911696981535
2009-10-16,1.4005850605621806,0.0975911696981535
2009-10-19,1.4005850605621806,0.0975911696981535
2009-10-20,1.4005850605621806,0.0975911696981535
2009-10-21,1.4005850605621806,0.0975911696981535
2009-10-22,1.4005850605621806,0.0975911696981535
2009-10-23,1.4005850605621806,0.0975911696981535
2009-10-26,1.4005850605621806,0.0975911696981535
2009-10-27,1.4005850605621806,0.0975911696981535
2009-10-28,1.4005850605621806,0.0975911696981535
2009-10-29,1.4005850605621806,0.0975911696981535
2009-10-30,1.4005850605621806,0.0975911696981535
2009-11-02,1.4005850605621806,0.0975911696981535
2009-11-03,1.5464899438504587,0.16470900420998597
2009-11-04,1.5464899446387324,0.16470900421060103
2009-11-05,1.5464899446387324,0.16470900421060103
2009-11-06,1.5464899446387324,0.16470900421060103
2009-11-09,1.5464899446387324,0.16470900421060103
2009-11-10,1.5464899446387324,0.16470900421060103
2009-11-11,1.5464899446387324,0.16470900421060103
2009-11-12,1.5464899446387324,0.16470900421060103
2009-11-13,1.5464899446387324,0.16470900421060103
2009-11-16,1.5464899446387324,0.16470900421060103
2009-11-17,1.5464899446387324,0.16470900421060103
2009-11-18,1.5464899446387324,0.16470900421060103
2009-11-19,1.5464899446387324,0.16470900421060103
2009-11-20,1.5464899446387324,0.16470900421060103
2009-11-23,1.5464899446387324,0.16470900421060103
2009-11-24,1.5464899446387324,0.16470900421060103
2009-11-25,1.5464899446387324,0.16470900421060103
2009-11-26,1.5464899446387324,0.16470900421060103
2009-11-27,1.5464899446387324,0.16470900421060103
2009-11-30,1.5464899446387324,0.16470900421060103
2009-12-01,1.335110110034358,0.1810567301924832
2009-12-02,1.3351101087409267,0.18105673019266283
2009-12-03,1.3351101087409267,0.18105673019266283
2009-12-04,1.3351101087409267,0.18105673019266283
2009-12-07,1.3351101087409267,0.18105673019266283
2009-12-08,1.3351101087409267,0.18105673019266283
2009-12-09,1.3351101087409267,0.18105673019266283
2009-12-10,1.3351101087409267,0.18105673019266283
2009-12-11,1.3351101087409267,0.18105673019266283
2009-12-14,1.3351101087409267,0.18105673019266283
2009-12-15,1.3351101087409267,0.18105673019266283
2009-12-16,1.3351101087409267,0.18105673019266283
2009-12-17,1.3351101087409267,0.18105673019266283
2009-12-18,1.3351101087409267,0.18105673019266283
2009-12-21,1.3351101087409267,0.18105673019266283
2009-12-22,1.3351101087409267,0.18105673019266283
2009-12-23,1.3351101087409267,0.18105673019266283
2009-12-24,1.3351101087409267,0.18105673019266283
2009-12-25,1.3351101087409267,0.18105673019266283
2009-12-28,1.3351101087409267,0.18105673019266283
2009-12-29,1.3351101087409267,0.18105673019266283
2009-12-30,1.3351101087409267,0.18105673019266283
2009-12-31,1.3351101087409267,0.18105673019266283
2010-01-01,1.1245008176513671,0.39054701598003766
2010-01-04,1.1245008163453545,0.3905470159818021
2010-01-05,1.1245008163453545,0.3905470159818021
2010-01-06,1.1245008163453545,0.3905470159818021
2010-01-07,1.1245008163453545,0.3905470159818021
2010-01-08,1.1245008163453545,0.3905470159818021
2010-01-11,1.1245008163453545,0.3905470159818021
2010-01-12,1.1245008163453545,0.3905470159818021
2010-01-13,1.1245008163453545,0.3905470159818021
2010-01-14,1.1245008163453545,0.3905470159818021
2010-01-15,1.1245008163453545,0.3905470159818021
2010-01-18,1.1245008163453545,0.3905470159818021
2010-01-19,1.1245008163453545,0.3905470159818021
2010-01-20,1.1245008163453545,0.3905470159818021
2010-01-21,1.1245008163453545,0.3905470159818021
2010-01-22,1.1245008163453545,0.3905470159818021
2010-01-25,1.1245008163453545,0.3905470159818021
2010-01-26,1.1245008163453545,0.3905470159818021
2010-01-27,1.1245008163453545,0.3905470159818021
2010-01-28,1.1245008163453545,0.3905470159818021
2010-01-29,1.1245008163453545,0.3905470159818021
2010-02-01,1.1245008163453545,0.3905470159818021
2010-02-02,1.21587659118713,0.3176695789476611
2010-02-03,1.215876591685774,0.3176695789467262
2010-02-04,1.215876591685774,0.3176695789467262
2010-02-05,1.215876591685774,0.3176695789467262
2010-02-08,1.215876591685774,0.3176695789467262
2010-02-09,1.215876591685774,0.3176695789467262
2010-02-10,1.215876591685774,0.3176695789467262
2010-02-11,1.215876591685774,0.3176695789467262
2010-02-12,1.215876591685774,0.3176695789467262
2010-02-15,1.215876591685774,0.3176695789467262
2010-02-16,1.215876591685774,0.3176695789467262
2010-02-17,1.215876591685774,0.3176695789467262
2010-02-18,1.215876591685774,0.3176695789467262
2010-02-19,1.215876591685774,0.3176695789467262
2010-02-22,1.215876591685774,0.3176695789467262
2010-02-23,1.215876591685774,0.3176695789467262
2010-02-24,1.215876591685774,0.3176695789467262
2010-02-25,1.215876591685774,0.3176695789467262
2010-02-26,1.215876591685774,0.3176695789467262
2010-03-01,1.215876591685774,0.3176695789467262
2010-03-02,1.0958340679870398,0.10854413736837182
2010-03-03,1.0958340672691018,0.10854413736364647
2010-03-04,1.0958340672691018,0.10854413736364647
2010-03-05,1.0958340672691018,0.10854413736364647
2010-03-08,1.0958340672691018,0.10854413736364647
2010-03-09,1.0958340672691018,0.10854413736364647
2010-03-10,1.0958340672691018,0.10854413736364647
2010-03-11,1.0958340672691018,0.10854413736364647
2010-03-12,1.0958340672691018,0.10854413736364647
2010-03-15,1.0958340672691018,0.10854413736364647
2010-03-16,1.0958340672691018,0.10854413736364647
2010-03-17,1.0958340672691018,0.10854413736364647
2010-03-18,1.0958340672691018,0.10854413736364647
2010-03-19,1.0958340672691018,0.10854413736364647
2010-03-22,1.0958340672691018,0.10854413736364647
2010-03-23,1.0958340672691018,0.10854413736364647
2010-03-24,1.0958340672691018,0.10854413736364647
2010-03-25,1.0958340672691018,0.10854413736364647
2010-03-26,1.0958340672691018,0.10854413736364647
2010-03-29,1.0958340672691018,0.10854413736364647
2010-03-30,1.0958340672691018,0.10854413736364647
2010-03-31,1.0958340672691018,0.10854413736364647
2010-04-01,0.8212189315955701,0.2774163071313471
2010-04-02,0.8212189297781186,0.27741630713269905
2010-04-05,0.8212189297781186,0.27741630713269905
2010-04-06,0.8212189297781186,0.27741630713269905
2010-04-07,0.8212189297781186,0.27741630713269905
2010-04-08,0.8212189297781186,0.27741630713269905
2010-04-09,0.8212189297781186,0.27741630713269905
2010-04-12,0.8212189297781186,0.27741630713269905
2010-04-13,0.8212189297781186,0.27741630713269905
2010-04-14,0.8212189297781186,0.27741630713269905
2010-04-15,0.8212189297781186,0.27741630713269905
2010-04-16,0.8212189297781186,0.27741630713269905
2010-04-19,0.8212189297781186,0.27741630713269905
2010-04-20,0.8212189297781186,0.27741630713269905
2010-04-21,0.8212189297781186,0.27741630713269905
2010-04-22,0.8212189297781186,0.27741630713269905
2010-04-23,0.8212189297781186,0.27741630713269905
2010-04-26,0.8212189297781186,0.27741630713269905
2010-04-27,0.8212189297781186,0.27741630713269905
2010-04-28,0.8212189297781186,0.27741630713269905
2010-04-29,0.8212189297781186,0.27741630713269905
2010-04-30,0.8212189297781186,0.27741630713269905
2010-05-03,0.9034605338154973,0.41822759124931713
2010-05-04,0.9034605342605935,0.4182275912506649
2010-05-05,0.9034605342605935,0.4182275912506649
2010-05-06,0.9034605342605935,0.4182275912506649
2010-05-07,0.9034605342605935,0.4182275912506649
2010-05-10,0.9034605342605935,0.4182275912506649
2010-05-11,0.9034605342605935,0.4182275912506649
2010-05-12,0.9034605342605935,0.4182275912506649
2010-05-13,0.9034605342605935,0.4182275912506649
2010-05-14,0.9034605342605935,0.4182275912506649
2010-05-17,0.9034605342605935,0.4182275912506649
2010-05-18,0.9034605342605935,0.4182275912506649
2010-05-19,0.9034605342605935,0.4182275912506649
2010-05-20,0.9034605342605935,0.4182275912506649
2010-05-21,0.9034605342605935,0.4182275912506649
2010-05-24,0.9034605342605935,0.4182275912506649
2010-05-25,0.9034605342605935,0.4182275912506649
2010-05-26,0.9034605342605935,0.4182275912506649
2010-05-27,0.9034605342605935,0.4182275912506649
2010-05-28,0.9034605342605935,0.4182275912506649
2010-05-31,0.9034605342605935,0.4182275912506649
2010-06-01,1.2965514927842063,0.16379533782666564
2010-06-02,1.2965514946752064,0.16379533782146308
2010-06-03,1.2965514946752064,0.16379533782146308
2010-06-04,1.2965514946752064,0.16379533782146308
2010-06-07,1.2965514946752064,0.16379533782146308
2010-06-08,1.2965514946752064,0.16379533782146308
2010-06-09,1.2965514946752064,0.16379533782146308
2010-06-10,1.2965514946752064,0.16379533782146308
2010-06-11,1.2965514946752064,0.16379533782146308
2010-06-14,1.2965514946752064,0.16379533782146308
2010-06-15,1.2965514946752064,0.16379533782146308
2010-06-16,1.2965514946752064,0.16379533782146308
2010-06-17,1.2965514946752064,0.16379533782146308
2010-06-18,1.2965514946752064,0.16379533782146308
2010-06-21,1.2965514946752064,0.16379533782146308
2010-06-22,1.2965514946752064,0.16379533782146308
2010-06-23,1.2965514946752064,0.16379533782146308
2010-06-24,1.2965514946752064,0.16379533782146308
2010-06-25,1.2965514946752064,0.16379533782146308
2010-06-28,1.2965514946752064,0.16379533782146308
2010-06-29,1.2965514946752064,0.16379533782146308
2010-06-30,1.2965514946752064,0.16379533782146308
2010-07-01,1.5650956675483079,0.22451311033171623
2010-07-02,1.5650956689403555,0.22451311033232052
2010-07-05,1.5650956689403555,0.22451311033232052
2010-07-06,1.5650956689403555,0.22451311033232052
2010-07-07,1.5650956689403555,0.22451311033232052
2010-07-08,1.5650956689403555,0.22451311033232052
2010-07-09,1.5650956689403555,0.22451311033232052
2010-07-12,1.5650956689403555,0.22451311033232052
2010-07-13,1.5650956689403555,0.22451311033232052
2010-07-14,1.5650956689403555,0.22451311033232052
2010-07-15,1.5650956689403555,0.22451311033232052
2010-07-16,1.5650956689403555,0.22451311033232052
2010-07-19,1.5650956689403555,0.22451311033232052
2010-07-20,1.5650956689403555,0.22451311033232052
2010-07-21,1.5650956689403555,0.22451311033232052
2010-07-22,1.5650956689403555,0.22451311033232052
2010-07-23,1.5650956689403555,0.22451311033232052
2010-07-26,1.5650956689403555,0.22451311033232052
2010-07-27,1.5650956689403555,0.22451311033232052
2010-07-28,1.5650956689403555,0.22451311033232052
2010-07-29,1.5650956689403555,0.22451311033232052
2010-07-30,1.5650956689403555,0.22451311033232052
2010-08-02,1.5650956689403555,0.22451311033232052
2010-08-03,1.1191487257441535,0.06621173423867958
2010-08-04,1.1191487227117944,0.0662117342346798
2010-08-05,1.1191487227117944,0.0662117342346798
2010-08-06,1.1191487227117944,0.0662117342346798
2010-08-09,1.1191487227117944,0.0662117342346798
2010-08-10,1.1191487227117944,0.0662117342346798
2010-08-11,1.1191487227117944,0.0662117342346798
2010-08-12,1.1191487227117944,0.0662117342346798
2010-08-13,1.1191487227117944,0.0662117342346798
2010-08-16,1.1191487227117944,0.0662117342346798
2010-08-17,1.1191487227117944,0.0662117342346798
2010-08-18,1.1191487227117944,0.0662117342346798
2010-08-19,1.1191487227117944,0.0662117342346798
2010-08-20,1.1191487227117944,0.0662117342346798
2010-08-23,1.1191487227117944,0.0662117342346798
2010-08-24,1.1191487227117944,0.0662117342346798
2010-08-25,1.1191487227117944,0.0662117342346798
2010-08-26,1.1191487227117944,0.0662117342346798
2010-08-27,1.1191487227117944,0.0662117342346798
2010-08-30,1.1191487227117944,0.0662117342346798
2010-08-31,1.1191487227117944,0.0662117342346798
2010-09-01,0.9327308897922494,0.44251967285666555
2010-09-02,0.932730888629607,0.442519672859155
2010-09-03,0.932730888629607,0.442519672859155
2010-09-06,0.932730888629607,0.442519672859155
2010-09-07,0.932730888629607,0.442519672859155
2010-09-08,0.932730888629607,0.442519672859155
2010-09-09,0.932730888629607,0.442519672859155
2010-09-10,0.932730888629607,0.442519672859155
2010-09-13,0.932730888629607,0.442519672859155
2010-09-14,0.932730888629607,0.442519672859155
2010-09-15,0.932730888629607,0.442519672859155
2010-09-16,0.932730888629607,0.442519672859155
2010-09-17,0.932730888629607,0.442519672859155
2010-09-20,0.932730888629607,0.442519672859155
2010-09-21,0.932730888629607,0.442519672859155
2010-09-22,0.932730888629607,0.442519672859155
2010-09-23,0.932730888629607,0.442519672859155
2010-09-24,0.932730888629607,0.442519672859155
2010-09-27,0.932730888629607,0.442519672859155
2010-09-28,0.932730888629607,0.442519672859155
2010-09-29,0.932730888629607,0.442519672859155
2010-09-30,0.932730888629607,0.442519672859155
2010-10-01,0.7965731166357239,0.3344720820833596
2010-10-04,0.79657311579771,0.33447208208191526
2010-10-05,0.79657311579771,0.33447208208191526
2010-10-06,0.79657311579771,0.33447208208191526
2010-10-07,0.79657311579771,0.33447208208191526
2010-10-08,0.79657311579771,0.33447208208191526
2010-10-11,0.79657311579771,0.33447208208191526
2010-10-12,0.79657311579771,0.33447208208191526
2010-10-13,0.79657311579771,0.33447208208191526
2010-10-14,0.79657311579771,0.33447208208191526
2010-10-15,0.79657311579771,0.33447208208191526
2010-10-18,0.79657311579771,0.33447208208191526
2010-10-19,0.79657311579771,0.33447208208191526
2010-10-20,0.79657311579771,0.33447208208191526
2010-10-21,0.79657311579771,0.33447208208191526
2010-10-22,0.79657311579771,0.33447208208191526
2010-10-25,0.79657311579771,0.33447208208191526
2010-10-26,0.79657311579771,0.33447208208191526
2010-10-27,0.79657311579771,0.33447208208191526
2010-10-28,0.79657311579771,0.33447208208191526
2010-10-29,0.79657311579771,0.33447208208191526
2010-11-01,0.79657311579771,0.33447208208191526
2010-11-02,0.6788321297273519,0.32174000919421175
2010-11-03,0.6788321290018479,0.3217400091940623
2010-11-04,0.6788321290018479,0.3217400091940623
2010-11-05,0.6788321290018479,0.3217400091940623
2010-11-08,0.6788321290018479,0.3217400091940623
2010-11-09,0.6788321290018479,0.3217400091940623
2010-11-10,0.6788321290018479,0.3217400091940623
2010-11-11,0.6788321290018479,0.3217400091940623
2010-11-12,0.6788321290018479,0.3217400091940623
2010-11-15,0.6788321290018479,0.3217400091940623
2010-11-16,0.6788321290018479,0.3217400091940623
2010-11-17,0.6788321290018479,0.3217400091940623
2010-11-18,0.6788321290018479,0.3217400091940623
2010-11-19,0.6788321290018479,0.3217400091940623
2010-11-22,0.6788321290018479,0.3217400091940623
2010-11-23,0.6788321290018479,0.3217400091940623
2010-11-24,0.6788321290018479,0.3217400091940623
2010-11-25,0.6788321290018479,0.3217400091940623
2010-11-26,0.6788321290018479,0.3217400091940623
2010-11-29,0.6788321290018479,0.3217400091940623
2010-11-30,0.6788321290018479,0.3217400091940623
2010-12-01,0.7578167623128887,0.32272591384670246
2010-12-02,0.757816762737403,0.3227259138467138
2010-12-03,0.757816762737403,0.3227259138467138
2010-12-06,0.757816762737403,0.3227259138467138
2010-12-07,0.757816762737403,0.3227259138467138
2010-12-08,0.757816762737403,0.3227259138467138
2010-12-09,0.757816762737403,0.3227259138467138
2010-12-10,0.757816762737403,0.3227259138467138
2010-12-13,0.757816762737403,0.3227259138467138
2010-12-14,0.757816762737403,0.3227259138467138
2010-12-15,0.757816762737403,0.3227259138467138
2010-12-16,0.757816762737403,0.3227259138467138
2010-12-17,0.757816762737403,0.3227259138467138
2010-12-20,0.757816762737403,0.3227259138467138
2010-12-21,0.757816762737403,0.3227259138467138
2010-12-22,0.757816762737403,0.3227259138467138
2010-12-23,0.757816762737403,0.3227259138467138
2010-12-24,0.757816762737403,0.3227259138467138
2010-12-27,0.757816762737403,0.3227259138467138
2010-12-28,0.757816762737403,0.3227259138467138
2010-12-29,0.757816762737403,0.3227259138467138
2010-12-30,0.757816762737403,0.3227259138467138
2010-12-31,0.757816762737403,0.3227259138467138
2011-01-03,0.6859844668456875,0.08401313522525201
2011-01-04,0.6859844664170639,0.08401313521860158
2011-01-05,0.6859844664170639,0.08401313521860158
2011-01-06,0.6859844664170639,0.08401313521860158
2011-01-07,0.6859844664170639,0.08401313521860158
2011-01-10,0.6859844664170639,0.08401313521860158
2011-01-11,0.6859844664170639,0.08401313521860158
2011-01-12,0.6859844664170639,0.08401313521860158
2011-01-13,0.6859844664170639,0.08401313521860158
2011-01-14,0.6859844664170639,0.08401313521860158
2011-01-17,0.6859844664170639,0.08401313521860158
2011-01-18,0.6859844664170639,0.08401313521860158
2011-01-19,0.6859844664170639,0.08401313521860158
2011-01-20,0.6859844664170639,0.08401313521860158
2011-01-21,0.6859844664170639,0.08401313521860158
2011-01-24,0.6859844664170639,0.08401313521860158
2011-01-25,0.6859844664170639,0.08401313521860158
2011-01-26,0.6859844664170639,0.08401313521860158
2011-01-27,0.6859844664170639,0.08401313521860158
2011-01-28,0.6859844664170639,0.08401313521860158
2011-01-31,0.6859844664170639,0.08401313521860158
2011-02-01,0.6726185275826153,0.18855794383354976
2011-02-02,0.6726185275060756,0.18855794383441943
2011-02-03,0.6726185275060756,0.18855794383441943
2011-02-04,0.6726185275060756,0.18855794383441943
2011-02-07,0.6726185275060756,0.18855794383441943
2011-02-08,0.6726185275060756,0.18855794383441943
2011-02-09,0.6726185275060756,0.18855794383441943
2011-02-10,0.6726185275060756,0.18855794383441943
2011-02-11,0.6726185275060756,0.18855794383441943
2011-02-14,0.6726185275060756,0.18855794383441943
2011-02-15,0.6726185275060756,0.18855794383441943
2011-02-16,0.6726185275060756,0.18855794383441943
2011-02-17,0.6726185275060756,0.18855794383441943
2011-02-18,0.6726185275060756,0.18855794383441943
2011-02-21,0.6726185275060756,0.18855794383441943
2011-02-22,0.6726185275060756,0.18855794383441943
2011-02-23,0.6726185275060756,0.18855794383441943
2011-02-24,0.6726185275060756,0.18855794383441943
2011-02-25,0.6726185275060756,0.18855794383441943
2011-02-28,0.6726185275060756,0.18855794383441943
2011-03-01,0.6708418767274497,0.396196648408213
2011-03-02,0.6708418767173624,0.3961966484099765
2011-03-03,0.6708418767173624,0.3961966484099765
2011-03-04,0.6708418767173624,0.3961966484099765
2011-03-07,0.6708418767173624,0.3961966484099765
2011-03-08,0.6708418767173624,0.3961966484099765
2011-03-09,0.6708418767173624,0.3961966484099765
2011-03-10,0.6708418767173624,0.3961966484099765
2011-03-11,0.6708418767173624,0.3961966484099765
2011-03-14,0.6708418767173624,0.3961966484099765
2011-03-15,0.6708418767173624,0.3961966484099765
2011-03-16,0.6708418767173624,0.3961966484099765
2011-03-17,0.6708418767173624,0.3961966484099765
2011-03-18,0.6708418767173624,0.3961966484099765
2011-03-21,0.6708418767173624,0.3961966484099765
2011-03-22,0.6708418767173624,0.3961966484099765
2011-03-23,0.6708418767173624,0.3961966484099765
2011-03-24,0.6708418767173624,0.3961966484099765
2011-03-25,0.6708418767173624,0.3961966484099765
2011-03-28,0.6708418767173624,0.3961966484099765
2011-03-29,0.6708418767173624,0.3961966484099765
2011-03-30,0.6708418767173624,0.3961966484099765
2011-03-31,0.6708418767173624,0.3961966484099765
2011-04-01,0.6538272943785141,0.4296768507879308
2011-04-04,0.6538272942807838,0.4296768507883011
2011-04-05,0.6538272942807838,0.4296768507883011
2011-04-06,0.6538272942807838,0.4296768507883011
2011-04-07,0.6538272942807838,0.4296768507883011
2011-04-08,0.6538272942807838,0.4296768507883011
2011-04-11,0.6538272942807838,0.4296768507883011
2011-04-12,0.6538272942807838,0.4296768507883011
2011-04-13,0.6538272942807838,0.4296768507883011
2011-04-14,0.6538272942807838,0.4296768507883011
2011-04-15,0.6538272942807838,0.4296768507883011
2011-04-18,0.6538272942807838,0.4296768507883011
2011-04-19,0.6538272942807838,0.4296768507883011
2011-04-20,0.6538272942807838,0.4296768507883011
2011-04-21,0.6538272942807838,0.4296768507883011
2011-04-22,0.6538272942807838,0.4296768507883011
2011-04-25,0.6538272942807838,0.4296768507883011
2011-04-26,0.6538272942807838,0.4296768507883011
2011-04-27,0.6538272942807838,0.4296768507883011
2011-04-28,0.6538272942807838,0.4296768507883011
2011-04-29,0.6538272942807838,0.4296768507883011
2011-05-02,0.6538272942807838,0.4296768507883011
2011-05-03,0.614064293062148,0.2974560313193746
2011-05-04,0.6140642928293868,0.2974560313175147
2011-05-05,0.6140642928293868,0.2974560313175147
2011-05-06,0.6140642928293868,0.2974560313175147
2011-05-09,0.6140642928293868,0.2974560313175147
2011-05-10,0.6140642928293868,0.2974560313175147
2011-05-11,0.6140642928293868,0.2974560313175147
2011-05-12,0.6140642928293868,0.2974560313175147
2011-05-13,0.6140642928293868,0.2974560313175147
2011-05-16,0.6140642928293868,0.2974560313175147
2011-05-17,0.6140642928293868,0.2974560313175147
2011-05-18,0.6140642928293868,0.2974560313175147
2011-05-19,0.6140642928293868,0.2974560313175147
2011-05-20,0.6140642928293868,0.2974560313175147
2011-05-23,0.6140642928293868,0.2974560313175147
2011-05-24,0.6140642928293868,0.2974560313175147
2011-05-25,0.6140642928293868,0.2974560313175147
2011-05-26,0.6140642928293868,0.2974560313175147
2011-05-27,0.6140642928293868,0.2974560313175147
2011-05-30,0.6140642928293868,0.2974560313175147
2011-05-31,0.6140642928293868,0.2974560313175147
2011-06-01,0.6721574307846684,0.10636134484344095
2011-06-02,0.6721574310998296,0.10636134483926597
2011-06-03,0.6721574310998296,0.10636134483926597
2011-06-06,0.6721574310998296,0.10636134483926597
2011-06-07,0.6721574310998296,0.10636134483926597
2011-06-08,0.6721574310998296,0.10636134483926597
2011-06-09,0.6721574310998296,0.10636134483926597
2011-06-10,0.6721574310998296,0.10636134483926597
2011-06-13,0.6721574310998296,0.10636134483926597
2011-06-14,0.6721574310998296,0.10636134483926597
2011-06-15,0.6721574310998296,0.10636134483926597
2011-06-16,0.6721574310998296,0.10636134483926597
2011-06-17,0.6721574310998296,0.10636134483926597
2011-06-20,0.6721574310998296,0.10636134483926597
2011-06-21,0.6721574310998296,0.10636134483926597
2011-06-22,0.6721574310998296,0.10636134483926597
2011-06-23,0.6721574310998296,0.10636134483926597
2011-06-24,0.6721574310998296,0.10636134483926597
2011-06-27,0.6721574310998296,0.10636134483926597
2011-06-28,0.6721574310998296,0.10636134483926597
2011-06-29,0.6721574310998296,0.10636134483926597
2011-06-30,0.6721574310998296,0.10636134483926597
2011-07-01,0.771760325800093,0.07785854137156399
2011-07-04,0.7717603263284107,0.0778585413711759
2011-07-05,0.7717603263284107,0.0778585413711759
2011-07-06,0.7717603263284107,0.0778585413711759
2011-07-07,0.7717603263284107,0.0778585413711759
2011-07-08,0.7717603263284107,0.0778585413711759
2011-07-11,0.7717603263284107,0.0778585413711759
2011-07-12,0.7717603263284107,0.0778585413711759
2011-07-13,0.7717603263284107,0.0778585413711759
2011-07-14,0.7717603263284107,0.0778585413711759
2011-07-15,0.7717603263284107,0.0778585413711759
2011-07-18,0.7717603263284107,0.0778585413711759
2011-07-19,0.7717603263284107,0.0778585413711759
2011-07-20,0.7717603263284107,0.0778585413711759
2011-07-21,0.7717603263284107,0.0778585413711759
2011-07-22,0.7717603263284107,0.0778585413711759
2011-07-25,0.7717603263284107,0.0778585413711759
2011-07-26,0.7717603263284107,0.0778585413711759
2011-07-27,0.7717603263284107,0.0778585413711759
2011-07-28,0.7717603263284107,0.0778585413711759
2011-07-29,0.7717603263284107,0.0778585413711759
2011-08-01,0.7717603263284107,0.0778585413711759
2011-08-02,0.9109735428946167,0.07060736681556268
2011-08-03,0.9109735436236601,0.07060736681547493
2011-08-04,0.9109735436236601,0.07060736681547493
2011-08-05,0.9109735436236601,0.07060736681547493
2011-08-08,0.9109735436236601,0.07060736681547493
2011-08-09,0.9109735436236601,0.07060736681547493
2011-08-10,0.9109735436236601,0.07060736681547493
2011-08-11,0.9109735436236601,0.07060736681547493
2011-08-12,0.9109735436236601,0.07060736681547493
2011-08-15,0.9109735436236601,0.07060736681547493
2011-08-16,0.9109735436236601,0.07060736681547493
2011-08-17,0.9109735436236601,0.07060736681547493
2011-08-18,0.9109735436236601,0.07060736681547493
2011-08-19,0.9109735436236601,0.07060736681547493
2011-08-22,0.9109735436236601,0.07060736681547493
2011-08-23,0.9109735436236601,0.07060736681547493
2011-08-24,0.9109735436236601,0.07060736681547493
2011-08-25,0.9109735436236601,0.07060736681547493
2011-08-26,0.9109735436236601,0.07060736681547493
2011-08-29,0.9109735436236601,0.07060736681547493
2011-08-30,0.9109735436236601,0.07060736681547493
2011-08-31,0.9109735436236601,0.07060736681547493
2011-09-01,1.1680292094579163,0.5318572459451347
2011-09-02,1.1680292107550707,0.5318572459481413
2011-09-05,1.1680292107550707,0.5318572459481413
2011-09-06,1.1680292107550707,0.5318572459481413
2011-09-07,1.1680292107550707,0.5318572459481413
2011-09-08,1.1680292107550707,0.5318572459481413
2011-09-09,1.1680292107550707,0.5318572459481413
2011-09-12,1.1680292107550707,0.5318572459481413
2011-09-13,1.1680292107550707,0.5318572459481413
2011-09-14,1.1680292107550707,0.5318572459481413
2011-09-15,1.1680292107550707,0.5318572459481413
2011-09-16,1.1680292107550707,0.5318572459481413
2011-09-19,1.1680292107550707,0.5318572459481413
2011-09-20,1.1680292107550707,0.5318572459481413
2011-09-21,1.1680292107550707,0.5318572459481413
2011-09-22,1.1680292107550707,0.5318572459481413
2011-09-23,1.1680292107550707,0.5318572459481413
2011-09-26,1.1680292107550707,0.5318572459481413
2011-09-27,1.1680292107550707,0.5318572459481413
2011-09-28,1.1680292107550707,0.5318572459481413
2011-09-29,1.1680292107550707,0.5318572459481413
2011-09-30,1.1680292107550707,0.5318572459481413
2011-10-03,1.8120239940247271,0.3189792797507017
2011-10-04,1.8120239970273835,0.31897927974743423
2011-10-05,1.8120239970273835,0.31897927974743423
2011-10-06,1.8120239970273835,0.31897927974743423
2011-10-07,1.8120239970273835,0.31897927974743423
2011-10-10,1.8120239970273835,0.31897927974743423
2011-10-11,1.8120239970273835,0.31897927974743423
2011-10-12,1.8120239970273835,0.31897927974743423
2011-10-13,1.8120239970273835,0.31897927974743423
2011-10-14,1.8120239970273835,0.31897927974743423
2011-10-17,1.8120239970273835,0.31897927974743423
2011-10-18,1.8120239970273835,0.31897927974743423
2011-10-19,1.8120239970273835,0.31897927974743423
2011-10-20,1.8120239970273835,0.31897927974743423
2011-10-21,1.8120239970273835,0.31897927974743423
2011-10-24,1.8120239970273835,0.31897927974743423
2011-10-25,1.8120239970273835,0.31897927974743423
2011-10-26,1.8120239970273835,0.31897927974743423
2011-10-27,1.8120239970273835,0.31897927974743423
2011-10-28,1.8120239970273835,0.31897927974743423
2011-10-31,1.8120239970273835,0.31897927974743423
2011-11-01,1.4293783466238714,0.1425945662077334
2011-11-02,1.4293783441638113,0.14259456620444788
2011-11-03,1.4293783441638113,0.14259456620444788
2011-11-04,1.4293783441638113,0.14259456620444788
2011-11-07,1.4293783441638113,0.14259456620444788
2011-11-08,1.4293783441638113,0.14259456620444788
2011-11-09,1.4293783441638113,0.14259456620444788
2011-11-10,1.4293783441638113,0.14259456620444788
2011-11-11,1.4293783441638113,0.14259456620444788
2011-11-14,1.4293783441638113,0.14259456620444788
2011-11-15,1.4293783441638113,0.14259456620444788
2011-11-16,1.4293783441638113,0.14259456620444788
2011-11-17,1.4293783441638113,0.14259456620444788
2011-11-18,1.4293783441638113,0.14259456620444788
2011-11-21,1.4293783441638113,0.14259456620444788
2011-11-22,1.4293783441638113,0.14259456620444788
2011-11-23,1.4293783441638113,0.14259456620444788
2011-11-24,1.4293783441638113,0.14259456620444788
2011-11-25,1.4293783441638113,0.14259456620444788
2011-11-28,1.4293783441638113,0.14259456620444788
2011-11-29,1.4293783441638113,0.14259456620444788
2011-11-30,1.4293783441638113,0.14259456620444788
2011-12-01,1.4947615040206808,0.3784653437593164
2011-12-02,1.4947615043833036,0.37846534376118507
2011-12-05,1.4947615043833036,0.37846534376118507
2011-12-06,1.4947615043833036,0.37846534376118507
2011-12-07,1.4947615043833036,0.37846534376118507
2011-12-08,1.4947615043833036,0.37846534376118507
2011-12-09,1.4947615043833036,0.37846534376118507
2011-12-12,1.4947615043833036,0.37846534376118507
2011-12-13,1.4947615043833036,0.37846534376118507
2011-12-14,1.4947615043833036,0.37846534376118507
2011-12-15,1.4947615043833036,0.37846534376118507
2011-12-16,1.4947615043833036,0.37846534376118507
2011-12-19,1.4947615043833036,0.37846534376118507
2011-12-20,1.4947615043833036,0.37846534376118507
2011-12-21,1.4947615043833036,0.37846534376118507
2011-12-22,1.4947615043833036,0.37846534376118507
2011-12-23,1.4947615043833036,0.37846534376118507
2011-12-26,1.4947615043833036,0.37846534376118507
2011-12-27,1.4947615043833036,0.37846534376118507
2011-12-28,1.4947615043833036,0.37846534376118507
2011-12-29,1.4947615043833036,0.37846534376118507
2011-12-30,1.4947615043833036,0.37846534376118507
2012-01-02,1.4947615043833036,0.37846534376118507
2012-01-03,1.2893694784914713,0.431761666041415
2012-01-04,1.289369477234113,0.43176166604199057
2012-01-05,1.289369477234113,0.43176166604199057
2012-01-06,1.289369477234113,0.43176166604199057
2012-01-09,1.289369477234113,0.43176166604199057
2012-01-10,1.289369477234113,0.43176166604199057
2012-01-11,1.289369477234113,0.43176166604199057
2012-01-12,1.289369477234113,0.43176166604199057
2012-01-13,1.289369477234113,0.43176166604199057
2012-01-16,1.289369477234113,0.43176166604199057
2012-01-17,1.289369477234113,0.43176166604199057
2012-01-18,1.289369477234113,0.43176166604199057
2012-01-19,1.289369477234113,0.43176166604199057
2012-01-20,1.289369477234113,0.43176166604199057
2012-01-23,1.289369477234113,0.43176166604199057
2012-01-24,1.289369477234113,0.43176166604199057
2012-01-25,1.289369477234113,0.43176166604199057
2012-01-26,1.289369477234113,0.43176166604199057
2012-01-27,1.289369477234113,0.43176166604199057
2012-01-30,1.289369477234113,0.43176166604199057
2012-01-31,1.289369477234113,0.43176166604199057
2012-02-01,0.9074764198627353,0.5140977031145046
2012-02-02,0.9074764172417221,0.5140977031153764
2012-02-03,0.9074764172417221,0.5140977031153764
2012-02-06,0.9074764172417221,0.5140977031153764
2012-02-07,0.9074764172417221,0.5140977031153764
2012-02-08,0.9074764172417221,0.5140977031153764
2012-02-09,0.9074764172417221,0.5140977031153764
2012-02-10,0.9074764172417221,0.5140977031153764
2012-02-13,0.9074764172417221,0.5140977031153764
2012-02-14,0.9074764172417221,0.5140977031153764
2012-02-15,0.9074764172417221,0.5140977031153764
2012-02-16,0.9074764172417221,0.5140977031153764
2012-02-17,0.9074764172417221,0.5140977031153764
2012-02-20,0.9074764172417221,0.5140977031153764
2012-02-21,0.9074764172417221,0.5140977031153764
2012-02-22,0.9074764172417221,0.5140977031153764
2012-02-23,0.9074764172417221,0.5140977031153764
2012-02-24,0.9074764172417221,0.5140977031153764
2012-02-27,0.9074764172417221,0.5140977031153764
2012-02-28,0.9074764172417221,0.5140977031153764
2012-02-29,0.9074764172417221,0.5140977031153764
2012-03-01,0.6819615152356722,0.41951888451934016
2012-03-02,0.681961513745549,0.41951888451812896
2012-03-05,0.681961513745549,0.41951888451812896
2012-03-06,0.681961513745549,0.41951888451812896
2012-03-07,0.681961513745549,0.41951888451812896
2012-03-08,0.681961513745549,0.41951888451812896
2012-03-09,0.681961513745549,0.41951888451812896
2012-03-12,0.681961513745549,0.41951888451812896
2012-03-13,0.681961513745549,0.41951888451812896
2012-03-14,0.681961513745549,0.41951888451812896
2012-03-15,0.681961513745549,0.41951888451812896
2012-03-16,0.681961513745549,0.41951888451812896
2012-03-19,0.681961513745549,0.41951888451812896
2012-03-20,0.681961513745549,0.41951888451812896
2012-03-21,0.681961513745549,0.41951888451812896
2012-03-22,0.681961513745549,0.41951888451812896
2012-03-23,0.681961513745549,0.41951888451812896
2012-03-26,0.681961513745549,0.41951888451812896
2012-03-27,0.681961513745549,0.41951888451812896
2012-03-28,0.681961513745549,0.41951888451812896
2012-03-29,0.681961513745549,0.41951888451812896
2012-03-30,0.681961513745549,0.41951888451812896
2012-04-02,0.681961513745549,0.41951888451812896
2012-04-03,0.5366130396831281,0.518850329666892
2012-04-04,0.536613038747368,0.5188503296679259
2012-04-05,0.536613038747368,0.5188503296679259
2012-04-06,0.536613038747368,0.5188503296679259
2012-04-09,0.536613038747368,0.5188503296679259
2012-04-10,0.536613038747368,0.5188503296679259
2012-04-11,0.536613038747368,0.5188503296679259
2012-04-12,0.536613038747368,0.5188503296679259
2012-04-13,0.536613038747368,0.5188503296679259
2012-04-16,0.536613038747368,0.5188503296679259
2012-04-17,0.536613038747368,0.5188503296679259
2012-04-18,0.536613038747368,0.5188503296679259
2012-04-19,0.536613038747368,0.5188503296679259
2012-04-20,0.536613038747368,0.5188503296679259
2012-04-23,0.536613038747368,0.5188503296679259
2012-04-24,0.536613038747368,0.5188503296679259
2012-04-25,0.536613038747368,0.5188503296679259
2012-04-26,0.536613038747368,0.5188503296679259
2012-04-27,0.536613038747368,0.5188503296679259
2012-04-30,0.536613038747368,0.5188503296679259
2012-05-01,0.6329256211946584,0.5149526416317852
2012-05-02,0.632925621699213,0.5149526416317401
2012-05-03,0.632925621699213,0.5149526416317401
2012-05-04,0.632925621699213,0.5149526416317401
2012-05-07,0.632925621699213,0.5149526416317401
2012-05-08,0.632925621699213,0.5149526416317401
2012-05-09,0.632925621699213,0.5149526416317401
2012-05-10,0.632925621699213,0.5149526416317401
2012-05-11,0.632925621699213,0.5149526416317401
2012-05-14,0.632925621699213,0.5149526416317401
2012-05-15,0.632925621699213,0.5149526416317401
2012-05-16,0.632925621699213,0.5149526416317401
2012-05-17,0.632925621699213,0.5149526416317401
2012-05-18,0.632925621699213,0.5149526416317401
2012-05-21,0.632925621699213,0.5149526416317401
2012-05-22,0.632925621699213,0.5149526416317401
2012-05-23,0.632925621699213,0.5149526416317401
2012-05-24,0.632925621699213,0.5149526416317401
2012-05-25,0.632925621699213,0.5149526416317401
2012-05-28,0.632925621699213,0.5149526416317401
2012-05-29,0.632925621699213,0.5149526416317401
2012-05-30,0.632925621699213,0.5149526416317401
2012-05-31,0.632925621699213,0.5149526416317401
2012-06-01,0.8520049833287786,0.6961093179166662
2012-06-04,0.8520049844112806,0.6961093179184797
2012-06-05,0.8520049844112806,0.6961093179184797
2012-06-06,0.8520049844112806,0.6961093179184797
2012-06-07,0.8520049844112806,0.6961093179184797
2012-06-08,0.8520049844112806,0.6961093179184797
2012-06-11,0.8520049844112806,0.6961093179184797
2012-06-12,0.8520049844112806,0.6961093179184797
2012-06-13,0.8520049844112806,0.6961093179184797
2012-06-14,0.8520049844112806,0.6961093179184797
2012-06-15,0.8520049844112806,0.6961093179184797
2012-06-18,0.8520049844112806,0.6961093179184797
2012-06-19,0.8520049844112806,0.6961093179184797
2012-06-20,0.8520049844112806,0.6961093179184797
2012-06-21,0.8520049844112806,0.6961093179184797
2012-06-22,0.8520049844112806,0.6961093179184797
2012-06-25,0.8520049844112806,0.6961093179184797
2012-06-26,0.8520049844112806,0.6961093179184797
2012-06-27,0.8520049844112806,0.6961093179184797
2012-06-28,0.8520049844112806,0.6961093179184797
2012-06-29,0.8520049844112806,0.6961093179184797
2012-07-02,0.8520049844112806,0.6961093179184797
2012-07-03,0.5699291068814578,0.7004546384912252
2012-07-04,0.5699291048862517,0.7004546384912751
2012-07-05,0.5699291048862517,0.7004546384912751
2012-07-06,0.5699291048862517,0.7004546384912751
2012-07-09,0.5699291048862517,0.7004546384912751
2012-07-10,0.5699291048862517,0.7004546384912751
2012-07-11,0.5699291048862517,0.7004546384912751
2012-07-12,0.5699291048862517,0.7004546384912751
2012-07-13,0.5699291048862517,0.7004546384912751
2012-07-16,0.5699291048862517,0.7004546384912751
2012-07-17,0.5699291048862517,0.7004546384912751
2012-07-18,0.5699291048862517,0.7004546384912751
2012-07-19,0.5699291048862517,0.7004546384912751
2012-07-20,0.5699291048862517,0.7004546384912751
2012-07-23,0.5699291048862517,0.7004546384912751
2012-07-24,0.5699291048862517,0.7004546384912751
2012-07-25,0.5699291048862517,0.7004546384912751
2012-07-26,0.5699291048862517,0.7004546384912751
2012-07-27,0.5699291048862517,0.7004546384912751
2012-07-30,0.5699291048862517,0.7004546384912751
2012-07-31,0.5699291048862517,0.7004546384912751
2012-08-01,0.5549755819640286,0.6775084547289766
2012-08-02,0.5549755818780978,0.677508454728708
2012-08-03,0.5549755818780978,0.677508454728708
2012-08-06,0.5549755818780978,0.677508454728708
2012-08-07,0.5549755818780978,0.677508454728708
2012-08-08,0.5549755818780978,0.677508454728708
2012-08-09,0.5549755818780978,0.677508454728708
2012-08-10,0.5549755818780978,0.677508454728708
2012-08-13,0.5549755818780978,0.677508454728708
2012-08-14,0.5549755818780978,0.677508454728708
2012-08-15,0.5549755818780978,0.677508454728708
2012-08-16,0.5549755818780978,0.677508454728708
2012-08-17,0.5549755818780978,0.677508454728708
2012-08-20,0.5549755818780978,0.677508454728708
2012-08-21,0.5549755818780978,0.677508454728708
2012-08-22,0.5549755818780978,0.677508454728708
2012-08-23,0.5549755818780978,0.677508454728708
2012-08-24,0.5549755818780978,0.677508454728708
2012-08-27,0.5549755818780978,0.677508454728708
2012-08-28,0.5549755818780978,0.677508454728708
2012-08-29,0.5549755818780978,0.677508454728708
2012-08-30,0.5549755818780978,0.677508454728708
2012-08-31,0.5549755818780978,0.677508454728708
2012-09-03,0.5048358946188372,0.6519812915208586
2012-09-04,0.5048358943204204,0.6519812915205591
2012-09-05,0.5048358943204204,0.6519812915205591
2012-09-06,0.5048358943204204,0.6519812915205591
2012-09-07,0.5048358943204204,0.6519812915205591
2012-09-10,0.5048358943204204,0.6519812915205591
2012-09-11,0.5048358943204204,0.6519812915205591
2012-09-12,0.5048358943204204,0.6519812915205591
2012-09-13,0.5048358943204204,0.6519812915205591
2012-09-14,0.5048358943204204,0.6519812915205591
2012-09-17,0.5048358943204204,0.6519812915205591
2012-09-18,0.5048358943204204,0.6519812915205591
2012-09-19,0.5048358943204204,0.6519812915205591
2012-09-20,0.5048358943204204,0.6519812915205591
2012-09-21,0.5048358943204204,0.6519812915205591
2012-09-24,0.5048358943204204,0.6519812915205591
2012-09-25,0.5048358943204204,0.6519812915205591
2012-09-26,0.5048358943204204,0.6519812915205591
2012-09-27,0.5048358943204204,0.6519812915205591
2012-09-28,0.5048358943204204,0.6519812915205591
2012-10-01,0.5048358943204204,0.6519812915205591
2012-10-02,0.3544781986371557,0.689811676320668
2012-10-03,0.3544781976037967,0.6898116763210914
2012-10-04,0.3544781976037966,0.6898116763210914
2012-10-05,0.3544781976037966,0.6898116763210914
2012-10-08,0.3544781976037966,0.6898116763210914
2012-10-09,0.3544781976037966,0.6898116763210914
2012-10-10,0.3544781976037966,0.6898116763210914
2012-10-11,0.3544781976037966,0.6898116763210914
2012-10-12,0.3544781976037966,0.6898116763210914
2012-10-15,0.3544781976037966,0.6898116763210914
2012-10-16,0.3544781976037966,0.6898116763210914
2012-10-17,0.3544781976037966,0.6898116763210914
2012-10-18,0.3544781976037966,0.6898116763210914
2012-10-19,0.3544781976037966,0.6898116763210914
2012-10-22,0.3544781976037966,0.6898116763210914
2012-10-23,0.3544781976037966,0.6898116763210914
2012-10-24,0.3544781976037966,0.6898116763210914
2012-10-25,0.3544781976037966,0.6898116763210914
2012-10-26,0.3544781976037966,0.6898116763210914
2012-10-29,0.3544781976037966,0.6898116763210914
2012-10-30,0.3544781976037966,0.6898116763210914
2012-10-31,0.3544781976037966,0.6898116763210914
2012-11-01,0.39298690392252733,0.5833573426513223
2012-11-02,0.3929869041301788,0.5833573426499854
2012-11-05,0.3929869041301788,0.5833573426499854
2012-11-06,0.3929869041301788,0.5833573426499854
2012-11-07,0.3929869041301788,0.5833573426499854
2012-11-08,0.3929869041301788,0.5833573426499854
2012-11-09,0.3929869041301788,0.5833573426499854
2012-11-12,0.3929869041301788,0.5833573426499854
2012-11-13,0.3929869041301788,0.5833573426499854
2012-11-14,0.3929869041301788,0.5833573426499854
2012-11-15,0.3929869041301788,0.5833573426499854
2012-11-16,0.3929869041301788,0.5833573426499854
2012-11-19,0.3929869041301788,0.5833573426499854
2012-11-20,0.3929869041301788,0.5833573426499854
2012-11-21,0.3929869041301788,0.5833573426499854
2012-11-22,0.3929869041301788,0.5833573426499854
2012-11-23,0.3929869041301788,0.5833573426499854
2012-11-26,0.3929869041301788,0.5833573426499854
2012-11-27,0.3929869041301788,0.5833573426499854
2012-11-28,0.3929869041301788,0.5833573426499854
2012-11-29,0.3929869041301788,0.5833573426499854
2012-11-30,0.3929869041301788,0.5833573426499854
2012-12-03,0.3199885083132875,0.6826453756054081
2012-12-04,0.3199885078521646,0.6826453756064677
2012-12-05,0.3199885078521646,0.6826453756064677
2012-12-06,0.3199885078521646,0.6826453756064677
2012-12-07,0.3199885078521646,0.6826453756064677
2012-12-10,0.3199885078521646,0.6826453756064677
2012-12-11,0.3199885078521646,0.6826453756064677
2012-12-12,0.3199885078521646,0.6826453756064677
2012-12-13,0.3199885078521646,0.6826453756064677
2012-12-14,0.3199885078521646,0.6826453756064677
2012-12-17,0.3199885078521646,0.6826453756064677
2012-12-18,0.3199885078521646,0.6826453756064677
2012-12-19,0.3199885078521646,0.6826453756064677
2012-12-20,0.3199885078521646,0.6826453756064677
2012-12-21,0.3199885078521646,0.6826453756064677
2012-12-24,0.3199885078521646,0.6826453756064677
2012-12-25,0.3199885078521646,0.6826453756064677
2012-12-26,0.3199885078521646,0.6826453756064677
2012-12-27,0.3199885078521646,0.6826453756064677
2012-12-28,0.3199885078521646,0.6826453756064677
2012-12-31,0.3199885078521646,0.6826453756064677
2013-01-01,0.33550720810673296,0.5277216498256361
2013-01-02,0.33550720819269103,0.5277216498235913
2013-01-03,0.33550720819269103,0.5277216498235913
2013-01-04,0.33550720819269103,0.5277216498235913
2013-01-07,0.33550720819269103,0.5277216498235913
2013-01-08,0.33550720819269103,0.5277216498235913
2013-01-09,0.33550720819269103,0.5277216498235913
2013-01-10,0.33550720819269103,0.5277216498235913
2013-01-11,0.33550720819269103,0.5277216498235913
2013-01-14,0.33550720819269103,0.5277216498235913
2013-01-15,0.33550720819269103,0.5277216498235913
2013-01-16,0.33550720819269103,0.5277216498235913
2013-01-17,0.33550720819269103,0.5277216498235913
2013-01-18,0.33550720819269103,0.5277216498235913
2013-01-21,0.33550720819269103,0.5277216498235913
2013-01-22,0.33550720819269103,0.5277216498235913
2013-01-23,0.33550720819269103,0.5277216498235913
2013-01-24,0.33550720819269103,0.5277216498235913
2013-01-25,0.33550720819269103,0.5277216498235913
2013-01-28,0.33550720819269103,0.5277216498235913
2013-01-29,0.33550720819269103,0.5277216498235913
2013-01-30,0.33550720819269103,0.5277216498235913
2013-01-31,0.33550720819269103,0.5277216498235913
2013-02-01,0.08354390233781506,0.6102122294969464
2013-02-04,0.08354389875476619,0.6102122294978317
2013-02-05,0.08354389875476616,0.6102122294978317
2013-02-06,0.08354389875476616,0.6102122294978317
2013-02-07,0.08354389875476616,0.6102122294978317
2013-02-08,0.08354389875476616,0.6102122294978317
2013-02-11,0.08354389875476616,0.6102122294978317
2013-02-12,0.08354389875476616,0.6102122294978317
2013-02-13,0.08354389875476616,0.6102122294978317
2013-02-14,0.08354389875476616,0.6102122294978317
2013-02-15,0.08354389875476616,0.6102122294978317
2013-02-18,0.08354389875476616,0.6102122294978317
2013-02-19,0.08354389875476616,0.6102122294978317
2013-02-20,0.08354389875476616,0.6102122294978317
2013-02-21,0.08354389875476616,0.6102122294978317
2013-02-22,0.08354389875476616,0.6102122294978317
2013-02-25,0.08354389875476616,0.6102122294978317
2013-02-26,0.08354389875476616,0.6102122294978317
2013-02-27,0.08354389875476616,0.6102122294978317
2013-02-28,0.08354389875476616,0.6102122294978317
2013-03-01,0.27844557545160975,0.4341345728670728
2013-03-04,0.2784455761699569,0.43413457286463536
2013-03-05,0.2784455761699569,0.43413457286463536
2013-03-06,0.2784455761699569,0.43413457286463536
2013-03-07,0.2784455761699569,0.43413457286463536
2013-03-08,0.2784455761699569,0.43413457286463536
2013-03-11,0.2784455761699569,0.43413457286463536
2013-03-12,0.2784455761699569,0.43413457286463536
2013-03-13,0.2784455761699569,0.43413457286463536
2013-03-14,0.2784455761699569,0.43413457286463536
2013-03-15,0.2784455761699569,0.43413457286463536
2013-03-18,0.2784455761699569,0.43413457286463536
2013-03-19,0.2784455761699569,0.43413457286463536
2013-03-20,0.2784455761699569,0.43413457286463536
2013-03-21,0.2784455761699569,0.43413457286463536
2013-03-22,0.2784455761699569,0.43413457286463536
2013-03-25,0.2784455761699569,0.43413457286463536
2013-03-26,0.2784455761699569,0.43413457286463536
2013-03-27,0.2784455761699569,0.43413457286463536
2013-03-28,0.2784455761699569,0.43413457286463536
2013-03-29,0.2784455761699569,0.43413457286463536
2013-04-01,0.2784455761699569,0.43413457286463536
2013-04-02,0.18683431003396564,0.45310892142640286
2013-04-03,0.18683430938716608,0.4531089214266167
2013-04-04,0.18683430938716608,0.4531089214266167
2013-04-05,0.18683430938716608,0.4531089214266167
2013-04-08,0.18683430938716608,0.4531089214266167
2013-04-09,0.18683430938716608,0.4531089214266167
2013-04-10,0.18683430938716608,0.4531089214266167
2013-04-11,0.18683430938716608,0.4531089214266167
2013-04-12,0.18683430938716608,0.4531089214266167
2013-04-15,0.18683430938716608,0.4531089214266167
2013-04-16,0.18683430938716608,0.4531089214266167
2013-04-17,0.18683430938716608,0.4531089214266167
2013-04-18,0.18683430938716608,0.4531089214266167
2013-04-19,0.18683430938716608,0.4531089214266167
2013-04-22,0.18683430938716608,0.4531089214266167
2013-04-23,0.18683430938716608,0.4531089214266167
2013-04-24,0.18683430938716608,0.4531089214266167
2013-04-25,0.18683430938716608,0.4531089214266167
2013-04-26,0.18683430938716608,0.4531089214266167
2013-04-29,0.18683430938716608,0.4531089214266167
2013-04-30,0.18683430938716608,0.4531089214266167
2013-05-01,0.17860487242162018,0.3734271721072566
2013-05-02,0.17860487237388317,0.3734271721062417
2013-05-03,0.17860487237388317,0.3734271721062417
2013-05-06,0.17860487237388317,0.3734271721062417
2013-05-07,0.17860487237388317,0.3734271721062417
2013-05-08,0.17860487237388317,0.3734271721062417
2013-05-09,0.17860487237388317,0.3734271721062417
2013-05-10,0.17860487237388317,0.3734271721062417
2013-05-13,0.17860487237388317,0.3734271721062417
2013-05-14,0.17860487237388317,0.3734271721062417
2013-05-15,0.17860487237388317,0.3734271721062417
2013-05-16,0.17860487237388317,0.3734271721062417
2013-05-17,0.17860487237388317,0.3734271721062417
2013-05-20,0.17860487237388317,0.3734271721062417
2013-05-21,0.17860487237388317,0.3734271721062417
2013-05-22,0.17860487237388317,0.3734271721062417
2013-05-23,0.17860487237388317,0.3734271721062417
2013-05-24,0.17860487237388317,0.3734271721062417
2013-05-27,0.17860487237388317,0.3734271721062417
2013-05-28,0.17860487237388317,0.3734271721062417
2013-05-29,0.17860487237388317,0.3734271721062417
2013-05-30,0.17860487237388317,0.3734271721062417
2013-05-31,0.17860487237388317,0.3734271721062417
2013-06-03,0.22928913306008886,0.2660525216360904
2013-06-04,0.22928913331571202,0.2660525216346053
2013-06-05,0.22928913331571202,0.2660525216346053
2013-06-06,0.22928913331571202,0.2660525216346053
2013-06-07,0.22928913331571202,0.2660525216346053
2013-06-10,0.22928913331571202,0.2660525216346053
2013-06-11,0.22928913331571202,0.2660525216346053
2013-06-12,0.22928913331571202,0.2660525216346053
2013-06-13,0.22928913331571202,0.2660525216346053
2013-06-14,0.22928913331571202,0.2660525216346053
2013-06-17,0.22928913331571202,0.2660525216346053
2013-06-18,0.22928913331571202,0.2660525216346053
2013-06-19,0.22928913331571202,0.2660525216346053
2013-06-20,0.22928913331571202,0.2660525216346053
2013-06-21,0.22928913331571202,0.2660525216346053
2013-06-24,0.22928913331571202,0.2660525216346053
2013-06-25,0.22928913331571202,0.2660525216346053
2013-06-26,0.22928913331571202,0.2660525216346053
2013-06-27,0.22928913331571202,0.2660525216346053
2013-06-28,0.22928913331571202,0.2660525216346053
2013-07-01,0.22928913331571202,0.2660525216346053
2013-07-02,0.49624224052584726,0.16508586685888352
2013-07-03,0.49624224163237074,0.16508586685736618
2013-07-04,0.49624224163237074,0.16508586685736618
2013-07-05,0.49624224163237074,0.16508586685736618
2013-07-08,0.49624224163237074,0.16508586685736618
2013-07-09,0.49624224163237074,0.16508586685736618
2013-07-10,0.49624224163237074,0.16508586685736618
2013-07-11,0.49624224163237074,0.16508586685736618
2013-07-12,0.49624224163237074,0.16508586685736618
2013-07-15,0.49624224163237074,0.16508586685736618
2013-07-16,0.49624224163237074,0.16508586685736618
2013-07-17,0.49624224163237074,0.16508586685736618
2013-07-18,0.49624224163237074,0.16508586685736618
2013-07-19,0.49624224163237074,0.16508586685736618
2013-07-22,0.49624224163237074,0.16508586685736618
2013-07-23,0.49624224163237074,0.16508586685736618
2013-07-24,0.49624224163237074,0.16508586685736618
2013-07-25,0.49624224163237074,0.16508586685736618
2013-07-26,0.49624224163237074,0.16508586685736618
2013-07-29,0.49624224163237074,0.16508586685736618
2013-07-30,0.49624224163237074,0.16508586685736618
2013-07-31,0.49624224163237074,0.16508586685736618
2013-08-01,0.3613751026661843,0.13335506543112166
2013-08-02,0.36137510175877197,0.13335506543071302
2013-08-05,0.36137510175877197,0.13335506543071302
2013-08-06,0.36137510175877197,0.13335506543071302
2013-08-07,0.36137510175877197,0.13335506543071302
2013-08-08,0.36137510175877197,0.13335506543071302
2013-08-09,0.36137510175877197,0.13335506543071302
2013-08-12,0.36137510175877197,0.13335506543071302
2013-08-13,0.36137510175877197,0.13335506543071302
2013-08-14,0.36137510175877197,0.13335506543071302
2013-08-15,0.36137510175877197,0.13335506543071302
2013-08-16,0.36137510175877197,0.13335506543071302
2013-08-19,0.36137510175877197,0.13335506543071302
2013-08-20,0.36137510175877197,0.13335506543071302
2013-08-21,0.36137510175877197,0.13335506543071302
2013-08-22,0.36137510175877197,0.13335506543071302
2013-08-23,0.36137510175877197,0.13335506543071302
2013-08-26,0.36137510175877197,0.13335506543071302
2013-08-27,0.36137510175877197,0.13335506543071302
2013-08-28,0.36137510175877197,0.13335506543071302
2013-08-29,0.36137510175877197,0.13335506543071302
2013-08-30,0.36137510175877197,0.13335506543071302
2013-09-02,0.36137510175877197,0.13335506543071302
2013-09-03,0.350432992142994,0.09188948561265974
2013-09-04,0.35043299207998213,0.09188948561207483
2013-09-05,0.35043299207998213,0.09188948561207483
2013-09-06,0.35043299207998213,0.09188948561207483
2013-09-09,0.35043299207998213,0.09188948561207483
2013-09-10,0.35043299207998213,0.09188948561207483
2013-09-11,0.35043299207998213,0.09188948561207483
2013-09-12,0.35043299207998213,0.09188948561207483
2013-09-13,0.35043299207998213,0.09188948561207483
2013-09-16,0.35043299207998213,0.09188948561207483
2013-09-17,0.35043299207998213,0.09188948561207483
2013-09-18,0.35043299207998213,0.09188948561207483
2013-09-19,0.35043299207998213,0.09188948561207483
2013-09-20,0.35043299207998213,0.09188948561207483
2013-09-23,0.35043299207998213,0.09188948561207483
2013-09-24,0.35043299207998213,0.09188948561207483
2013-09-25,0.35043299207998213,0.09188948561207483
2013-09-26,0.35043299207998213,0.09188948561207483
2013-09-27,0.35043299207998213,0.09188948561207483
2013-09-30,0.35043299207998213,0.09188948561207483
2013-10-01,0.5147066636406936,0.03903180541709529
2013-10-02,0.5147066644235058,0.039031805416075045
2013-10-03,0.5147066644235058,0.039031805416075045
2013-10-04,0.5147066644235058,0.039031805416075045
2013-10-07,0.5147066644235058,0.039031805416075045
2013-10-08,0.5147066644235058,0.039031805416075045
2013-10-09,0.5147066644235058,0.039031805416075045
2013-10-10,0.5147066644235058,0.039031805416075045
2013-10-11,0.5147066644235058,0.039031805416075045
2013-10-14,0.5147066644235058,0.039031805416075045
2013-10-15,0.5147066644235058,0.039031805416075045
2013-10-16,0.5147066644235058,0.039031805416075045
2013-10-17,0.5147066644235058,0.039031805416075045
2013-10-18,0.5147066644235058,0.039031805416075045
2013-10-21,0.5147066644235058,0.039031805416075045
2013-10-22,0.5147066644235058,0.039031805416075045
2013-10-23,0.5147066644235058,0.039031805416075045
2013-10-24,0.5147066644235058,0.039031805416075045
2013-10-25,0.5147066644235058,0.039031805416075045
2013-10-28,0.5147066644235058,0.039031805416075045
2013-10-29,0.5147066644235058,0.039031805416075045
2013-10-30,0.5147066644235058,0.039031805416075045
2013-10-31,0.5147066644235058,0.039031805416075045
2013-11-01,0.3018355429069522,0.0681907792236487
2013-11-04,0.3018355412743206,0.06819077922391255
2013-11-05,0.3018355412743206,0.06819077922391255
2013-11-06,0.3018355412743206,0.06819077922391255
2013-11-07,0.3018355412743206,0.06819077922391255
2013-11-08,0.3018355412743206,0.06819077922391255
2013-11-11,0.3018355412743206,0.06819077922391255
2013-11-12,0.3018355412743206,0.06819077922391255
2013-11-13,0.3018355412743206,0.06819077922391255
2013-11-14,0.3018355412743206,0.06819077922391255
2013-11-15,0.3018355412743206,0.06819077922391255
2013-11-18,0.3018355412743206,0.06819077922391255
2013-11-19,0.3018355412743206,0.06819077922391255
2013-11-20,0.3018355412743206,0.06819077922391255
2013-11-21,0.3018355412743206,0.06819077922391255
2013-11-22,0.3018355412743206,0.06819077922391255
2013-11-25,0.3018355412743206,0.06819077922391255
2013-11-26,0.3018355412743206,0.06819077922391255
2013-11-27,0.3018355412743206,0.06819077922391255
2013-11-28,0.3018355412743206,0.06819077922391255
2013-11-29,0.3018355412743206,0.06819077922391255
2013-12-02,0.3018355412743206,0.06819077922391255
2013-12-03,0.2222387178902575,0.09618182209919042
2013-12-04,0.22223871735811,0.0961818220994657
2013-12-05,0.22223871735811,0.0961818220994657
2013-12-06,0.22223871735811,0.0961818220994657
2013-12-09,0.22223871735811,0.0961818220994657
2013-12-10,0.22223871735811,0.0961818220994657
2013-12-11,0.22223871735811,0.0961818220994657
2013-12-12,0.22223871735811,0.0961818220994657
2013-12-13,0.22223871735811,0.0961818220994657
2013-12-16,0.22223871735811,0.0961818220994657
2013-12-17,0.22223871735811,0.0961818220994657
2013-12-18,0.22223871735811,0.0961818220994657
2013-12-19,0.22223871735811,0.0961818220994657
2013-12-20,0.22223871735811,0.0961818220994657
2013-12-23,0.22223871735811,0.0961818220994657
2013-12-24,0.22223871735811,0.0961818220994657
2013-12-25,0.22223871735811,0.0961818220994657
2013-12-26,0.22223871735811,0.0961818220994657
2013-12-27,0.22223871735811,0.0961818220994657
2013-12-30,0.22223871735811,0.0961818220994657
2013-12-31,0.22223871735811,0.0961818220994657
2014-01-01,0.2739393302544887,0.15819898338125366
2014-01-02,0.27393933051997493,0.1581989833818275
2014-01-03,0.273939330519975,0.1581989833818275
2014-01-06,0.273939330519975,0.1581989833818275
2014-01-07,0.273939330519975,0.1581989833818275
2014-01-08,0.273939330519975,0.1581989833818275
2014-01-09,0.273939330519975,0.1581989833818275
2014-01-10,0.273939330519975,0.1581989833818275
2014-01-13,0.273939330519975,0.1581989833818275
2014-01-14,0.273939330519975,0.1581989833818275
2014-01-15,0.273939330519975,0.1581989833818275
2014-01-16,0.273939330519975,0.1581989833818275
2014-01-17,0.273939330519975,0.1581989833818275
2014-01-20,0.273939330519975,0.1581989833818275
2014-01-21,0.273939330519975,0.1581989833818275
2014-01-22,0.273939330519975,0.1581989833818275
2014-01-23,0.273939330519975,0.1581989833818275
2014-01-24,0.273939330519975,0.1581989833818275
2014-01-27,0.273939330519975,0.1581989833818275
2014-01-28,0.273939330519975,0.1581989833818275
2014-01-29,0.273939330519975,0.1581989833818275
2014-01-30,0.273939330519975,0.1581989833818275
2014-01-31,0.273939330519975,0.1581989833818275
2014-02-03,0.3359851434737102,0.09748925268809072
2014-02-04,0.3359851437930343,0.09748925268717447
2014-02-05,0.3359851437930343,0.09748925268717447
2014-02-06,0.3359851437930343,0.09748925268717447
2014-02-07,0.3359851437930343,0.09748925268717447
2014-02-10,0.3359851437930343,0.09748925268717447
2014-02-11,0.3359851437930343,0.09748925268717447
2014-02-12,0.3359851437930343,0.09748925268717447
2014-02-13,0.3359851437930343,0.09748925268717447
2014-02-14,0.3359851437930343,0.09748925268717447
2014-02-17,0.3359851437930343,0.09748925268717447
2014-02-18,0.3359851437930343,0.09748925268717447
2014-02-19,0.3359851437930343,0.09748925268717447
2014-02-20,0.3359851437930343,0.09748925268717447
2014-02-21,0.3359851437930343,0.09748925268717447
2014-02-24,0.3359851437930343,0.09748925268717447
2014-02-25,0.3359851437930343,0.09748925268717447
2014-02-26,0.3359851437930343,0.09748925268717447
2014-02-27,0.3359851437930343,0.09748925268717447
2014-02-28,0.3359851437930343,0.09748925268717447
2014-03-03,0.2861584901176979,0.21191203077615645
2014-03-04,0.2861584898105773,0.2119120307771178
2014-03-05,0.2861584898105773,0.2119120307771178
2014-03-06,0.2861584898105773,0.2119120307771178
2014-03-07,0.2861584898105773,0.2119120307771178
2014-03-10,0.2861584898105773,0.2119120307771178
2014-03-11,0.2861584898105773,0.2119120307771178
2014-03-12,0.2861584898105773,0.2119120307771178
2014-03-13,0.2861584898105773,0.2119120307771178
2014-03-14,0.2861584898105773,0.2119120307771178
2014-03-17,0.2861584898105773,0.2119120307771178
2014-03-18,0.2861584898105773,0.2119120307771178
2014-03-19,0.2861584898105773,0.2119120307771178
2014-03-20,0.2861584898105773,0.2119120307771178
2014-03-21,0.2861584898105773,0.2119120307771178
2014-03-24,0.2861584898105773,0.2119120307771178
2014-03-25,0.2861584898105773,0.2119120307771178
2014-03-26,0.2861584898105773,0.2119120307771178
2014-03-27,0.2861584898105773,0.2119120307771178
2014-03-28,0.2861584898105773,0.2119120307771178
2014-03-31,0.2861584898105773,0.2119120307771178
2014-04-01,0.0989801354354611,0.11841597593389977
2014-04-02,0.09898013337061423,0.11841597593239893
2014-04-03,0.09898013337061422,0.11841597593239893
2014-04-04,0.09898013337061422,0.11841597593239893
2014-04-07,0.09898013337061422,0.11841597593239893
2014-04-08,0.09898013337061422,0.11841597593239893
2014-04-09,0.09898013337061422,0.11841597593239893
2014-04-10,0.09898013337061422,0.11841597593239893
2014-04-11,0.09898013337061422,0.11841597593239893
2014-04-14,0.09898013337061422,0.11841597593239893
2014-04-15,0.09898013337061422,0.11841597593239893
2014-04-16,0.09898013337061422,0.11841597593239893
2014-04-17,0.09898013337061422,0.11841597593239893
2014-04-18,0.09898013337061422,0.11841597593239893
2014-04-21,0.09898013337061422,0.11841597593239893
2014-04-22,0.09898013337061422,0.11841597593239893
2014-04-23,0.09898013337061422,0.11841597593239893
2014-04-24,0.09898013337061422,0.11841597593239893
2014-04-25,0.09898013337061422,0.11841597593239893
2014-04-28,0.09898013337061422,0.11841597593239893
2014-04-29,0.09898013337061422,0.11841597593239893
2014-04-30,0.09898013337061422,0.11841597593239893
2014-05-01,0.10780097634213691,0.14109630279694116
2014-05-02,0.107800976390106,0.14109630279718122
2014-05-05,0.107800976390106,0.14109630279718122
2014-05-06,0.107800976390106,0.14109630279718122
2014-05-07,0.107800976390106,0.14109630279718122
2014-05-08,0.107800976390106,0.14109630279718122
2014-05-09,0.107800976390106,0.14109630279718122
2014-05-12,0.107800976390106,0.14109630279718122
2014-05-13,0.107800976390106,0.14109630279718122
2014-05-14,0.107800976390106,0.14109630279718122
2014-05-15,0.107800976390106,0.14109630279718122
2014-05-16,0.107800976390106,0.14109630279718122
2014-05-19,0.107800976390106,0.14109630279718122
2014-05-20,0.107800976390106,0.14109630279718122
2014-05-21,0.107800976390106,0.14109630279718122
2014-05-22,0.107800976390106,0.14109630279718122
2014-05-23,0.107800976390106,0.14109630279718122
2014-05-26,0.107800976390106,0.14109630279718122
2014-05-27,0.107800976390106,0.14109630279718122
2014-05-28,0.107800976390106,0.14109630279718122
2014-05-29,0.107800976390106,0.14109630279718122
2014-05-30,0.107800976390106,0.14109630279718122
2014-06-02,0.107800976390106,0.14109630279718122
2014-06-03,0.08101179296857741,0.061654188142802734
2014-06-04,0.08101179279156417,0.0616541881412994
2014-06-05,0.08101179279156417,0.0616541881412994
2014-06-06,0.08101179279156417,0.0616541881412994
2014-06-09,0.08101179279156417,0.0616541881412994
2014-06-10,0.08101179279156417,0.0616541881412994
2014-06-11,0.08101179279156417,0.0616541881412994
2014-06-12,0.08101179279156417,0.0616541881412994
2014-06-13,0.08101179279156417,0.0616541881412994
2014-06-16,0.08101179279156417,0.0616541881412994
2014-06-17,0.08101179279156417,0.0616541881412994
2014-06-18,0.08101179279156417,0.0616541881412994
2014-06-19,0.08101179279156417,0.0616541881412994
2014-06-20,0.08101179279156417,0.0616541881412994
2014-06-23,0.08101179279156417,0.0616541881412994
2014-06-24,0.08101179279156417,0.0616541881412994
2014-06-25,0.08101179279156417,0.0616541881412994
2014-06-26,0.08101179279156417,0.0616541881412994
2014-06-27,0.08101179279156417,0.0616541881412994
2014-06-30,0.08101179279156417,0.0616541881412994
2014-07-01,0.07087600674062318,0.09829125399829132
2014-07-02,0.07087600667904252,0.09829125399863439
2014-07-03,0.07087600667904252,0.09829125399863439
2014-07-04,0.07087600667904252,0.09829125399863439
2014-07-07,0.07087600667904252,0.09829125399863439
2014-07-08,0.07087600667904252,0.09829125399863439
2014-07-09,0.07087600667904252,0.09829125399863439
2014-07-10,0.07087600667904252,0.09829125399863439
2014-07-11,0.07087600667904252,0.09829125399863439
2014-07-14,0.07087600667904252,0.09829125399863439
2014-07-15,0.07087600667904252,0.09829125399863439
2014-07-16,0.07087600667904252,0.09829125399863439
2014-07-17,0.07087600667904252,0.09829125399863439
2014-07-18,0.07087600667904252,0.09829125399863439
2014-07-21,0.07087600667904252,0.09829125399863439
2014-07-22,0.07087600667904252,0.09829125399863439
2014-07-23,0.07087600667904252,0.09829125399863439
2014-07-24,0.07087600667904252,0.09829125399863439
2014-07-25,0.07087600667904252,0.09829125399863439
2014-07-28,0.07087600667904252,0.09829125399863439
2014-07-29,0.07087600667904252,0.09829125399863439
2014-07-30,0.07087600667904252,0.09829125399863439
2014-07-31,0.07087600667904252,0.09829125399863439
2014-08-01,0.3222948692171149,0.290217957387719
2014-08-04,0.32229487008665375,0.2902179573891975
2014-08-05,0.32229487008665375,0.2902179573891975
2014-08-06,0.32229487008665375,0.2902179573891975
2014-08-07,0.32229487008665375,0.2902179573891975
2014-08-08,0.32229487008665375,0.2902179573891975
2014-08-11,0.32229487008665375,0.2902179573891975
2014-08-12,0.32229487008665375,0.2902179573891975
2014-08-13,0.32229487008665375,0.2902179573891975
2014-08-14,0.32229487008665375,0.2902179573891975
2014-08-15,0.32229487008665375,0.2902179573891975
2014-08-18,0.32229487008665375,0.2902179573891975
2014-08-19,0.32229487008665375,0.2902179573891975
2014-08-20,0.32229487008665375,0.2902179573891975
2014-08-21,0.32229487008665375,0.2902179573891975
2014-08-22,0.32229487008665375,0.2902179573891975
2014-08-25,0.32229487008665375,0.2902179573891975
2014-08-26,0.32229487008665375,0.2902179573891975
2014-08-27,0.32229487008665375,0.2902179573891975
2014-08-28,0.32229487008665375,0.2902179573891975
2014-08-29,0.32229487008665375,0.2902179573891975
2014-09-01,0.32229487008665375,0.2902179573891975
2014-09-02,0.060949051441844544,0.05458255275063842
2014-09-03,0.06094904678290492,0.05458255274207277
2014-09-04,0.060949046782904893,0.05458255274207277
2014-09-05,0.060949046782904893,0.05458255274207277
2014-09-08,0.060949046782904893,0.05458255274207277
2014-09-09,0.060949046782904893,0.05458255274207277
2014-09-10,0.060949046782904893,0.05458255274207277
2014-09-11,0.060949046782904893,0.05458255274207277
2014-09-12,0.060949046782904893,0.05458255274207277
2014-09-15,0.060949046782904893,0.05458255274207277
2014-09-16,0.060949046782904893,0.05458255274207277
2014-09-17,0.060949046782904893,0.05458255274207277
2014-09-18,0.060949046782904893,0.05458255274207277
2014-09-19,0.060949046782904893,0.05458255274207277
2014-09-22,0.060949046782904893,0.05458255274207277
2014-09-23,0.060949046782904893,0.05458255274207277
2014-09-24,0.060949046782904893,0.05458255274207277
2014-09-25,0.060949046782904893,0.05458255274207277
2014-09-26,0.060949046782904893,0.05458255274207277
2014-09-29,0.060949046782904893,0.05458255274207277
2014-09-30,0.060949046782904893,0.05458255274207277
2014-10-01,0.23876862633022625,0.07985225400361984
2014-10-02,0.23876862696304282,0.07985225400386464
2014-10-03,0.23876862696304282,0.07985225400386464
2014-10-06,0.23876862696304282,0.07985225400386464
2014-10-07,0.23876862696304282,0.07985225400386464
2014-10-08,0.23876862696304282,0.07985225400386464
2014-10-09,0.23876862696304282,0.07985225400386464
2014-10-10,0.23876862696304282,0.07985225400386464
2014-10-13,0.23876862696304282,0.07985225400386464
2014-10-14,0.23876862696304282,0.07985225400386464
2014-10-15,0.23876862696304282,0.07985225400386464
2014-10-16,0.23876862696304282,0.07985225400386464
2014-10-17,0.23876862696304282,0.07985225400386464
2014-10-20,0.23876862696304282,0.07985225400386464
2014-10-21,0.23876862696304282,0.07985225400386464
2014-10-22,0.23876862696304282,0.07985225400386464
2014-10-23,0.23876862696304282,0.07985225400386464
2014-10-24,0.23876862696304282,0.07985225400386464
2014-10-27,0.23876862696304282,0.07985225400386464
2014-10-28,0.23876862696304282,0.07985225400386464
2014-10-29,0.23876862696304282,0.07985225400386464
2014-10-30,0.23876862696304282,0.07985225400386464
2014-10-31,0.23876862696304282,0.07985225400386464
2014-11-03,0.1661426881281563,0.3244145606628358
2014-11-04,0.16614268762635287,0.3244145606645895
2014-11-05,0.16614268762635287,0.3244145606645895
2014-11-06,0.16614268762635287,0.3244145606645895
2014-11-07,0.16614268762635287,0.3244145606645895
2014-11-10,0.16614268762635287,0.3244145606645895
2014-11-11,0.16614268762635287,0.3244145606645895
2014-11-12,0.16614268762635287,0.3244145606645895
2014-11-13,0.16614268762635287,0.3244145606645895
2014-11-14,0.16614268762635287,0.3244145606645895
2014-11-17,0.16614268762635287,0.3244145606645895
2014-11-18,0.16614268762635287,0.3244145606645895
2014-11-19,0.16614268762635287,0.3244145606645895
2014-11-20,0.16614268762635287,0.3244145606645895
2014-11-21,0.16614268762635287,0.3244145606645895
2014-11-24,0.16614268762635287,0.3244145606645895
2014-11-25,0.16614268762635287,0.3244145606645895
2014-11-26,0.16614268762635287,0.3244145606645895
2014-11-27,0.16614268762635287,0.3244145606645895
2014-11-28,0.16614268762635287,0.3244145606645895
2014-12-01,0.16614268762635287,0.3244145606645895
2014-12-02,0.1905103228397618,0.16447470683648463
2014-12-03,0.1905103229690932,0.1644747068337489
2014-12-04,0.1905103229690932,0.1644747068337489
2014-12-05,0.1905103229690932,0.1644747068337489
2014-12-08,0.1905103229690932,0.1644747068337489
2014-12-09,0.1905103229690932,0.1644747068337489
2014-12-10,0.1905103229690932,0.1644747068337489
2014-12-11,0.1905103229690932,0.1644747068337489
2014-12-12,0.1905103229690932,0.1644747068337489
2014-12-15,0.1905103229690932,0.1644747068337489
2014-12-16,0.1905103229690932,0.1644747068337489
2014-12-17,0.1905103229690932,0.1644747068337489
2014-12-18,0.1905103229690932,0.1644747068337489
2014-12-19,0.1905103229690932,0.1644747068337489
2014-12-22,0.1905103229690932,0.1644747068337489
2014-12-23,0.1905103229690932,0.1644747068337489
2014-12-24,0.1905103229690932,0.1644747068337489
2014-12-25,0.1905103229690932,0.1644747068337489
2014-12-26,0.1905103229690932,0.1644747068337489
2014-12-29,0.1905103229690932,0.1644747068337489
2014-12-30,0.1905103229690932,0.1644747068337489
2014-12-31,0.1905103229690932,0.1644747068337489
2015-01-01,0.07169688395034508,0.38096325093887556
2015-01-02,0.07169688271845177,0.3809632509406592
2015-01-05,0.07169688271845176,0.3809632509406592
2015-01-06,0.07169688271845176,0.3809632509406592
2015-01-07,0.07169688271845176,0.3809632509406592
2015-01-08,0.07169688271845176,0.3809632509406592
2015-01-09,0.07169688271845176,0.3809632509406592
2015-01-12,0.07169688271845176,0.3809632509406592
2015-01-13,0.07169688271845176,0.3809632509406592
2015-01-14,0.07169688271845176,0.3809632509406592
2015-01-15,0.07169688271845176,0.3809632509406592
2015-01-16,0.07169688271845176,0.3809632509406592
2015-01-19,0.07169688271845176,0.3809632509406592
2015-01-20,0.07169688271845176,0.3809632509406592
2015-01-21,0.07169688271845176,0.3809632509406592
2015-01-22,0.07169688271845176,0.3809632509406592
2015-01-23,0.07169688271845176,0.3809632509406592
2015-01-26,0.07169688271845176,0.3809632509406592
2015-01-27,0.07169688271845176,0.3809632509406592
2015-01-28,0.07169688271845176,0.3809632509406592
2015-01-29,0.07169688271845176,0.3809632509406592
2015-01-30,0.07169688271845176,0.3809632509406592
2015-02-02,0.07169688271845176,0.3809632509406592
2015-02-03,0.25322554653041374,0.45153982228338724
2015-02-04,0.2532255471907735,0.45153982228413597
2015-02-05,0.2532255471907735,0.45153982228413597
2015-02-06,0.2532255471907735,0.45153982228413597
2015-02-09,0.2532255471907735,0.45153982228413597
2015-02-10,0.2532255471907735,0.45153982228413597
2015-02-11,0.2532255471907735,0.45153982228413597
2015-02-12,0.2532255471907735,0.45153982228413597
2015-02-13,0.2532255471907735,0.45153982228413597
2015-02-16,0.2532255471907735,0.45153982228413597
2015-02-17,0.2532255471907735,0.45153982228413597
2015-02-18,0.2532255471907735,0.45153982228413597
2015-02-19,0.2532255471907735,0.45153982228413597
2015-02-20,0.2532255471907735,0.45153982228413597
2015-02-23,0.2532255471907735,0.45153982228413597
2015-02-24,0.2532255471907735,0.45153982228413597
2015-02-25,0.2532255471907735,0.45153982228413597
2015-02-26,0.2532255471907735,0.45153982228413597
2015-02-27,0.2532255471907735,0.45153982228413597
2015-03-02,0.2532255471907735,0.45153982228413597
2015-03-03,0.0968946046391813,0.12719013341524177
2015-03-04,0.09689460303768609,0.12719013340674915
2015-03-05,0.09689460303768607,0.12719013340674915
2015-03-06,0.09689460303768607,0.12719013340674915
2015-03-09,0.09689460303768607,0.12719013340674915
2015-03-10,0.09689460303768607,0.12719013340674915
2015-03-11,0.09689460303768607,0.12719013340674915
2015-03-12,0.09689460303768607,0.12719013340674915
2015-03-13,0.09689460303768607,0.12719013340674915
2015-03-16,0.09689460303768607,0.12719013340674915
2015-03-17,0.09689460303768607,0.12719013340674915
2015-03-18,0.09689460303768607,0.12719013340674915
2015-03-19,0.09689460303768607,0.12719013340674915
2015-03-20,0.09689460303768607,0.12719013340674915
2015-03-23,0.09689460303768607,0.12719013340674915
2015-03-24,0.09689460303768607,0.12719013340674915
2015-03-25,0.09689460303768607,0.12719013340674915
2015-03-26,0.09689460303768607,0.12719013340674915
2015-03-27,0.09689460303768607,0.12719013340674915
2015-03-30,0.09689460303768607,0.12719013340674915
2015-03-31,0.09689460303768607,0.12719013340674915
2015-04-01,0.2517882798344432,0.172308732790585
2015-04-02,0.25178828044256696,0.17230873279103628
2015-04-03,0.25178828044256696,0.17230873279103628
2015-04-06,0.25178828044256696,0.17230873279103628
2015-04-07,0.25178828044256696,0.17230873279103628
2015-04-08,0.25178828044256696,0.17230873279103628
2015-04-09,0.25178828044256696,0.17230873279103628
2015-04-10,0.25178828044256696,0.17230873279103628
2015-04-13,0.25178828044256696,0.17230873279103628
2015-04-14,0.25178828044256696,0.17230873279103628
2015-04-15,0.25178828044256696,0.17230873279103628
2015-04-16,0.25178828044256696,0.17230873279103628
2015-04-17,0.25178828044256696,0.17230873279103628
2015-04-20,0.25178828044256696,0.17230873279103628
2015-04-21,0.25178828044256696,0.17230873279103628
2015-04-22,0.25178828044256696,0.17230873279103628
2015-04-23,0.25178828044256696,0.17230873279103628
2015-04-24,0.25178828044256696,0.17230873279103628
2015-04-27,0.25178828044256696,0.17230873279103628
2015-04-28,0.25178828044256696,0.17230873279103628
2015-04-29,0.25178828044256696,0.17230873279103628
2015-04-30,0.25178828044256696,0.17230873279103628
2015-05-01,0.22844472579551095,0.0941214793299184
2015-05-04,0.22844472565638727,0.0941214793286448
2015-05-05,0.22844472565638727,0.0941214793286448
2015-05-06,0.22844472565638727,0.0941214793286448
2015-05-07,0.22844472565638727,0.0941214793286448
2015-05-08,0.22844472565638727,0.0941214793286448
2015-05-11,0.22844472565638727,0.0941214793286448
2015-05-12,0.22844472565638727,0.0941214793286448
2015-05-13,0.22844472565638727,0.0941214793286448
2015-05-14,0.22844472565638727,0.0941214793286448
2015-05-15,0.22844472565638727,0.0941214793286448
2015-05-18,0.22844472565638727,0.0941214793286448
2015-05-19,0.22844472565638727,0.0941214793286448
2015-05-20,0.22844472565638727,0.0941214793286448
2015-05-21,0.22844472565638727,0.0941214793286448
2015-05-22,0.22844472565638727,0.0941214793286448
2015-05-25,0.22844472565638727,0.0941214793286448
2015-05-26,0.22844472565638727,0.0941214793286448
2015-05-27,0.22844472565638727,0.0941214793286448
2015-05-28,0.22844472565638727,0.0941214793286448
2015-05-29,0.22844472565638727,0.0941214793286448
2015-06-01,0.22844472565638727,0.0941214793286448
2015-06-02,0.10328515998401576,0.18508894852683463
2015-06-03,0.10328515884435942,0.1850889485276243
2015-06-04,0.10328515884435942,0.1850889485276243
2015-06-05,0.10328515884435942,0.1850889485276243
2015-06-08,0.10328515884435942,0.1850889485276243
2015-06-09,0.10328515884435942,0.1850889485276243
2015-06-10,0.10328515884435942,0.1850889485276243
2015-06-11,0.10328515884435942,0.1850889485276243
2015-06-12,0.10328515884435942,0.1850889485276243
2015-06-15,0.10328515884435942,0.1850889485276243
2015-06-16,0.10328515884435942,0.1850889485276243
2015-06-17,0.10328515884435942,0.1850889485276243
2015-06-18,0.10328515884435942,0.1850889485276243
2015-06-19,0.10328515884435942,0.1850889485276243
2015-06-22,0.10328515884435942,0.1850889485276243
2015-06-23,0.10328515884435942,0.1850889485276243
2015-06-24,0.10328515884435942,0.1850889485276243
2015-06-25,0.10328515884435942,0.1850889485276243
2015-06-26,0.10328515884435942,0.1850889485276243
2015-06-29,0.10328515884435942,0.1850889485276243
2015-06-30,0.10328515884435942,0.1850889485276243
2015-07-01,0.4549527399309067,0.03783457141049658
2015-07-02,0.45495274115425055,0.037834571405503815
2015-07-03,0.45495274115425055,0.037834571405503815
2015-07-06,0.45495274115425055,0.037834571405503815
2015-07-07,0.45495274115425055,0.037834571405503815
2015-07-08,0.45495274115425055,0.037834571405503815
2015-07-09,0.45495274115425055,0.037834571405503815
2015-07-10,0.45495274115425055,0.037834571405503815
2015-07-13,0.45495274115425055,0.037834571405503815
2015-07-14,0.45495274115425055,0.037834571405503815
2015-07-15,0.45495274115425055,0.037834571405503815
2015-07-16,0.45495274115425055,0.037834571405503815
2015-07-17,0.45495274115425055,0.037834571405503815
2015-07-20,0.45495274115425055,0.037834571405503815
2015-07-21,0.45495274115425055,0.037834571405503815
2015-07-22,0.45495274115425055,0.037834571405503815
2015-07-23,0.45495274115425055,0.037834571405503815
2015-07-24,0.45495274115425055,0.037834571405503815
2015-07-27,0.45495274115425055,0.037834571405503815
2015-07-28,0.45495274115425055,0.037834571405503815
2015-07-29,0.45495274115425055,0.037834571405503815
2015-07-30,0.45495274115425055,0.037834571405503815
2015-07-31,0.45495274115425055,0.037834571405503815
2015-08-03,0.2621054516000301,0.3414737613666606
2015-08-04,0.2621054501042937,0.34147376136860147
2015-08-05,0.26210545010429365,0.34147376136860147
2015-08-06,0.26210545010429365,0.34147376136860147
2015-08-07,0.26210545010429365,0.34147376136860147
2015-08-10,0.26210545010429365,0.34147376136860147
2015-08-11,0.26210545010429365,0.34147376136860147
2015-08-12,0.26210545010429365,0.34147376136860147
2015-08-13,0.26210545010429365,0.34147376136860147
2015-08-14,0.26210545010429365,0.34147376136860147
2015-08-17,0.26210545010429365,0.34147376136860147
2015-08-18,0.26210545010429365,0.34147376136860147
2015-08-19,0.26210545010429365,0.34147376136860147
2015-08-20,0.26210545010429365,0.34147376136860147
2015-08-21,0.26210545010429365,0.34147376136860147
2015-08-24,0.26210545010429365,0.34147376136860147
2015-08-25,0.26210545010429365,0.34147376136860147
2015-08-26,0.26210545010429365,0.34147376136860147
2015-08-27,0.26210545010429365,0.34147376136860147
2015-08-28,0.26210545010429365,0.34147376136860147
2015-08-31,0.26210545010429365,0.34147376136860147
2015-09-01,0.668578295468944,0.055709508062427464
2015-09-02,0.6685782970730925,0.05570950805070348
2015-09-03,0.6685782970730925,0.05570950805070348
2015-09-04,0.6685782970730925,0.05570950805070348
2015-09-07,0.6685782970730925,0.05570950805070348
2015-09-08,0.6685782970730925,0.05570950805070348
2015-09-09,0.6685782970730925,0.05570950805070348
2015-09-10,0.6685782970730925,0.05570950805070348
2015-09-11,0.6685782970730925,0.05570950805070348
2015-09-14,0.6685782970730925,0.05570950805070348
2015-09-15,0.6685782970730925,0.05570950805070348
2015-09-16,0.6685782970730925,0.05570950805070348
2015-09-17,0.6685782970730925,0.05570950805070348
2015-09-18,0.6685782970730925,0.05570950805070348
2015-09-21,0.6685782970730925,0.05570950805070348
2015-09-22,0.6685782970730925,0.05570950805070348
2015-09-23,0.6685782970730925,0.05570950805070348
2015-09-24,0.6685782970730925,0.05570950805070348
2015-09-25,0.6685782970730925,0.05570950805070348
2015-09-28,0.6685782970730925,0.05570950805070348
2015-09-29,0.6685782970730925,0.05570950805070348
2015-09-30,0.6685782970730925,0.05570950805070348
2015-10-01,0.7408271781022123,0.423786534182377
2015-10-02,0.740827178491897,0.4237865341847736
2015-10-05,0.740827178491897,0.4237865341847736
2015-10-06,0.740827178491897,0.4237865341847736
2015-10-07,0.740827178491897,0.4237865341847736
2015-10-08,0.740827178491897,0.4237865341847736
2015-10-09,0.740827178491897,0.4237865341847736
2015-10-12,0.740827178491897,0.4237865341847736
2015-10-13,0.740827178491897,0.4237865341847736
2015-10-14,0.740827178491897,0.4237865341847736
2015-10-15,0.740827178491897,0.4237865341847736
2015-10-16,0.740827178491897,0.4237865341847736
2015-10-19,0.740827178491897,0.4237865341847736
2015-10-20,0.740827178491897,0.4237865341847736
2015-10-21,0.740827178491897,0.4237865341847736
2015-10-22,0.740827178491897,0.4237865341847736
2015-10-23,0.740827178491897,0.4237865341847736
2015-10-26,0.740827178491897,0.4237865341847736
2015-10-27,0.740827178491897,0.4237865341847736
2015-10-28,0.740827178491897,0.4237865341847736
2015-10-29,0.740827178491897,0.4237865341847736
2015-10-30,0.740827178491897,0.4237865341847736
2015-11-02,0.740827178491897,0.4237865341847736
2015-11-03,0.43051552642808993,0.3686255136093552
2015-11-04,0.43051552403446325,0.3686255136086728
2015-11-05,0.4305155240344632,0.3686255136086728
2015-11-06,0.4305155240344632,0.3686255136086728
2015-11-09,0.4305155240344632,0.3686255136086728
2015-11-10,0.4305155240344632,0.3686255136086728
2015-11-11,0.4305155240344632,0.3686255136086728
2015-11-12,0.4305155240344632,0.3686255136086728
2015-11-13,0.4305155240344632,0.3686255136086728
2015-11-16,0.4305155240344632,0.3686255136086728
2015-11-17,0.4305155240344632,0.3686255136086728
2015-11-18,0.4305155240344632,0.3686255136086728
2015-11-19,0.4305155240344632,0.3686255136086728
2015-11-20,0.4305155240344632,0.3686255136086728
2015-11-23,0.4305155240344632,0.3686255136086728
2015-11-24,0.4305155240344632,0.3686255136086728
2015-11-25,0.4305155240344632,0.3686255136086728
2015-11-26,0.4305155240344632,0.3686255136086728
2015-11-27,0.4305155240344632,0.3686255136086728
2015-11-30,0.4305155240344632,0.3686255136086728
2015-12-01,0.4338221845661859,0.5042230221500444
2015-12-02,0.43382218458486366,0.5042230221513951
2015-12-03,0.43382218458486366,0.5042230221513951
2015-12-04,0.43382218458486366,0.5042230221513951
2015-12-07,0.43382218458486366,0.5042230221513951
2015-12-08,0.43382218458486366,0.5042230221513951
2015-12-09,0.43382218458486366,0.5042230221513951
2015-12-10,0.43382218458486366,0.5042230221513951
2015-12-11,0.43382218458486366,0.5042230221513951
2015-12-14,0.43382218458486366,0.5042230221513951
2015-12-15,0.43382218458486366,0.5042230221513951
2015-12-16,0.43382218458486366,0.5042230221513951
2015-12-17,0.43382218458486366,0.5042230221513951
2015-12-18,0.43382218458486366,0.5042230221513951
2015-12-21,0.43382218458486366,0.5042230221513951
2015-12-22,0.43382218458486366,0.5042230221513951
2015-12-23,0.43382218458486366,0.5042230221513951
2015-12-24,0.43382218458486366,0.5042230221513951
2015-12-25,0.43382218458486366,0.5042230221513951
2015-12-28,0.43382218458486366,0.5042230221513951
2015-12-29,0.43382218458486366,0.5042230221513951
2015-12-30,0.43382218458486366,0.5042230221513951
2015-12-31,0.43382218458486366,0.5042230221513951
2016-01-01,0.7386904569748699,0.40067160996180384
2016-01-04,0.7386904583467951,0.4006716099604581
2016-01-05,0.7386904583467953,0.4006716099604581
2016-01-06,0.7386904583467953,0.4006716099604581
2016-01-07,0.7386904583467953,0.4006716099604581
2016-01-08,0.7386904583467953,0.4006716099604581
2016-01-11,0.7386904583467953,0.4006716099604581
2016-01-12,0.7386904583467953,0.4006716099604581
2016-01-13,0.7386904583467953,0.4006716099604581
2016-01-14,0.7386904583467953,0.4006716099604581
2016-01-15,0.7386904583467953,0.4006716099604581
2016-01-18,0.7386904583467953,0.4006716099604581
2016-01-19,0.7386904583467953,0.4006716099604581
2016-01-20,0.7386904583467953,0.4006716099604581
2016-01-21,0.7386904583467953,0.4006716099604581
2016-01-22,0.7386904583467953,0.4006716099604581
2016-01-25,0.7386904583467953,0.4006716099604581
2016-01-26,0.7386904583467953,0.4006716099604581
2016-01-27,0.7386904583467953,0.4006716099604581
2016-01-28,0.7386904583467953,0.4006716099604581
2016-01-29,0.7386904583467953,0.4006716099604581
2016-02-01,0.7386904583467953,0.4006716099604581
2016-02-02,0.7635772070949838,0.8522126751098501
2016-02-03,0.7635772072337954,0.85221267511367
2016-02-04,0.7635772072337954,0.85221267511367
2016-02-05,0.7635772072337954,0.85221267511367
2016-02-08,0.7635772072337954,0.85221267511367
2016-02-09,0.7635772072337954,0.85221267511367
2016-02-10,0.7635772072337954,0.85221267511367
2016-02-11,0.7635772072337954,0.85221267511367
2016-02-12,0.7635772072337954,0.85221267511367
2016-02-15,0.7635772072337954,0.85221267511367
2016-02-16,0.7635772072337954,0.85221267511367
2016-02-17,0.7635772072337954,0.85221267511367
2016-02-18,0.7635772072337954,0.85221267511367
2016-02-19,0.7635772072337954,0.85221267511367
2016-02-22,0.7635772072337954,0.85221267511367
2016-02-23,0.7635772072337954,0.85221267511367
2016-02-24,0.7635772072337954,0.85221267511367
2016-02-25,0.7635772072337954,0.85221267511367
2016-02-26,0.7635772072337954,0.85221267511367
2016-02-29,0.7635772072337954,0.85221267511367
2016-03-01,0.6211903849620177,1.0246009637245608
2016-03-02,0.6211903840621367,1.024600963726378
2016-03-03,0.6211903840621367,1.024600963726378
2016-03-04,0.6211903840621367,1.024600963726378
2016-03-07,0.6211903840621367,1.024600963726378
2016-03-08,0.6211903840621367,1.024600963726378
2016-03-09,0.6211903840621367,1.024600963726378
2016-03-10,0.6211903840621367,1.024600963726378
2016-03-11,0.6211903840621367,1.024600963726378
2016-03-14,0.6211903840621367,1.024600963726378
2016-03-15,0.6211903840621367,1.024600963726378
2016-03-16,0.6211903840621367,1.024600963726378
2016-03-17,0.6211903840621367,1.024600963726378
2016-03-18,0.6211903840621367,1.024600963726378
2016-03-21,0.6211903840621367,1.024600963726378
2016-03-22,0.6211903840621367,1.024600963726378
2016-03-23,0.6211903840621367,1.024600963726378
2016-03-24,0.6211903840621367,1.024600963726378
2016-03-25,0.6211903840621367,1.024600963726378
2016-03-28,0.6211903840621367,1.024600963726378
2016-03-29,0.6211903840621367,1.024600963726378
2016-03-30,0.6211903840621367,1.024600963726378
2016-03-31,0.6211903840621367,1.024600963726378
2016-04-01,0.6032737347359091,0.7640139614133283
2016-04-04,0.6032737346328106,0.7640139614098177
2016-04-05,0.6032737346328106,0.7640139614098177
2016-04-06,0.6032737346328106,0.7640139614098177
2016-04-07,0.6032737346328106,0.7640139614098177
2016-04-08,0.6032737346328106,0.7640139614098177
2016-04-11,0.6032737346328106,0.7640139614098177
2016-04-12,0.6032737346328106,0.7640139614098177
2016-04-13,0.6032737346328106,0.7640139614098177
2016-04-14,0.6032737346328106,0.7640139614098177
2016-04-15,0.6032737346328106,0.7640139614098177
2016-04-18,0.6032737346328106,0.7640139614098177
2016-04-19,0.6032737346328106,0.7640139614098177
2016-04-20,0.6032737346328106,0.7640139614098177
2016-04-21,0.6032737346328106,0.7640139614098177
2016-04-22,0.6032737346328106,0.7640139614098177
2016-04-25,0.6032737346328106,0.7640139614098177
2016-04-26,0.6032737346328106,0.7640139614098177
2016-04-27,0.6032737346328106,0.7640139614098177
2016-04-28,0.6032737346328106,0.7640139614098177
2016-04-29,0.6032737346328106,0.7640139614098177
2016-05-02,0.6032737346328106,0.7640139614098177
2016-05-03,0.5058415095909115,0.4991907868704376
2016-05-04,0.5058415089852527,0.4991907868665813
2016-05-05,0.5058415089852527,0.4991907868665813
2016-05-06,0.5058415089852527,0.4991907868665813
2016-05-09,0.5058415089852527,0.4991907868665813
2016-05-10,0.5058415089852527,0.4991907868665813
2016-05-11,0.5058415089852527,0.4991907868665813
2016-05-12,0.5058415089852527,0.4991907868665813
2016-05-13,0.5058415089852527,0.4991907868665813
2016-05-16,0.5058415089852527,0.4991907868665813
2016-05-17,0.5058415089852527,0.4991907868665813
2016-05-18,0.5058415089852527,0.4991907868665813
2016-05-19,0.5058415089852527,0.4991907868665813
2016-05-20,0.5058415089852527,0.4991907868665813
2016-05-23,0.5058415089852527,0.4991907868665813
2016-05-24,0.5058415089852527,0.4991907868665813
2016-05-25,0.5058415089852527,0.4991907868665813
2016-05-26,0.5058415089852527,0.4991907868665813
2016-05-27,0.5058415089852527,0.4991907868665813
2016-05-30,0.5058415089852527,0.4991907868665813
2016-05-31,0.5058415089852527,0.4991907868665813
2016-06-01,0.2968716089221724,0.5501503508278118
2016-06-02,0.2968716073202606,0.5501503508283712
2016-06-03,0.2968716073202605,0.5501503508283712
2016-06-06,0.2968716073202605,0.5501503508283712
2016-06-07,0.2968716073202605,0.5501503508283712
2016-06-08,0.2968716073202605,0.5501503508283712
2016-06-09,0.2968716073202605,0.5501503508283712
2016-06-10,0.2968716073202605,0.5501503508283712
2016-06-13,0.2968716073202605,0.5501503508283712
2016-06-14,0.2968716073202605,0.5501503508283712
2016-06-15,0.2968716073202605,0.5501503508283712
2016-06-16,0.2968716073202605,0.5501503508283712
2016-06-17,0.2968716073202605,0.5501503508283712
2016-06-20,0.2968716073202605,0.5501503508283712
2016-06-21,0.2968716073202605,0.5501503508283712
2016-06-22,0.2968716073202605,0.5501503508283712
2016-06-23,0.2968716073202605,0.5501503508283712
2016-06-24,0.2968716073202605,0.5501503508283712
2016-06-27,0.2968716073202605,0.5501503508283712
2016-06-28,0.2968716073202605,0.5501503508283712
2016-06-29,0.2968716073202605,0.5501503508283712
2016-06-30,0.2968716073202605,0.5501503508283712
2016-07-01,0.22642047552991335,0.8587809593041842
2016-07-04,0.22642047506829865,0.858780959307098
2016-07-05,0.22642047506829865,0.858780959307098
2016-07-06,0.22642047506829865,0.858780959307098
2016-07-07,0.22642047506829865,0.858780959307098
2016-07-08,0.22642047506829865,0.858780959307098
2016-07-11,0.22642047506829865,0.858780959307098
2016-07-12,0.22642047506829865,0.858780959307098
2016-07-13,0.22642047506829865,0.858780959307098
2016-07-14,0.22642047506829865,0.858780959307098
2016-07-15,0.22642047506829865,0.858780959307098
2016-07-18,0.22642047506829865,0.858780959307098
2016-07-19,0.22642047506829865,0.858780959307098
2016-07-20,0.22642047506829865,0.858780959307098
2016-07-21,0.22642047506829865,0.858780959307098
2016-07-22,0.22642047506829865,0.858780959307098
2016-07-25,0.22642047506829865,0.858780959307098
2016-07-26,0.22642047506829865,0.858780959307098
2016-07-27,0.22642047506829865,0.858780959307098
2016-07-28,0.22642047506829865,0.858780959307098
2016-07-29,0.22642047506829865,0.858780959307098
2016-08-01,0.22642047506829865,0.858780959307098
2016-08-02,0.1906391899124106,0.6219055815763185
2016-08-03,0.19063918969048618,0.6219055815730732
2016-08-04,0.19063918969048618,0.6219055815730732
2016-08-05,0.19063918969048618,0.6219055815730732
2016-08-08,0.19063918969048618,0.6219055815730732
2016-08-09,0.19063918969048618,0.6219055815730732
2016-08-10,0.19063918969048618,0.6219055815730732
2016-08-11,0.19063918969048618,0.6219055815730732
2016-08-12,0.19063918969048618,0.6219055815730732
2016-08-15,0.19063918969048618,0.6219055815730732
2016-08-16,0.19063918969048618,0.6219055815730732
2016-08-17,0.19063918969048618,0.6219055815730732
2016-08-18,0.19063918969048618,0.6219055815730732
2016-08-19,0.19063918969048618,0.6219055815730732
2016-08-22,0.19063918969048618,0.6219055815730732
2016-08-23,0.19063918969048618,0.6219055815730732
2016-08-24,0.19063918969048618,0.6219055815730732
2016-08-25,0.19063918969048618,0.6219055815730732
2016-08-26,0.19063918969048618,0.6219055815730732
2016-08-29,0.19063918969048618,0.6219055815730732
2016-08-30,0.19063918969048618,0.6219055815730732
2016-08-31,0.19063918969048618,0.6219055815730732
2016-09-01,0.16415727458818888,0.367791454270149
2016-09-02,0.16415727442592132,0.367791454266214
2016-09-05,0.16415727442592132,0.367791454266214
2016-09-06,0.16415727442592132,0.367791454266214
2016-09-07,0.16415727442592132,0.367791454266214
2016-09-08,0.16415727442592132,0.367791454266214
2016-09-09,0.16415727442592132,0.367791454266214
2016-09-12,0.16415727442592132,0.367791454266214
2016-09-13,0.16415727442592132,0.367791454266214
2016-09-14,0.16415727442592132,0.367791454266214
2016-09-15,0.16415727442592132,0.367791454266214
2016-09-16,0.16415727442592132,0.367791454266214
2016-09-19,0.16415727442592132,0.367791454266214
2016-09-20,0.16415727442592132,0.367791454266214
2016-09-21,0.16415727442592132,0.367791454266214
2016-09-22,0.16415727442592132,0.367791454266214
2016-09-23,0.16415727442592132,0.367791454266214
2016-09-26,0.16415727442592132,0.367791454266214
2016-09-27,0.16415727442592132,0.367791454266214
2016-09-28,0.16415727442592132,0.367791454266214
2016-09-29,0.16415727442592132,0.367791454266214
2016-09-30,0.16415727442592132,0.367791454266214
2016-10-03,0.13927409687734876,0.3570140423727496
2016-10-04,0.13927409672365396,0.35701404237262363
2016-10-05,0.13927409672365396,0.35701404237262363
2016-10-06,0.13927409672365396,0.35701404237262363
2016-10-07,0.13927409672365396,0.35701404237262363
2016-10-10,0.13927409672365396,0.35701404237262363
2016-10-11,0.13927409672365396,0.35701404237262363
2016-10-12,0.13927409672365396,0.35701404237262363
2016-10-13,0.13927409672365396,0.35701404237262363
2016-10-14,0.13927409672365396,0.35701404237262363
2016-10-17,0.13927409672365396,0.35701404237262363
2016-10-18,0.13927409672365396,0.35701404237262363
2016-10-19,0.13927409672365396,0.35701404237262363
2016-10-20,0.13927409672365396,0.35701404237262363
2016-10-21,0.13927409672365396,0.35701404237262363
2016-10-24,0.13927409672365396,0.35701404237262363
2016-10-25,0.13927409672365396,0.35701404237262363
2016-10-26,0.13927409672365396,0.35701404237262363
2016-10-27,0.13927409672365396,0.35701404237262363
2016-10-28,0.13927409672365396,0.35701404237262363
2016-10-31,0.13927409672365396,0.35701404237262363
2016-11-01,0.2736975435089107,0.14215117053428997
2016-11-02,0.27369754408393676,0.14215117052994825
2016-11-03,0.27369754408393676,0.14215117052994825
2016-11-04,0.27369754408393676,0.14215117052994825
2016-11-07,0.27369754408393676,0.14215117052994825
2016-11-08,0.27369754408393676,0.14215117052994825
2016-11-09,0.27369754408393676,0.14215117052994825
2016-11-10,0.27369754408393676,0.14215117052994825
2016-11-11,0.27369754408393676,0.14215117052994825
2016-11-14,0.27369754408393676,0.14215117052994825
2016-11-15,0.27369754408393676,0.14215117052994825
2016-11-16,0.27369754408393676,0.14215117052994825
2016-11-17,0.27369754408393676,0.14215117052994825
2016-11-18,0.27369754408393676,0.14215117052994825
2016-11-21,0.27369754408393676,0.14215117052994825
2016-11-22,0.27369754408393676,0.14215117052994825
2016-11-23,0.27369754408393676,0.14215117052994825
2016-11-24,0.27369754408393676,0.14215117052994825
2016-11-25,0.27369754408393676,0.14215117052994825
2016-11-28,0.27369754408393676,0.14215117052994825
2016-11-29,0.27369754408393676,0.14215117052994825
2016-11-30,0.27369754408393676,0.14215117052994825
2016-12-01,0.16901574651967047,0.29390912138856906
2016-12-02,0.16901574574229694,0.2939091213898647
2016-12-05,0.1690157457422969,0.2939091213898647
2016-12-06,0.1690157457422969,0.2939091213898647
2016-12-07,0.1690157457422969,0.2939091213898647
2016-12-08,0.1690157457422969,0.2939091213898647
2016-12-09,0.1690157457422969,0.2939091213898647
2016-12-12,0.1690157457422969,0.2939091213898647
2016-12-13,0.1690157457422969,0.2939091213898647
2016-12-14,0.1690157457422969,0.2939091213898647
2016-12-15,0.1690157457422969,0.2939091213898647
2016-12-16,0.1690157457422969,0.2939091213898647
2016-12-19,0.1690157457422969,0.2939091213898647
2016-12-20,0.1690157457422969,0.2939091213898647
2016-12-21,0.1690157457422969,0.2939091213898647
2016-12-22,0.1690157457422969,0.2939091213898647
2016-12-23,0.1690157457422969,0.2939091213898647
2016-12-26,0.1690157457422969,0.2939091213898647
2016-12-27,0.1690157457422969,0.2939091213898647
2016-12-28,0.1690157457422969,0.2939091213898647
2016-12-29,0.1690157457422969,0.2939091213898647
2016-12-30,0.1690157457422969,0.2939091213898647
2017-01-02,0.1690157457422969,0.2939091213898647
2017-01-03,0.12968393185284344,0.04337037668284147
2017-01-04,0.12968393159600755,0.04337037667162963
2017-01-05,0.12968393159600755,0.04337037667162963
2017-01-06,0.12968393159600755,0.04337037667162963
2017-01-09,0.12968393159600755,0.04337037667162963
2017-01-10,0.12968393159600755,0.04337037667162963
2017-01-11,0.12968393159600755,0.04337037667162963
2017-01-12,0.12968393159600755,0.04337037667162963
2017-01-13,0.12968393159600755,0.04337037667162963
2017-01-16,0.12968393159600755,0.04337037667162963
2017-01-17,0.12968393159600755,0.04337037667162963
2017-01-18,0.12968393159600755,0.04337037667162963
2017-01-19,0.12968393159600755,0.04337037667162963
2017-01-20,0.12968393159600755,0.04337037667162963
2017-01-23,0.12968393159600755,0.04337037667162963
2017-01-24,0.12968393159600755,0.04337037667162963
2017-01-25,0.12968393159600755,0.04337037667162963
2017-01-26,0.12968393159600755,0.04337037667162963
2017-01-27,0.12968393159600755,0.04337037667162963
2017-01-30,0.12968393159600755,0.04337037667162963
2017-01-31,0.12968393159600755,0.04337037667162963
2017-02-01,0.21787803091855257,0.04989332386004373
2017-02-02,0.21787803131741354,0.04989332386011389
2017-02-03,0.21787803131741354,0.04989332386011389
2017-02-06,0.21787803131741354,0.04989332386011389
2017-02-07,0.21787803131741354,0.04989332386011389
2017-02-08,0.21787803131741354,0.04989332386011389
2017-02-09,0.21787803131741354,0.04989332386011389
2017-02-10,0.21787803131741354,0.04989332386011389
2017-02-13,0.21787803131741354,0.04989332386011389
2017-02-14,0.21787803131741354,0.04989332386011389
2017-02-15,0.21787803131741354,0.04989332386011389
2017-02-16,0.21787803131741354,0.04989332386011389
2017-02-17,0.21787803131741354,0.04989332386011389
2017-02-20,0.21787803131741354,0.04989332386011389
2017-02-21,0.21787803131741354,0.04989332386011389
2017-02-22,0.21787803131741354,0.04989332386011389
2017-02-23,0.21787803131741354,0.04989332386011389
2017-02-24,0.21787803131741354,0.04989332386011389
2017-02-27,0.21787803131741354,0.04989332386011389
2017-02-28,0.21787803131741354,0.04989332386011389
2017-03-01,0.20439350166880008,0.10777378098551059
2017-03-02,0.2043935015898189,0.10777378098599785
2017-03-03,0.2043935015898189,0.10777378098599785
2017-03-06,0.2043935015898189,0.10777378098599785
2017-03-07,0.2043935015898189,0.10777378098599785
2017-03-08,0.2043935015898189,0.10777378098599785
2017-03-09,0.2043935015898189,0.10777378098599785
2017-03-10,0.2043935015898189,0.10777378098599785
2017-03-13,0.2043935015898189,0.10777378098599785
2017-03-14,0.2043935015898189,0.10777378098599785
2017-03-15,0.2043935015898189,0.10777378098599785
2017-03-16,0.2043935015898189,0.10777378098599785
2017-03-17,0.2043935015898189,0.10777378098599785
2017-03-20,0.2043935015898189,0.10777378098599785
2017-03-21,0.2043935015898189,0.10777378098599785
2017-03-22,0.2043935015898189,0.10777378098599785
2017-03-23,0.2043935015898189,0.10777378098599785
2017-03-24,0.2043935015898189,0.10777378098599785
2017-03-27,0.2043935015898189,0.10777378098599785
2017-03-28,0.2043935015898189,0.10777378098599785
2017-03-29,0.2043935015898189,0.10777378098599785
2017-03-30,0.2043935015898189,0.10777378098599785
2017-03-31,0.2043935015898189,0.10777378098599785
2017-04-03,0.39190813573442534,0.16602820715428165
2017-04-04,0.39190813654329787,0.1660282071548345
2017-04-05,0.39190813654329787,0.1660282071548345
2017-04-06,0.39190813654329787,0.1660282071548345
2017-04-07,0.39190813654329787,0.1660282071548345
2017-04-10,0.39190813654329787,0.1660282071548345
2017-04-11,0.39190813654329787,0.1660282071548345
2017-04-12,0.39190813654329787,0.1660282071548345
2017-04-13,0.39190813654329787,0.1660282071548345
2017-04-14,0.39190813654329787,0.1660282071548345
2017-04-17,0.39190813654329787,0.1660282071548345
2017-04-18,0.39190813654329787,0.1660282071548345
2017-04-19,0.39190813654329787,0.1660282071548345
2017-04-20,0.39190813654329787,0.1660282071548345
2017-04-21,0.39190813654329787,0.1660282071548345
2017-04-24,0.39190813654329787,0.1660282071548345
2017-04-25,0.39190813654329787,0.1660282071548345
2017-04-26,0.39190813654329787,0.1660282071548345
2017-04-27,0.39190813654329787,0.1660282071548345
2017-04-28,0.39190813654329787,0.1660282071548345
2017-05-01,0.39190813654329787,0.1660282071548345
2017-05-02,0.6296141437409528,0.3527825748121931
2017-05-03,0.6296141448343469,0.3527825748137735
2017-05-04,0.6296141448343469,0.3527825748137735
2017-05-05,0.6296141448343469,0.3527825748137735
2017-05-08,0.6296141448343469,0.3527825748137735
2017-05-09,0.6296141448343469,0.3527825748137735
2017-05-10,0.6296141448343469,0.3527825748137735
2017-05-11,0.6296141448343469,0.3527825748137735
2017-05-12,0.6296141448343469,0.3527825748137735
2017-05-15,0.6296141448343469,0.3527825748137735
2017-05-16,0.6296141448343469,0.3527825748137735
2017-05-17,0.6296141448343469,0.3527825748137735
2017-05-18,0.6296141448343469,0.3527825748137735
2017-05-19,0.6296141448343469,0.3527825748137735
2017-05-22,0.6296141448343469,0.3527825748137735
2017-05-23,0.6296141448343469,0.3527825748137735
2017-05-24,0.6296141448343469,0.3527825748137735
2017-05-25,0.6296141448343469,0.3527825748137735
2017-05-26,0.6296141448343469,0.3527825748137735
2017-05-29,0.6296141448343469,0.3527825748137735
2017-05-30,0.6296141448343469,0.3527825748137735
2017-05-31,0.6296141448343469,0.3527825748137735
2017-06-01,0.6417818987862717,0.3649460344600995
2017-06-02,0.6417818988546105,0.3649460344602371
2017-06-05,0.6417818988546105,0.3649460344602371
2017-06-06,0.6417818988546105,0.3649460344602371
2017-06-07,0.6417818988546105,0.3649460344602371
2017-06-08,0.6417818988546105,0.3649460344602371
2017-06-09,0.6417818988546105,0.3649460344602371
2017-06-12,0.6417818988546105,0.3649460344602371
2017-06-13,0.6417818988546105,0.3649460344602371
2017-06-14,0.6417818988546105,0.3649460344602371
2017-06-15,0.6417818988546105,0.3649460344602371
2017-06-16,0.6417818988546105,0.3649460344602371
2017-06-19,0.6417818988546105,0.3649460344602371
2017-06-20,0.6417818988546105,0.3649460344602371
2017-06-21,0.6417818988546105,0.3649460344602371
2017-06-22,0.6417818988546105,0.3649460344602371
2017-06-23,0.6417818988546105,0.3649460344602371
2017-06-26,0.6417818988546105,0.3649460344602371
2017-06-27,0.6417818988546105,0.3649460344602371
2017-06-28,0.6417818988546105,0.3649460344602371
2017-06-29,0.6417818988546105,0.3649460344602371
2017-06-30,0.6417818988546105,0.3649460344602371
2017-07-03,0.5588710734019174,0.24863149049936564
2017-07-04,0.5588710728969304,0.24863149049771385
2017-07-05,0.5588710728969304,0.24863149049771385
2017-07-06,0.5588710728969304,0.24863149049771385
2017-07-07,0.5588710728969304,0.24863149049771385
2017-07-10,0.5588710728969304,0.24863149049771385
2017-07-11,0.5588710728969304,0.24863149049771385
2017-07-12,0.5588710728969304,0.24863149049771385
2017-07-13,0.5588710728969304,0.24863149049771385
2017-07-14,0.5588710728969304,0.24863149049771385
2017-07-17,0.5588710728969304,0.24863149049771385
2017-07-18,0.5588710728969304,0.24863149049771385
2017-07-19,0.5588710728969304,0.24863149049771385
2017-07-20,0.5588710728969304,0.24863149049771385
2017-07-21,0.5588710728969304,0.24863149049771385
2017-07-24,0.5588710728969304,0.24863149049771385
2017-07-25,0.5588710728969304,0.24863149049771385
2017-07-26,0.5588710728969304,0.24863149049771385
2017-07-27,0.5588710728969304,0.24863149049771385
2017-07-28,0.5588710728969304,0.24863149049771385
2017-07-31,0.5588710728969304,0.24863149049771385
2017-08-01,0.6621852525328449,0.30132229934546373
2017-08-02,0.6621852530729513,0.3013222993460171
2017-08-03,0.6621852530729513,0.3013222993460171
2017-08-04,0.6621852530729513,0.3013222993460171
2017-08-07,0.6621852530729513,0.3013222993460171
2017-08-08,0.6621852530729513,0.3013222993460171
2017-08-09,0.6621852530729513,0.3013222993460171
2017-08-10,0.6621852530729513,0.3013222993460171
2017-08-11,0.6621852530729513,0.3013222993460171
2017-08-14,0.6621852530729513,0.3013222993460171
2017-08-15,0.6621852530729513,0.3013222993460171
2017-08-16,0.6621852530729513,0.3013222993460171
2017-08-17,0.6621852530729513,0.3013222993460171
2017-08-18,0.6621852530729513,0.3013222993460171
2017-08-21,0.6621852530729513,0.3013222993460171
2017-08-22,0.6621852530729513,0.3013222993460171
2017-08-23,0.6621852530729513,0.3013222993460171
2017-08-24,0.6621852530729513,0.3013222993460171
2017-08-25,0.6621852530729513,0.3013222993460171
2017-08-28,0.6621852530729513,0.3013222993460171
2017-08-29,0.6621852530729513,0.3013222993460171
2017-08-30,0.6621852530729513,0.3013222993460171
2017-08-31,0.6621852530729513,0.3013222993460171
2017-09-01,0.5627559555905332,0.33215148325422794
2017-09-04,0.562755954976951,0.3321514832545663
2017-09-05,0.562755954976951,0.3321514832545663
2017-09-06,0.562755954976951,0.3321514832545663
2017-09-07,0.562755954976951,0.3321514832545663
2017-09-08,0.562755954976951,0.3321514832545663
2017-09-11,0.562755954976951,0.3321514832545663
2017-09-12,0.562755954976951,0.3321514832545663
2017-09-13,0.562755954976951,0.3321514832545663
2017-09-14,0.562755954976951,0.3321514832545663
2017-09-15,0.562755954976951,0.3321514832545663
2017-09-18,0.562755954976951,0.3321514832545663
2017-09-19,0.562755954976951,0.3321514832545663
2017-09-20,0.562755954976951,0.3321514832545663
2017-09-21,0.562755954976951,0.3321514832545663
2017-09-22,0.562755954976951,0.3321514832545663
2017-09-25,0.562755954976951,0.3321514832545663
2017-09-26,0.562755954976951,0.3321514832545663
2017-09-27,0.562755954976951,0.3321514832545663
2017-09-28,0.562755954976951,0.3321514832545663
2017-09-29,0.562755954976951,0.3321514832545663
2017-10-02,0.562755954976951,0.3321514832545663
2017-10-03,0.7057951259307651,0.26932111515544116
2017-10-04,0.7057951266596307,0.2693211151546337
2017-10-05,0.7057951266596307,0.2693211151546337
2017-10-06,0.7057951266596307,0.2693211151546337
2017-10-09,0.7057951266596307,0.2693211151546337
2017-10-10,0.7057951266596307,0.2693211151546337
2017-10-11,0.7057951266596307,0.2693211151546337
2017-10-12,0.7057951266596307,0.2693211151546337
2017-10-13,0.7057951266596307,0.2693211151546337
2017-10-16,0.7057951266596307,0.2693211151546337
2017-10-17,0.7057951266596307,0.2693211151546337
2017-10-18,0.7057951266596307,0.2693211151546337
2017-10-19,0.7057951266596307,0.2693211151546337
2017-10-20,0.7057951266596307,0.2693211151546337
2017-10-23,0.7057951266596307,0.2693211151546337
2017-10-24,0.7057951266596307,0.2693211151546337
2017-10-25,0.7057951266596307,0.2693211151546337
2017-10-26,0.7057951266596307,0.2693211151546337
2017-10-27,0.7057951266596307,0.2693211151546337
2017-10-30,0.7057951266596307,0.2693211151546337
2017-10-31,0.7057951266596307,0.2693211151546337
2017-11-01,0.7608928187392795,0.265503532699953
2017-11-02,0.7608928190403796,0.2655035326999088
2017-11-03,0.7608928190403796,0.2655035326999088
2017-11-06,0.7608928190403796,0.2655035326999088
2017-11-07,0.7608928190403796,0.2655035326999088
2017-11-08,0.7608928190403796,0.2655035326999088
2017-11-09,0.7608928190403796,0.2655035326999088
2017-11-10,0.7608928190403796,0.2655035326999088
2017-11-13,0.7608928190403796,0.2655035326999088
2017-11-14,0.7608928190403796,0.2655035326999088
2017-11-15,0.7608928190403796,0.2655035326999088
2017-11-16,0.7608928190403796,0.2655035326999088
2017-11-17,0.7608928190403796,0.2655035326999088
2017-11-20,0.7608928190403796,0.2655035326999088
2017-11-21,0.7608928190403796,0.2655035326999088
2017-11-22,0.7608928190403796,0.2655035326999088
2017-11-23,0.7608928190403796,0.2655035326999088
2017-11-24,0.7608928190403796,0.2655035326999088
2017-11-27,0.7608928190403796,0.2655035326999088
2017-11-28,0.7608928190403796,0.2655035326999088
2017-11-29,0.7608928190403796,0.2655035326999088
2017-11-30,0.7608928190403796,0.2655035326999088
2017-12-01,0.7418517029732234,0.21736809460303538
2017-12-04,0.7418517028638723,0.21736809460242007
2017-12-05,0.7418517028638723,0.21736809460242007
2017-12-06,0.7418517028638723,0.21736809460242007
2017-12-07,0.7418517028638723,0.21736809460242007
2017-12-08,0.7418517028638723,0.21736809460242007
2017-12-11,0.7418517028638723,0.21736809460242007
2017-12-12,0.7418517028638723,0.21736809460242007
2017-12-13,0.7418517028638723,0.21736809460242007
2017-12-14,0.7418517028638723,0.21736809460242007
2017-12-15,0.7418517028638723,0.21736809460242007
2017-12-18,0.7418517028638723,0.21736809460242007
2017-12-19,0.7418517028638723,0.21736809460242007
2017-12-20,0.7418517028638723,0.21736809460242007
2017-12-21,0.7418517028638723,0.21736809460242007
2017-12-22,0.7418517028638723,0.21736809460242007
2017-12-25,0.7418517028638723,0.21736809460242007
2017-12-26,0.7418517028638723,0.21736809460242007
2017-12-27,0.7418517028638723,0.21736809460242007
2017-12-28,0.7418517028638723,0.21736809460242007
2017-12-29,0.7418517028638723,0.21736809460242007
2018-01-01,0.7418517028638723,0.21736809460242007
2018-01-02,0.7932878022463794,0.22243114502260092
2018-01-03,0.7932878025285738,0.2224311450226585
2018-01-04,0.7932878025285738,0.2224311450226585
2018-01-05,0.7932878025285738,0.2224311450226585
2018-01-08,0.7932878025285738,0.2224311450226585
2018-01-09,0.7932878025285738,0.2224311450226585
2018-01-10,0.7932878025285738,0.2224311450226585
2018-01-11,0.7932878025285738,0.2224311450226585
2018-01-12,0.7932878025285738,0.2224311450226585
2018-01-15,0.7932878025285738,0.2224311450226585
2018-01-16,0.7932878025285738,0.2224311450226585
2018-01-17,0.7932878025285738,0.2224311450226585
2018-01-18,0.7932878025285738,0.2224311450226585
2018-01-19,0.7932878025285738,0.2224311450226585
2018-01-22,0.7932878025285738,0.2224311450226585
2018-01-23,0.7932878025285738,0.2224311450226585
2018-01-24,0.7932878025285738,0.2224311450226585
2018-01-25,0.7932878025285738,0.2224311450226585
2018-01-26,0.7932878025285738,0.2224311450226585
2018-01-29,0.7932878025285738,0.2224311450226585
2018-01-30,0.7932878025285738,0.2224311450226585
2018-01-31,0.7932878025285738,0.2224311450226585
2018-02-01,0.8571927571584469,0.046715537775283214
2018-02-02,0.8571927575072895,0.046715537769457575
2018-02-05,0.8571927575072895,0.046715537769457575
2018-02-06,0.8571927575072895,0.046715537769457575
2018-02-07,0.8571927575072895,0.046715537769457575
2018-02-08,0.8571927575072895,0.046715537769457575
2018-02-09,0.8571927575072895,0.046715537769457575
2018-02-12,0.8571927575072895,0.046715537769457575
2018-02-13,0.8571927575072895,0.046715537769457575
2018-02-14,0.8571927575072895,0.046715537769457575
2018-02-15,0.8571927575072895,0.046715537769457575
2018-02-16,0.8571927575072895,0.046715537769457575
2018-02-19,0.8571927575072895,0.046715537769457575
2018-02-20,0.8571927575072895,0.046715537769457575
2018-02-21,0.8571927575072895,0.046715537769457575
2018-02-22,0.8571927575072895,0.046715537769457575
2018-02-23,0.8571927575072895,0.046715537769457575
2018-02-26,0.8571927575072895,0.046715537769457575
2018-02-27,0.8571927575072895,0.046715537769457575
2018-02-28,0.8571927575072895,0.046715537769457575
2018-03-01,0.6672398985889443,0.14377417315645577
2018-03-02,0.6672398973585757,0.14377417315719576
2018-03-05,0.6672398973585757,0.14377417315719576
2018-03-06,0.6672398973585757,0.14377417315719576
2018-03-07,0.6672398973585757,0.14377417315719576
2018-03-08,0.6672398973585757,0.14377417315719576
2018-03-09,0.6672398973585757,0.14377417315719576
2018-03-12,0.6672398973585757,0.14377417315719576
2018-03-13,0.6672398973585757,0.14377417315719576
2018-03-14,0.6672398973585757,0.14377417315719576
2018-03-15,0.6672398973585757,0.14377417315719576
2018-03-16,0.6672398973585757,0.14377417315719576
2018-03-19,0.6672398973585757,0.14377417315719576
2018-03-20,0.6672398973585757,0.14377417315719576
2018-03-21,0.6672398973585757,0.14377417315719576
2018-03-22,0.6672398973585757,0.14377417315719576
2018-03-23,0.6672398973585757,0.14377417315719576
2018-03-26,0.6672398973585757,0.14377417315719576
2018-03-27,0.6672398973585757,0.14377417315719576
2018-03-28,0.6672398973585757,0.14377417315719576
2018-03-29,0.6672398973585757,0.14377417315719576
2018-03-30,0.6672398973585757,0.14377417315719576
2018-04-02,0.6672398973585757,0.14377417315719576
2018-04-03,0.46443141576151026,0.1986884420087268
2018-04-04,0.4644314143604784,0.19868844200927147
2018-04-05,0.46443141436047836,0.19868844200927147
2018-04-06,0.46443141436047836,0.19868844200927147
2018-04-09,0.46443141436047836,0.19868844200927147
2018-04-10,0.46443141436047836,0.19868844200927147
2018-04-11,0.46443141436047836,0.19868844200927147
2018-04-12,0.46443141436047836,0.19868844200927147
2018-04-13,0.46443141436047836,0.19868844200927147
2018-04-16,0.46443141436047836,0.19868844200927147
2018-04-17,0.46443141436047836,0.19868844200927147
2018-04-18,0.46443141436047836,0.19868844200927147
2018-04-19,0.46443141436047836,0.19868844200927147
2018-04-20,0.46443141436047836,0.19868844200927147
2018-04-23,0.46443141436047836,0.19868844200927147
2018-04-24,0.46443141436047836,0.19868844200927147
2018-04-25,0.46443141436047836,0.19868844200927147
2018-04-26,0.46443141436047836,0.19868844200927147
2018-04-27,0.46443141436047836,0.19868844200927147
2018-04-30,0.46443141436047836,0.19868844200927147
2018-05-01,0.7662746133530766,0.133450461532657
2018-05-02,0.7662746147274807,0.13345046153172266
2018-05-03,0.7662746147274807,0.13345046153172266
2018-05-04,0.7662746147274807,0.13345046153172266
2018-05-07,0.7662746147274807,0.13345046153172266
2018-05-08,0.7662746147274807,0.13345046153172266
2018-05-09,0.7662746147274807,0.13345046153172266
2018-05-10,0.7662746147274807,0.13345046153172266
2018-05-11,0.7662746147274807,0.13345046153172266
2018-05-14,0.7662746147274807,0.13345046153172266
2018-05-15,0.7662746147274807,0.13345046153172266
2018-05-16,0.7662746147274807,0.13345046153172266
2018-05-17,0.7662746147274807,0.13345046153172266
2018-05-18,0.7662746147274807,0.13345046153172266
2018-05-21,0.7662746147274807,0.13345046153172266
2018-05-22,0.7662746147274807,0.13345046153172266
2018-05-23,0.7662746147274807,0.13345046153172266
2018-05-24,0.7662746147274807,0.13345046153172266
2018-05-25,0.7662746147274807,0.13345046153172266
2018-05-28,0.7662746147274807,0.13345046153172266
2018-05-29,0.7662746147274807,0.13345046153172266
2018-05-30,0.7662746147274807,0.13345046153172266
2018-05-31,0.7662746147274807,0.13345046153172266
2018-06-01,0.8894759267679484,0.10669020185139469
2018-06-04,0.8894759274181369,0.10669020185104809
2018-06-05,0.8894759274181369,0.10669020185104809
2018-06-06,0.8894759274181369,0.10669020185104809
2018-06-07,0.8894759274181369,0.10669020185104809
2018-06-08,0.8894759274181369,0.10669020185104809
2018-06-11,0.8894759274181369,0.10669020185104809
2018-06-12,0.8894759274181369,0.10669020185104809
2018-06-13,0.8894759274181369,0.10669020185104809
2018-06-14,0.8894759274181369,0.10669020185104809
2018-06-15,0.8894759274181369,0.10669020185104809
2018-06-18,0.8894759274181369,0.10669020185104809
2018-06-19,0.8894759274181369,0.10669020185104809
2018-06-20,0.8894759274181369,0.10669020185104809
2018-06-21,0.8894759274181369,0.10669020185104809
2018-06-22,0.8894759274181369,0.10669020185104809
2018-06-25,0.8894759274181369,0.10669020185104809
2018-06-26,0.8894759274181369,0.10669020185104809
2018-06-27,0.8894759274181369,0.10669020185104809
2018-06-28,0.8894759274181369,0.10669020185104809
2018-06-29,0.8894759274181369,0.10669020185104809
2018-07-02,0.8894759274181369,0.10669020185104809
2018-07-03,0.8143430820813324,0.04151280263629404
2018-07-04,0.8143430816356668,0.04151280263495505
2018-07-05,0.8143430816356668,0.04151280263495505
2018-07-06,0.8143430816356668,0.04151280263495505
2018-07-09,0.8143430816356668,0.04151280263495505
2018-07-10,0.8143430816356668,0.04151280263495505
2018-07-11,0.8143430816356668,0.04151280263495505
2018-07-12,0.8143430816356668,0.04151280263495505
2018-07-13,0.8143430816356668,0.04151280263495505
2018-07-16,0.8143430816356668,0.04151280263495505
2018-07-17,0.8143430816356668,0.04151280263495505
2018-07-18,0.8143430816356668,0.04151280263495505
2018-07-19,0.8143430816356668,0.04151280263495505
2018-07-20,0.8143430816356668,0.04151280263495505
2018-07-23,0.8143430816356668,0.04151280263495505
2018-07-24,0.8143430816356668,0.04151280263495505
2018-07-25,0.8143430816356668,0.04151280263495505
2018-07-26,0.8143430816356668,0.04151280263495505
2018-07-27,0.8143430816356668,0.04151280263495505
2018-07-30,0.8143430816356668,0.04151280263495505
2018-07-31,0.8143430816356668,0.04151280263495505
2018-08-01,1.0361018950919276,0.08622091492528963
2018-08-02,1.0361018962147674,0.08622091492567079
2018-08-03,1.0361018962147674,0.08622091492567079
2018-08-06,1.0361018962147674,0.08622091492567079
2018-08-07,1.0361018962147674,0.08622091492567079
2018-08-08,1.0361018962147674,0.08622091492567079
2018-08-09,1.0361018962147674,0.08622091492567079
2018-08-10,1.0361018962147674,0.08622091492567079
2018-08-13,1.0361018962147674,0.08622091492567079
2018-08-14,1.0361018962147674,0.08622091492567079
2018-08-15,1.0361018962147674,0.08622091492567079
2018-08-16,1.0361018962147674,0.08622091492567079
2018-08-17,1.0361018962147674,0.08622091492567079
2018-08-20,1.0361018962147674,0.08622091492567079
2018-08-21,1.0361018962147674,0.08622091492567079
2018-08-22,1.0361018962147674,0.08622091492567079
2018-08-23,1.0361018962147674,0.08622091492567079
2018-08-24,1.0361018962147674,0.08622091492567079
2018-08-27,1.0361018962147674,0.08622091492567079
2018-08-28,1.0361018962147674,0.08622091492567079
2018-08-29,1.0361018962147674,0.08622091492567079
2018-08-30,1.0361018962147674,0.08622091492567079
2018-08-31,1.0361018962147674,0.08622091492567079
2018-09-03,1.0429101783356016,0.13245051087448828
2018-09-04,1.0429101783740795,0.13245051087492749
2018-09-05,1.0429101783740795,0.13245051087492749
2018-09-06,1.0429101783740795,0.13245051087492749
2018-09-07,1.0429101783740795,0.13245051087492749
2018-09-10,1.0429101783740795,0.13245051087492749
2018-09-11,1.0429101783740795,0.13245051087492749
2018-09-12,1.0429101783740795,0.13245051087492749
2018-09-13,1.0429101783740795,0.13245051087492749
2018-09-14,1.0429101783740795,0.13245051087492749
2018-09-17,1.0429101783740795,0.13245051087492749
2018-09-18,1.0429101783740795,0.13245051087492749
2018-09-19,1.0429101783740795,0.13245051087492749
2018-09-20,1.0429101783740795,0.13245051087492749
2018-09-21,1.0429101783740795,0.13245051087492749
2018-09-24,1.0429101783740795,0.13245051087492749
2018-09-25,1.0429101783740795,0.13245051087492749
2018-09-26,1.0429101783740795,0.13245051087492749
2018-09-27,1.0429101783740795,0.13245051087492749
2018-09-28,1.0429101783740795,0.13245051087492749
2018-10-01,1.0429101783740795,0.13245051087492749
2018-10-02,1.2173846972414166,0.12580280341886554
2018-10-03,1.217384698159818,0.125802803418787
2018-10-04,1.217384698159818,0.125802803418787
2018-10-05,1.217384698159818,0.125802803418787
2018-10-08,1.217384698159818,0.125802803418787
2018-10-09,1.217384698159818,0.125802803418787
2018-10-10,1.217384698159818,0.125802803418787
2018-10-11,1.217384698159818,0.125802803418787
2018-10-12,1.217384698159818,0.125802803418787
2018-10-15,1.217384698159818,0.125802803418787
2018-10-16,1.217384698159818,0.125802803418787
2018-10-17,1.217384698159818,0.125802803418787
2018-10-18,1.217384698159818,0.125802803418787
2018-10-19,1.217384698159818,0.125802803418787
2018-10-22,1.217384698159818,0.125802803418787
2018-10-23,1.217384698159818,0.125802803418787
2018-10-24,1.217384698159818,0.125802803418787
2018-10-25,1.217384698159818,0.125802803418787
2018-10-26,1.217384698159818,0.125802803418787
2018-10-29,1.217384698159818,0.125802803418787
2018-10-30,1.217384698159818,0.125802803418787
2018-10-31,1.217384698159818,0.125802803418787
2018-11-01,1.0299326495036831,0.15669512178412695
2018-11-02,1.0299326483440812,0.15669512178444744
2018-11-05,1.0299326483440812,0.15669512178444744
2018-11-06,1.0299326483440812,0.15669512178444744
2018-11-07,1.0299326483440812,0.15669512178444744
2018-11-08,1.0299326483440812,0.15669512178444744
2018-11-09,1.0299326483440812,0.15669512178444744
2018-11-12,1.0299326483440812,0.15669512178444744
2018-11-13,1.0299326483440812,0.15669512178444744
2018-11-14,1.0299326483440812,0.15669512178444744
2018-11-15,1.0299326483440812,0.15669512178444744
2018-11-16,1.0299326483440812,0.15669512178444744
2018-11-19,1.0299326483440812,0.15669512178444744
2018-11-20,1.0299326483440812,0.15669512178444744
2018-11-21,1.0299326483440812,0.15669512178444744
2018-11-22,1.0299326483440812,0.15669512178444744
2018-11-23,1.0299326483440812,0.15669512178444744
2018-11-26,1.0299326483440812,0.15669512178444744
2018-11-27,1.0299326483440812,0.15669512178444744
2018-11-28,1.0299326483440812,0.15669512178444744
2018-11-29,1.0299326483440812,0.15669512178444744
2018-11-30,1.0299326483440812,0.15669512178444744
2018-12-03,0.8487762994476639,0.21897813905232347
2018-12-04,0.8487762983108665,0.21897813905293834
2018-12-05,0.8487762983108665,0.21897813905293834
2018-12-06,0.8487762983108665,0.21897813905293834
2018-12-07,0.8487762983108665,0.21897813905293834
2018-12-10,0.8487762983108665,0.21897813905293834
2018-12-11,0.8487762983108665,0.21897813905293834
2018-12-12,0.8487762983108665,0.21897813905293834
2018-12-13,0.8487762983108665,0.21897813905293834
2018-12-14,0.8487762983108665,0.21897813905293834
2018-12-17,0.8487762983108665,0.21897813905293834
2018-12-18,0.8487762983108665,0.21897813905293834
2018-12-19,0.8487762983108665,0.21897813905293834
2018-12-20,0.8487762983108665,0.21897813905293834
2018-12-21,0.8487762983108665,0.21897813905293834
2018-12-24,0.8487762983108665,0.21897813905293834
2018-12-25,0.8487762983108665,0.21897813905293834
2018-12-26,0.8487762983108665,0.21897813905293834
2018-12-27,0.8487762983108665,0.21897813905293834
2018-12-28,0.8487762983108665,0.21897813905293834
2018-12-31,0.8487762983108665,0.21897813905293834
2019-01-01,0.39801124066299065,0.3601961853522392
2019-01-02,0.3980112366597606,0.3601961853535459
2019-01-03,0.39801123665976057,0.3601961853535459
2019-01-04,0.39801123665976057,0.3601961853535459
2019-01-07,0.39801123665976057,0.3601961853535459
2019-01-08,0.39801123665976057,0.3601961853535459
2019-01-09,0.39801123665976057,0.3601961853535459
2019-01-10,0.39801123665976057,0.3601961853535459
2019-01-11,0.39801123665976057,0.3601961853535459
2019-01-14,0.39801123665976057,0.3601961853535459
2019-01-15,0.39801123665976057,0.3601961853535459
2019-01-16,0.39801123665976057,0.3601961853535459
2019-01-17,0.39801123665976057,0.3601961853535459
2019-01-18,0.39801123665976057,0.3601961853535459
2019-01-21,0.39801123665976057,0.3601961853535459
2019-01-22,0.39801123665976057,0.3601961853535459
2019-01-23,0.39801123665976057,0.3601961853535459
2019-01-24,0.39801123665976057,0.3601961853535459
2019-01-25,0.39801123665976057,0.3601961853535459
2019-01-28,0.39801123665976057,0.3601961853535459
2019-01-29,0.39801123665976057,0.3601961853535459
2019-01-30,0.39801123665976057,0.3601961853535459
2019-01-31,0.39801123665976057,0.3601961853535459
2019-02-01,0.7181974886244685,0.2900472619827376
2019-02-04,0.7181974900352749,0.2900472619818326
2019-02-05,0.7181974900352749,0.2900472619818326
2019-02-06,0.7181974900352749,0.2900472619818326
2019-02-07,0.7181974900352749,0.2900472619818326
2019-02-08,0.7181974900352749,0.2900472619818326
2019-02-11,0.7181974900352749,0.2900472619818326
2019-02-12,0.7181974900352749,0.2900472619818326
2019-02-13,0.7181974900352749,0.2900472619818326
2019-02-14,0.7181974900352749,0.2900472619818326
2019-02-15,0.7181974900352749,0.2900472619818326
2019-02-18,0.7181974900352749,0.2900472619818326
2019-02-19,0.7181974900352749,0.2900472619818326
2019-02-20,0.7181974900352749,0.2900472619818326
2019-02-21,0.7181974900352749,0.2900472619818326
2019-02-22,0.7181974900352749,0.2900472619818326
2019-02-25,0.7181974900352749,0.2900472619818326
2019-02-26,0.7181974900352749,0.2900472619818326
2019-02-27,0.7181974900352749,0.2900472619818326
2019-02-28,0.7181974900352749,0.2900472619818326
2019-03-01,0.9542718538698504,0.3069730374203263
2019-03-04,0.9542718550428505,0.30697303742051574
2019-03-05,0.9542718550428505,0.30697303742051574
2019-03-06,0.9542718550428505,0.30697303742051574
2019-03-07,0.9542718550428505,0.30697303742051574
2019-03-08,0.9542718550428505,0.30697303742051574
2019-03-11,0.9542718550428505,0.30697303742051574
2019-03-12,0.9542718550428505,0.30697303742051574
2019-03-13,0.9542718550428505,0.30697303742051574
2019-03-14,0.9542718550428505,0.30697303742051574
2019-03-15,0.9542718550428505,0.30697303742051574
2019-03-18,0.9542718550428505,0.30697303742051574
2019-03-19,0.9542718550428505,0.30697303742051574
2019-03-20,0.9542718550428505,0.30697303742051574
2019-03-21,0.9542718550428505,0.30697303742051574
2019-03-22,0.9542718550428505,0.30697303742051574
2019-03-25,0.9542718550428505,0.30697303742051574
2019-03-26,0.9542718550428505,0.30697303742051574
2019-03-27,0.9542718550428505,0.30697303742051574
2019-03-28,0.9542718550428505,0.30697303742051574
2019-03-29,0.9542718550428505,0.30697303742051574
2019-04-01,0.9542718550428505,0.30697303742051574
2019-04-02,1.0288645226577375,0.5329028914627504
2019-04-03,1.028864523065356,0.5329028914647994
2019-04-04,1.028864523065356,0.5329028914647994
2019-04-05,1.028864523065356,0.5329028914647994
2019-04-08,1.028864523065356,0.5329028914647994
2019-04-09,1.028864523065356,0.5329028914647994
2019-04-10,1.028864523065356,0.5329028914647994
2019-04-11,1.028864523065356,0.5329028914647994
2019-04-12,1.028864523065356,0.5329028914647994
2019-04-15,1.028864523065356,0.5329028914647994
2019-04-16,1.028864523065356,0.5329028914647994
2019-04-17,1.028864523065356,0.5329028914647994
2019-04-18,1.028864523065356,0.5329028914647994
2019-04-19,1.028864523065356,0.5329028914647994
2019-04-22,1.028864523065356,0.5329028914647994
2019-04-23,1.028864523065356,0.5329028914647994
2019-04-24,1.028864523065356,0.5329028914647994
2019-04-25,1.028864523065356,0.5329028914647994
2019-04-26,1.028864523065356,0.5329028914647994
2019-04-29,1.028864523065356,0.5329028914647994
2019-04-30,1.028864523065356,0.5329028914647994
2019-05-01,1.0154583892243503,0.3973748594334465
2019-05-02,1.015458389147834,0.39737485943162076
2019-05-03,1.015458389147834,0.39737485943162076
2019-05-06,1.015458389147834,0.39737485943162076
2019-05-07,1.015458389147834,0.39737485943162076
2019-05-08,1.015458389147834,0.39737485943162076
2019-05-09,1.015458389147834,0.39737485943162076
2019-05-10,1.015458389147834,0.39737485943162076
2019-05-13,1.015458389147834,0.39737485943162076
2019-05-14,1.015458389147834,0.39737485943162076
2019-05-15,1.015458389147834,0.39737485943162076
2019-05-16,1.015458389147834,0.39737485943162076
2019-05-17,1.015458389147834,0.39737485943162076
2019-05-20,1.015458389147834,0.39737485943162076
2019-05-21,1.015458389147834,0.39737485943162076
2019-05-22,1.015458389147834,0.39737485943162076
2019-05-23,1.015458389147834,0.39737485943162076
2019-05-24,1.015458389147834,0.39737485943162076
2019-05-27,1.015458389147834,0.39737485943162076
2019-05-28,1.015458389147834,0.39737485943162076
2019-05-29,1.015458389147834,0.39737485943162076
2019-05-30,1.015458389147834,0.39737485943162076
2019-05-31,1.015458389147834,0.39737485943162076
2019-06-03,0.7815769988211906,0.6692151135177113
2019-06-04,0.7815769972966334,0.6692151135202045
2019-06-05,0.7815769972966334,0.6692151135202045
2019-06-06,0.7815769972966334,0.6692151135202045
2019-06-07,0.7815769972966334,0.6692151135202045
2019-06-10,0.7815769972966334,0.6692151135202045
2019-06-11,0.7815769972966334,0.6692151135202045
2019-06-12,0.7815769972966334,0.6692151135202045
2019-06-13,0.7815769972966334,0.6692151135202045
2019-06-14,0.7815769972966334,0.6692151135202045
2019-06-17,0.7815769972966334,0.6692151135202045
2019-06-18,0.7815769972966334,0.6692151135202045
2019-06-19,0.7815769972966334,0.6692151135202045
2019-06-20,0.7815769972966334,0.6692151135202045
2019-06-21,0.7815769972966334,0.6692151135202045
2019-06-24,0.7815769972966334,0.6692151135202045
2019-06-25,0.7815769972966334,0.6692151135202045
2019-06-26,0.7815769972966334,0.6692151135202045
2019-06-27,0.7815769972966334,0.6692151135202045
2019-06-28,0.7815769972966334,0.6692151135202045
2019-07-01,0.7815769972966334,0.6692151135202045
2019-07-02,0.8626370478701316,0.6111855652783138
2019-07-03,0.862637048308158,0.6111855652776141
2019-07-04,0.862637048308158,0.6111855652776141
2019-07-05,0.862637048308158,0.6111855652776141
2019-07-08,0.862637048308158,0.6111855652776141
2019-07-09,0.862637048308158,0.6111855652776141
2019-07-10,0.862637048308158,0.6111855652776141
2019-07-11,0.862637048308158,0.6111855652776141
2019-07-12,0.862637048308158,0.6111855652776141
2019-07-15,0.862637048308158,0.6111855652776141
2019-07-16,0.862637048308158,0.6111855652776141
2019-07-17,0.862637048308158,0.6111855652776141
2019-07-18,0.862637048308158,0.6111855652776141
2019-07-19,0.862637048308158,0.6111855652776141
2019-07-22,0.862637048308158,0.6111855652776141
2019-07-23,0.862637048308158,0.6111855652776141
2019-07-24,0.862637048308158,0.6111855652776141
2019-07-25,0.862637048308158,0.6111855652776141
2019-07-26,0.862637048308158,0.6111855652776141
2019-07-29,0.862637048308158,0.6111855652776141
2019-07-30,0.862637048308158,0.6111855652776141
2019-07-31,0.862637048308158,0.6111855652776141
2019-08-01,0.7525848637300294,0.38736348562281575
2019-08-02,0.7525848630603937,0.38736348561949563
2019-08-05,0.7525848630603937,0.38736348561949563
2019-08-06,0.7525848630603937,0.38736348561949563
2019-08-07,0.7525848630603937,0.38736348561949563
2019-08-08,0.7525848630603937,0.38736348561949563
2019-08-09,0.7525848630603937,0.38736348561949563
2019-08-12,0.7525848630603937,0.38736348561949563
2019-08-13,0.7525848630603937,0.38736348561949563
2019-08-14,0.7525848630603937,0.38736348561949563
2019-08-15,0.7525848630603937,0.38736348561949563
2019-08-16,0.7525848630603937,0.38736348561949563
2019-08-19,0.7525848630603937,0.38736348561949563
2019-08-20,0.7525848630603937,0.38736348561949563
2019-08-21,0.7525848630603937,0.38736348561949563
2019-08-22,0.7525848630603937,0.38736348561949563
2019-08-23,0.7525848630603937,0.38736348561949563
2019-08-26,0.7525848630603937,0.38736348561949563
2019-08-27,0.7525848630603937,0.38736348561949563
2019-08-28,0.7525848630603937,0.38736348561949563
2019-08-29,0.7525848630603937,0.38736348561949563
2019-08-30,0.7525848630603937,0.38736348561949563
2019-09-02,0.7525848630603937,0.38736348561949563
2019-09-03,0.7500572105304784,0.629207683424901
2019-09-04,0.7500572105161221,0.6292076834271495
2019-09-05,0.7500572105161221,0.6292076834271495
2019-09-06,0.7500572105161221,0.6292076834271495
2019-09-09,0.7500572105161221,0.6292076834271495
2019-09-10,0.7500572105161221,0.6292076834271495
2019-09-11,0.7500572105161221,0.6292076834271495
2019-09-12,0.7500572105161221,0.6292076834271495
2019-09-13,0.7500572105161221,0.6292076834271495
2019-09-16,0.7500572105161221,0.6292076834271495
2019-09-17,0.7500572105161221,0.6292076834271495
2019-09-18,0.7500572105161221,0.6292076834271495
2019-09-19,0.7500572105161221,0.6292076834271495
2019-09-20,0.7500572105161221,0.6292076834271495
2019-09-23,0.7500572105161221,0.6292076834271495
2019-09-24,0.7500572105161221,0.6292076834271495
2019-09-25,0.7500572105161221,0.6292076834271495
2019-09-26,0.7500572105161221,0.6292076834271495
2019-09-27,0.7500572105161221,0.6292076834271495
2019-09-30,0.7500572105161221,0.6292076834271495
2019-10-01,0.6358012743699011,0.4262757234828315
2019-10-02,0.6358012736638446,0.4262757234799401
2019-10-03,0.6358012736638446,0.4262757234799401
2019-10-04,0.6358012736638446,0.4262757234799401
2019-10-07,0.6358012736638446,0.4262757234799401
2019-10-08,0.6358012736638446,0.4262757234799401
2019-10-09,0.6358012736638446,0.4262757234799401
2019-10-10,0.6358012736638446,0.4262757234799401
2019-10-11,0.6358012736638446,0.4262757234799401
2019-10-14,0.6358012736638446,0.4262757234799401
2019-10-15,0.6358012736638446,0.4262757234799401
2019-10-16,0.6358012736638446,0.4262757234799401
2019-10-17,0.6358012736638446,0.4262757234799401
2019-10-18,0.6358012736638446,0.4262757234799401
2019-10-21,0.6358012736638446,0.4262757234799401
2019-10-22,0.6358012736638446,0.4262757234799401
2019-10-23,0.6358012736638446,0.4262757234799401
2019-10-24,0.6358012736638446,0.4262757234799401
2019-10-25,0.6358012736638446,0.4262757234799401
2019-10-28,0.6358012736638446,0.4262757234799401
2019-10-29,0.6358012736638446,0.4262757234799401
2019-10-30,0.6358012736638446,0.4262757234799401
2019-10-31,0.6358012736638446,0.4262757234799401
2019-11-01,0.49336826815772666,0.3551076791789765
2019-11-04,0.4933682672335356,0.3551076791780754
2019-11-05,0.4933682672335356,0.3551076791780754
2019-11-06,0.4933682672335356,0.3551076791780754
2019-11-07,0.4933682672335356,0.3551076791780754
2019-11-08,0.4933682672335356,0.3551076791780754
2019-11-11,0.4933682672335356,0.3551076791780754
2019-11-12,0.4933682672335356,0.3551076791780754
2019-11-13,0.4933682672335356,0.3551076791780754
2019-11-14,0.4933682672335356,0.3551076791780754
2019-11-15,0.4933682672335356,0.3551076791780754
2019-11-18,0.4933682672335356,0.3551076791780754
2019-11-19,0.4933682672335356,0.3551076791780754
2019-11-20,0.4933682672335356,0.3551076791780754
2019-11-21,0.4933682672335356,0.3551076791780754
2019-11-22,0.4933682672335356,0.3551076791780754
2019-11-25,0.4933682672335356,0.3551076791780754
2019-11-26,0.4933682672335356,0.3551076791780754
2019-11-27,0.4933682672335356,0.3551076791780754
2019-11-28,0.4933682672335356,0.3551076791780754
2019-11-29,0.4933682672335356,0.3551076791780754
2019-12-02,0.4933682672335356,0.3551076791780754
2019-12-03,0.7350718827936802,0.5003747604246727
2019-12-04,0.7350718839388517,0.5003747604261019
2019-12-05,0.7350718839388517,0.5003747604261019
2019-12-06,0.7350718839388517,0.5003747604261019
2019-12-09,0.7350718839388517,0.5003747604261019
2019-12-10,0.7350718839388517,0.5003747604261019
2019-12-11,0.7350718839388517,0.5003747604261019
2019-12-12,0.7350718839388517,0.5003747604261019
2019-12-13,0.7350718839388517,0.5003747604261019
2019-12-16,0.7350718839388517,0.5003747604261019
2019-12-17,0.7350718839388517,0.5003747604261019
2019-12-18,0.7350718839388517,0.5003747604261019
2019-12-19,0.7350718839388517,0.5003747604261019
2019-12-20,0.7350718839388517,0.5003747604261019
2019-12-23,0.7350718839388517,0.5003747604261019
2019-12-24,0.7350718839388517,0.5003747604261019
2019-12-25,0.7350718839388517,0.5003747604261019
2019-12-26,0.7350718839388517,0.5003747604261019
2019-12-27,0.7350718839388517,0.5003747604261019
2019-12-30,0.7350718839388517,0.5003747604261019
2019-12-31,0.7350718839388517,0.5003747604261019
2020-01-01,0.7644045650694635,0.3529148936113125
2020-01-02,0.7644045652325926,0.3529148936092608
2020-01-03,0.7644045652325926,0.3529148936092608
2020-01-06,0.7644045652325926,0.3529148936092608
2020-01-07,0.7644045652325926,0.3529148936092608
2020-01-08,0.7644045652325926,0.3529148936092608
2020-01-09,0.7644045652325926,0.3529148936092608
2020-01-10,0.7644045652325926,0.3529148936092608
2020-01-13,0.7644045652325926,0.3529148936092608
2020-01-14,0.7644045652325926,0.3529148936092608
2020-01-15,0.7644045652325926,0.3529148936092608
2020-01-16,0.7644045652325926,0.3529148936092608
2020-01-17,0.7644045652325926,0.3529148936092608
2020-01-20,0.7644045652325926,0.3529148936092608
2020-01-21,0.7644045652325926,0.3529148936092608
2020-01-22,0.7644045652325926,0.3529148936092608
2020-01-23,0.7644045652325926,0.3529148936092608
2020-01-24,0.7644045652325926,0.3529148936092608
2020-01-27,0.7644045652325926,0.3529148936092608
2020-01-28,0.7644045652325926,0.3529148936092608
2020-01-29,0.7644045652325926,0.3529148936092608
2020-01-30,0.7644045652325926,0.3529148936092608
2020-01-31,0.7644045652325926,0.3529148936092608
2020-02-03,0.656414041660032,0.5606795719494495
2020-02-04,0.6564140409973432,0.5606795719513977
2020-02-05,0.6564140409973432,0.5606795719513977
2020-02-06,0.6564140409973432,0.5606795719513977
2020-02-07,0.6564140409973432,0.5606795719513977
2020-02-10,0.6564140409973432,0.5606795719513977
2020-02-11,0.6564140409973432,0.5606795719513977
2020-02-12,0.6564140409973432,0.5606795719513977
2020-02-13,0.6564140409973432,0.5606795719513977
2020-02-14,0.6564140409973432,0.5606795719513977
2020-02-17,0.6564140409973432,0.5606795719513977
2020-02-18,0.6564140409973432,0.5606795719513977
2020-02-19,0.6564140409973432,0.5606795719513977
2020-02-20,0.6564140409973432,0.5606795719513977
2020-02-21,0.6564140409973432,0.5606795719513977
2020-02-24,0.6564140409973432,0.5606795719513977
2020-02-25,0.6564140409973432,0.5606795719513977
2020-02-26,0.6564140409973432,0.5606795719513977
2020-02-27,0.6564140409973432,0.5606795719513977
2020-02-28,0.6564140409973432,0.5606795719513977
2020-03-02,0.6564140409973432,0.5606795719513977
2020-03-03,0.10370962604678226,0.44022918802909605
2020-03-04,0.10370961456203796,0.44022918802752015
2020-03-05,0.1037096145620379,0.44022918802752015
2020-03-06,0.1037096145620379,0.44022918802752015
2020-03-09,0.1037096145620379,0.44022918802752015
2020-03-10,0.1037096145620379,0.44022918802752015
2020-03-11,0.1037096145620379,0.44022918802752015
2020-03-12,0.1037096145620379,0.44022918802752015
2020-03-13,0.1037096145620379,0.44022918802752015
2020-03-16,0.1037096145620379,0.44022918802752015
2020-03-17,0.1037096145620379,0.44022918802752015
2020-03-18,0.1037096145620379,0.44022918802752015
2020-03-19,0.1037096145620379,0.44022918802752015
2020-03-20,0.1037096145620379,0.44022918802752015
2020-03-23,0.1037096145620379,0.44022918802752015
2020-03-24,0.1037096145620379,0.44022918802752015
2020-03-25,0.1037096145620379,0.44022918802752015
2020-03-26,0.1037096145620379,0.44022918802752015
2020-03-27,0.1037096145620379,0.44022918802752015
2020-03-30,0.1037096145620379,0.44022918802752015
2020-03-31,0.1037096145620379,0.44022918802752015
2020-04-01,2.0131116560879994,0.32474951992761397
2020-04-02,2.0131116617801568,0.3247495199260486
2020-04-03,2.0131116617801568,0.3247495199260486
2020-04-06,2.0131116617801568,0.3247495199260486
2020-04-07,2.0131116617801568,0.3247495199260486
2020-04-08,2.0131116617801568,0.3247495199260486
2020-04-09,2.0131116617801568,0.3247495199260486
2020-04-10,2.0131116617801568,0.3247495199260486
2020-04-13,2.0131116617801568,0.3247495199260486
2020-04-14,2.0131116617801568,0.3247495199260486
2020-04-15,2.0131116617801568,0.3247495199260486
2020-04-16,2.0131116617801568,0.3247495199260486
2020-04-17,2.0131116617801568,0.3247495199260486
2020-04-20,2.0131116617801568,0.3247495199260486
2020-04-21,2.0131116617801568,0.3247495199260486
2020-04-22,2.0131116617801568,0.3247495199260486
2020-04-23,2.0131116617801568,0.3247495199260486
2020-04-24,2.0131116617801568,0.3247495199260486
2020-04-27,2.0131116617801568,0.3247495199260486
2020-04-28,2.0131116617801568,0.3247495199260486
2020-04-29,2.0131116617801568,0.3247495199260486
2020-04-30,2.0131116617801568,0.3247495199260486
2020-05-01,1.1170218927782787,0.760001364050537
2020-05-04,1.1170218856593295,0.7600013640541118
2020-05-05,1.1170218856593295,0.7600013640541118
2020-05-06,1.1170218856593295,0.7600013640541118
2020-05-07,1.1170218856593295,0.7600013640541118
2020-05-08,1.1170218856593295,0.7600013640541118
2020-05-11,1.1170218856593295,0.7600013640541118
2020-05-12,1.1170218856593295,0.7600013640541118
2020-05-13,1.1170218856593295,0.7600013640541118
2020-05-14,1.1170218856593295,0.7600013640541118
2020-05-15,1.1170218856593295,0.7600013640541118
2020-05-18,1.1170218856593295,0.7600013640541118
2020-05-19,1.1170218856593295,0.7600013640541118
2020-05-20,1.1170218856593295,0.7600013640541118
2020-05-21,1.1170218856593295,0.7600013640541118
2020-05-22,1.1170218856593295,0.7600013640541118
2020-05-25,1.1170218856593295,0.7600013640541118
2020-05-26,1.1170218856593295,0.7600013640541118
2020-05-27,1.1170218856593295,0.7600013640541118
2020-05-28,1.1170218856593295,0.7600013640541118
2020-05-29,1.1170218856593295,0.7600013640541118
2020-06-01,1.1170218856593295,0.7600013640541118
2020-06-02,0.5401313084331459,0.9709692853332762
2020-06-03,0.5401313034152697,0.9709692853354405
2020-06-04,0.5401313034152697,0.9709692853354405
2020-06-05,0.5401313034152697,0.9709692853354405
2020-06-08,0.5401313034152697,0.9709692853354405
2020-06-09,0.5401313034152697,0.9709692853354405
2020-06-10,0.5401313034152697,0.9709692853354405
2020-06-11,0.5401313034152697,0.9709692853354405
2020-06-12,0.5401313034152697,0.9709692853354405
2020-06-15,0.5401313034152697,0.9709692853354405
2020-06-16,0.5401313034152697,0.9709692853354405
2020-06-17,0.5401313034152697,0.9709692853354405
2020-06-18,0.5401313034152697,0.9709692853354405
2020-06-19,0.5401313034152697,0.9709692853354405
2020-06-22,0.5401313034152697,0.9709692853354405
2020-06-23,0.5401313034152697,0.9709692853354405
2020-06-24,0.5401313034152697,0.9709692853354405
2020-06-25,0.5401313034152697,0.9709692853354405
2020-06-26,0.5401313034152697,0.9709692853354405
2020-06-29,0.5401313034152697,0.9709692853354405
2020-06-30,0.5401313034152697,0.9709692853354405
2020-07-01,0.5231081770673367,0.8783414445188481
2020-07-02,0.5231081769692427,0.8783414445177258
2020-07-03,0.5231081769692427,0.8783414445177258
2020-07-06,0.5231081769692427,0.8783414445177258
2020-07-07,0.5231081769692427,0.8783414445177258
2020-07-08,0.5231081769692427,0.8783414445177258
2020-07-09,0.5231081769692427,0.8783414445177258
2020-07-10,0.5231081769692427,0.8783414445177258
2020-07-13,0.5231081769692427,0.8783414445177258
2020-07-14,0.5231081769692427,0.8783414445177258
2020-07-15,0.5231081769692427,0.8783414445177258
2020-07-16,0.5231081769692427,0.8783414445177258
2020-07-17,0.5231081769692427,0.8783414445177258
2020-07-20,0.5231081769692427,0.8783414445177258
2020-07-21,0.5231081769692427,0.8783414445177258
2020-07-22,0.5231081769692427,0.8783414445177258
2020-07-23,0.5231081769692427,0.8783414445177258
2020-07-24,0.5231081769692427,0.8783414445177258
2020-07-27,0.5231081769692427,0.8783414445177258
2020-07-28,0.5231081769692427,0.8783414445177258
2020-07-29,0.5231081769692427,0.8783414445177258
2020-07-30,0.5231081769692427,0.8783414445177258
2020-07-31,0.5231081769692427,0.8783414445177258
2020-08-03,0.2244284370219284,0.6709616342538242
2020-08-04,0.2244284342014451,0.6709616342510686
2020-08-05,0.22442843420144507,0.6709616342510686
2020-08-06,0.22442843420144507,0.6709616342510686
2020-08-07,0.22442843420144507,0.6709616342510686
2020-08-10,0.22442843420144507,0.6709616342510686
2020-08-11,0.22442843420144507,0.6709616342510686
2020-08-12,0.22442843420144507,0.6709616342510686
2020-08-13,0.22442843420144507,0.6709616342510686
2020-08-14,0.22442843420144507,0.6709616342510686
2020-08-17,0.22442843420144507,0.6709616342510686
2020-08-18,0.22442843420144507,0.6709616342510686
2020-08-19,0.22442843420144507,0.6709616342510686
2020-08-20,0.22442843420144507,0.6709616342510686
2020-08-21,0.22442843420144507,0.6709616342510686
2020-08-24,0.22442843420144507,0.6709616342510686
2020-08-25,0.22442843420144507,0.6709616342510686
2020-08-26,0.22442843420144507,0.6709616342510686
2020-08-27,0.22442843420144507,0.6709616342510686
2020-08-28,0.22442843420144507,0.6709616342510686
2020-08-31,0.22442843420144507,0.6709616342510686
2020-09-01,0.18454915169318248,0.6367706485927983
2020-09-02,0.18454915144263043,0.6367706485923942
2020-09-03,0.1845491514426304,0.6367706485923942
2020-09-04,0.1845491514426304,0.6367706485923942
2020-09-07,0.1845491514426304,0.6367706485923942
2020-09-08,0.1845491514426304,0.6367706485923942
2020-09-09,0.1845491514426304,0.6367706485923942
2020-09-10,0.1845491514426304,0.6367706485923942
2020-09-11,0.1845491514426304,0.6367706485923942
2020-09-14,0.1845491514426304,0.6367706485923942
2020-09-15,0.1845491514426304,0.6367706485923942
2020-09-16,0.1845491514426304,0.6367706485923942
2020-09-17,0.1845491514426304,0.6367706485923942
2020-09-18,0.1845491514426304,0.6367706485923942
2020-09-21,0.1845491514426304,0.6367706485923942
2020-09-22,0.1845491514426304,0.6367706485923942
2020-09-23,0.1845491514426304,0.6367706485923942
2020-09-24,0.1845491514426304,0.6367706485923942
2020-09-25,0.1845491514426304,0.6367706485923942
2020-09-28,0.1845491514426304,0.6367706485923942
2020-09-29,0.1845491514426304,0.6367706485923942
2020-09-30,0.1845491514426304,0.6367706485923942
2020-10-01,0.1928342694234946,0.7883502212308368
2020-10-02,0.1928342694694631,0.7883502212324136
2020-10-05,0.19283426946946314,0.7883502212324136
2020-10-06,0.19283426946946314,0.7883502212324136
2020-10-07,0.19283426946946314,0.7883502212324136
2020-10-08,0.19283426946946314,0.7883502212324136
2020-10-09,0.19283426946946314,0.7883502212324136
2020-10-12,0.19283426946946314,0.7883502212324136
2020-10-13,0.19283426946946314,0.7883502212324136
2020-10-14,0.19283426946946314,0.7883502212324136
2020-10-15,0.19283426946946314,0.7883502212324136
2020-10-16,0.19283426946946314,0.7883502212324136
2020-10-19,0.19283426946946314,0.7883502212324136
2020-10-20,0.19283426946946314,0.7883502212324136
2020-10-21,0.19283426946946314,0.7883502212324136
2020-10-22,0.19283426946946314,0.7883502212324136
2020-10-23,0.19283426946946314,0.7883502212324136
2020-10-26,0.19283426946946314,0.7883502212324136
2020-10-27,0.19283426946946314,0.7883502212324136
2020-10-28,0.19283426946946314,0.7883502212324136
2020-10-29,0.19283426946946314,0.7883502212324136
2020-10-30,0.19283426946946314,0.7883502212324136
2020-11-02,0.19283426946946314,0.7883502212324136
2020-11-03,0.18581364658929467,0.7155844027745739
2020-11-04,0.18581364654873478,0.7155844027736938
2020-11-05,0.18581364654873478,0.7155844027736938
2020-11-06,0.18581364654873478,0.7155844027736938
2020-11-09,0.18581364654873478,0.7155844027736938
2020-11-10,0.18581364654873478,0.7155844027736938
2020-11-11,0.18581364654873478,0.7155844027736938
2020-11-12,0.18581364654873478,0.7155844027736938
2020-11-13,0.18581364654873478,0.7155844027736938
2020-11-16,0.18581364654873478,0.7155844027736938
2020-11-17,0.18581364654873478,0.7155844027736938
2020-11-18,0.18581364654873478,0.7155844027736938
2020-11-19,0.18581364654873478,0.7155844027736938
2020-11-20,0.18581364654873478,0.7155844027736938
2020-11-23,0.18581364654873478,0.7155844027736938
2020-11-24,0.18581364654873478,0.7155844027736938
2020-11-25,0.18581364654873478,0.7155844027736938
2020-11-26,0.18581364654873478,0.7155844027736938
2020-11-27,0.18581364654873478,0.7155844027736938
2020-11-30,0.18581364654873478,0.7155844027736938
2020-12-01,0.3923813223396987,0.8899389960223696
2020-12-02,0.3923813232026604,0.8899389960241797
2020-12-03,0.39238132320266045,0.8899389960241797
2020-12-04,0.39238132320266045,0.8899389960241797
2020-12-07,0.39238132320266045,0.8899389960241797
2020-12-08,0.39238132320266045,0.8899389960241797
2020-12-09,0.39238132320266045,0.8899389960241797
2020-12-10,0.39238132320266045,0.8899389960241797
2020-12-11,0.39238132320266045,0.8899389960241797
2020-12-14,0.39238132320266045,0.8899389960241797
2020-12-15,0.39238132320266045,0.8899389960241797
2020-12-16,0.39238132320266045,0.8899389960241797
2020-12-17,0.39238132320266045,0.8899389960241797
2020-12-18,0.39238132320266045,0.8899389960241797
2020-12-21,0.39238132320266045,0.8899389960241797
2020-12-22,0.39238132320266045,0.8899389960241797
2020-12-23,0.39238132320266045,0.8899389960241797
2020-12-24,0.39238132320266045,0.8899389960241797
2020-12-25,0.39238132320266045,0.8899389960241797
2020-12-28,0.39238132320266045,0.8899389960241797
2020-12-29,0.39238132320266045,0.8899389960241797
2020-12-30,0.39238132320266045,0.8899389960241797
2020-12-31,0.39238132320266045,0.8899389960241797
2021-01-01,0.2319337609621793,0.5364819023027279
2021-01-04,0.23193375973774308,0.53648190229732
2021-01-05,0.23193375973774308,0.53648190229732
2021-01-06,0.23193375973774308,0.53648190229732
2021-01-07,0.23193375973774308,0.53648190229732
2021-01-08,0.23193375973774308,0.53648190229732
2021-01-11,0.23193375973774308,0.53648190229732
2021-01-12,0.23193375973774308,0.53648190229732
2021-01-13,0.23193375973774308,0.53648190229732
2021-01-14,0.23193375973774308,0.53648190229732
2021-01-15,0.23193375973774308,0.53648190229732
2021-01-18,0.23193375973774308,0.53648190229732
2021-01-19,0.23193375973774308,0.53648190229732
2021-01-20,0.23193375973774308,0.53648190229732
2021-01-21,0.23193375973774308,0.53648190229732
2021-01-22,0.23193375973774308,0.53648190229732
2021-01-25,0.23193375973774308,0.53648190229732
2021-01-26,0.23193375973774308,0.53648190229732
2021-01-27,0.23193375973774308,0.53648190229732
2021-01-28,0.23193375973774308,0.53648190229732
2021-01-29,0.23193375973774308,0.53648190229732
2021-02-01,0.23193375973774308,0.53648190229732
2021-02-02,0.06709570131865132,0.24792093786874703
2021-02-03,0.06709569923588779,0.24792093786349328
2021-02-04,0.06709569923588779,0.24792093786349328
2021-02-05,0.06709569923588779,0.24792093786349328
2021-02-08,0.06709569923588779,0.24792093786349328
2021-02-09,0.06709569923588779,0.24792093786349328
2021-02-10,0.06709569923588779,0.24792093786349328
2021-02-11,0.06709569923588779,0.24792093786349328
2021-02-12,0.06709569923588779,0.24792093786349328
2021-02-15,0.06709569923588779,0.24792093786349328
2021-02-16,0.06709569923588779,0.24792093786349328
2021-02-17,0.06709569923588779,0.24792093786349328
2021-02-18,0.06709569923588779,0.24792093786349328
2021-02-19,0.06709569923588779,0.24792093786349328
2021-02-22,0.06709569923588779,0.24792093786349328
2021-02-23,0.06709569923588779,0.24792093786349328
2021-02-24,0.06709569923588779,0.24792093786349328
2021-02-25,0.06709569923588779,0.24792093786349328
2021-02-26,0.06709569923588779,0.24792093786349328
2021-03-01,0.06709569923588779,0.24792093786349328
2021-03-02,0.27677821757447657,0.3846063325886432
2021-03-03,0.27677821831304844,0.3846063325899367
2021-03-04,0.27677821831304844,0.3846063325899367
2021-03-05,0.27677821831304844,0.3846063325899367
2021-03-08,0.27677821831304844,0.3846063325899367
2021-03-09,0.27677821831304844,0.3846063325899367
2021-03-10,0.27677821831304844,0.3846063325899367
2021-03-11,0.27677821831304844,0.3846063325899367
2021-03-12,0.27677821831304844,0.3846063325899367
2021-03-15,0.27677821831304844,0.3846063325899367
2021-03-16,0.27677821831304844,0.3846063325899367
2021-03-17,0.27677821831304844,0.3846063325899367
2021-03-18,0.27677821831304844,0.3846063325899367
2021-03-19,0.27677821831304844,0.3846063325899367
2021-03-22,0.27677821831304844,0.3846063325899367
2021-03-23,0.27677821831304844,0.3846063325899367
2021-03-24,0.27677821831304844,0.3846063325899367
2021-03-25,0.27677821831304844,0.3846063325899367
2021-03-26,0.27677821831304844,0.3846063325899367
2021-03-29,0.27677821831304844,0.3846063325899367
2021-03-30,0.27677821831304844,0.3846063325899367
2021-03-31,0.27677821831304844,0.3846063325899367
2021-04-01,0.4722038251691524,0.49379276976821207
2021-04-02,0.47220382604794536,0.4937927697693298
2021-04-05,0.47220382604794536,0.4937927697693298
2021-04-06,0.47220382604794536,0.4937927697693298
2021-04-07,0.47220382604794536,0.4937927697693298
2021-04-08,0.47220382604794536,0.4937927697693298
2021-04-09,0.47220382604794536,0.4937927697693298
2021-04-12,0.47220382604794536,0.4937927697693298
2021-04-13,0.47220382604794536,0.4937927697693298
2021-04-14,0.47220382604794536,0.4937927697693298
2021-04-15,0.47220382604794536,0.4937927697693298
2021-04-16,0.47220382604794536,0.4937927697693298
2021-04-19,0.47220382604794536,0.4937927697693298
2021-04-20,0.47220382604794536,0.4937927697693298
2021-04-21,0.47220382604794536,0.4937927697693298
2021-04-22,0.47220382604794536,0.4937927697693298
2021-04-23,0.47220382604794536,0.4937927697693298
2021-04-26,0.47220382604794536,0.4937927697693298
2021-04-27,0.47220382604794536,0.4937927697693298
2021-04-28,0.47220382604794536,0.4937927697693298
2021-04-29,0.47220382604794536,0.4937927697693298
2021-04-30,0.47220382604794536,0.4937927697693298
2021-05-03,0.3790260843412383,0.36628959563372343
2021-05-04,0.3790260837479673,0.3662895956320006
2021-05-05,0.3790260837479673,0.3662895956320006
2021-05-06,0.3790260837479673,0.3662895956320006
2021-05-07,0.3790260837479673,0.3662895956320006
2021-05-10,0.3790260837479673,0.3662895956320006
2021-05-11,0.3790260837479673,0.3662895956320006
2021-05-12,0.3790260837479673,0.3662895956320006
2021-05-13,0.3790260837479673,0.3662895956320006
2021-05-14,0.3790260837479673,0.3662895956320006
2021-05-17,0.3790260837479673,0.3662895956320006
2021-05-18,0.3790260837479673,0.3662895956320006
2021-05-19,0.3790260837479673,0.3662895956320006
2021-05-20,0.3790260837479673,0.3662895956320006
2021-05-21,0.3790260837479673,0.3662895956320006
2021-05-24,0.3790260837479673,0.3662895956320006
2021-05-25,0.3790260837479673,0.3662895956320006
2021-05-26,0.3790260837479673,0.3662895956320006
2021-05-27,0.3790260837479673,0.3662895956320006
2021-05-28,0.3790260837479673,0.3662895956320006
2021-05-31,0.3790260837479673,0.3662895956320006
2021-06-01,0.4528043513544484,0.46585234752168087
2021-06-02,0.45280435173870015,0.46585234752270427
2021-06-03,0.45280435173870015,0.46585234752270427
2021-06-04,0.45280435173870015,0.46585234752270427
2021-06-07,0.45280435173870015,0.46585234752270427
2021-06-08,0.45280435173870015,0.46585234752270427
2021-06-09,0.45280435173870015,0.46585234752270427
2021-06-10,0.45280435173870015,0.46585234752270427
2021-06-11,0.45280435173870015,0.46585234752270427
2021-06-14,0.45280435173870015,0.46585234752270427
2021-06-15,0.45280435173870015,0.46585234752270427
2021-06-16,0.45280435173870015,0.46585234752270427
2021-06-17,0.45280435173870015,0.46585234752270427
2021-06-18,0.45280435173870015,0.46585234752270427
2021-06-21,0.45280435173870015,0.46585234752270427
2021-06-22,0.45280435173870015,0.46585234752270427
2021-06-23,0.45280435173870015,0.46585234752270427
2021-06-24,0.45280435173870015,0.46585234752270427
2021-06-25,0.45280435173870015,0.46585234752270427
2021-06-28,0.45280435173870015,0.46585234752270427
2021-06-29,0.45280435173870015,0.46585234752270427
2021-06-30,0.45280435173870015,0.46585234752270427
2021-07-01,0.675357273689335,0.5164340856952983
2021-07-02,0.6753572747433194,0.5164340856958518
2021-07-05,0.6753572747433194,0.5164340856958518
2021-07-06,0.6753572747433194,0.5164340856958518
2021-07-07,0.6753572747433194,0.5164340856958518
2021-07-08,0.6753572747433194,0.5164340856958518
2021-07-09,0.6753572747433194,0.5164340856958518
2021-07-12,0.6753572747433194,0.5164340856958518
2021-07-13,0.6753572747433194,0.5164340856958518
2021-07-14,0.6753572747433194,0.5164340856958518
2021-07-15,0.6753572747433194,0.5164340856958518
2021-07-16,0.6753572747433194,0.5164340856958518
2021-07-19,0.6753572747433194,0.5164340856958518
2021-07-20,0.6753572747433194,0.5164340856958518
2021-07-21,0.6753572747433194,0.5164340856958518
2021-07-22,0.6753572747433194,0.5164340856958518
2021-07-23,0.6753572747433194,0.5164340856958518
2021-07-26,0.6753572747433194,0.5164340856958518
2021-07-27,0.6753572747433194,0.5164340856958518
2021-07-28,0.6753572747433194,0.5164340856958518
2021-07-29,0.6753572747433194,0.5164340856958518
2021-07-30,0.6753572747433194,0.5164340856958518
2021-08-02,0.6753572747433194,0.5164340856958518
2021-08-03,0.6463871671200053,0.6265280174184592
2021-08-04,0.64638716695206,0.626528017419615
2021-08-05,0.64638716695206,0.626528017419615
2021-08-06,0.64638716695206,0.626528017419615
2021-08-09,0.64638716695206,0.626528017419615
2021-08-10,0.64638716695206,0.626528017419615
2021-08-11,0.64638716695206,0.626528017419615
2021-08-12,0.64638716695206,0.626528017419615
2021-08-13,0.64638716695206,0.626528017419615
2021-08-16,0.64638716695206,0.626528017419615
2021-08-17,0.64638716695206,0.626528017419615
2021-08-18,0.64638716695206,0.626528017419615
2021-08-19,0.64638716695206,0.626528017419615
2021-08-20,0.64638716695206,0.626528017419615
2021-08-23,0.64638716695206,0.626528017419615
2021-08-24,0.64638716695206,0.626528017419615
2021-08-25,0.64638716695206,0.626528017419615
2021-08-26,0.64638716695206,0.626528017419615
2021-08-27,0.64638716695206,0.626528017419615
2021-08-30,0.64638716695206,0.626528017419615
2021-08-31,0.64638716695206,0.626528017419615
2021-09-01,0.5998424604051708,0.537683244549934
2021-09-02,0.5998424601310169,0.537683244548827
2021-09-03,0.5998424601310169,0.537683244548827
2021-09-06,0.5998424601310169,0.537683244548827
2021-09-07,0.5998424601310169,0.537683244548827
2021-09-08,0.5998424601310169,0.537683244548827
2021-09-09,0.5998424601310169,0.537683244548827
2021-09-10,0.5998424601310169,0.537683244548827
2021-09-13,0.5998424601310169,0.537683244548827
2021-09-14,0.5998424601310169,0.537683244548827
2021-09-15,0.5998424601310169,0.537683244548827
2021-09-16,0.5998424601310169,0.537683244548827
2021-09-17,0.5998424601310169,0.537683244548827
2021-09-20,0.5998424601310169,0.537683244548827
2021-09-21,0.5998424601310169,0.537683244548827
2021-09-22,0.5998424601310169,0.537683244548827
2021-09-23,0.5998424601310169,0.537683244548827
2021-09-24,0.5998424601310169,0.537683244548827
2021-09-27,0.5998424601310169,0.537683244548827
2021-09-28,0.5998424601310169,0.537683244548827
2021-09-29,0.5998424601310169,0.537683244548827
2021-09-30,0.5998424601310169,0.537683244548827
2021-10-01,0.4478631799268557,0.30528660122158985
2021-10-04,0.44786317891889993,0.3052866012178972
2021-10-05,0.44786317891889993,0.3052866012178972
2021-10-06,0.44786317891889993,0.3052866012178972
2021-10-07,0.44786317891889993,0.3052866012178972
2021-10-08,0.44786317891889993,0.3052866012178972
2021-10-11,0.44786317891889993,0.3052866012178972
2021-10-12,0.44786317891889993,0.3052866012178972
2021-10-13,0.44786317891889993,0.3052866012178972
2021-10-14,0.44786317891889993,0.3052866012178972
2021-10-15,0.44786317891889993,0.3052866012178972
2021-10-18,0.44786317891889993,0.3052866012178972
2021-10-19,0.44786317891889993,0.3052866012178972
2021-10-20,0.44786317891889993,0.3052866012178972
2021-10-21,0.44786317891889993,0.3052866012178972
2021-10-22,0.44786317891889993,0.3052866012178972
2021-10-25,0.44786317891889993,0.3052866012178972
2021-10-26,0.44786317891889993,0.3052866012178972
2021-10-27,0.44786317891889993,0.3052866012178972
2021-10-28,0.44786317891889993,0.3052866012178972
2021-10-29,0.44786317891889993,0.3052866012178972
2021-11-01,0.44786317891889993,0.3052866012178972
2021-11-02,0.733160495787687,0.468970230409097
2021-11-03,0.733160497090615,0.4689702304106521
2021-11-04,0.733160497090615,0.4689702304106521
2021-11-05,0.733160497090615,0.4689702304106521
2021-11-08,0.733160497090615,0.4689702304106521
2021-11-09,0.733160497090615,0.4689702304106521
2021-11-10,0.733160497090615,0.4689702304106521
2021-11-11,0.733160497090615,0.4689702304106521
2021-11-12,0.733160497090615,0.4689702304106521
2021-11-15,0.733160497090615,0.4689702304106521
2021-11-16,0.733160497090615,0.4689702304106521
2021-11-17,0.733160497090615,0.4689702304106521
2021-11-18,0.733160497090615,0.4689702304106521
2021-11-19,0.733160497090615,0.4689702304106521
2021-11-22,0.733160497090615,0.4689702304106521
2021-11-23,0.733160497090615,0.4689702304106521
2021-11-24,0.733160497090615,0.4689702304106521
2021-11-25,0.733160497090615,0.4689702304106521
2021-11-26,0.733160497090615,0.4689702304106521
2021-11-29,0.733160497090615,0.4689702304106521
2021-11-30,0.733160497090615,0.4689702304106521
2021-12-01,0.3627748683053324,0.3204947620235669
2021-12-02,0.36277486513309953,0.3204947620214623
2021-12-03,0.36277486513309953,0.3204947620214623
2021-12-06,0.36277486513309953,0.3204947620214623
2021-12-07,0.36277486513309953,0.3204947620214623
2021-12-08,0.36277486513309953,0.3204947620214623
2021-12-09,0.36277486513309953,0.3204947620214623
2021-12-10,0.36277486513309953,0.3204947620214623
2021-12-13,0.36277486513309953,0.3204947620214623
2021-12-14,0.36277486513309953,0.3204947620214623
2021-12-15,0.36277486513309953,0.3204947620214623
2021-12-16,0.36277486513309953,0.3204947620214623
2021-12-17,0.36277486513309953,0.3204947620214623
2021-12-20,0.36277486513309953,0.3204947620214623
2021-12-21,0.36277486513309953,0.3204947620214623
2021-12-22,0.36277486513309953,0.3204947620214623
2021-12-23,0.36277486513309953,0.3204947620214623
2021-12-24,0.36277486513309953,0.3204947620214623
2021-12-27,0.36277486513309953,0.3204947620214623
2021-12-28,0.36277486513309953,0.3204947620214623
2021-12-29,0.36277486513309953,0.3204947620214623
2021-12-30,0.36277486513309953,0.3204947620214623
2021-12-31,0.36277486513309953,0.3204947620214623
2022-01-03,0.7044431975168377,0.35609467685288854
2022-01-04,0.7044431989843275,0.3560946768532777
2022-01-05,0.7044431989843275,0.3560946768532777
2022-01-06,0.7044431989843275,0.3560946768532777
2022-01-07,0.7044431989843275,0.3560946768532777
2022-01-10,0.7044431989843275,0.3560946768532777
2022-01-11,0.7044431989843275,0.3560946768532777
2022-01-12,0.7044431989843275,0.3560946768532777
2022-01-13,0.7044431989843275,0.3560946768532777
2022-01-14,0.7044431989843275,0.3560946768532777
2022-01-17,0.7044431989843275,0.3560946768532777
2022-01-18,0.7044431989843275,0.3560946768532777
2022-01-19,0.7044431989843275,0.3560946768532777
2022-01-20,0.7044431989843275,0.3560946768532777
2022-01-21,0.7044431989843275,0.3560946768532777
2022-01-24,0.7044431989843275,0.3560946768532777
2022-01-25,0.7044431989843275,0.3560946768532777
2022-01-26,0.7044431989843275,0.3560946768532777
2022-01-27,0.7044431989843275,0.3560946768532777
2022-01-28,0.7044431989843275,0.3560946768532777
2022-01-31,0.7044431989843275,0.3560946768532777
2022-02-01,0.49322735529897005,0.19176597943353393
2022-02-02,0.4932273538449182,0.19176597943083235
2022-02-03,0.4932273538449182,0.19176597943083235
2022-02-04,0.4932273538449182,0.19176597943083235
2022-02-07,0.4932273538449182,0.19176597943083235
2022-02-08,0.4932273538449182,0.19176597943083235
2022-02-09,0.4932273538449182,0.19176597943083235
2022-02-10,0.4932273538449182,0.19176597943083235
2022-02-11,0.4932273538449182,0.19176597943083235
2022-02-14,0.4932273538449182,0.19176597943083235
2022-02-15,0.4932273538449182,0.19176597943083235
2022-02-16,0.4932273538449182,0.19176597943083235
2022-02-17,0.4932273538449182,0.19176597943083235
2022-02-18,0.4932273538449182,0.19176597943083235
2022-02-21,0.4932273538449182,0.19176597943083235
2022-02-22,0.4932273538449182,0.19176597943083235
2022-02-23,0.4932273538449182,0.19176597943083235
2022-02-24,0.4932273538449182,0.19176597943083235
2022-02-25,0.4932273538449182,0.19176597943083235
2022-02-28,0.4932273538449182,0.19176597943083235
2022-03-01,0.4097405007573322,0.07514021384168772
2022-03-02,0.40974050023572367,0.07514021383930382
2022-03-03,0.40974050023572367,0.07514021383930382
2022-03-04,0.40974050023572367,0.07514021383930382
2022-03-07,0.40974050023572367,0.07514021383930382
2022-03-08,0.40974050023572367,0.07514021383930382
2022-03-09,0.40974050023572367,0.07514021383930382
2022-03-10,0.40974050023572367,0.07514021383930382
2022-03-11,0.40974050023572367,0.07514021383930382
2022-03-14,0.40974050023572367,0.07514021383930382
2022-03-15,0.40974050023572367,0.07514021383930382
2022-03-16,0.40974050023572367,0.07514021383930382
2022-03-17,0.40974050023572367,0.07514021383930382
2022-03-18,0.40974050023572367,0.07514021383930382
2022-03-21,0.40974050023572367,0.07514021383930382
2022-03-22,0.40974050023572367,0.07514021383930382
2022-03-23,0.40974050023572367,0.07514021383930382
2022-03-24,0.40974050023572367,0.07514021383930382
2022-03-25,0.40974050023572367,0.07514021383930382
2022-03-28,0.40974050023572367,0.07514021383930382
2022-03-29,0.40974050023572367,0.07514021383930382
2022-03-30,0.40974050023572367,0.07514021383930382
2022-03-31,0.40974050023572367,0.07514021383930382
2022-04-01,1.126038555879775,0.2932619506366904
2022-04-04,1.126038558649473,0.2932619506382672
2022-04-05,1.126038558649473,0.2932619506382672
2022-04-06,1.126038558649473,0.2932619506382672
2022-04-07,1.126038558649473,0.2932619506382672
2022-04-08,1.126038558649473,0.2932619506382672
2022-04-11,1.126038558649473,0.2932619506382672
2022-04-12,1.126038558649473,0.2932619506382672
2022-04-13,1.126038558649473,0.2932619506382672
2022-04-14,1.126038558649473,0.2932619506382672
2022-04-15,1.126038558649473,0.2932619506382672
2022-04-18,1.126038558649473,0.2932619506382672
2022-04-19,1.126038558649473,0.2932619506382672
2022-04-20,1.126038558649473,0.2932619506382672
2022-04-21,1.126038558649473,0.2932619506382672
2022-04-22,1.126038558649473,0.2932619506382672
2022-04-25,1.126038558649473,0.2932619506382672
2022-04-26,1.126038558649473,0.2932619506382672
2022-04-27,1.126038558649473,0.2932619506382672
2022-04-28,1.126038558649473,0.2932619506382672
2022-04-29,1.126038558649473,0.2932619506382672
2022-05-02,1.126038558649473,0.2932619506382672
2022-05-03,0.5316009574009571,0.27374346123198534
2022-05-04,0.531600952145944,0.2737434612317527
2022-05-05,0.5316009521459439,0.2737434612317527
2022-05-06,0.5316009521459439,0.2737434612317527
2022-05-09,0.5316009521459439,0.2737434612317527
2022-05-10,0.5316009521459439,0.2737434612317527
2022-05-11,0.5316009521459439,0.2737434612317527
2022-05-12,0.5316009521459439,0.2737434612317527
2022-05-13,0.5316009521459439,0.2737434612317527
2022-05-16,0.5316009521459439,0.2737434612317527
2022-05-17,0.5316009521459439,0.2737434612317527
2022-05-18,0.5316009521459439,0.2737434612317527
2022-05-19,0.5316009521459439,0.2737434612317527
2022-05-20,0.5316009521459439,0.2737434612317527
2022-05-23,0.5316009521459439,0.2737434612317527
2022-05-24,0.5316009521459439,0.2737434612317527
2022-05-25,0.5316009521459439,0.2737434612317527
2022-05-26,0.5316009521459439,0.2737434612317527
2022-05-27,0.5316009521459439,0.2737434612317527
2022-05-30,0.5316009521459439,0.2737434612317527
2022-05-31,0.5316009521459439,0.2737434612317527
2022-06-01,0.7080497100916899,0.10242330315434742
2022-06-02,0.708049710967515,0.1024233031507267
2022-06-03,0.708049710967515,0.1024233031507267
2022-06-06,0.708049710967515,0.1024233031507267
2022-06-07,0.708049710967515,0.1024233031507267
2022-06-08,0.708049710967515,0.1024233031507267
2022-06-09,0.708049710967515,0.1024233031507267
2022-06-10,0.708049710967515,0.1024233031507267
2022-06-13,0.708049710967515,0.1024233031507267
2022-06-14,0.708049710967515,0.1024233031507267
2022-06-15,0.708049710967515,0.1024233031507267
2022-06-16,0.708049710967515,0.1024233031507267
2022-06-17,0.708049710967515,0.1024233031507267
2022-06-20,0.708049710967515,0.1024233031507267
2022-06-21,0.708049710967515,0.1024233031507267
2022-06-22,0.708049710967515,0.1024233031507267
2022-06-23,0.708049710967515,0.1024233031507267
2022-06-24,0.708049710967515,0.1024233031507267
2022-06-27,0.708049710967515,0.1024233031507267
2022-06-28,0.708049710967515,0.1024233031507267
2022-06-29,0.708049710967515,0.1024233031507267
2022-06-30,0.708049710967515,0.1024233031507267
2022-07-01,0.6453766907587812,0.6128627101068548
2022-07-04,0.6453766903861621,0.612862710110283
2022-07-05,0.6453766903861621,0.612862710110283
2022-07-06,0.6453766903861621,0.612862710110283
2022-07-07,0.6453766903861621,0.612862710110283
2022-07-08,0.6453766903861621,0.612862710110283
2022-07-11,0.6453766903861621,0.612862710110283
2022-07-12,0.6453766903861621,0.612862710110283
2022-07-13,0.6453766903861621,0.612862710110283
2022-07-14,0.6453766903861621,0.612862710110283
2022-07-15,0.6453766903861621,0.612862710110283
2022-07-18,0.6453766903861621,0.612862710110283
2022-07-19,0.6453766903861621,0.612862710110283
2022-07-20,0.6453766903861621,0.612862710110283
2022-07-21,0.6453766903861621,0.612862710110283
2022-07-22,0.6453766903861621,0.612862710110283
2022-07-25,0.6453766903861621,0.612862710110283
2022-07-26,0.6453766903861621,0.612862710110283
2022-07-27,0.6453766903861621,0.612862710110283
2022-07-28,0.6453766903861621,0.612862710110283
2022-07-29,0.6453766903861621,0.612862710110283
2022-08-01,0.6453766903861621,0.612862710110283
2022-08-02,1.0403745227438852,0.6118703975252704
2022-08-03,1.0403745245584048,0.611870397525259
2022-08-04,1.0403745245584048,0.611870397525259
2022-08-05,1.0403745245584048,0.611870397525259
2022-08-08,1.0403745245584048,0.611870397525259
2022-08-09,1.0403745245584048,0.611870397525259
2022-08-10,1.0403745245584048,0.611870397525259
2022-08-11,1.0403745245584048,0.611870397525259
2022-08-12,1.0403745245584048,0.611870397525259
2022-08-15,1.0403745245584048,0.611870397525259
2022-08-16,1.0403745245584048,0.611870397525259
2022-08-17,1.0403745245584048,0.611870397525259
2022-08-18,1.0403745245584048,0.611870397525259
2022-08-19,1.0403745245584048,0.611870397525259
2022-08-22,1.0403745245584048,0.611870397525259
2022-08-23,1.0403745245584048,0.611870397525259
2022-08-24,1.0403745245584048,0.611870397525259
2022-08-25,1.0403745245584048,0.611870397525259
2022-08-26,1.0403745245584048,0.611870397525259
2022-08-29,1.0403745245584048,0.611870397525259
2022-08-30,1.0403745245584048,0.611870397525259
2022-08-31,1.0403745245584048,0.611870397525259
2022-09-01,0.9306782895900814,0.34645774801432067
2022-09-02,0.930678288931433,0.34645774801009604
2022-09-05,0.930678288931433,0.34645774801009604
2022-09-06,0.930678288931433,0.34645774801009604
2022-09-07,0.930678288931433,0.34645774801009604
2022-09-08,0.930678288931433,0.34645774801009604
2022-09-09,0.930678288931433,0.34645774801009604
2022-09-12,0.930678288931433,0.34645774801009604
2022-09-13,0.930678288931433,0.34645774801009604
2022-09-14,0.930678288931433,0.34645774801009604
2022-09-15,0.930678288931433,0.34645774801009604
2022-09-16,0.930678288931433,0.34645774801009604
2022-09-19,0.930678288931433,0.34645774801009604
2022-09-20,0.930678288931433,0.34645774801009604
2022-09-21,0.930678288931433,0.34645774801009604
2022-09-22,0.930678288931433,0.34645774801009604
2022-09-23,0.930678288931433,0.34645774801009604
2022-09-26,0.930678288931433,0.34645774801009604
2022-09-27,0.930678288931433,0.34645774801009604
2022-09-28,0.930678288931433,0.34645774801009604
2022-09-29,0.930678288931433,0.34645774801009604
2022-09-30,0.930678288931433,0.34645774801009604
2022-10-03,1.0452062604475243,0.29676208617094835
2022-10-04,1.0452062610613349,0.2967620861703285
2022-10-05,1.0452062610613349,0.2967620861703285
2022-10-06,1.0452062610613349,0.2967620861703285
2022-10-07,1.0452062610613349,0.2967620861703285
2022-10-10,1.0452062610613349,0.2967620861703285
2022-10-11,1.0452062610613349,0.2967620861703285
2022-10-12,1.0452062610613349,0.2967620861703285
2022-10-13,1.0452062610613349,0.2967620861703285
2022-10-14,1.0452062610613349,0.2967620861703285
2022-10-17,1.0452062610613349,0.2967620861703285
2022-10-18,1.0452062610613349,0.2967620861703285
2022-10-19,1.0452062610613349,0.2967620861703285
2022-10-20,1.0452062610613349,0.2967620861703285
2022-10-21,1.0452062610613349,0.2967620861703285
2022-10-24,1.0452062610613349,0.2967620861703285
2022-10-25,1.0452062610613349,0.2967620861703285
2022-10-26,1.0452062610613349,0.2967620861703285
2022-10-27,1.0452062610613349,0.2967620861703285
2022-10-28,1.0452062610613349,0.2967620861703285
2022-10-31,1.0452062610613349,0.2967620861703285
2022-11-01,1.230897937871188,0.06820714429885195
2022-11-02,1.230897938844665,0.06820714429181438
2022-11-03,1.230897938844665,0.06820714429181438
2022-11-04,1.230897938844665,0.06820714429181438
2022-11-07,1.230897938844665,0.06820714429181438
2022-11-08,1.230897938844665,0.06820714429181438
2022-11-09,1.230897938844665,0.06820714429181438
2022-11-10,1.230897938844665,0.06820714429181438
2022-11-11,1.230897938844665,0.06820714429181438
2022-11-14,1.230897938844665,0.06820714429181438
2022-11-15,1.230897938844665,0.06820714429181438
2022-11-16,1.230897938844665,0.06820714429181438
2022-11-17,1.230897938844665,0.06820714429181438
2022-11-18,1.230897938844665,0.06820714429181438
2022-11-21,1.230897938844665,0.06820714429181438
2022-11-22,1.230897938844665,0.06820714429181438
2022-11-23,1.230897938844665,0.06820714429181438
2022-11-24,1.230897938844665,0.06820714429181438
2022-11-25,1.230897938844665,0.06820714429181438
2022-11-28,1.230897938844665,0.06820714429181438
2022-11-29,1.230897938844665,0.06820714429181438
2022-11-30,1.230897938844665,0.06820714429181438
2022-12-01,1.4789647747056505,0.4093945880314536
2022-12-02,1.4789647759942601,0.4093945880337441
2022-12-05,1.4789647759942601,0.4093945880337441
2022-12-06,1.4789647759942601,0.4093945880337441
2022-12-07,1.4789647759942601,0.4093945880337441
2022-12-08,1.4789647759942601,0.4093945880337441
2022-12-09,1.4789647759942601,0.4093945880337441
2022-12-12,1.4789647759942601,0.4093945880337441
2022-12-13,1.4789647759942601,0.4093945880337441
2022-12-14,1.4789647759942601,0.4093945880337441
2022-12-15,1.4789647759942601,0.4093945880337441
2022-12-16,1.4789647759942601,0.4093945880337441
2022-12-19,1.4789647759942601,0.4093945880337441
2022-12-20,1.4789647759942601,0.4093945880337441
2022-12-21,1.4789647759942601,0.4093945880337441
2022-12-22,1.4789647759942601,0.4093945880337441
2022-12-23,1.4789647759942601,0.4093945880337441
2022-12-26,1.4789647759942601,0.4093945880337441
2022-12-27,1.4789647759942601,0.4093945880337441
2022-12-28,1.4789647759942601,0.4093945880337441
2022-12-29,1.4789647759942601,0.4093945880337441
2022-12-30,1.4789647759942601,0.4093945880337441
2023-01-02,1.4789647759942601,0.4093945880337441
2023-01-03,1.5173929724736506,0.5109094518947798
2023-01-04,1.5173929726887845,0.510909451895832
2023-01-05,1.5173929726887845,0.510909451895832
2023-01-06,1.5173929726887845,0.510909451895832
2023-01-09,1.5173929726887845,0.510909451895832
2023-01-10,1.5173929726887845,0.510909451895832
2023-01-11,1.5173929726887845,0.510909451895832
2023-01-12,1.5173929726887845,0.510909451895832
2023-01-13,1.5173929726887845,0.510909451895832
2023-01-16,1.5173929726887845,0.510909451895832
2023-01-17,1.5173929726887845,0.510909451895832
2023-01-18,1.5173929726887845,0.510909451895832
2023-01-19,1.5173929726887845,0.510909451895832
2023-01-20,1.5173929726887845,0.510909451895832
2023-01-23,1.5173929726887845,0.510909451895832
2023-01-24,1.5173929726887845,0.510909451895832
2023-01-25,1.5173929726887845,0.510909451895832
2023-01-26,1.5173929726887845,0.510909451895832
2023-01-27,1.5173929726887845,0.510909451895832
2023-01-30,1.5173929726887845,0.510909451895832
2023-01-31,1.5173929726887845,0.510909451895832
2023-02-01,1.4904351113453471,0.41242211822036223
2023-02-02,1.49043511119111,0.4124221182190934
2023-02-03,1.49043511119111,0.4124221182190934
2023-02-06,1.49043511119111,0.4124221182190934
2023-02-07,1.49043511119111,0.4124221182190934
2023-02-08,1.49043511119111,0.4124221182190934
2023-02-09,1.49043511119111,0.4124221182190934
2023-02-10,1.49043511119111,0.4124221182190934
2023-02-13,1.49043511119111,0.4124221182190934
2023-02-14,1.49043511119111,0.4124221182190934
2023-02-15,1.49043511119111,0.4124221182190934
2023-02-16,1.49043511119111,0.4124221182190934
2023-02-17,1.49043511119111,0.4124221182190934
2023-02-20,1.49043511119111,0.4124221182190934
2023-02-21,1.49043511119111,0.4124221182190934
2023-02-22,1.49043511119111,0.4124221182190934
2023-02-23,1.49043511119111,0.4124221182190934
2023-02-24,1.49043511119111,0.4124221182190934
2023-02-27,1.49043511119111,0.4124221182190934
2023-02-28,1.49043511119111,0.4124221182190934
2023-03-01,1.5939342006593162,0.225805582990024
2023-03-02,1.5939342012271167,0.22580558298698875
2023-03-03,1.5939342012271167,0.22580558298698875
2023-03-06,1.5939342012271167,0.22580558298698875
2023-03-07,1.5939342012271167,0.22580558298698875
2023-03-08,1.5939342012271167,0.22580558298698875
2023-03-09,1.5939342012271167,0.22580558298698875
2023-03-10,1.5939342012271167,0.22580558298698875
2023-03-13,1.5939342012271167,0.22580558298698875
2023-03-14,1.5939342012271167,0.22580558298698875
2023-03-15,1.5939342012271167,0.22580558298698875
2023-03-16,1.5939342012271167,0.22580558298698875
2023-03-17,1.5939342012271167,0.22580558298698875
2023-03-20,1.5939342012271167,0.22580558298698875
2023-03-21,1.5939342012271167,0.22580558298698875
2023-03-22,1.5939342012271167,0.22580558298698875
2023-03-23,1.5939342012271167,0.22580558298698875
2023-03-24,1.5939342012271167,0.22580558298698875
2023-03-27,1.5939342012271167,0.22580558298698875
2023-03-28,1.5939342012271167,0.22580558298698875
2023-03-29,1.5939342012271167,0.22580558298698875
2023-03-30,1.5939342012271167,0.22580558298698875
2023-03-31,1.5939342012271167,0.22580558298698875
2023-04-03,1.7308720353879568,0.8085730123231423
2023-04-04,1.7308720361336978,0.8085730123274323
2023-04-05,1.7308720361336978,0.8085730123274323
2023-04-06,1.7308720361336978,0.8085730123274323
2023-04-07,1.7308720361336978,0.8085730123274323
2023-04-10,1.7308720361336978,0.8085730123274323
2023-04-11,1.7308720361336978,0.8085730123274323
2023-04-12,1.7308720361336978,0.8085730123274323
2023-04-13,1.7308720361336978,0.8085730123274323
2023-04-14,1.7308720361336978,0.8085730123274323
2023-04-17,1.7308720361336978,0.8085730123274323
2023-04-18,1.7308720361336978,0.8085730123274323
2023-04-19,1.7308720361336978,0.8085730123274323
2023-04-20,1.7308720361336978,0.8085730123274323
2023-04-21,1.7308720361336978,0.8085730123274323
2023-04-24,1.7308720361336978,0.8085730123274323
2023-04-25,1.7308720361336978,0.8085730123274323
2023-04-26,1.7308720361336978,0.8085730123274323
2023-04-27,1.7308720361336978,0.8085730123274323
2023-04-28,1.7308720361336978,0.8085730123274323
2023-05-01,1.7308720361336978,0.8085730123274323
2023-05-02,1.5727498951599572,0.6420983413150754
2023-05-03,1.5727498942183136,0.642098341312911
2023-05-04,1.5727498942183136,0.642098341312911
2023-05-05,1.5727498942183136,0.642098341312911
2023-05-08,1.5727498942183136,0.642098341312911
2023-05-09,1.5727498942183136,0.642098341312911
2023-05-10,1.5727498942183136,0.642098341312911
2023-05-11,1.5727498942183136,0.642098341312911
2023-05-12,1.5727498942183136,0.642098341312911
2023-05-15,1.5727498942183136,0.642098341312911
2023-05-16,1.5727498942183136,0.642098341312911
2023-05-17,1.5727498942183136,0.642098341312911
2023-05-18,1.5727498942183136,0.642098341312911
2023-05-19,1.5727498942183136,0.642098341312911
2023-05-22,1.5727498942183136,0.642098341312911
2023-05-23,1.5727498942183136,0.642098341312911
2023-05-24,1.5727498942183136,0.642098341312911
2023-05-25,1.5727498942183136,0.642098341312911
2023-05-26,1.5727498942183136,0.642098341312911
2023-05-29,1.5727498942183136,0.642098341312911
2023-05-30,1.5727498942183136,0.642098341312911
2023-05-31,1.5727498942183136,0.642098341312911
2023-06-01,1.5773264682045673,0.6044971096740169
2023-06-02,1.5773264682304795,0.6044971096735707
2023-06-05,1.5773264682304795,0.6044971096735707
2023-06-06,1.5773264682304795,0.6044971096735707
2023-06-07,1.5773264682304795,0.6044971096735707
2023-06-08,1.5773264682304795,0.6044971096735707
2023-06-09,1.5773264682304795,0.6044971096735707
2023-06-12,1.5773264682304795,0.6044971096735707
2023-06-13,1.5773264682304795,0.6044971096735707
2023-06-14,1.5773264682304795,0.6044971096735707
2023-06-15,1.5773264682304795,0.6044971096735707
2023-06-16,1.5773264682304795,0.6044971096735707
2023-06-19,1.5773264682304795,0.6044971096735707
2023-06-20,1.5773264682304795,0.6044971096735707
2023-06-21,1.5773264682304795,0.6044971096735707
2023-06-22,1.5773264682304795,0.6044971096735707
2023-06-23,1.5773264682304795,0.6044971096735707
2023-06-26,1.5773264682304795,0.6044971096735707
2023-06-27,1.5773264682304795,0.6044971096735707
2023-06-28,1.5773264682304795,0.6044971096735707
2023-06-29,1.5773264682304795,0.6044971096735707
2023-06-30,1.5773264682304795,0.6044971096735707
2023-07-03,1.8382393842372824,0.4056340745531926
2023-07-04,1.8382393856117019,0.40563407455034295
2023-07-05,1.8382393856117019,0.40563407455034295
2023-07-06,1.8382393856117019,0.40563407455034295
2023-07-07,1.8382393856117019,0.40563407455034295
2023-07-10,1.8382393856117019,0.40563407455034295
2023-07-11,1.8382393856117019,0.40563407455034295
2023-07-12,1.8382393856117019,0.40563407455034295
2023-07-13,1.8382393856117019,0.40563407455034295
2023-07-14,1.8382393856117019,0.40563407455034295
2023-07-17,1.8382393856117019,0.40563407455034295
2023-07-18,1.8382393856117019,0.40563407455034295
2023-07-19,1.8382393856117019,0.40563407455034295
2023-07-20,1.8382393856117019,0.40563407455034295
2023-07-21,1.8382393856117019,0.40563407455034295
2023-07-24,1.8382393856117019,0.40563407455034295
2023-07-25,1.8382393856117019,0.40563407455034295
2023-07-26,1.8382393856117019,0.40563407455034295
2023-07-27,1.8382393856117019,0.40563407455034295
2023-07-28,1.8382393856117019,0.40563407455034295
2023-07-31,1.8382393856117019,0.40563407455034295
2023-08-01,2.0921968065916086,0.5410428748464259
2023-08-02,2.0921968079441866,0.5410428748477893
2023-08-03,2.0921968079441866,0.5410428748477893
2023-08-04,2.0921968079441866,0.5410428748477893
2023-08-07,2.0921968079441866,0.5410428748477893
2023-08-08,2.0921968079441866,0.5410428748477893
2023-08-09,2.0921968079441866,0.5410428748477893
2023-08-10,2.0921968079441866,0.5410428748477893
2023-08-11,2.0921968079441866,0.5410428748477893
2023-08-14,2.0921968079441866,0.5410428748477893
2023-08-15,2.0921968079441866,0.5410428748477893
2023-08-16,2.0921968079441866,0.5410428748477893
2023-08-17,2.0921968079441866,0.5410428748477893
2023-08-18,2.0921968079441866,0.5410428748477893
2023-08-21,2.0921968079441866,0.5410428748477893
2023-08-22,2.0921968079441866,0.5410428748477893
2023-08-23,2.0921968079441866,0.5410428748477893
2023-08-24,2.0921968079441866,0.5410428748477893
2023-08-25,2.0921968079441866,0.5410428748477893
2023-08-28,2.0921968079441866,0.5410428748477893
2023-08-29,2.0921968079441866,0.5410428748477893
2023-08-30,2.0921968079441866,0.5410428748477893
2023-08-31,2.0921968079441866,0.5410428748477893
2023-09-01,1.9649542614270246,0.4267291297352693
2023-09-04,1.9649542606821824,0.42672912973377747
2023-09-05,1.9649542606821824,0.42672912973377747
2023-09-06,1.9649542606821824,0.42672912973377747
2023-09-07,1.9649542606821824,0.42672912973377747
2023-09-08,1.9649542606821824,0.42672912973377747
2023-09-11,1.9649542606821824,0.42672912973377747
2023-09-12,1.9649542606821824,0.42672912973377747
2023-09-13,1.9649542606821824,0.42672912973377747
2023-09-14,1.9649542606821824,0.42672912973377747
2023-09-15,1.9649542606821824,0.42672912973377747
2023-09-18,1.9649542606821824,0.42672912973377747
2023-09-19,1.9649542606821824,0.42672912973377747
2023-09-20,1.9649542606821824,0.42672912973377747
2023-09-21,1.9649542606821824,0.42672912973377747
2023-09-22,1.9649542606821824,0.42672912973377747
2023-09-25,1.9649542606821824,0.42672912973377747
2023-09-26,1.9649542606821824,0.42672912973377747
2023-09-27,1.9649542606821824,0.42672912973377747
2023-09-28,1.9649542606821824,0.42672912973377747
2023-09-29,1.9649542606821824,0.42672912973377747
2023-10-02,1.9649542606821824,0.42672912973377747
2023-10-03,1.9286620380746844,0.3569185227637689
2023-10-04,1.9286620378669665,0.35691852276288694
2023-10-05,1.9286620378669665,0.35691852276288694
2023-10-06,1.9286620378669665,0.35691852276288694
2023-10-09,1.9286620378669665,0.35691852276288694
2023-10-10,1.9286620378669665,0.35691852276288694
2023-10-11,1.9286620378669665,0.35691852276288694
2023-10-12,1.9286620378669665,0.35691852276288694
2023-10-13,1.9286620378669665,0.35691852276288694
2023-10-16,1.9286620378669665,0.35691852276288694
2023-10-17,1.9286620378669665,0.35691852276288694
2023-10-18,1.9286620378669665,0.35691852276288694
2023-10-19,1.9286620378669665,0.35691852276288694
2023-10-20,1.9286620378669665,0.35691852276288694
2023-10-23,1.9286620378669665,0.35691852276288694
2023-10-24,1.9286620378669665,0.35691852276288694
2023-10-25,1.9286620378669665,0.35691852276288694
2023-10-26,1.9286620378669665,0.35691852276288694
2023-10-27,1.9286620378669665,0.35691852276288694
2023-10-30,1.9286620378669665,0.35691852276288694
2023-10-31,1.9286620378669665,0.35691852276288694
2023-11-01,1.798211867634599,0.34894456029044973
2023-11-02,1.7982118668681,0.3489445602903569
2023-11-03,1.7982118668681,0.3489445602903569
2023-11-06,1.7982118668681,0.3489445602903569
2023-11-07,1.7982118668681,0.3489445602903569
2023-11-08,1.7982118668681,0.3489445602903569
2023-11-09,1.7982118668681,0.3489445602903569
2023-11-10,1.7982118668681,0.3489445602903569
2023-11-13,1.7982118668681,0.3489445602903569
2023-11-14,1.7982118668681,0.3489445602903569
2023-11-15,1.7982118668681,0.3489445602903569
2023-11-16,1.7982118668681,0.3489445602903569
2023-11-17,1.7982118668681,0.3489445602903569
2023-11-20,1.7982118668681,0.3489445602903569
2023-11-21,1.7982118668681,0.3489445602903569
2023-11-22,1.7982118668681,0.3489445602903569
2023-11-23,1.7982118668681,0.3489445602903569
2023-11-24,1.7982118668681,0.3489445602903569
2023-11-27,1.7982118668681,0.3489445602903569
2023-11-28,1.7982118668681,0.3489445602903569
2023-11-29,1.7982118668681,0.3489445602903569
2023-11-30,1.7982118668681,0.3489445602903569
2023-12-01,1.8571990751593506,0.34042057175835716
2023-12-04,1.8571990754885044,0.34042057175825785
2023-12-05,1.8571990754885044,0.34042057175825785
2023-12-06,1.8571990754885044,0.34042057175825785
2023-12-07,1.8571990754885044,0.34042057175825785
2023-12-08,1.8571990754885044,0.34042057175825785
2023-12-11,1.8571990754885044,0.34042057175825785
2023-12-12,1.8571990754885044,0.34042057175825785
2023-12-13,1.8571990754885044,0.34042057175825785
2023-12-14,1.8571990754885044,0.34042057175825785
2023-12-15,1.8571990754885044,0.34042057175825785
2023-12-18,1.8571990754885044,0.34042057175825785
2023-12-19,1.8571990754885044,0.34042057175825785
2023-12-20,1.8571990754885044,0.34042057175825785
2023-12-21,1.8571990754885044,0.34042057175825785
2023-12-22,1.8571990754885044,0.34042057175825785
2023-12-25,1.8571990754885044,0.34042057175825785
2023-12-26,1.8571990754885044,0.34042057175825785
2023-12-27,1.8571990754885044,0.34042057175825785
2023-12-28,1.8571990754885044,0.34042057175825785
2023-12-29,1.8571990754885044,0.34042057175825785
2024-01-01,1.8571990754885044,0.34042057175825785
2024-01-02,1.9485022368291414,0.4187496847170749
2024-01-03,1.9485022373347132,0.4187496847178921
2024-01-04,1.9485022373347132,0.4187496847178921
2024-01-05,1.9485022373347132,0.4187496847178921
2024-01-08,1.9485022373347132,0.4187496847178921
2024-01-09,1.9485022373347132,0.4187496847178921
2024-01-10,1.9485022373347132,0.4187496847178921
2024-01-11,1.9485022373347132,0.4187496847178921
2024-01-12,1.9485022373347132,0.4187496847178921
2024-01-15,1.9485022373347132,0.4187496847178921
2024-01-16,1.9485022373347132,0.4187496847178921
2024-01-17,1.9485022373347132,0.4187496847178921
2024-01-18,1.9485022373347132,0.4187496847178921
2024-01-19,1.9485022373347132,0.4187496847178921
2024-01-22,1.9485022373347132,0.4187496847178921
2024-01-23,1.9485022373347132,0.4187496847178921
2024-01-24,1.9485022373347132,0.4187496847178921
2024-01-25,1.9485022373347132,0.4187496847178921
2024-01-26,1.9485022373347132,0.4187496847178921
2024-01-29,1.9485022373347132,0.4187496847178921
2024-01-30,1.9485022373347132,0.4187496847178921
2024-01-31,1.9485022373347132,0.4187496847178921
2024-02-01,1.8431766809233452,0.4021357955572528
2024-02-02,1.8431766803090721,0.4021357955570577
2024-02-05,1.8431766803090721,0.4021357955570577
2024-02-06,1.8431766803090721,0.4021357955570577
2024-02-07,1.8431766803090721,0.4021357955570577
2024-02-08,1.8431766803090721,0.4021357955570577
2024-02-09,1.8431766803090721,0.4021357955570577
2024-02-12,1.8431766803090721,0.4021357955570577
2024-02-13,1.8431766803090721,0.4021357955570577
2024-02-14,1.8431766803090721,0.4021357955570577
2024-02-15,1.8431766803090721,0.4021357955570577
2024-02-16,1.8431766803090721,0.4021357955570577
2024-02-19,1.8431766803090721,0.4021357955570577
2024-02-20,1.8431766803090721,0.4021357955570577
2024-02-21,1.8431766803090721,0.4021357955570577
2024-02-22,1.8431766803090721,0.4021357955570577
2024-02-23,1.8431766803090721,0.4021357955570577
2024-02-26,1.8431766803090721,0.4021357955570577
2024-02-27,1.8431766803090721,0.4021357955570577
2024-02-28,1.8431766803090721,0.4021357955570577
2024-02-29,1.8431766803090721,0.4021357955570577
2024-03-01,1.975469231488228,0.2482326652905825
2024-03-04,1.9754692322132277,0.24823266528826216
2024-03-05,1.9754692322132277,0.24823266528826216
2024-03-06,1.9754692322132277,0.24823266528826216
2024-03-07,1.9754692322132277,0.24823266528826216
2024-03-08,1.9754692322132277,0.24823266528826216
2024-03-11,1.9754692322132277,0.24823266528826216
2024-03-12,1.9754692322132277,0.24823266528826216
2024-03-13,1.9754692322132277,0.24823266528826216
2024-03-14,1.9754692322132277,0.24823266528826216
2024-03-15,1.9754692322132277,0.24823266528826216
2024-03-18,1.9754692322132277,0.24823266528826216
2024-03-19,1.9754692322132277,0.24823266528826216
2024-03-20,1.9754692322132277,0.24823266528826216
2024-03-21,1.9754692322132277,0.24823266528826216
2024-03-22,1.9754692322132277,0.24823266528826216
2024-03-25,1.9754692322132277,0.24823266528826216
2024-03-26,1.9754692322132277,0.24823266528826216
2024-03-27,1.9754692322132277,0.24823266528826216
2024-03-28,1.9754692322132277,0.24823266528826216
2024-03-29,1.9754692322132277,0.24823266528826216
2024-04-01,1.9754692322132277,0.24823266528826216
2024-04-02,2.0324828733326368,0.24615266094869712
2024-04-03,2.032482873651378,0.24615266094867308
2024-04-04,2.032482873651378,0.24615266094867308
2024-04-05,2.032482873651378,0.24615266094867308
2024-04-08,2.032482873651378,0.24615266094867308
2024-04-09,2.032482873651378,0.24615266094867308
2024-04-10,2.032482873651378,0.24615266094867308
2024-04-11,2.032482873651378,0.24615266094867308
2024-04-12,2.032482873651378,0.24615266094867308
2024-04-15,2.032482873651378,0.24615266094867308
2024-04-16,2.032482873651378,0.24615266094867308
2024-04-17,2.032482873651378,0.24615266094867308
2024-04-18,2.032482873651378,0.24615266094867308
2024-04-19,2.032482873651378,0.24615266094867308
2024-04-22,2.032482873651378,0.24615266094867308
2024-04-23,2.032482873651378,0.24615266094867308
2024-04-24,2.032482873651378,0.24615266094867308
2024-04-25,2.032482873651378,0.24615266094867308
2024-04-26,2.032482873651378,0.24615266094867308
2024-04-29,2.032482873651378,0.24615266094867308
2024-04-30,2.032482873651378,0.24615266094867308
2024-05-01,2.0819311822124544,0.12502624935805692
2024-05-02,2.0819311824895035,0.12502624935598758
2024-05-03,2.0819311824895035,0.12502624935598758
2024-05-06,2.0819311824895035,0.12502624935598758
2024-05-07,2.0819311824895035,0.12502624935598758
2024-05-08,2.0819311824895035,0.12502624935598758
2024-05-09,2.0819311824895035,0.12502624935598758
2024-05-10,2.0819311824895035,0.12502624935598758
2024-05-13,2.0819311824895035,0.12502624935598758
2024-05-14,2.0819311824895035,0.12502624935598758
2024-05-15,2.0819311824895035,0.12502624935598758
2024-05-16,2.0819311824895035,0.12502624935598758
2024-05-17,2.0819311824895035,0.12502624935598758
2024-05-20,2.0819311824895035,0.12502624935598758
2024-05-21,2.0819311824895035,0.12502624935598758
2024-05-22,2.0819311824895035,0.12502624935598758
2024-05-23,2.0819311824895035,0.12502624935598758
2024-05-24,2.0819311824895035,0.12502624935598758
2024-05-27,2.0819311824895035,0.12502624935598758
2024-05-28,2.0819311824895035,0.12502624935598758
2024-05-29,2.0819311824895035,0.12502624935598758
2024-05-30,2.0819311824895035,0.12502624935598758
2024-05-31,2.0819311824895035,0.12502624935598758
2024-06-03,2.1679658017305123,0.29256219657767735
2024-06-04,2.1679658022086605,0.2925621965790534
2024-06-05,2.1679658022086605,0.2925621965790534
2024-06-06,2.1679658022086605,0.2925621965790534
2024-06-07,2.1679658022086605,0.2925621965790534
2024-06-10,2.1679658022086605,0.2925621965790534
2024-06-11,2.1679658022086605,0.2925621965790534
2024-06-12,2.1679658022086605,0.2925621965790534
2024-06-13,2.1679658022086605,0.2925621965790534
2024-06-14,2.1679658022086605,0.2925621965790534
2024-06-17,2.1679658022086605,0.2925621965790534
2024-06-18,2.1679658022086605,0.2925621965790534
2024-06-19,2.1679658022086605,0.2925621965790534
2024-06-20,2.1679658022086605,0.2925621965790534
2024-06-21,2.1679658022086605,0.2925621965790534
2024-06-24,2.1679658022086605,0.2925621965790534
2024-06-25,2.1679658022086605,0.2925621965790534
2024-06-26,2.1679658022086605,0.2925621965790534
2024-06-27,2.1679658022086605,0.2925621965790534
2024-06-28,2.1679658022086605,0.2925621965790534
2024-07-01,2.1679658022086605,0.2925621965790534
2024-07-02,2.0902476356974704,0.2782989444522539
2024-07-03,2.090247635248606,0.27829894445208553
2024-07-04,2.090247635248606,0.27829894445208553
2024-07-05,2.090247635248606,0.27829894445208553
2024-07-08,2.090247635248606,0.27829894445208553
2024-07-09,2.090247635248606,0.27829894445208553
2024-07-10,2.090247635248606,0.27829894445208553
2024-07-11,2.090247635248606,0.27829894445208553
2024-07-12,2.090247635248606,0.27829894445208553
2024-07-15,2.090247635248606,0.27829894445208553
2024-07-16,2.090247635248606,0.27829894445208553
2024-07-17,2.090247635248606,0.27829894445208553
2024-07-18,2.090247635248606,0.27829894445208553
2024-07-19,2.090247635248606,0.27829894445208553
2024-07-22,2.090247635248606,0.27829894445208553
2024-07-23,2.090247635248606,0.27829894445208553
2024-07-24,2.090247635248606,0.27829894445208553
2024-07-25,2.090247635248606,0.27829894445208553
2024-07-26,2.090247635248606,0.27829894445208553
2024-07-29,2.090247635248606,0.27829894445208553
2024-07-30,2.090247635248606,0.27829894445208553
2024-07-31,2.090247635248606,0.27829894445208553
2024-08-01,1.8404381805404657,0.23577628471997417
2024-08-02,1.8404381790278828,0.23577628471944065
2024-08-05,1.8404381790278828,0.23577628471944065
2024-08-06,1.8404381790278828,0.23577628471944065
2024-08-07,1.8404381790278828,0.23577628471944065
2024-08-08,1.8404381790278828,0.23577628471944065
2024-08-09,1.8404381790278828,0.23577628471944065
2024-08-12,1.8404381790278828,0.23577628471944065
2024-08-13,1.8404381790278828,0.23577628471944065
2024-08-14,1.8404381790278828,0.23577628471944065
2024-08-15,1.8404381790278828,0.23577628471944065
2024-08-16,1.8404381790278828,0.23577628471944065
2024-08-19,1.8404381790278828,0.23577628471944065
2024-08-20,1.8404381790278828,0.23577628471944065
2024-08-21,1.8404381790278828,0.23577628471944065
2024-08-22,1.8404381790278828,0.23577628471944065
2024-08-23,1.8404381790278828,0.23577628471944065
2024-08-26,1.8404381790278828,0.23577628471944065
2024-08-27,1.8404381790278828,0.23577628471944065
2024-08-28,1.8404381790278828,0.23577628471944065
2024-08-29,1.8404381790278828,0.23577628471944065
2024-08-30,1.8404381790278828,0.23577628471944065
2024-09-02,1.8404381790278828,0.23577628471944065
2024-09-03,1.9108010345488615,0.3853829782271302
2024-09-04,1.9108010349404825,0.38538297822851775
2024-09-05,1.9108010349404825,0.38538297822851775
2024-09-06,1.9108010349404825,0.38538297822851775
2024-09-09,1.9108010349404825,0.38538297822851775
2024-09-10,1.9108010349404825,0.38538297822851775
2024-09-11,1.9108010349404825,0.38538297822851775
2024-09-12,1.9108010349404825,0.38538297822851775
2024-09-13,1.9108010349404825,0.38538297822851775
2024-09-16,1.9108010349404825,0.38538297822851775
2024-09-17,1.9108010349404825,0.38538297822851775
2024-09-18,1.9108010349404825,0.38538297822851775
2024-09-19,1.9108010349404825,0.38538297822851775
2024-09-20,1.9108010349404825,0.38538297822851775
2024-09-23,1.9108010349404825,0.38538297822851775
2024-09-24,1.9108010349404825,0.38538297822851775
2024-09-25,1.9108010349404825,0.38538297822851775
2024-09-26,1.9108010349404825,0.38538297822851775
2024-09-27,1.9108010349404825,0.38538297822851775
2024-09-30,1.9108010349404825,0.38538297822851775
2024-10-01,1.6899879886897782,0.21227479011242273
2024-10-02,1.6899879873559436,0.21227479010961808
2024-10-03,1.6899879873559436,0.21227479010961808
2024-10-04,1.6899879873559436,0.21227479010961808
2024-10-07,1.6899879873559436,0.21227479010961808
2024-10-08,1.6899879873559436,0.21227479010961808
2024-10-09,1.6899879873559436,0.21227479010961808
2024-10-10,1.6899879873559436,0.21227479010961808
2024-10-11,1.6899879873559436,0.21227479010961808
2024-10-14,1.6899879873559436,0.21227479010961808
2024-10-15,1.6899879873559436,0.21227479010961808
2024-10-16,1.6899879873559436,0.21227479010961808
2024-10-17,1.6899879873559436,0.21227479010961808
2024-10-18,1.6899879873559436,0.21227479010961808
2024-10-21,1.6899879873559436,0.21227479010961808
2024-10-22,1.6899879873559436,0.21227479010961808
2024-10-23,1.6899879873559436,0.21227479010961808
2024-10-24,1.6899879873559436,0.21227479010961808
2024-10-25,1.6899879873559436,0.21227479010961808
2024-10-28,1.6899879873559436,0.21227479010961808
2024-10-29,1.6899879873559436,0.21227479010961808
2024-10-30,1.6899879873559436,0.21227479010961808
2024-10-31,1.6899879873559436,0.21227479010961808
2024-11-01,1.8026992961755617,0.04696633836411857
2024-11-04,1.8026992967946707,0.04696633835886786
2024-11-05,1.8026992967946707,0.04696633835886786
2024-11-06,1.8026992967946707,0.04696633835886786
2024-11-07,1.8026992967946707,0.04696633835886786
2024-11-08,1.8026992967946707,0.04696633835886786
2024-11-11,1.8026992967946707,0.04696633835886786
2024-11-12,1.8026992967946707,0.04696633835886786
2024-11-13,1.8026992967946707,0.04696633835886786
2024-11-14,1.8026992967946707,0.04696633835886786
2024-11-15,1.8026992967946707,0.04696633835886786
2024-11-18,1.8026992967946707,0.04696633835886786
2024-11-19,1.8026992967946707,0.04696633835886786
2024-11-20,1.8026992967946707,0.04696633835886786
2024-11-21,1.8026992967946707,0.04696633835886786
2024-11-22,1.8026992967946707,0.04696633835886786
2024-11-25,1.8026992967946707,0.04696633835886786
2024-11-26,1.8026992967946707,0.04696633835886786
2024-11-27,1.8026992967946707,0.04696633835886786
2024-11-28,1.8026992967946707,0.04696633835886786
2024-11-29,1.8026992967946707,0.04696633835886786
2024-12-02,1.8026992967946707,0.04696633835886786
2024-12-03,2.0024565671284176,0.17494429789715255
2024-12-04,2.002456568204573,0.17494429789808671
2024-12-05,2.002456568204573,0.17494429789808671
2024-12-06,2.002456568204573,0.17494429789808671
2024-12-09,2.002456568204573,0.17494429789808671
2024-12-10,2.002456568204573,0.17494429789808671
2024-12-11,2.002456568204573,0.17494429789808671
2024-12-12,2.002456568204573,0.17494429789808671
2024-12-13,2.002456568204573,0.17494429789808671
2024-12-16,2.002456568204573,0.17494429789808671
2024-12-17,2.002456568204573,0.17494429789808671
2024-12-18,2.002456568204573,0.17494429789808671
2024-12-19,2.002456568204573,0.17494429789808671
2024-12-20,2.002456568204573,0.17494429789808671
2024-12-23,2.002456568204573,0.17494429789808671
2024-12-24,2.002456568204573,0.17494429789808671
2024-12-25,2.002456568204573,0.17494429789808671
2024-12-26,2.002456568204573,0.17494429789808671
2024-12-27,2.002456568204573,0.17494429789808671
2024-12-30,2.002456568204573,0.17494429789808671
2024-12-31,2.002456568204573,0.17494429789808671
2025-01-01,1.8371399909665327,0.04019964542545322
2025-01-02,1.8371399899869911,0.04019964542130345
2025-01-03,1.8371399899869911,0.04019964542130345
2025-01-06,1.8371399899869911,0.04019964542130345
2025-01-07,1.8371399899869911,0.04019964542130345
2025-01-08,1.8371399899869911,0.04019964542130345
2025-01-09,1.8371399899869911,0.04019964542130345
2025-01-10,1.8371399899869911,0.04019964542130345
2025-01-13,1.8371399899869911,0.04019964542130345
2025-01-14,1.8371399899869911,0.04019964542130345
2025-01-15,1.8371399899869911,0.04019964542130345
2025-01-16,1.8371399899869911,0.04019964542130345
2025-01-17,1.8371399899869911,0.04019964542130345
2025-01-20,1.8371399899869911,0.04019964542130345
2025-01-21,1.8371399899869911,0.04019964542130345
2025-01-22,1.8371399899869911,0.04019964542130345
2025-01-23,1.8371399899869911,0.04019964542130345
2025-01-24,1.8371399899869911,0.04019964542130345
2025-01-27,1.8371399899869911,0.04019964542130345
2025-01-28,1.8371399899869911,0.04019964542130345
2025-01-29,1.8371399899869911,0.04019964542130345
2025-01-30,1.8371399899869911,0.04019964542130345
2025-01-31,1.8371399899869911,0.04019964542130345
2025-02-03,1.9497016506345002,0.04646513084242121
2025-02-04,1.949701651254316,0.04646513084248846
2025-02-05,1.949701651254316,0.04646513084248846
2025-02-06,1.949701651254316,0.04646513084248846
2025-02-07,1.949701651254316,0.04646513084248846
2025-02-10,1.949701651254316,0.04646513084248846
2025-02-11,1.949701651254316,0.04646513084248846
2025-02-12,1.949701651254316,0.04646513084248846
2025-02-13,1.949701651254316,0.04646513084248846
2025-02-14,1.949701651254316,0.04646513084248846
2025-02-17,1.949701651254316,0.04646513084248846
2025-02-18,1.949701651254316,0.04646513084248846
2025-02-19,1.949701651254316,0.04646513084248846
2025-02-20,1.949701651254316,0.04646513084248846
2025-02-21,1.949701651254316,0.04646513084248846
2025-02-24,1.949701651254316,0.04646513084248846
2025-02-25,1.949701651254316,0.04646513084248846
2025-02-26,1.949701651254316,0.04646513084248846
2025-02-27,1.949701651254316,0.04646513084248846
2025-02-28,1.949701651254316,0.04646513084248846
2025-03-03,1.7553071047974016,0.04915490613445527
2025-03-04,1.7553071036341241,0.049154906134485386
2025-03-05,1.7553071036341241,0.049154906134485386
2025-03-06,1.7553071036341241,0.049154906134485386
2025-03-07,1.7553071036341241,0.049154906134485386
2025-03-10,1.7553071036341241,0.049154906134485386
2025-03-11,1.7553071036341241,0.049154906134485386
2025-03-12,1.7553071036341241,0.049154906134485386
2025-03-13,1.7553071036341241,0.049154906134485386
2025-03-14,1.7553071036341241,0.049154906134485386
2025-03-17,1.7553071036341241,0.049154906134485386
2025-03-18,1.7553071036341241,0.049154906134485386
2025-03-19,1.7553071036341241,0.049154906134485386
2025-03-20,1.7553071036341241,0.049154906134485386
2025-03-21,1.7553071036341241,0.049154906134485386
2025-03-24,1.7553071036341241,0.049154906134485386
2025-03-25,1.7553071036341241,0.049154906134485386
2025-03-26,1.7553071036341241,0.049154906134485386
2025-03-27,1.7553071036341241,0.049154906134485386
2025-03-28,1.7553071036341241,0.049154906134485386
2025-03-31,1.7553071036341241,0.049154906134485386
2025-04-01,1.5626874986544703,0.17426688885365557
2025-04-02,1.5626874974949798,0.1742668888545786
2025-04-03,1.5626874974949798,0.1742668888545786
2025-04-04,1.5626874974949798,0.1742668888545786
2025-04-07,1.5626874974949798,0.1742668888545786
2025-04-08,1.5626874974949798,0.1742668888545786
2025-04-09,1.5626874974949798,0.1742668888545786
2025-04-10,1.5626874974949798,0.1742668888545786
2025-04-11,1.5626874974949798,0.1742668888545786
2025-04-14,1.5626874974949798,0.1742668888545786
2025-04-15,1.5626874974949798,0.1742668888545786
2025-04-16,1.5626874974949798,0.1742668888545786
2025-04-17,1.5626874974949798,0.1742668888545786
2025-04-18,1.5626874974949798,0.1742668888545786
2025-04-21,1.5626874974949798,0.1742668888545786
2025-04-22,1.5626874974949798,0.1742668888545786
2025-04-23,1.5626874974949798,0.1742668888545786
2025-04-24,1.5626874974949798,0.1742668888545786
2025-04-25,1.5626874974949798,0.1742668888545786
2025-04-28,1.5626874974949798,0.1742668888545786
2025-04-29,1.5626874974949798,0.1742668888545786
2025-04-30,1.5626874974949798,0.1742668888545786
2025-05-01,1.4618594714617967,0.3671096887785096
2025-05-02,1.4618594708703723,0.36710968878014605
2025-05-05,1.4618594708703723,0.36710968878014605
2025-05-06,1.4618594708703723,0.36710968878014605
2025-05-07,1.4618594708703723,0.36710968878014605
2025-05-08,1.4618594708703723,0.36710968878014605
2025-05-09,1.4618594708703723,0.36710968878014605
2025-05-12,1.4618594708703723,0.36710968878014605
2025-05-13,1.4618594708703723,0.36710968878014605
2025-05-14,1.4618594708703723,0.36710968878014605
2025-05-15,1.4618594708703723,0.36710968878014605
2025-05-16,1.4618594708703723,0.36710968878014605
2025-05-19,1.4618594708703723,0.36710968878014605
2025-05-20,1.4618594708703723,0.36710968878014605
2025-05-21,1.4618594708703723,0.36710968878014605
2025-05-22,1.4618594708703723,0.36710968878014605
2025-05-23,1.4618594708703723,0.36710968878014605
2025-05-26,1.4618594708703723,0.36710968878014605
2025-05-27,1.4618594708703723,0.36710968878014605
2025-05-28,1.4618594708703723,0.36710968878014605
2025-05-29,1.4618594708703723,0.36710968878014605
2025-05-30,1.4618594708703723,0.36710968878014605
2025-06-02,1.4618594708703723,0.36710968878014605
2025-06-03,1.6349449771034676,0.1541343468189972
2025-06-04,1.6349449780329357,0.15413434681485266
2025-06-05,1.6349449780329357,0.15413434681485266
2025-06-06,1.6349449780329357,0.15413434681485266
2025-06-09,1.6349449780329357,0.15413434681485266
2025-06-10,1.6349449780329357,0.15413434681485266
2025-06-11,1.6349449780329357,0.15413434681485266
2025-06-12,1.6349449780329357,0.15413434681485266
2025-06-13,1.6349449780329357,0.15413434681485266
2025-06-16,1.6349449780329357,0.15413434681485266
2025-06-17,1.6349449780329357,0.15413434681485266
2025-06-18,1.6349449780329357,0.15413434681485266
2025-06-19,1.6349449780329357,0.15413434681485266
2025-06-20,1.6349449780329357,0.15413434681485266
2025-06-23,1.6349449780329357,0.15413434681485266
2025-06-24,1.6349449780329357,0.15413434681485266
2025-06-25,1.6349449780329357,0.15413434681485266
2025-06-26,1.6349449780329357,0.15413434681485266
2025-06-27,1.6349449780329357,0.15413434681485266
2025-06-30,1.6349449780329357,0.15413434681485266
2025-07-01,1.7323411259090786,0.1833288977301367
2025-07-02,1.7323411264458033,0.18332889773044594
2025-07-03,1.7323411264458033,0.18332889773044594
2025-07-04,1.7323411264458033,0.18332889773044594
2025-07-07,1.7323411264458033,0.18332889773044594
2025-07-08,1.7323411264458033,0.18332889773044594
2025-07-09,1.7323411264458033,0.18332889773044594
2025-07-10,1.7323411264458033,0.18332889773044594
2025-07-11,1.7323411264458033,0.18332889773044594
2025-07-14,1.7323411264458033,0.18332889773044594
2025-07-15,1.7323411264458033,0.18332889773044594
2025-07-16,1.7323411264458033,0.18332889773044594
2025-07-17,1.7323411264458033,0.18332889773044594
2025-07-18,1.7323411264458033,0.18332889773044594
2025-07-21,1.7323411264458033,0.18332889773044594
2025-07-22,1.7323411264458033,0.18332889773044594
2025-07-23,1.7323411264458033,0.18332889773044594
2025-07-24,1.7323411264458033,0.18332889773044594
2025-07-25,1.7323411264458033,0.18332889773044594
2025-07-28,1.7323411264458033,0.18332889773044594
2025-07-29,1.7323411264458033,0.18332889773044594
2025-07-30,1.7323411264458033,0.18332889773044594
2025-07-31,1.7323411264458033,0.18332889773044594
2025-08-01,1.7978120960859882,0.11980516514843899
2025-08-04,1.7978120964504578,0.11980516514751408
2025-08-05,1.7978120964504578,0.11980516514751408
2025-08-06,1.7978120964504578,0.11980516514751408
2025-08-07,1.7978120964504578,0.11980516514751408
2025-08-08,1.7978120964504578,0.11980516514751408
2025-08-11,1.7978120964504578,0.11980516514751408
2025-08-12,1.7978120964504578,0.11980516514751408
2025-08-13,1.7978120964504578,0.11980516514751408
2025-08-14,1.7978120964504578,0.11980516514751408
2025-08-15,1.7978120964504578,0.11980516514751408
2025-08-18,1.7978120964504578,0.11980516514751408
2025-08-19,1.7978120964504578,0.11980516514751408
2025-08-20,1.7978120964504578,0.11980516514751408
2025-08-21,1.7978120964504578,0.11980516514751408
2025-08-22,1.7978120964504578,0.11980516514751408
2025-08-25,1.7978120964504578,0.11980516514751408
2025-08-26,1.7978120964504578,0.11980516514751408
2025-08-27,1.7978120964504578,0.11980516514751408
2025-08-28,1.7978120964504578,0.11980516514751408
2025-08-29,1.7978120964504578,0.11980516514751408
2025-09-01,1.7978120964504578,0.11980516514751408
2025-09-02,1.7527586418172565,0.18679369345838848
2025-09-03,1.7527586415585141,0.1867936934590212
2025-09-04,1.7527586415585141,0.1867936934590212
2025-09-05,1.7527586415585141,0.1867936934590212
2025-09-08,1.7527586415585141,0.1867936934590212
2025-09-09,1.7527586415585141,0.1867936934590212
2025-09-10,1.7527586415585141,0.1867936934590212
2025-09-11,1.7527586415585141,0.1867936934590212
2025-09-12,1.7527586415585141,0.1867936934590212
2025-09-15,1.7527586415585141,0.1867936934590212
2025-09-16,1.7527586415585141,0.1867936934590212
2025-09-17,1.7527586415585141,0.1867936934590212
2025-09-18,1.7527586415585141,0.1867936934590212
2025-09-19,1.7527586415585141,0.1867936934590212
2025-09-22,1.7527586415585141,0.1867936934590212
2025-09-23,1.7527586415585141,0.1867936934590212
2025-09-24,1.7527586415585141,0.1867936934590212
2025-09-25,1.7527586415585141,0.1867936934590212
2025-09-26,1.7527586415585141,0.1867936934590212
2025-09-29,1.7527586415585141,0.1867936934590212
2025-09-30,1.7527586415585141,0.1867936934590212
2025-10-01,1.6769265455383173,0.09343043374807464
2025-10-02,1.6769265450986173,0.09343043374646325
2025-10-03,1.6769265450986173,0.09343043374646325
2025-10-06,1.6769265450986173,0.09343043374646325
2025-10-07,1.6769265450986173,0.09343043374646325
2025-10-08,1.6769265450986173,0.09343043374646325
2025-10-09,1.6769265450986173,0.09343043374646325
2025-10-10,1.6769265450986173,0.09343043374646325
2025-10-13,1.6769265450986173,0.09343043374646325
2025-10-14,1.6769265450986173,0.09343043374646325
2025-10-15,1.6769265450986173,0.09343043374646325
2025-10-16,1.6769265450986173,0.09343043374646325
2025-10-17,1.6769265450986173,0.09343043374646325
2025-10-20,1.6769265450986173,0.09343043374646325
2025-10-21,1.6769265450986173,0.09343043374646325
2025-10-22,1.6769265450986173,0.09343043374646325
2025-10-23,1.6769265450986173,0.09343043374646325
2025-10-24,1.6769265450986173,0.09343043374646325
2025-10-27,1.6769265450986173,0.09343043374646325
2025-10-28,1.6769265450986173,0.09343043374646325
2025-10-29,1.6769265450986173,0.09343043374646325
2025-10-30,1.6769265450986173,0.09343043374646325
2025-10-31,1.6769265450986173,0.09343043374646325
