date,FRA_real_estate_f1,FRA_real_estate_f2
1999-02-01,,
1999-02-02,,
1999-02-03,,
1999-02-04,,
1999-02-05,,
1999-02-08,,
1999-02-09,,
1999-02-10,,
1999-02-11,,
1999-02-12,,
1999-02-15,,
1999-02-16,,
1999-02-17,,
1999-02-18,,
1999-02-19,,
1999-02-22,,
1999-02-23,,
1999-02-24,,
1999-02-25,,
1999-02-26,,
1999-03-01,,
1999-03-02,,
1999-03-03,,
1999-03-04,,
1999-03-05,,
1999-03-08,,
1999-03-09,,
1999-03-10,,
1999-03-11,,
1999-03-12,,
1999-03-15,,
1999-03-16,,
1999-03-17,,
1999-03-18,,
1999-03-19,,
1999-03-22,,
1999-03-23,,
1999-03-24,,
1999-03-25,,
1999-03-26,,
1999-03-29,,
1999-03-30,,
1999-03-31,,
1999-04-01,,
1999-04-02,,
1999-04-05,,
1999-04-06,,
1999-04-07,,
1999-04-08,,
1999-04-09,,
1999-04-12,,
1999-04-13,,
1999-04-14,,
1999-04-15,,
1999-04-16,,
1999-04-19,,
1999-04-20,,
1999-04-21,,
1999-04-22,,
1999-04-23,,
1999-04-26,,
1999-04-27,,
1999-04-28,,
1999-04-29,,
1999-04-30,,
1999-05-03,,
1999-05-04,,
1999-05-05,,
1999-05-06,,
1999-05-07,,
1999-05-10,,
1999-05-11,,
1999-05-12,,
1999-05-13,,
1999-05-14,,
1999-05-17,,
1999-05-18,,
1999-05-19,,
1999-05-20,,
1999-05-21,,
1999-05-24,,
1999-05-25,,
1999-05-26,,
1999-05-27,,
1999-05-28,,
1999-05-31,,
1999-06-01,,
1999-06-02,,
1999-06-03,,
1999-06-04,,
1999-06-07,,
1999-06-08,,
1999-06-09,,
1999-06-10,,
1999-06-11,,
1999-06-14,,
1999-06-15,,
1999-06-16,,
1999-06-17,,
1999-06-18,,
1999-06-21,,
1999-06-22,,
1999-06-23,,
1999-06-24,,
1999-06-25,,
1999-06-28,,
1999-06-29,,
1999-06-30,,
1999-07-01,,
1999-07-02,,
1999-07-05,,
1999-07-06,,
1999-07-07,,
1999-07-08,,
1999-07-09,,
1999-07-12,,
1999-07-13,,
1999-07-14,,
1999-07-15,,
1999-07-16,,
1999-07-19,,
1999-07-20,,
1999-07-21,,
1999-07-22,,
1999-07-23,,
1999-07-26,,
1999-07-27,,
1999-07-28,,
1999-07-29,,
1999-07-30,,
1999-08-02,,
1999-08-03,,
1999-08-04,,
1999-08-05,,
1999-08-06,,
1999-08-09,,
1999-08-10,,
1999-08-11,,
1999-08-12,,
1999-08-13,,
1999-08-16,,
1999-08-17,,
1999-08-18,,
1999-08-19,,
1999-08-20,,
1999-08-23,,
1999-08-24,,
1999-08-25,,
1999-08-26,,
1999-08-27,,
1999-08-30,,
1999-08-31,,
1999-09-01,,
1999-09-02,,
1999-09-03,,
1999-09-06,,
1999-09-07,,
1999-09-08,,
1999-09-09,,
1999-09-10,,
1999-09-13,,
1999-09-14,,
1999-09-15,,
1999-09-16,,
1999-09-17,,
1999-09-20,,
1999-09-21,,
1999-09-22,,
1999-09-23,,
1999-09-24,,
1999-09-27,,
1999-09-28,,
1999-09-29,,
1999-09-30,,
1999-10-01,,
1999-10-04,,
1999-10-05,,
1999-10-06,,
1999-10-07,,
1999-10-08,,
1999-10-11,,
1999-10-12,,
1999-10-13,,
1999-10-14,,
1999-10-15,,
1999-10-18,,
1999-10-19,,
1999-10-20,,
1999-10-21,,
1999-10-22,,
1999-10-25,,
1999-10-26,,
1999-10-27,,
1999-10-28,,
1999-10-29,,
1999-11-01,,
1999-11-02,,
1999-11-03,,
1999-11-04,,
1999-11-05,,
1999-11-08,,
1999-11-09,,
1999-11-10,,
1999-11-11,,
1999-11-12,,
1999-11-15,,
1999-11-16,,
1999-11-17,,
1999-11-18,,
1999-11-19,,
1999-11-22,,
1999-11-23,,
1999-11-24,,
1999-11-25,,
1999-11-26,,
1999-11-29,,
1999-11-30,,
1999-12-01,,
1999-12-02,,
1999-12-03,,
1999-12-06,,
1999-12-07,,
1999-12-08,,
1999-12-09,,
1999-12-10,,
1999-12-13,,
1999-12-14,,
1999-12-15,,
1999-12-16,,
1999-12-17,,
1999-12-20,,
1999-12-21,,
1999-12-22,,
1999-12-23,,
1999-12-24,,
1999-12-27,,
1999-12-28,,
1999-12-29,,
1999-12-30,,
1999-12-31,,
2000-01-03,,
2000-01-04,,
2000-01-05,,
2000-01-06,,
2000-01-07,,
2000-01-10,,
2000-01-11,,
2000-01-12,,
2000-01-13,,
2000-01-14,,
2000-01-17,,
2000-01-18,,
2000-01-19,,
2000-01-20,,
2000-01-21,,
2000-01-24,,
2000-01-25,,
2000-01-26,,
2000-01-27,,
2000-01-28,,
2000-01-31,1.0004744207692489,-1.001994153829574
2000-02-01,0.9999733753768922,-0.9999696016779787
2000-02-02,0.9999699537619992,-0.9999696016101398
2000-02-03,0.9999699303783933,-0.9999696016101398
2000-02-04,0.9999699302185869,-0.9999696016101398
2000-02-07,0.9999699302174949,-0.9999696016101398
2000-02-08,0.9999699302174874,-0.9999696016101398
2000-02-09,0.9999699302174874,-0.9999696016101398
2000-02-10,0.9999699302174874,-0.9999696016101398
2000-02-11,0.9999699302174874,-0.9999696016101398
2000-02-14,0.9999699302174874,-0.9999696016101398
2000-02-15,0.9999699302174874,-0.9999696016101398
2000-02-16,0.9999699302174874,-0.9999696016101398
2000-02-17,0.9999699302174874,-0.9999696016101398
2000-02-18,0.9999699302174874,-0.9999696016101398
2000-02-21,0.9999699302174874,-0.9999696016101398
2000-02-22,0.9999699302174874,-0.9999696016101398
2000-02-23,0.9999699302174874,-0.9999696016101398
2000-02-24,0.9999699302174874,-0.9999696016101398
2000-02-25,0.9999699302174874,-0.9999696016101398
2000-02-28,0.9999699302174874,-0.9999696016101398
2000-02-29,0.9977053521277214,-0.9945009573708629
2000-03-01,0.9999542657310604,-0.9999692663846392
2000-03-02,0.9999696874379896,-0.9999692665699468
2000-03-03,0.9999697928342398,-0.9999692665699468
2000-03-06,0.9999697935545305,-0.9999692665699468
2000-03-07,0.9999697935594533,-0.9999692665699468
2000-03-08,0.9999697935594868,-0.9999692665699468
2000-03-09,0.999969793559487,-0.9999692665699468
2000-03-10,0.999969793559487,-0.9999692665699468
2000-03-13,0.999969793559487,-0.9999692665699468
2000-03-14,0.999969793559487,-0.9999692665699468
2000-03-15,0.999969793559487,-0.9999692665699468
2000-03-16,0.999969793559487,-0.9999692665699468
2000-03-17,0.999969793559487,-0.9999692665699468
2000-03-20,0.999969793559487,-0.9999692665699468
2000-03-21,0.999969793559487,-0.9999692665699468
2000-03-22,0.999969793559487,-0.9999692665699468
2000-03-23,0.999969793559487,-0.9999692665699468
2000-03-24,0.999969793559487,-0.9999692665699468
2000-03-27,0.999969793559487,-0.9999692665699468
2000-03-28,0.999969793559487,-0.9999692665699468
2000-03-29,0.999969793559487,-0.9999692665699468
2000-03-30,0.999969793559487,-0.9999692665699468
2000-03-31,1.0015329011617695,-0.983872058529423
2000-04-03,0.9999805447715845,-0.9999682527050632
2000-04-04,0.9999699606026485,-0.9999682532594019
2000-04-05,0.9999698882703243,-0.9999682532594019
2000-04-06,0.9999698877759966,-0.9999682532594019
2000-04-07,0.9999698877726183,-0.9999682532594019
2000-04-10,0.9999698877725952,-0.9999682532594019
2000-04-11,0.9999698877725951,-0.9999682532594019
2000-04-12,0.9999698877725951,-0.9999682532594019
2000-04-13,0.9999698877725951,-0.9999682532594019
2000-04-14,0.9999698877725951,-0.9999682532594019
2000-04-17,0.9999698877725951,-0.9999682532594019
2000-04-18,0.9999698877725951,-0.9999682532594019
2000-04-19,0.9999698877725951,-0.9999682532594019
2000-04-20,0.9999698877725951,-0.9999682532594019
2000-04-21,0.9999698877725951,-0.9999682532594019
2000-04-24,0.9999698877725951,-0.9999682532594019
2000-04-25,0.9999698877725951,-0.9999682532594019
2000-04-26,0.9999698877725951,-0.9999682532594019
2000-04-27,0.9999698877725951,-0.9999682532594019
2000-04-28,0.9999698877725951,-0.9999682532594019
2000-05-01,1.0010174595670387,-1.0397119885925858
2000-05-02,0.9999770984089993,-0.9999706339001968
2000-05-03,0.9999699996118737,-0.9999706326401034
2000-05-04,0.9999699510983625,-0.9999706326401034
2000-05-05,0.9999699507668154,-0.9999706326401034
2000-05-08,0.9999699507645495,-0.9999706326401034
2000-05-09,0.9999699507645341,-0.9999706326401034
2000-05-10,0.9999699507645339,-0.9999706326401034
2000-05-11,0.9999699507645339,-0.9999706326401034
2000-05-12,0.9999699507645339,-0.9999706326401034
2000-05-15,0.9999699507645339,-0.9999706326401034
2000-05-16,0.9999699507645339,-0.9999706326401034
2000-05-17,0.9999699507645339,-0.9999706326401034
2000-05-18,0.9999699507645339,-0.9999706326401034
2000-05-19,0.9999699507645339,-0.9999706326401034
2000-05-22,0.9999699507645339,-0.9999706326401034
2000-05-23,0.9999699507645339,-0.9999706326401034
2000-05-24,0.9999699507645339,-0.9999706326401034
2000-05-25,0.9999699507645339,-0.9999706326401034
2000-05-26,0.9999699507645339,-0.9999706326401034
2000-05-29,0.9999699507645339,-0.9999706326401034
2000-05-30,0.9999699507645339,-0.9999706326401034
2000-05-31,1.0045006102985343,-1.0107219311813467
2000-06-01,1.0000009747165977,-0.9999712540802828
2000-06-02,0.9999704313808805,-0.9999712537246989
2000-06-05,0.9999702226536882,-0.9999712537246989
2000-06-06,0.9999702212272219,-0.9999712537246989
2000-06-07,0.9999702212174733,-0.9999712537246989
2000-06-08,0.9999702212174066,-0.9999712537246989
2000-06-09,0.9999702212174062,-0.9999712537246989
2000-06-12,0.9999702212174062,-0.9999712537246989
2000-06-13,0.9999702212174062,-0.9999712537246989
2000-06-14,0.9999702212174062,-0.9999712537246989
2000-06-15,0.9999702212174062,-0.9999712537246989
2000-06-16,0.9999702212174062,-0.9999712537246989
2000-06-19,0.9999702212174062,-0.9999712537246989
2000-06-20,0.9999702212174062,-0.9999712537246989
2000-06-21,0.9999702212174062,-0.9999712537246989
2000-06-22,0.9999702212174062,-0.9999712537246989
2000-06-23,0.9999702212174062,-0.9999712537246989
2000-06-26,0.9999702212174062,-0.9999712537246989
2000-06-27,0.9999702212174062,-0.9999712537246989
2000-06-28,0.9999702212174062,-0.9999712537246989
2000-06-29,0.9999702212174062,-0.9999712537246989
2000-06-30,1.0080734417974297,-1.0094719251737951
2000-07-03,1.0000254117905936,-0.9999717922608901
2000-07-04,0.9999710719238787,-0.9999717919460854
2000-07-05,0.9999707005891851,-0.9999717919460854
2000-07-06,0.9999706980514407,-0.9999717919460854
2000-07-07,0.9999706980340974,-0.9999717919460854
2000-07-10,0.999970698033979,-0.9999717919460854
2000-07-11,0.9999706980339781,-0.9999717919460854
2000-07-12,0.9999706980339781,-0.9999717919460854
2000-07-13,0.9999706980339781,-0.9999717919460854
2000-07-14,0.9999706980339781,-0.9999717919460854
2000-07-17,0.9999706980339781,-0.9999717919460854
2000-07-18,0.9999706980339781,-0.9999717919460854
2000-07-19,0.9999706980339781,-0.9999717919460854
2000-07-20,0.9999706980339781,-0.9999717919460854
2000-07-21,0.9999706980339781,-0.9999717919460854
2000-07-24,0.9999706980339781,-0.9999717919460854
2000-07-25,0.9999706980339781,-0.9999717919460854
2000-07-26,0.9999706980339781,-0.9999717919460854
2000-07-27,0.9999706980339781,-0.9999717919460854
2000-07-28,0.9999706980339781,-0.9999717919460854
2000-07-31,1.013889726158822,-1.0481746449552425
2000-08-01,1.0000646792532824,-0.9999743266847658
2000-08-02,0.9999721337741909,-0.9999743251747923
2000-08-03,0.9999715013956724,-0.9999743251747923
2000-08-04,0.9999714970739259,-0.9999743251747923
2000-08-07,0.9999714970443905,-0.9999743251747923
2000-08-08,0.9999714970441885,-0.9999743251747923
2000-08-09,0.9999714970441873,-0.9999743251747923
2000-08-10,0.9999714970441873,-0.9999743251747923
2000-08-11,0.9999714970441873,-0.9999743251747923
2000-08-14,0.9999714970441873,-0.9999743251747923
2000-08-15,0.9999714970441873,-0.9999743251747923
2000-08-16,0.9999714970441873,-0.9999743251747923
2000-08-17,0.9999714970441873,-0.9999743251747923
2000-08-18,0.9999714970441873,-0.9999743251747923
2000-08-21,0.9999714970441873,-0.9999743251747923
2000-08-22,0.9999714970441873,-0.9999743251747923
2000-08-23,0.9999714970441873,-0.9999743251747923
2000-08-24,0.9999714970441873,-0.9999743251747923
2000-08-25,0.9999714970441873,-0.9999743251747923
2000-08-28,0.9999714970441873,-0.9999743251747923
2000-08-29,0.9999714970441873,-0.9999743251747923
2000-08-30,0.9999714970441873,-0.9999743251747923
2000-08-31,1.0010738933399213,-1.0024876781351115
2000-09-01,0.9999790809111507,-0.9999744537513809
2000-09-04,0.999971611184908,-0.9999744536672291
2000-09-05,0.9999715601364785,-0.9999744536672291
2000-09-06,0.9999715597876074,-0.9999744536672291
2000-09-07,0.9999715597852232,-0.9999744536672291
2000-09-08,0.999971559785207,-0.9999744536672291
2000-09-11,0.9999715597852068,-0.9999744536672291
2000-09-12,0.9999715597852068,-0.9999744536672291
2000-09-13,0.9999715597852068,-0.9999744536672291
2000-09-14,0.9999715597852068,-0.9999744536672291
2000-09-15,0.9999715597852068,-0.9999744536672291
2000-09-18,0.9999715597852068,-0.9999744536672291
2000-09-19,0.9999715597852068,-0.9999744536672291
2000-09-20,0.9999715597852068,-0.9999744536672291
2000-09-21,0.9999715597852068,-0.9999744536672291
2000-09-22,0.9999715597852068,-0.9999744536672291
2000-09-25,0.9999715597852068,-0.9999744536672291
2000-09-26,0.9999715597852068,-0.9999744536672291
2000-09-27,0.9999715597852068,-0.9999744536672291
2000-09-28,0.9999715597852068,-0.9999744536672291
2000-09-29,0.9999715597852068,-0.9999744536672291
2000-10-02,0.9988911544205394,-0.9725898169526495
2000-10-03,0.9999641031305306,-0.9999729948492592
2000-10-04,0.9999714476903477,-0.9999729958088361
2000-10-05,0.9999714978845076,-0.9999729958088363
2000-10-06,0.9999714982275405,-0.9999729958088363
2000-10-09,0.9999714982298847,-0.9999729958088363
2000-10-10,0.9999714982299008,-0.9999729958088363
2000-10-11,0.9999714982299008,-0.9999729958088363
2000-10-12,0.9999714982299008,-0.9999729958088363
2000-10-13,0.9999714982299008,-0.9999729958088363
2000-10-16,0.9999714982299008,-0.9999729958088363
2000-10-17,0.9999714982299008,-0.9999729958088363
2000-10-18,0.9999714982299008,-0.9999729958088363
2000-10-19,0.9999714982299008,-0.9999729958088363
2000-10-20,0.9999714982299008,-0.9999729958088363
2000-10-23,0.9999714982299008,-0.9999729958088363
2000-10-24,0.9999714982299008,-0.9999729958088363
2000-10-25,0.9999714982299008,-0.9999729958088363
2000-10-26,0.9999714982299008,-0.9999729958088363
2000-10-27,0.9999714982299008,-0.9999729958088363
2000-10-30,0.9999714982299008,-0.9999729958088363
2000-10-31,1.002470409285777,-1.0343863420305002
2000-11-01,0.9999886536745801,-0.9999747627193445
2000-11-02,0.9999717564178462,-0.9999747616198515
2000-11-03,0.9999716409429132,-0.9999747616198514
2000-11-06,0.9999716401537438,-0.9999747616198514
2000-11-07,0.9999716401483506,-0.9999747616198514
2000-11-08,0.9999716401483136,-0.9999747616198514
2000-11-09,0.9999716401483134,-0.9999747616198514
2000-11-10,0.9999716401483134,-0.9999747616198514
2000-11-13,0.9999716401483134,-0.9999747616198514
2000-11-14,0.9999716401483134,-0.9999747616198514
2000-11-15,0.9999716401483134,-0.9999747616198514
2000-11-16,0.9999716401483134,-0.9999747616198514
2000-11-17,0.9999716401483134,-0.9999747616198514
2000-11-20,0.9999716401483134,-0.9999747616198514
2000-11-21,0.9999716401483134,-0.9999747616198514
2000-11-22,0.9999716401483134,-0.9999747616198514
2000-11-23,0.9999716401483134,-0.9999747616198514
2000-11-24,0.9999716401483134,-0.9999747616198514
2000-11-27,0.9999716401483134,-0.9999747616198514
2000-11-28,0.9999716401483134,-0.9999747616198514
2000-11-29,0.9999716401483134,-0.9999747616198514
2000-11-30,0.9977723889908874,-0.9949920918540094
2000-12-01,0.9999564365179912,-0.999974508214978
2000-12-04,0.9999714119409492,-0.9999745083836961
2000-12-05,0.9999715142871013,-0.9999745083836961
2000-12-06,0.9999715149865472,-0.9999745083836961
2000-12-07,0.9999715149913274,-0.9999745083836961
2000-12-08,0.99997151499136,-0.9999745083836961
2000-12-11,0.9999715149913604,-0.9999745083836961
2000-12-12,0.9999715149913604,-0.9999745083836961
2000-12-13,0.9999715149913604,-0.9999745083836961
2000-12-14,0.9999715149913604,-0.9999745083836961
2000-12-15,0.9999715149913604,-0.9999745083836961
2000-12-18,0.9999715149913604,-0.9999745083836961
2000-12-19,0.9999715149913604,-0.9999745083836961
2000-12-20,0.9999715149913604,-0.9999745083836961
2000-12-21,0.9999715149913604,-0.9999745083836961
2000-12-22,0.9999715149913604,-0.9999745083836961
2000-12-25,0.9999715149913604,-0.9999745083836961
2000-12-26,0.9999715149913604,-0.9999745083836961
2000-12-27,0.9999715149913604,-0.9999745083836961
2000-12-28,0.9999715149913604,-0.9999745083836961
2000-12-29,0.9999715149913604,-0.9999745083836961
2001-01-01,1.0044658557694766,-1.030550788542814
2001-01-02,1.0000022780339182,-0.9999759985935718
2001-01-03,0.9999719778157525,-0.9999759976112375
2001-01-04,0.9999717707499018,-0.9999759976112375
2001-01-05,0.9999717693347895,-0.9999759976112375
2001-01-08,0.9999717693251186,-0.9999759976112375
2001-01-09,0.9999717693250524,-0.9999759976112375
2001-01-10,0.9999717693250519,-0.9999759976112375
2001-01-11,0.9999717693250519,-0.9999759976112375
2001-01-12,0.9999717693250519,-0.9999759976112375
2001-01-15,0.9999717693250519,-0.9999759976112375
2001-01-16,0.9999717693250519,-0.9999759976112375
2001-01-17,0.9999717693250519,-0.9999759976112375
2001-01-18,0.9999717693250519,-0.9999759976112375
2001-01-19,0.9999717693250519,-0.9999759976112375
2001-01-22,0.9999717693250519,-0.9999759976112375
2001-01-23,0.9999717693250519,-0.9999759976112375
2001-01-24,0.9999717693250519,-0.9999759976112375
2001-01-25,0.9999717693250519,-0.9999759976112375
2001-01-26,0.9999717693250519,-0.9999759976112375
2001-01-29,0.9999717693250519,-0.9999759976112375
2001-01-30,0.9999717693250519,-0.9999759976112375
2001-01-31,1.0001225861550163,-1.0077584347394406
2001-02-01,0.9999728082492966,-0.999976366895016
2001-02-02,0.9999717848806188,-0.9999763666364838
2001-02-05,0.9999717778868051,-0.9999763666364837
2001-02-06,0.9999717778390086,-0.9999763666364837
2001-02-07,0.999971777838682,-0.9999763666364837
2001-02-08,0.9999717778386799,-0.9999763666364837
2001-02-09,0.9999717778386796,-0.9999763666364837
2001-02-12,0.9999717778386796,-0.9999763666364837
2001-02-13,0.9999717778386796,-0.9999763666364837
2001-02-14,0.9999717778386796,-0.9999763666364837
2001-02-15,0.9999717778386796,-0.9999763666364837
2001-02-16,0.9999717778386796,-0.9999763666364837
2001-02-19,0.9999717778386796,-0.9999763666364837
2001-02-20,0.9999717778386796,-0.9999763666364837
2001-02-21,0.9999717778386796,-0.9999763666364837
2001-02-22,0.9999717778386796,-0.9999763666364837
2001-02-23,0.9999717778386796,-0.9999763666364837
2001-02-26,0.9999717778386796,-0.9999763666364837
2001-02-27,0.9999717778386796,-0.9999763666364837
2001-02-28,0.9933871026487129,-0.9855107101185646
2001-03-01,0.9999259592942362,-0.9999756677533705
2001-03-02,0.9999710918725065,-0.9999756682502914
2001-03-05,0.9999714003349873,-0.9999756682502914
2001-03-06,0.9999714024430579,-0.9999756682502914
2001-03-07,0.9999714024574646,-0.9999756682502914
2001-03-08,0.9999714024575631,-0.9999756682502914
2001-03-09,0.9999714024575638,-0.9999756682502914
2001-03-12,0.9999714024575638,-0.9999756682502914
2001-03-13,0.9999714024575638,-0.9999756682502914
2001-03-14,0.9999714024575638,-0.9999756682502914
2001-03-15,0.9999714024575638,-0.9999756682502914
2001-03-16,0.9999714024575638,-0.9999756682502914
2001-03-19,0.9999714024575638,-0.9999756682502914
2001-03-20,0.9999714024575638,-0.9999756682502914
2001-03-21,0.9999714024575638,-0.9999756682502914
2001-03-22,0.9999714024575638,-0.9999756682502914
2001-03-23,0.9999714024575638,-0.9999756682502914
2001-03-26,0.9999714024575638,-0.9999756682502914
2001-03-27,0.9999714024575638,-0.9999756682502914
2001-03-28,0.9999714024575638,-0.9999756682502914
2001-03-29,0.9999714024575638,-0.9999756682502914
2001-03-30,0.9999714024575638,-0.9999756682502914
2001-04-02,0.9919442012466687,-0.9711477904490682
2001-04-03,0.9999154190568522,-0.9999742022826884
2001-04-04,0.9999705582883169,-0.9999742032951033
2001-04-05,0.9999709351478238,-0.9999742032951033
2001-04-06,0.9999709377233283,-0.9999742032951033
2001-04-09,0.9999709377409296,-0.9999742032951033
2001-04-10,0.9999709377410498,-0.9999742032951033
2001-04-11,0.9999709377410508,-0.9999742032951033
2001-04-12,0.9999709377410508,-0.9999742032951033
2001-04-13,0.9999709377410508,-0.9999742032951033
2001-04-16,0.9999709377410508,-0.9999742032951033
2001-04-17,0.9999709377410508,-0.9999742032951033
2001-04-18,0.9999709377410508,-0.9999742032951033
2001-04-19,0.9999709377410508,-0.9999742032951033
2001-04-20,0.9999709377410508,-0.9999742032951033
2001-04-23,0.9999709377410508,-0.9999742032951033
2001-04-24,0.9999709377410508,-0.9999742032951033
2001-04-25,0.9999709377410508,-0.9999742032951033
2001-04-26,0.9999709377410508,-0.9999742032951033
2001-04-27,0.9999709377410508,-0.9999742032951033
2001-04-30,1.0036134584098588,-0.9905042082605384
2001-05-01,0.999995905875729,-0.9999737076703469
2001-05-02,0.9999713175049417,-0.9999737079931938
2001-05-03,0.9999711494713057,-0.9999737079931938
2001-05-04,0.999971148322944,-0.9999737079931938
2001-05-07,0.9999711483150959,-0.9999737079931938
2001-05-08,0.9999711483150423,-0.9999737079931938
2001-05-09,0.9999711483150421,-0.9999737079931938
2001-05-10,0.9999711483150421,-0.9999737079931938
2001-05-11,0.9999711483150421,-0.9999737079931938
2001-05-14,0.9999711483150421,-0.9999737079931938
2001-05-15,0.9999711483150421,-0.9999737079931938
2001-05-16,0.9999711483150421,-0.9999737079931938
2001-05-17,0.9999711483150421,-0.9999737079931938
2001-05-18,0.9999711483150421,-0.9999737079931938
2001-05-21,0.9999711483150421,-0.9999737079931938
2001-05-22,0.9999711483150421,-0.9999737079931938
2001-05-23,0.9999711483150421,-0.9999737079931938
2001-05-24,0.9999711483150421,-0.9999737079931938
2001-05-25,0.9999711483150421,-0.9999737079931938
2001-05-28,0.9999711483150421,-0.9999737079931938
2001-05-29,0.9999711483150421,-0.9999737079931938
2001-05-30,0.9999711483150421,-0.9999737079931938
2001-05-31,0.9933104537697764,-0.9847155552015449
2001-06-01,0.9999247870994548,-0.9999728869045338
2001-06-04,0.9999704458797094,-0.9999728874293098
2001-06-05,0.9999707579388107,-0.9999728874293098
2001-06-06,0.9999707600714611,-0.9999728874293098
2001-06-07,0.9999707600860359,-0.9999728874293098
2001-06-08,0.9999707600861355,-0.9999728874293098
2001-06-11,0.9999707600861362,-0.9999728874293098
2001-06-12,0.9999707600861362,-0.9999728874293098
2001-06-13,0.9999707600861362,-0.9999728874293098
2001-06-14,0.9999707600861362,-0.9999728874293098
2001-06-15,0.9999707600861362,-0.9999728874293098
2001-06-18,0.9999707600861362,-0.9999728874293098
2001-06-19,0.9999707600861362,-0.9999728874293098
2001-06-20,0.9999707600861362,-0.9999728874293098
2001-06-21,0.9999707600861362,-0.9999728874293098
2001-06-22,0.9999707600861362,-0.9999728874293098
2001-06-25,0.9999707600861362,-0.9999728874293098
2001-06-26,0.9999707600861362,-0.9999728874293098
2001-06-27,0.9999707600861362,-0.9999728874293098
2001-06-28,0.9999707600861362,-0.9999728874293098
2001-06-29,0.9999707600861362,-0.9999728874293098
2001-07-02,0.9782596132704864,-0.9217746832106009
2001-07-03,0.9998161399960189,-0.9999680922567353
2001-07-04,0.9999683998476396,-0.9999680952286636
2001-07-05,0.9999694406490685,-0.9999680952286637
2001-07-06,0.9999694477620416,-0.9999680952286637
2001-07-09,0.9999694478106524,-0.9999680952286637
2001-07-10,0.9999694478109847,-0.9999680952286637
2001-07-11,0.9999694478109868,-0.9999680952286637
2001-07-12,0.9999694478109868,-0.9999680952286637
2001-07-13,0.9999694478109868,-0.9999680952286637
2001-07-16,0.9999694478109868,-0.9999680952286637
2001-07-17,0.9999694478109868,-0.9999680952286637
2001-07-18,0.9999694478109868,-0.9999680952286637
2001-07-19,0.9999694478109868,-0.9999680952286637
2001-07-20,0.9999694478109868,-0.9999680952286637
2001-07-23,0.9999694478109868,-0.9999680952286637
2001-07-24,0.9999694478109868,-0.9999680952286637
2001-07-25,0.9999694478109868,-0.9999680952286637
2001-07-26,0.9999694478109868,-0.9999680952286637
2001-07-27,0.9999694478109868,-0.9999680952286637
2001-07-30,0.9999694478109868,-0.9999680952286637
2001-07-31,0.9742878717043006,-1.0130196972721601
2001-08-01,0.9997853664464696,-0.9999689120248741
2001-08-02,0.9999665687081672,-0.9999689115946794
2001-08-03,0.9999678074051488,-0.9999689115946794
2001-08-06,0.9999678158705683,-0.9999689115946794
2001-08-07,0.9999678159284221,-0.9999689115946794
2001-08-08,0.9999678159288173,-0.9999689115946794
2001-08-09,0.9999678159288201,-0.9999689115946794
2001-08-10,0.9999678159288201,-0.9999689115946794
2001-08-13,0.9999678159288201,-0.9999689115946794
2001-08-14,0.9999678159288201,-0.9999689115946794
2001-08-15,0.9999678159288201,-0.9999689115946794
2001-08-16,0.9999678159288201,-0.9999689115946794
2001-08-17,0.9999678159288201,-0.9999689115946794
2001-08-20,0.9999678159288201,-0.9999689115946794
2001-08-21,0.9999678159288201,-0.9999689115946794
2001-08-22,0.9999678159288201,-0.9999689115946794
2001-08-23,0.9999678159288201,-0.9999689115946794
2001-08-24,0.9999678159288201,-0.9999689115946794
2001-08-27,0.9999678159288201,-0.9999689115946794
2001-08-28,0.9999678159288201,-0.9999689115946794
2001-08-29,0.9999678159288201,-0.9999689115946794
2001-08-30,0.9999678159288201,-0.9999689115946794
2001-08-31,0.9987932405340443,-0.9972043261299957
2001-09-03,0.999959699450452,-0.9999687389850914
2001-09-04,0.9999676852366173,-0.9999687390783895
2001-09-05,0.9999677398130962,-0.9999687390783895
2001-09-06,0.9999677401860785,-0.9999687390783895
2001-09-07,0.9999677401886274,-0.9999687390783895
2001-09-10,0.9999677401886449,-0.9999687390783895
2001-09-11,0.999967740188645,-0.9999687390783895
2001-09-12,0.999967740188645,-0.9999687390783895
2001-09-13,0.999967740188645,-0.9999687390783895
2001-09-14,0.999967740188645,-0.9999687390783895
2001-09-17,0.999967740188645,-0.9999687390783895
2001-09-18,0.999967740188645,-0.9999687390783895
2001-09-19,0.999967740188645,-0.9999687390783895
2001-09-20,0.999967740188645,-0.9999687390783895
2001-09-21,0.999967740188645,-0.9999687390783895
2001-09-24,0.999967740188645,-0.9999687390783895
2001-09-25,0.999967740188645,-0.9999687390783895
2001-09-26,0.999967740188645,-0.9999687390783895
2001-09-27,0.999967740188645,-0.9999687390783895
2001-09-28,0.999967740188645,-0.9999687390783895
2001-10-01,0.988543258596621,-0.9855039761177649
2001-10-02,0.9998875700407783,-0.9999678147024624
2001-10-03,0.9999664474126305,-0.999967815199344
2001-10-04,0.9999669865342775,-0.999967815199344
2001-10-05,0.9999669902187026,-0.999967815199344
2001-10-08,0.9999669902438824,-0.999967815199344
2001-10-09,0.9999669902440543,-0.999967815199344
2001-10-10,0.9999669902440557,-0.999967815199344
2001-10-11,0.9999669902440557,-0.999967815199344
2001-10-12,0.9999669902440557,-0.999967815199344
2001-10-15,0.9999669902440557,-0.999967815199344
2001-10-16,0.9999669902440557,-0.999967815199344
2001-10-17,0.9999669902440557,-0.999967815199344
2001-10-18,0.9999669902440557,-0.999967815199344
2001-10-19,0.9999669902440557,-0.999967815199344
2001-10-22,0.9999669902440557,-0.999967815199344
2001-10-23,0.9999669902440557,-0.999967815199344
2001-10-24,0.9999669902440557,-0.999967815199344
2001-10-25,0.9999669902440557,-0.999967815199344
2001-10-26,0.9999669902440557,-0.999967815199344
2001-10-29,0.9999669902440557,-0.999967815199344
2001-10-30,0.9999669902440557,-0.999967815199344
2001-10-31,0.9980259835635804,-0.9751430281067184
2001-11-01,0.9999535590767712,-0.9999661556957122
2001-11-02,0.9999667708095854,-0.9999661565621406
2001-11-05,0.9999668611019542,-0.9999661565621406
2001-11-06,0.9999668617190233,-0.9999661565621406
2001-11-07,0.9999668617232402,-0.9999661565621406
2001-11-08,0.9999668617232692,-0.9999661565621406
2001-11-09,0.9999668617232694,-0.9999661565621406
2001-11-12,0.9999668617232694,-0.9999661565621406
2001-11-13,0.9999668617232694,-0.9999661565621406
2001-11-14,0.9999668617232694,-0.9999661565621406
2001-11-15,0.9999668617232694,-0.9999661565621406
2001-11-16,0.9999668617232694,-0.9999661565621406
2001-11-19,0.9999668617232694,-0.9999661565621406
2001-11-20,0.9999668617232694,-0.9999661565621406
2001-11-21,0.9999668617232694,-0.9999661565621406
2001-11-22,0.9999668617232694,-0.9999661565621406
2001-11-23,0.9999668617232694,-0.9999661565621406
2001-11-26,0.9999668617232694,-0.9999661565621406
2001-11-27,0.9999668617232694,-0.9999661565621406
2001-11-28,0.9999668617232694,-0.9999661565621406
2001-11-29,0.9999668617232694,-0.9999661565621406
2001-11-30,0.9880738987627566,-0.9711130754409043
2001-12-03,0.9998833238716224,-0.9999641156872007
2001-12-04,0.9999654937035214,-0.9999641167005198
2001-12-05,0.9999660553317092,-0.9999641167005198
2001-12-06,0.9999660591699471,-0.9999641167005198
2001-12-07,0.999966059196178,-0.9999641167005198
2001-12-10,0.9999660591963572,-0.9999641167005198
2001-12-11,0.9999660591963585,-0.9999641167005198
2001-12-12,0.9999660591963585,-0.9999641167005198
2001-12-13,0.9999660591963585,-0.9999641167005198
2001-12-14,0.9999660591963585,-0.9999641167005198
2001-12-17,0.9999660591963585,-0.9999641167005198
2001-12-18,0.9999660591963585,-0.9999641167005198
2001-12-19,0.9999660591963585,-0.9999641167005198
2001-12-20,0.9999660591963585,-0.9999641167005198
2001-12-21,0.9999660591963585,-0.9999641167005198
2001-12-24,0.9999660591963585,-0.9999641167005198
2001-12-25,0.9999660591963585,-0.9999641167005198
2001-12-26,0.9999660591963585,-0.9999641167005198
2001-12-27,0.9999660591963585,-0.9999641167005198
2001-12-28,0.9999660591963585,-0.9999641167005198
2001-12-31,0.9938345206891184,-0.9901991244850817
2002-01-01,0.9999233524583481,-0.9999634054998001
2002-01-02,0.9999653501005904,-0.999963405832846
2002-01-03,0.9999656371357226,-0.999963405832846
2002-01-04,0.9999656390973559,-0.999963405832846
2002-01-07,0.999965639110762,-0.999963405832846
2002-01-08,0.9999656391108537,-0.999963405832846
2002-01-09,0.9999656391108543,-0.999963405832846
2002-01-10,0.9999656391108543,-0.999963405832846
2002-01-11,0.9999656391108543,-0.999963405832846
2002-01-14,0.9999656391108543,-0.999963405832846
2002-01-15,0.9999656391108543,-0.999963405832846
2002-01-16,0.9999656391108543,-0.999963405832846
2002-01-17,0.9999656391108543,-0.999963405832846
2002-01-18,0.9999656391108543,-0.999963405832846
2002-01-21,0.9999656391108543,-0.999963405832846
2002-01-22,0.9999656391108543,-0.999963405832846
2002-01-23,0.9999656391108543,-0.999963405832846
2002-01-24,0.9999656391108543,-0.999963405832846
2002-01-25,0.9999656391108543,-0.999963405832846
2002-01-28,0.9999656391108543,-0.999963405832846
2002-01-29,0.9999656391108543,-0.999963405832846
2002-01-30,0.9999656391108543,-0.999963405832846
2002-01-31,0.9913135207863887,-0.964417657442809
2002-02-01,0.9999051403266558,-0.9999606587148951
2002-02-04,0.9999646273298118,-0.9999606599763399
2002-02-05,0.9999650339076567,-0.9999606599763399
2002-02-06,0.9999650366862602,-0.9999606599763399
2002-02-07,0.9999650367052495,-0.9999606599763399
2002-02-08,0.9999650367053793,-0.9999606599763399
2002-02-11,0.9999650367053802,-0.9999606599763399
2002-02-12,0.9999650367053802,-0.9999606599763399
2002-02-13,0.9999650367053802,-0.9999606599763399
2002-02-14,0.9999650367053802,-0.9999606599763399
2002-02-15,0.9999650367053802,-0.9999606599763399
2002-02-18,0.9999650367053802,-0.9999606599763399
2002-02-19,0.9999650367053802,-0.9999606599763399
2002-02-20,0.9999650367053802,-0.9999606599763399
2002-02-21,0.9999650367053802,-0.9999606599763399
2002-02-22,0.9999650367053802,-0.9999606599763399
2002-02-25,0.9999650367053802,-0.9999606599763399
2002-02-26,0.9999650367053802,-0.9999606599763399
2002-02-27,0.9999650367053802,-0.9999606599763399
2002-02-28,0.9987440902294059,-0.9968505850129513
2002-03-01,0.999956592460594,-0.999960414129868
2002-03-04,0.9999648940456475,-0.9999604142348785
2002-03-05,0.9999649507803872,-0.9999604142348785
2002-03-06,0.9999649511681191,-0.9999604142348785
2002-03-07,0.9999649511707689,-0.9999604142348785
2002-03-08,0.999964951170787,-0.9999604142348785
2002-03-11,0.9999649511707872,-0.9999604142348785
2002-03-12,0.9999649511707872,-0.9999604142348785
2002-03-13,0.9999649511707872,-0.9999604142348785
2002-03-14,0.9999649511707872,-0.9999604142348785
2002-03-15,0.9999649511707872,-0.9999604142348785
2002-03-18,0.9999649511707872,-0.9999604142348785
2002-03-19,0.9999649511707872,-0.9999604142348785
2002-03-20,0.9999649511707872,-0.9999604142348785
2002-03-21,0.9999649511707872,-0.9999604142348785
2002-03-22,0.9999649511707872,-0.9999604142348785
2002-03-25,0.9999649511707872,-0.9999604142348785
2002-03-26,0.9999649511707872,-0.9999604142348785
2002-03-27,0.9999649511707872,-0.9999604142348785
2002-03-28,0.9999649511707872,-0.9999604142348785
2002-03-29,0.9999649511707872,-0.9999604142348785
2002-04-01,1.0222357460639218,2.8394943188325716
2002-04-02,1.0001137480985223,0.9999950909983888
2002-04-03,0.9999674680342997,0.999995076277797
2002-04-04,0.9999664685596061,0.9999950762777966
2002-04-05,0.9999664617290864,0.9999950762777966
2002-04-08,0.9999664616824059,0.9999950762777966
2002-04-09,0.9999664616820868,0.9999950762777966
2002-04-10,0.9999664616820847,0.9999950762777966
2002-04-11,0.9999664616820847,0.9999950762777966
2002-04-12,0.9999664616820847,0.9999950762777966
2002-04-15,0.9999664616820847,0.9999950762777966
2002-04-16,0.9999664616820847,0.9999950762777966
2002-04-17,0.9999664616820847,0.9999950762777966
2002-04-18,0.9999664616820847,0.9999950762777966
2002-04-19,0.9999664616820847,0.9999950762777966
2002-04-22,0.9999664616820847,0.9999950762777966
2002-04-23,0.9999664616820847,0.9999950762777966
2002-04-24,0.9999664616820847,0.9999950762777966
2002-04-25,0.9999664616820847,0.9999950762777966
2002-04-26,0.9999664616820847,0.9999950762777966
2002-04-29,0.9999664616820847,0.9999950762777966
2002-04-30,0.9822743010703874,0.9931111649328539
2002-05-01,0.9998410779797656,0.9999950077732274
2002-05-02,0.9999643939637219,0.9999950080070032
2002-05-03,0.9999652368769368,0.9999950080070032
2002-05-06,0.9999652426375143,0.9999950080070032
2002-05-07,0.9999652426768827,0.9999950080070032
2002-05-08,0.9999652426771518,0.9999950080070032
2002-05-09,0.9999652426771536,0.9999950080070032
2002-05-10,0.9999652426771536,0.9999950080070032
2002-05-13,0.9999652426771536,0.9999950080070032
2002-05-14,0.9999652426771536,0.9999950080070032
2002-05-15,0.9999652426771536,0.9999950080070032
2002-05-16,0.9999652426771536,0.9999950080070032
2002-05-17,0.9999652426771536,0.9999950080070032
2002-05-20,0.9999652426771536,0.9999950080070032
2002-05-21,0.9999652426771536,0.9999950080070032
2002-05-22,0.9999652426771536,0.9999950080070032
2002-05-23,0.9999652426771536,0.9999950080070032
2002-05-24,0.9999652426771536,0.9999950080070032
2002-05-27,0.9999652426771536,0.9999950080070032
2002-05-28,0.9999652426771536,0.9999950080070032
2002-05-29,0.9999652426771536,0.9999950080070032
2002-05-30,0.9999652426771536,0.9999950080070032
2002-05-31,0.99509258143773,1.0044202845256947
2002-06-03,0.9999313601693411,0.9999950519031466
2002-06-04,0.9999646722218483,0.9999950517553969
2002-06-05,0.9999648998918662,0.9999950517553969
2002-06-06,0.999964901447791,0.9999950517553969
2002-06-07,0.9999649014584243,0.9999950517553969
2002-06-10,0.999964901458497,0.9999950517553969
2002-06-11,0.9999649014584975,0.9999950517553969
2002-06-12,0.9999649014584975,0.9999950517553969
2002-06-13,0.9999649014584975,0.9999950517553969
2002-06-14,0.9999649014584975,0.9999950517553969
2002-06-17,0.9999649014584975,0.9999950517553969
2002-06-18,0.9999649014584975,0.9999950517553969
2002-06-19,0.9999649014584975,0.9999950517553969
2002-06-20,0.9999649014584975,0.9999950517553969
2002-06-21,0.9999649014584975,0.9999950517553969
2002-06-24,0.9999649014584975,0.9999950517553969
2002-06-25,0.9999649014584975,0.9999950517553969
2002-06-26,0.9999649014584975,0.9999950517553969
2002-06-27,0.9999649014584975,0.9999950517553969
2002-06-28,0.9999649014584975,0.9999950517553969
2002-07-01,1.0132498018033311,0.9751638037599697
2002-07-02,1.000054834504771,0.9999947965133796
2002-07-03,0.9999664240590613,0.999994797380092
2002-07-04,0.999965819932136,0.999994797380092
2002-07-05,0.9999658158034639,0.999994797380092
2002-07-08,0.999965815775248,0.999994797380092
2002-07-09,0.9999658157750553,0.999994797380092
2002-07-10,0.9999658157750538,0.999994797380092
2002-07-11,0.9999658157750538,0.999994797380092
2002-07-12,0.9999658157750538,0.999994797380092
2002-07-15,0.9999658157750538,0.999994797380092
2002-07-16,0.9999658157750538,0.999994797380092
2002-07-17,0.9999658157750538,0.999994797380092
2002-07-18,0.9999658157750538,0.999994797380092
2002-07-19,0.9999658157750538,0.999994797380092
2002-07-22,0.9999658157750538,0.999994797380092
2002-07-23,0.9999658157750538,0.999994797380092
2002-07-24,0.9999658157750538,0.999994797380092
2002-07-25,0.9999658157750538,0.999994797380092
2002-07-26,0.9999658157750538,0.999994797380092
2002-07-29,0.9999658157750538,0.999994797380092
2002-07-30,0.9999658157750538,0.999994797380092
2002-07-31,0.9903044203503442,1.0108948901042596
2002-08-01,0.9998981604611724,0.9999949089844881
2002-08-02,0.9999646877022846,0.9999949086240455
2002-08-05,0.9999651424031187,0.9999949086240455
2002-08-06,0.999965145510601,0.9999949086240455
2002-08-07,0.9999651455318378,0.9999949086240455
2002-08-08,0.999965145531983,0.9999949086240455
2002-08-09,0.9999651455319838,0.9999949086240455
2002-08-12,0.9999651455319838,0.9999949086240455
2002-08-13,0.9999651455319838,0.9999949086240455
2002-08-14,0.9999651455319838,0.9999949086240455
2002-08-15,0.9999651455319838,0.9999949086240455
2002-08-16,0.9999651455319838,0.9999949086240455
2002-08-19,0.9999651455319838,0.9999949086240455
2002-08-20,0.9999651455319838,0.9999949086240455
2002-08-21,0.9999651455319838,0.9999949086240455
2002-08-22,0.9999651455319838,0.9999949086240455
2002-08-23,0.9999651455319838,0.9999949086240455
2002-08-26,0.9999651455319838,0.9999949086240455
2002-08-27,0.9999651455319838,0.9999949086240455
2002-08-28,0.9999651455319838,0.9999949086240455
2002-08-29,0.9999651455319838,0.9999949086240455
2002-08-30,0.9999651455319838,0.9999949086240455
2002-09-02,0.9938666350198773,1.005586416221088
2002-09-03,0.9999226597733114,0.9999949650942804
2002-09-04,0.9999644290451668,0.9999949649079173
2002-09-05,0.999964714519391,0.9999949649079173
2002-09-06,0.9999647164703568,0.9999949649079173
2002-09-09,0.99996471648369,0.9999949649079173
2002-09-10,0.9999647164837812,0.9999949649079173
2002-09-11,0.9999647164837817,0.9999949649079173
2002-09-12,0.9999647164837817,0.9999949649079173
2002-09-13,0.9999647164837817,0.9999949649079173
2002-09-16,0.9999647164837817,0.9999949649079173
2002-09-17,0.9999647164837817,0.9999949649079173
2002-09-18,0.9999647164837817,0.9999949649079173
2002-09-19,0.9999647164837817,0.9999949649079173
2002-09-20,0.9999647164837817,0.9999949649079173
2002-09-23,0.9999647164837817,0.9999949649079173
2002-09-24,0.9999647164837817,0.9999949649079173
2002-09-25,0.9999647164837817,0.9999949649079173
2002-09-26,0.9999647164837817,0.9999949649079173
2002-09-27,0.9999647164837817,0.9999949649079173
2002-09-30,0.9918848614003474,1.0219219836712925
2002-10-01,0.9999082527996719,0.9999951786891826
2002-10-02,0.9999637573511905,0.9999951779757753
2002-10-03,0.9999641367077559,0.9999951779757753
2002-10-04,0.9999641393003256,0.9999951779757753
2002-10-07,0.9999641393180435,0.9999951779757753
2002-10-08,0.9999641393181646,0.9999951779757753
2002-10-09,0.9999641393181655,0.9999951779757753
2002-10-10,0.9999641393181655,0.9999951779757753
2002-10-11,0.9999641393181655,0.9999951779757753
2002-10-14,0.9999641393181655,0.9999951779757753
2002-10-15,0.9999641393181655,0.9999951779757753
2002-10-16,0.9999641393181655,0.9999951779757753
2002-10-17,0.9999641393181655,0.9999951779757753
2002-10-18,0.9999641393181655,0.9999951779757753
2002-10-21,0.9999641393181655,0.9999951779757753
2002-10-22,0.9999641393181655,0.9999951779757753
2002-10-23,0.9999641393181655,0.9999951779757753
2002-10-24,0.9999641393181655,0.9999951779757753
2002-10-25,0.9999641393181655,0.9999951779757753
2002-10-28,0.9999641393181655,0.9999951779757753
2002-10-29,0.9999641393181655,0.9999951779757753
2002-10-30,0.9999641393181655,0.9999951779757753
2002-10-31,0.9878956180951012,1.0092561298503615
2002-11-01,0.999879279389471,0.9999952660753698
2002-11-04,0.9999626838194124,0.9999952657683847
2002-11-05,0.9999632538871019,0.9999952657683847
2002-11-06,0.9999632577830163,0.9999952657683847
2002-11-07,0.9999632578096415,0.9999952657683847
2002-11-08,0.9999632578098233,0.9999952657683847
2002-11-11,0.9999632578098246,0.9999952657683847
2002-11-12,0.9999632578098246,0.9999952657683847
2002-11-13,0.9999632578098246,0.9999952657683847
2002-11-14,0.9999632578098246,0.9999952657683847
2002-11-15,0.9999632578098246,0.9999952657683847
2002-11-18,0.9999632578098246,0.9999952657683847
2002-11-19,0.9999632578098246,0.9999952657683847
2002-11-20,0.9999632578098246,0.9999952657683847
2002-11-21,0.9999632578098246,0.9999952657683847
2002-11-22,0.9999632578098246,0.9999952657683847
2002-11-25,0.9999632578098246,0.9999952657683847
2002-11-26,0.9999632578098246,0.9999952657683847
2002-11-27,0.9999632578098246,0.9999952657683847
2002-11-28,0.9999632578098246,0.9999952657683847
2002-11-29,0.9999632578098246,0.9999952657683847
2002-12-02,0.9899435520838916,1.0086135312413393
2002-12-03,0.9998930038091265,0.9999953463384563
2002-12-04,0.9999620352276677,0.9999953460525025
2002-12-05,0.9999625070458552,0.9999953460525025
2002-12-06,0.9999625102703196,0.9999953460525025
2002-12-09,0.9999625102923558,0.9999953460525025
2002-12-10,0.9999625102925064,0.9999953460525025
2002-12-11,0.9999625102925075,0.9999953460525025
2002-12-12,0.9999625102925076,0.9999953460525025
2002-12-13,0.9999625102925076,0.9999953460525025
2002-12-16,0.9999625102925076,0.9999953460525025
2002-12-17,0.9999625102925076,0.9999953460525025
2002-12-18,0.9999625102925076,0.9999953460525025
2002-12-19,0.9999625102925076,0.9999953460525025
2002-12-20,0.9999625102925076,0.9999953460525025
2002-12-23,0.9999625102925076,0.9999953460525025
2002-12-24,0.9999625102925076,0.9999953460525025
2002-12-25,0.9999625102925076,0.9999953460525025
2002-12-26,0.9999625102925076,0.9999953460525025
2002-12-27,0.9999625102925076,0.9999953460525025
2002-12-30,0.9999625102925076,0.9999953460525025
2002-12-31,0.9855544080091512,1.021531773323414
2003-01-01,0.9998607927389892,0.9999955402442371
2003-01-02,0.9999607184567638,0.999995539543137
2003-01-03,0.9999614014641853,0.999995539543137
2003-01-06,0.9999614061319447,0.999995539543137
2003-01-07,0.9999614061638449,0.999995539543137
2003-01-08,0.9999614061640629,0.999995539543137
2003-01-09,0.9999614061640643,0.999995539543137
2003-01-10,0.9999614061640643,0.999995539543137
2003-01-13,0.9999614061640643,0.999995539543137
2003-01-14,0.9999614061640643,0.999995539543137
2003-01-15,0.9999614061640643,0.999995539543137
2003-01-16,0.9999614061640643,0.999995539543137
2003-01-17,0.9999614061640643,0.999995539543137
2003-01-20,0.9999614061640643,0.999995539543137
2003-01-21,0.9999614061640643,0.999995539543137
2003-01-22,0.9999614061640643,0.999995539543137
2003-01-23,0.9999614061640643,0.999995539543137
2003-01-24,0.9999614061640643,0.999995539543137
2003-01-27,0.9999614061640643,0.999995539543137
2003-01-28,0.9999614061640643,0.999995539543137
2003-01-29,0.9999614061640643,0.999995539543137
2003-01-30,0.9999614061640643,0.999995539543137
2003-01-31,0.9743198629506818,1.0123155756373647
2003-02-03,0.9997771973420672,0.9999956474669276
2003-02-04,0.9999581029418274,0.9999956470603851
2003-02-05,0.9999593396102793,0.9999956470603849
2003-02-06,0.9999593480618357,0.9999956470603849
2003-02-07,0.9999593481195945,0.9999956470603849
2003-02-10,0.9999593481199892,0.9999956470603849
2003-02-11,0.999959348119992,0.9999956470603849
2003-02-12,0.999959348119992,0.9999956470603849
2003-02-13,0.999959348119992,0.9999956470603849
2003-02-14,0.999959348119992,0.9999956470603849
2003-02-17,0.999959348119992,0.9999956470603849
2003-02-18,0.999959348119992,0.9999956470603849
2003-02-19,0.999959348119992,0.9999956470603849
2003-02-20,0.999959348119992,0.9999956470603849
2003-02-21,0.999959348119992,0.9999956470603849
2003-02-24,0.999959348119992,0.9999956470603849
2003-02-25,0.999959348119992,0.9999956470603849
2003-02-26,0.999959348119992,0.9999956470603849
2003-02-27,0.999959348119992,0.9999956470603849
2003-02-28,1.0065490706784088,0.9948314661524985
2003-03-03,1.0000044717365493,0.9999956017440801
2003-03-04,0.9999601833784677,0.9999956019189997
2003-03-05,0.9999598807267591,0.9999956019189997
2003-03-06,0.9999598786584019,0.9999956019189997
2003-03-07,0.9999598786442664,0.9999956019189997
2003-03-10,0.9999598786441698,0.9999956019189997
2003-03-11,0.9999598786441692,0.9999956019189997
2003-03-12,0.9999598786441692,0.9999956019189997
2003-03-13,0.9999598786441692,0.9999956019189997
2003-03-14,0.9999598786441692,0.9999956019189997
2003-03-17,0.9999598786441692,0.9999956019189997
2003-03-18,0.9999598786441692,0.9999956019189997
2003-03-19,0.9999598786441692,0.9999956019189997
2003-03-20,0.9999598786441692,0.9999956019189997
2003-03-21,0.9999598786441692,0.9999956019189997
2003-03-24,0.9999598786441692,0.9999956019189997
2003-03-25,0.9999598786441692,0.9999956019189997
2003-03-26,0.9999598786441692,0.9999956019189997
2003-03-27,0.9999598786441692,0.9999956019189997
2003-03-28,0.9999598786441692,0.9999956019189997
2003-03-31,0.9642057288204117,0.7695157350501437
2003-04-01,0.9996988636780271,0.9999925723833929
2003-04-02,0.9999550842934085,0.999992583957247
2003-04-03,0.9999568360136788,0.9999925839572472
2003-04-04,0.9999568479851769,0.9999925839572472
2003-04-07,0.9999568480669915,0.9999925839572472
2003-04-08,0.9999568480675507,0.9999925839572472
2003-04-09,0.9999568480675546,0.9999925839572472
2003-04-10,0.9999568480675546,0.9999925839572472
2003-04-11,0.9999568480675546,0.9999925839572472
2003-04-14,0.9999568480675546,0.9999925839572472
2003-04-15,0.9999568480675546,0.9999925839572472
2003-04-16,0.9999568480675546,0.9999925839572472
2003-04-17,0.9999568480675546,0.9999925839572472
2003-04-18,0.9999568480675546,0.9999925839572472
2003-04-21,0.9999568480675546,0.9999925839572472
2003-04-22,0.9999568480675546,0.9999925839572472
2003-04-23,0.9999568480675546,0.9999925839572472
2003-04-24,0.9999568480675546,0.9999925839572472
2003-04-25,0.9999568480675546,0.9999925839572472
2003-04-28,0.9999568480675546,0.9999925839572472
2003-04-29,0.9999568480675546,0.9999925839572472
2003-04-30,0.969830838297836,1.0072875296184283
2003-05-01,0.9997386384701791,0.9999926909932635
2003-05-02,0.9999526525340858,0.9999926907507422
2003-05-05,0.9999541156047684,0.9999926907507422
2003-05-06,0.9999541256035911,0.9999926907507422
2003-05-07,0.9999541256719242,0.9999926907507422
2003-05-08,0.9999541256723913,0.9999926907507422
2003-05-09,0.9999541256723945,0.9999926907507422
2003-05-12,0.9999541256723945,0.9999926907507422
2003-05-13,0.9999541256723945,0.9999926907507422
2003-05-14,0.9999541256723945,0.9999926907507422
2003-05-15,0.9999541256723945,0.9999926907507422
2003-05-16,0.9999541256723945,0.9999926907507422
2003-05-19,0.9999541256723945,0.9999926907507422
2003-05-20,0.9999541256723945,0.9999926907507422
2003-05-21,0.9999541256723945,0.9999926907507422
2003-05-22,0.9999541256723945,0.9999926907507422
2003-05-23,0.9999541256723945,0.9999926907507422
2003-05-26,0.9999541256723945,0.9999926907507422
2003-05-27,0.9999541256723945,0.9999926907507422
2003-05-28,0.9999541256723945,0.9999926907507422
2003-05-29,0.9999541256723945,0.9999926907507422
2003-05-30,0.9999541256723945,0.9999926907507422
2003-06-02,0.985957497123611,1.013392381825377
2003-06-03,0.9998551365439589,0.9999928827831007
2003-06-04,0.9999521463885523,0.9999928823416385
2003-06-05,0.9999528094626192,0.9999928823416385
2003-06-06,0.9999528139941515,0.9999928823416385
2003-06-09,0.9999528140251205,0.9999928823416385
2003-06-10,0.9999528140253322,0.9999928823416385
2003-06-11,0.9999528140253336,0.9999928823416385
2003-06-12,0.9999528140253336,0.9999928823416385
2003-06-13,0.9999528140253336,0.9999928823416385
2003-06-16,0.9999528140253336,0.9999928823416385
2003-06-17,0.9999528140253336,0.9999928823416385
2003-06-18,0.9999528140253336,0.9999928823416385
2003-06-19,0.9999528140253336,0.9999928823416385
2003-06-20,0.9999528140253336,0.9999928823416385
2003-06-23,0.9999528140253336,0.9999928823416385
2003-06-24,0.9999528140253336,0.9999928823416385
2003-06-25,0.9999528140253336,0.9999928823416385
2003-06-26,0.9999528140253336,0.9999928823416385
2003-06-27,0.9999528140253336,0.9999928823416385
2003-06-30,0.998098592835738,0.9893318277815121
2003-07-01,0.9999399326948184,0.9999927281022565
2003-07-02,0.9999525517157983,0.9999927284663799
2003-07-03,0.9999526379573455,0.9999927284663799
2003-07-04,0.9999526385467306,0.9999927284663799
2003-07-07,0.9999526385507586,0.9999927284663799
2003-07-08,0.9999526385507861,0.9999927284663799
2003-07-09,0.9999526385507863,0.9999927284663799
2003-07-10,0.9999526385507863,0.9999927284663799
2003-07-11,0.9999526385507863,0.9999927284663799
2003-07-14,0.9999526385507863,0.9999927284663799
2003-07-15,0.9999526385507863,0.9999927284663799
2003-07-16,0.9999526385507863,0.9999927284663799
2003-07-17,0.9999526385507863,0.9999927284663799
2003-07-18,0.9999526385507863,0.9999927284663799
2003-07-21,0.9999526385507863,0.9999927284663799
2003-07-22,0.9999526385507863,0.9999927284663799
2003-07-23,0.9999526385507863,0.9999927284663799
2003-07-24,0.9999526385507863,0.9999927284663799
2003-07-25,0.9999526385507863,0.9999927284663799
2003-07-28,0.9999526385507863,0.9999927284663799
2003-07-29,0.9999526385507863,0.9999927284663799
2003-07-30,0.9999526385507863,0.9999927284663799
2003-07-31,0.9787484396178756,1.0289098331152435
2003-08-01,0.9998009577379576,0.9999931314830689
2003-08-04,0.9999495416328495,0.9999931305517706
2003-08-05,0.9999505573009353,0.9999931305517706
2003-08-06,0.9999505642421435,0.9999931305517706
2003-08-07,0.9999505642895805,0.9999931305517706
2003-08-08,0.9999505642899047,0.9999931305517706
2003-08-11,0.999950564289907,0.9999931305517706
2003-08-12,0.999950564289907,0.9999931305517706
2003-08-13,0.999950564289907,0.9999931305517706
2003-08-14,0.999950564289907,0.9999931305517706
2003-08-15,0.999950564289907,0.9999931305517706
2003-08-18,0.999950564289907,0.9999931305517706
2003-08-19,0.999950564289907,0.9999931305517706
2003-08-20,0.999950564289907,0.9999931305517706
2003-08-21,0.999950564289907,0.9999931305517706
2003-08-22,0.999950564289907,0.9999931305517706
2003-08-25,0.999950564289907,0.9999931305517706
2003-08-26,0.999950564289907,0.9999931305517706
2003-08-27,0.999950564289907,0.9999931305517706
2003-08-28,0.999950564289907,0.9999931305517706
2003-08-29,0.999950564289907,0.9999931305517706
2003-09-01,0.9868765272405645,1.0116841523637068
2003-09-02,0.9998581347509182,0.9999932884149505
2003-09-03,0.999948623095941,0.9999932880288073
2003-09-04,0.9999492415886742,0.9999932880288073
2003-09-05,0.9999492458155318,0.9999932880288073
2003-09-08,0.9999492458444186,0.9999932880288073
2003-09-09,0.999949245844616,0.9999932880288073
2003-09-10,0.9999492458446174,0.9999932880288073
2003-09-11,0.9999492458446174,0.9999932880288073
2003-09-12,0.9999492458446174,0.9999932880288073
2003-09-15,0.9999492458446174,0.9999932880288073
2003-09-16,0.9999492458446174,0.9999932880288073
2003-09-17,0.9999492458446174,0.9999932880288073
2003-09-18,0.9999492458446174,0.9999932880288073
2003-09-19,0.9999492458446174,0.9999932880288073
2003-09-22,0.9999492458446174,0.9999932880288073
2003-09-23,0.9999492458446174,0.9999932880288073
2003-09-24,0.9999492458446174,0.9999932880288073
2003-09-25,0.9999492458446174,0.9999932880288073
2003-09-26,0.9999492458446174,0.9999932880288073
2003-09-29,0.9999492458446174,0.9999932880288073
2003-09-30,0.9910635748256761,1.023207346947153
2003-10-01,0.9998867989440289,0.9999935891574835
2003-10-02,0.999947911151157,0.9999935884036235
2003-10-03,0.9999483288378649,0.9999935884036235
2003-10-06,0.9999483316923878,0.9999935884036235
2003-10-07,0.9999483317118959,0.9999935884036235
2003-10-08,0.9999483317120293,0.9999935884036235
2003-10-09,0.9999483317120302,0.9999935884036235
2003-10-10,0.9999483317120302,0.9999935884036235
2003-10-13,0.9999483317120302,0.9999935884036235
2003-10-14,0.9999483317120302,0.9999935884036235
2003-10-15,0.9999483317120302,0.9999935884036235
2003-10-16,0.9999483317120302,0.9999935884036235
2003-10-17,0.9999483317120302,0.9999935884036235
2003-10-20,0.9999483317120302,0.9999935884036235
2003-10-21,0.9999483317120302,0.9999935884036235
2003-10-22,0.9999483317120302,0.9999935884036235
2003-10-23,0.9999483317120302,0.9999935884036235
2003-10-24,0.9999483317120302,0.9999935884036235
2003-10-27,0.9999483317120302,0.9999935884036235
2003-10-28,0.9999483317120302,0.9999935884036235
2003-10-29,0.9999483317120302,0.9999935884036235
2003-10-30,0.9999483317120302,0.9999935884036235
2003-10-31,0.9994682604985657,0.9914691657105992
2003-11-03,0.9999449991949825,0.999993477668301
2003-11-04,0.9999482596318764,0.9999934779585071
2003-11-05,0.999948281914203,0.9999934779585071
2003-11-06,0.999948282066483,0.9999934779585071
2003-11-07,0.9999482820675238,0.9999934779585071
2003-11-10,0.999948282067531,0.9999934779585071
2003-11-11,0.999948282067531,0.9999934779585071
2003-11-12,0.999948282067531,0.9999934779585071
2003-11-13,0.999948282067531,0.9999934779585071
2003-11-14,0.999948282067531,0.9999934779585071
2003-11-17,0.999948282067531,0.9999934779585071
2003-11-18,0.999948282067531,0.9999934779585071
2003-11-19,0.999948282067531,0.9999934779585071
2003-11-20,0.999948282067531,0.9999934779585071
2003-11-21,0.999948282067531,0.9999934779585071
2003-11-24,0.999948282067531,0.9999934779585071
2003-11-25,0.999948282067531,0.9999934779585071
2003-11-26,0.999948282067531,0.9999934779585071
2003-11-27,0.999948282067531,0.9999934779585071
2003-11-28,0.999948282067531,0.9999934779585071
2003-12-01,1.0044070835974643,0.996192796341646
2003-12-02,0.9999790078610152,0.9999934280930534
2003-12-03,0.9999489470433125,0.9999934282215238
2003-12-04,0.9999487416134046,0.9999934282215238
2003-12-05,0.9999487402094726,0.9999934282215238
2003-12-08,0.9999487401998778,0.9999934282215238
2003-12-09,0.9999487401998122,0.9999934282215238
2003-12-10,0.9999487401998117,0.9999934282215238
2003-12-11,0.9999487401998117,0.9999934282215238
2003-12-12,0.9999487401998117,0.9999934282215238
2003-12-15,0.9999487401998117,0.9999934282215238
2003-12-16,0.9999487401998117,0.9999934282215238
2003-12-17,0.9999487401998117,0.9999934282215238
2003-12-18,0.9999487401998117,0.9999934282215238
2003-12-19,0.9999487401998117,0.9999934282215238
2003-12-22,0.9999487401998117,0.9999934282215238
2003-12-23,0.9999487401998117,0.9999934282215238
2003-12-24,0.9999487401998117,0.9999934282215238
2003-12-25,0.9999487401998117,0.9999934282215238
2003-12-26,0.9999487401998117,0.9999934282215238
2003-12-29,0.9999487401998117,0.9999934282215238
2003-12-30,0.9999487401998117,0.9999934282215238
2003-12-31,0.9954937913206061,1.0089217403011992
2004-01-01,0.9999176346731689,0.9999935440296698
2004-01-02,0.9999480709652672,0.9999935437335661
2004-01-05,0.9999482789801012,0.9999935437335661
2004-01-06,0.9999482804017,0.9999935437335661
2004-01-07,0.9999482804114154,0.9999935437335661
2004-01-08,0.9999482804114818,0.9999935437335661
2004-01-09,0.9999482804114823,0.9999935437335661
2004-01-12,0.9999482804114823,0.9999935437335661
2004-01-13,0.9999482804114823,0.9999935437335661
2004-01-14,0.9999482804114823,0.9999935437335661
2004-01-15,0.9999482804114823,0.9999935437335661
2004-01-16,0.9999482804114823,0.9999935437335661
2004-01-19,0.9999482804114823,0.9999935437335661
2004-01-20,0.9999482804114823,0.9999935437335661
2004-01-21,0.9999482804114823,0.9999935437335661
2004-01-22,0.9999482804114823,0.9999935437335661
2004-01-23,0.9999482804114823,0.9999935437335661
2004-01-26,0.9999482804114823,0.9999935437335661
2004-01-27,0.9999482804114823,0.9999935437335661
2004-01-28,0.9999482804114823,0.9999935437335661
2004-01-29,0.9999482804114823,0.9999935437335661
2004-01-30,0.9999482804114823,0.9999935437335661
2004-02-02,0.9919631354729214,0.9935500925938435
2004-02-03,0.9998922227208688,0.9999934597127051
2004-02-04,0.999947067015334,0.9999934599313769
2004-02-05,0.9999474418588717,0.9999934599313769
2004-02-06,0.9999474444205989,0.9999934599313769
2004-02-09,0.9999474444381061,0.9999934599313769
2004-02-10,0.9999474444382258,0.9999934599313769
2004-02-11,0.9999474444382266,0.9999934599313769
2004-02-12,0.9999474444382266,0.9999934599313769
2004-02-13,0.9999474444382266,0.9999934599313769
2004-02-16,0.9999474444382266,0.9999934599313769
2004-02-17,0.9999474444382266,0.9999934599313769
2004-02-18,0.9999474444382266,0.9999934599313769
2004-02-19,0.9999474444382266,0.9999934599313769
2004-02-20,0.9999474444382266,0.9999934599313769
2004-02-23,0.9999474444382266,0.9999934599313769
2004-02-24,0.9999474444382266,0.9999934599313769
2004-02-25,0.9999474444382266,0.9999934599313769
2004-02-26,0.9999474444382266,0.9999934599313769
2004-02-27,0.9999474444382266,0.9999934599313769
2004-03-01,1.00144435362992,0.9987266804760703
2004-03-02,0.9999578076463881,0.9999934433285383
2004-03-03,0.999947671176296,0.999993443371195
2004-03-04,0.9999476019035038,0.999993443371195
2004-03-05,0.9999476014300853,0.999993443371195
2004-03-08,0.9999476014268498,0.999993443371195
2004-03-09,0.9999476014268278,0.999993443371195
2004-03-10,0.9999476014268277,0.999993443371195
2004-03-11,0.9999476014268277,0.999993443371195
2004-03-12,0.9999476014268277,0.999993443371195
2004-03-15,0.9999476014268277,0.999993443371195
2004-03-16,0.9999476014268277,0.999993443371195
2004-03-17,0.9999476014268277,0.999993443371195
2004-03-18,0.9999476014268277,0.999993443371195
2004-03-19,0.9999476014268277,0.999993443371195
2004-03-22,0.9999476014268277,0.999993443371195
2004-03-23,0.9999476014268277,0.999993443371195
2004-03-24,0.9999476014268277,0.999993443371195
2004-03-25,0.9999476014268277,0.999993443371195
2004-03-26,0.9999476014268277,0.999993443371195
2004-03-29,0.9999476014268277,0.999993443371195
2004-03-30,0.9999476014268277,0.999993443371195
2004-03-31,0.9855165641736594,0.7316680242533643
2004-04-01,0.9998452817460239,0.9999877520410537
2004-04-02,0.9999453669200608,0.99998776662641
2004-04-05,0.9999460510175565,0.9999877666264103
2004-04-06,0.9999460556927656,0.9999877666264103
2004-04-07,0.9999460557247164,0.9999877666264103
2004-04-08,0.999946055724935,0.9999877666264103
2004-04-09,0.9999460557249364,0.9999877666264103
2004-04-12,0.9999460557249364,0.9999877666264103
2004-04-13,0.9999460557249364,0.9999877666264103
2004-04-14,0.9999460557249364,0.9999877666264103
2004-04-15,0.9999460557249364,0.9999877666264103
2004-04-16,0.9999460557249364,0.9999877666264103
2004-04-19,0.9999460557249364,0.9999877666264103
2004-04-20,0.9999460557249364,0.9999877666264103
2004-04-21,0.9999460557249364,0.9999877666264103
2004-04-22,0.9999460557249364,0.9999877666264103
2004-04-23,0.9999460557249364,0.9999877666264103
2004-04-26,0.9999460557249364,0.9999877666264103
2004-04-27,0.9999460557249364,0.9999877666264103
2004-04-28,0.9999460557249364,0.9999877666264103
2004-04-29,0.9999460557249364,0.9999877666264103
2004-04-30,0.9925676621733727,1.003101989696875
2004-05-03,0.9998942718304364,0.9999878424705649
2004-05-04,0.9999449023649893,0.9999878423663857
2004-05-05,0.9999452484065984,0.9999878423663857
2004-05-06,0.9999452507714897,0.9999878423663857
2004-05-07,0.9999452507876515,0.9999878423663857
2004-05-10,0.9999452507877619,0.9999878423663857
2004-05-11,0.9999452507877626,0.9999878423663857
2004-05-12,0.9999452507877626,0.9999878423663857
2004-05-13,0.9999452507877626,0.9999878423663857
2004-05-14,0.9999452507877626,0.9999878423663857
2004-05-17,0.9999452507877626,0.9999878423663857
2004-05-18,0.9999452507877626,0.9999878423663857
2004-05-19,0.9999452507877626,0.9999878423663857
2004-05-20,0.9999452507877626,0.9999878423663857
2004-05-21,0.9999452507877626,0.9999878423663857
2004-05-24,0.9999452507877626,0.9999878423663857
2004-05-25,0.9999452507877626,0.9999878423663857
2004-05-26,0.9999452507877626,0.9999878423663857
2004-05-27,0.9999452507877626,0.9999878423663857
2004-05-28,0.9999452507877626,0.9999878423663857
2004-05-31,0.9754835215301825,1.0276459091521324
2004-06-01,0.9997690211057547,0.999988488005584
2004-06-02,0.9999412850195153,0.9999884871132124
2004-06-03,0.9999424625981407,0.9999884871132124
2004-06-04,0.9999424706458686,0.9999884871132124
2004-06-07,0.9999424707008677,0.9999884871132124
2004-06-08,0.9999424707012435,0.9999884871132124
2004-06-09,0.9999424707012462,0.9999884871132124
2004-06-10,0.9999424707012462,0.9999884871132124
2004-06-11,0.9999424707012462,0.9999884871132124
2004-06-14,0.9999424707012462,0.9999884871132124
2004-06-15,0.9999424707012462,0.9999884871132124
2004-06-16,0.9999424707012462,0.9999884871132124
2004-06-17,0.9999424707012462,0.9999884871132124
2004-06-18,0.9999424707012462,0.9999884871132124
2004-06-21,0.9999424707012462,0.9999884871132124
2004-06-22,0.9999424707012462,0.9999884871132124
2004-06-23,0.9999424707012462,0.9999884871132124
2004-06-24,0.9999424707012462,0.9999884871132124
2004-06-25,0.9999424707012462,0.9999884871132124
2004-06-28,0.9999424707012462,0.9999884871132124
2004-06-29,0.9999424707012462,0.9999884871132124
2004-06-30,0.9896380503488167,1.029774364991301
2004-07-01,0.9998697573385066,0.9999891435215033
2004-07-02,0.999940777765363,0.9999891425634411
2004-07-05,0.9999412631795488,0.999989142563441
2004-07-06,0.99994126649693,0.999989142563441
2004-07-07,0.9999412665196014,0.999989142563441
2004-07-08,0.9999412665197563,0.999989142563441
2004-07-09,0.9999412665197572,0.999989142563441
2004-07-12,0.9999412665197572,0.999989142563441
2004-07-13,0.9999412665197572,0.999989142563441
2004-07-14,0.9999412665197572,0.999989142563441
2004-07-15,0.9999412665197572,0.999989142563441
2004-07-16,0.9999412665197572,0.999989142563441
2004-07-19,0.9999412665197572,0.999989142563441
2004-07-20,0.9999412665197572,0.999989142563441
2004-07-21,0.9999412665197572,0.999989142563441
2004-07-22,0.9999412665197572,0.999989142563441
2004-07-23,0.9999412665197572,0.999989142563441
2004-07-26,0.9999412665197572,0.999989142563441
2004-07-27,0.9999412665197572,0.999989142563441
2004-07-28,0.9999412665197572,0.999989142563441
2004-07-29,0.9999412665197572,0.999989142563441
2004-07-30,0.9999412665197572,0.999989142563441
2004-08-02,0.9898537318817815,0.9851909738280193
2004-08-03,0.9998700823905345,0.9999888139283528
2004-08-04,0.9999395850976077,0.9999888144369675
2004-08-05,0.9999400601373125,0.9999888144369675
2004-08-06,0.9999400633837932,0.9999888144369675
2004-08-09,0.9999400634059802,0.9999888144369675
2004-08-10,0.9999400634061317,0.9999888144369675
2004-08-11,0.9999400634061328,0.9999888144369675
2004-08-12,0.9999400634061328,0.9999888144369675
2004-08-13,0.9999400634061328,0.9999888144369675
2004-08-16,0.9999400634061328,0.9999888144369675
2004-08-17,0.9999400634061328,0.9999888144369675
2004-08-18,0.9999400634061328,0.9999888144369675
2004-08-19,0.9999400634061328,0.9999888144369675
2004-08-20,0.9999400634061328,0.9999888144369675
2004-08-23,0.9999400634061328,0.9999888144369675
2004-08-24,0.9999400634061328,0.9999888144369675
2004-08-25,0.9999400634061328,0.9999888144369675
2004-08-26,0.9999400634061328,0.9999888144369675
2004-08-27,0.9999400634061328,0.9999888144369675
2004-08-30,0.9999400634061328,0.9999888144369675
2004-08-31,0.9983414967577495,1.001646343605867
2004-09-01,0.9999289217714926,0.999988851427787
2004-09-02,0.9999397964906606,0.9999888513722172
2004-09-03,0.9999398708110169,0.9999888513722172
2004-09-06,0.9999398713189311,0.9999888513722172
2004-09-07,0.9999398713224021,0.9999888513722172
2004-09-08,0.9999398713224259,0.9999888513722172
2004-09-09,0.9999398713224261,0.9999888513722172
2004-09-10,0.9999398713224261,0.9999888513722172
2004-09-13,0.9999398713224261,0.9999888513722172
2004-09-14,0.9999398713224261,0.9999888513722172
2004-09-15,0.9999398713224261,0.9999888513722172
2004-09-16,0.9999398713224261,0.9999888513722172
2004-09-17,0.9999398713224261,0.9999888513722172
2004-09-20,0.9999398713224261,0.9999888513722172
2004-09-21,0.9999398713224261,0.9999888513722172
2004-09-22,0.9999398713224261,0.9999888513722172
2004-09-23,0.9999398713224261,0.9999888513722172
2004-09-24,0.9999398713224261,0.9999888513722172
2004-09-27,0.9999398713224261,0.9999888513722172
2004-09-28,0.9999398713224261,0.9999888513722172
2004-09-29,0.9999398713224261,0.9999888513722172
2004-09-30,1.0051273469386575,0.9905360674405069
2004-10-01,0.9999756658702336,0.9999886375627414
2004-10-04,0.9999407307086869,0.9999886378850028
2004-10-05,0.9999404919701984,0.9999886378850028
2004-10-06,0.9999404903386315,0.9999886378850028
2004-10-07,0.999940490327481,0.9999886378850028
2004-10-08,0.999940490327405,0.9999886378850028
2004-10-11,0.9999404903274044,0.9999886378850028
2004-10-12,0.9999404903274044,0.9999886378850028
2004-10-13,0.9999404903274044,0.9999886378850028
2004-10-14,0.9999404903274044,0.9999886378850028
2004-10-15,0.9999404903274044,0.9999886378850028
2004-10-18,0.9999404903274044,0.9999886378850028
2004-10-19,0.9999404903274044,0.9999886378850028
2004-10-20,0.9999404903274044,0.9999886378850028
2004-10-21,0.9999404903274044,0.9999886378850028
2004-10-22,0.9999404903274044,0.9999886378850028
2004-10-25,0.9999404903274044,0.9999886378850028
2004-10-26,0.9999404903274044,0.9999886378850028
2004-10-27,0.9999404903274044,0.9999886378850028
2004-10-28,0.9999404903274044,0.9999886378850028
2004-10-29,0.9999404903274044,0.9999886378850028
2004-11-01,0.998910066464465,1.0047933969762666
2004-11-02,0.9999333154747342,0.9999887462933602
2004-11-03,0.9999403193035871,0.9999887461330332
2004-11-04,0.9999403671691002,0.9999887461330332
2004-11-05,0.9999403674962187,0.9999887461330332
2004-11-08,0.9999403674984544,0.9999887461330332
2004-11-09,0.9999403674984696,0.9999887461330332
2004-11-10,0.9999403674984696,0.9999887461330332
2004-11-11,0.9999403674984696,0.9999887461330332
2004-11-12,0.9999403674984696,0.9999887461330332
2004-11-15,0.9999403674984696,0.9999887461330332
2004-11-16,0.9999403674984696,0.9999887461330332
2004-11-17,0.9999403674984696,0.9999887461330332
2004-11-18,0.9999403674984696,0.9999887461330332
2004-11-19,0.9999403674984696,0.9999887461330332
2004-11-22,0.9999403674984696,0.9999887461330332
2004-11-23,0.9999403674984696,0.9999887461330332
2004-11-24,0.9999403674984696,0.9999887461330332
2004-11-25,0.9999403674984696,0.9999887461330332
2004-11-26,0.9999403674984696,0.9999887461330332
2004-11-29,0.9999403674984696,0.9999887461330332
2004-11-30,0.995152550214049,1.0049765147058989
2004-12-01,0.9999068409437271,0.9999888575680715
2004-12-02,0.9999395671533502,0.999988857401683
2004-12-03,0.9999397908192486,0.999988857401683
2004-12-06,0.9999397923478086,0.999988857401683
2004-12-07,0.999939792358255,0.999988857401683
2004-12-08,0.9999397923583264,0.999988857401683
2004-12-09,0.999939792358327,0.999988857401683
2004-12-10,0.999939792358327,0.999988857401683
2004-12-13,0.999939792358327,0.999988857401683
2004-12-14,0.999939792358327,0.999988857401683
2004-12-15,0.999939792358327,0.999988857401683
2004-12-16,0.999939792358327,0.999988857401683
2004-12-17,0.999939792358327,0.999988857401683
2004-12-20,0.999939792358327,0.999988857401683
2004-12-21,0.999939792358327,0.999988857401683
2004-12-22,0.999939792358327,0.999988857401683
2004-12-23,0.999939792358327,0.999988857401683
2004-12-24,0.999939792358327,0.999988857401683
2004-12-27,0.999939792358327,0.999988857401683
2004-12-28,0.999939792358327,0.999988857401683
2004-12-29,0.999939792358327,0.999988857401683
2004-12-30,0.999939792358327,0.999988857401683
2004-12-31,0.9777209234006098,1.0290568964967797
2005-01-03,0.9997800204899349,0.9999894780343169
2005-01-04,0.9999359517769374,0.9999894770983696
2005-01-05,0.9999370176810867,0.9999894770983695
2005-01-06,0.9999370249656153,0.9999894770983695
2005-01-07,0.9999370250153986,0.9999894770983695
2005-01-10,0.9999370250157389,0.9999894770983695
2005-01-11,0.9999370250157413,0.9999894770983695
2005-01-12,0.9999370250157413,0.9999894770983695
2005-01-13,0.9999370250157413,0.9999894770983695
2005-01-14,0.9999370250157413,0.9999894770983695
2005-01-17,0.9999370250157413,0.9999894770983695
2005-01-18,0.9999370250157413,0.9999894770983695
2005-01-19,0.9999370250157413,0.9999894770983695
2005-01-20,0.9999370250157413,0.9999894770983695
2005-01-21,0.9999370250157413,0.9999894770983695
2005-01-24,0.9999370250157413,0.9999894770983695
2005-01-25,0.9999370250157413,0.9999894770983695
2005-01-26,0.9999370250157413,0.9999894770983695
2005-01-27,0.9999370250157413,0.9999894770983695
2005-01-28,0.9999370250157413,0.9999894770983695
2005-01-31,0.9973532768890361,0.998353415213801
2005-02-01,0.9999189747327646,0.9999894425794269
2005-02-02,0.9999365772030835,0.9999894426345488
2005-02-03,0.999936697503676,0.9999894426345488
2005-02-04,0.9999366983258249,0.9999894426345488
2005-02-07,0.9999366983314435,0.9999894426345488
2005-02-08,0.9999366983314818,0.9999894426345488
2005-02-09,0.999936698331482,0.9999894426345488
2005-02-10,0.999936698331482,0.9999894426345488
2005-02-11,0.999936698331482,0.9999894426345488
2005-02-14,0.999936698331482,0.9999894426345488
2005-02-15,0.999936698331482,0.9999894426345488
2005-02-16,0.999936698331482,0.9999894426345488
2005-02-17,0.999936698331482,0.9999894426345488
2005-02-18,0.999936698331482,0.9999894426345488
2005-02-21,0.999936698331482,0.9999894426345488
2005-02-22,0.999936698331482,0.9999894426345488
2005-02-23,0.999936698331482,0.9999894426345488
2005-02-24,0.999936698331482,0.9999894426345488
2005-02-25,0.999936698331482,0.9999894426345488
2005-02-28,0.9982894437003695,1.0015996856985703
2005-03-01,0.9999252054819235,0.9999894765544323
2005-03-02,0.9999364121538549,0.9999894765004438
2005-03-03,0.9999364887428918,0.9999894765004438
2005-03-04,0.9999364892663106,0.9999894765004438
2005-03-07,0.9999364892698875,0.9999894765004438
2005-03-08,0.9999364892699122,0.9999894765004438
2005-03-09,0.9999364892699124,0.9999894765004438
2005-03-10,0.9999364892699124,0.9999894765004438
2005-03-11,0.9999364892699124,0.9999894765004438
2005-03-14,0.9999364892699124,0.9999894765004438
2005-03-15,0.9999364892699124,0.9999894765004438
2005-03-16,0.9999364892699124,0.9999894765004438
2005-03-17,0.9999364892699124,0.9999894765004438
2005-03-18,0.9999364892699124,0.9999894765004438
2005-03-21,0.9999364892699124,0.9999894765004438
2005-03-22,0.9999364892699124,0.9999894765004438
2005-03-23,0.9999364892699124,0.9999894765004438
2005-03-24,0.9999364892699124,0.9999894765004438
2005-03-25,0.9999364892699124,0.9999894765004438
2005-03-28,0.9999364892699124,0.9999894765004438
2005-03-29,0.9999364892699124,0.9999894765004438
2005-03-30,0.9999364892699124,0.9999894765004438
2005-03-31,0.9711684223911989,0.2821910036985663
2005-04-01,0.999727336485575,0.9998678670871184
2005-04-04,0.9999312675001958,0.999868061233659
2005-04-05,0.9999326616186033,0.9998680612336656
2005-04-06,0.9999326711461956,0.9998680612336656
2005-04-07,0.9999326712113085,0.9998680612336656
2005-04-08,0.9999326712117533,0.9998680612336656
2005-04-11,0.9999326712117564,0.9998680612336656
2005-04-12,0.9999326712117564,0.9998680612336656
2005-04-13,0.9999326712117564,0.9998680612336656
2005-04-14,0.9999326712117564,0.9998680612336656
2005-04-15,0.9999326712117564,0.9998680612336656
2005-04-18,0.9999326712117564,0.9998680612336656
2005-04-19,0.9999326712117564,0.9998680612336656
2005-04-20,0.9999326712117564,0.9998680612336656
2005-04-21,0.9999326712117564,0.9998680612336656
2005-04-22,0.9999326712117564,0.9998680612336656
2005-04-25,0.9999326712117564,0.9998680612336656
2005-04-26,0.9999326712117564,0.9998680612336656
2005-04-27,0.9999326712117564,0.9998680612336656
2005-04-28,0.9999326712117564,0.9998680612336656
2005-04-29,0.9999326712117564,0.9998680612336656
2005-05-02,0.9969231642271816,1.0120924039864043
2005-05-03,0.9999116070178635,0.99987122857865
2005-05-04,0.9999321229513054,0.9998712281753084
2005-05-05,0.9999322631640009,0.9998712281753084
2005-05-06,0.9999322641222314,0.9998712281753084
2005-05-09,0.9999322641287801,0.9998712281753084
2005-05-10,0.9999322641288246,0.9998712281753084
2005-05-11,0.9999322641288251,0.9998712281753084
2005-05-12,0.9999322641288251,0.9998712281753084
2005-05-13,0.9999322641288251,0.9998712281753084
2005-05-16,0.9999322641288251,0.9998712281753084
2005-05-17,0.9999322641288251,0.9998712281753084
2005-05-18,0.9999322641288251,0.9998712281753084
2005-05-19,0.9999322641288251,0.9998712281753084
2005-05-20,0.9999322641288251,0.9998712281753084
2005-05-23,0.9999322641288251,0.9998712281753084
2005-05-24,0.9999322641288251,0.9998712281753084
2005-05-25,0.9999322641288251,0.9998712281753084
2005-05-26,0.9999322641288251,0.9998712281753084
2005-05-27,0.9999322641288251,0.9998712281753084
2005-05-30,0.9999322641288251,0.9998712281753084
2005-05-31,0.9999322641288251,0.9998712281753084
2005-06-01,0.9999322641288251,0.9998712281753084
2005-06-02,0.9999322641288251,0.9998712281753084
2005-06-03,0.9999322641288251,0.9998712281753084
2005-06-06,0.9999322641288251,0.9998712281753084
2005-06-07,0.9999322641288251,0.9998712281753084
2005-06-08,0.9999322641288251,0.9998712281753084
2005-06-09,0.9999322641288251,0.9998712281753084
2005-06-10,0.9999322641288251,0.9998712281753084
2005-06-13,0.9999322641288251,0.9998712281753084
2005-06-14,0.9999322641288251,0.9998712281753084
2005-06-15,0.9999322641288251,0.9998712281753084
2005-06-16,0.9999322641288251,0.9998712281753084
2005-06-17,0.9999322641288251,0.9998712281753084
2005-06-20,0.9999322641288251,0.9998712281753084
2005-06-21,0.9999322641288251,0.9998712281753084
2005-06-22,0.9999322641288251,0.9998712281753084
2005-06-23,0.9999322641288251,0.9998712281753084
2005-06-24,0.9999322641288251,0.9998712281753084
2005-06-27,0.9999322641288251,0.9998712281753084
2005-06-28,0.9999322641288251,0.9998712281753084
2005-06-29,0.9999322641288251,0.9998712281753084
2005-06-30,0.639222110002527,-1.4449498439730584
2005-07-01,0.9949285174140025,-0.9999383341528135
2005-07-04,0.9998004984430245,-0.999938325396239
2005-07-05,0.9998340407973695,-0.9999383253962388
2005-07-06,0.9998342700414583,-0.9999383253962388
2005-07-07,0.9998342716081404,-0.9999383253962388
2005-07-08,0.9998342716188473,-0.9999383253962388
2005-07-11,0.9998342716189205,-0.9999383253962388
2005-07-12,0.9998342716189211,-0.9999383253962388
2005-07-13,0.9998342716189211,-0.9999383253962388
2005-07-14,0.9998342716189211,-0.9999383253962388
2005-07-15,0.9998342716189211,-0.9999383253962388
2005-07-18,0.9998342716189211,-0.9999383253962388
2005-07-19,0.9998342716189211,-0.9999383253962388
2005-07-20,0.9998342716189211,-0.9999383253962388
2005-07-21,0.9998342716189211,-0.9999383253962388
2005-07-22,0.9998342716189211,-0.9999383253962388
2005-07-25,0.9998342716189211,-0.9999383253962388
2005-07-26,0.9998342716189211,-0.9999383253962388
2005-07-27,0.9998342716189211,-0.9999383253962388
2005-07-28,0.9998342716189211,-0.9999383253962388
2005-07-29,0.9998342716189211,-0.9999383253962388
2005-08-01,0.26999344092922717,-1.6652973457026765
2005-08-02,0.9571975205396585,-0.9999777624714614
2005-08-03,0.9974396694971025,-0.9999777517262383
2005-08-04,0.9977324044553059,-0.9999777517262379
2005-08-05,0.9977344059279587,-0.9999777517262379
2005-08-08,0.9977344196063044,-0.9999777517262379
2005-08-09,0.9977344196997837,-0.9999777517262379
2005-08-10,0.9977344197004226,-0.9999777517262379
2005-08-11,0.9977344197004271,-0.9999777517262379
2005-08-12,0.9977344197004271,-0.9999777517262379
2005-08-15,0.9977344197004271,-0.9999777517262379
2005-08-16,0.9977344197004271,-0.9999777517262379
2005-08-17,0.9977344197004271,-0.9999777517262379
2005-08-18,0.9977344197004271,-0.9999777517262379
2005-08-19,0.9977344197004271,-0.9999777517262379
2005-08-22,0.9977344197004271,-0.9999777517262379
2005-08-23,0.9977344197004271,-0.9999777517262379
2005-08-24,0.9977344197004271,-0.9999777517262379
2005-08-25,0.9977344197004271,-0.9999777517262379
2005-08-26,0.9977344197004271,-0.9999777517262379
2005-08-29,0.9977344197004271,-0.9999777517262379
2005-08-30,0.9977344197004271,-0.9999777517262379
2005-08-31,0.9584171582226385,-0.9906206962077905
2005-09-01,0.9972615378112939,-0.9999773294440729
2005-09-02,0.9975434814827887,-0.9999773297630171
2005-09-05,0.9975454091424591,-0.9999773297630171
2005-09-06,0.9975454223163551,-0.9999773297630171
2005-09-07,0.9975454224063871,-0.9999773297630171
2005-09-08,0.9975454224070024,-0.9999773297630171
2005-09-09,0.9975454224070065,-0.9999773297630171
2005-09-12,0.9975454224070065,-0.9999773297630171
2005-09-13,0.9975454224070065,-0.9999773297630171
2005-09-14,0.9975454224070065,-0.9999773297630171
2005-09-15,0.9975454224070065,-0.9999773297630171
2005-09-16,0.9975454224070065,-0.9999773297630171
2005-09-19,0.9975454224070065,-0.9999773297630171
2005-09-20,0.9975454224070065,-0.9999773297630171
2005-09-21,0.9975454224070065,-0.9999773297630171
2005-09-22,0.9975454224070065,-0.9999773297630171
2005-09-23,0.9975454224070065,-0.9999773297630171
2005-09-26,0.9975454224070065,-0.9999773297630171
2005-09-27,0.9975454224070065,-0.9999773297630171
2005-09-28,0.9975454224070065,-0.9999773297630171
2005-09-29,0.9975454224070065,-0.9999773297630171
2005-09-30,1.0137104691839691,-0.8774833134893453
2005-10-03,0.99773016394676,-0.9999705586863004
2005-10-04,0.9976235385870792,-0.9999705637051706
2005-10-05,0.9976228100141825,-0.9999705637051708
2005-10-06,0.9976228050350333,-0.9999705637051708
2005-10-07,0.9976228050010053,-0.9999705637051708
2005-10-10,0.9976228050007728,-0.9999705637051708
2005-10-11,0.9976228050007712,-0.9999705637051708
2005-10-12,0.9976228050007712,-0.9999705637051708
2005-10-13,0.9976228050007712,-0.9999705637051708
2005-10-14,0.9976228050007712,-0.9999705637051708
2005-10-17,0.9976228050007712,-0.9999705637051708
2005-10-18,0.9976228050007712,-0.9999705637051708
2005-10-19,0.9976228050007712,-0.9999705637051708
2005-10-20,0.9976228050007712,-0.9999705637051708
2005-10-21,0.9976228050007712,-0.9999705637051708
2005-10-24,0.9976228050007712,-0.9999705637051708
2005-10-25,0.9976228050007712,-0.9999705637051708
2005-10-26,0.9976228050007712,-0.9999705637051708
2005-10-27,0.9976228050007712,-0.9999705637051708
2005-10-28,0.9976228050007712,-0.9999705637051708
2005-10-31,1.0879292060852161,-0.9622165110902934
2005-11-01,0.9985408651672607,-0.9999682084892765
2005-11-02,0.9980036359595271,-0.9999682098337532
2005-11-03,0.9979999674533296,-0.9999682098337532
2005-11-04,0.9979999423824574,-0.9999682098337532
2005-11-07,0.99799994221112,-0.9999682098337532
2005-11-08,0.997999942209949,-0.9999682098337532
2005-11-09,0.9979999422099411,-0.9999682098337532
2005-11-10,0.997999942209941,-0.9999682098337532
2005-11-11,0.997999942209941,-0.9999682098337532
2005-11-14,0.997999942209941,-0.9999682098337532
2005-11-15,0.997999942209941,-0.9999682098337532
2005-11-16,0.997999942209941,-0.9999682098337532
2005-11-17,0.997999942209941,-0.9999682098337532
2005-11-18,0.997999942209941,-0.9999682098337532
2005-11-21,0.997999942209941,-0.9999682098337532
2005-11-22,0.997999942209941,-0.9999682098337532
2005-11-23,0.997999942209941,-0.9999682098337532
2005-11-24,0.997999942209941,-0.9999682098337532
2005-11-25,0.997999942209941,-0.9999682098337532
2005-11-28,0.997999942209941,-0.9999682098337532
2005-11-29,0.997999942209941,-0.9999682098337532
2005-11-30,0.9702932013001899,-0.9915788474194742
2005-12-01,0.9976878323629221,-0.9999676696445036
2005-12-02,0.9978831111909658,-0.9999676699300385
2005-12-05,0.9978844461444338,-0.9999676699300385
2005-12-06,0.9978844552676843,-0.9999676699300385
2005-12-07,0.9978844553300337,-0.9999676699300385
2005-12-08,0.9978844553304598,-0.9999676699300385
2005-12-09,0.9978844553304627,-0.9999676699300385
2005-12-12,0.9978844553304627,-0.9999676699300385
2005-12-13,0.9978844553304627,-0.9999676699300385
2005-12-14,0.9978844553304627,-0.9999676699300385
2005-12-15,0.9978844553304627,-0.9999676699300385
2005-12-16,0.9978844553304627,-0.9999676699300385
2005-12-19,0.9978844553304627,-0.9999676699300385
2005-12-20,0.9978844553304627,-0.9999676699300385
2005-12-21,0.9978844553304627,-0.9999676699300385
2005-12-22,0.9978844553304627,-0.9999676699300385
2005-12-23,0.9978844553304627,-0.9999676699300385
2005-12-26,0.9978844553304627,-0.9999676699300385
2005-12-27,0.9978844553304627,-0.9999676699300385
2005-12-28,0.9978844553304627,-0.9999676699300385
2005-12-29,0.9978844553304627,-0.9999676699300385
2005-12-30,0.9978844553304627,-0.9999676699300385
2006-01-02,1.0392127690971071,-1.0665276433291244
2006-01-03,0.9983138230305821,-0.9999715792434233
2006-01-04,0.9980507026928158,-0.9999715772115217
2006-01-05,0.9980489052125628,-0.9999715772115217
2006-01-06,0.9980488929284006,-0.9999715772115217
2006-01-09,0.9980488928444491,-0.9999715772115217
2006-01-10,0.9980488928438754,-0.9999715772115217
2006-01-11,0.9980488928438715,-0.9999715772115217
2006-01-12,0.9980488928438715,-0.9999715772115217
2006-01-13,0.9980488928438715,-0.9999715772115217
2006-01-16,0.9980488928438715,-0.9999715772115217
2006-01-17,0.9980488928438715,-0.9999715772115217
2006-01-18,0.9980488928438715,-0.9999715772115217
2006-01-19,0.9980488928438715,-0.9999715772115217
2006-01-20,0.9980488928438715,-0.9999715772115217
2006-01-23,0.9980488928438715,-0.9999715772115217
2006-01-24,0.9980488928438715,-0.9999715772115217
2006-01-25,0.9980488928438715,-0.9999715772115217
2006-01-26,0.9980488928438715,-0.9999715772115217
2006-01-27,0.9980488928438715,-0.9999715772115217
2006-01-30,0.9980488928438715,-0.9999715772115217
2006-01-31,0.9751231466815725,-1.0086209296478303
2006-02-01,0.9977948259112707,-0.9999720625874446
2006-02-02,0.9979552510288355,-0.999972062300486
2006-02-03,0.9979563476595685,-0.999972062300486
2006-02-06,0.997956355154087,-0.999972062300486
2006-02-07,0.9979563552053055,-0.999972062300486
2006-02-08,0.9979563552056555,-0.999972062300486
2006-02-09,0.9979563552056578,-0.999972062300486
2006-02-10,0.9979563552056578,-0.999972062300486
2006-02-13,0.9979563552056578,-0.999972062300486
2006-02-14,0.9979563552056578,-0.999972062300486
2006-02-15,0.9979563552056578,-0.999972062300486
2006-02-16,0.9979563552056578,-0.999972062300486
2006-02-17,0.9979563552056578,-0.999972062300486
2006-02-20,0.9979563552056578,-0.999972062300486
2006-02-21,0.9979563552056578,-0.999972062300486
2006-02-22,0.9979563552056578,-0.999972062300486
2006-02-23,0.9979563552056578,-0.999972062300486
2006-02-24,0.9979563552056578,-0.999972062300486
2006-02-27,0.9979563552056578,-0.999972062300486
2006-02-28,1.109983206475689,-1.0314283214140054
2006-03-01,0.9989994185597755,-0.9999737403643237
2006-03-02,0.9983515380299169,-0.999973739355009
2006-03-03,0.9983471146723429,-0.999973739355009
2006-03-06,0.9983470844427887,-0.999973739355009
2006-03-07,0.9983470842361964,-0.999973739355009
2006-03-08,0.9983470842347846,-0.999973739355009
2006-03-09,0.9983470842347749,-0.999973739355009
2006-03-10,0.9983470842347749,-0.999973739355009
2006-03-13,0.9983470842347749,-0.999973739355009
2006-03-14,0.9983470842347749,-0.999973739355009
2006-03-15,0.9983470842347749,-0.999973739355009
2006-03-16,0.9983470842347749,-0.999973739355009
2006-03-17,0.9983470842347749,-0.999973739355009
2006-03-20,0.9983470842347749,-0.999973739355009
2006-03-21,0.9983470842347749,-0.999973739355009
2006-03-22,0.9983470842347749,-0.999973739355009
2006-03-23,0.9983470842347749,-0.999973739355009
2006-03-24,0.9983470842347749,-0.999973739355009
2006-03-27,0.9983470842347749,-0.999973739355009
2006-03-28,0.9983470842347749,-0.999973739355009
2006-03-29,0.9983470842347749,-0.999973739355009
2006-03-30,0.9983470842347749,-0.999973739355009
2006-03-31,0.7553931159684383,-1.8436009282930854
2006-04-03,0.9945982694285292,-0.999992274365464
2006-04-04,0.9971009041946896,-0.9999922625048376
2006-04-05,0.9971180725521945,-0.9999922625048372
2006-04-06,0.9971181898858609,-0.9999922625048372
2006-04-07,0.9971181906877331,-0.9999922625048372
2006-04-10,0.9971181906932133,-0.9999922625048372
2006-04-11,0.9971181906932507,-0.9999922625048372
2006-04-12,0.997118190693251,-0.9999922625048372
2006-04-13,0.997118190693251,-0.9999922625048372
2006-04-14,0.997118190693251,-0.9999922625048372
2006-04-17,0.997118190693251,-0.9999922625048372
2006-04-18,0.997118190693251,-0.9999922625048372
2006-04-19,0.997118190693251,-0.9999922625048372
2006-04-20,0.997118190693251,-0.9999922625048372
2006-04-21,0.997118190693251,-0.9999922625048372
2006-04-24,0.997118190693251,-0.9999922625048372
2006-04-25,0.997118190693251,-0.9999922625048372
2006-04-26,0.997118190693251,-0.9999922625048372
2006-04-27,0.997118190693251,-0.9999922625048372
2006-04-28,0.997118190693251,-0.9999922625048372
2006-05-01,0.20132606709623607,-1.0685150388894926
2006-05-02,0.8761153837250425,-0.9999932231531353
2006-05-03,0.9353179662033503,-0.9999932210669242
2006-05-04,0.9357648179094951,-0.9999932210669242
2006-05-05,0.9357678739514624,-0.9999932210669242
2006-05-08,0.9357678948369228,-0.9999932210669242
2006-05-09,0.9357678949796566,-0.9999932210669242
2006-05-10,0.9357678949806322,-0.9999932210669242
2006-05-11,0.9357678949806388,-0.9999932210669242
2006-05-12,0.9357678949806388,-0.9999932210669242
2006-05-15,0.9357678949806388,-0.9999932210669242
2006-05-16,0.9357678949806388,-0.9999932210669242
2006-05-17,0.9357678949806388,-0.9999932210669242
2006-05-18,0.9357678949806388,-0.9999932210669242
2006-05-19,0.9357678949806388,-0.9999932210669242
2006-05-22,0.9357678949806388,-0.9999932210669242
2006-05-23,0.9357678949806388,-0.9999932210669242
2006-05-24,0.9357678949806388,-0.9999932210669242
2006-05-25,0.9357678949806388,-0.9999932210669242
2006-05-26,0.9357678949806388,-0.9999932210669242
2006-05-29,0.9357678949806388,-0.9999932210669242
2006-05-30,0.9357678949806388,-0.9999932210669242
2006-05-31,1.0388016961893012,-1.0025727441710603
2006-06-01,0.9474801375509708,-0.9999932559082331
2006-06-02,0.9469363896124398,-0.9999932558218713
2006-06-05,0.9469326767939001,-0.9999932558218713
2006-06-06,0.9469326514202031,-0.9999932558218713
2006-06-07,0.9469326512467963,-0.9999932558218713
2006-06-08,0.9469326512456111,-0.9999932558218713
2006-06-09,0.946932651245603,-0.9999932558218713
2006-06-12,0.946932651245603,-0.9999932558218713
2006-06-13,0.946932651245603,-0.9999932558218713
2006-06-14,0.946932651245603,-0.9999932558218713
2006-06-15,0.946932651245603,-0.9999932558218713
2006-06-16,0.946932651245603,-0.9999932558218713
2006-06-19,0.946932651245603,-0.9999932558218713
2006-06-20,0.946932651245603,-0.9999932558218713
2006-06-21,0.946932651245603,-0.9999932558218713
2006-06-22,0.946932651245603,-0.9999932558218713
2006-06-23,0.946932651245603,-0.9999932558218713
2006-06-26,0.946932651245603,-0.9999932558218713
2006-06-27,0.946932651245603,-0.9999932558218713
2006-06-28,0.946932651245603,-0.9999932558218713
2006-06-29,0.946932651245603,-0.9999932558218713
2006-06-30,1.379497407501987,-0.9847380890920056
2006-07-03,0.9755850850600236,-0.9999930452283625
2006-07-04,0.9739229808887204,-0.9999930457530545
2006-07-05,0.9739116510791512,-0.9999930457530545
2006-07-06,0.9739115736512336,-0.9999930457530545
2006-07-07,0.973911573122082,-0.9999930457530545
2006-07-10,0.9739115731184658,-0.9999930457530545
2006-07-11,0.973911573118441,-0.9999930457530545
2006-07-12,0.9739115731184409,-0.9999930457530545
2006-07-13,0.9739115731184409,-0.9999930457530545
2006-07-14,0.9739115731184409,-0.9999930457530545
2006-07-17,0.9739115731184409,-0.9999930457530545
2006-07-18,0.9739115731184409,-0.9999930457530545
2006-07-19,0.9739115731184409,-0.9999930457530545
2006-07-20,0.9739115731184409,-0.9999930457530545
2006-07-21,0.9739115731184409,-0.9999930457530545
2006-07-24,0.9739115731184409,-0.9999930457530545
2006-07-25,0.9739115731184409,-0.9999930457530545
2006-07-26,0.9739115731184409,-0.9999930457530545
2006-07-27,0.9739115731184409,-0.9999930457530545
2006-07-28,0.9739115731184409,-0.9999930457530545
2006-07-31,1.2198632725249796,-1.004478641477283
2006-08-01,0.9843129296120625,-0.9999931077294363
2006-08-02,0.9831414959214002,-0.9999931075796866
2006-08-03,0.9831335045862173,-0.9999931075796866
2006-08-04,0.9831334499731443,-0.9999931075796866
2006-08-07,0.9831334495999121,-0.9999931075796866
2006-08-08,0.9831334495973614,-0.9999931075796866
2006-08-09,0.983133449597344,-0.9999931075796866
2006-08-10,0.9831334495973437,-0.9999931075796866
2006-08-11,0.9831334495973437,-0.9999931075796866
2006-08-14,0.9831334495973437,-0.9999931075796866
2006-08-15,0.9831334495973437,-0.9999931075796866
2006-08-16,0.9831334495973437,-0.9999931075796866
2006-08-17,0.9831334495973437,-0.9999931075796866
2006-08-18,0.9831334495973437,-0.9999931075796866
2006-08-21,0.9831334495973437,-0.9999931075796866
2006-08-22,0.9831334495973437,-0.9999931075796866
2006-08-23,0.9831334495973437,-0.9999931075796866
2006-08-24,0.9831334495973437,-0.9999931075796866
2006-08-25,0.9831334495973437,-0.9999931075796866
2006-08-28,0.9831334495973437,-0.9999931075796866
2006-08-29,0.9831334495973437,-0.9999931075796866
2006-08-30,0.9831334495973437,-0.9999931075796866
2006-08-31,1.1701772658873622,-1.0091026302863133
2006-09-01,0.9889764383401634,-0.9999932314694024
2006-09-04,0.9880122907419537,-0.9999932311673704
2006-09-05,0.9880057113396932,-0.9999932311673704
2006-09-06,0.988005666375721,-0.9999932311673704
2006-09-07,0.9880056660684318,-0.9999932311673704
2006-09-08,0.9880056660663317,-0.9999932311673704
2006-09-11,0.9880056660663173,-0.9999932311673704
2006-09-12,0.9880056660663173,-0.9999932311673704
2006-09-13,0.9880056660663173,-0.9999932311673704
2006-09-14,0.9880056660663173,-0.9999932311673704
2006-09-15,0.9880056660663173,-0.9999932311673704
2006-09-18,0.9880056660663173,-0.9999932311673704
2006-09-19,0.9880056660663173,-0.9999932311673704
2006-09-20,0.9880056660663173,-0.9999932311673704
2006-09-21,0.9880056660663173,-0.9999932311673704
2006-09-22,0.9880056660663173,-0.9999932311673704
2006-09-25,0.9880056660663173,-0.9999932311673704
2006-09-26,0.9880056660663173,-0.9999932311673704
2006-09-27,0.9880056660663173,-0.9999932311673704
2006-09-28,0.9880056660663173,-0.9999932311673704
2006-09-29,0.9880056660663173,-0.9999932311673704
2006-10-02,1.2886145286970165,-1.0214693968450566
2006-10-03,0.9942779147251628,-0.9999935128268674
2006-10-04,0.9929059452050456,-0.9999935121276703
2006-10-05,0.9928965885309162,-0.9999935121276702
2006-10-06,0.9928965245871926,-0.9999935121276702
2006-10-09,0.9928965241501936,-0.9999935121276702
2006-10-10,0.992896524147207,-0.9999935121276702
2006-10-11,0.9928965241471867,-0.9999935121276702
2006-10-12,0.9928965241471864,-0.9999935121276702
2006-10-13,0.9928965241471864,-0.9999935121276702
2006-10-16,0.9928965241471864,-0.9999935121276702
2006-10-17,0.9928965241471864,-0.9999935121276702
2006-10-18,0.9928965241471864,-0.9999935121276702
2006-10-19,0.9928965241471864,-0.9999935121276702
2006-10-20,0.9928965241471864,-0.9999935121276702
2006-10-23,0.9928965241471864,-0.9999935121276702
2006-10-24,0.9928965241471864,-0.9999935121276702
2006-10-25,0.9928965241471864,-0.9999935121276702
2006-10-26,0.9928965241471864,-0.9999935121276702
2006-10-27,0.9928965241471864,-0.9999935121276702
2006-10-30,0.9928965241471864,-0.9999935121276702
2006-10-31,1.1488090689585655,-1.003064025139306
2006-11-01,0.9955314235713479,-0.9999935517910873
2006-11-02,0.9946853064409272,-0.9999935516883626
2006-11-03,0.9946795313950526,-0.9999935516883626
2006-11-06,0.9946794919280422,-0.9999935516883626
2006-11-07,0.99467949165832,-0.9999935516883626
2006-11-08,0.9946794916564766,-0.9999935516883626
2006-11-09,0.994679491656464,-0.9999935516883626
2006-11-10,0.994679491656464,-0.9999935516883626
2006-11-13,0.994679491656464,-0.9999935516883626
2006-11-14,0.994679491656464,-0.9999935516883626
2006-11-15,0.994679491656464,-0.9999935516883626
2006-11-16,0.994679491656464,-0.9999935516883626
2006-11-17,0.994679491656464,-0.9999935516883626
2006-11-20,0.994679491656464,-0.9999935516883626
2006-11-21,0.994679491656464,-0.9999935516883626
2006-11-22,0.994679491656464,-0.9999935516883626
2006-11-23,0.994679491656464,-0.9999935516883626
2006-11-24,0.994679491656464,-0.9999935516883626
2006-11-27,0.994679491656464,-0.9999935516883626
2006-11-28,0.994679491656464,-0.9999935516883626
2006-11-29,0.994679491656464,-0.9999935516883626
2006-11-30,1.0699346078784207,-1.0062883149623258
2006-12-01,0.9958543619492985,-0.9999936321175369
2006-12-04,0.9953997667155126,-0.9999936319079546
2006-12-05,0.9953966620986382,-0.9999936319079546
2006-12-06,0.995396640881414,-0.9999936319079546
2006-12-07,0.995396640736413,-0.9999936319079546
2006-12-08,0.995396640735422,-0.9999936319079546
2006-12-11,0.9953966407354152,-0.9999936319079546
2006-12-12,0.9953966407354152,-0.9999936319079546
2006-12-13,0.9953966407354152,-0.9999936319079546
2006-12-14,0.9953966407354152,-0.9999936319079546
2006-12-15,0.9953966407354152,-0.9999936319079546
2006-12-18,0.9953966407354152,-0.9999936319079546
2006-12-19,0.9953966407354152,-0.9999936319079546
2006-12-20,0.9953966407354152,-0.9999936319079546
2006-12-21,0.9953966407354152,-0.9999936319079546
2006-12-22,0.9953966407354152,-0.9999936319079546
2006-12-25,0.9953966407354152,-0.9999936319079546
2006-12-26,0.9953966407354152,-0.9999936319079546
2006-12-27,0.9953966407354152,-0.9999936319079546
2006-12-28,0.9953966407354152,-0.9999936319079546
2006-12-29,0.9953966407354152,-0.9999936319079546
2007-01-01,0.932037719419052,-1.0032678930103118
2007-01-02,0.9942820780416392,-0.999993673409872
2007-01-03,0.9947513569153145,-0.999993673300364
2007-01-04,0.9947545663098558,-0.999993673300364
2007-01-05,0.9947545882433501,-0.999993673300364
2007-01-08,0.9947545883932463,-0.999993673300364
2007-01-09,0.9947545883942707,-0.999993673300364
2007-01-10,0.9947545883942777,-0.999993673300364
2007-01-11,0.9947545883942777,-0.999993673300364
2007-01-12,0.9947545883942777,-0.999993673300364
2007-01-15,0.9947545883942777,-0.999993673300364
2007-01-16,0.9947545883942777,-0.999993673300364
2007-01-17,0.9947545883942777,-0.999993673300364
2007-01-18,0.9947545883942777,-0.999993673300364
2007-01-19,0.9947545883942777,-0.999993673300364
2007-01-22,0.9947545883942777,-0.999993673300364
2007-01-23,0.9947545883942777,-0.999993673300364
2007-01-24,0.9947545883942777,-0.999993673300364
2007-01-25,0.9947545883942777,-0.999993673300364
2007-01-26,0.9947545883942777,-0.999993673300364
2007-01-29,0.9947545883942777,-0.999993673300364
2007-01-30,0.9947545883942777,-0.999993673300364
2007-01-31,0.9214279397997404,-1.0039463482018574
2007-02-01,0.9933397165809916,-0.9999937230252796
2007-02-02,0.9938906573964205,-0.9999937228932161
2007-02-05,0.9938944257465296,-0.9999937228932161
2007-02-06,0.9938944515000339,-0.9999937228932161
2007-02-07,0.9938944516760363,-0.9999937228932161
2007-02-08,0.9938944516772392,-0.9999937228932161
2007-02-09,0.9938944516772474,-0.9999937228932161
2007-02-12,0.9938944516772474,-0.9999937228932161
2007-02-13,0.9938944516772474,-0.9999937228932161
2007-02-14,0.9938944516772474,-0.9999937228932161
2007-02-15,0.9938944516772474,-0.9999937228932161
2007-02-16,0.9938944516772474,-0.9999937228932161
2007-02-19,0.9938944516772474,-0.9999937228932161
2007-02-20,0.9938944516772474,-0.9999937228932161
2007-02-21,0.9938944516772474,-0.9999937228932161
2007-02-22,0.9938944516772474,-0.9999937228932161
2007-02-23,0.9938944516772474,-0.9999937228932161
2007-02-26,0.9938944516772474,-0.9999937228932161
2007-02-27,0.9938944516772474,-0.9999937228932161
2007-02-28,1.09061734122341,-1.0074451345627715
2007-03-01,0.9954924470461191,-0.9999938154141583
2007-03-02,0.9949254171728943,-0.9999938151664923
2007-03-05,0.9949215453555931,-0.9999938151664923
2007-03-06,0.9949215188952847,-0.9999938151664923
2007-03-07,0.9949215187144519,-0.9999938151664923
2007-03-08,0.994921518713216,-0.9999938151664923
2007-03-09,0.9949215187132074,-0.9999938151664923
2007-03-12,0.9949215187132074,-0.9999938151664923
2007-03-13,0.9949215187132074,-0.9999938151664923
2007-03-14,0.9949215187132074,-0.9999938151664923
2007-03-15,0.9949215187132074,-0.9999938151664923
2007-03-16,0.9949215187132074,-0.9999938151664923
2007-03-19,0.9949215187132074,-0.9999938151664923
2007-03-20,0.9949215187132074,-0.9999938151664923
2007-03-21,0.9949215187132074,-0.9999938151664923
2007-03-22,0.9949215187132074,-0.9999938151664923
2007-03-23,0.9949215187132074,-0.9999938151664923
2007-03-26,0.9949215187132074,-0.9999938151664923
2007-03-27,0.9949215187132074,-0.9999938151664923
2007-03-28,0.9949215187132074,-0.9999938151664923
2007-03-29,0.9949215187132074,-0.9999938151664923
2007-03-30,0.9949215187132074,-0.9999938151664923
2007-04-02,1.1137459646845573,-1.0806390930565088
2007-04-03,0.9966236740509008,-0.9999947039271
2007-04-04,0.9959457729823916,-0.999994701512515
2007-04-05,0.9959411448832299,-0.9999947015125149
2007-04-06,0.9959411132544668,-0.9999947015125149
2007-04-09,0.995941113038312,-0.9999947015125149
2007-04-10,0.9959411130368349,-0.9999947015125149
2007-04-11,0.9959411130368246,-0.9999947015125149
2007-04-12,0.9959411130368246,-0.9999947015125149
2007-04-13,0.9959411130368246,-0.9999947015125149
2007-04-16,0.9959411130368246,-0.9999947015125149
2007-04-17,0.9959411130368246,-0.9999947015125149
2007-04-18,0.9959411130368246,-0.9999947015125149
2007-04-19,0.9959411130368246,-0.9999947015125149
2007-04-20,0.9959411130368246,-0.9999947015125149
2007-04-23,0.9959411130368246,-0.9999947015125149
2007-04-24,0.9959411130368246,-0.9999947015125149
2007-04-25,0.9959411130368246,-0.9999947015125149
2007-04-26,0.9959411130368246,-0.9999947015125149
2007-04-27,0.9959411130368246,-0.9999947015125149
2007-04-30,0.9968089568594258,-1.0037018414797896
2007-05-01,0.9959540099929979,-0.9999947405844611
2007-05-02,0.9959481747495931,-0.9999947404605557
2007-05-03,0.9959481348711925,-0.9999947404605557
2007-05-04,0.9959481345986586,-0.9999947404605557
2007-05-07,0.9959481345967961,-0.9999947404605557
2007-05-08,0.9959481345967834,-0.9999947404605557
2007-05-09,0.9959481345967834,-0.9999947404605557
2007-05-10,0.9959481345967834,-0.9999947404605557
2007-05-11,0.9959481345967834,-0.9999947404605557
2007-05-14,0.9959481345967834,-0.9999947404605557
2007-05-15,0.9959481345967834,-0.9999947404605557
2007-05-16,0.9959481345967834,-0.9999947404605557
2007-05-17,0.9959481345967834,-0.9999947404605557
2007-05-18,0.9959481345967834,-0.9999947404605557
2007-05-21,0.9959481345967834,-0.9999947404605557
2007-05-22,0.9959481345967834,-0.9999947404605557
2007-05-23,0.9959481345967834,-0.9999947404605557
2007-05-24,0.9959481345967834,-0.9999947404605557
2007-05-25,0.9959481345967834,-0.9999947404605557
2007-05-28,0.9959481345967834,-0.9999947404605557
2007-05-29,0.9959481345967834,-0.9999947404605557
2007-05-30,0.9959481345967834,-0.9999947404605557
2007-05-31,1.0222264028030217,-1.0022660852981846
2007-06-01,0.9963240696448724,-0.9999947642748347
2007-06-04,0.9961537651259145,-0.9999947641987552
2007-06-05,0.9961526015448386,-0.9999947641987552
2007-06-06,0.9961525935928,-0.9999947641987552
2007-06-07,0.9961525935384549,-0.9999947641987552
2007-06-08,0.9961525935380834,-0.9999947641987552
2007-06-11,0.9961525935380807,-0.9999947641987552
2007-06-12,0.9961525935380807,-0.9999947641987552
2007-06-13,0.9961525935380807,-0.9999947641987552
2007-06-14,0.9961525935380807,-0.9999947641987552
2007-06-15,0.9961525935380807,-0.9999947641987552
2007-06-18,0.9961525935380807,-0.9999947641987552
2007-06-19,0.9961525935380807,-0.9999947641987552
2007-06-20,0.9961525935380807,-0.9999947641987552
2007-06-21,0.9961525935380807,-0.9999947641987552
2007-06-22,0.9961525935380807,-0.9999947641987552
2007-06-25,0.9961525935380807,-0.9999947641987552
2007-06-26,0.9961525935380807,-0.9999947641987552
2007-06-27,0.9961525935380807,-0.9999947641987552
2007-06-28,0.9961525935380807,-0.9999947641987552
2007-06-29,0.9961525935380807,-0.9999947641987552
2007-07-02,1.0471512965971064,-0.9922184978325503
2007-07-03,0.9968378210184513,-0.9999946817986565
2007-07-04,0.9965185110856635,-0.9999946820630932
2007-07-05,0.9965163299388343,-0.9999946820630932
2007-07-06,0.9965163150326646,-0.9999946820630932
2007-07-09,0.996516314930794,-0.9999946820630932
2007-07-10,0.9965163149300978,-0.9999946820630932
2007-07-11,0.996516314930093,-0.9999946820630932
2007-07-12,0.996516314930093,-0.9999946820630932
2007-07-13,0.996516314930093,-0.9999946820630932
2007-07-16,0.996516314930093,-0.9999946820630932
2007-07-17,0.996516314930093,-0.9999946820630932
2007-07-18,0.996516314930093,-0.9999946820630932
2007-07-19,0.996516314930093,-0.9999946820630932
2007-07-20,0.996516314930093,-0.9999946820630932
2007-07-23,0.996516314930093,-0.9999946820630932
2007-07-24,0.996516314930093,-0.9999946820630932
2007-07-25,0.996516314930093,-0.9999946820630932
2007-07-26,0.996516314930093,-0.9999946820630932
2007-07-27,0.996516314930093,-0.9999946820630932
2007-07-30,0.996516314930093,-0.9999946820630932
2007-07-31,1.1285886965676233,-1.012677723846502
2007-08-01,0.9980285087916348,-0.9999948144511086
2007-08-02,0.9972859354773658,-0.9999948140328128
2007-08-03,0.9972808663433075,-0.9999948140328128
2007-08-06,0.997280831700503,-0.9999948140328128
2007-08-07,0.99728083146375,-0.9999948140328128
2007-08-08,0.9972808314621319,-0.9999948140328128
2007-08-09,0.9972808314621208,-0.9999948140328128
2007-08-10,0.9972808314621208,-0.9999948140328128
2007-08-13,0.9972808314621208,-0.9999948140328128
2007-08-14,0.9972808314621208,-0.9999948140328128
2007-08-15,0.9972808314621208,-0.9999948140328128
2007-08-16,0.9972808314621208,-0.9999948140328128
2007-08-17,0.9972808314621208,-0.9999948140328128
2007-08-20,0.9972808314621208,-0.9999948140328128
2007-08-21,0.9972808314621208,-0.9999948140328128
2007-08-22,0.9972808314621208,-0.9999948140328128
2007-08-23,0.9972808314621208,-0.9999948140328128
2007-08-24,0.9972808314621208,-0.9999948140328128
2007-08-27,0.9972808314621208,-0.9999948140328128
2007-08-28,0.9972808314621208,-0.9999948140328128
2007-08-29,0.9972808314621208,-0.9999948140328128
2007-08-30,0.9972808314621208,-0.9999948140328128
2007-08-31,1.1372499183207068,-1.014659601686397
2007-09-03,0.9986923451820733,-0.9999949628723621
2007-09-04,0.9979123655452937,-0.9999949623901198
2007-09-05,0.997907041356515,-0.9999949623901198
2007-09-06,0.9979070049706632,-0.9999949623901198
2007-09-07,0.997907004721998,-0.9999949623901198
2007-09-10,0.9979070047202986,-0.9999949623901198
2007-09-11,0.997907004720287,-0.9999949623901198
2007-09-12,0.9979070047202868,-0.9999949623901198
2007-09-13,0.9979070047202868,-0.9999949623901198
2007-09-14,0.9979070047202868,-0.9999949623901198
2007-09-17,0.9979070047202868,-0.9999949623901198
2007-09-18,0.9979070047202868,-0.9999949623901198
2007-09-19,0.9979070047202868,-0.9999949623901198
2007-09-20,0.9979070047202868,-0.9999949623901198
2007-09-21,0.9979070047202868,-0.9999949623901198
2007-09-24,0.9979070047202868,-0.9999949623901198
2007-09-25,0.9979070047202868,-0.9999949623901198
2007-09-26,0.9979070047202868,-0.9999949623901198
2007-09-27,0.9979070047202868,-0.9999949623901198
2007-09-28,0.9979070047202868,-0.9999949623901198
2007-10-01,1.1076378128879936,-0.9987016322936919
2007-10-02,0.9989409973017442,-0.9999949493325035
2007-10-03,0.9983045298327572,-0.9999949493760559
2007-10-04,0.9983001843222618,-0.9999949493760559
2007-10-05,0.9983001546247168,-0.9999949493760559
2007-10-08,0.9983001544217603,-0.9999949493760559
2007-10-09,0.9983001544203732,-0.9999949493760559
2007-10-10,0.9983001544203638,-0.9999949493760559
2007-10-11,0.9983001544203638,-0.9999949493760559
2007-10-12,0.9983001544203638,-0.9999949493760559
2007-10-15,0.9983001544203638,-0.9999949493760559
2007-10-16,0.9983001544203638,-0.9999949493760559
2007-10-17,0.9983001544203638,-0.9999949493760559
2007-10-18,0.9983001544203638,-0.9999949493760559
2007-10-19,0.9983001544203638,-0.9999949493760559
2007-10-22,0.9983001544203638,-0.9999949493760559
2007-10-23,0.9983001544203638,-0.9999949493760559
2007-10-24,0.9983001544203638,-0.9999949493760559
2007-10-25,0.9983001544203638,-0.9999949493760559
2007-10-26,0.9983001544203638,-0.9999949493760559
2007-10-29,0.9983001544203638,-0.9999949493760559
2007-10-30,0.9983001544203638,-0.9999949493760559
2007-10-31,1.1258954280292326,-1.0093701943873665
2007-11-01,0.9993913536373186,-0.9999950427746017
2007-11-02,0.9986678473225638,-0.9999950424638808
2007-11-05,0.998662908198312,-0.9999950424638808
2007-11-06,0.9986628744439964,-0.9999950424638808
2007-11-07,0.9986628742133153,-0.9999950424638808
2007-11-08,0.9986628742117389,-0.9999950424638808
2007-11-09,0.9986628742117281,-0.9999950424638808
2007-11-12,0.998662874211728,-0.9999950424638808
2007-11-13,0.998662874211728,-0.9999950424638808
2007-11-14,0.998662874211728,-0.9999950424638808
2007-11-15,0.998662874211728,-0.9999950424638808
2007-11-16,0.998662874211728,-0.9999950424638808
2007-11-19,0.998662874211728,-0.9999950424638808
2007-11-20,0.998662874211728,-0.9999950424638808
2007-11-21,0.998662874211728,-0.9999950424638808
2007-11-22,0.998662874211728,-0.9999950424638808
2007-11-23,0.998662874211728,-0.9999950424638808
2007-11-26,0.998662874211728,-0.9999950424638808
2007-11-27,0.998662874211728,-0.9999950424638808
2007-11-28,0.998662874211728,-0.9999950424638808
2007-11-29,0.998662874211728,-0.9999950424638808
2007-11-30,1.0666370043043152,-1.009922258348549
2007-12-03,0.9992480055646695,-0.9999951394593265
2007-12-04,0.998830448857608,-0.999995139130581
2007-12-05,0.9988275970256125,-0.999995139130581
2007-12-06,0.9988275775359347,-0.999995139130581
2007-12-07,0.9988275774027396,-0.999995139130581
2007-12-10,0.9988275774018295,-0.999995139130581
2007-12-11,0.9988275774018232,-0.999995139130581
2007-12-12,0.9988275774018232,-0.999995139130581
2007-12-13,0.9988275774018232,-0.999995139130581
2007-12-14,0.9988275774018232,-0.999995139130581
2007-12-17,0.9988275774018232,-0.999995139130581
2007-12-18,0.9988275774018232,-0.999995139130581
2007-12-19,0.9988275774018232,-0.999995139130581
2007-12-20,0.9988275774018232,-0.999995139130581
2007-12-21,0.9988275774018232,-0.999995139130581
2007-12-24,0.9988275774018232,-0.999995139130581
2007-12-25,0.9988275774018232,-0.999995139130581
2007-12-26,0.9988275774018232,-0.999995139130581
2007-12-27,0.9988275774018232,-0.999995139130581
2007-12-28,0.9988275774018232,-0.999995139130581
2007-12-31,0.9313149498497213,-0.9705883476791354
2008-01-01,0.9981408822568925,-0.9999948400811685
2008-01-02,0.9986482960107603,-0.9999948411148862
2008-01-03,0.9986517664000466,-0.9999948411148862
2008-01-04,0.9986517901172278,-0.9999948411148862
2008-01-07,0.9986517902793138,-0.9999948411148862
2008-01-08,0.9986517902804217,-0.9999948411148862
2008-01-09,0.9986517902804292,-0.9999948411148862
2008-01-10,0.9986517902804293,-0.9999948411148862
2008-01-11,0.9986517902804293,-0.9999948411148862
2008-01-14,0.9986517902804293,-0.9999948411148862
2008-01-15,0.9986517902804293,-0.9999948411148862
2008-01-16,0.9986517902804293,-0.9999948411148862
2008-01-17,0.9986517902804293,-0.9999948411148862
2008-01-18,0.9986517902804293,-0.9999948411148862
2008-01-21,0.9986517902804293,-0.9999948411148862
2008-01-22,0.9986517902804293,-0.9999948411148862
2008-01-23,0.9986517902804293,-0.9999948411148862
2008-01-24,0.9986517902804293,-0.9999948411148862
2008-01-25,0.9986517902804293,-0.9999948411148862
2008-01-28,0.9986517902804293,-0.9999948411148862
2008-01-29,0.9986517902804293,-0.9999948411148862
2008-01-30,0.9986517902804293,-0.9999948411148862
2008-01-31,0.9330218169668657,-1.008141590634166
2008-02-01,0.9979609458659249,-0.9999949241656487
2008-02-04,0.9984525190691314,-0.9999949238951504
2008-02-05,0.9984558810389694,-0.9999949238951504
2008-02-06,0.9984559040151916,-0.9999949238951504
2008-02-07,0.9984559041722139,-0.9999949238951504
2008-02-08,0.9984559041732869,-0.9999949238951504
2008-02-11,0.9984559041732943,-0.9999949238951504
2008-02-12,0.9984559041732943,-0.9999949238951504
2008-02-13,0.9984559041732943,-0.9999949238951504
2008-02-14,0.9984559041732943,-0.9999949238951504
2008-02-15,0.9984559041732943,-0.9999949238951504
2008-02-18,0.9984559041732943,-0.9999949238951504
2008-02-19,0.9984559041732943,-0.9999949238951504
2008-02-20,0.9984559041732943,-0.9999949238951504
2008-02-21,0.9984559041732943,-0.9999949238951504
2008-02-22,0.9984559041732943,-0.9999949238951504
2008-02-25,0.9984559041732943,-0.9999949238951504
2008-02-26,0.9984559041732943,-0.9999949238951504
2008-02-27,0.9984559041732943,-0.9999949238951504
2008-02-28,0.9984559041732943,-0.9999949238951504
2008-02-29,1.0309204339400935,-1.004457445979323
2008-03-03,0.9987623858963899,-0.9999949689039906
2008-03-04,0.9985528561637058,-0.9999949687550055
2008-03-05,0.998551424666032,-0.9999949687550055
2008-03-06,0.9985514148830262,-0.9999949687550055
2008-03-07,0.998551414816168,-0.9999949687550055
2008-03-10,0.9985514148157112,-0.9999949687550055
2008-03-11,0.998551414815708,-0.9999949687550055
2008-03-12,0.998551414815708,-0.9999949687550055
2008-03-13,0.998551414815708,-0.9999949687550055
2008-03-14,0.998551414815708,-0.9999949687550055
2008-03-17,0.998551414815708,-0.9999949687550055
2008-03-18,0.998551414815708,-0.9999949687550055
2008-03-19,0.998551414815708,-0.9999949687550055
2008-03-20,0.998551414815708,-0.9999949687550055
2008-03-21,0.998551414815708,-0.9999949687550055
2008-03-24,0.998551414815708,-0.9999949687550055
2008-03-25,0.998551414815708,-0.9999949687550055
2008-03-26,0.998551414815708,-0.9999949687550055
2008-03-27,0.998551414815708,-0.9999949687550055
2008-03-28,0.998551414815708,-0.9999949687550055
2008-03-31,0.7424794702869176,-0.8548701577065173
2008-04-01,0.9946539308790745,-0.9999931152973691
2008-04-02,0.9973657658495869,-0.9999931214872324
2008-04-03,0.9973843752377224,-0.9999931214872327
2008-04-04,0.9973845024200976,-0.9999931214872327
2008-04-07,0.9973845032892773,-0.9999931214872327
2008-04-08,0.9973845032952174,-0.9999931214872327
2008-04-09,0.997384503295258,-0.9999931214872327
2008-04-10,0.9973845032952583,-0.9999931214872327
2008-04-11,0.9973845032952583,-0.9999931214872327
2008-04-14,0.9973845032952583,-0.9999931214872327
2008-04-15,0.9973845032952583,-0.9999931214872327
2008-04-16,0.9973845032952583,-0.9999931214872327
2008-04-17,0.9973845032952583,-0.9999931214872327
2008-04-18,0.9973845032952583,-0.9999931214872327
2008-04-21,0.9973845032952583,-0.9999931214872327
2008-04-22,0.9973845032952583,-0.9999931214872327
2008-04-23,0.9973845032952583,-0.9999931214872327
2008-04-24,0.9973845032952583,-0.9999931214872327
2008-04-25,0.9973845032952583,-0.9999931214872327
2008-04-28,0.9973845032952583,-0.9999931214872327
2008-04-29,0.9973845032952583,-0.9999931214872327
2008-04-30,0.8540415571215683,-1.0071215986307873
2008-05-01,0.9952101369553707,-0.9999932185243056
2008-05-02,0.9964295225772711,-0.9999932182872595
2008-05-05,0.9964378714319525,-0.9999932182872595
2008-05-06,0.9964379284897491,-0.9999932182872595
2008-05-07,0.9964379288796891,-0.9999932182872595
2008-05-08,0.9964379288823537,-0.9999932182872595
2008-05-09,0.9964379288823721,-0.9999932182872595
2008-05-12,0.9964379288823721,-0.9999932182872595
2008-05-13,0.9964379288823721,-0.9999932182872595
2008-05-14,0.9964379288823721,-0.9999932182872595
2008-05-15,0.9964379288823721,-0.9999932182872595
2008-05-16,0.9964379288823721,-0.9999932182872595
2008-05-19,0.9964379288823721,-0.9999932182872595
2008-05-20,0.9964379288823721,-0.9999932182872595
2008-05-21,0.9964379288823721,-0.9999932182872595
2008-05-22,0.9964379288823721,-0.9999932182872595
2008-05-23,0.9964379288823721,-0.9999932182872595
2008-05-26,0.9964379288823721,-0.9999932182872595
2008-05-27,0.9964379288823721,-0.9999932182872595
2008-05-28,0.9964379288823721,-0.9999932182872595
2008-05-29,0.9964379288823721,-0.9999932182872595
2008-05-30,0.9964379288823721,-0.9999932182872595
2008-06-02,0.9841153300875952,-0.99870319170264
2008-06-03,0.9962634980145165,-0.9999932007544867
2008-06-04,0.9963480744133928,-0.9999932007979278
2008-06-05,0.9963486524927588,-0.9999932007979278
2008-06-06,0.996348656443426,-0.9999932007979278
2008-06-09,0.9963486564704255,-0.9999932007979278
2008-06-10,0.99634865647061,-0.9999932007979278
2008-06-11,0.9963486564706111,-0.9999932007979278
2008-06-12,0.9963486564706111,-0.9999932007979278
2008-06-13,0.9963486564706111,-0.9999932007979278
2008-06-16,0.9963486564706111,-0.9999932007979278
2008-06-17,0.9963486564706111,-0.9999932007979278
2008-06-18,0.9963486564706111,-0.9999932007979278
2008-06-19,0.9963486564706111,-0.9999932007979278
2008-06-20,0.9963486564706111,-0.9999932007979278
2008-06-23,0.9963486564706111,-0.9999932007979278
2008-06-24,0.9963486564706111,-0.9999932007979278
2008-06-25,0.9963486564706111,-0.9999932007979278
2008-06-26,0.9963486564706111,-0.9999932007979278
2008-06-27,0.9963486564706111,-0.9999932007979278
2008-06-30,0.940622617056167,-0.9775314615780021
2008-07-01,0.9954944160105613,-0.9999928847157352
2008-07-02,0.995903119917939,-0.9999928854968789
2008-07-03,0.9959059147815751,-0.9999928854968789
2008-07-04,0.9959059338820894,-0.9999928854968789
2008-07-07,0.9959059340126246,-0.9999928854968789
2008-07-08,0.9959059340135168,-0.9999928854968789
2008-07-09,0.9959059340135228,-0.9999928854968789
2008-07-10,0.9959059340135228,-0.9999928854968789
2008-07-11,0.9959059340135228,-0.9999928854968789
2008-07-14,0.9959059340135228,-0.9999928854968789
2008-07-15,0.9959059340135228,-0.9999928854968789
2008-07-16,0.9959059340135228,-0.9999928854968789
2008-07-17,0.9959059340135228,-0.9999928854968789
2008-07-18,0.9959059340135228,-0.9999928854968789
2008-07-21,0.9959059340135228,-0.9999928854968789
2008-07-22,0.9959059340135228,-0.9999928854968789
2008-07-23,0.9959059340135228,-0.9999928854968789
2008-07-24,0.9959059340135228,-0.9999928854968789
2008-07-25,0.9959059340135228,-0.9999928854968789
2008-07-28,0.9959059340135228,-0.9999928854968789
2008-07-29,0.9959059340135228,-0.9999928854968789
2008-07-30,0.9959059340135228,-0.9999928854968789
2008-07-31,1.064540891540619,-1.0173169043688348
2008-08-01,0.996836205209791,-0.9999931257615028
2008-08-04,0.996416973766853,-0.9999931251940418
2008-08-05,0.9964141105083747,-0.9999931251940418
2008-08-06,0.9964140909406076,-0.9999931251940418
2008-08-07,0.9964140908068791,-0.9999931251940418
2008-08-08,0.9964140908059653,-0.9999931251940418
2008-08-11,0.9964140908059591,-0.9999931251940418
2008-08-12,0.9964140908059589,-0.9999931251940418
2008-08-13,0.9964140908059589,-0.9999931251940418
2008-08-14,0.9964140908059589,-0.9999931251940418
2008-08-15,0.9964140908059589,-0.9999931251940418
2008-08-18,0.9964140908059589,-0.9999931251940418
2008-08-19,0.9964140908059589,-0.9999931251940418
2008-08-20,0.9964140908059589,-0.9999931251940418
2008-08-21,0.9964140908059589,-0.9999931251940418
2008-08-22,0.9964140908059589,-0.9999931251940418
2008-08-25,0.9964140908059589,-0.9999931251940418
2008-08-26,0.9964140908059589,-0.9999931251940418
2008-08-27,0.9964140908059589,-0.9999931251940418
2008-08-28,0.9964140908059589,-0.9999931251940418
2008-08-29,0.9964140908059589,-0.9999931251940418
2008-09-01,1.0829465932881785,-1.009085225725416
2008-09-02,0.9974816566177261,-0.9999932485340283
2008-09-03,0.996965303462817,-0.999993248232566
2008-09-04,0.9969617774017131,-0.999993248232566
2008-09-05,0.9969617533043172,-0.999993248232566
2008-09-08,0.9969617531396326,-0.999993248232566
2008-09-09,0.9969617531385071,-0.999993248232566
2008-09-10,0.9969617531384996,-0.999993248232566
2008-09-11,0.9969617531384996,-0.999993248232566
2008-09-12,0.9969617531384996,-0.999993248232566
2008-09-15,0.9969617531384996,-0.999993248232566
2008-09-16,0.9969617531384996,-0.999993248232566
2008-09-17,0.9969617531384996,-0.999993248232566
2008-09-18,0.9969617531384996,-0.999993248232566
2008-09-19,0.9969617531384996,-0.999993248232566
2008-09-22,0.9969617531384996,-0.999993248232566
2008-09-23,0.9969617531384996,-0.999993248232566
2008-09-24,0.9969617531384996,-0.999993248232566
2008-09-25,0.9969617531384996,-0.999993248232566
2008-09-26,0.9969617531384996,-0.999993248232566
2008-09-29,0.9969617531384996,-0.999993248232566
2008-09-30,1.1793837593419556,-1.050807927524567
2008-10-01,0.9987965127571711,-0.9999938855015367
2008-10-02,0.9978327474610609,-0.9999938839155688
2008-10-03,0.997826170568567,-0.9999938839155686
2008-10-06,0.9978261256217421,-0.9999938839155686
2008-10-07,0.9978261253145699,-0.9999938839155686
2008-10-08,0.9978261253124708,-0.9999938839155686
2008-10-09,0.9978261253124565,-0.9999938839155686
2008-10-10,0.9978261253124563,-0.9999938839155686
2008-10-13,0.9978261253124563,-0.9999938839155686
2008-10-14,0.9978261253124563,-0.9999938839155686
2008-10-15,0.9978261253124563,-0.9999938839155686
2008-10-16,0.9978261253124563,-0.9999938839155686
2008-10-17,0.9978261253124563,-0.9999938839155686
2008-10-20,0.9978261253124563,-0.9999938839155686
2008-10-21,0.9978261253124563,-0.9999938839155686
2008-10-22,0.9978261253124563,-0.9999938839155686
2008-10-23,0.9978261253124563,-0.9999938839155686
2008-10-24,0.9978261253124563,-0.9999938839155686
2008-10-27,0.9978261253124563,-0.9999938839155686
2008-10-28,0.9978261253124563,-0.9999938839155686
2008-10-29,0.9978261253124563,-0.9999938839155686
2008-10-30,0.9978261253124563,-0.9999938839155686
2008-10-31,0.9971128995916702,-1.0061076676611338
2008-11-03,0.9978181662162062,-0.9999939580280429
2008-11-04,0.9978229912428516,-0.9999939578244315
2008-11-05,0.9978230242179035,-0.9999939578244315
2008-11-06,0.9978230244432588,-0.9999939578244315
2008-11-07,0.9978230244447989,-0.9999939578244315
2008-11-10,0.9978230244448095,-0.9999939578244315
2008-11-11,0.9978230244448095,-0.9999939578244315
2008-11-12,0.9978230244448095,-0.9999939578244315
2008-11-13,0.9978230244448095,-0.9999939578244315
2008-11-14,0.9978230244448095,-0.9999939578244315
2008-11-17,0.9978230244448095,-0.9999939578244315
2008-11-18,0.9978230244448095,-0.9999939578244315
2008-11-19,0.9978230244448095,-0.9999939578244315
2008-11-20,0.9978230244448095,-0.9999939578244315
2008-11-21,0.9978230244448095,-0.9999939578244315
2008-11-24,0.9978230244448095,-0.9999939578244315
2008-11-25,0.9978230244448095,-0.9999939578244315
2008-11-26,0.9978230244448095,-0.9999939578244315
2008-11-27,0.9978230244448095,-0.9999939578244315
2008-11-28,0.9978230244448095,-0.9999939578244315
2008-12-01,1.0556328560431951,-1.0072988461322834
2008-12-02,0.9984163424503868,-0.9999940451507972
2008-12-03,0.9980567289137026,-0.9999940449079482
2008-12-04,0.998054272608359,-0.9999940449079482
2008-12-05,0.998054255821736,-0.9999940449079482
2008-12-08,0.9980542557070142,-0.9999940449079482
2008-12-09,0.9980542557062302,-0.9999940449079482
2008-12-10,0.9980542557062247,-0.9999940449079482
2008-12-11,0.9980542557062247,-0.9999940449079482
2008-12-12,0.9980542557062247,-0.9999940449079482
2008-12-15,0.9980542557062247,-0.9999940449079482
2008-12-16,0.9980542557062247,-0.9999940449079482
2008-12-17,0.9980542557062247,-0.9999940449079482
2008-12-18,0.9980542557062247,-0.9999940449079482
2008-12-19,0.9980542557062247,-0.9999940449079482
2008-12-22,0.9980542557062247,-0.9999940449079482
2008-12-23,0.9980542557062247,-0.9999940449079482
2008-12-24,0.9980542557062247,-0.9999940449079482
2008-12-25,0.9980542557062247,-0.9999940449079482
2008-12-26,0.9980542557062247,-0.9999940449079482
2008-12-29,0.9980542557062247,-0.9999940449079482
2008-12-30,0.9980542557062247,-0.9999940449079482
2008-12-31,1.016884958792253,-1.1074357530872612
2009-01-01,0.9982501528139702,-0.9999951444788869
2009-01-02,0.9981263026577181,-0.9999951413763358
2009-01-05,0.9981254564094773,-0.9999951413763356
2009-01-06,0.9981254506261227,-0.9999951413763356
2009-01-07,0.9981254505865986,-0.9999951413763356
2009-01-08,0.9981254505863285,-0.9999951413763356
2009-01-09,0.9981254505863266,-0.9999951413763356
2009-01-12,0.9981254505863266,-0.9999951413763356
2009-01-13,0.9981254505863266,-0.9999951413763356
2009-01-14,0.9981254505863266,-0.9999951413763356
2009-01-15,0.9981254505863266,-0.9999951413763356
2009-01-16,0.9981254505863266,-0.9999951413763356
2009-01-19,0.9981254505863266,-0.9999951413763356
2009-01-20,0.9981254505863266,-0.9999951413763356
2009-01-21,0.9981254505863266,-0.9999951413763356
2009-01-22,0.9981254505863266,-0.9999951413763356
2009-01-23,0.9981254505863266,-0.9999951413763356
2009-01-26,0.9981254505863266,-0.9999951413763356
2009-01-27,0.9981254505863266,-0.9999951413763356
2009-01-28,0.9981254505863266,-0.9999951413763356
2009-01-29,0.9981254505863266,-0.9999951413763356
2009-01-30,0.9981254505863266,-0.9999951413763356
2009-02-02,0.7178794878551916,-1.0005456665321588
2009-02-03,0.9932463697106516,-0.9999951467222367
2009-02-04,0.9963641195737517,-0.999995146703749
2009-02-05,0.9963855277680589,-0.999995146703749
2009-02-06,0.996385674078975,-0.999995146703749
2009-02-09,0.9963856750788816,-0.999995146703749
2009-02-10,0.9963856750857151,-0.999995146703749
2009-02-11,0.9963856750857618,-0.999995146703749
2009-02-12,0.996385675085762,-0.999995146703749
2009-02-13,0.996385675085762,-0.999995146703749
2009-02-16,0.996385675085762,-0.999995146703749
2009-02-17,0.996385675085762,-0.999995146703749
2009-02-18,0.996385675085762,-0.999995146703749
2009-02-19,0.996385675085762,-0.999995146703749
2009-02-20,0.996385675085762,-0.999995146703749
2009-02-23,0.996385675085762,-0.999995146703749
2009-02-24,0.996385675085762,-0.999995146703749
2009-02-25,0.996385675085762,-0.999995146703749
2009-02-26,0.996385675085762,-0.999995146703749
2009-02-27,0.996385675085762,-0.999995146703749
2009-03-02,0.735766834712788,-0.9770836993158564
2009-03-03,0.9906197792960544,-0.9999949163970404
2009-03-04,0.993382396261287,-0.9999949171943786
2009-03-05,0.9934013559116673,-0.9999949171943786
2009-03-06,0.9934014854879278,-0.9999949171943786
2009-03-09,0.9934014863734677,-0.9999949171943786
2009-03-10,0.9934014863795195,-0.9999949171943786
2009-03-11,0.9934014863795608,-0.9999949171943786
2009-03-12,0.9934014863795613,-0.9999949171943786
2009-03-13,0.9934014863795613,-0.9999949171943786
2009-03-16,0.9934014863795613,-0.9999949171943786
2009-03-17,0.9934014863795613,-0.9999949171943786
2009-03-18,0.9934014863795613,-0.9999949171943786
2009-03-19,0.9934014863795613,-0.9999949171943786
2009-03-20,0.9934014863795613,-0.9999949171943786
2009-03-23,0.9934014863795613,-0.9999949171943786
2009-03-24,0.9934014863795613,-0.9999949171943786
2009-03-25,0.9934014863795613,-0.9999949171943786
2009-03-26,0.9934014863795613,-0.9999949171943786
2009-03-27,0.9934014863795613,-0.9999949171943786
2009-03-30,0.9934014863795613,-0.9999949171943786
2009-03-31,-0.3489874897735004,-0.700235028856425
2009-04-01,-0.9298644685051742,-0.9999896333785894
2009-04-02,-0.9498723336455508,-0.9999896508455103
2009-04-03,-0.9500135461546084,-0.999989650845511
2009-04-06,-0.9500145114345264,-0.999989650845511
2009-04-07,-0.9500145180313753,-0.999989650845511
2009-04-08,-0.950014518076459,-0.999989650845511
2009-04-09,-0.9500145180767671,-0.999989650845511
2009-04-10,-0.9500145180767692,-0.999989650845511
2009-04-13,-0.9500145180767692,-0.999989650845511
2009-04-14,-0.9500145180767692,-0.999989650845511
2009-04-15,-0.9500145180767692,-0.999989650845511
2009-04-16,-0.9500145180767692,-0.999989650845511
2009-04-17,-0.9500145180767692,-0.999989650845511
2009-04-20,-0.9500145180767692,-0.999989650845511
2009-04-21,-0.9500145180767692,-0.999989650845511
2009-04-22,-0.9500145180767692,-0.999989650845511
2009-04-23,-0.9500145180767692,-0.999989650845511
2009-04-24,-0.9500145180767692,-0.999989650845511
2009-04-27,-0.9500145180767692,-0.999989650845511
2009-04-28,-0.9500145180767692,-0.999989650845511
2009-04-29,-0.9500145180767692,-0.999989650845511
2009-04-30,-2.4790717430932463,-0.9820365786063846
2009-05-01,-0.9950226586497257,-0.9999892689725395
2009-05-04,-0.9921825513850153,-0.9999892695925732
2009-05-05,-0.9921632253386033,-0.9999892695925732
2009-05-06,-0.9921630932659687,-0.9999892695925732
2009-05-07,-0.9921630923633687,-0.9999892695925732
2009-05-08,-0.9921630923572002,-0.9999892695925732
2009-05-11,-0.992163092357158,-0.9999892695925732
2009-05-12,-0.9921630923571577,-0.9999892695925732
2009-05-13,-0.9921630923571577,-0.9999892695925732
2009-05-14,-0.9921630923571577,-0.9999892695925732
2009-05-15,-0.9921630923571577,-0.9999892695925732
2009-05-18,-0.9921630923571577,-0.9999892695925732
2009-05-19,-0.9921630923571577,-0.9999892695925732
2009-05-20,-0.9921630923571577,-0.9999892695925732
2009-05-21,-0.9921630923571577,-0.9999892695925732
2009-05-22,-0.9921630923571577,-0.9999892695925732
2009-05-25,-0.9921630923571577,-0.9999892695925732
2009-05-26,-0.9921630923571577,-0.9999892695925732
2009-05-27,-0.9921630923571577,-0.9999892695925732
2009-05-28,-0.9921630923571577,-0.9999892695925732
2009-05-29,-0.9921630923571577,-0.9999892695925732
2009-06-01,-1.3390098201144822,-0.9691373752666522
2009-06-02,-0.9971989576514514,-0.9999885754946245
2009-06-03,-0.9956847885975654,-0.9999885765815663
2009-06-04,-0.9956744643022104,-0.9999885765815663
2009-06-05,-0.9956743937458421,-0.9999885765815663
2009-06-08,-0.9956743932636514,-0.9999885765815663
2009-06-09,-0.9956743932603561,-0.9999885765815663
2009-06-10,-0.9956743932603337,-0.9999885765815663
2009-06-11,-0.9956743932603336,-0.9999885765815663
2009-06-12,-0.9956743932603336,-0.9999885765815663
2009-06-15,-0.9956743932603336,-0.9999885765815663
2009-06-16,-0.9956743932603336,-0.9999885765815663
2009-06-17,-0.9956743932603336,-0.9999885765815663
2009-06-18,-0.9956743932603336,-0.9999885765815663
2009-06-19,-0.9956743932603336,-0.9999885765815663
2009-06-22,-0.9956743932603336,-0.9999885765815663
2009-06-23,-0.9956743932603336,-0.9999885765815663
2009-06-24,-0.9956743932603336,-0.9999885765815663
2009-06-25,-0.9956743932603336,-0.9999885765815663
2009-06-26,-0.9956743932603336,-0.9999885765815663
2009-06-29,-0.9956743932603336,-0.9999885765815663
2009-06-30,-1.1077207624852252,-1.0047766508825935
2009-07-01,-0.9971509374748979,-0.9999886851990132
2009-07-02,-0.9965052933490453,-0.9999886850392389
2009-07-03,-0.9965008852534271,-0.9999886850392388
2009-07-06,-0.9965008551281741,-0.9999886850392388
2009-07-07,-0.9965008549222945,-0.9999886850392388
2009-07-08,-0.9965008549208874,-0.9999886850392388
2009-07-09,-0.9965008549208779,-0.9999886850392388
2009-07-10,-0.9965008549208777,-0.9999886850392388
2009-07-13,-0.9965008549208777,-0.9999886850392388
2009-07-14,-0.9965008549208777,-0.9999886850392388
2009-07-15,-0.9965008549208777,-0.9999886850392388
2009-07-16,-0.9965008549208777,-0.9999886850392388
2009-07-17,-0.9965008549208777,-0.9999886850392388
2009-07-20,-0.9965008549208777,-0.9999886850392388
2009-07-21,-0.9965008549208777,-0.9999886850392388
2009-07-22,-0.9965008549208777,-0.9999886850392388
2009-07-23,-0.9965008549208777,-0.9999886850392388
2009-07-24,-0.9965008549208777,-0.9999886850392388
2009-07-27,-0.9965008549208777,-0.9999886850392388
2009-07-28,-0.9965008549208777,-0.9999886850392388
2009-07-29,-0.9965008549208777,-0.9999886850392388
2009-07-30,-0.9965008549208777,-0.9999886850392388
2009-07-31,-1.1414868034671404,-0.9825873785765051
2009-08-03,-0.9981373557025286,-0.9999882807049641
2009-08-04,-0.9973354726409965,-0.999988281305433
2009-08-05,-0.997329999123212,-0.999988281305433
2009-08-06,-0.9973299617168446,-0.999988281305433
2009-08-07,-0.9973299614612051,-0.999988281305433
2009-08-10,-0.9973299614594581,-0.999988281305433
2009-08-11,-0.9973299614594461,-0.999988281305433
2009-08-12,-0.9973299614594461,-0.999988281305433
2009-08-13,-0.9973299614594461,-0.999988281305433
2009-08-14,-0.9973299614594461,-0.999988281305433
2009-08-17,-0.9973299614594461,-0.999988281305433
2009-08-18,-0.9973299614594461,-0.999988281305433
2009-08-19,-0.9973299614594461,-0.999988281305433
2009-08-20,-0.9973299614594461,-0.999988281305433
2009-08-21,-0.9973299614594461,-0.999988281305433
2009-08-24,-0.9973299614594461,-0.999988281305433
2009-08-25,-0.9973299614594461,-0.999988281305433
2009-08-26,-0.9973299614594461,-0.999988281305433
2009-08-27,-0.9973299614594461,-0.999988281305433
2009-08-28,-0.9973299614594461,-0.999988281305433
2009-08-31,-1.0293402118491484,-0.9948984037137312
2009-09-01,-0.9977005468540087,-0.9999881610888104
2009-09-02,-0.9974942490636178,-0.9999881612611912
2009-09-03,-0.9974928396400065,-0.9999881612611912
2009-09-04,-0.997492830007857,-0.9999881612611912
2009-09-07,-0.9974928299420297,-0.9999881612611912
2009-09-08,-0.9974928299415798,-0.9999881612611912
2009-09-09,-0.9974928299415767,-0.9999881612611912
2009-09-10,-0.9974928299415767,-0.9999881612611912
2009-09-11,-0.9974928299415767,-0.9999881612611912
2009-09-14,-0.9974928299415767,-0.9999881612611912
2009-09-15,-0.9974928299415767,-0.9999881612611912
2009-09-16,-0.9974928299415767,-0.9999881612611912
2009-09-17,-0.9974928299415767,-0.9999881612611912
2009-09-18,-0.9974928299415767,-0.9999881612611912
2009-09-21,-0.9974928299415767,-0.9999881612611912
2009-09-22,-0.9974928299415767,-0.9999881612611912
2009-09-23,-0.9974928299415767,-0.9999881612611912
2009-09-24,-0.9974928299415767,-0.9999881612611912
2009-09-25,-0.9974928299415767,-0.9999881612611912
2009-09-28,-0.9974928299415767,-0.9999881612611912
2009-09-29,-0.9974928299415767,-0.9999881612611912
2009-09-30,-0.8890514118060083,-0.9614905109981892
2009-10-01,-0.9959720419455644,-0.9999871942098052
2009-10-02,-0.9968409870366162,-0.9999871955824161
2009-10-05,-0.9968469333387083,-0.9999871955824161
2009-10-06,-0.9968469739768164,-0.9999871955824161
2009-10-07,-0.996846974254542,-0.9999871955824161
2009-10-08,-0.99684697425644,-0.9999871955824161
2009-10-09,-0.996846974256453,-0.9999871955824161
2009-10-12,-0.9968469742564532,-0.9999871955824161
2009-10-13,-0.9968469742564532,-0.9999871955824161
2009-10-14,-0.9968469742564532,-0.9999871955824161
2009-10-15,-0.9968469742564532,-0.9999871955824161
2009-10-16,-0.9968469742564532,-0.9999871955824161
2009-10-19,-0.9968469742564532,-0.9999871955824161
2009-10-20,-0.9968469742564532,-0.9999871955824161
2009-10-21,-0.9968469742564532,-0.9999871955824161
2009-10-22,-0.9968469742564532,-0.9999871955824161
2009-10-23,-0.9968469742564532,-0.9999871955824161
2009-10-26,-0.9968469742564532,-0.9999871955824161
2009-10-27,-0.9968469742564532,-0.9999871955824161
2009-10-28,-0.9968469742564532,-0.9999871955824161
2009-10-29,-0.9968469742564532,-0.9999871955824161
2009-10-30,-0.9968469742564532,-0.9999871955824161
2009-11-02,-0.9078023519362484,-0.9707309152495804
2009-11-03,-0.995507268896758,-0.9999864121173079
2009-11-04,-0.9961970304783689,-0.9999864131454769
2009-11-05,-0.9962017493256621,-0.9999864131454769
2009-11-06,-0.9962017815750612,-0.9999864131454769
2009-11-09,-0.9962017817954577,-0.9999864131454769
2009-11-10,-0.996201781796964,-0.9999864131454769
2009-11-11,-0.9962017817969742,-0.9999864131454769
2009-11-12,-0.9962017817969744,-0.9999864131454769
2009-11-13,-0.9962017817969744,-0.9999864131454769
2009-11-16,-0.9962017817969744,-0.9999864131454769
2009-11-17,-0.9962017817969744,-0.9999864131454769
2009-11-18,-0.9962017817969744,-0.9999864131454769
2009-11-19,-0.9962017817969744,-0.9999864131454769
2009-11-20,-0.9962017817969744,-0.9999864131454769
2009-11-23,-0.9962017817969744,-0.9999864131454769
2009-11-24,-0.9962017817969744,-0.9999864131454769
2009-11-25,-0.9962017817969744,-0.9999864131454769
2009-11-26,-0.9962017817969744,-0.9999864131454769
2009-11-27,-0.9962017817969744,-0.9999864131454769
2009-11-30,-1.1106950111942344,-0.9835430975626132
2009-12-01,-0.9976037938567903,-0.9999859550325781
2009-12-02,-0.9969456025741218,-0.9999859555991556
2009-12-03,-0.9969411088969686,-0.9999859555991556
2009-12-04,-0.996941078186849,-0.9999859555991556
2009-12-07,-0.9969410779769724,-0.9999859555991556
2009-12-08,-0.9969410779755379,-0.9999859555991556
2009-12-09,-0.9969410779755282,-0.9999859555991556
2009-12-10,-0.996941077975528,-0.9999859555991556
2009-12-11,-0.996941077975528,-0.9999859555991556
2009-12-14,-0.996941077975528,-0.9999859555991556
2009-12-15,-0.996941077975528,-0.9999859555991556
2009-12-16,-0.996941077975528,-0.9999859555991556
2009-12-17,-0.996941077975528,-0.9999859555991556
2009-12-18,-0.996941077975528,-0.9999859555991556
2009-12-21,-0.996941077975528,-0.9999859555991556
2009-12-22,-0.996941077975528,-0.9999859555991556
2009-12-23,-0.996941077975528,-0.9999859555991556
2009-12-24,-0.996941077975528,-0.9999859555991556
2009-12-25,-0.996941077975528,-0.9999859555991556
2009-12-28,-0.996941077975528,-0.9999859555991556
2009-12-29,-0.996941077975528,-0.9999859555991556
2009-12-30,-0.996941077975528,-0.9999859555991556
2009-12-31,-1.1703297577707839,-0.8960108250051384
2010-01-01,-0.9987100886133846,-0.99998250691713
2010-01-04,-0.9977838867242705,-0.9999825110433662
2010-01-05,-0.9977775658121079,-0.9999825110433663
2010-01-06,-0.9977775226146491,-0.9999825110433663
2010-01-07,-0.9977775223194324,-0.9999825110433663
2010-01-08,-0.9977775223174149,-0.9999825110433663
2010-01-11,-0.9977775223174011,-0.9999825110433663
2010-01-12,-0.997777522317401,-0.9999825110433663
2010-01-13,-0.997777522317401,-0.9999825110433663
2010-01-14,-0.997777522317401,-0.9999825110433663
2010-01-15,-0.997777522317401,-0.9999825110433663
2010-01-18,-0.997777522317401,-0.9999825110433663
2010-01-19,-0.997777522317401,-0.9999825110433663
2010-01-20,-0.997777522317401,-0.9999825110433663
2010-01-21,-0.997777522317401,-0.9999825110433663
2010-01-22,-0.997777522317401,-0.9999825110433663
2010-01-25,-0.997777522317401,-0.9999825110433663
2010-01-26,-0.997777522317401,-0.9999825110433663
2010-01-27,-0.997777522317401,-0.9999825110433663
2010-01-28,-0.997777522317401,-0.9999825110433663
2010-01-29,-0.997777522317401,-0.9999825110433663
2010-02-01,-0.9955590151716665,-0.9928458068861018
2010-02-02,-0.9977524953789336,-0.9999822587109798
2010-02-03,-0.9977675358043973,-0.999982258953427
2010-02-04,-0.9977676385948095,-0.999982258953427
2010-02-05,-0.9977676392972917,-0.999982258953427
2010-02-08,-0.9977676393020924,-0.999982258953427
2010-02-09,-0.9977676393021254,-0.999982258953427
2010-02-10,-0.9977676393021256,-0.999982258953427
2010-02-11,-0.9977676393021256,-0.999982258953427
2010-02-12,-0.9977676393021256,-0.999982258953427
2010-02-15,-0.9977676393021256,-0.999982258953427
2010-02-16,-0.9977676393021256,-0.999982258953427
2010-02-17,-0.9977676393021256,-0.999982258953427
2010-02-18,-0.9977676393021256,-0.999982258953427
2010-02-19,-0.9977676393021256,-0.999982258953427
2010-02-22,-0.9977676393021256,-0.999982258953427
2010-02-23,-0.9977676393021256,-0.999982258953427
2010-02-24,-0.9977676393021256,-0.999982258953427
2010-02-25,-0.9977676393021256,-0.999982258953427
2010-02-26,-0.9977676393021256,-0.999982258953427
2010-03-01,-1.0172817754976622,-0.9958061961538727
2010-03-02,-0.9979812190944136,-0.9999821098402899
2010-03-03,-0.9978530715327566,-0.9999821099815257
2010-03-04,-0.9978521959267735,-0.9999821099815257
2010-03-05,-0.9978521899427851,-0.9999821099815257
2010-03-08,-0.9978521899018898,-0.9999821099815257
2010-03-09,-0.9978521899016104,-0.9999821099815257
2010-03-10,-0.9978521899016084,-0.9999821099815257
2010-03-11,-0.9978521899016084,-0.9999821099815257
2010-03-12,-0.9978521899016084,-0.9999821099815257
2010-03-15,-0.9978521899016084,-0.9999821099815257
2010-03-16,-0.9978521899016084,-0.9999821099815257
2010-03-17,-0.9978521899016084,-0.9999821099815257
2010-03-18,-0.9978521899016084,-0.9999821099815257
2010-03-19,-0.9978521899016084,-0.9999821099815257
2010-03-22,-0.9978521899016084,-0.9999821099815257
2010-03-23,-0.9978521899016084,-0.9999821099815257
2010-03-24,-0.9978521899016084,-0.9999821099815257
2010-03-25,-0.9978521899016084,-0.9999821099815257
2010-03-26,-0.9978521899016084,-0.9999821099815257
2010-03-29,-0.9978521899016084,-0.9999821099815257
2010-03-30,-0.9978521899016084,-0.9999821099815257
2010-03-31,-2.114427622691536,0.5926672096047565
2010-04-01,-1.0021832722530417,0.9999490713097263
2010-04-02,-0.9995385800336029,0.9999491023409324
2010-04-05,-0.999520577857701,0.9999491023409335
2010-04-06,-0.9995204548320173,0.9999491023409335
2010-04-07,-0.9995204539912452,0.9999491023409335
2010-04-08,-0.9995204539854994,0.9999491023409335
2010-04-09,-0.99952045398546,0.9999491023409335
2010-04-12,-0.9995204539854597,0.9999491023409335
2010-04-13,-0.9995204539854597,0.9999491023409335
2010-04-14,-0.9995204539854597,0.9999491023409335
2010-04-15,-0.9995204539854597,0.9999491023409335
2010-04-16,-0.9995204539854597,0.9999491023409335
2010-04-19,-0.9995204539854597,0.9999491023409335
2010-04-20,-0.9995204539854597,0.9999491023409335
2010-04-21,-0.9995204539854597,0.9999491023409335
2010-04-22,-0.9995204539854597,0.9999491023409335
2010-04-23,-0.9995204539854597,0.9999491023409335
2010-04-26,-0.9995204539854597,0.9999491023409335
2010-04-27,-0.9995204539854597,0.9999491023409335
2010-04-28,-0.9995204539854597,0.9999491023409335
2010-04-29,-0.9995204539854597,0.9999491023409335
2010-04-30,-0.9903550360103482,1.0453694579350543
2010-05-03,-0.999448102185053,0.9999534289243033
2010-05-04,-0.9995111097292143,0.9999534274959108
2010-05-05,-0.9995115403713292,0.9999534274959108
2010-05-06,-0.999511543314391,0.9999534274959108
2010-05-07,-0.9995115433345041,0.9999534274959108
2010-05-10,-0.9995115433346417,0.9999534274959108
2010-05-11,-0.9995115433346425,0.9999534274959108
2010-05-12,-0.9995115433346425,0.9999534274959108
2010-05-13,-0.9995115433346425,0.9999534274959108
2010-05-14,-0.9995115433346425,0.9999534274959108
2010-05-17,-0.9995115433346425,0.9999534274959108
2010-05-18,-0.9995115433346425,0.9999534274959108
2010-05-19,-0.9995115433346425,0.9999534274959108
2010-05-20,-0.9995115433346425,0.9999534274959108
2010-05-21,-0.9995115433346425,0.9999534274959108
2010-05-24,-0.9995115433346425,0.9999534274959108
2010-05-25,-0.9995115433346425,0.9999534274959108
2010-05-26,-0.9995115433346425,0.9999534274959108
2010-05-27,-0.9995115433346425,0.9999534274959108
2010-05-28,-0.9995115433346425,0.9999534274959108
2010-05-31,-1.0177757174994566,1.0134924545503958
2010-06-01,-0.9996502942724962,0.9999546634225625
2010-06-02,-0.9995297341355127,0.9999546629766356
2010-06-03,-0.9995289103631344,0.9999546629766356
2010-06-04,-0.9995289047333821,0.9999546629766356
2010-06-07,-0.9995289046949077,0.9999546629766356
2010-06-08,-0.9995289046946448,0.9999546629766356
2010-06-09,-0.999528904694643,0.9999546629766356
2010-06-10,-0.999528904694643,0.9999546629766356
2010-06-11,-0.999528904694643,0.9999546629766356
2010-06-14,-0.999528904694643,0.9999546629766356
2010-06-15,-0.999528904694643,0.9999546629766356
2010-06-16,-0.999528904694643,0.9999546629766356
2010-06-17,-0.999528904694643,0.9999546629766356
2010-06-18,-0.999528904694643,0.9999546629766356
2010-06-21,-0.999528904694643,0.9999546629766356
2010-06-22,-0.999528904694643,0.9999546629766356
2010-06-23,-0.999528904694643,0.9999546629766356
2010-06-24,-0.999528904694643,0.9999546629766356
2010-06-25,-0.999528904694643,0.9999546629766356
2010-06-28,-0.999528904694643,0.9999546629766356
2010-06-29,-0.999528904694643,0.9999546629766356
2010-06-30,-0.938414775742068,1.1448544104855836
2010-07-01,-0.9990070856621582,0.9999654125852058
2010-07-02,-0.9994624615900751,0.9999654086009517
2010-07-05,-0.9994655758265537,0.9999654086009517
2010-07-06,-0.9994655971097196,0.9999654086009517
2010-07-07,-0.9994655972551713,0.9999654086009517
2010-07-08,-0.9994655972561654,0.9999654086009517
2010-07-09,-0.9994655972561721,0.9999654086009517
2010-07-12,-0.9994655972561722,0.9999654086009517
2010-07-13,-0.9994655972561722,0.9999654086009517
2010-07-14,-0.9994655972561722,0.9999654086009517
2010-07-15,-0.9994655972561722,0.9999654086009517
2010-07-16,-0.9994655972561722,0.9999654086009517
2010-07-19,-0.9994655972561722,0.9999654086009517
2010-07-20,-0.9994655972561722,0.9999654086009517
2010-07-21,-0.9994655972561722,0.9999654086009517
2010-07-22,-0.9994655972561722,0.9999654086009517
2010-07-23,-0.9994655972561722,0.9999654086009517
2010-07-26,-0.9994655972561722,0.9999654086009517
2010-07-27,-0.9994655972561722,0.9999654086009517
2010-07-28,-0.9994655972561722,0.9999654086009517
2010-07-29,-0.9994655972561722,0.9999654086009517
2010-07-30,-0.9994655972561722,0.9999654086009517
2010-08-02,-0.9585747837851015,1.0353243879870495
2010-08-03,-0.99912197596889,0.9999677309560633
2010-08-04,-0.9994170409538858,0.9999677298279119
2010-08-05,-0.9994190583628785,0.9999677298279119
2010-08-06,-0.9994190721501357,0.9999677298279119
2010-08-09,-0.9994190722443594,0.9999677298279119
2010-08-10,-0.9994190722450033,0.9999677298279119
2010-08-11,-0.9994190722450077,0.9999677298279119
2010-08-12,-0.9994190722450078,0.9999677298279119
2010-08-13,-0.9994190722450078,0.9999677298279119
2010-08-16,-0.9994190722450078,0.9999677298279119
2010-08-17,-0.9994190722450078,0.9999677298279119
2010-08-18,-0.9994190722450078,0.9999677298279119
2010-08-19,-0.9994190722450078,0.9999677298279119
2010-08-20,-0.9994190722450078,0.9999677298279119
2010-08-23,-0.9994190722450078,0.9999677298279119
2010-08-24,-0.9994190722450078,0.9999677298279119
2010-08-25,-0.9994190722450078,0.9999677298279119
2010-08-26,-0.9994190722450078,0.9999677298279119
2010-08-27,-0.9994190722450078,0.9999677298279119
2010-08-30,-0.9994190722450078,0.9999677298279119
2010-08-31,-1.0292941964371836,1.0168714681631783
2010-09-01,-0.9996474951885576,0.9999687937550945
2010-09-02,-0.9994536120602925,0.9999687932010846
2010-09-03,-0.9994522874278248,0.9999687932010846
2010-09-06,-0.9994522783751455,0.9999687932010846
2010-09-07,-0.9994522783132784,0.9999687932010846
2010-09-08,-0.9994522783128558,0.9999687932010846
2010-09-09,-0.9994522783128527,0.9999687932010846
2010-09-10,-0.9994522783128527,0.9999687932010846
2010-09-13,-0.9994522783128527,0.9999687932010846
2010-09-14,-0.9994522783128527,0.9999687932010846
2010-09-15,-0.9994522783128527,0.9999687932010846
2010-09-16,-0.9994522783128527,0.9999687932010846
2010-09-17,-0.9994522783128527,0.9999687932010846
2010-09-20,-0.9994522783128527,0.9999687932010846
2010-09-21,-0.9994522783128527,0.9999687932010846
2010-09-22,-0.9994522783128527,0.9999687932010846
2010-09-23,-0.9994522783128527,0.9999687932010846
2010-09-24,-0.9994522783128527,0.9999687932010846
2010-09-27,-0.9994522783128527,0.9999687932010846
2010-09-28,-0.9994522783128527,0.9999687932010846
2010-09-29,-0.9994522783128527,0.9999687932010846
2010-09-30,-0.9543551477776647,1.0786581933847774
2010-10-01,-0.9990695275992697,0.9999731801866327
2010-10-04,-0.9993970837040851,0.9999731778243791
2010-10-05,-0.9993993233703594,0.9999731778243791
2010-10-06,-0.9993993386765591,0.9999731778243791
2010-10-07,-0.9993993387811635,0.9999731778243791
2010-10-08,-0.9993993387818784,0.9999731778243791
2010-10-11,-0.9993993387818833,0.9999731778243791
2010-10-12,-0.9993993387818834,0.9999731778243791
2010-10-13,-0.9993993387818834,0.9999731778243791
2010-10-14,-0.9993993387818834,0.9999731778243791
2010-10-15,-0.9993993387818834,0.9999731778243791
2010-10-18,-0.9993993387818834,0.9999731778243791
2010-10-19,-0.9993993387818834,0.9999731778243791
2010-10-20,-0.9993993387818834,0.9999731778243791
2010-10-21,-0.9993993387818834,0.9999731778243791
2010-10-22,-0.9993993387818834,0.9999731778243791
2010-10-25,-0.9993993387818834,0.9999731778243791
2010-10-26,-0.9993993387818834,0.9999731778243791
2010-10-27,-0.9993993387818834,0.9999731778243791
2010-10-28,-0.9993993387818834,0.9999731778243791
2010-10-29,-0.9993993387818834,0.9999731778243791
2010-11-01,-0.969816308779157,1.0308196659352313
2010-11-02,-0.9991509964792079,0.9999747590520188
2010-11-03,-0.9993607269169981,0.9999747580613935
2010-11-04,-0.9993621606943912,0.9999747580613935
2010-11-05,-0.9993621704930191,0.9999747580613935
2010-11-08,-0.9993621705599842,0.9999747580613935
2010-11-09,-0.9993621705604416,0.9999747580613935
2010-11-10,-0.999362170560445,0.9999747580613935
2010-11-11,-0.999362170560445,0.9999747580613935
2010-11-12,-0.999362170560445,0.9999747580613935
2010-11-15,-0.999362170560445,0.9999747580613935
2010-11-16,-0.999362170560445,0.9999747580613935
2010-11-17,-0.999362170560445,0.9999747580613935
2010-11-18,-0.999362170560445,0.9999747580613935
2010-11-19,-0.999362170560445,0.9999747580613935
2010-11-22,-0.999362170560445,0.9999747580613935
2010-11-23,-0.999362170560445,0.9999747580613935
2010-11-24,-0.999362170560445,0.9999747580613935
2010-11-25,-0.999362170560445,0.9999747580613935
2010-11-26,-0.999362170560445,0.9999747580613935
2010-11-29,-0.999362170560445,0.9999747580613935
2010-11-30,-1.0097971827408647,1.0049588814926045
2010-12-01,-0.9994454056702546,0.9999750078140929
2010-12-02,-0.9993757517999008,0.9999750076478299
2010-12-03,-0.9993752758270954,0.9999750076478299
2010-12-06,-0.9993752725742426,0.9999750076478299
2010-12-07,-0.9993752725520122,0.9999750076478299
2010-12-08,-0.9993752725518603,0.9999750076478299
2010-12-09,-0.9993752725518592,0.9999750076478299
2010-12-10,-0.9993752725518592,0.9999750076478299
2010-12-13,-0.9993752725518592,0.9999750076478299
2010-12-14,-0.9993752725518592,0.9999750076478299
2010-12-15,-0.9993752725518592,0.9999750076478299
2010-12-16,-0.9993752725518592,0.9999750076478299
2010-12-17,-0.9993752725518592,0.9999750076478299
2010-12-20,-0.9993752725518592,0.9999750076478299
2010-12-21,-0.9993752725518592,0.9999750076478299
2010-12-22,-0.9993752725518592,0.9999750076478299
2010-12-23,-0.9993752725518592,0.9999750076478299
2010-12-24,-0.9993752725518592,0.9999750076478299
2010-12-27,-0.9993752725518592,0.9999750076478299
2010-12-28,-0.9993752725518592,0.9999750076478299
2010-12-29,-0.9993752725518592,0.9999750076478299
2010-12-30,-0.9993752725518592,0.9999750076478299
2010-12-31,-1.0478559292647984,1.0887025275196462
2011-01-03,-0.9997401881273794,0.9999789153040293
2011-01-04,-0.9994338024914428,0.9999789126766659
2011-01-05,-0.9994317095842724,0.9999789126766658
2011-01-06,-0.9994316952811388,0.9999789126766658
2011-01-07,-0.9994316951833895,0.9999789126766658
2011-01-10,-0.9994316951827215,0.9999789126766658
2011-01-11,-0.9994316951827169,0.9999789126766658
2011-01-12,-0.9994316951827169,0.9999789126766658
2011-01-13,-0.9994316951827169,0.9999789126766658
2011-01-14,-0.9994316951827169,0.9999789126766658
2011-01-17,-0.9994316951827169,0.9999789126766658
2011-01-18,-0.9994316951827169,0.9999789126766658
2011-01-19,-0.9994316951827169,0.9999789126766658
2011-01-20,-0.9994316951827169,0.9999789126766658
2011-01-21,-0.9994316951827169,0.9999789126766658
2011-01-24,-0.9994316951827169,0.9999789126766658
2011-01-25,-0.9994316951827169,0.9999789126766658
2011-01-26,-0.9994316951827169,0.9999789126766658
2011-01-27,-0.9994316951827169,0.9999789126766658
2011-01-28,-0.9994316951827169,0.9999789126766658
2011-01-31,-0.986308892525939,0.9926534583489107
2011-02-01,-0.9993251253861287,0.9999786002933865
2011-02-02,-0.9994158608727002,0.9999786005423151
2011-02-03,-0.9994164810549361,0.9999786005423151
2011-02-04,-0.9994164852933398,0.9999786005423151
2011-02-07,-0.9994164853223056,0.9999786005423151
2011-02-08,-0.9994164853225036,0.9999786005423151
2011-02-09,-0.9994164853225049,0.9999786005423151
2011-02-10,-0.9994164853225049,0.9999786005423151
2011-02-11,-0.9994164853225049,0.9999786005423151
2011-02-14,-0.9994164853225049,0.9999786005423151
2011-02-15,-0.9994164853225049,0.9999786005423151
2011-02-16,-0.9994164853225049,0.9999786005423151
2011-02-17,-0.9994164853225049,0.9999786005423151
2011-02-18,-0.9994164853225049,0.9999786005423151
2011-02-21,-0.9994164853225049,0.9999786005423151
2011-02-22,-0.9994164853225049,0.9999786005423151
2011-02-23,-0.9994164853225049,0.9999786005423151
2011-02-24,-0.9994164853225049,0.9999786005423151
2011-02-25,-0.9994164853225049,0.9999786005423151
2011-02-28,-0.9594939718015413,0.9816252116286565
2011-03-01,-0.9990773723591291,0.9999777928543268
2011-03-02,-0.9993649845078042,0.9999777934885601
2011-03-03,-0.9993669509383902,0.9999777934885601
2011-03-04,-0.9993669643772528,0.9999777934885601
2011-03-07,-0.9993669644690955,0.9999777934885601
2011-03-08,-0.9993669644697233,0.9999777934885601
2011-03-09,-0.9993669644697274,0.9999777934885601
2011-03-10,-0.9993669644697274,0.9999777934885601
2011-03-11,-0.9993669644697274,0.9999777934885601
2011-03-14,-0.9993669644697274,0.9999777934885601
2011-03-15,-0.9993669644697274,0.9999777934885601
2011-03-16,-0.9993669644697274,0.9999777934885601
2011-03-17,-0.9993669644697274,0.9999777934885601
2011-03-18,-0.9993669644697274,0.9999777934885601
2011-03-21,-0.9993669644697274,0.9999777934885601
2011-03-22,-0.9993669644697274,0.9999777934885601
2011-03-23,-0.9993669644697274,0.9999777934885601
2011-03-24,-0.9993669644697274,0.9999777934885601
2011-03-25,-0.9993669644697274,0.9999777934885601
2011-03-28,-0.9993669644697274,0.9999777934885601
2011-03-29,-0.9993669644697274,0.9999777934885601
2011-03-30,-0.9993669644697274,0.9999777934885601
2011-03-31,-0.7279087427045507,0.21080989566572123
2011-04-01,-0.995808266962541,0.9995006779890547
2011-04-04,-0.9987871793637645,0.999501038768069
2011-04-05,-0.9988076296787485,0.999501038768081
2011-04-06,-0.9988077694429767,0.999501038768081
2011-04-07,-0.9988077703981423,0.999501038768081
2011-04-08,-0.9988077704046702,0.999501038768081
2011-04-11,-0.9988077704047147,0.999501038768081
2011-04-12,-0.9988077704047151,0.999501038768081
2011-04-13,-0.9988077704047151,0.999501038768081
2011-04-14,-0.9988077704047151,0.999501038768081
2011-04-15,-0.9988077704047151,0.999501038768081
2011-04-18,-0.9988077704047151,0.999501038768081
2011-04-19,-0.9988077704047151,0.999501038768081
2011-04-20,-0.9988077704047151,0.999501038768081
2011-04-21,-0.9988077704047151,0.999501038768081
2011-04-22,-0.9988077704047151,0.999501038768081
2011-04-25,-0.9988077704047151,0.999501038768081
2011-04-26,-0.9988077704047151,0.999501038768081
2011-04-27,-0.9988077704047151,0.999501038768081
2011-04-28,-0.9988077704047151,0.999501038768081
2011-04-29,-0.9988077704047151,0.999501038768081
2011-05-02,-0.9645477059889503,0.9062049300180912
2011-05-03,-0.9984757199480796,0.999393109679327
2011-05-04,-0.998720055125597,0.9993931133110439
2011-05-05,-0.9987217255586833,0.999393113311044
2011-05-06,-0.9987217369746524,0.999393113311044
2011-05-09,-0.9987217370526704,0.999393113311044
2011-05-10,-0.9987217370532036,0.999393113311044
2011-05-11,-0.9987217370532073,0.999393113311044
2011-05-12,-0.9987217370532073,0.999393113311044
2011-05-13,-0.9987217370532073,0.999393113311044
2011-05-16,-0.9987217370532073,0.999393113311044
2011-05-17,-0.9987217370532073,0.999393113311044
2011-05-18,-0.9987217370532073,0.999393113311044
2011-05-19,-0.9987217370532073,0.999393113311044
2011-05-20,-0.9987217370532073,0.999393113311044
2011-05-23,-0.9987217370532073,0.999393113311044
2011-05-24,-0.9987217370532073,0.999393113311044
2011-05-25,-0.9987217370532073,0.999393113311044
2011-05-26,-0.9987217370532073,0.999393113311044
2011-05-27,-0.9987217370532073,0.999393113311044
2011-05-30,-0.9987217370532073,0.999393113311044
2011-05-31,-0.9322596415940841,0.8894220877321181
2011-06-01,-0.9980314114304998,0.9992339434627675
2011-06-02,-0.9985299636982785,0.9992339478651705
2011-06-03,-0.9985333734351852,0.9992339478651706
2011-06-06,-0.9985333967378565,0.9992339478651706
2011-06-07,-0.9985333968971097,0.9992339478651706
2011-06-08,-0.9985333968981981,0.9992339478651706
2011-06-09,-0.9985333968982054,0.9992339478651706
2011-06-10,-0.9985333968982055,0.9992339478651706
2011-06-13,-0.9985333968982055,0.9992339478651706
2011-06-14,-0.9985333968982055,0.9992339478651706
2011-06-15,-0.9985333968982055,0.9992339478651706
2011-06-16,-0.9985333968982055,0.9992339478651706
2011-06-17,-0.9985333968982055,0.9992339478651706
2011-06-20,-0.9985333968982055,0.9992339478651706
2011-06-21,-0.9985333968982055,0.9992339478651706
2011-06-22,-0.9985333968982055,0.9992339478651706
2011-06-23,-0.9985333968982055,0.9992339478651706
2011-06-24,-0.9985333968982055,0.9992339478651706
2011-06-27,-0.9985333968982055,0.9992339478651706
2011-06-28,-0.9985333968982055,0.9992339478651706
2011-06-29,-0.9985333968982055,0.9992339478651706
2011-06-30,-0.8817700123611794,1.0758285644734347
2011-07-01,-0.99716235810197,0.9993390402648636
2011-07-04,-0.9981138766465093,0.9993390379617351
2011-07-05,-0.9981203888128027,0.999339037961735
2011-07-06,-0.998120433318167,0.999339037961735
2011-07-07,-0.9981204336223221,0.999339037961735
2011-07-08,-0.9981204336244007,0.999339037961735
2011-07-11,-0.9981204336244148,0.999339037961735
2011-07-12,-0.998120433624415,0.999339037961735
2011-07-13,-0.998120433624415,0.999339037961735
2011-07-14,-0.998120433624415,0.999339037961735
2011-07-15,-0.998120433624415,0.999339037961735
2011-07-18,-0.998120433624415,0.999339037961735
2011-07-19,-0.998120433624415,0.999339037961735
2011-07-20,-0.998120433624415,0.999339037961735
2011-07-21,-0.998120433624415,0.999339037961735
2011-07-22,-0.998120433624415,0.999339037961735
2011-07-25,-0.998120433624415,0.999339037961735
2011-07-26,-0.998120433624415,0.999339037961735
2011-07-27,-0.998120433624415,0.999339037961735
2011-07-28,-0.998120433624415,0.999339037961735
2011-07-29,-0.998120433624415,0.999339037961735
2011-08-01,-0.9360411879967693,0.9935119717318822
2011-08-02,-0.9973987253459101,0.9993312697729194
2011-08-03,-0.997860501622637,0.9993312699702269
2011-08-04,-0.9978636596640821,0.9993312699702269
2011-08-05,-0.9978636812466194,0.9993312699702269
2011-08-08,-0.9978636813941171,0.9993312699702269
2011-08-09,-0.9978636813951252,0.9993312699702269
2011-08-10,-0.9978636813951319,0.9993312699702269
2011-08-11,-0.9978636813951319,0.9993312699702269
2011-08-12,-0.9978636813951319,0.9993312699702269
2011-08-15,-0.9978636813951319,0.9993312699702269
2011-08-16,-0.9978636813951319,0.9993312699702269
2011-08-17,-0.9978636813951319,0.9993312699702269
2011-08-18,-0.9978636813951319,0.9993312699702269
2011-08-19,-0.9978636813951319,0.9993312699702269
2011-08-22,-0.9978636813951319,0.9993312699702269
2011-08-23,-0.9978636813951319,0.9993312699702269
2011-08-24,-0.9978636813951319,0.9993312699702269
2011-08-25,-0.9978636813951319,0.9993312699702269
2011-08-26,-0.9978636813951319,0.9993312699702269
2011-08-29,-0.9978636813951319,0.9993312699702269
2011-08-30,-0.9978636813951319,0.9993312699702269
2011-08-31,-0.9405956359871178,0.9223697234303853
2011-09-01,-0.997171183519123,0.9992151547027941
2011-09-02,-0.9975936795460137,0.9992151576172863
2011-09-05,-0.9975965687824204,0.9992151576172864
2011-09-06,-0.9975965885278951,0.9992151576172864
2011-09-07,-0.997596588662838,0.9992151576172864
2011-09-08,-0.9975965886637601,0.9992151576172864
2011-09-09,-0.9975965886637664,0.9992151576172864
2011-09-12,-0.9975965886637667,0.9992151576172864
2011-09-13,-0.9975965886637667,0.9992151576172864
2011-09-14,-0.9975965886637667,0.9992151576172864
2011-09-15,-0.9975965886637667,0.9992151576172864
2011-09-16,-0.9975965886637667,0.9992151576172864
2011-09-19,-0.9975965886637667,0.9992151576172864
2011-09-20,-0.9975965886637667,0.9992151576172864
2011-09-21,-0.9975965886637667,0.9992151576172864
2011-09-22,-0.9975965886637667,0.9992151576172864
2011-09-23,-0.9975965886637667,0.9992151576172864
2011-09-26,-0.9975965886637667,0.9992151576172864
2011-09-27,-0.9975965886637667,0.9992151576172864
2011-09-28,-0.9975965886637667,0.9992151576172864
2011-09-29,-0.9975965886637667,0.9992151576172864
2011-09-30,-0.9803381605899937,1.1330835088786322
2011-10-03,-0.9973910950245484,0.9993894936394062
2011-10-04,-0.9975107168315223,0.9993894899099733
2011-10-05,-0.9975115344893865,0.9993894899099732
2011-10-06,-0.9975115400773652,0.9993894899099732
2011-10-07,-0.9975115401155542,0.9993894899099732
2011-10-10,-0.9975115401158152,0.9993894899099732
2011-10-11,-0.9975115401158169,0.9993894899099732
2011-10-12,-0.997511540115817,0.9993894899099732
2011-10-13,-0.997511540115817,0.9993894899099732
2011-10-14,-0.997511540115817,0.9993894899099732
2011-10-17,-0.997511540115817,0.9993894899099732
2011-10-18,-0.997511540115817,0.9993894899099732
2011-10-19,-0.997511540115817,0.9993894899099732
2011-10-20,-0.997511540115817,0.9993894899099732
2011-10-21,-0.997511540115817,0.9993894899099732
2011-10-24,-0.997511540115817,0.9993894899099732
2011-10-25,-0.997511540115817,0.9993894899099732
2011-10-26,-0.997511540115817,0.9993894899099732
2011-10-27,-0.997511540115817,0.9993894899099732
2011-10-28,-0.997511540115817,0.9993894899099732
2011-10-31,-0.9590937403265388,1.028936214295809
2011-11-01,-0.9970321409644404,0.9994240192396495
2011-11-02,-0.9973071171620028,0.9994240182900164
2011-11-03,-0.997308997165135,0.9994240182900164
2011-11-04,-0.9973090100133386,0.9994240182900164
2011-11-07,-0.9973090101011448,0.9994240182900164
2011-11-08,-0.9973090101017449,0.9994240182900164
2011-11-09,-0.9973090101017489,0.9994240182900164
2011-11-10,-0.997309010101749,0.9994240182900164
2011-11-11,-0.997309010101749,0.9994240182900164
2011-11-14,-0.997309010101749,0.9994240182900164
2011-11-15,-0.997309010101749,0.9994240182900164
2011-11-16,-0.997309010101749,0.9994240182900164
2011-11-17,-0.997309010101749,0.9994240182900164
2011-11-18,-0.997309010101749,0.9994240182900164
2011-11-21,-0.997309010101749,0.9994240182900164
2011-11-22,-0.997309010101749,0.9994240182900164
2011-11-23,-0.997309010101749,0.9994240182900164
2011-11-24,-0.997309010101749,0.9994240182900164
2011-11-25,-0.997309010101749,0.9994240182900164
2011-11-28,-0.997309010101749,0.9994240182900164
2011-11-29,-0.997309010101749,0.9994240182900164
2011-11-30,-0.9758863545094365,0.9756167988397307
2011-12-01,-0.9970397107780737,0.9993955905999643
2011-12-02,-0.9971890432399035,0.9993955914286213
2011-12-05,-0.9971900640267255,0.9993955914286213
2011-12-06,-0.997190071002916,0.9993955914286213
2011-12-07,-0.9971900710505922,0.9993955914286213
2011-12-08,-0.997190071050918,0.9993955914286213
2011-12-09,-0.9971900710509203,0.9993955914286213
2011-12-12,-0.9971900710509203,0.9993955914286213
2011-12-13,-0.9971900710509203,0.9993955914286213
2011-12-14,-0.9971900710509203,0.9993955914286213
2011-12-15,-0.9971900710509203,0.9993955914286213
2011-12-16,-0.9971900710509203,0.9993955914286213
2011-12-19,-0.9971900710509203,0.9993955914286213
2011-12-20,-0.9971900710509203,0.9993955914286213
2011-12-21,-0.9971900710509203,0.9993955914286213
2011-12-22,-0.9971900710509203,0.9993955914286213
2011-12-23,-0.9971900710509203,0.9993955914286213
2011-12-26,-0.9971900710509203,0.9993955914286213
2011-12-27,-0.9971900710509203,0.9993955914286213
2011-12-28,-0.9971900710509203,0.9993955914286213
2011-12-29,-0.9971900710509203,0.9993955914286213
2011-12-30,-0.9971900710509203,0.9993955914286213
2012-01-02,-1.2769084928756982,1.0283574035427265
2012-01-03,-0.9996123901448946,0.9994291274660408
2012-01-04,-0.9982925561936301,0.9994291265344076
2012-01-05,-0.9982835542680372,0.9994291265344076
2012-01-06,-0.9982834927486354,0.9994291265344076
2012-01-09,-0.9982834923282045,0.9994291265344076
2012-01-10,-0.9982834923253312,0.9994291265344076
2012-01-11,-0.9982834923253115,0.9994291265344076
2012-01-12,-0.9982834923253114,0.9994291265344076
2012-01-13,-0.9982834923253114,0.9994291265344076
2012-01-16,-0.9982834923253114,0.9994291265344076
2012-01-17,-0.9982834923253114,0.9994291265344076
2012-01-18,-0.9982834923253114,0.9994291265344076
2012-01-19,-0.9982834923253114,0.9994291265344076
2012-01-20,-0.9982834923253114,0.9994291265344076
2012-01-23,-0.9982834923253114,0.9994291265344076
2012-01-24,-0.9982834923253114,0.9994291265344076
2012-01-25,-0.9982834923253114,0.9994291265344076
2012-01-26,-0.9982834923253114,0.9994291265344076
2012-01-27,-0.9982834923253114,0.9994291265344076
2012-01-30,-0.9982834923253114,0.9994291265344076
2012-01-31,-1.1077909845534164,0.8233223319197494
2012-02-01,-0.9992455142702956,0.9991591312679079
2012-02-02,-0.9986097760699006,0.9991591392057803
2012-02-03,-0.9986054355324594,0.9991591392057804
2012-02-06,-0.9986054058689005,0.9991591392057804
2012-02-07,-0.9986054056661761,0.9991591392057804
2012-02-08,-0.9986054056647906,0.9991591392057804
2012-02-09,-0.9986054056647812,0.9991591392057804
2012-02-10,-0.9986054056647811,0.9991591392057804
2012-02-13,-0.9986054056647811,0.9991591392057804
2012-02-14,-0.9986054056647811,0.9991591392057804
2012-02-15,-0.9986054056647811,0.9991591392057804
2012-02-16,-0.9986054056647811,0.9991591392057804
2012-02-17,-0.9986054056647811,0.9991591392057804
2012-02-20,-0.9986054056647811,0.9991591392057804
2012-02-21,-0.9986054056647811,0.9991591392057804
2012-02-22,-0.9986054056647811,0.9991591392057804
2012-02-23,-0.9986054056647811,0.9991591392057804
2012-02-24,-0.9986054056647811,0.9991591392057804
2012-02-27,-0.9986054056647811,0.9991591392057804
2012-02-28,-0.9986054056647811,0.9991591392057804
2012-02-29,-0.9677534317458869,0.9416260688775483
2012-03-01,-0.9982949827756008,0.9990533976690348
2012-03-02,-0.9985137640244638,0.9990533997793168
2012-03-05,-0.9985152596966779,0.9990533997793168
2012-03-06,-0.9985152699183044,0.9990533997793168
2012-03-07,-0.9985152699881603,0.9990533997793168
2012-03-08,-0.9985152699886376,0.9990533997793168
2012-03-09,-0.9985152699886409,0.9990533997793168
2012-03-12,-0.9985152699886409,0.9990533997793168
2012-03-13,-0.9985152699886409,0.9990533997793168
2012-03-14,-0.9985152699886409,0.9990533997793168
2012-03-15,-0.9985152699886409,0.9990533997793168
2012-03-16,-0.9985152699886409,0.9990533997793168
2012-03-19,-0.9985152699886409,0.9990533997793168
2012-03-20,-0.9985152699886409,0.9990533997793168
2012-03-21,-0.9985152699886409,0.9990533997793168
2012-03-22,-0.9985152699886409,0.9990533997793168
2012-03-23,-0.9985152699886409,0.9990533997793168
2012-03-26,-0.9985152699886409,0.9990533997793168
2012-03-27,-0.9985152699886409,0.9990533997793168
2012-03-28,-0.9985152699886409,0.9990533997793168
2012-03-29,-0.9985152699886409,0.9990533997793168
2012-03-30,-0.9985152699886409,0.9990533997793168
2012-04-02,-0.816866087572946,-2.67856528053316
2012-04-03,-0.996110680288788,-0.9998681534625711
2012-04-04,-0.9977724946767268,-0.9998681390011878
2012-04-05,-0.9977838803467995,-0.9998681390011872
2012-04-06,-0.9977839581591759,-0.9998681390011872
2012-04-09,-0.9977839586909552,-0.9998681390011872
2012-04-10,-0.9977839586945894,-0.9998681390011872
2012-04-11,-0.9977839586946141,-0.9998681390011872
2012-04-12,-0.9977839586946144,-0.9998681390011872
2012-04-13,-0.9977839586946144,-0.9998681390011872
2012-04-16,-0.9977839586946144,-0.9998681390011872
2012-04-17,-0.9977839586946144,-0.9998681390011872
2012-04-18,-0.9977839586946144,-0.9998681390011872
2012-04-19,-0.9977839586946144,-0.9998681390011872
2012-04-20,-0.9977839586946144,-0.9998681390011872
2012-04-23,-0.9977839586946144,-0.9998681390011872
2012-04-24,-0.9977839586946144,-0.9998681390011872
2012-04-25,-0.9977839586946144,-0.9998681390011872
2012-04-26,-0.9977839586946144,-0.9998681390011872
2012-04-27,-0.9977839586946144,-0.9998681390011872
2012-04-30,-1.1872127106390804,-0.9778380515060702
2012-05-01,-0.9994334191430688,-0.99986213179023
2012-05-02,-0.9984400110189855,-0.9998621325556518
2012-05-03,-0.9984332321365706,-0.9998621325556518
2012-05-04,-0.9984331858093499,-0.9998621325556518
2012-05-07,-0.9984331854927443,-0.9998621325556518
2012-05-08,-0.9984331854905805,-0.9998621325556518
2012-05-09,-0.9984331854905657,-0.9998621325556518
2012-05-10,-0.9984331854905656,-0.9998621325556518
2012-05-11,-0.9984331854905656,-0.9998621325556518
2012-05-14,-0.9984331854905656,-0.9998621325556518
2012-05-15,-0.9984331854905656,-0.9998621325556518
2012-05-16,-0.9984331854905656,-0.9998621325556518
2012-05-17,-0.9984331854905656,-0.9998621325556518
2012-05-18,-0.9984331854905656,-0.9998621325556518
2012-05-21,-0.9984331854905656,-0.9998621325556518
2012-05-22,-0.9984331854905656,-0.9998621325556518
2012-05-23,-0.9984331854905656,-0.9998621325556518
2012-05-24,-0.9984331854905656,-0.9998621325556518
2012-05-25,-0.9984331854905656,-0.9998621325556518
2012-05-28,-0.9984331854905656,-0.9998621325556518
2012-05-29,-0.9984331854905656,-0.9998621325556518
2012-05-30,-0.9984331854905656,-0.9998621325556518
2012-05-31,-1.0229610124367459,-0.9823883584705168
2012-06-01,-0.998668468773614,-0.9998571854676469
2012-06-04,-0.9985083560376357,-0.9998571860705244
2012-06-05,-0.9985072620729217,-0.9998571860705244
2012-06-06,-0.9985072545966479,-0.9998571860705244
2012-06-07,-0.9985072545455541,-0.9998571860705244
2012-06-08,-0.9985072545452051,-0.9998571860705244
2012-06-11,-0.9985072545452026,-0.9998571860705244
2012-06-12,-0.9985072545452026,-0.9998571860705244
2012-06-13,-0.9985072545452026,-0.9998571860705244
2012-06-14,-0.9985072545452026,-0.9998571860705244
2012-06-15,-0.9985072545452026,-0.9998571860705244
2012-06-18,-0.9985072545452026,-0.9998571860705244
2012-06-19,-0.9985072545452026,-0.9998571860705244
2012-06-20,-0.9985072545452026,-0.9998571860705244
2012-06-21,-0.9985072545452026,-0.9998571860705244
2012-06-22,-0.9985072545452026,-0.9998571860705244
2012-06-25,-0.9985072545452026,-0.9998571860705244
2012-06-26,-0.9985072545452026,-0.9998571860705244
2012-06-27,-0.9985072545452026,-0.9998571860705244
2012-06-28,-0.9985072545452026,-0.9998571860705244
2012-06-29,-0.9985072545452026,-0.9998571860705244
2012-07-02,-1.0284029516284787,-1.0559090190692668
2012-07-03,-0.9987876129928005,-0.999871943126637
2012-07-04,-0.9985939333110735,-0.999871941390516
2012-07-05,-0.998592610068503,-0.9998719413905158
2012-07-06,-0.9985926010253225,-0.9998719413905158
2012-07-09,-0.9985926009635204,-0.9998719413905158
2012-07-10,-0.998592600963098,-0.9998719413905158
2012-07-11,-0.9985926009630951,-0.9998719413905158
2012-07-12,-0.9985926009630951,-0.9998719413905158
2012-07-13,-0.9985926009630951,-0.9998719413905158
2012-07-16,-0.9985926009630951,-0.9998719413905158
2012-07-17,-0.9985926009630951,-0.9998719413905158
2012-07-18,-0.9985926009630951,-0.9998719413905158
2012-07-19,-0.9985926009630951,-0.9998719413905158
2012-07-20,-0.9985926009630951,-0.9998719413905158
2012-07-23,-0.9985926009630951,-0.9998719413905158
2012-07-24,-0.9985926009630951,-0.9998719413905158
2012-07-25,-0.9985926009630951,-0.9998719413905158
2012-07-26,-0.9985926009630951,-0.9998719413905158
2012-07-27,-0.9985926009630951,-0.9998719413905158
2012-07-30,-0.9985926009630951,-0.9998719413905158
2012-07-31,-1.083058376332531,-0.9562481005049422
2012-08-01,-0.9993139359023672,-0.999859993311647
2012-08-02,-0.9988066714795976,-0.9998599948792358
2012-08-03,-0.99880320743086,-0.9998599948792358
2012-08-06,-0.9988031837572594,-0.9998599948792358
2012-08-07,-0.9988031835954712,-0.9998599948792358
2012-08-08,-0.9988031835943656,-0.9998599948792358
2012-08-09,-0.998803183594358,-0.9998599948792358
2012-08-10,-0.9988031835943578,-0.9998599948792358
2012-08-13,-0.9988031835943578,-0.9998599948792358
2012-08-14,-0.9988031835943578,-0.9998599948792358
2012-08-15,-0.9988031835943578,-0.9998599948792358
2012-08-16,-0.9988031835943578,-0.9998599948792358
2012-08-17,-0.9988031835943578,-0.9998599948792358
2012-08-20,-0.9988031835943578,-0.9998599948792358
2012-08-21,-0.9988031835943578,-0.9998599948792358
2012-08-22,-0.9988031835943578,-0.9998599948792358
2012-08-23,-0.9988031835943578,-0.9998599948792358
2012-08-24,-0.9988031835943578,-0.9998599948792358
2012-08-27,-0.9988031835943578,-0.9998599948792358
2012-08-28,-0.9988031835943578,-0.9998599948792358
2012-08-29,-0.9988031835943578,-0.9998599948792358
2012-08-30,-0.9988031835943578,-0.9998599948792358
2012-08-31,-1.0416773115294296,-0.9646425400873346
2012-09-03,-0.9991742158049878,-0.9998495878744953
2012-09-04,-0.9989013924897655,-0.9998495891233679
2012-09-05,-0.9988995287512942,-0.9998495891233679
2012-09-06,-0.9988995160143177,-0.9998495891233679
2012-09-07,-0.9988995159272717,-0.9998495891233679
2012-09-10,-0.9988995159266768,-0.9998495891233679
2012-09-11,-0.9988995159266727,-0.9998495891233679
2012-09-12,-0.9988995159266727,-0.9998495891233679
2012-09-13,-0.9988995159266727,-0.9998495891233679
2012-09-14,-0.9988995159266727,-0.9998495891233679
2012-09-17,-0.9988995159266727,-0.9998495891233679
2012-09-18,-0.9988995159266727,-0.9998495891233679
2012-09-19,-0.9988995159266727,-0.9998495891233679
2012-09-20,-0.9988995159266727,-0.9998495891233679
2012-09-21,-0.9988995159266727,-0.9998495891233679
2012-09-24,-0.9988995159266727,-0.9998495891233679
2012-09-25,-0.9988995159266727,-0.9998495891233679
2012-09-26,-0.9988995159266727,-0.9998495891233679
2012-09-27,-0.9988995159266727,-0.9998495891233679
2012-09-28,-0.9988995159266727,-0.9998495891233679
2012-10-01,-1.0128907134378646,-1.0386910055284624
2012-10-02,-0.9990231208542778,-0.9998606256410585
2012-10-03,-0.9989302984348278,-0.9998606244082476
2012-10-04,-0.9989296641642884,-0.9998606244082476
2012-10-05,-0.9989296598296115,-0.9998606244082476
2012-10-08,-0.9989296597999878,-0.9998606244082476
2012-10-09,-0.9989296597997855,-0.9998606244082476
2012-10-10,-0.9989296597997841,-0.9998606244082476
2012-10-11,-0.9989296597997841,-0.9998606244082476
2012-10-12,-0.9989296597997841,-0.9998606244082476
2012-10-15,-0.9989296597997841,-0.9998606244082476
2012-10-16,-0.9989296597997841,-0.9998606244082476
2012-10-17,-0.9989296597997841,-0.9998606244082476
2012-10-18,-0.9989296597997841,-0.9998606244082476
2012-10-19,-0.9989296597997841,-0.9998606244082476
2012-10-22,-0.9989296597997841,-0.9998606244082476
2012-10-23,-0.9989296597997841,-0.9998606244082476
2012-10-24,-0.9989296597997841,-0.9998606244082476
2012-10-25,-0.9989296597997841,-0.9998606244082476
2012-10-26,-0.9989296597997841,-0.9998606244082476
2012-10-29,-0.9989296597997841,-0.9998606244082476
2012-10-30,-0.9989296597997841,-0.9998606244082476
2012-10-31,-1.0518039236280354,-0.9523422135846743
2012-11-01,-0.9993685302020076,-0.9998463719588347
2012-11-02,-0.9990366975956666,-0.9998463736768892
2012-11-05,-0.9990344309489101,-0.9998463736768892
2012-11-06,-0.9990344154584272,-0.9998463736768892
2012-11-07,-0.9990344153525634,-0.9998463736768892
2012-11-08,-0.99903441535184,-0.9998463736768892
2012-11-09,-0.999034415351835,-0.9998463736768892
2012-11-12,-0.999034415351835,-0.9998463736768892
2012-11-13,-0.999034415351835,-0.9998463736768892
2012-11-14,-0.999034415351835,-0.9998463736768892
2012-11-15,-0.999034415351835,-0.9998463736768892
2012-11-16,-0.999034415351835,-0.9998463736768892
2012-11-19,-0.999034415351835,-0.9998463736768892
2012-11-20,-0.999034415351835,-0.9998463736768892
2012-11-21,-0.999034415351835,-0.9998463736768892
2012-11-22,-0.999034415351835,-0.9998463736768892
2012-11-23,-0.999034415351835,-0.9998463736768892
2012-11-26,-0.999034415351835,-0.9998463736768892
2012-11-27,-0.999034415351835,-0.9998463736768892
2012-11-28,-0.999034415351835,-0.9998463736768892
2012-11-29,-0.999034415351835,-0.9998463736768892
2012-11-30,-1.0503850114960551,-0.9506593781544598
2012-12-03,-0.9994516378917405,-0.999830069289546
2012-12-04,-0.9991286185938735,-0.9998300710725923
2012-12-05,-0.9991264121186393,-0.9998300710725923
2012-12-06,-0.999126397039373,-0.9998300710725923
2012-12-07,-0.9991263969363197,-0.9998300710725923
2012-12-10,-0.9991263969356152,-0.9998300710725923
2012-12-11,-0.9991263969356105,-0.9998300710725923
2012-12-12,-0.9991263969356105,-0.9998300710725923
2012-12-13,-0.9991263969356105,-0.9998300710725923
2012-12-14,-0.9991263969356105,-0.9998300710725923
2012-12-17,-0.9991263969356105,-0.9998300710725923
2012-12-18,-0.9991263969356105,-0.9998300710725923
2012-12-19,-0.9991263969356105,-0.9998300710725923
2012-12-20,-0.9991263969356105,-0.9998300710725923
2012-12-21,-0.9991263969356105,-0.9998300710725923
2012-12-24,-0.9991263969356105,-0.9998300710725923
2012-12-25,-0.9991263969356105,-0.9998300710725923
2012-12-26,-0.9991263969356105,-0.9998300710725923
2012-12-27,-0.9991263969356105,-0.9998300710725923
2012-12-28,-0.9991263969356105,-0.9998300710725923
2012-12-31,-1.0967253318676595,-1.0385146792290558
2013-01-01,-0.9998551605206153,-0.9998424920845912
2013-01-02,-0.9992787659429347,-0.9998424908565253
2013-01-03,-0.9992748302220814,-0.9998424908565253
2013-01-04,-0.999274803325053,-0.9998424908565253
2013-01-07,-0.9992748031412355,-0.9998424908565253
2013-01-08,-0.9992748031399792,-0.9998424908565253
2013-01-09,-0.9992748031399706,-0.9998424908565253
2013-01-10,-0.9992748031399705,-0.9998424908565253
2013-01-11,-0.9992748031399705,-0.9998424908565253
2013-01-14,-0.9992748031399705,-0.9998424908565253
2013-01-15,-0.9992748031399705,-0.9998424908565253
2013-01-16,-0.9992748031399705,-0.9998424908565253
2013-01-17,-0.9992748031399705,-0.9998424908565253
2013-01-18,-0.9992748031399705,-0.9998424908565253
2013-01-21,-0.9992748031399705,-0.9998424908565253
2013-01-22,-0.9992748031399705,-0.9998424908565253
2013-01-23,-0.9992748031399705,-0.9998424908565253
2013-01-24,-0.9992748031399705,-0.9998424908565253
2013-01-25,-0.9992748031399705,-0.9998424908565253
2013-01-28,-0.9992748031399705,-0.9998424908565253
2013-01-29,-0.9992748031399705,-0.9998424908565253
2013-01-30,-0.9992748031399705,-0.9998424908565253
2013-01-31,-1.0907025262241477,-0.9839826411209637
2013-02-01,-0.9999394863787193,-0.9998373736934739
2013-02-04,-0.9993949241618963,-0.999837374239297
2013-02-05,-0.9993912056187222,-0.999837374239297
2013-02-06,-0.9993911802058947,-0.999837374239297
2013-02-07,-0.9993911800322206,-0.999837374239297
2013-02-08,-0.9993911800310337,-0.999837374239297
2013-02-11,-0.9993911800310255,-0.999837374239297
2013-02-12,-0.9993911800310255,-0.999837374239297
2013-02-13,-0.9993911800310255,-0.999837374239297
2013-02-14,-0.9993911800310255,-0.999837374239297
2013-02-15,-0.9993911800310255,-0.999837374239297
2013-02-18,-0.9993911800310255,-0.999837374239297
2013-02-19,-0.9993911800310255,-0.999837374239297
2013-02-20,-0.9993911800310255,-0.999837374239297
2013-02-21,-0.9993911800310255,-0.999837374239297
2013-02-22,-0.9993911800310255,-0.999837374239297
2013-02-25,-0.9993911800310255,-0.999837374239297
2013-02-26,-0.9993911800310255,-0.999837374239297
2013-02-27,-0.9993911800310255,-0.999837374239297
2013-02-28,-1.0044880059838968,-0.9935132213776259
2013-03-01,-0.9994318651745568,-0.9998352977840244
2013-03-04,-0.9993975731248792,-0.9998352979985408
2013-03-05,-0.9993973387810413,-0.9998352979985408
2013-03-06,-0.999397337179508,-0.9998352979985408
2013-03-07,-0.9993973371685629,-0.9998352979985408
2013-03-08,-0.999397337168488,-0.9998352979985408
2013-03-11,-0.9993973371684876,-0.9998352979985408
2013-03-12,-0.9993973371684876,-0.9998352979985408
2013-03-13,-0.9993973371684876,-0.9998352979985408
2013-03-14,-0.9993973371684876,-0.9998352979985408
2013-03-15,-0.9993973371684876,-0.9998352979985408
2013-03-18,-0.9993973371684876,-0.9998352979985408
2013-03-19,-0.9993973371684876,-0.9998352979985408
2013-03-20,-0.9993973371684876,-0.9998352979985408
2013-03-21,-0.9993973371684876,-0.9998352979985408
2013-03-22,-0.9993973371684876,-0.9998352979985408
2013-03-25,-0.9993973371684876,-0.9998352979985408
2013-03-26,-0.9993973371684876,-0.9998352979985408
2013-03-27,-0.9993973371684876,-0.9998352979985408
2013-03-28,-0.9993973371684876,-0.9998352979985408
2013-03-29,-0.9993973371684876,-0.9998352979985408
2013-04-01,-1.0629364205705687,-0.843676683117442
2013-04-02,-0.9998630932504031,-0.9997687078815427
2013-04-03,-0.9994698827740036,-0.9997687146734975
2013-04-04,-0.9994671971222449,-0.9997687146734977
2013-04-05,-0.999467178768253,-0.9997687146734977
2013-04-08,-0.9994671786428195,-0.9997687146734977
2013-04-09,-0.9994671786419623,-0.9997687146734977
2013-04-10,-0.9994671786419564,-0.9997687146734977
2013-04-11,-0.9994671786419564,-0.9997687146734977
2013-04-12,-0.9994671786419564,-0.9997687146734977
2013-04-15,-0.9994671786419564,-0.9997687146734977
2013-04-16,-0.9994671786419564,-0.9997687146734977
2013-04-17,-0.9994671786419564,-0.9997687146734977
2013-04-18,-0.9994671786419564,-0.9997687146734977
2013-04-19,-0.9994671786419564,-0.9997687146734977
2013-04-22,-0.9994671786419564,-0.9997687146734977
2013-04-23,-0.9994671786419564,-0.9997687146734977
2013-04-24,-0.9994671786419564,-0.9997687146734977
2013-04-25,-0.9994671786419564,-0.9997687146734977
2013-04-26,-0.9994671786419564,-0.9997687146734977
2013-04-29,-0.9994671786419564,-0.9997687146734977
2013-04-30,-1.0288535247646902,-0.9677189842561797
2013-05-01,-0.9996893338683049,-0.999753146903765
2013-05-02,-0.9994984715062313,-0.9997531480344785
2013-05-03,-0.9994971675060275,-0.9997531480344785
2013-05-06,-0.9994971585943513,-0.9997531480344785
2013-05-07,-0.9994971585334479,-0.9997531480344785
2013-05-08,-0.9994971585330316,-0.9997531480344785
2013-05-09,-0.9994971585330288,-0.9997531480344785
2013-05-10,-0.9994971585330288,-0.9997531480344785
2013-05-13,-0.9994971585330288,-0.9997531480344785
2013-05-14,-0.9994971585330288,-0.9997531480344785
2013-05-15,-0.9994971585330288,-0.9997531480344785
2013-05-16,-0.9994971585330288,-0.9997531480344785
2013-05-17,-0.9994971585330288,-0.9997531480344785
2013-05-20,-0.9994971585330288,-0.9997531480344785
2013-05-21,-0.9994971585330288,-0.9997531480344785
2013-05-22,-0.9994971585330288,-0.9997531480344785
2013-05-23,-0.9994971585330288,-0.9997531480344785
2013-05-24,-0.9994971585330288,-0.9997531480344785
2013-05-27,-0.9994971585330288,-0.9997531480344785
2013-05-28,-0.9994971585330288,-0.9997531480344785
2013-05-29,-0.9994971585330288,-0.9997531480344785
2013-05-30,-0.9994971585330288,-0.9997531480344785
2013-05-31,-1.0180282493763309,-0.9685765818634364
2013-06-03,-0.9996383974577816,-0.999737007250305
2013-06-04,-0.9995161263535755,-0.999737008348683
2013-06-05,-0.9995152908925333,-0.9997370083486832
2013-06-06,-0.9995152851828994,-0.9997370083486832
2013-06-07,-0.9995152851438791,-0.9997370083486832
2013-06-10,-0.9995152851436124,-0.9997370083486832
2013-06-11,-0.9995152851436107,-0.9997370083486832
2013-06-12,-0.9995152851436105,-0.9997370083486832
2013-06-13,-0.9995152851436105,-0.9997370083486832
2013-06-14,-0.9995152851436105,-0.9997370083486832
2013-06-17,-0.9995152851436105,-0.9997370083486832
2013-06-18,-0.9995152851436105,-0.9997370083486832
2013-06-19,-0.9995152851436105,-0.9997370083486832
2013-06-20,-0.9995152851436105,-0.9997370083486832
2013-06-21,-0.9995152851436105,-0.9997370083486832
2013-06-24,-0.9995152851436105,-0.9997370083486832
2013-06-25,-0.9995152851436105,-0.9997370083486832
2013-06-26,-0.9995152851436105,-0.9997370083486832
2013-06-27,-0.9995152851436105,-0.9997370083486832
2013-06-28,-0.9995152851436105,-0.9997370083486832
2013-07-01,-1.0076162544528307,-0.9983705425132436
2013-07-02,-0.999577692109693,-0.9997362882278399
2013-07-03,-0.9995234156917385,-0.9997362882738365
2013-07-04,-0.999523044790604,-0.9997362882738365
2013-07-05,-0.9995230422558226,-0.9997362882738365
2013-07-08,-0.9995230422384995,-0.9997362882738365
2013-07-09,-0.9995230422383812,-0.9997362882738365
2013-07-10,-0.9995230422383804,-0.9997362882738365
2013-07-11,-0.9995230422383804,-0.9997362882738365
2013-07-12,-0.9995230422383804,-0.9997362882738365
2013-07-15,-0.9995230422383804,-0.9997362882738365
2013-07-16,-0.9995230422383804,-0.9997362882738365
2013-07-17,-0.9995230422383804,-0.9997362882738365
2013-07-18,-0.9995230422383804,-0.9997362882738365
2013-07-19,-0.9995230422383804,-0.9997362882738365
2013-07-22,-0.9995230422383804,-0.9997362882738365
2013-07-23,-0.9995230422383804,-0.9997362882738365
2013-07-24,-0.9995230422383804,-0.9997362882738365
2013-07-25,-0.9995230422383804,-0.9997362882738365
2013-07-26,-0.9995230422383804,-0.9997362882738365
2013-07-29,-0.9995230422383804,-0.9997362882738365
2013-07-30,-0.9995230422383804,-0.9997362882738365
2013-07-31,-1.002031527077762,-0.9761040003635142
2013-08-01,-0.9995424888251314,-0.9997233696653012
2013-08-02,-0.9995255421980775,-0.9997233704881903
2013-08-05,-0.9995254263857605,-0.9997233704881903
2013-08-06,-0.9995254255942853,-0.9997233704881903
2013-08-07,-0.9995254255888764,-0.9997233704881903
2013-08-08,-0.9995254255888394,-0.9997233704881903
2013-08-09,-0.9995254255888391,-0.9997233704881903
2013-08-12,-0.9995254255888391,-0.9997233704881903
2013-08-13,-0.9995254255888391,-0.9997233704881903
2013-08-14,-0.9995254255888391,-0.9997233704881903
2013-08-15,-0.9995254255888391,-0.9997233704881903
2013-08-16,-0.9995254255888391,-0.9997233704881903
2013-08-19,-0.9995254255888391,-0.9997233704881903
2013-08-20,-0.9995254255888391,-0.9997233704881903
2013-08-21,-0.9995254255888391,-0.9997233704881903
2013-08-22,-0.9995254255888391,-0.9997233704881903
2013-08-23,-0.9995254255888391,-0.9997233704881903
2013-08-26,-0.9995254255888391,-0.9997233704881903
2013-08-27,-0.9995254255888391,-0.9997233704881903
2013-08-28,-0.9995254255888391,-0.9997233704881903
2013-08-29,-0.9995254255888391,-0.9997233704881903
2013-08-30,-0.9995254255888391,-0.9997233704881903
2013-09-02,-1.0040267384242314,-0.9914716299125123
2013-09-03,-0.9995601970851499,-0.9997187486461383
2013-09-04,-0.999529876974058,-0.9997187489267906
2013-09-05,-0.9995296697722734,-0.9997187489267906
2013-09-06,-0.999529668356232,-0.9997187489267906
2013-09-09,-0.9995296683465547,-0.9997187489267906
2013-09-10,-0.9995296683464885,-0.9997187489267906
2013-09-11,-0.9995296683464882,-0.9997187489267906
2013-09-12,-0.9995296683464882,-0.9997187489267906
2013-09-13,-0.9995296683464882,-0.9997187489267906
2013-09-16,-0.9995296683464882,-0.9997187489267906
2013-09-17,-0.9995296683464882,-0.9997187489267906
2013-09-18,-0.9995296683464882,-0.9997187489267906
2013-09-19,-0.9995296683464882,-0.9997187489267906
2013-09-20,-0.9995296683464882,-0.9997187489267906
2013-09-23,-0.9995296683464882,-0.9997187489267906
2013-09-24,-0.9995296683464882,-0.9997187489267906
2013-09-25,-0.9995296683464882,-0.9997187489267906
2013-09-26,-0.9995296683464882,-0.9997187489267906
2013-09-27,-0.9995296683464882,-0.9997187489267906
2013-09-30,-0.9570003683980922,-1.009827586261245
2013-10-01,-0.9991771324713948,-0.9997243493443191
2013-10-02,-0.9994848505307586,-0.9997243490098301
2013-10-03,-0.9994869544911278,-0.9997243490098301
2013-10-04,-0.9994869688698911,-0.9997243490098301
2013-10-07,-0.9994869689681573,-0.9997243490098301
2013-10-08,-0.9994869689688289,-0.9997243490098301
2013-10-09,-0.9994869689688334,-0.9997243490098301
2013-10-10,-0.9994869689688334,-0.9997243490098301
2013-10-11,-0.9994869689688334,-0.9997243490098301
2013-10-14,-0.9994869689688334,-0.9997243490098301
2013-10-15,-0.9994869689688334,-0.9997243490098301
2013-10-16,-0.9994869689688334,-0.9997243490098301
2013-10-17,-0.9994869689688334,-0.9997243490098301
2013-10-18,-0.9994869689688334,-0.9997243490098301
2013-10-21,-0.9994869689688334,-0.9997243490098301
2013-10-22,-0.9994869689688334,-0.9997243490098301
2013-10-23,-0.9994869689688334,-0.9997243490098301
2013-10-24,-0.9994869689688334,-0.9997243490098301
2013-10-25,-0.9994869689688334,-0.9997243490098301
2013-10-28,-0.9994869689688334,-0.9997243490098301
2013-10-29,-0.9994869689688334,-0.9997243490098301
2013-10-30,-0.9994869689688334,-0.9997243490098301
2013-10-31,-0.9795023470643814,-0.9769875265481743
2013-11-01,-0.9993252351651264,-0.9997113751956376
2013-11-04,-0.9994648766321947,-0.9997113759862349
2013-11-05,-0.9994658311601421,-0.9997113759862349
2013-11-06,-0.9994658376835099,-0.9997113759862349
2013-11-07,-0.9994658377280915,-0.9997113759862349
2013-11-08,-0.9994658377283961,-0.9997113759862349
2013-11-11,-0.9994658377283983,-0.9997113759862349
2013-11-12,-0.9994658377283983,-0.9997113759862349
2013-11-13,-0.9994658377283983,-0.9997113759862349
2013-11-14,-0.9994658377283983,-0.9997113759862349
2013-11-15,-0.9994658377283983,-0.9997113759862349
2013-11-18,-0.9994658377283983,-0.9997113759862349
2013-11-19,-0.9994658377283983,-0.9997113759862349
2013-11-20,-0.9994658377283983,-0.9997113759862349
2013-11-21,-0.9994658377283983,-0.9997113759862349
2013-11-22,-0.9994658377283983,-0.9997113759862349
2013-11-25,-0.9994658377283983,-0.9997113759862349
2013-11-26,-0.9994658377283983,-0.9997113759862349
2013-11-27,-0.9994658377283983,-0.9997113759862349
2013-11-28,-0.9994658377283983,-0.9997113759862349
2013-11-29,-0.9994658377283983,-0.9997113759862349
2013-12-02,-0.9660439021949004,-1.058701251191723
2013-12-03,-0.999188240816767,-0.9997426316594079
2013-12-04,-0.9994266290458337,-0.9997426298402768
2013-12-05,-0.9994282588066632,-0.9997426298402767
2013-12-06,-0.9994282699446717,-0.9997426298402767
2013-12-09,-0.9994282700207903,-0.9997426298402767
2013-12-10,-0.9994282700213104,-0.9997426298402767
2013-12-11,-0.999428270021314,-0.9997426298402767
2013-12-12,-0.999428270021314,-0.9997426298402767
2013-12-13,-0.999428270021314,-0.9997426298402767
2013-12-16,-0.999428270021314,-0.9997426298402767
2013-12-17,-0.999428270021314,-0.9997426298402767
2013-12-18,-0.999428270021314,-0.9997426298402767
2013-12-19,-0.999428270021314,-0.9997426298402767
2013-12-20,-0.999428270021314,-0.9997426298402767
2013-12-23,-0.999428270021314,-0.9997426298402767
2013-12-24,-0.999428270021314,-0.9997426298402767
2013-12-25,-0.999428270021314,-0.9997426298402767
2013-12-26,-0.999428270021314,-0.9997426298402767
2013-12-27,-0.999428270021314,-0.9997426298402767
2013-12-30,-0.999428270021314,-0.9997426298402767
2013-12-31,-1.0458621551661842,-1.013953960269808
2014-01-01,-0.9997742222793479,-0.9997497910866038
2014-01-02,-0.9994798956905743,-0.9997497906191889
2014-01-03,-0.9994778851215735,-0.9997497906191889
2014-01-06,-0.9994778713811456,-0.9997497906191889
2014-01-07,-0.9994778712872419,-0.9997497906191889
2014-01-08,-0.9994778712866002,-0.9997497906191889
2014-01-09,-0.9994778712865956,-0.9997497906191889
2014-01-10,-0.9994778712865956,-0.9997497906191889
2014-01-13,-0.9994778712865956,-0.9997497906191889
2014-01-14,-0.9994778712865956,-0.9997497906191889
2014-01-15,-0.9994778712865956,-0.9997497906191889
2014-01-16,-0.9994778712865956,-0.9997497906191889
2014-01-17,-0.9994778712865956,-0.9997497906191889
2014-01-20,-0.9994778712865956,-0.9997497906191889
2014-01-21,-0.9994778712865956,-0.9997497906191889
2014-01-22,-0.9994778712865956,-0.9997497906191889
2014-01-23,-0.9994778712865956,-0.9997497906191889
2014-01-24,-0.9994778712865956,-0.9997497906191889
2014-01-27,-0.9994778712865956,-0.9997497906191889
2014-01-28,-0.9994778712865956,-0.9997497906191889
2014-01-29,-0.9994778712865956,-0.9997497906191889
2014-01-30,-0.9994778712865956,-0.9997497906191889
2014-01-31,-1.016087324810341,-1.0434387103420115
2014-02-03,-0.9996054401963881,-0.9997702975636559
2014-02-04,-0.9994955449947646,-0.9997702961868177
2014-02-05,-0.9994947940824649,-0.9997702961868177
2014-02-06,-0.9994947889506459,-0.9997702961868177
2014-02-07,-0.9994947889155744,-0.9997702961868177
2014-02-10,-0.9994947889153348,-0.9997702961868177
2014-02-11,-0.9994947889153332,-0.9997702961868177
2014-02-12,-0.9994947889153332,-0.9997702961868177
2014-02-13,-0.9994947889153332,-0.9997702961868177
2014-02-14,-0.9994947889153332,-0.9997702961868177
2014-02-17,-0.9994947889153332,-0.9997702961868177
2014-02-18,-0.9994947889153332,-0.9997702961868177
2014-02-19,-0.9994947889153332,-0.9997702961868177
2014-02-20,-0.9994947889153332,-0.9997702961868177
2014-02-21,-0.9994947889153332,-0.9997702961868177
2014-02-24,-0.9994947889153332,-0.9997702961868177
2014-02-25,-0.9994947889153332,-0.9997702961868177
2014-02-26,-0.9994947889153332,-0.9997702961868177
2014-02-27,-0.9994947889153332,-0.9997702961868177
2014-02-28,-1.0041390872958809,-0.9922509008050121
2014-03-03,-0.9995309378954672,-0.9997668027618618
2014-03-04,-0.9994996631727866,-0.9997668030173472
2014-03-05,-0.9994994494476794,-0.9997668030173472
2014-03-06,-0.9994994479870569,-0.9997668030173472
2014-03-07,-0.9994994479770749,-0.9997668030173472
2014-03-10,-0.9994994479770065,-0.9997668030173472
2014-03-11,-0.9994994479770061,-0.9997668030173472
2014-03-12,-0.9994994479770061,-0.9997668030173472
2014-03-13,-0.9994994479770061,-0.9997668030173472
2014-03-14,-0.9994994479770061,-0.9997668030173472
2014-03-17,-0.9994994479770061,-0.9997668030173472
2014-03-18,-0.9994994479770061,-0.9997668030173472
2014-03-19,-0.9994994479770061,-0.9997668030173472
2014-03-20,-0.9994994479770061,-0.9997668030173472
2014-03-21,-0.9994994479770061,-0.9997668030173472
2014-03-24,-0.9994994479770061,-0.9997668030173472
2014-03-25,-0.9994994479770061,-0.9997668030173472
2014-03-26,-0.9994994479770061,-0.9997668030173472
2014-03-27,-0.9994994479770061,-0.9997668030173472
2014-03-28,-0.9994994479770061,-0.9997668030173472
2014-03-31,-1.205847656847533,0.6772206315995559
2014-04-01,-1.0007260468798704,0.9994919791256538
2014-04-02,-0.9996633227418591,0.9994919989151904
2014-04-03,-0.9996560716014977,0.999491998915191
2014-04-04,-0.9996560220468773,0.999491998915191
2014-04-07,-0.9996560217082151,0.999491998915191
2014-04-08,-0.9996560217059007,0.999491998915191
2014-04-09,-0.9996560217058849,0.999491998915191
2014-04-10,-0.9996560217058847,0.999491998915191
2014-04-11,-0.9996560217058847,0.999491998915191
2014-04-14,-0.9996560217058847,0.999491998915191
2014-04-15,-0.9996560217058847,0.999491998915191
2014-04-16,-0.9996560217058847,0.999491998915191
2014-04-17,-0.9996560217058847,0.999491998915191
2014-04-18,-0.9996560217058847,0.999491998915191
2014-04-21,-0.9996560217058847,0.999491998915191
2014-04-22,-0.9996560217058847,0.999491998915191
2014-04-23,-0.9996560217058847,0.999491998915191
2014-04-24,-0.9996560217058847,0.999491998915191
2014-04-25,-0.9996560217058847,0.999491998915191
2014-04-28,-0.9996560217058847,0.999491998915191
2014-04-29,-0.9996560217058847,0.999491998915191
2014-04-30,-1.0250974387948744,1.006727240498218
2014-05-01,-0.9998402614625092,0.999499269121521
2014-05-02,-0.9996740193372896,0.9994992688812
2014-05-05,-0.9996728835039314,0.9994992688812
2014-05-06,-0.9996728757415233,0.9994992688812
2014-05-07,-0.9996728756884741,0.9994992688812
2014-05-08,-0.9996728756881116,0.9994992688812
2014-05-09,-0.9996728756881091,0.9994992688812
2014-05-12,-0.999672875688109,0.9994992688812
2014-05-13,-0.999672875688109,0.9994992688812
2014-05-14,-0.999672875688109,0.9994992688812
2014-05-15,-0.999672875688109,0.9994992688812
2014-05-16,-0.999672875688109,0.9994992688812
2014-05-19,-0.999672875688109,0.9994992688812
2014-05-20,-0.999672875688109,0.9994992688812
2014-05-21,-0.999672875688109,0.9994992688812
2014-05-22,-0.999672875688109,0.9994992688812
2014-05-23,-0.999672875688109,0.9994992688812
2014-05-26,-0.999672875688109,0.9994992688812
2014-05-27,-0.999672875688109,0.9994992688812
2014-05-28,-0.999672875688109,0.9994992688812
2014-05-29,-0.999672875688109,0.9994992688812
2014-05-30,-0.999672875688109,0.9994992688812
2014-06-02,-1.0183554244241722,1.0550016378318208
2014-06-03,-0.9998088957441436,0.9995505342281669
2014-06-04,-0.9996856109077538,0.9995505325088252
2014-06-05,-0.9996847685212874,0.9995505325088252
2014-06-06,-0.9996847627643245,0.9995505325088252
2014-06-09,-0.9996847627249807,0.9995505325088252
2014-06-10,-0.9996847627247119,0.9995505325088252
2014-06-11,-0.9996847627247102,0.9995505325088252
2014-06-12,-0.9996847627247102,0.9995505325088252
2014-06-13,-0.9996847627247102,0.9995505325088252
2014-06-16,-0.9996847627247102,0.9995505325088252
2014-06-17,-0.9996847627247102,0.9995505325088252
2014-06-18,-0.9996847627247102,0.9995505325088252
2014-06-19,-0.9996847627247102,0.9995505325088252
2014-06-20,-0.9996847627247102,0.9995505325088252
2014-06-23,-0.9996847627247102,0.9995505325088252
2014-06-24,-0.9996847627247102,0.9995505325088252
2014-06-25,-0.9996847627247102,0.9995505325088252
2014-06-26,-0.9996847627247102,0.9995505325088252
2014-06-27,-0.9996847627247102,0.9995505325088252
2014-06-30,-0.9923827449961308,1.0312672321288037
2014-07-01,-0.9996296901262061,0.9995777369815895
2014-07-02,-0.9996797642076185,0.9995777359651008
2014-07-03,-0.9996801064457884,0.9995777359651007
2014-07-04,-0.9996801087846864,0.9995777359651007
2014-07-07,-0.9996801088006708,0.9995777359651007
2014-07-08,-0.99968010880078,0.9995777359651007
2014-07-09,-0.9996801088007808,0.9995777359651007
2014-07-10,-0.9996801088007808,0.9995777359651007
2014-07-11,-0.9996801088007808,0.9995777359651007
2014-07-14,-0.9996801088007808,0.9995777359651007
2014-07-15,-0.9996801088007808,0.9995777359651007
2014-07-16,-0.9996801088007808,0.9995777359651007
2014-07-17,-0.9996801088007808,0.9995777359651007
2014-07-18,-0.9996801088007808,0.9995777359651007
2014-07-21,-0.9996801088007808,0.9995777359651007
2014-07-22,-0.9996801088007808,0.9995777359651007
2014-07-23,-0.9996801088007808,0.9995777359651007
2014-07-24,-0.9996801088007808,0.9995777359651007
2014-07-25,-0.9996801088007808,0.9995777359651007
2014-07-28,-0.9996801088007808,0.9995777359651007
2014-07-29,-0.9996801088007808,0.9995777359651007
2014-07-30,-0.9996801088007808,0.9995777359651007
2014-07-31,-1.0156855015457842,1.1052812768323137
2014-08-01,-0.9997968693994476,0.9996546006174369
2014-08-04,-0.9996908360962212,0.9996545975600305
2014-08-05,-0.9996901115679667,0.9996545975600304
2014-08-06,-0.999690106616459,0.9996545975600304
2014-08-07,-0.9996901065826199,0.9996545975600304
2014-08-08,-0.9996901065823885,0.9996545975600304
2014-08-11,-0.999690106582387,0.9996545975600304
2014-08-12,-0.999690106582387,0.9996545975600304
2014-08-13,-0.999690106582387,0.9996545975600304
2014-08-14,-0.999690106582387,0.9996545975600304
2014-08-15,-0.999690106582387,0.9996545975600304
2014-08-18,-0.999690106582387,0.9996545975600304
2014-08-19,-0.999690106582387,0.9996545975600304
2014-08-20,-0.999690106582387,0.9996545975600304
2014-08-21,-0.999690106582387,0.9996545975600304
2014-08-22,-0.999690106582387,0.9996545975600304
2014-08-25,-0.999690106582387,0.9996545975600304
2014-08-26,-0.999690106582387,0.9996545975600304
2014-08-27,-0.999690106582387,0.9996545975600304
2014-08-28,-0.999690106582387,0.9996545975600304
2014-08-29,-0.999690106582387,0.9996545975600304
2014-09-01,-1.021517487047936,1.054969389553276
2014-09-02,-0.9998475739637788,0.9996898523472671
2014-09-03,-0.9997041891077332,0.999689850632812
2014-09-04,-0.999703209410642,0.999689850632812
2014-09-05,-0.9997032027152845,0.999689850632812
2014-09-08,-0.9997032026695274,0.999689850632812
2014-09-09,-0.9997032026692148,0.999689850632812
2014-09-10,-0.9997032026692126,0.999689850632812
2014-09-11,-0.9997032026692126,0.999689850632812
2014-09-12,-0.9997032026692126,0.999689850632812
2014-09-15,-0.9997032026692126,0.999689850632812
2014-09-16,-0.9997032026692126,0.999689850632812
2014-09-17,-0.9997032026692126,0.999689850632812
2014-09-18,-0.9997032026692126,0.999689850632812
2014-09-19,-0.9997032026692126,0.999689850632812
2014-09-22,-0.9997032026692126,0.999689850632812
2014-09-23,-0.9997032026692126,0.999689850632812
2014-09-24,-0.9997032026692126,0.999689850632812
2014-09-25,-0.9997032026692126,0.999689850632812
2014-09-26,-0.9997032026692126,0.999689850632812
2014-09-29,-0.9997032026692126,0.999689850632812
2014-09-30,-0.9908154605681831,0.9521735324987192
2014-10-01,-0.9996363401654658,0.9996581396945216
2014-10-02,-0.9996974361212241,0.99965814141184
2014-10-03,-0.9996978536968573,0.9996581414118401
2014-10-06,-0.9996978565506209,0.9996581414118401
2014-10-07,-0.999697856570124,0.9996581414118401
2014-10-08,-0.9996978565702573,0.9996581414118401
2014-10-09,-0.9996978565702582,0.9996581414118401
2014-10-10,-0.9996978565702582,0.9996581414118401
2014-10-13,-0.9996978565702582,0.9996581414118401
2014-10-14,-0.9996978565702582,0.9996581414118401
2014-10-15,-0.9996978565702582,0.9996581414118401
2014-10-16,-0.9996978565702582,0.9996581414118401
2014-10-17,-0.9996978565702582,0.9996581414118401
2014-10-20,-0.9996978565702582,0.9996581414118401
2014-10-21,-0.9996978565702582,0.9996581414118401
2014-10-22,-0.9996978565702582,0.9996581414118401
2014-10-23,-0.9996978565702582,0.9996581414118401
2014-10-24,-0.9996978565702582,0.9996581414118401
2014-10-27,-0.9996978565702582,0.9996581414118401
2014-10-28,-0.9996978565702582,0.9996581414118401
2014-10-29,-0.9996978565702582,0.9996581414118401
2014-10-30,-0.9996978565702582,0.9996581414118401
2014-10-31,-1.011702782303048,1.08554667481588
2014-11-03,-0.9997855327564105,0.9997100746449813
2014-11-04,-0.9997055318365003,0.9997100720931883
2014-11-05,-0.9997049851666848,0.9997100720931881
2014-11-06,-0.9997049814306808,0.9997100720931881
2014-11-07,-0.9997049814051485,0.9997100720931881
2014-11-10,-0.9997049814049739,0.9997100720931881
2014-11-11,-0.9997049814049728,0.9997100720931881
2014-11-12,-0.9997049814049728,0.9997100720931881
2014-11-13,-0.9997049814049728,0.9997100720931881
2014-11-14,-0.9997049814049728,0.9997100720931881
2014-11-17,-0.9997049814049728,0.9997100720931881
2014-11-18,-0.9997049814049728,0.9997100720931881
2014-11-19,-0.9997049814049728,0.9997100720931881
2014-11-20,-0.9997049814049728,0.9997100720931881
2014-11-21,-0.9997049814049728,0.9997100720931881
2014-11-24,-0.9997049814049728,0.9997100720931881
2014-11-25,-0.9997049814049728,0.9997100720931881
2014-11-26,-0.9997049814049728,0.9997100720931881
2014-11-27,-0.9997049814049728,0.9997100720931881
2014-11-28,-0.9997049814049728,0.9997100720931881
2014-12-01,-1.02454848755,1.0588367684502813
2014-12-02,-0.9998827179359744,0.9997415357338897
2014-12-03,-0.9997202272580485,0.999741533910893
2014-12-04,-0.9997191170497906,0.999741533910893
2014-12-05,-0.9997191094625065,0.999741533910893
2014-12-08,-0.9997191094106543,0.999741533910893
2014-12-09,-0.9997191094103,0.999741533910893
2014-12-10,-0.9997191094102974,0.999741533910893
2014-12-11,-0.9997191094102974,0.999741533910893
2014-12-12,-0.9997191094102974,0.999741533910893
2014-12-15,-0.9997191094102974,0.999741533910893
2014-12-16,-0.9997191094102974,0.999741533910893
2014-12-17,-0.9997191094102974,0.999741533910893
2014-12-18,-0.9997191094102974,0.999741533910893
2014-12-19,-0.9997191094102974,0.999741533910893
2014-12-22,-0.9997191094102974,0.999741533910893
2014-12-23,-0.9997191094102974,0.999741533910893
2014-12-24,-0.9997191094102974,0.999741533910893
2014-12-25,-0.9997191094102974,0.999741533910893
2014-12-26,-0.9997191094102974,0.999741533910893
2014-12-29,-0.9997191094102974,0.999741533910893
2014-12-30,-0.9997191094102974,0.999741533910893
2014-12-31,-1.0760437268618004,0.8584266589302034
2015-01-01,-1.0002250753185469,0.9996494798763983
2015-01-02,-0.9997607229944218,0.9996494858583937
2015-01-05,-0.999757551779565,0.9996494858583939
2015-01-06,-0.999757530107206,0.9996494858583939
2015-01-07,-0.9997575299590946,0.9996494858583939
2015-01-08,-0.9997575299580823,0.9996494858583939
2015-01-09,-0.9997575299580754,0.9996494858583939
2015-01-12,-0.9997575299580754,0.9996494858583939
2015-01-13,-0.9997575299580754,0.9996494858583939
2015-01-14,-0.9997575299580754,0.9996494858583939
2015-01-15,-0.9997575299580754,0.9996494858583939
2015-01-16,-0.9997575299580754,0.9996494858583939
2015-01-19,-0.9997575299580754,0.9996494858583939
2015-01-20,-0.9997575299580754,0.9996494858583939
2015-01-21,-0.9997575299580754,0.9996494858583939
2015-01-22,-0.9997575299580754,0.9996494858583939
2015-01-23,-0.9997575299580754,0.9996494858583939
2015-01-26,-0.9997575299580754,0.9996494858583939
2015-01-27,-0.9997575299580754,0.9996494858583939
2015-01-28,-0.9997575299580754,0.9996494858583939
2015-01-29,-0.9997575299580754,0.9996494858583939
2015-01-30,-0.9997575299580754,0.9996494858583939
2015-02-02,-1.049881462080863,0.967273388716388
2015-02-03,-1.000098553305478,0.9996256420396921
2015-02-04,-0.9997822973420469,0.9996256431822069
2015-02-05,-0.9997801370429416,0.999625643182207
2015-02-06,-0.9997801222792463,0.999625643182207
2015-02-09,-0.9997801221783494,0.999625643182207
2015-02-10,-0.99978012217766,0.999625643182207
2015-02-11,-0.9997801221776552,0.999625643182207
2015-02-12,-0.9997801221776552,0.999625643182207
2015-02-13,-0.9997801221776552,0.999625643182207
2015-02-16,-0.9997801221776552,0.999625643182207
2015-02-17,-0.9997801221776552,0.999625643182207
2015-02-18,-0.9997801221776552,0.999625643182207
2015-02-19,-0.9997801221776552,0.999625643182207
2015-02-20,-0.9997801221776552,0.999625643182207
2015-02-23,-0.9997801221776552,0.999625643182207
2015-02-24,-0.9997801221776552,0.999625643182207
2015-02-25,-0.9997801221776552,0.999625643182207
2015-02-26,-0.9997801221776552,0.999625643182207
2015-02-27,-0.9997801221776552,0.999625643182207
2015-03-02,-1.0120349590033575,1.0380136725452822
2015-03-03,-0.9998676245332282,0.9996528061550631
2015-03-04,-0.9997859750809415,0.9996528049363517
2015-03-05,-0.999785417147603,0.9996528049363517
2015-03-06,-0.9997854133346231,0.9996528049363517
2015-03-09,-0.9997854133085647,0.9996528049363517
2015-03-10,-0.9997854133083866,0.9996528049363517
2015-03-11,-0.9997854133083853,0.9996528049363517
2015-03-12,-0.9997854133083853,0.9996528049363517
2015-03-13,-0.9997854133083853,0.9996528049363517
2015-03-16,-0.9997854133083853,0.9996528049363517
2015-03-17,-0.9997854133083853,0.9996528049363517
2015-03-18,-0.9997854133083853,0.9996528049363517
2015-03-19,-0.9997854133083853,0.9996528049363517
2015-03-20,-0.9997854133083853,0.9996528049363517
2015-03-23,-0.9997854133083853,0.9996528049363517
2015-03-24,-0.9997854133083853,0.9996528049363517
2015-03-25,-0.9997854133083853,0.9996528049363517
2015-03-26,-0.9997854133083853,0.9996528049363517
2015-03-27,-0.9997854133083853,0.9996528049363517
2015-03-30,-0.9997854133083853,0.9996528049363517
2015-03-31,-1.1499713054596234,3.19381417268508
2015-04-01,-1.000672680971392,0.9999659710183633
2015-04-02,-0.9998434893561736,0.99996595586132
2015-04-03,-0.9998378296508484,0.9999659558613194
2015-04-06,-0.9998377909720738,0.9999659558613194
2015-04-07,-0.9998377907077386,0.9999659558613194
2015-04-08,-0.9998377907059322,0.9999659558613194
2015-04-09,-0.9998377907059197,0.9999659558613194
2015-04-10,-0.9998377907059195,0.9999659558613194
2015-04-13,-0.9998377907059195,0.9999659558613194
2015-04-14,-0.9998377907059195,0.9999659558613194
2015-04-15,-0.9998377907059195,0.9999659558613194
2015-04-16,-0.9998377907059195,0.9999659558613194
2015-04-17,-0.9998377907059195,0.9999659558613194
2015-04-20,-0.9998377907059195,0.9999659558613194
2015-04-21,-0.9998377907059195,0.9999659558613194
2015-04-22,-0.9998377907059195,0.9999659558613194
2015-04-23,-0.9998377907059195,0.9999659558613194
2015-04-24,-0.9998377907059195,0.9999659558613194
2015-04-27,-0.9998377907059195,0.9999659558613194
2015-04-28,-0.9998377907059195,0.9999659558613194
2015-04-29,-0.9998377907059195,0.9999659558613194
2015-04-30,-1.021492188932215,1.0369833835197106
2015-05-01,-0.9999878970254172,0.9999683429753654
2015-05-04,-0.9998455726992647,0.9999683417971141
2015-05-05,-0.999844600246805,0.9999683417971141
2015-05-06,-0.999844593600958,0.9999683417971141
2015-05-07,-0.9998445935555396,0.9999683417971141
2015-05-08,-0.999844593555229,0.9999683417971141
2015-05-11,-0.999844593555227,0.9999683417971141
2015-05-12,-0.999844593555227,0.9999683417971141
2015-05-13,-0.999844593555227,0.9999683417971141
2015-05-14,-0.999844593555227,0.9999683417971141
2015-05-15,-0.999844593555227,0.9999683417971141
2015-05-18,-0.999844593555227,0.9999683417971141
2015-05-19,-0.999844593555227,0.9999683417971141
2015-05-20,-0.999844593555227,0.9999683417971141
2015-05-21,-0.999844593555227,0.9999683417971141
2015-05-22,-0.999844593555227,0.9999683417971141
2015-05-25,-0.999844593555227,0.9999683417971141
2015-05-26,-0.999844593555227,0.9999683417971141
2015-05-27,-0.999844593555227,0.9999683417971141
2015-05-28,-0.999844593555227,0.9999683417971141
2015-05-29,-0.999844593555227,0.9999683417971141
2015-06-01,-1.0178694371078563,1.019503240945624
2015-06-02,-0.9999699650659237,0.9999695433622875
2015-06-03,-0.9998508670196923,0.9999695427245111
2015-06-04,-0.9998500532357532,0.9999695427245111
2015-06-05,-0.9998500476742629,0.9999695427245111
2015-06-08,-0.999850047636255,0.9999695427245111
2015-06-09,-0.9998500476359953,0.9999695427245111
2015-06-10,-0.9998500476359934,0.9999695427245111
2015-06-11,-0.9998500476359934,0.9999695427245111
2015-06-12,-0.9998500476359934,0.9999695427245111
2015-06-15,-0.9998500476359934,0.9999695427245111
2015-06-16,-0.9998500476359934,0.9999695427245111
2015-06-17,-0.9998500476359934,0.9999695427245111
2015-06-18,-0.9998500476359934,0.9999695427245111
2015-06-19,-0.9998500476359934,0.9999695427245111
2015-06-22,-0.9998500476359934,0.9999695427245111
2015-06-23,-0.9998500476359934,0.9999695427245111
2015-06-24,-0.9998500476359934,0.9999695427245111
2015-06-25,-0.9998500476359934,0.9999695427245111
2015-06-26,-0.9998500476359934,0.9999695427245111
2015-06-29,-0.9998500476359934,0.9999695427245111
2015-06-30,-1.0071626991329152,1.0219984932121435
2015-07-01,-0.999901638503498,0.9999708415452605
2015-07-02,-0.9998525544980814,0.9999708408286783
2015-07-03,-0.9998522190769674,0.9999708408286783
2015-07-06,-0.9998522167846605,0.9999708408286783
2015-07-07,-0.9998522167689946,0.9999708408286783
2015-07-08,-0.9998522167688875,0.9999708408286783
2015-07-09,-0.9998522167688868,0.9999708408286783
2015-07-10,-0.9998522167688868,0.9999708408286783
2015-07-13,-0.9998522167688868,0.9999708408286783
2015-07-14,-0.9998522167688868,0.9999708408286783
2015-07-15,-0.9998522167688868,0.9999708408286783
2015-07-16,-0.9998522167688868,0.9999708408286783
2015-07-17,-0.9998522167688868,0.9999708408286783
2015-07-20,-0.9998522167688868,0.9999708408286783
2015-07-21,-0.9998522167688868,0.9999708408286783
2015-07-22,-0.9998522167688868,0.9999708408286783
2015-07-23,-0.9998522167688868,0.9999708408286783
2015-07-24,-0.9998522167688868,0.9999708408286783
2015-07-27,-0.9998522167688868,0.9999708408286783
2015-07-28,-0.9998522167688868,0.9999708408286783
2015-07-29,-0.9998522167688868,0.9999708408286783
2015-07-30,-0.9998522167688868,0.9999708408286783
2015-07-31,-1.0062660796725826,1.0043719436524308
2015-08-03,-0.9998974994420816,0.9999710958113819
2015-08-04,-0.9998543909036064,0.9999710956644409
2015-08-05,-0.9998540963138642,0.9999710956644409
2015-08-06,-0.9998540943006036,0.9999710956644409
2015-08-07,-0.9998540942868447,0.9999710956644409
2015-08-10,-0.9998540942867506,0.9999710956644409
2015-08-11,-0.9998540942867499,0.9999710956644409
2015-08-12,-0.9998540942867499,0.9999710956644409
2015-08-13,-0.9998540942867499,0.9999710956644409
2015-08-14,-0.9998540942867499,0.9999710956644409
2015-08-17,-0.9998540942867499,0.9999710956644409
2015-08-18,-0.9998540942867499,0.9999710956644409
2015-08-19,-0.9998540942867499,0.9999710956644409
2015-08-20,-0.9998540942867499,0.9999710956644409
2015-08-21,-0.9998540942867499,0.9999710956644409
2015-08-24,-0.9998540942867499,0.9999710956644409
2015-08-25,-0.9998540942867499,0.9999710956644409
2015-08-26,-0.9998540942867499,0.9999710956644409
2015-08-27,-0.9998540942867499,0.9999710956644409
2015-08-28,-0.9998540942867499,0.9999710956644409
2015-08-31,-0.9923651547849955,0.9919717703887011
2015-09-01,-0.9998001426215889,0.9999706276216517
2015-09-02,-0.9998515306434363,0.9999706278937522
2015-09-03,-0.9998518818626049,0.9999706278937522
2015-09-04,-0.99985188426288,0.9999706278937522
2015-09-07,-0.9998518842792838,0.9999706278937522
2015-09-08,-0.9998518842793959,0.9999706278937522
2015-09-09,-0.9998518842793968,0.9999706278937522
2015-09-10,-0.9998518842793968,0.9999706278937522
2015-09-11,-0.9998518842793968,0.9999706278937522
2015-09-14,-0.9998518842793968,0.9999706278937522
2015-09-15,-0.9998518842793968,0.9999706278937522
2015-09-16,-0.9998518842793968,0.9999706278937522
2015-09-17,-0.9998518842793968,0.9999706278937522
2015-09-18,-0.9998518842793968,0.9999706278937522
2015-09-21,-0.9998518842793968,0.9999706278937522
2015-09-22,-0.9998518842793968,0.9999706278937522
2015-09-23,-0.9998518842793968,0.9999706278937522
2015-09-24,-0.9998518842793968,0.9999706278937522
2015-09-25,-0.9998518842793968,0.9999706278937522
2015-09-28,-0.9998518842793968,0.9999706278937522
2015-09-29,-0.9998518842793968,0.9999706278937522
2015-09-30,-0.9510842385013925,0.9805922323913983
2015-10-01,-0.9994772695575245,0.9999694555508047
2015-10-02,-0.9998338540050956,0.9999694562215014
2015-10-05,-0.9998362922592126,0.9999694562215014
2015-10-06,-0.9998363089225952,0.9999694562215014
2015-10-07,-0.9998363090364748,0.9999694562215014
2015-10-08,-0.9998363090372531,0.9999694562215014
2015-10-09,-0.9998363090372583,0.9999694562215014
2015-10-12,-0.9998363090372583,0.9999694562215014
2015-10-13,-0.9998363090372583,0.9999694562215014
2015-10-14,-0.9998363090372583,0.9999694562215014
2015-10-15,-0.9998363090372583,0.9999694562215014
2015-10-16,-0.9998363090372583,0.9999694562215014
2015-10-19,-0.9998363090372583,0.9999694562215014
2015-10-20,-0.9998363090372583,0.9999694562215014
2015-10-21,-0.9998363090372583,0.9999694562215014
2015-10-22,-0.9998363090372583,0.9999694562215014
2015-10-23,-0.9998363090372583,0.9999694562215014
2015-10-26,-0.9998363090372583,0.9999694562215014
2015-10-27,-0.9998363090372583,0.9999694562215014
2015-10-28,-0.9998363090372583,0.9999694562215014
2015-10-29,-0.9998363090372583,0.9999694562215014
2015-10-30,-0.9998363090372583,0.9999694562215014
2015-11-02,-0.9666192741934801,1.0041853191166303
2015-11-03,-0.999586195635918,0.9999697121405334
2015-11-04,-0.9998232367645189,0.9999697119997386
2015-11-05,-0.9998248573122547,0.9999697119997386
2015-11-06,-0.9998248683872993,0.9999697119997386
2015-11-09,-0.9998248684629877,0.9999697119997386
2015-11-10,-0.9998248684635049,0.9999697119997386
2015-11-11,-0.9998248684635085,0.9999697119997386
2015-11-12,-0.9998248684635085,0.9999697119997386
2015-11-13,-0.9998248684635085,0.9999697119997386
2015-11-16,-0.9998248684635085,0.9999697119997386
2015-11-17,-0.9998248684635085,0.9999697119997386
2015-11-18,-0.9998248684635085,0.9999697119997386
2015-11-19,-0.9998248684635085,0.9999697119997386
2015-11-20,-0.9998248684635085,0.9999697119997386
2015-11-23,-0.9998248684635085,0.9999697119997386
2015-11-24,-0.9998248684635085,0.9999697119997386
2015-11-25,-0.9998248684635085,0.9999697119997386
2015-11-26,-0.9998248684635085,0.9999697119997386
2015-11-27,-0.9998248684635085,0.9999697119997386
2015-11-30,-0.9752107580975099,0.9754037482758446
2015-12-01,-0.9996413923447419,0.9999681671947009
2015-12-02,-0.9998147256991923,0.9999681680517566
2015-12-03,-0.999815910590359,0.9999681680517567
2015-12-04,-0.9998159186880619,0.9999681680517567
2015-12-07,-0.9998159187434026,0.9999681680517567
2015-12-08,-0.9998159187437807,0.9999681680517567
2015-12-09,-0.9998159187437834,0.9999681680517567
2015-12-10,-0.9998159187437834,0.9999681680517567
2015-12-11,-0.9998159187437834,0.9999681680517567
2015-12-14,-0.9998159187437834,0.9999681680517567
2015-12-15,-0.9998159187437834,0.9999681680517567
2015-12-16,-0.9998159187437834,0.9999681680517567
2015-12-17,-0.9998159187437834,0.9999681680517567
2015-12-18,-0.9998159187437834,0.9999681680517567
2015-12-21,-0.9998159187437834,0.9999681680517567
2015-12-22,-0.9998159187437834,0.9999681680517567
2015-12-23,-0.9998159187437834,0.9999681680517567
2015-12-24,-0.9998159187437834,0.9999681680517567
2015-12-25,-0.9998159187437834,0.9999681680517567
2015-12-28,-0.9998159187437834,0.9999681680517567
2015-12-29,-0.9998159187437834,0.9999681680517567
2015-12-30,-0.9998159187437834,0.9999681680517567
2015-12-31,-1.0385294314346631,1.0340019526010569
2016-01-01,-1.0000793582586494,0.9999702289905227
2016-01-04,-0.9998310913877521,0.9999702279025708
2016-01-05,-0.9998293953382283,0.9999702279025708
2016-01-06,-0.999829383747252,0.9999702279025708
2016-01-07,-0.9998293836680379,0.9999702279025708
2016-01-08,-0.9998293836674964,0.9999702279025708
2016-01-11,-0.9998293836674927,0.9999702279025708
2016-01-12,-0.9998293836674927,0.9999702279025708
2016-01-13,-0.9998293836674927,0.9999702279025708
2016-01-14,-0.9998293836674927,0.9999702279025708
2016-01-15,-0.9998293836674927,0.9999702279025708
2016-01-18,-0.9998293836674927,0.9999702279025708
2016-01-19,-0.9998293836674927,0.9999702279025708
2016-01-20,-0.9998293836674927,0.9999702279025708
2016-01-21,-0.9998293836674927,0.9999702279025708
2016-01-22,-0.9998293836674927,0.9999702279025708
2016-01-25,-0.9998293836674927,0.9999702279025708
2016-01-26,-0.9998293836674927,0.9999702279025708
2016-01-27,-0.9998293836674927,0.9999702279025708
2016-01-28,-0.9998293836674927,0.9999702279025708
2016-01-29,-0.9998293836674927,0.9999702279025708
2016-02-01,-1.0138595770734726,0.9953327500486898
2016-02-02,-0.999927957359497,0.9999699498328075
2016-02-03,-0.9998347135072535,0.999969949989754
2016-02-04,-0.9998340763573205,0.999969949989754
2016-02-05,-0.9998340720029656,0.999969949989754
2016-02-08,-0.9998340719732075,0.999969949989754
2016-02-09,-0.9998340719730041,0.999969949989754
2016-02-10,-0.9998340719730027,0.999969949989754
2016-02-11,-0.9998340719730027,0.999969949989754
2016-02-12,-0.9998340719730027,0.999969949989754
2016-02-15,-0.9998340719730027,0.999969949989754
2016-02-16,-0.9998340719730027,0.999969949989754
2016-02-17,-0.9998340719730027,0.999969949989754
2016-02-18,-0.9998340719730027,0.999969949989754
2016-02-19,-0.9998340719730027,0.999969949989754
2016-02-22,-0.9998340719730027,0.999969949989754
2016-02-23,-0.9998340719730027,0.999969949989754
2016-02-24,-0.9998340719730027,0.999969949989754
2016-02-25,-0.9998340719730027,0.999969949989754
2016-02-26,-0.9998340719730027,0.999969949989754
2016-02-29,-1.0131396714164687,1.0135635540143588
2016-03-01,-0.9999275326890388,0.9999707506103975
2016-03-02,-0.9998390096711054,0.9999707501626948
2016-03-03,-0.9998384047750637,0.9999707501626948
2016-03-04,-0.9998384006411354,0.9999707501626948
2016-03-07,-0.9998384006128836,0.9999707501626948
2016-03-08,-0.9998384006126905,0.9999707501626948
2016-03-09,-0.9998384006126892,0.9999707501626948
2016-03-10,-0.9998384006126892,0.9999707501626948
2016-03-11,-0.9998384006126892,0.9999707501626948
2016-03-14,-0.9998384006126892,0.9999707501626948
2016-03-15,-0.9998384006126892,0.9999707501626948
2016-03-16,-0.9998384006126892,0.9999707501626948
2016-03-17,-0.9998384006126892,0.9999707501626948
2016-03-18,-0.9998384006126892,0.9999707501626948
2016-03-21,-0.9998384006126892,0.9999707501626948
2016-03-22,-0.9998384006126892,0.9999707501626948
2016-03-23,-0.9998384006126892,0.9999707501626948
2016-03-24,-0.9998384006126892,0.9999707501626948
2016-03-25,-0.9998384006126892,0.9999707501626948
2016-03-28,-0.9998384006126892,0.9999707501626948
2016-03-29,-0.9998384006126892,0.9999707501626948
2016-03-30,-0.9998384006126892,0.9999707501626948
2016-03-31,-1.0451598613397108,1.1859515554854885
2016-04-01,-1.000142030058997,0.9999792046802628
2016-04-04,-0.9998540892341745,0.9999791998231501
2016-04-05,-0.9998521222675567,0.99997919982315
2016-04-06,-0.9998521088251107,0.99997919982315
2016-04-07,-0.9998521087332433,0.99997919982315
2016-04-08,-0.9998521087326155,0.99997919982315
2016-04-11,-0.9998521087326113,0.99997919982315
2016-04-12,-0.9998521087326113,0.99997919982315
2016-04-13,-0.9998521087326113,0.99997919982315
2016-04-14,-0.9998521087326113,0.99997919982315
2016-04-15,-0.9998521087326113,0.99997919982315
2016-04-18,-0.9998521087326113,0.99997919982315
2016-04-19,-0.9998521087326113,0.99997919982315
2016-04-20,-0.9998521087326113,0.99997919982315
2016-04-21,-0.9998521087326113,0.99997919982315
2016-04-22,-0.9998521087326113,0.99997919982315
2016-04-25,-0.9998521087326113,0.99997919982315
2016-04-26,-0.9998521087326113,0.99997919982315
2016-04-27,-0.9998521087326113,0.99997919982315
2016-04-28,-0.9998521087326113,0.99997919982315
2016-04-29,-0.9998521087326113,0.99997919982315
2016-05-02,-1.015669276506766,1.0242844582487316
2016-05-03,-0.9999622495494256,0.9999801752490791
2016-05-04,-0.9998573995581782,0.99998017446106
2016-05-05,-0.9998566831142249,0.99998017446106
2016-05-06,-0.9998566782179663,0.99998017446106
2016-05-09,-0.9998566781845046,0.99998017446106
2016-05-10,-0.9998566781842759,0.99998017446106
2016-05-11,-0.9998566781842745,0.99998017446106
2016-05-12,-0.9998566781842745,0.99998017446106
2016-05-13,-0.9998566781842745,0.99998017446106
2016-05-16,-0.9998566781842745,0.99998017446106
2016-05-17,-0.9998566781842745,0.99998017446106
2016-05-18,-0.9998566781842745,0.99998017446106
2016-05-19,-0.9998566781842745,0.99998017446106
2016-05-20,-0.9998566781842745,0.99998017446106
2016-05-23,-0.9998566781842745,0.99998017446106
2016-05-24,-0.9998566781842745,0.99998017446106
2016-05-25,-0.9998566781842745,0.99998017446106
2016-05-26,-0.9998566781842745,0.99998017446106
2016-05-27,-0.9998566781842745,0.99998017446106
2016-05-30,-0.9998566781842745,0.99998017446106
2016-05-31,-1.0270674699272713,1.0242713094752194
2016-06-01,-1.0000428078993444,0.999981103662059
2016-06-02,-0.9998653908675753,0.9999811028744804
2016-06-03,-0.9998641787031392,0.9999811028744802
2016-06-06,-0.999864170419077,0.9999811028744802
2016-06-07,-0.999864170362463,0.9999811028744802
2016-06-08,-0.999864170362076,0.9999811028744802
2016-06-09,-0.9998641703620733,0.9999811028744802
2016-06-10,-0.9998641703620733,0.9999811028744802
2016-06-13,-0.9998641703620733,0.9999811028744802
2016-06-14,-0.9998641703620733,0.9999811028744802
2016-06-15,-0.9998641703620733,0.9999811028744802
2016-06-16,-0.9998641703620733,0.9999811028744802
2016-06-17,-0.9998641703620733,0.9999811028744802
2016-06-20,-0.9998641703620733,0.9999811028744802
2016-06-21,-0.9998641703620733,0.9999811028744802
2016-06-22,-0.9998641703620733,0.9999811028744802
2016-06-23,-0.9998641703620733,0.9999811028744802
2016-06-24,-0.9998641703620733,0.9999811028744802
2016-06-27,-0.9998641703620733,0.9999811028744802
2016-06-28,-0.9998641703620733,0.9999811028744802
2016-06-29,-0.9998641703620733,0.9999811028744802
2016-06-30,-1.0270482815394164,1.0663585340938155
2016-07-01,-1.0000497359985767,0.9999833822506997
2016-07-04,-0.9998724835986141,0.999983380223809
2016-07-05,-0.9998712725586867,0.999983380223809
2016-07-06,-0.9998712642823098,0.999983380223809
2016-07-07,-0.999871264225748,0.999983380223809
2016-07-08,-0.9998712642253613,0.999983380223809
2016-07-11,-0.9998712642253587,0.999983380223809
2016-07-12,-0.9998712642253587,0.999983380223809
2016-07-13,-0.9998712642253587,0.999983380223809
2016-07-14,-0.9998712642253587,0.999983380223809
2016-07-15,-0.9998712642253587,0.999983380223809
2016-07-18,-0.9998712642253587,0.999983380223809
2016-07-19,-0.9998712642253587,0.999983380223809
2016-07-20,-0.9998712642253587,0.999983380223809
2016-07-21,-0.9998712642253587,0.999983380223809
2016-07-22,-0.9998712642253587,0.999983380223809
2016-07-25,-0.9998712642253587,0.999983380223809
2016-07-26,-0.9998712642253587,0.999983380223809
2016-07-27,-0.9998712642253587,0.999983380223809
2016-07-28,-0.9998712642253587,0.999983380223809
2016-07-29,-0.9998712642253587,0.999983380223809
2016-08-01,-1.0170724270558946,1.0170180343772606
2016-08-02,-0.9999901621967832,0.99998393231965
2016-08-03,-0.9998763640323791,0.9999839317614402
2016-08-04,-0.9998755864557262,0.9999839317614402
2016-08-05,-0.9998755811416802,0.9999839317614402
2016-08-08,-0.9998755811053635,0.9999839317614402
2016-08-09,-0.9998755811051153,0.9999839317614402
2016-08-10,-0.9998755811051135,0.9999839317614402
2016-08-11,-0.9998755811051135,0.9999839317614402
2016-08-12,-0.9998755811051135,0.9999839317614402
2016-08-15,-0.9998755811051135,0.9999839317614402
2016-08-16,-0.9998755811051135,0.9999839317614402
2016-08-17,-0.9998755811051135,0.9999839317614402
2016-08-18,-0.9998755811051135,0.9999839317614402
2016-08-19,-0.9998755811051135,0.9999839317614402
2016-08-22,-0.9998755811051135,0.9999839317614402
2016-08-23,-0.9998755811051135,0.9999839317614402
2016-08-24,-0.9998755811051135,0.9999839317614402
2016-08-25,-0.9998755811051135,0.9999839317614402
2016-08-26,-0.9998755811051135,0.9999839317614402
2016-08-29,-0.9998755811051135,0.9999839317614402
2016-08-30,-0.9998755811051135,0.9999839317614402
2016-08-31,-1.0114036533375177,1.0099192355658473
2016-09-01,-0.9999558334701804,0.999984246361764
2016-09-02,-0.9998789298528333,0.9999842460327618
2016-09-05,-0.9998784043453279,0.9999842460327618
2016-09-06,-0.9998784007539494,0.9999842460327618
2016-09-07,-0.9998784007294055,0.9999842460327618
2016-09-08,-0.9998784007292376,0.9999842460327618
2016-09-09,-0.9998784007292365,0.9999842460327618
2016-09-12,-0.9998784007292365,0.9999842460327618
2016-09-13,-0.9998784007292365,0.9999842460327618
2016-09-14,-0.9998784007292365,0.9999842460327618
2016-09-15,-0.9998784007292365,0.9999842460327618
2016-09-16,-0.9998784007292365,0.9999842460327618
2016-09-19,-0.9998784007292365,0.9999842460327618
2016-09-20,-0.9998784007292365,0.9999842460327618
2016-09-21,-0.9998784007292365,0.9999842460327618
2016-09-22,-0.9998784007292365,0.9999842460327618
2016-09-23,-0.9998784007292365,0.9999842460327618
2016-09-26,-0.9998784007292365,0.9999842460327618
2016-09-27,-0.9998784007292365,0.9999842460327618
2016-09-28,-0.9998784007292365,0.9999842460327618
2016-09-29,-0.9998784007292365,0.9999842460327618
2016-09-30,-0.9758759675081121,1.0387163980612455
2016-10-03,-0.999702297467449,0.9999853990347607
2016-10-04,-0.9998711841795174,0.9999853978049211
2016-10-05,-0.9998723386660654,0.9999853978049211
2016-10-06,-0.9998723465559789,0.9999853978049211
2016-10-07,-0.9998723466098993,0.9999853978049211
2016-10-10,-0.9998723466102679,0.9999853978049211
2016-10-11,-0.9998723466102704,0.9999853978049211
2016-10-12,-0.9998723466102704,0.9999853978049211
2016-10-13,-0.9998723466102704,0.9999853978049211
2016-10-14,-0.9998723466102704,0.9999853978049211
2016-10-17,-0.9998723466102704,0.9999853978049211
2016-10-18,-0.9998723466102704,0.9999853978049211
2016-10-19,-0.9998723466102704,0.9999853978049211
2016-10-20,-0.9998723466102704,0.9999853978049211
2016-10-21,-0.9998723466102704,0.9999853978049211
2016-10-24,-0.9998723466102704,0.9999853978049211
2016-10-25,-0.9998723466102704,0.9999853978049211
2016-10-26,-0.9998723466102704,0.9999853978049211
2016-10-27,-0.9998723466102704,0.9999853978049211
2016-10-28,-0.9998723466102704,0.9999853978049211
2016-10-31,-0.9961686732030631,1.026889030493344
2016-11-01,-0.999845950670982,0.9999861529316572
2016-11-02,-0.9998712219090828,0.9999861520626788
2016-11-03,-0.9998713946223488,0.9999861520626786
2016-11-04,-0.9998713958026922,0.9999861520626786
2016-11-07,-0.9998713958107588,0.9999861520626786
2016-11-08,-0.9998713958108141,0.9999861520626786
2016-11-09,-0.9998713958108143,0.9999861520626786
2016-11-10,-0.9998713958108143,0.9999861520626786
2016-11-11,-0.9998713958108143,0.9999861520626786
2016-11-14,-0.9998713958108143,0.9999861520626786
2016-11-15,-0.9998713958108143,0.9999861520626786
2016-11-16,-0.9998713958108143,0.9999861520626786
2016-11-17,-0.9998713958108143,0.9999861520626786
2016-11-18,-0.9998713958108143,0.9999861520626786
2016-11-21,-0.9998713958108143,0.9999861520626786
2016-11-22,-0.9998713958108143,0.9999861520626786
2016-11-23,-0.9998713958108143,0.9999861520626786
2016-11-24,-0.9998713958108143,0.9999861520626786
2016-11-25,-0.9998713958108143,0.9999861520626786
2016-11-28,-0.9998713958108143,0.9999861520626786
2016-11-29,-0.9998713958108143,0.9999861520626786
2016-11-30,-1.011585433700911,1.0092087825225173
2016-12-01,-0.9999530161876676,0.9999864040113906
2016-12-02,-0.9998748939836757,0.9999864037056638
2016-12-05,-0.9998743601501531,0.9999864037056638
2016-12-06,-0.9998743565018736,0.9999864037056638
2016-12-07,-0.9998743564769409,0.9999864037056638
2016-12-08,-0.9998743564767705,0.9999864037056638
2016-12-09,-0.9998743564767693,0.9999864037056638
2016-12-12,-0.9998743564767693,0.9999864037056638
2016-12-13,-0.9998743564767693,0.9999864037056638
2016-12-14,-0.9998743564767693,0.9999864037056638
2016-12-15,-0.9998743564767693,0.9999864037056638
2016-12-16,-0.9998743564767693,0.9999864037056638
2016-12-19,-0.9998743564767693,0.9999864037056638
2016-12-20,-0.9998743564767693,0.9999864037056638
2016-12-21,-0.9998743564767693,0.9999864037056638
2016-12-22,-0.9998743564767693,0.9999864037056638
2016-12-23,-0.9998743564767693,0.9999864037056638
2016-12-26,-0.9998743564767693,0.9999864037056638
2016-12-27,-0.9998743564767693,0.9999864037056638
2016-12-28,-0.9998743564767693,0.9999864037056638
2016-12-29,-0.9998743564767693,0.9999864037056638
2016-12-30,-0.9998743564767693,0.9999864037056638
2017-01-02,-1.0483527728794007,1.0273367633195234
2017-01-03,-1.0001944628380717,0.9999871180276073
2017-01-04,-0.9998878152071662,0.9999871171447717
2017-01-05,-0.9998857205107078,0.9999871171447716
2017-01-06,-0.9998857061953462,0.9999871171447716
2017-01-09,-0.9998857060975134,0.9999871171447716
2017-01-10,-0.9998857060968447,0.9999871171447716
2017-01-11,-0.99988570609684,0.9999871171447716
2017-01-12,-0.99988570609684,0.9999871171447716
2017-01-13,-0.99988570609684,0.9999871171447716
2017-01-16,-0.99988570609684,0.9999871171447716
2017-01-17,-0.99988570609684,0.9999871171447716
2017-01-18,-0.99988570609684,0.9999871171447716
2017-01-19,-0.99988570609684,0.9999871171447716
2017-01-20,-0.99988570609684,0.9999871171447716
2017-01-23,-0.99988570609684,0.9999871171447716
2017-01-24,-0.99988570609684,0.9999871171447716
2017-01-25,-0.99988570609684,0.9999871171447716
2017-01-26,-0.99988570609684,0.9999871171447716
2017-01-27,-0.99988570609684,0.9999871171447716
2017-01-30,-0.99988570609684,0.9999871171447716
2017-01-31,-1.015873262656428,0.9916588110091462
2017-02-01,-0.9999959636472843,0.9999868998393783
2017-02-02,-0.9998900036989314,0.9999869001228199
2017-02-03,-0.9998892796718093,0.9999869001228199
2017-02-06,-0.9998892747237265,0.9999869001228199
2017-02-07,-0.9998892746899107,0.9999869001228199
2017-02-08,-0.9998892746896795,0.9999869001228199
2017-02-09,-0.9998892746896779,0.9999869001228199
2017-02-10,-0.9998892746896779,0.9999869001228199
2017-02-13,-0.9998892746896779,0.9999869001228199
2017-02-14,-0.9998892746896779,0.9999869001228199
2017-02-15,-0.9998892746896779,0.9999869001228199
2017-02-16,-0.9998892746896779,0.9999869001228199
2017-02-17,-0.9998892746896779,0.9999869001228199
2017-02-20,-0.9998892746896779,0.9999869001228199
2017-02-21,-0.9998892746896779,0.9999869001228199
2017-02-22,-0.9998892746896779,0.9999869001228199
2017-02-23,-0.9998892746896779,0.9999869001228199
2017-02-24,-0.9998892746896779,0.9999869001228199
2017-02-27,-0.9998892746896779,0.9999869001228199
2017-02-28,-0.9911984556260974,0.9928110810629038
2017-03-01,-0.9998271663830602,0.9999867100664795
2017-03-02,-0.9998869136426269,0.9999867103102721
2017-03-03,-0.9998873219994184,0.9999867103102721
2017-03-06,-0.9998873247901795,0.9999867103102721
2017-03-07,-0.9998873248092519,0.9999867103102721
2017-03-08,-0.9998873248093822,0.9999867103102721
2017-03-09,-0.9998873248093831,0.9999867103102721
2017-03-10,-0.9998873248093831,0.9999867103102721
2017-03-13,-0.9998873248093831,0.9999867103102721
2017-03-14,-0.9998873248093831,0.9999867103102721
2017-03-15,-0.9998873248093831,0.9999867103102721
2017-03-16,-0.9998873248093831,0.9999867103102721
2017-03-17,-0.9998873248093831,0.9999867103102721
2017-03-20,-0.9998873248093831,0.9999867103102721
2017-03-21,-0.9998873248093831,0.9999867103102721
2017-03-22,-0.9998873248093831,0.9999867103102721
2017-03-23,-0.9998873248093831,0.9999867103102721
2017-03-24,-0.9998873248093831,0.9999867103102721
2017-03-27,-0.9998873248093831,0.9999867103102721
2017-03-28,-0.9998873248093831,0.9999867103102721
2017-03-29,-0.9998873248093831,0.9999867103102721
2017-03-30,-0.9998873248093831,0.9999867103102721
2017-03-31,-0.9480769365210421,0.7809567363940717
2017-04-03,-0.9994913656131081,0.9999782102436012
2017-04-04,-0.9998720545618333,0.9999782209911068
2017-04-05,-0.9998746577325379,0.9999782209911071
2017-04-06,-0.9998746755229888,0.9999782209911071
2017-04-07,-0.999874675644571,0.9999782209911071
2017-04-10,-0.9998746756454019,0.9999782209911071
2017-04-11,-0.9998746756454076,0.9999782209911071
2017-04-12,-0.9998746756454076,0.9999782209911071
2017-04-13,-0.9998746756454076,0.9999782209911071
2017-04-14,-0.9998746756454076,0.9999782209911071
2017-04-17,-0.9998746756454076,0.9999782209911071
2017-04-18,-0.9998746756454076,0.9999782209911071
2017-04-19,-0.9998746756454076,0.9999782209911071
2017-04-20,-0.9998746756454076,0.9999782209911071
2017-04-21,-0.9998746756454076,0.9999782209911071
2017-04-24,-0.9998746756454076,0.9999782209911071
2017-04-25,-0.9998746756454076,0.9999782209911071
2017-04-26,-0.9998746756454076,0.9999782209911071
2017-04-27,-0.9998746756454076,0.9999782209911071
2017-04-28,-0.9998746756454076,0.9999782209911071
2017-05-01,-0.9819496781887966,0.9963285496142316
2017-05-02,-0.9997442400188321,0.9999780611409349
2017-05-03,-0.9998691992496879,0.9999780612642691
2017-05-04,-0.9998700533972765,0.9999780612642691
2017-05-05,-0.9998700592346312,0.9999780612642691
2017-05-08,-0.9998700592745244,0.9999780612642691
2017-05-09,-0.9998700592747971,0.9999780612642691
2017-05-10,-0.999870059274799,0.9999780612642691
2017-05-11,-0.999870059274799,0.9999780612642691
2017-05-12,-0.999870059274799,0.9999780612642691
2017-05-15,-0.999870059274799,0.9999780612642691
2017-05-16,-0.999870059274799,0.9999780612642691
2017-05-17,-0.999870059274799,0.9999780612642691
2017-05-18,-0.999870059274799,0.9999780612642691
2017-05-19,-0.999870059274799,0.9999780612642691
2017-05-22,-0.999870059274799,0.9999780612642691
2017-05-23,-0.999870059274799,0.9999780612642691
2017-05-24,-0.999870059274799,0.9999780612642691
2017-05-25,-0.999870059274799,0.9999780612642691
2017-05-26,-0.999870059274799,0.9999780612642691
2017-05-29,-0.999870059274799,0.9999780612642691
2017-05-30,-0.999870059274799,0.9999780612642691
2017-05-31,-0.9951626985693525,0.9953317031220342
2017-06-01,-0.9998364381192331,0.999977855960082
2017-06-02,-0.9998686059342832,0.9999778561173336
2017-06-05,-0.9998688257836728,0.9999778561173336
2017-06-06,-0.9998688272861503,0.9999778561173336
2017-06-07,-0.9998688272964185,0.9999778561173336
2017-06-08,-0.9998688272964886,0.9999778561173336
2017-06-09,-0.9998688272964891,0.9999778561173336
2017-06-12,-0.9998688272964891,0.9999778561173336
2017-06-13,-0.9998688272964891,0.9999778561173336
2017-06-14,-0.9998688272964891,0.9999778561173336
2017-06-15,-0.9998688272964891,0.9999778561173336
2017-06-16,-0.9998688272964891,0.9999778561173336
2017-06-19,-0.9998688272964891,0.9999778561173336
2017-06-20,-0.9998688272964891,0.9999778561173336
2017-06-21,-0.9998688272964891,0.9999778561173336
2017-06-22,-0.9998688272964891,0.9999778561173336
2017-06-23,-0.9998688272964891,0.9999778561173336
2017-06-26,-0.9998688272964891,0.9999778561173336
2017-06-27,-0.9998688272964891,0.9999778561173336
2017-06-28,-0.9998688272964891,0.9999778561173336
2017-06-29,-0.9998688272964891,0.9999778561173336
2017-06-30,-0.9657734806742204,0.9613265914338788
2017-07-03,-0.9996140694764991,0.9999760396894907
2017-07-04,-0.9998577266997216,0.9999760410678801
2017-07-05,-0.9998593924954675,0.9999760410678801
2017-07-06,-0.9998594038797441,0.9999760410678801
2017-07-07,-0.9998594039575456,0.9999760410678801
2017-07-10,-0.9998594039580774,0.9999760410678801
2017-07-11,-0.9998594039580809,0.9999760410678801
2017-07-12,-0.999859403958081,0.9999760410678801
2017-07-13,-0.999859403958081,0.9999760410678801
2017-07-14,-0.999859403958081,0.9999760410678801
2017-07-17,-0.999859403958081,0.9999760410678801
2017-07-18,-0.999859403958081,0.9999760410678801
2017-07-19,-0.999859403958081,0.9999760410678801
2017-07-20,-0.999859403958081,0.9999760410678801
2017-07-21,-0.999859403958081,0.9999760410678801
2017-07-24,-0.999859403958081,0.9999760410678801
2017-07-25,-0.999859403958081,0.9999760410678801
2017-07-26,-0.999859403958081,0.9999760410678801
2017-07-27,-0.999859403958081,0.9999760410678801
2017-07-28,-0.999859403958081,0.9999760410678801
2017-07-31,-0.9884429225184289,1.0032951561743937
2017-08-01,-0.9997767921358776,0.9999761993270053
2017-08-02,-0.999855595797172,0.9999761992160087
2017-08-03,-0.9998561344149592,0.9999761992160087
2017-08-04,-0.999856138095941,0.9999761992160087
2017-08-07,-0.9998561381210972,0.9999761992160087
2017-08-08,-0.9998561381212691,0.9999761992160087
2017-08-09,-0.9998561381212703,0.9999761992160087
2017-08-10,-0.9998561381212703,0.9999761992160087
2017-08-11,-0.9998561381212703,0.9999761992160087
2017-08-14,-0.9998561381212703,0.9999761992160087
2017-08-15,-0.9998561381212703,0.9999761992160087
2017-08-16,-0.9998561381212703,0.9999761992160087
2017-08-17,-0.9998561381212703,0.9999761992160087
2017-08-18,-0.9998561381212703,0.9999761992160087
2017-08-21,-0.9998561381212703,0.9999761992160087
2017-08-22,-0.9998561381212703,0.9999761992160087
2017-08-23,-0.9998561381212703,0.9999761992160087
2017-08-24,-0.9998561381212703,0.9999761992160087
2017-08-25,-0.9998561381212703,0.9999761992160087
2017-08-28,-0.9998561381212703,0.9999761992160087
2017-08-29,-0.9998561381212703,0.9999761992160087
2017-08-30,-0.9998561381212703,0.9999761992160087
2017-08-31,-0.9924198315874141,0.9927177800916387
2017-09-01,-0.9998026003912291,0.9999758498997179
2017-09-04,-0.9998536234317769,0.9999758501463423
2017-09-05,-0.9998539721562333,0.9999758501463423
2017-09-06,-0.9998539745394593,0.9999758501463423
2017-09-07,-0.9998539745557465,0.9999758501463423
2017-09-08,-0.9998539745558578,0.9999758501463423
2017-09-11,-0.9998539745558587,0.9999758501463423
2017-09-12,-0.9998539745558587,0.9999758501463423
2017-09-13,-0.9998539745558587,0.9999758501463423
2017-09-14,-0.9998539745558587,0.9999758501463423
2017-09-15,-0.9998539745558587,0.9999758501463423
2017-09-18,-0.9998539745558587,0.9999758501463423
2017-09-19,-0.9998539745558587,0.9999758501463423
2017-09-20,-0.9998539745558587,0.9999758501463423
2017-09-21,-0.9998539745558587,0.9999758501463423
2017-09-22,-0.9998539745558587,0.9999758501463423
2017-09-25,-0.9998539745558587,0.9999758501463423
2017-09-26,-0.9998539745558587,0.9999758501463423
2017-09-27,-0.9998539745558587,0.9999758501463423
2017-09-28,-0.9998539745558587,0.9999758501463423
2017-09-29,-0.9998539745558587,0.9999758501463423
2017-10-02,-0.9827716506480638,1.042491795333895
2017-10-03,-0.9997291094540532,0.9999777797754568
2017-10-04,-0.999848036689604,0.9999777784327873
2017-10-05,-0.9998488495986269,0.9999777784327873
2017-10-06,-0.9998488551541515,0.9999777784327873
2017-10-09,-0.9998488551921185,0.9999777784327873
2017-10-10,-0.9998488551923781,0.9999777784327873
2017-10-11,-0.9998488551923798,0.9999777784327873
2017-10-12,-0.9998488551923798,0.9999777784327873
2017-10-13,-0.9998488551923798,0.9999777784327873
2017-10-16,-0.9998488551923798,0.9999777784327873
2017-10-17,-0.9998488551923798,0.9999777784327873
2017-10-18,-0.9998488551923798,0.9999777784327873
2017-10-19,-0.9998488551923798,0.9999777784327873
2017-10-20,-0.9998488551923798,0.9999777784327873
2017-10-23,-0.9998488551923798,0.9999777784327873
2017-10-24,-0.9998488551923798,0.9999777784327873
2017-10-25,-0.9998488551923798,0.9999777784327873
2017-10-26,-0.9998488551923798,0.9999777784327873
2017-10-27,-0.9998488551923798,0.9999777784327873
2017-10-30,-0.9998488551923798,0.9999777784327873
2017-10-31,-0.9799175630882573,1.007984872503916
2017-11-01,-0.999702323356402,0.9999781300710302
2017-11-02,-0.9998416864019056,0.9999781298051228
2017-11-03,-0.9998426390262087,0.9999781298051228
2017-11-06,-0.9998426455365668,0.9999781298051228
2017-11-07,-0.9998426455810594,0.9999781298051228
2017-11-08,-0.9998426455813635,0.9999781298051228
2017-11-09,-0.9998426455813655,0.9999781298051228
2017-11-10,-0.9998426455813656,0.9999781298051228
2017-11-13,-0.9998426455813656,0.9999781298051228
2017-11-14,-0.9998426455813656,0.9999781298051228
2017-11-15,-0.9998426455813656,0.9999781298051228
2017-11-16,-0.9998426455813656,0.9999781298051228
2017-11-17,-0.9998426455813656,0.9999781298051228
2017-11-20,-0.9998426455813656,0.9999781298051228
2017-11-21,-0.9998426455813656,0.9999781298051228
2017-11-22,-0.9998426455813656,0.9999781298051228
2017-11-23,-0.9998426455813656,0.9999781298051228
2017-11-24,-0.9998426455813656,0.9999781298051228
2017-11-27,-0.9998426455813656,0.9999781298051228
2017-11-28,-0.9998426455813656,0.9999781298051228
2017-11-29,-0.9998426455813656,0.9999781298051228
2017-11-30,-1.0050297608377037,1.004617218938705
2017-12-01,-0.999879431642255,0.9999783313213755
2017-12-04,-0.9998445056032932,0.9999783311665416
2017-12-05,-0.9998442669271439,0.9999783311665416
2017-12-06,-0.9998442652960031,0.9999783311665416
2017-12-07,-0.9998442652848556,0.9999783311665416
2017-12-08,-0.9998442652847794,0.9999783311665416
2017-12-11,-0.999844265284779,0.9999783311665416
2017-12-12,-0.999844265284779,0.9999783311665416
2017-12-13,-0.999844265284779,0.9999783311665416
2017-12-14,-0.999844265284779,0.9999783311665416
2017-12-15,-0.999844265284779,0.9999783311665416
2017-12-18,-0.999844265284779,0.9999783311665416
2017-12-19,-0.999844265284779,0.9999783311665416
2017-12-20,-0.999844265284779,0.9999783311665416
2017-12-21,-0.999844265284779,0.9999783311665416
2017-12-22,-0.999844265284779,0.9999783311665416
2017-12-25,-0.999844265284779,0.9999783311665416
2017-12-26,-0.999844265284779,0.9999783311665416
2017-12-27,-0.999844265284779,0.9999783311665416
2017-12-28,-0.999844265284779,0.9999783311665416
2017-12-29,-0.999844265284779,0.9999783311665416
2018-01-01,-1.0496767368283904,1.036647025103969
2018-01-02,-1.0001754567265813,0.9999798370128165
2018-01-03,-0.999860861820018,0.9999798358450531
2018-01-04,-0.9998587128618833,0.9999798358450531
2018-01-05,-0.9998586981756932,0.9999798358450531
2018-01-08,-0.9998586980753261,0.9999798358450531
2018-01-09,-0.9998586980746402,0.9999798358450531
2018-01-10,-0.9998586980746356,0.9999798358450531
2018-01-11,-0.9998586980746356,0.9999798358450531
2018-01-12,-0.9998586980746356,0.9999798358450531
2018-01-15,-0.9998586980746356,0.9999798358450531
2018-01-16,-0.9998586980746356,0.9999798358450531
2018-01-17,-0.9998586980746356,0.9999798358450531
2018-01-18,-0.9998586980746356,0.9999798358450531
2018-01-19,-0.9998586980746356,0.9999798358450531
2018-01-22,-0.9998586980746356,0.9999798358450531
2018-01-23,-0.9998586980746356,0.9999798358450531
2018-01-24,-0.9998586980746356,0.9999798358450531
2018-01-25,-0.9998586980746356,0.9999798358450531
2018-01-26,-0.9998586980746356,0.9999798358450531
2018-01-29,-0.9998586980746356,0.9999798358450531
2018-01-30,-0.9998586980746356,0.9999798358450531
2018-01-31,-1.0160538487206587,0.9868197438339714
2018-02-01,-0.9999712016505254,0.9999792944449514
2018-02-02,-0.999863904003808,0.999979294896128
2018-02-05,-0.9998631708376419,0.9999792948961282
2018-02-06,-0.9998631658271018,0.9999792948961282
2018-02-07,-0.9998631657928592,0.9999792948961282
2018-02-08,-0.9998631657926252,0.9999792948961282
2018-02-09,-0.9998631657926236,0.9999792948961282
2018-02-12,-0.9998631657926236,0.9999792948961282
2018-02-13,-0.9998631657926236,0.9999792948961282
2018-02-14,-0.9998631657926236,0.9999792948961282
2018-02-15,-0.9998631657926236,0.9999792948961282
2018-02-16,-0.9998631657926236,0.9999792948961282
2018-02-19,-0.9998631657926236,0.9999792948961282
2018-02-20,-0.9998631657926236,0.9999792948961282
2018-02-21,-0.9998631657926236,0.9999792948961282
2018-02-22,-0.9998631657926236,0.9999792948961282
2018-02-23,-0.9998631657926236,0.9999792948961282
2018-02-26,-0.9998631657926236,0.9999792948961282
2018-02-27,-0.9998631657926236,0.9999792948961282
2018-02-28,-0.9998631657926236,0.9999792948961282
2018-03-01,-0.9998631657926236,0.9999792948961282
2018-03-02,-0.9998631657926236,0.9999792948961282
2018-03-05,-0.9998631657926236,0.9999792948961282
2018-03-06,-0.9998631657926236,0.9999792948961282
2018-03-07,-0.9998631657926236,0.9999792948961282
2018-03-08,-0.9998631657926236,0.9999792948961282
2018-03-09,-0.9998631657926236,0.9999792948961282
2018-03-12,-0.9998631657926236,0.9999792948961282
2018-03-13,-0.9998631657926236,0.9999792948961282
2018-03-14,-0.9998631657926236,0.9999792948961282
2018-03-15,-0.9998631657926236,0.9999792948961282
2018-03-16,-0.9998631657926236,0.9999792948961282
2018-03-19,-0.9998631657926236,0.9999792948961282
2018-03-20,-0.9998631657926236,0.9999792948961282
2018-03-21,-0.9998631657926236,0.9999792948961282
2018-03-22,-0.9998631657926236,0.9999792948961282
2018-03-23,-0.9998631657926236,0.9999792948961282
2018-03-26,-0.9998631657926236,0.9999792948961282
2018-03-27,-0.9998631657926236,0.9999792948961282
2018-03-28,-0.9998631657926236,0.9999792948961282
2018-03-29,-0.9998631657926236,0.9999792948961282
2018-03-30,-0.9998631657926236,0.9999792948961282
2018-04-02,-0.9444153975952595,0.567824459340385
2018-04-03,-0.9994340578330525,0.999935788555129
2018-04-04,-0.9998438090804139,0.999935823861703
2018-04-05,-0.9998466111037229,0.9999358238617042
2018-04-06,-0.9998466302531674,0.9999358238617042
2018-04-09,-0.9998466303840369,0.9999358238617042
2018-04-10,-0.9998466303849313,0.9999358238617042
2018-04-11,-0.9998466303849374,0.9999358238617042
2018-04-12,-0.9998466303849374,0.9999358238617042
2018-04-13,-0.9998466303849374,0.9999358238617042
2018-04-16,-0.9998466303849374,0.9999358238617042
2018-04-17,-0.9998466303849374,0.9999358238617042
2018-04-18,-0.9998466303849374,0.9999358238617042
2018-04-19,-0.9998466303849374,0.9999358238617042
2018-04-20,-0.9998466303849374,0.9999358238617042
2018-04-23,-0.9998466303849374,0.9999358238617042
2018-04-24,-0.9998466303849374,0.9999358238617042
2018-04-25,-0.9998466303849374,0.9999358238617042
2018-04-26,-0.9998466303849374,0.9999358238617042
2018-04-27,-0.9998466303849374,0.9999358238617042
2018-04-30,-1.004760880777617,1.0015459472209909
2018-05-01,-0.9998814568150558,0.9999360300222176
2018-05-02,-0.9998483544085554,0.999936029968239
2018-05-03,-0.9998481281940487,0.999936029968239
2018-05-04,-0.999848126648072,0.999936029968239
2018-05-07,-0.9998481266375066,0.999936029968239
2018-05-08,-0.9998481266374344,0.999936029968239
2018-05-09,-0.9998481266374339,0.999936029968239
2018-05-10,-0.9998481266374339,0.999936029968239
2018-05-11,-0.9998481266374339,0.999936029968239
2018-05-14,-0.9998481266374339,0.999936029968239
2018-05-15,-0.9998481266374339,0.999936029968239
2018-05-16,-0.9998481266374339,0.999936029968239
2018-05-17,-0.9998481266374339,0.999936029968239
2018-05-18,-0.9998481266374339,0.999936029968239
2018-05-21,-0.9998481266374339,0.999936029968239
2018-05-22,-0.9998481266374339,0.999936029968239
2018-05-23,-0.9998481266374339,0.999936029968239
2018-05-24,-0.9998481266374339,0.999936029968239
2018-05-25,-0.9998481266374339,0.999936029968239
2018-05-28,-0.9998481266374339,0.999936029968239
2018-05-29,-0.9998481266374339,0.999936029968239
2018-05-30,-0.9998481266374339,0.999936029968239
2018-05-31,-0.9998481266374339,0.999936029968239
2018-06-01,-0.9998481266374339,0.999936029968239
2018-06-04,-0.9998481266374339,0.999936029968239
2018-06-05,-0.9998481266374339,0.999936029968239
2018-06-06,-0.9998481266374339,0.999936029968239
2018-06-07,-0.9998481266374339,0.999936029968239
2018-06-08,-0.9998481266374339,0.999936029968239
2018-06-11,-0.9998481266374339,0.999936029968239
2018-06-12,-0.9998481266374339,0.999936029968239
2018-06-13,-0.9998481266374339,0.999936029968239
2018-06-14,-0.9998481266374339,0.999936029968239
2018-06-15,-0.9998481266374339,0.999936029968239
2018-06-18,-0.9998481266374339,0.999936029968239
2018-06-19,-0.9998481266374339,0.999936029968239
2018-06-20,-0.9998481266374339,0.999936029968239
2018-06-21,-0.9998481266374339,0.999936029968239
2018-06-22,-0.9998481266374339,0.999936029968239
2018-06-25,-0.9998481266374339,0.999936029968239
2018-06-26,-0.9998481266374339,0.999936029968239
2018-06-27,-0.9998481266374339,0.999936029968239
2018-06-28,-0.9998481266374339,0.999936029968239
2018-06-29,-0.9998481266374339,0.999936029968239
2018-07-02,-0.9998892785781102,1.048211224450963
2018-07-03,-0.99984842027023,0.9999417861009922
2018-07-04,-0.9998481410568836,0.999941784589005
2018-07-05,-0.9998481391487068,0.999941784589005
2018-07-06,-0.9998481391356663,0.999941784589005
2018-07-09,-0.9998481391355771,0.999941784589005
2018-07-10,-0.9998481391355765,0.999941784589005
2018-07-11,-0.9998481391355765,0.999941784589005
2018-07-12,-0.9998481391355765,0.999941784589005
2018-07-13,-0.9998481391355765,0.999941784589005
2018-07-16,-0.9998481391355765,0.999941784589005
2018-07-17,-0.9998481391355765,0.999941784589005
2018-07-18,-0.9998481391355765,0.999941784589005
2018-07-19,-0.9998481391355765,0.999941784589005
2018-07-20,-0.9998481391355765,0.999941784589005
2018-07-23,-0.9998481391355765,0.999941784589005
2018-07-24,-0.9998481391355765,0.999941784589005
2018-07-25,-0.9998481391355765,0.999941784589005
2018-07-26,-0.9998481391355765,0.999941784589005
2018-07-27,-0.9998481391355765,0.999941784589005
2018-07-30,-0.9998481391355765,0.999941784589005
2018-07-31,-1.0050056368248446,1.001215802647416
2018-08-01,-0.9998846609160008,0.9999419326383988
2018-08-02,-0.9998499323992988,0.9999419325956659
2018-08-03,-0.9998496950728983,0.9999419325956659
2018-08-06,-0.9998496934509818,0.9999419325956659
2018-08-07,-0.9998496934398974,0.9999419325956659
2018-08-08,-0.9998496934398217,0.9999419325956659
2018-08-09,-0.9998496934398212,0.9999419325956659
2018-08-10,-0.9998496934398212,0.9999419325956659
2018-08-13,-0.9998496934398212,0.9999419325956659
2018-08-14,-0.9998496934398212,0.9999419325956659
2018-08-15,-0.9998496934398212,0.9999419325956659
2018-08-16,-0.9998496934398212,0.9999419325956659
2018-08-17,-0.9998496934398212,0.9999419325956659
2018-08-20,-0.9998496934398212,0.9999419325956659
2018-08-21,-0.9998496934398212,0.9999419325956659
2018-08-22,-0.9998496934398212,0.9999419325956659
2018-08-23,-0.9998496934398212,0.9999419325956659
2018-08-24,-0.9998496934398212,0.9999419325956659
2018-08-27,-0.9998496934398212,0.9999419325956659
2018-08-28,-0.9998496934398212,0.9999419325956659
2018-08-29,-0.9998496934398212,0.9999419325956659
2018-08-30,-0.9998496934398212,0.9999419325956659
2018-08-31,-1.0023810966776803,1.003722339735547
2018-09-03,-0.9998676812214815,0.9999423691479272
2018-09-04,-0.9998505692294996,0.9999423690215998
2018-09-05,-0.9998504522871159,0.9999423690215998
2018-09-06,-0.9998504514879178,0.9999423690215998
2018-09-07,-0.999850451482456,0.9999423690215998
2018-09-10,-0.9998504514824187,0.9999423690215998
2018-09-11,-0.9998504514824184,0.9999423690215998
2018-09-12,-0.9998504514824184,0.9999423690215998
2018-09-13,-0.9998504514824184,0.9999423690215998
2018-09-14,-0.9998504514824184,0.9999423690215998
2018-09-17,-0.9998504514824184,0.9999423690215998
2018-09-18,-0.9998504514824184,0.9999423690215998
2018-09-19,-0.9998504514824184,0.9999423690215998
2018-09-20,-0.9998504514824184,0.9999423690215998
2018-09-21,-0.9998504514824184,0.9999423690215998
2018-09-24,-0.9998504514824184,0.9999423690215998
2018-09-25,-0.9998504514824184,0.9999423690215998
2018-09-26,-0.9998504514824184,0.9999423690215998
2018-09-27,-0.9998504514824184,0.9999423690215998
2018-09-28,-0.9998504514824184,0.9999423690215998
2018-10-01,-0.9883619854894001,1.081177379923991
2018-10-02,-0.9997671019315374,0.9999507034410331
2018-10-03,-0.9998464096316928,0.9999507010109646
2018-10-04,-0.9998469516949656,0.9999507010109644
2018-10-05,-0.9998469553994942,0.9999507010109644
2018-10-08,-0.9998469554248113,0.9999507010109644
2018-10-09,-0.9998469554249844,0.9999507010109644
2018-10-10,-0.9998469554249856,0.9999507010109644
2018-10-11,-0.9998469554249856,0.9999507010109644
2018-10-12,-0.9998469554249856,0.9999507010109644
2018-10-15,-0.9998469554249856,0.9999507010109644
2018-10-16,-0.9998469554249856,0.9999507010109644
2018-10-17,-0.9998469554249856,0.9999507010109644
2018-10-18,-0.9998469554249856,0.9999507010109644
2018-10-19,-0.9998469554249856,0.9999507010109644
2018-10-22,-0.9998469554249856,0.9999507010109644
2018-10-23,-0.9998469554249856,0.9999507010109644
2018-10-24,-0.9998469554249856,0.9999507010109644
2018-10-25,-0.9998469554249856,0.9999507010109644
2018-10-26,-0.9998469554249856,0.9999507010109644
2018-10-29,-0.9998469554249856,0.9999507010109644
2018-10-30,-0.9998469554249856,0.9999507010109644
2018-10-31,-0.985243764456411,1.0128144484953872
2018-11-01,-0.9997404044949116,0.999951945277613
2018-11-02,-0.9998416889637503,0.9999519448535068
2018-11-05,-0.9998423812598747,0.9999519448535068
2018-11-06,-0.9998423859911144,0.9999519448535068
2018-11-07,-0.9998423860234482,0.9999519448535068
2018-11-08,-0.9998423860236693,0.9999519448535068
2018-11-09,-0.9998423860236707,0.9999519448535068
2018-11-12,-0.9998423860236707,0.9999519448535068
2018-11-13,-0.9998423860236707,0.9999519448535068
2018-11-14,-0.9998423860236707,0.9999519448535068
2018-11-15,-0.9998423860236707,0.9999519448535068
2018-11-16,-0.9998423860236707,0.9999519448535068
2018-11-19,-0.9998423860236707,0.9999519448535068
2018-11-20,-0.9998423860236707,0.9999519448535068
2018-11-21,-0.9998423860236707,0.9999519448535068
2018-11-22,-0.9998423860236707,0.9999519448535068
2018-11-23,-0.9998423860236707,0.9999519448535068
2018-11-26,-0.9998423860236707,0.9999519448535068
2018-11-27,-0.9998423860236707,0.9999519448535068
2018-11-28,-0.9998423860236707,0.9999519448535068
2018-11-29,-0.9998423860236707,0.9999519448535068
2018-11-30,-1.0024345881020555,1.0033894132270784
2018-12-03,-0.9998608416455363,0.9999522735306662
2018-12-04,-0.9998433204966831,0.9999522734157374
2018-12-05,-0.9998432007582185,0.9999522734157374
2018-12-06,-0.9998431999399116,0.9999522734157374
2018-12-07,-0.9998431999343192,0.9999522734157374
2018-12-10,-0.9998431999342811,0.9999522734157374
2018-12-11,-0.9998431999342807,0.9999522734157374
2018-12-12,-0.9998431999342807,0.9999522734157374
2018-12-13,-0.9998431999342807,0.9999522734157374
2018-12-14,-0.9998431999342807,0.9999522734157374
2018-12-17,-0.9998431999342807,0.9999522734157374
2018-12-18,-0.9998431999342807,0.9999522734157374
2018-12-19,-0.9998431999342807,0.9999522734157374
2018-12-20,-0.9998431999342807,0.9999522734157374
2018-12-21,-0.9998431999342807,0.9999522734157374
2018-12-24,-0.9998431999342807,0.9999522734157374
2018-12-25,-0.9998431999342807,0.9999522734157374
2018-12-26,-0.9998431999342807,0.9999522734157374
2018-12-27,-0.9998431999342807,0.9999522734157374
2018-12-28,-0.9998431999342807,0.9999522734157374
2018-12-31,-1.0112863067461026,0.9584498484152859
2019-01-01,-0.9999235943664185,0.9999480509203593
2019-01-02,-0.9998472528398467,0.9999480524069972
2019-01-03,-0.9998467311728498,0.9999480524069972
2019-01-04,-0.9998467276077179,0.9999480524069972
2019-01-07,-0.9998467275833532,0.9999480524069972
2019-01-08,-0.9998467275831868,0.9999480524069972
2019-01-09,-0.9998467275831856,0.9999480524069972
2019-01-10,-0.9998467275831856,0.9999480524069972
2019-01-11,-0.9998467275831856,0.9999480524069972
2019-01-14,-0.9998467275831856,0.9999480524069972
2019-01-15,-0.9998467275831856,0.9999480524069972
2019-01-16,-0.9998467275831856,0.9999480524069972
2019-01-17,-0.9998467275831856,0.9999480524069972
2019-01-18,-0.9998467275831856,0.9999480524069972
2019-01-21,-0.9998467275831856,0.9999480524069972
2019-01-22,-0.9998467275831856,0.9999480524069972
2019-01-23,-0.9998467275831856,0.9999480524069972
2019-01-24,-0.9998467275831856,0.9999480524069972
2019-01-25,-0.9998467275831856,0.9999480524069972
2019-01-28,-0.9998467275831856,0.9999480524069972
2019-01-29,-0.9998467275831856,0.9999480524069972
2019-01-30,-0.9998467275831856,0.9999480524069972
2019-01-31,-1.0022720683414226,0.9859777608328406
2019-02-01,-0.999863978650177,0.9999465699896406
2019-02-04,-0.9998475811429488,0.9999465704691543
2019-02-05,-0.9998474690831928,0.9999465704691543
2019-02-06,-0.9998474683173629,0.9999465704691543
2019-02-07,-0.9998474683121292,0.9999465704691543
2019-02-08,-0.9998474683120934,0.9999465704691543
2019-02-11,-0.9998474683120933,0.9999465704691543
2019-02-12,-0.9998474683120933,0.9999465704691543
2019-02-13,-0.9998474683120933,0.9999465704691543
2019-02-14,-0.9998474683120933,0.9999465704691543
2019-02-15,-0.9998474683120933,0.9999465704691543
2019-02-18,-0.9998474683120933,0.9999465704691543
2019-02-19,-0.9998474683120933,0.9999465704691543
2019-02-20,-0.9998474683120933,0.9999465704691543
2019-02-21,-0.9998474683120933,0.9999465704691543
2019-02-22,-0.9998474683120933,0.9999465704691543
2019-02-25,-0.9998474683120933,0.9999465704691543
2019-02-26,-0.9998474683120933,0.9999465704691543
2019-02-27,-0.9998474683120933,0.9999465704691543
2019-02-28,-0.9972973981177924,0.9963219195220266
2019-03-01,-0.9998291988983892,0.9999461810318656
2019-03-04,-0.99984656792533,0.9999461811543419
2019-03-05,-0.9998466866304584,0.9999461811543419
2019-03-06,-0.9998466874417037,0.9999461811543419
2019-03-07,-0.9998466874472478,0.9999461811543419
2019-03-08,-0.9998466874472858,0.9999461811543419
2019-03-11,-0.9998466874472859,0.9999461811543419
2019-03-12,-0.9998466874472859,0.9999461811543419
2019-03-13,-0.9998466874472859,0.9999461811543419
2019-03-14,-0.9998466874472859,0.9999461811543419
2019-03-15,-0.9998466874472859,0.9999461811543419
2019-03-18,-0.9998466874472859,0.9999461811543419
2019-03-19,-0.9998466874472859,0.9999461811543419
2019-03-20,-0.9998466874472859,0.9999461811543419
2019-03-21,-0.9998466874472859,0.9999461811543419
2019-03-22,-0.9998466874472859,0.9999461811543419
2019-03-25,-0.9998466874472859,0.9999461811543419
2019-03-26,-0.9998466874472859,0.9999461811543419
2019-03-27,-0.9998466874472859,0.9999461811543419
2019-03-28,-0.9998466874472859,0.9999461811543419
2019-03-29,-0.9998466874472859,0.9999461811543419
2019-04-01,-0.951450670506825,0.4908116992874566
2019-04-02,-0.9994746075160326,0.9997766677262362
2019-04-03,-0.9998282632237512,0.9997767206383572
2019-04-04,-0.9998306814410276,0.999776720638359
2019-04-05,-0.999830697967475,0.999776720638359
2019-04-08,-0.9998306980804187,0.999776720638359
2019-04-09,-0.9998306980811906,0.999776720638359
2019-04-10,-0.9998306980811958,0.999776720638359
2019-04-11,-0.999830698081196,0.999776720638359
2019-04-12,-0.999830698081196,0.999776720638359
2019-04-15,-0.999830698081196,0.999776720638359
2019-04-16,-0.999830698081196,0.999776720638359
2019-04-17,-0.999830698081196,0.999776720638359
2019-04-18,-0.999830698081196,0.999776720638359
2019-04-19,-0.999830698081196,0.999776720638359
2019-04-22,-0.999830698081196,0.999776720638359
2019-04-23,-0.999830698081196,0.999776720638359
2019-04-24,-0.999830698081196,0.999776720638359
2019-04-25,-0.999830698081196,0.999776720638359
2019-04-26,-0.999830698081196,0.999776720638359
2019-04-29,-0.999830698081196,0.999776720638359
2019-04-30,-0.9987517180419833,1.013905326186217
2019-05-01,-0.9998229489287132,0.9997828980115053
2019-05-02,-0.9998302817122969,0.9997828975467239
2019-05-03,-0.9998303318259749,0.9997828975467239
2019-05-06,-0.9998303321684576,0.9997828975467239
2019-05-07,-0.9998303321707982,0.9997828975467239
2019-05-08,-0.9998303321708143,0.9997828975467239
2019-05-09,-0.9998303321708143,0.9997828975467239
2019-05-10,-0.9998303321708145,0.9997828975467239
2019-05-13,-0.9998303321708145,0.9997828975467239
2019-05-14,-0.9998303321708145,0.9997828975467239
2019-05-15,-0.9998303321708145,0.9997828975467239
2019-05-16,-0.9998303321708145,0.9997828975467239
2019-05-17,-0.9998303321708145,0.9997828975467239
2019-05-20,-0.9998303321708145,0.9997828975467239
2019-05-21,-0.9998303321708145,0.9997828975467239
2019-05-22,-0.9998303321708145,0.9997828975467239
2019-05-23,-0.9998303321708145,0.9997828975467239
2019-05-24,-0.9998303321708145,0.9997828975467239
2019-05-27,-0.9998303321708145,0.9997828975467239
2019-05-28,-0.9998303321708145,0.9997828975467239
2019-05-29,-0.9998303321708145,0.9997828975467239
2019-05-30,-0.9998303321708145,0.9997828975467239
2019-05-31,-1.0132850279496228,1.0363276338745453
2019-06-03,-0.9999249174680029,0.9997979347286997
2019-06-04,-0.9998354227195544,0.999797933565096
2019-06-05,-0.9998348111843754,0.999797933565096
2019-06-06,-0.9998348070050745,0.999797933565096
2019-06-07,-0.9998348069765126,0.999797933565096
2019-06-10,-0.9998348069763174,0.999797933565096
2019-06-11,-0.9998348069763161,0.999797933565096
2019-06-12,-0.9998348069763161,0.999797933565096
2019-06-13,-0.9998348069763161,0.999797933565096
2019-06-14,-0.9998348069763161,0.999797933565096
2019-06-17,-0.9998348069763161,0.999797933565096
2019-06-18,-0.9998348069763161,0.999797933565096
2019-06-19,-0.9998348069763161,0.999797933565096
2019-06-20,-0.9998348069763161,0.999797933565096
2019-06-21,-0.9998348069763161,0.999797933565096
2019-06-24,-0.9998348069763161,0.999797933565096
2019-06-25,-0.9998348069763161,0.999797933565096
2019-06-26,-0.9998348069763161,0.999797933565096
2019-06-27,-0.9998348069763161,0.999797933565096
2019-06-28,-0.9998348069763161,0.999797933565096
2019-07-01,-1.0018448199309535,1.1570722172728711
2019-07-02,-0.9998491601512864,0.9998491203807521
2019-07-03,-0.9998355625750025,0.9998491161247629
2019-07-04,-0.9998354696494434,0.9998491161247628
2019-07-05,-0.9998354690143789,0.9998491161247628
2019-07-08,-0.999835469010039,0.9998491161247628
2019-07-09,-0.9998354690100093,0.9998491161247628
2019-07-10,-0.999835469010009,0.9998491161247628
2019-07-11,-0.999835469010009,0.9998491161247628
2019-07-12,-0.999835469010009,0.9998491161247628
2019-07-15,-0.999835469010009,0.9998491161247628
2019-07-16,-0.999835469010009,0.9998491161247628
2019-07-17,-0.999835469010009,0.9998491161247628
2019-07-18,-0.999835469010009,0.9998491161247628
2019-07-19,-0.999835469010009,0.9998491161247628
2019-07-22,-0.999835469010009,0.9998491161247628
2019-07-23,-0.999835469010009,0.9998491161247628
2019-07-24,-0.999835469010009,0.9998491161247628
2019-07-25,-0.999835469010009,0.9998491161247628
2019-07-26,-0.999835469010009,0.9998491161247628
2019-07-29,-0.999835469010009,0.9998491161247628
2019-07-30,-0.999835469010009,0.9998491161247628
2019-07-31,-1.0052037897963655,1.0420291430778923
2019-08-01,-0.9998736058428808,0.9998610816351554
2019-08-02,-0.9998374699102678,0.9998610803027624
2019-08-05,-0.9998372229664476,0.9998610803027624
2019-08-06,-0.9998372212788046,0.9998610803027624
2019-08-07,-0.999837221267271,0.9998610803027624
2019-08-08,-0.9998372212671922,0.9998610803027624
2019-08-09,-0.9998372212671918,0.9998610803027624
2019-08-12,-0.9998372212671918,0.9998610803027624
2019-08-13,-0.9998372212671918,0.9998610803027624
2019-08-14,-0.9998372212671918,0.9998610803027624
2019-08-15,-0.9998372212671918,0.9998610803027624
2019-08-16,-0.9998372212671918,0.9998610803027624
2019-08-19,-0.9998372212671918,0.9998610803027624
2019-08-20,-0.9998372212671918,0.9998610803027624
2019-08-21,-0.9998372212671918,0.9998610803027624
2019-08-22,-0.9998372212671918,0.9998610803027624
2019-08-23,-0.9998372212671918,0.9998610803027624
2019-08-26,-0.9998372212671918,0.9998610803027624
2019-08-27,-0.9998372212671918,0.9998610803027624
2019-08-28,-0.9998372212671918,0.9998610803027624
2019-08-29,-0.9998372212671918,0.9998610803027624
2019-08-30,-0.9998372212671918,0.9998610803027624
2019-09-02,-1.0077473033955326,1.0174014137928824
2019-09-03,-0.9998931769661771,0.9998658281212243
2019-09-04,-0.9998401310213119,0.9998658275470058
2019-09-05,-0.9998397685280054,0.9998658275470058
2019-09-06,-0.9998397660506839,0.9998658275470058
2019-09-09,-0.9998397660337536,0.9998658275470058
2019-09-10,-0.9998397660336379,0.9998658275470058
2019-09-11,-0.9998397660336371,0.9998658275470058
2019-09-12,-0.9998397660336371,0.9998658275470058
2019-09-13,-0.9998397660336371,0.9998658275470058
2019-09-16,-0.9998397660336371,0.9998658275470058
2019-09-17,-0.9998397660336371,0.9998658275470058
2019-09-18,-0.9998397660336371,0.9998658275470058
2019-09-19,-0.9998397660336371,0.9998658275470058
2019-09-20,-0.9998397660336371,0.9998658275470058
2019-09-23,-0.9998397660336371,0.9998658275470058
2019-09-24,-0.9998397660336371,0.9998658275470058
2019-09-25,-0.9998397660336371,0.9998658275470058
2019-09-26,-0.9998397660336371,0.9998658275470058
2019-09-27,-0.9998397660336371,0.9998658275470058
2019-09-30,-0.9745838152344023,1.0205885538980932
2019-10-01,-0.9996520963867168,0.999871219873645
2019-10-02,-0.9998301302870034,0.9998712191983974
2019-10-03,-0.9998313473193154,0.9998712191983974
2019-10-04,-0.9998313556366756,0.9998712191983974
2019-10-07,-0.9998313556935173,0.9998712191983974
2019-10-08,-0.9998313556939058,0.9998712191983974
2019-10-09,-0.9998313556939086,0.9998712191983974
2019-10-10,-0.9998313556939086,0.9998712191983974
2019-10-11,-0.9998313556939086,0.9998712191983974
2019-10-14,-0.9998313556939086,0.9998712191983974
2019-10-15,-0.9998313556939086,0.9998712191983974
2019-10-16,-0.9998313556939086,0.9998712191983974
2019-10-17,-0.9998313556939086,0.9998712191983974
2019-10-18,-0.9998313556939086,0.9998712191983974
2019-10-21,-0.9998313556939086,0.9998712191983974
2019-10-22,-0.9998313556939086,0.9998712191983974
2019-10-23,-0.9998313556939086,0.9998712191983974
2019-10-24,-0.9998313556939086,0.9998712191983974
2019-10-25,-0.9998313556939086,0.9998712191983974
2019-10-28,-0.9998313556939086,0.9998712191983974
2019-10-29,-0.9998313556939086,0.9998712191983974
2019-10-30,-0.9998313556939086,0.9998712191983974
2019-10-31,-0.9891203481751442,1.05147925893084
2019-11-01,-0.9997533249973417,0.9998835483540062
2019-11-04,-0.9998271761662868,0.9998835467454344
2019-11-05,-0.9998276809303434,0.9998835467454344
2019-11-06,-0.9998276843799642,0.9998835467454344
2019-11-07,-0.9998276844035392,0.9998835467454344
2019-11-08,-0.9998276844037003,0.9998835467454344
2019-11-11,-0.9998276844037014,0.9998835467454344
2019-11-12,-0.9998276844037014,0.9998835467454344
2019-11-13,-0.9998276844037014,0.9998835467454344
2019-11-14,-0.9998276844037014,0.9998835467454344
2019-11-15,-0.9998276844037014,0.9998835467454344
2019-11-18,-0.9998276844037014,0.9998835467454344
2019-11-19,-0.9998276844037014,0.9998835467454344
2019-11-20,-0.9998276844037014,0.9998835467454344
2019-11-21,-0.9998276844037014,0.9998835467454344
2019-11-22,-0.9998276844037014,0.9998835467454344
2019-11-25,-0.9998276844037014,0.9998835467454344
2019-11-26,-0.9998276844037014,0.9998835467454344
2019-11-27,-0.9998276844037014,0.9998835467454344
2019-11-28,-0.9998276844037014,0.9998835467454344
2019-11-29,-0.9998276844037014,0.9998835467454344
2019-12-02,-1.0079588593727662,1.0159429469557975
2019-12-03,-0.9998853375090327,0.999887198692547
2019-12-04,-0.9998308276936928,0.999887198165641
2019-12-05,-0.9998304551977452,0.999887198165641
2019-12-06,-0.9998304526520646,0.999887198165641
2019-12-09,-0.9998304526346673,0.999887198165641
2019-12-10,-0.9998304526345482,0.999887198165641
2019-12-11,-0.9998304526345474,0.999887198165641
2019-12-12,-0.9998304526345474,0.999887198165641
2019-12-13,-0.9998304526345474,0.999887198165641
2019-12-16,-0.9998304526345474,0.999887198165641
2019-12-17,-0.9998304526345474,0.999887198165641
2019-12-18,-0.9998304526345474,0.999887198165641
2019-12-19,-0.9998304526345474,0.999887198165641
2019-12-20,-0.9998304526345474,0.999887198165641
2019-12-23,-0.9998304526345474,0.999887198165641
2019-12-24,-0.9998304526345474,0.999887198165641
2019-12-25,-0.9998304526345474,0.999887198165641
2019-12-26,-0.9998304526345474,0.999887198165641
2019-12-27,-0.9998304526345474,0.999887198165641
2019-12-30,-0.9998304526345474,0.999887198165641
2019-12-31,-1.0438108180548495,1.1563887481805983
2020-01-01,-1.0001263090028976,0.9999156610607207
2020-01-02,-0.999846361573673,0.9999156568209564
2020-01-03,-0.9998444491880542,0.9999156568209563
2020-01-06,-0.9998444361186192,0.9999156568209563
2020-01-07,-0.9998444360293011,0.9999156568209563
2020-01-08,-0.9998444360286906,0.9999156568209563
2020-01-09,-0.9998444360286864,0.9999156568209563
2020-01-10,-0.9998444360286864,0.9999156568209563
2020-01-13,-0.9998444360286864,0.9999156568209563
2020-01-14,-0.9998444360286864,0.9999156568209563
2020-01-15,-0.9998444360286864,0.9999156568209563
2020-01-16,-0.9998444360286864,0.9999156568209563
2020-01-17,-0.9998444360286864,0.9999156568209563
2020-01-20,-0.9998444360286864,0.9999156568209563
2020-01-21,-0.9998444360286864,0.9999156568209563
2020-01-22,-0.9998444360286864,0.9999156568209563
2020-01-23,-0.9998444360286864,0.9999156568209563
2020-01-24,-0.9998444360286864,0.9999156568209563
2020-01-27,-0.9998444360286864,0.9999156568209563
2020-01-28,-0.9998444360286864,0.9999156568209563
2020-01-29,-0.9998444360286864,0.9999156568209563
2020-01-30,-0.9998444360286864,0.9999156568209563
2020-01-31,-1.0078896161629365,0.990724444307357
2020-02-03,-0.9999012221462088,0.9999140848038991
2020-02-04,-0.9998472802061389,0.999914085117072
2020-02-05,-0.999846911590483,0.999914085117072
2020-02-06,-0.9998469090713207,0.999914085117072
2020-02-07,-0.9998469090541044,0.999914085117072
2020-02-10,-0.9998469090539868,0.999914085117072
2020-02-11,-0.999846909053986,0.999914085117072
2020-02-12,-0.999846909053986,0.999914085117072
2020-02-13,-0.999846909053986,0.999914085117072
2020-02-14,-0.999846909053986,0.999914085117072
2020-02-17,-0.999846909053986,0.999914085117072
2020-02-18,-0.999846909053986,0.999914085117072
2020-02-19,-0.999846909053986,0.999914085117072
2020-02-20,-0.999846909053986,0.999914085117072
2020-02-21,-0.999846909053986,0.999914085117072
2020-02-24,-0.999846909053986,0.999914085117072
2020-02-25,-0.999846909053986,0.999914085117072
2020-02-26,-0.999846909053986,0.999914085117072
2020-02-27,-0.999846909053986,0.999914085117072
2020-02-28,-0.999846909053986,0.999914085117072
2020-03-02,-0.9947305420694055,0.9907189725556149
2020-03-03,-0.9998101072396608,0.999912483118641
2020-03-04,-0.9998450897879503,0.9999124834319476
2020-03-05,-0.9998453288755161,0.9999124834319476
2020-03-06,-0.9998453305094698,0.9999124834319476
2020-03-09,-0.9998453305206364,0.9999124834319476
2020-03-10,-0.9998453305207128,0.9999124834319476
2020-03-11,-0.9998453305207132,0.9999124834319476
2020-03-12,-0.9998453305207132,0.9999124834319476
2020-03-13,-0.9998453305207132,0.9999124834319476
2020-03-16,-0.9998453305207132,0.9999124834319476
2020-03-17,-0.9998453305207132,0.9999124834319476
2020-03-18,-0.9998453305207132,0.9999124834319476
2020-03-19,-0.9998453305207132,0.9999124834319476
2020-03-20,-0.9998453305207132,0.9999124834319476
2020-03-23,-0.9998453305207132,0.9999124834319476
2020-03-24,-0.9998453305207132,0.9999124834319476
2020-03-25,-0.9998453305207132,0.9999124834319476
2020-03-26,-0.9998453305207132,0.9999124834319476
2020-03-27,-0.9998453305207132,0.9999124834319476
2020-03-30,-0.9998453305207132,0.9999124834319476
2020-03-31,-0.913354262366708,0.3735802984787114
2020-04-01,-0.9991379168461454,0.9993735333484067
2020-04-02,-0.9998100290540312,0.9993736367394963
2020-04-03,-0.9998146270170684,0.9993736367394999
2020-04-06,-0.9998146584403177,0.9993736367394999
2020-04-07,-0.9998146586550679,0.9993736367394999
2020-04-08,-0.9998146586565356,0.9993736367394999
2020-04-09,-0.9998146586565457,0.9993736367394999
2020-04-10,-0.9998146586565457,0.9993736367394999
2020-04-13,-0.9998146586565457,0.9993736367394999
2020-04-14,-0.9998146586565457,0.9993736367394999
2020-04-15,-0.9998146586565457,0.9993736367394999
2020-04-16,-0.9998146586565457,0.9993736367394999
2020-04-17,-0.9998146586565457,0.9993736367394999
2020-04-20,-0.9998146586565457,0.9993736367394999
2020-04-21,-0.9998146586565457,0.9993736367394999
2020-04-22,-0.9998146586565457,0.9993736367394999
2020-04-23,-0.9998146586565457,0.9993736367394999
2020-04-24,-0.9998146586565457,0.9993736367394999
2020-04-27,-0.9998146586565457,0.9993736367394999
2020-04-28,-0.9998146586565457,0.9993736367394999
2020-04-29,-0.9998146586565457,0.9993736367394999
2020-04-30,-0.9328214167265434,0.8430572807470242
2020-05-01,-0.9992793649704828,0.9991201619259349
2020-05-04,-0.9997836172176113,0.9991201687175173
2020-05-05,-0.9997870659647031,0.9991201687175175
2020-05-06,-0.9997870895339772,0.9991201687175175
2020-05-07,-0.9997870896950526,0.9991201687175175
2020-05-08,-0.9997870896961535,0.9991201687175175
2020-05-11,-0.9997870896961609,0.9991201687175175
2020-05-12,-0.9997870896961609,0.9991201687175175
2020-05-13,-0.9997870896961609,0.9991201687175175
2020-05-14,-0.9997870896961609,0.9991201687175175
2020-05-15,-0.9997870896961609,0.9991201687175175
2020-05-18,-0.9997870896961609,0.9991201687175175
2020-05-19,-0.9997870896961609,0.9991201687175175
2020-05-20,-0.9997870896961609,0.9991201687175175
2020-05-21,-0.9997870896961609,0.9991201687175175
2020-05-22,-0.9997870896961609,0.9991201687175175
2020-05-25,-0.9997870896961609,0.9991201687175175
2020-05-26,-0.9997870896961609,0.9991201687175175
2020-05-27,-0.9997870896961609,0.9991201687175175
2020-05-28,-0.9997870896961609,0.9991201687175175
2020-05-29,-0.9997870896961609,0.9991201687175175
2020-06-01,-1.0299308527585498,1.1462435014268284
2020-06-02,-0.9999963984090983,0.9993313195126899
2020-06-03,-0.9998007126459962,0.9993313154837246
2020-06-04,-0.9997993757012176,0.9993313154837244
2020-06-05,-0.999799366564395,0.9993313154837244
2020-06-08,-0.9997993665019528,0.9993313154837244
2020-06-09,-0.9997993665015261,0.9993313154837244
2020-06-10,-0.9997993665015232,0.9993313154837244
2020-06-11,-0.9997993665015232,0.9993313154837244
2020-06-12,-0.9997993665015232,0.9993313154837244
2020-06-15,-0.9997993665015232,0.9993313154837244
2020-06-16,-0.9997993665015232,0.9993313154837244
2020-06-17,-0.9997993665015232,0.9993313154837244
2020-06-18,-0.9997993665015232,0.9993313154837244
2020-06-19,-0.9997993665015232,0.9993313154837244
2020-06-22,-0.9997993665015232,0.9993313154837244
2020-06-23,-0.9997993665015232,0.9993313154837244
2020-06-24,-0.9997993665015232,0.9993313154837244
2020-06-25,-0.9997993665015232,0.9993313154837244
2020-06-26,-0.9997993665015232,0.9993313154837244
2020-06-29,-0.9997993665015232,0.9993313154837244
2020-06-30,-0.9812741986670487,1.0625256935175724
2020-07-01,-0.9996615916515641,0.9994084225785369
2020-07-02,-0.9997908324468778,0.999408420642456
2020-07-03,-0.9997917158664432,0.999408420642456
2020-07-06,-0.9997917219038465,0.999408420642456
2020-07-07,-0.9997917219451068,0.999408420642456
2020-07-08,-0.9997917219453889,0.999408420642456
2020-07-09,-0.9997917219453908,0.999408420642456
2020-07-10,-0.9997917219453908,0.999408420642456
2020-07-13,-0.9997917219453908,0.999408420642456
2020-07-14,-0.9997917219453908,0.999408420642456
2020-07-15,-0.9997917219453908,0.999408420642456
2020-07-16,-0.9997917219453908,0.999408420642456
2020-07-17,-0.9997917219453908,0.999408420642456
2020-07-20,-0.9997917219453908,0.999408420642456
2020-07-21,-0.9997917219453908,0.999408420642456
2020-07-22,-0.9997917219453908,0.999408420642456
2020-07-23,-0.9997917219453908,0.999408420642456
2020-07-24,-0.9997917219453908,0.999408420642456
2020-07-27,-0.9997917219453908,0.999408420642456
2020-07-28,-0.9997917219453908,0.999408420642456
2020-07-29,-0.9997917219453908,0.999408420642456
2020-07-30,-0.9997917219453908,0.999408420642456
2020-07-31,-0.9723470259413467,1.0115921629627782
2020-08-03,-0.9995843723253262,0.9994225726888648
2020-08-04,-0.999778466524554,0.999422572287198
2020-08-05,-0.9997797933766144,0.999422572287198
2020-08-06,-0.9997798024444987,0.999422572287198
2020-08-07,-0.9997798025064698,0.999422572287198
2020-08-10,-0.9997798025068932,0.999422572287198
2020-08-11,-0.9997798025068962,0.999422572287198
2020-08-12,-0.9997798025068962,0.999422572287198
2020-08-13,-0.9997798025068962,0.999422572287198
2020-08-14,-0.9997798025068962,0.999422572287198
2020-08-17,-0.9997798025068962,0.999422572287198
2020-08-18,-0.9997798025068962,0.999422572287198
2020-08-19,-0.9997798025068962,0.999422572287198
2020-08-20,-0.9997798025068962,0.999422572287198
2020-08-21,-0.9997798025068962,0.999422572287198
2020-08-24,-0.9997798025068962,0.999422572287198
2020-08-25,-0.9997798025068962,0.999422572287198
2020-08-26,-0.9997798025068962,0.999422572287198
2020-08-27,-0.9997798025068962,0.999422572287198
2020-08-28,-0.9997798025068962,0.999422572287198
2020-08-31,-0.9936520612382891,0.9755854953255545
2020-09-01,-0.999734834898826,0.9993940361962972
2020-09-02,-0.999776790441881,0.999394037026029
2020-09-03,-0.9997770771892691,0.9993940370260291
2020-09-04,-0.9997770791489361,0.9993940370260291
2020-09-07,-0.9997770791623288,0.9993940370260291
2020-09-08,-0.9997770791624203,0.9993940370260291
2020-09-09,-0.9997770791624209,0.9993940370260291
2020-09-10,-0.9997770791624209,0.9993940370260291
2020-09-11,-0.9997770791624209,0.9993940370260291
2020-09-14,-0.9997770791624209,0.9993940370260291
2020-09-15,-0.9997770791624209,0.9993940370260291
2020-09-16,-0.9997770791624209,0.9993940370260291
2020-09-17,-0.9997770791624209,0.9993940370260291
2020-09-18,-0.9997770791624209,0.9993940370260291
2020-09-21,-0.9997770791624209,0.9993940370260291
2020-09-22,-0.9997770791624209,0.9993940370260291
2020-09-23,-0.9997770791624209,0.9993940370260291
2020-09-24,-0.9997770791624209,0.9993940370260291
2020-09-25,-0.9997770791624209,0.9993940370260291
2020-09-28,-0.9997770791624209,0.9993940370260291
2020-09-29,-0.9997770791624209,0.9993940370260291
2020-09-30,-0.9670466776097215,0.9071632197822201
2020-10-01,-0.9995267701763388,0.9992647001255617
2020-10-02,-0.9997601329952706,0.999264703708448
2020-10-05,-0.9997617283871619,0.999264703708448
2020-10-06,-0.9997617392902877,0.999264703708448
2020-10-07,-0.9997617393648012,0.999264703708448
2020-10-08,-0.9997617393653103,0.999264703708448
2020-10-09,-0.9997617393653138,0.999264703708448
2020-10-12,-0.9997617393653138,0.999264703708448
2020-10-13,-0.9997617393653138,0.999264703708448
2020-10-14,-0.9997617393653138,0.999264703708448
2020-10-15,-0.9997617393653138,0.999264703708448
2020-10-16,-0.9997617393653138,0.999264703708448
2020-10-19,-0.9997617393653138,0.999264703708448
2020-10-20,-0.9997617393653138,0.999264703708448
2020-10-21,-0.9997617393653138,0.999264703708448
2020-10-22,-0.9997617393653138,0.999264703708448
2020-10-23,-0.9997617393653138,0.999264703708448
2020-10-26,-0.9997617393653138,0.999264703708448
2020-10-27,-0.9997617393653138,0.999264703708448
2020-10-28,-0.9997617393653138,0.999264703708448
2020-10-29,-0.9997617393653138,0.999264703708448
2020-10-30,-0.9997617393653138,0.999264703708448
2020-11-02,-0.9900373832508145,1.070070445919707
2020-11-03,-0.9996896377173049,0.9993587018947204
2020-11-04,-0.9997565769124396,0.9993586997484961
2020-11-05,-0.999757034429194,0.999358699748496
2020-11-06,-0.9997570375559205,0.999358699748496
2020-11-09,-0.999757037577289,0.999358699748496
2020-11-10,-0.999757037577435,0.999358699748496
2020-11-11,-0.999757037577436,0.999358699748496
2020-11-12,-0.999757037577436,0.999358699748496
2020-11-13,-0.999757037577436,0.999358699748496
2020-11-16,-0.999757037577436,0.999358699748496
2020-11-17,-0.999757037577436,0.999358699748496
2020-11-18,-0.999757037577436,0.999358699748496
2020-11-19,-0.999757037577436,0.999358699748496
2020-11-20,-0.999757037577436,0.999358699748496
2020-11-23,-0.999757037577436,0.999358699748496
2020-11-24,-0.999757037577436,0.999358699748496
2020-11-25,-0.999757037577436,0.999358699748496
2020-11-26,-0.999757037577436,0.999358699748496
2020-11-27,-0.999757037577436,0.999358699748496
2020-11-30,-1.0029753723216959,1.0119217360502877
2020-12-01,-0.9997804726700339,0.9993745095961003
2020-12-02,-0.9997587432674516,0.9993745091822012
2020-12-03,-0.9997585947709816,0.9993745091822012
2020-12-04,-0.9997585937561393,0.9993745091822012
2020-12-07,-0.9997585937492036,0.9993745091822012
2020-12-08,-0.9997585937491562,0.9993745091822012
2020-12-09,-0.999758593749156,0.9993745091822012
2020-12-10,-0.999758593749156,0.9993745091822012
2020-12-11,-0.999758593749156,0.9993745091822012
2020-12-14,-0.999758593749156,0.9993745091822012
2020-12-15,-0.999758593749156,0.9993745091822012
2020-12-16,-0.999758593749156,0.9993745091822012
2020-12-17,-0.999758593749156,0.9993745091822012
2020-12-18,-0.999758593749156,0.9993745091822012
2020-12-21,-0.999758593749156,0.9993745091822012
2020-12-22,-0.999758593749156,0.9993745091822012
2020-12-23,-0.999758593749156,0.9993745091822012
2020-12-24,-0.999758593749156,0.9993745091822012
2020-12-25,-0.999758593749156,0.9993745091822012
2020-12-28,-0.999758593749156,0.9993745091822012
2020-12-29,-0.999758593749156,0.9993745091822012
2020-12-30,-0.999758593749156,0.9993745091822012
2020-12-31,-1.0215834570134952,1.3759220192886894
2021-01-01,-0.9999131687860165,0.9996698723242077
2021-01-04,-0.9997697812267502,0.9996698643926935
2021-01-05,-0.9997688015111789,0.9996698643926932
2021-01-06,-0.999768794815695,0.9996698643926932
2021-01-07,-0.9997687947699373,0.9996698643926932
2021-01-08,-0.9997687947696245,0.9996698643926932
2021-01-11,-0.9997687947696224,0.9996698643926932
2021-01-12,-0.9997687947696224,0.9996698643926932
2021-01-13,-0.9997687947696224,0.9996698643926932
2021-01-14,-0.9997687947696224,0.9996698643926932
2021-01-15,-0.9997687947696224,0.9996698643926932
2021-01-18,-0.9997687947696224,0.9996698643926932
2021-01-19,-0.9997687947696224,0.9996698643926932
2021-01-20,-0.9997687947696224,0.9996698643926932
2021-01-21,-0.9997687947696224,0.9996698643926932
2021-01-22,-0.9997687947696224,0.9996698643926932
2021-01-25,-0.9997687947696224,0.9996698643926932
2021-01-26,-0.9997687947696224,0.9996698643926932
2021-01-27,-0.9997687947696224,0.9996698643926932
2021-01-28,-0.9997687947696224,0.9996698643926932
2021-01-29,-0.9997687947696224,0.9996698643926932
2021-02-01,-0.9878708149700043,1.0217374998011632
2021-02-02,-0.999680456717786,0.9996839643670813
2021-02-03,-0.9997626283859663,0.999683963649691
2021-02-04,-0.9997631900267209,0.9996839636496908
2021-02-05,-0.9997631938650445,0.9996839636496908
2021-02-08,-0.999763193891276,0.9996839636496908
2021-02-09,-0.9997631938914553,0.9996839636496908
2021-02-10,-0.9997631938914564,0.9996839636496908
2021-02-11,-0.9997631938914564,0.9996839636496908
2021-02-12,-0.9997631938914564,0.9996839636496908
2021-02-15,-0.9997631938914564,0.9996839636496908
2021-02-16,-0.9997631938914564,0.9996839636496908
2021-02-17,-0.9997631938914564,0.9996839636496908
2021-02-18,-0.9997631938914564,0.9996839636496908
2021-02-19,-0.9997631938914564,0.9996839636496908
2021-02-22,-0.9997631938914564,0.9996839636496908
2021-02-23,-0.9997631938914564,0.9996839636496908
2021-02-24,-0.9997631938914564,0.9996839636496908
2021-02-25,-0.9997631938914564,0.9996839636496908
2021-02-26,-0.9997631938914564,0.9996839636496908
2021-03-01,-1.0093036708397944,1.0261396694680096
2021-03-02,-0.99983190385858,0.9997000423360314
2021-03-03,-0.9997680871272671,0.9997000414814499
2021-03-04,-0.9997676510381087,0.9997000414814499
2021-03-05,-0.999767648057825,0.9997000414814499
2021-03-08,-0.9997676480374574,0.9997000414814499
2021-03-09,-0.9997676480373182,0.9997000414814499
2021-03-10,-0.9997676480373173,0.9997000414814499
2021-03-11,-0.9997676480373173,0.9997000414814499
2021-03-12,-0.9997676480373173,0.9997000414814499
2021-03-15,-0.9997676480373173,0.9997000414814499
2021-03-16,-0.9997676480373173,0.9997000414814499
2021-03-17,-0.9997676480373173,0.9997000414814499
2021-03-18,-0.9997676480373173,0.9997000414814499
2021-03-19,-0.9997676480373173,0.9997000414814499
2021-03-22,-0.9997676480373173,0.9997000414814499
2021-03-23,-0.9997676480373173,0.9997000414814499
2021-03-24,-0.9997676480373173,0.9997000414814499
2021-03-25,-0.9997676480373173,0.9997000414814499
2021-03-26,-0.9997676480373173,0.9997000414814499
2021-03-29,-0.9997676480373173,0.9997000414814499
2021-03-30,-0.9997676480373173,0.9997000414814499
2021-03-31,-0.9812656859121993,-0.01014209818023058
2021-04-01,-0.9996288524028883,-0.38260069155708976
2021-04-02,-0.9997579182071238,-0.3826098353893695
2021-04-05,-0.999758800430318,-0.3826098353896768
2021-04-06,-0.9997588064595452,-0.3826098353896768
2021-04-07,-0.9997588065007496,-0.3826098353896768
2021-04-08,-0.9997588065010312,-0.3826098353896768
2021-04-09,-0.9997588065010331,-0.3826098353896768
2021-04-12,-0.9997588065010331,-0.3826098353896768
2021-04-13,-0.9997588065010331,-0.3826098353896768
2021-04-14,-0.9997588065010331,-0.3826098353896768
2021-04-15,-0.9997588065010331,-0.3826098353896768
2021-04-16,-0.9997588065010331,-0.3826098353896768
2021-04-19,-0.9997588065010331,-0.3826098353896768
2021-04-20,-0.9997588065010331,-0.3826098353896768
2021-04-21,-0.9997588065010331,-0.3826098353896768
2021-04-22,-0.9997588065010331,-0.3826098353896768
2021-04-23,-0.9997588065010331,-0.3826098353896768
2021-04-26,-0.9997588065010331,-0.3826098353896768
2021-04-27,-0.9997588065010331,-0.3826098353896768
2021-04-28,-0.9997588065010331,-0.3826098353896768
2021-04-29,-0.9997588065010331,-0.3826098353896768
2021-04-30,-1.0232940333954346,-0.31853280976351067
2021-05-03,-0.9999250723564304,-0.32593869276517246
2021-05-04,-0.9997708309402762,-0.32593869302283096
2021-05-05,-0.9997697770814838,-0.32593869302283096
2021-05-06,-0.9997697698792979,-0.32593869302283096
2021-05-07,-0.9997697698300774,-0.32593869302283096
2021-05-10,-0.9997697698297409,-0.32593869302283096
2021-05-11,-0.9997697698297386,-0.32593869302283096
2021-05-12,-0.9997697698297386,-0.32593869302283096
2021-05-13,-0.9997697698297386,-0.32593869302283096
2021-05-14,-0.9997697698297386,-0.32593869302283096
2021-05-17,-0.9997697698297386,-0.32593869302283096
2021-05-18,-0.9997697698297386,-0.32593869302283096
2021-05-19,-0.9997697698297386,-0.32593869302283096
2021-05-20,-0.9997697698297386,-0.32593869302283096
2021-05-21,-0.9997697698297386,-0.32593869302283096
2021-05-24,-0.9997697698297386,-0.32593869302283096
2021-05-25,-0.9997697698297386,-0.32593869302283096
2021-05-26,-0.9997697698297386,-0.32593869302283096
2021-05-27,-0.9997697698297386,-0.32593869302283096
2021-05-28,-0.9997697698297386,-0.32593869302283096
2021-05-31,-1.0029026531228686,0.00570223272435625
2021-06-01,-0.9997925067330308,0.00603150395835968
2021-06-02,-0.9997713510615167,0.006031503970403444
2021-06-03,-0.9997712064857396,0.006031503970403445
2021-06-04,-0.9997712054976915,0.006031503970403445
2021-06-07,-0.9997712054909391,0.006031503970403445
2021-06-08,-0.9997712054908929,0.006031503970403445
2021-06-09,-0.9997712054908926,0.006031503970403445
2021-06-10,-0.9997712054908926,0.006031503970403445
2021-06-11,-0.9997712054908926,0.006031503970403445
2021-06-14,-0.9997712054908926,0.006031503970403445
2021-06-15,-0.9997712054908926,0.006031503970403445
2021-06-16,-0.9997712054908926,0.006031503970403445
2021-06-17,-0.9997712054908926,0.006031503970403445
2021-06-18,-0.9997712054908926,0.006031503970403445
2021-06-21,-0.9997712054908926,0.006031503970403445
2021-06-22,-0.9997712054908926,0.006031503970403445
2021-06-23,-0.9997712054908926,0.006031503970403445
2021-06-24,-0.9997712054908926,0.006031503970403445
2021-06-25,-0.9997712054908926,0.006031503970403445
2021-06-28,-0.9997712054908926,0.006031503970403445
2021-06-29,-0.9997712054908926,0.006031503970403445
2021-06-30,-1.0005456672507136,9.009843797845265
2021-07-01,-0.9997768436758644,0.9938971907714873
2021-07-02,-0.999771595539144,0.9938971742723773
2021-07-05,-0.9997715596730323,0.9938971742723768
2021-07-06,-0.9997715594279191,0.9938971742723768
2021-07-07,-0.9997715594262441,0.9938971742723768
2021-07-08,-0.9997715594262325,0.9938971742723768
2021-07-09,-0.9997715594262325,0.9938971742723768
2021-07-12,-0.9997715594262325,0.9938971742723768
2021-07-13,-0.9997715594262325,0.9938971742723768
2021-07-14,-0.9997715594262325,0.9938971742723768
2021-07-15,-0.9997715594262325,0.9938971742723768
2021-07-16,-0.9997715594262325,0.9938971742723768
2021-07-19,-0.9997715594262325,0.9938971742723768
2021-07-20,-0.9997715594262325,0.9938971742723768
2021-07-21,-0.9997715594262325,0.9938971742723768
2021-07-22,-0.9997715594262325,0.9938971742723768
2021-07-23,-0.9997715594262325,0.9938971742723768
2021-07-26,-0.9997715594262325,0.9938971742723768
2021-07-27,-0.9997715594262325,0.9938971742723768
2021-07-28,-0.9997715594262325,0.9938971742723768
2021-07-29,-0.9997715594262325,0.9938971742723768
2021-07-30,-0.9997715594262325,0.9938971742723768
2021-08-02,-0.9931096120855999,1.0472797365395203
2021-08-03,-0.9997225222734157,0.9944984779715565
2021-08-04,-0.9997681712237928,0.9944984763294424
2021-08-05,-0.9997684832157107,0.9944984763294423
2021-08-06,-0.9997684853479019,0.9944984763294423
2021-08-09,-0.9997684853624735,0.9944984763294423
2021-08-10,-0.9997684853625731,0.9944984763294423
2021-08-11,-0.9997684853625738,0.9944984763294423
2021-08-12,-0.9997684853625738,0.9944984763294423
2021-08-13,-0.9997684853625738,0.9944984763294423
2021-08-16,-0.9997684853625738,0.9944984763294423
2021-08-17,-0.9997684853625738,0.9944984763294423
2021-08-18,-0.9997684853625738,0.9944984763294423
2021-08-19,-0.9997684853625738,0.9944984763294423
2021-08-20,-0.9997684853625738,0.9944984763294423
2021-08-23,-0.9997684853625738,0.9944984763294423
2021-08-24,-0.9997684853625738,0.9944984763294423
2021-08-25,-0.9997684853625738,0.9944984763294423
2021-08-26,-0.9997684853625738,0.9944984763294423
2021-08-27,-0.9997684853625738,0.9944984763294423
2021-08-30,-0.9997684853625738,0.9944984763294423
2021-08-31,-0.9997684853625738,0.9944984763294423
2021-09-01,-0.9997684853625738,0.9944984763294423
2021-09-02,-0.9997684853625738,0.9944984763294423
2021-09-03,-0.9997684853625738,0.9944984763294423
2021-09-06,-0.9997684853625738,0.9944984763294423
2021-09-07,-0.9997684853625738,0.9944984763294423
2021-09-08,-0.9997684853625738,0.9944984763294423
2021-09-09,-0.9997684853625738,0.9944984763294423
2021-09-10,-0.9997684853625738,0.9944984763294423
2021-09-13,-0.9997684853625738,0.9944984763294423
2021-09-14,-0.9997684853625738,0.9944984763294423
2021-09-15,-0.9997684853625738,0.9944984763294423
2021-09-16,-0.9997684853625738,0.9944984763294423
2021-09-17,-0.9997684853625738,0.9944984763294423
2021-09-20,-0.9997684853625738,0.9944984763294423
2021-09-21,-0.9997684853625738,0.9944984763294423
2021-09-22,-0.9997684853625738,0.9944984763294423
2021-09-23,-0.9997684853625738,0.9944984763294423
2021-09-24,-0.9997684853625738,0.9944984763294423
2021-09-27,-0.9997684853625738,0.9944984763294423
2021-09-28,-0.9997684853625738,0.9944984763294423
2021-09-29,-0.9997684853625738,0.9944984763294423
2021-09-30,-0.9706810780257641,2.503594107427415
2021-10-01,-0.9995467658109418,0.9991258442375386
2021-10-04,-0.9997529879764022,0.9991258301213609
2021-10-05,-0.9997543977625915,0.9991258301213604
2021-10-06,-0.9997544073972598,0.9991258301213604
2021-10-07,-0.9997544074631044,0.9991258301213604
2021-10-08,-0.9997544074635543,0.9991258301213604
2021-10-11,-0.9997544074635574,0.9991258301213604
2021-10-12,-0.9997544074635574,0.9991258301213604
2021-10-13,-0.9997544074635574,0.9991258301213604
2021-10-14,-0.9997544074635574,0.9991258301213604
2021-10-15,-0.9997544074635574,0.9991258301213604
2021-10-18,-0.9997544074635574,0.9991258301213604
2021-10-19,-0.9997544074635574,0.9991258301213604
2021-10-20,-0.9997544074635574,0.9991258301213604
2021-10-21,-0.9997544074635574,0.9991258301213604
2021-10-22,-0.9997544074635574,0.9991258301213604
2021-10-25,-0.9997544074635574,0.9991258301213604
2021-10-26,-0.9997544074635574,0.9991258301213604
2021-10-27,-0.9997544074635574,0.9991258301213604
2021-10-28,-0.9997544074635574,0.9991258301213604
2021-10-29,-0.9997544074635574,0.9991258301213604
2021-11-01,-0.9631673906328008,1.1062570391983382
2021-11-02,-0.9994711845094731,0.9992867710175859
2021-11-03,-0.9997335959064594,0.9992867679269933
2021-11-04,-0.9997353899685892,0.9992867679269933
2021-11-05,-0.9997354022294582,0.9992867679269933
2021-11-08,-0.9997354023132505,0.9992867679269933
2021-11-09,-0.9997354023138233,0.9992867679269933
2021-11-10,-0.9997354023138271,0.9992867679269933
2021-11-11,-0.9997354023138271,0.9992867679269933
2021-11-12,-0.9997354023138271,0.9992867679269933
2021-11-15,-0.9997354023138271,0.9992867679269933
2021-11-16,-0.9997354023138271,0.9992867679269933
2021-11-17,-0.9997354023138271,0.9992867679269933
2021-11-18,-0.9997354023138271,0.9992867679269933
2021-11-19,-0.9997354023138271,0.9992867679269933
2021-11-22,-0.9997354023138271,0.9992867679269933
2021-11-23,-0.9997354023138271,0.9992867679269933
2021-11-24,-0.9997354023138271,0.9992867679269933
2021-11-25,-0.9997354023138271,0.9992867679269933
2021-11-26,-0.9997354023138271,0.9992867679269933
2021-11-29,-0.9997354023138271,0.9992867679269933
2021-11-30,-1.0031030083233419,1.0125354317494069
2021-12-01,-0.9997600628968171,0.9993052912883356
2021-12-02,-0.9997373316605545,0.9993052908523501
2021-12-03,-0.9997371763178926,0.99930529085235
2021-12-06,-0.9997371752562626,0.99930529085235
2021-12-07,-0.9997371752490072,0.99930529085235
2021-12-08,-0.9997371752489577,0.99930529085235
2021-12-09,-0.9997371752489573,0.99930529085235
2021-12-10,-0.9997371752489573,0.99930529085235
2021-12-13,-0.9997371752489573,0.99930529085235
2021-12-14,-0.9997371752489573,0.99930529085235
2021-12-15,-0.9997371752489573,0.99930529085235
2021-12-16,-0.9997371752489573,0.99930529085235
2021-12-17,-0.9997371752489573,0.99930529085235
2021-12-20,-0.9997371752489573,0.99930529085235
2021-12-21,-0.9997371752489573,0.99930529085235
2021-12-22,-0.9997371752489573,0.99930529085235
2021-12-23,-0.9997371752489573,0.99930529085235
2021-12-24,-0.9997371752489573,0.99930529085235
2021-12-27,-0.9997371752489573,0.99930529085235
2021-12-28,-0.9997371752489573,0.99930529085235
2021-12-29,-0.9997371752489573,0.99930529085235
2021-12-30,-0.9997371752489573,0.99930529085235
2021-12-31,-1.0457781185584543,1.3899410261415
2022-01-03,-1.000053970267001,0.99964072673363
2022-01-04,-0.9997618092931855,0.9996407186238645
2022-01-05,-0.9997598135109009,0.9996407186238642
2022-01-06,-0.9997597998715264,0.9996407186238642
2022-01-07,-0.9997597997783132,0.9996407186238642
2022-01-10,-0.9997597997776762,0.9996407186238642
2022-01-11,-0.9997597997776719,0.9996407186238642
2022-01-12,-0.9997597997776717,0.9996407186238642
2022-01-13,-0.9997597997776717,0.9996407186238642
2022-01-14,-0.9997597997776717,0.9996407186238642
2022-01-17,-0.9997597997776717,0.9996407186238642
2022-01-18,-0.9997597997776717,0.9996407186238642
2022-01-19,-0.9997597997776717,0.9996407186238642
2022-01-20,-0.9997597997776717,0.9996407186238642
2022-01-21,-0.9997597997776717,0.9996407186238642
2022-01-24,-0.9997597997776717,0.9996407186238642
2022-01-25,-0.9997597997776717,0.9996407186238642
2022-01-26,-0.9997597997776717,0.9996407186238642
2022-01-27,-0.9997597997776717,0.9996407186238642
2022-01-28,-0.9997597997776717,0.9996407186238642
2022-01-31,-1.0194513848254882,0.9467859415430222
2022-02-01,-0.9998996534220941,0.9995995095110823
2022-02-02,-0.9997698791892722,0.9995995114374231
2022-02-03,-0.9997689924704278,0.9995995114374232
2022-02-04,-0.9997689864104929,0.9995995114374232
2022-02-07,-0.9997689863690786,0.9995995114374232
2022-02-08,-0.9997689863687956,0.9995995114374232
2022-02-09,-0.9997689863687937,0.9995995114374232
2022-02-10,-0.9997689863687937,0.9995995114374232
2022-02-11,-0.9997689863687937,0.9995995114374232
2022-02-14,-0.9997689863687937,0.9995995114374232
2022-02-15,-0.9997689863687937,0.9995995114374232
2022-02-16,-0.9997689863687937,0.9995995114374232
2022-02-17,-0.9997689863687937,0.9995995114374232
2022-02-18,-0.9997689863687937,0.9995995114374232
2022-02-21,-0.9997689863687937,0.9995995114374232
2022-02-22,-0.9997689863687937,0.9995995114374232
2022-02-23,-0.9997689863687937,0.9995995114374232
2022-02-24,-0.9997689863687937,0.9995995114374232
2022-02-25,-0.9997689863687937,0.9995995114374232
2022-02-28,-0.9966307777274799,0.9896754438571046
2022-03-01,-0.9997459921850457,0.9995914442232158
2022-03-02,-0.9997673825444133,0.9995914445615165
2022-03-03,-0.9997675287334193,0.9995914445615165
2022-03-04,-0.9997675297324928,0.9995914445615165
2022-03-07,-0.9997675297393205,0.9995914445615165
2022-03-08,-0.9997675297393672,0.9995914445615165
2022-03-09,-0.9997675297393677,0.9995914445615165
2022-03-10,-0.9997675297393677,0.9995914445615165
2022-03-11,-0.9997675297393677,0.9995914445615165
2022-03-14,-0.9997675297393677,0.9995914445615165
2022-03-15,-0.9997675297393677,0.9995914445615165
2022-03-16,-0.9997675297393677,0.9995914445615165
2022-03-17,-0.9997675297393677,0.9995914445615165
2022-03-18,-0.9997675297393677,0.9995914445615165
2022-03-21,-0.9997675297393677,0.9995914445615165
2022-03-22,-0.9997675297393677,0.9995914445615165
2022-03-23,-0.9997675297393677,0.9995914445615165
2022-03-24,-0.9997675297393677,0.9995914445615165
2022-03-25,-0.9997675297393677,0.9995914445615165
2022-03-28,-0.9997675297393677,0.9995914445615165
2022-03-29,-0.9997675297393677,0.9995914445615165
2022-03-30,-0.9997675297393677,0.9995914445615165
2022-03-31,-0.9985371458398226,0.017026424833388502
2022-04-01,-0.9997585365886515,0.5117763006459214
2022-04-04,-0.9997668991458069,0.5117840623812918
2022-04-05,-0.9997669562972479,0.5117840623815527
2022-04-06,-0.9997669566878277,0.5117840623815527
2022-04-07,-0.9997669566904969,0.5117840623815527
2022-04-08,-0.9997669566905152,0.5117840623815527
2022-04-11,-0.9997669566905154,0.5117840623815527
2022-04-12,-0.9997669566905154,0.5117840623815527
2022-04-13,-0.9997669566905154,0.5117840623815527
2022-04-14,-0.9997669566905154,0.5117840623815527
2022-04-15,-0.9997669566905154,0.5117840623815527
2022-04-18,-0.9997669566905154,0.5117840623815527
2022-04-19,-0.9997669566905154,0.5117840623815527
2022-04-20,-0.9997669566905154,0.5117840623815527
2022-04-21,-0.9997669566905154,0.5117840623815527
2022-04-22,-0.9997669566905154,0.5117840623815527
2022-04-25,-0.9997669566905154,0.5117840623815527
2022-04-26,-0.9997669566905154,0.5117840623815527
2022-04-27,-0.9997669566905154,0.5117840623815527
2022-04-28,-0.9997669566905154,0.5117840623815527
2022-04-29,-0.9997669566905154,0.5117840623815527
2022-05-02,-1.0015425907901976,-2.079251484324194
2022-05-03,-0.9997798792531106,-0.9242154892996863
2022-05-04,-0.9997678646718069,-0.9242154768369356
2022-05-05,-0.9997677825642068,-0.9242154768369353
2022-05-06,-0.9997677820030738,-0.9242154768369353
2022-05-09,-0.999767781999239,-0.9242154768369353
2022-05-10,-0.9997677819992128,-0.9242154768369353
2022-05-11,-0.9997677819992125,-0.9242154768369353
2022-05-12,-0.9997677819992125,-0.9242154768369353
2022-05-13,-0.9997677819992125,-0.9242154768369353
2022-05-16,-0.9997677819992125,-0.9242154768369353
2022-05-17,-0.9997677819992125,-0.9242154768369353
2022-05-18,-0.9997677819992125,-0.9242154768369353
2022-05-19,-0.9997677819992125,-0.9242154768369353
2022-05-20,-0.9997677819992125,-0.9242154768369353
2022-05-23,-0.9997677819992125,-0.9242154768369353
2022-05-24,-0.9997677819992125,-0.9242154768369353
2022-05-25,-0.9997677819992125,-0.9242154768369353
2022-05-26,-0.9997677819992125,-0.9242154768369353
2022-05-27,-0.9997677819992125,-0.9242154768369353
2022-05-30,-0.9997677819992125,-0.9242154768369353
2022-05-31,-0.9777346593414417,-1.8619356506399682
2022-06-01,-0.9996016103617236,-0.9796093428462381
2022-06-02,-0.9997561382931847,-0.9796093309408467
2022-06-03,-0.9997571946021799,-0.9796093309408463
2022-06-06,-0.9997572018211337,-0.9796093309408463
2022-06-07,-0.9997572018704689,-0.9796093309408463
2022-06-08,-0.9997572018708062,-0.9796093309408463
2022-06-09,-0.9997572018708085,-0.9796093309408463
2022-06-10,-0.9997572018708085,-0.9796093309408463
2022-06-13,-0.9997572018708085,-0.9796093309408463
2022-06-14,-0.9997572018708085,-0.9796093309408463
2022-06-15,-0.9997572018708085,-0.9796093309408463
2022-06-16,-0.9997572018708085,-0.9796093309408463
2022-06-17,-0.9997572018708085,-0.9796093309408463
2022-06-20,-0.9997572018708085,-0.9796093309408463
2022-06-21,-0.9997572018708085,-0.9796093309408463
2022-06-22,-0.9997572018708085,-0.9796093309408463
2022-06-23,-0.9997572018708085,-0.9796093309408463
2022-06-24,-0.9997572018708085,-0.9796093309408463
2022-06-27,-0.9997572018708085,-0.9796093309408463
2022-06-28,-0.9997572018708085,-0.9796093309408463
2022-06-29,-0.9997572018708085,-0.9796093309408463
2022-06-30,-0.9969041718987776,2.066017226042659
2022-07-01,-0.9997362390958764,0.9953048869837938
2022-07-04,-0.9997556769038687,0.9953048741396127
2022-07-05,-0.9997558097480812,0.9953048741396121
2022-07-06,-0.9997558106559549,0.9953048741396121
2022-07-07,-0.9997558106621592,0.9953048741396121
2022-07-08,-0.9997558106622018,0.9953048741396121
2022-07-11,-0.999755810662202,0.9953048741396121
2022-07-12,-0.999755810662202,0.9953048741396121
2022-07-13,-0.999755810662202,0.9953048741396121
2022-07-14,-0.999755810662202,0.9953048741396121
2022-07-15,-0.999755810662202,0.9953048741396121
2022-07-18,-0.999755810662202,0.9953048741396121
2022-07-19,-0.999755810662202,0.9953048741396121
2022-07-20,-0.999755810662202,0.9953048741396121
2022-07-21,-0.999755810662202,0.9953048741396121
2022-07-22,-0.999755810662202,0.9953048741396121
2022-07-25,-0.999755810662202,0.9953048741396121
2022-07-26,-0.999755810662202,0.9953048741396121
2022-07-27,-0.999755810662202,0.9953048741396121
2022-07-28,-0.999755810662202,0.9953048741396121
2022-07-29,-0.999755810662202,0.9953048741396121
2022-08-01,-0.9790665294961742,0.5769620816337783
2022-08-02,-0.9995995866238884,0.9862189731201163
2022-08-03,-0.9997443886889398,0.986219004970924
2022-08-04,-0.9997453785001353,0.986219004970925
2022-08-05,-0.9997453852646339,0.986219004970925
2022-08-08,-0.9997453853108632,0.986219004970925
2022-08-09,-0.9997453853111792,0.986219004970925
2022-08-10,-0.9997453853111814,0.986219004970925
2022-08-11,-0.9997453853111814,0.986219004970925
2022-08-12,-0.9997453853111814,0.986219004970925
2022-08-15,-0.9997453853111814,0.986219004970925
2022-08-16,-0.9997453853111814,0.986219004970925
2022-08-17,-0.9997453853111814,0.986219004970925
2022-08-18,-0.9997453853111814,0.986219004970925
2022-08-19,-0.9997453853111814,0.986219004970925
2022-08-22,-0.9997453853111814,0.986219004970925
2022-08-23,-0.9997453853111814,0.986219004970925
2022-08-24,-0.9997453853111814,0.986219004970925
2022-08-25,-0.9997453853111814,0.986219004970925
2022-08-26,-0.9997453853111814,0.986219004970925
2022-08-29,-0.9997453853111814,0.986219004970925
2022-08-30,-0.9997453853111814,0.986219004970925
2022-08-31,-0.9568801252747889,0.23172755210149568
2022-09-01,-0.9994094750711453,0.8138573691986598
2022-09-02,-0.9997199347587108,0.8138575242260965
2022-09-05,-0.9997220574729743,0.8138575242261017
2022-09-06,-0.9997220719799046,0.8138575242261017
2022-09-07,-0.9997220720790468,0.8138575242261017
2022-09-08,-0.9997220720797244,0.8138575242261017
2022-09-09,-0.999722072079729,0.8138575242261017
2022-09-12,-0.9997220720797291,0.8138575242261017
2022-09-13,-0.9997220720797291,0.8138575242261017
2022-09-14,-0.9997220720797291,0.8138575242261017
2022-09-15,-0.9997220720797291,0.8138575242261017
2022-09-16,-0.9997220720797291,0.8138575242261017
2022-09-19,-0.9997220720797291,0.8138575242261017
2022-09-20,-0.9997220720797291,0.8138575242261017
2022-09-21,-0.9997220720797291,0.8138575242261017
2022-09-22,-0.9997220720797291,0.8138575242261017
2022-09-23,-0.9997220720797291,0.8138575242261017
2022-09-26,-0.9997220720797291,0.8138575242261017
2022-09-27,-0.9997220720797291,0.8138575242261017
2022-09-28,-0.9997220720797291,0.8138575242261017
2022-09-29,-0.9997220720797291,0.8138575242261017
2022-09-30,-0.9203792861154271,-2.3060488227309235
2022-10-03,-0.9990587413100634,-0.9696904218463563
2022-10-04,-0.9996679168674556,-0.9696904084321586
2022-10-05,-0.9996720838808772,-0.969690408432158
2022-10-06,-0.9996721123589263,-0.969690408432158
2022-10-07,-0.9996721125535487,-0.969690408432158
2022-10-10,-0.9996721125548788,-0.969690408432158
2022-10-11,-0.9996721125548879,-0.969690408432158
2022-10-12,-0.9996721125548879,-0.969690408432158
2022-10-13,-0.9996721125548879,-0.969690408432158
2022-10-14,-0.9996721125548879,-0.969690408432158
2022-10-17,-0.9996721125548879,-0.969690408432158
2022-10-18,-0.9996721125548879,-0.969690408432158
2022-10-19,-0.9996721125548879,-0.969690408432158
2022-10-20,-0.9996721125548879,-0.969690408432158
2022-10-21,-0.9996721125548879,-0.969690408432158
2022-10-24,-0.9996721125548879,-0.969690408432158
2022-10-25,-0.9996721125548879,-0.969690408432158
2022-10-26,-0.9996721125548879,-0.969690408432158
2022-10-27,-0.9996721125548879,-0.969690408432158
2022-10-28,-0.9996721125548879,-0.969690408432158
2022-10-31,-0.9510122502760668,-1.5190652404778662
2022-11-01,-0.9992796780680371,-0.987309856096443
2022-11-02,-0.9996352708871303,-0.987309846513588
2022-11-03,-0.9996377023573034,-0.9873098465135877
2022-11-04,-0.9996377189743234,-0.9873098465135877
2022-11-07,-0.9996377190878862,-0.9873098465135877
2022-11-08,-0.9996377190886622,-0.9873098465135877
2022-11-09,-0.9996377190886675,-0.9873098465135877
2022-11-10,-0.9996377190886676,-0.9873098465135877
2022-11-11,-0.9996377190886676,-0.9873098465135877
2022-11-14,-0.9996377190886676,-0.9873098465135877
2022-11-15,-0.9996377190886676,-0.9873098465135877
2022-11-16,-0.9996377190886676,-0.9873098465135877
2022-11-17,-0.9996377190886676,-0.9873098465135877
2022-11-18,-0.9996377190886676,-0.9873098465135877
2022-11-21,-0.9996377190886676,-0.9873098465135877
2022-11-22,-0.9996377190886676,-0.9873098465135877
2022-11-23,-0.9996377190886676,-0.9873098465135877
2022-11-24,-0.9996377190886676,-0.9873098465135877
2022-11-25,-0.9996377190886676,-0.9873098465135877
2022-11-28,-0.9996377190886676,-0.9873098465135877
2022-11-29,-0.9996377190886676,-0.9873098465135877
2022-11-30,-0.9445844241013414,-1.7672311258202422
2022-12-01,-0.9991851140852708,-0.9959867595636659
2022-12-02,-0.9995914870270827,-0.9959867481425031
2022-12-05,-0.9995942659345921,-0.9959867481425028
2022-12-06,-0.9995942849260592,-0.9959867481425028
2022-12-07,-0.999594285055849,-0.9959867481425028
2022-12-08,-0.9995942850567362,-0.9959867481425028
2022-12-09,-0.9995942850567421,-0.9959867481425028
2022-12-12,-0.9995942850567421,-0.9959867481425028
2022-12-13,-0.9995942850567421,-0.9959867481425028
2022-12-14,-0.9995942850567421,-0.9959867481425028
2022-12-15,-0.9995942850567421,-0.9959867481425028
2022-12-16,-0.9995942850567421,-0.9959867481425028
2022-12-19,-0.9995942850567421,-0.9959867481425028
2022-12-20,-0.9995942850567421,-0.9959867481425028
2022-12-21,-0.9995942850567421,-0.9959867481425028
2022-12-22,-0.9995942850567421,-0.9959867481425028
2022-12-23,-0.9995942850567421,-0.9959867481425028
2022-12-26,-0.9995942850567421,-0.9959867481425028
2022-12-27,-0.9995942850567421,-0.9959867481425028
2022-12-28,-0.9995942850567421,-0.9959867481425028
2022-12-29,-0.9995942850567421,-0.9959867481425028
2022-12-30,-0.9995942850567421,-0.9959867481425028
2023-01-02,-1.034589853976173,-0.9374391600081142
2023-01-03,-0.9998483300553943,-0.9954733052591652
2023-01-04,-0.9996228040106593,-0.9954733073945473
2023-01-05,-0.9996212632636081,-0.9954733073945473
2023-01-06,-0.9996212527339824,-0.9954733073945473
2023-01-09,-0.9996212526620217,-0.9954733073945473
2023-01-10,-0.99962125266153,-0.9954733073945473
2023-01-11,-0.9996212526615266,-0.9954733073945473
2023-01-12,-0.9996212526615265,-0.9954733073945473
2023-01-13,-0.9996212526615265,-0.9954733073945473
2023-01-16,-0.9996212526615265,-0.9954733073945473
2023-01-17,-0.9996212526615265,-0.9954733073945473
2023-01-18,-0.9996212526615265,-0.9954733073945473
2023-01-19,-0.9996212526615265,-0.9954733073945473
2023-01-20,-0.9996212526615265,-0.9954733073945473
2023-01-23,-0.9996212526615265,-0.9954733073945473
2023-01-24,-0.9996212526615265,-0.9954733073945473
2023-01-25,-0.9996212526615265,-0.9954733073945473
2023-01-26,-0.9996212526615265,-0.9954733073945473
2023-01-27,-0.9996212526615265,-0.9954733073945473
2023-01-30,-0.9996212526615265,-0.9954733073945473
2023-01-31,-1.0004768600312084,-1.8234553667384978
2023-02-01,-0.9996277352926661,-0.9986444275624347
2023-02-02,-0.9996219397083451,-0.9986444158138996
2023-02-03,-0.9996219001009733,-0.9986444158138993
2023-02-06,-0.9996218998302917,-0.9986444158138993
2023-02-07,-0.999621899828442,-0.9986444158138993
2023-02-08,-0.9996218998284293,-0.9986444158138993
2023-02-09,-0.9996218998284292,-0.9986444158138993
2023-02-10,-0.9996218998284292,-0.9986444158138993
2023-02-13,-0.9996218998284292,-0.9986444158138993
2023-02-14,-0.9996218998284292,-0.9986444158138993
2023-02-15,-0.9996218998284292,-0.9986444158138993
2023-02-16,-0.9996218998284292,-0.9986444158138993
2023-02-17,-0.9996218998284292,-0.9986444158138993
2023-02-20,-0.9996218998284292,-0.9986444158138993
2023-02-21,-0.9996218998284292,-0.9986444158138993
2023-02-22,-0.9996218998284292,-0.9986444158138993
2023-02-23,-0.9996218998284292,-0.9986444158138993
2023-02-24,-0.9996218998284292,-0.9986444158138993
2023-02-27,-0.9996218998284292,-0.9986444158138993
2023-02-28,-0.9393628662538943,-1.2725366201187305
2023-03-01,-0.9991202913444694,-0.9991644993823491
2023-03-02,-0.9995687783434016,-0.9991644929430563
2023-03-03,-0.9995718454355318,-0.9991644929430562
2023-03-06,-0.9995718663965046,-0.9991644929430562
2023-03-07,-0.9995718665397544,-0.9991644929430562
2023-03-08,-0.9995718665407334,-0.9991644929430562
2023-03-09,-0.99957186654074,-0.9991644929430562
2023-03-10,-0.99957186654074,-0.9991644929430562
2023-03-13,-0.99957186654074,-0.9991644929430562
2023-03-14,-0.99957186654074,-0.9991644929430562
2023-03-15,-0.99957186654074,-0.9991644929430562
2023-03-16,-0.99957186654074,-0.9991644929430562
2023-03-17,-0.99957186654074,-0.9991644929430562
2023-03-20,-0.99957186654074,-0.9991644929430562
2023-03-21,-0.99957186654074,-0.9991644929430562
2023-03-22,-0.99957186654074,-0.9991644929430562
2023-03-23,-0.99957186654074,-0.9991644929430562
2023-03-24,-0.99957186654074,-0.9991644929430562
2023-03-27,-0.99957186654074,-0.9991644929430562
2023-03-28,-0.99957186654074,-0.9991644929430562
2023-03-29,-0.99957186654074,-0.9991644929430562
2023-03-30,-0.99957186654074,-0.9991644929430562
2023-03-31,-0.917738415040216,-2.8636415855377937
2023-04-03,-0.9988571876567086,-0.9998981731097756
2023-04-04,-0.9994878271758838,-0.9998981583552149
2023-04-05,-0.999492141152434,-0.9998981583552142
2023-04-06,-0.9994921706348596,-0.9998981583552142
2023-04-07,-0.9994921708363461,-0.9998981583552142
2023-04-10,-0.999492170837723,-0.9998981583552142
2023-04-11,-0.9994921708377326,-0.9998981583552142
2023-04-12,-0.9994921708377326,-0.9998981583552142
2023-04-13,-0.9994921708377326,-0.9998981583552142
2023-04-14,-0.9994921708377326,-0.9998981583552142
2023-04-17,-0.9994921708377326,-0.9998981583552142
2023-04-18,-0.9994921708377326,-0.9998981583552142
2023-04-19,-0.9994921708377326,-0.9998981583552142
2023-04-20,-0.9994921708377326,-0.9998981583552142
2023-04-21,-0.9994921708377326,-0.9998981583552142
2023-04-24,-0.9994921708377326,-0.9998981583552142
2023-04-25,-0.9994921708377326,-0.9998981583552142
2023-04-26,-0.9994921708377326,-0.9998981583552142
2023-04-27,-0.9994921708377326,-0.9998981583552142
2023-04-28,-0.9994921708377326,-0.9998981583552142
2023-05-01,-0.9620598248140019,-1.1222347936698063
2023-05-02,-0.9991813939841933,-0.9999191495549253
2023-05-03,-0.99945006775027,-0.9999191460916051
2023-05-04,-0.9994519046447475,-0.9999191460916049
2023-05-05,-0.9994519171983396,-0.9999191460916049
2023-05-08,-0.9994519172841323,-0.9999191460916049
2023-05-09,-0.9994519172847188,-0.9999191460916049
2023-05-10,-0.9994519172847227,-0.9999191460916049
2023-05-11,-0.9994519172847227,-0.9999191460916049
2023-05-12,-0.9994519172847227,-0.9999191460916049
2023-05-15,-0.9994519172847227,-0.9999191460916049
2023-05-16,-0.9994519172847227,-0.9999191460916049
2023-05-17,-0.9994519172847227,-0.9999191460916049
2023-05-18,-0.9994519172847227,-0.9999191460916049
2023-05-19,-0.9994519172847227,-0.9999191460916049
2023-05-22,-0.9994519172847227,-0.9999191460916049
2023-05-23,-0.9994519172847227,-0.9999191460916049
2023-05-24,-0.9994519172847227,-0.9999191460916049
2023-05-25,-0.9994519172847227,-0.9999191460916049
2023-05-26,-0.9994519172847227,-0.9999191460916049
2023-05-29,-0.9994519172847227,-0.9999191460916049
2023-05-30,-0.9994519172847227,-0.9999191460916049
2023-05-31,-0.9220683209683471,-1.0712861332722508
2023-06-01,-0.998760228559534,-0.9999295589096051
2023-06-02,-0.9993520786032506,-0.9999295567456208
2023-06-05,-0.9993561269980777,-0.9999295567456208
2023-06-06,-0.9993561546654631,-0.9999295567456208
2023-06-07,-0.9993561548545452,-0.9999295567456208
2023-06-08,-0.9993561548558375,-0.9999295567456208
2023-06-09,-0.9993561548558465,-0.9999295567456208
2023-06-12,-0.9993561548558465,-0.9999295567456208
2023-06-13,-0.9993561548558465,-0.9999295567456208
2023-06-14,-0.9993561548558465,-0.9999295567456208
2023-06-15,-0.9993561548558465,-0.9999295567456208
2023-06-16,-0.9993561548558465,-0.9999295567456208
2023-06-19,-0.9993561548558465,-0.9999295567456208
2023-06-20,-0.9993561548558465,-0.9999295567456208
2023-06-21,-0.9993561548558465,-0.9999295567456208
2023-06-22,-0.9993561548558465,-0.9999295567456208
2023-06-23,-0.9993561548558465,-0.9999295567456208
2023-06-26,-0.9993561548558465,-0.9999295567456208
2023-06-27,-0.9993561548558465,-0.9999295567456208
2023-06-28,-0.9993561548558465,-0.9999295567456208
2023-06-29,-0.9993561548558465,-0.9999295567456208
2023-06-30,-0.9066796243596846,-1.1676682781040695
2023-07-03,-0.9984862412042725,-0.9999483405247318
2023-07-04,-0.9992129621612114,-0.9999483360440707
2023-07-05,-0.9992179341199443,-0.9999483360440705
2023-07-06,-0.9992179680991622,-0.9999483360440705
2023-07-07,-0.9992179683313802,-0.9999483360440705
2023-07-10,-0.9992179683329673,-0.9999483360440705
2023-07-11,-0.9992179683329782,-0.9999483360440705
2023-07-12,-0.9992179683329783,-0.9999483360440705
2023-07-13,-0.9992179683329783,-0.9999483360440705
2023-07-14,-0.9992179683329783,-0.9999483360440705
2023-07-17,-0.9992179683329783,-0.9999483360440705
2023-07-18,-0.9992179683329783,-0.9999483360440705
2023-07-19,-0.9992179683329783,-0.9999483360440705
2023-07-20,-0.9992179683329783,-0.9999483360440705
2023-07-21,-0.9992179683329783,-0.9999483360440705
2023-07-24,-0.9992179683329783,-0.9999483360440705
2023-07-25,-0.9992179683329783,-0.9999483360440705
2023-07-26,-0.9992179683329783,-0.9999483360440705
2023-07-27,-0.9992179683329783,-0.9999483360440705
2023-07-28,-0.9992179683329783,-0.9999483360440705
2023-07-31,-0.9595760329726005,-1.0545743007113857
2023-08-01,-0.9988647968094445,-0.9999535494162164
2023-08-02,-0.9991501386180996,-0.9999535477205849
2023-08-03,-0.9991520895196485,-0.9999535477205849
2023-08-04,-0.9991521028523831,-0.9999535477205849
2023-08-07,-0.9991521029435005,-0.9999535477205849
2023-08-08,-0.9991521029441232,-0.9999535477205849
2023-08-09,-0.9991521029441275,-0.9999535477205849
2023-08-10,-0.9991521029441275,-0.9999535477205849
2023-08-11,-0.9991521029441275,-0.9999535477205849
2023-08-14,-0.9991521029441275,-0.9999535477205849
2023-08-15,-0.9991521029441275,-0.9999535477205849
2023-08-16,-0.9991521029441275,-0.9999535477205849
2023-08-17,-0.9991521029441275,-0.9999535477205849
2023-08-18,-0.9991521029441275,-0.9999535477205849
2023-08-21,-0.9991521029441275,-0.9999535477205849
2023-08-22,-0.9991521029441275,-0.9999535477205849
2023-08-23,-0.9991521029441275,-0.9999535477205849
2023-08-24,-0.9991521029441275,-0.9999535477205849
2023-08-25,-0.9991521029441275,-0.9999535477205849
2023-08-28,-0.9991521029441275,-0.9999535477205849
2023-08-29,-0.9991521029441275,-0.9999535477205849
2023-08-30,-0.9991521029441275,-0.9999535477205849
2023-08-31,-0.908926229511153,-1.050661546837737
2023-09-01,-0.9982665554203224,-0.9999579231516733
2023-09-04,-0.9989708322207753,-0.9999579215689083
2023-09-05,-0.9989756504624605,-0.9999579215689083
2023-09-06,-0.9989756833911423,-0.9999579215689083
2023-09-07,-0.9989756836161807,-0.9999579215689083
2023-09-08,-0.9989756836177187,-0.9999579215689083
2023-09-11,-0.9989756836177291,-0.9999579215689083
2023-09-12,-0.9989756836177294,-0.9999579215689083
2023-09-13,-0.9989756836177294,-0.9999579215689083
2023-09-14,-0.9989756836177294,-0.9999579215689083
2023-09-15,-0.9989756836177294,-0.9999579215689083
2023-09-18,-0.9989756836177294,-0.9999579215689083
2023-09-19,-0.9989756836177294,-0.9999579215689083
2023-09-20,-0.9989756836177294,-0.9999579215689083
2023-09-21,-0.9989756836177294,-0.9999579215689083
2023-09-22,-0.9989756836177294,-0.9999579215689083
2023-09-25,-0.9989756836177294,-0.9999579215689083
2023-09-26,-0.9989756836177294,-0.9999579215689083
2023-09-27,-0.9989756836177294,-0.9999579215689083
2023-09-28,-0.9989756836177294,-0.9999579215689083
2023-09-29,-0.9989756836177294,-0.9999579215689083
2023-10-02,-0.9834149097308528,-1.0129849044224972
2023-10-03,-0.9988344327104948,-0.9999589968180272
2023-10-04,-0.9989423204548086,-0.999958996388637
2023-10-05,-0.9989430578928791,-0.999958996388637
2023-10-06,-0.9989430629326251,-0.999958996388637
2023-10-09,-0.9989430629670674,-0.999958996388637
2023-10-10,-0.9989430629673027,-0.999958996388637
2023-10-11,-0.9989430629673043,-0.999958996388637
2023-10-12,-0.9989430629673043,-0.999958996388637
2023-10-13,-0.9989430629673043,-0.999958996388637
2023-10-16,-0.9989430629673043,-0.999958996388637
2023-10-17,-0.9989430629673043,-0.999958996388637
2023-10-18,-0.9989430629673043,-0.999958996388637
2023-10-19,-0.9989430629673043,-0.999958996388637
2023-10-20,-0.9989430629673043,-0.999958996388637
2023-10-23,-0.9989430629673043,-0.999958996388637
2023-10-24,-0.9989430629673043,-0.999958996388637
2023-10-25,-0.9989430629673043,-0.999958996388637
2023-10-26,-0.9989430629673043,-0.999958996388637
2023-10-27,-0.9989430629673043,-0.999958996388637
2023-10-30,-0.9989430629673043,-0.999958996388637
2023-10-31,-0.9643037557390071,-1.0259729744553128
2023-11-01,-0.9986169376354764,-0.9999610492689778
2023-11-02,-0.9988641947713234,-0.9999610484276883
2023-11-03,-0.9988658851881842,-0.9999610484276883
2023-11-06,-0.9988658967407252,-0.9999610484276883
2023-11-07,-0.9988658968196767,-0.9999610484276883
2023-11-08,-0.9988658968202164,-0.9999610484276883
2023-11-09,-0.99886589682022,-0.9999610484276883
2023-11-10,-0.99886589682022,-0.9999610484276883
2023-11-13,-0.99886589682022,-0.9999610484276883
2023-11-14,-0.99886589682022,-0.9999610484276883
2023-11-15,-0.99886589682022,-0.9999610484276883
2023-11-16,-0.99886589682022,-0.9999610484276883
2023-11-17,-0.99886589682022,-0.9999610484276883
2023-11-20,-0.99886589682022,-0.9999610484276883
2023-11-21,-0.99886589682022,-0.9999610484276883
2023-11-22,-0.99886589682022,-0.9999610484276883
2023-11-23,-0.99886589682022,-0.9999610484276883
2023-11-24,-0.99886589682022,-0.9999610484276883
2023-11-27,-0.99886589682022,-0.9999610484276883
2023-11-28,-0.99886589682022,-0.9999610484276883
2023-11-29,-0.99886589682022,-0.9999610484276883
2023-11-30,-0.9362613464942631,-1.0278213491588133
2023-12-01,-0.9982393682274779,-0.9999631313848869
2023-12-04,-0.9987062471965746,-0.9999631304862997
2023-12-05,-0.9987094401575797,-0.9999631304862997
2023-12-06,-0.9987094619787636,-0.9999631304862997
2023-12-07,-0.998709462127892,-0.9999631304862997
2023-12-08,-0.9987094621289113,-0.9999631304862997
2023-12-11,-0.9987094621289182,-0.9999631304862997
2023-12-12,-0.9987094621289184,-0.9999631304862997
2023-12-13,-0.9987094621289184,-0.9999631304862997
2023-12-14,-0.9987094621289184,-0.9999631304862997
2023-12-15,-0.9987094621289184,-0.9999631304862997
2023-12-18,-0.9987094621289184,-0.9999631304862997
2023-12-19,-0.9987094621289184,-0.9999631304862997
2023-12-20,-0.9987094621289184,-0.9999631304862997
2023-12-21,-0.9987094621289184,-0.9999631304862997
2023-12-22,-0.9987094621289184,-0.9999631304862997
2023-12-25,-0.9987094621289184,-0.9999631304862997
2023-12-26,-0.9987094621289184,-0.9999631304862997
2023-12-27,-0.9987094621289184,-0.9999631304862997
2023-12-28,-0.9987094621289184,-0.9999631304862997
2023-12-29,-0.9987094621289184,-0.9999631304862997
2024-01-01,-1.0157568016620426,-1.139393697336232
2024-01-02,-0.9988656641955235,-0.9999716017932493
2024-01-03,-0.9987531106011479,-0.9999715979323104
2024-01-04,-0.9987523415272757,-0.9999715979323104
2024-01-05,-0.9987523362713385,-0.9999715979323104
2024-01-08,-0.998752336235419,-0.9999715979323104
2024-01-09,-0.9987523362351735,-0.9999715979323104
2024-01-10,-0.9987523362351717,-0.9999715979323104
2024-01-11,-0.9987523362351717,-0.9999715979323104
2024-01-12,-0.9987523362351717,-0.9999715979323104
2024-01-15,-0.9987523362351717,-0.9999715979323104
2024-01-16,-0.9987523362351717,-0.9999715979323104
2024-01-17,-0.9987523362351717,-0.9999715979323104
2024-01-18,-0.9987523362351717,-0.9999715979323104
2024-01-19,-0.9987523362351717,-0.9999715979323104
2024-01-22,-0.9987523362351717,-0.9999715979323104
2024-01-23,-0.9987523362351717,-0.9999715979323104
2024-01-24,-0.9987523362351717,-0.9999715979323104
2024-01-25,-0.9987523362351717,-0.9999715979323104
2024-01-26,-0.9987523362351717,-0.9999715979323104
2024-01-29,-0.9987523362351717,-0.9999715979323104
2024-01-30,-0.9987523362351717,-0.9999715979323104
2024-01-31,-1.0960931323329925,-1.0184168189211034
2024-02-01,-0.9995424402104538,-0.999972617415045
2024-02-02,-0.9989677214297188,-0.9999726168118771
2024-02-05,-0.9989637971426221,-0.9999726168118771
2024-02-06,-0.9989637703237325,-0.9999726168118771
2024-02-07,-0.9989637701404489,-0.9999726168118771
2024-02-08,-0.9989637701391965,-0.9999726168118771
2024-02-09,-0.9989637701391879,-0.9999726168118771
2024-02-12,-0.9989637701391877,-0.9999726168118771
2024-02-13,-0.9989637701391877,-0.9999726168118771
2024-02-14,-0.9989637701391877,-0.9999726168118771
2024-02-15,-0.9989637701391877,-0.9999726168118771
2024-02-16,-0.9989637701391877,-0.9999726168118771
2024-02-19,-0.9989637701391877,-0.9999726168118771
2024-02-20,-0.9989637701391877,-0.9999726168118771
2024-02-21,-0.9989637701391877,-0.9999726168118771
2024-02-22,-0.9989637701391877,-0.9999726168118771
2024-02-23,-0.9989637701391877,-0.9999726168118771
2024-02-26,-0.9989637701391877,-0.9999726168118771
2024-02-27,-0.9989637701391877,-0.9999726168118771
2024-02-28,-0.9989637701391877,-0.9999726168118771
2024-02-29,-1.0521587529970133,-0.9792106724544442
2024-03-01,-0.9994017688563916,-0.9999714433261161
2024-03-04,-0.9990680529575354,-0.9999714440462295
2024-03-05,-0.9990657734530367,-0.9999714440462295
2024-03-06,-0.999065757874683,-0.9999714440462295
2024-03-07,-0.9990657577682188,-0.9999714440462295
2024-03-08,-0.9990657577674912,-0.9999714440462295
2024-03-11,-0.9990657577674863,-0.9999714440462295
2024-03-12,-0.9990657577674861,-0.9999714440462295
2024-03-13,-0.9990657577674861,-0.9999714440462295
2024-03-14,-0.9990657577674861,-0.9999714440462295
2024-03-15,-0.9990657577674861,-0.9999714440462295
2024-03-18,-0.9990657577674861,-0.9999714440462295
2024-03-19,-0.9990657577674861,-0.9999714440462295
2024-03-20,-0.9990657577674861,-0.9999714440462295
2024-03-21,-0.9990657577674861,-0.9999714440462295
2024-03-22,-0.9990657577674861,-0.9999714440462295
2024-03-25,-0.9990657577674861,-0.9999714440462295
2024-03-26,-0.9990657577674861,-0.9999714440462295
2024-03-27,-0.9990657577674861,-0.9999714440462295
2024-03-28,-0.9990657577674861,-0.9999714440462295
2024-03-29,-0.9990657577674861,-0.9999714440462295
2024-04-01,-1.23249262279337,-0.5463080079290168
2024-04-02,-1.000557503076544,-0.9999043334351534
2024-04-03,-0.9993938250713822,-0.9999043729225353
2024-04-04,-0.9993858863193553,-0.9999043729225366
2024-04-05,-0.9993858320656221,-0.9999043729225366
2024-04-08,-0.9993858316948457,-0.9999043729225366
2024-04-09,-0.9993858316923118,-0.9999043729225366
2024-04-10,-0.9993858316922944,-0.9999043729225366
2024-04-11,-0.9993858316922943,-0.9999043729225366
2024-04-12,-0.9993858316922943,-0.9999043729225366
2024-04-15,-0.9993858316922943,-0.9999043729225366
2024-04-16,-0.9993858316922943,-0.9999043729225366
2024-04-17,-0.9993858316922943,-0.9999043729225366
2024-04-18,-0.9993858316922943,-0.9999043729225366
2024-04-19,-0.9993858316922943,-0.9999043729225366
2024-04-22,-0.9993858316922943,-0.9999043729225366
2024-04-23,-0.9993858316922943,-0.9999043729225366
2024-04-24,-0.9993858316922943,-0.9999043729225366
2024-04-25,-0.9993858316922943,-0.9999043729225366
2024-04-26,-0.9993858316922943,-0.9999043729225366
2024-04-29,-0.9993858316922943,-0.9999043729225366
2024-04-30,-1.0326865568154169,-1.012313323733951
2024-05-01,-0.9996412902150036,-0.9999067026401084
2024-05-02,-0.9994262485491734,-0.9999067022307584
2024-05-03,-0.9994247794060481,-0.9999067022307584
2024-05-06,-0.9994247693657701,-0.9999067022307584
2024-05-07,-0.9994247692971535,-0.9999067022307584
2024-05-08,-0.9994247692966847,-0.9999067022307584
2024-05-09,-0.9994247692966814,-0.9999067022307584
2024-05-10,-0.9994247692966812,-0.9999067022307584
2024-05-13,-0.9994247692966812,-0.9999067022307584
2024-05-14,-0.9994247692966812,-0.9999067022307584
2024-05-15,-0.9994247692966812,-0.9999067022307584
2024-05-16,-0.9994247692966812,-0.9999067022307584
2024-05-17,-0.9994247692966812,-0.9999067022307584
2024-05-20,-0.9994247692966812,-0.9999067022307584
2024-05-21,-0.9994247692966812,-0.9999067022307584
2024-05-22,-0.9994247692966812,-0.9999067022307584
2024-05-23,-0.9994247692966812,-0.9999067022307584
2024-05-24,-0.9994247692966812,-0.9999067022307584
2024-05-27,-0.9994247692966812,-0.9999067022307584
2024-05-28,-0.9994247692966812,-0.9999067022307584
2024-05-29,-0.9994247692966812,-0.9999067022307584
2024-05-30,-0.9994247692966812,-0.9999067022307584
2024-05-31,-0.9994247692966812,-0.9999067022307584
2024-06-03,-0.9994247692966812,-0.9999067022307584
2024-06-04,-0.9994247692966812,-0.9999067022307584
2024-06-05,-0.9994247692966812,-0.9999067022307584
2024-06-06,-0.9994247692966812,-0.9999067022307584
2024-06-07,-0.9994247692966812,-0.9999067022307584
2024-06-10,-0.9994247692966812,-0.9999067022307584
2024-06-11,-0.9994247692966812,-0.9999067022307584
2024-06-12,-0.9994247692966812,-0.9999067022307584
2024-06-13,-0.9994247692966812,-0.9999067022307584
2024-06-14,-0.9994247692966812,-0.9999067022307584
2024-06-17,-0.9994247692966812,-0.9999067022307584
2024-06-18,-0.9994247692966812,-0.9999067022307584
2024-06-19,-0.9994247692966812,-0.9999067022307584
2024-06-20,-0.9994247692966812,-0.9999067022307584
2024-06-21,-0.9994247692966812,-0.9999067022307584
2024-06-24,-0.9994247692966812,-0.9999067022307584
2024-06-25,-0.9994247692966812,-0.9999067022307584
2024-06-26,-0.9994247692966812,-0.9999067022307584
2024-06-27,-0.9994247692966812,-0.9999067022307584
2024-06-28,-0.9994247692966812,-0.9999067022307584
2024-07-01,-1.0351497326721266,-0.8634279459714023
2024-07-02,-0.9996952535324338,-0.9998748824935061
2024-07-03,-0.9994653389681188,-0.9998748882238016
2024-07-04,-0.9994637682501117,-0.9998748882238018
2024-07-05,-0.9994637575156619,-0.9998748882238018
2024-07-08,-0.9994637574423013,-0.9998748882238018
2024-07-09,-0.9994637574417999,-0.9998748882238018
2024-07-10,-0.9994637574417965,-0.9998748882238018
2024-07-11,-0.9994637574417965,-0.9998748882238018
2024-07-12,-0.9994637574417965,-0.9998748882238018
2024-07-15,-0.9994637574417965,-0.9998748882238018
2024-07-16,-0.9994637574417965,-0.9998748882238018
2024-07-17,-0.9994637574417965,-0.9998748882238018
2024-07-18,-0.9994637574417965,-0.9998748882238018
2024-07-19,-0.9994637574417965,-0.9998748882238018
2024-07-22,-0.9994637574417965,-0.9998748882238018
2024-07-23,-0.9994637574417965,-0.9998748882238018
2024-07-24,-0.9994637574417965,-0.9998748882238018
2024-07-25,-0.9994637574417965,-0.9998748882238018
2024-07-26,-0.9994637574417965,-0.9998748882238018
2024-07-29,-0.9994637574417965,-0.9998748882238018
2024-07-30,-0.9994637574417965,-0.9998748882238018
2024-07-31,-1.0060938768248169,-0.9774416404493268
2024-08-01,-0.9995156161901582,-0.9998690805541247
2024-08-02,-0.9994711024982343,-0.999869081334049
2024-08-05,-0.9994707983067836,-0.999869081334049
2024-08-06,-0.9994707962279036,-0.999869081334049
2024-08-07,-0.9994707962136964,-0.999869081334049
2024-08-08,-0.9994707962135992,-0.999869081334049
2024-08-09,-0.9994707962135987,-0.999869081334049
2024-08-12,-0.9994707962135987,-0.999869081334049
2024-08-13,-0.9994707962135987,-0.999869081334049
2024-08-14,-0.9994707962135987,-0.999869081334049
2024-08-15,-0.9994707962135987,-0.999869081334049
2024-08-16,-0.9994707962135987,-0.999869081334049
2024-08-19,-0.9994707962135987,-0.999869081334049
2024-08-20,-0.9994707962135987,-0.999869081334049
2024-08-21,-0.9994707962135987,-0.999869081334049
2024-08-22,-0.9994707962135987,-0.999869081334049
2024-08-23,-0.9994707962135987,-0.999869081334049
2024-08-26,-0.9994707962135987,-0.999869081334049
2024-08-27,-0.9994707962135987,-0.999869081334049
2024-08-28,-0.9994707962135987,-0.999869081334049
2024-08-29,-0.9994707962135987,-0.999869081334049
2024-08-30,-0.9994707962135987,-0.999869081334049
2024-09-02,-1.0184813175106002,-0.9771646415427075
2024-09-03,-0.999616555613292,-0.9998629280936816
2024-09-04,-0.9994912150121519,-0.9998629288833544
2024-09-05,-0.9994903585816497,-0.9998629288833544
2024-09-06,-0.9994903527287085,-0.9998629288833544
2024-09-09,-0.9994903526887088,-0.9998629288833544
2024-09-10,-0.9994903526884353,-0.9998629288833544
2024-09-11,-0.9994903526884336,-0.9998629288833544
2024-09-12,-0.9994903526884336,-0.9998629288833544
2024-09-13,-0.9994903526884336,-0.9998629288833544
2024-09-16,-0.9994903526884336,-0.9998629288833544
2024-09-17,-0.9994903526884336,-0.9998629288833544
2024-09-18,-0.9994903526884336,-0.9998629288833544
2024-09-19,-0.9994903526884336,-0.9998629288833544
2024-09-20,-0.9994903526884336,-0.9998629288833544
2024-09-23,-0.9994903526884336,-0.9998629288833544
2024-09-24,-0.9994903526884336,-0.9998629288833544
2024-09-25,-0.9994903526884336,-0.9998629288833544
2024-09-26,-0.9994903526884336,-0.9998629288833544
2024-09-27,-0.9994903526884336,-0.9998629288833544
2024-09-30,-0.9098395795344077,-1.1329726340820923
2024-10-01,-0.9986805393966166,-0.999893240338364
2024-10-02,-0.9993802456543691,-0.9998932366227937
2024-10-03,-0.9993850325919478,-0.9998932366227936
2024-10-04,-0.9993850653066901,-0.9998932366227936
2024-10-07,-0.9993850655302666,-0.9998932366227936
2024-10-08,-0.9993850655317946,-0.9998932366227936
2024-10-09,-0.9993850655318048,-0.9998932366227936
2024-10-10,-0.9993850655318051,-0.9998932366227936
2024-10-11,-0.9993850655318051,-0.9998932366227936
2024-10-14,-0.9993850655318051,-0.9998932366227936
2024-10-15,-0.9993850655318051,-0.9998932366227936
2024-10-16,-0.9993850655318051,-0.9998932366227936
2024-10-17,-0.9993850655318051,-0.9998932366227936
2024-10-18,-0.9993850655318051,-0.9998932366227936
2024-10-21,-0.9993850655318051,-0.9998932366227936
2024-10-22,-0.9993850655318051,-0.9998932366227936
2024-10-23,-0.9993850655318051,-0.9998932366227936
2024-10-24,-0.9993850655318051,-0.9998932366227936
2024-10-25,-0.9993850655318051,-0.9998932366227936
2024-10-28,-0.9993850655318051,-0.9998932366227936
2024-10-29,-0.9993850655318051,-0.9998932366227936
2024-10-30,-0.9993850655318051,-0.9998932366227936
2024-10-31,-0.9832480123128626,-0.9388195101428766
2024-11-01,-0.9992518872628733,-0.9998788966009539
2024-11-04,-0.9993639633113774,-0.9998788988576974
2024-11-05,-0.9993647293822875,-0.9998788988576975
2024-11-06,-0.9993647346177142,-0.9998788988576975
2024-11-07,-0.9993647346534936,-0.9998788988576975
2024-11-08,-0.9993647346537382,-0.9998788988576975
2024-11-11,-0.9993647346537398,-0.9998788988576975
2024-11-12,-0.9993647346537398,-0.9998788988576975
2024-11-13,-0.9993647346537398,-0.9998788988576975
2024-11-14,-0.9993647346537398,-0.9998788988576975
2024-11-15,-0.9993647346537398,-0.9998788988576975
2024-11-18,-0.9993647346537398,-0.9998788988576975
2024-11-19,-0.9993647346537398,-0.9998788988576975
2024-11-20,-0.9993647346537398,-0.9998788988576975
2024-11-21,-0.9993647346537398,-0.9998788988576975
2024-11-22,-0.9993647346537398,-0.9998788988576975
2024-11-25,-0.9993647346537398,-0.9998788988576975
2024-11-26,-0.9993647346537398,-0.9998788988576975
2024-11-27,-0.9993647346537398,-0.9998788988576975
2024-11-28,-0.9993647346537398,-0.9998788988576975
2024-11-29,-0.9993647346537398,-0.9998788988576975
2024-12-02,-1.0514320457552695,-0.9452912720682737
2024-12-03,-0.9997556849608854,-0.9998645114384406
2024-12-04,-0.9994282929863726,-0.9998645134345316
2024-12-05,-0.9994260566567703,-0.9998645134345316
2024-12-06,-0.9994260413734771,-0.9998645134345316
2024-12-09,-0.9994260412690292,-0.9998645134345316
2024-12-10,-0.9994260412683155,-0.9998645134345316
2024-12-11,-0.9994260412683106,-0.9998645134345316
2024-12-12,-0.9994260412683105,-0.9998645134345316
2024-12-13,-0.9994260412683105,-0.9998645134345316
2024-12-16,-0.9994260412683105,-0.9998645134345316
2024-12-17,-0.9994260412683105,-0.9998645134345316
2024-12-18,-0.9994260412683105,-0.9998645134345316
2024-12-19,-0.9994260412683105,-0.9998645134345316
2024-12-20,-0.9994260412683105,-0.9998645134345316
2024-12-23,-0.9994260412683105,-0.9998645134345316
2024-12-24,-0.9994260412683105,-0.9998645134345316
2024-12-25,-0.9994260412683105,-0.9998645134345316
2024-12-26,-0.9994260412683105,-0.9998645134345316
2024-12-27,-0.9994260412683105,-0.9998645134345316
2024-12-30,-0.9994260412683105,-0.9998645134345316
2024-12-31,-1.088005747070009,-0.8494814087999178
2025-01-01,-1.0000490293785533,-0.9998123116257295
2025-01-02,-0.9995192717454208,-0.9998123180986641
2025-01-03,-0.9995156542141084,-0.9998123180986643
2025-01-06,-0.9995156294916007,-0.9998123180986643
2025-01-07,-0.999515629322644,-0.9998123180986643
2025-01-08,-0.9995156293214894,-0.9998123180986643
2025-01-09,-0.9995156293214814,-0.9998123180986643
2025-01-10,-0.9995156293214814,-0.9998123180986643
2025-01-13,-0.9995156293214814,-0.9998123180986643
2025-01-14,-0.9995156293214814,-0.9998123180986643
2025-01-15,-0.9995156293214814,-0.9998123180986643
2025-01-16,-0.9995156293214814,-0.9998123180986643
2025-01-17,-0.9995156293214814,-0.9998123180986643
2025-01-20,-0.9995156293214814,-0.9998123180986643
2025-01-21,-0.9995156293214814,-0.9998123180986643
2025-01-22,-0.9995156293214814,-0.9998123180986643
2025-01-23,-0.9995156293214814,-0.9998123180986643
2025-01-24,-0.9995156293214814,-0.9998123180986643
2025-01-27,-0.9995156293214814,-0.9998123180986643
2025-01-28,-0.9995156293214814,-0.9998123180986643
2025-01-29,-0.9995156293214814,-0.9998123180986643
2025-01-30,-0.9995156293214814,-0.9998123180986643
2025-01-31,-1.0232685669340584,-1.0003864926887946
2025-02-03,-0.9996944575782464,-0.9998125334181388
2025-02-04,-0.9995389102738785,-0.9998125333988647
2025-02-05,-0.9995378474947226,-0.9998125333988647
2025-02-06,-0.9995378402315741,-0.9998125333988647
2025-02-07,-0.9995378401819368,-0.9998125333988647
2025-02-10,-0.9995378401815975,-0.9998125333988647
2025-02-11,-0.9995378401815952,-0.9998125333988647
2025-02-12,-0.9995378401815952,-0.9998125333988647
2025-02-13,-0.9995378401815952,-0.9998125333988647
2025-02-14,-0.9995378401815952,-0.9998125333988647
2025-02-17,-0.9995378401815952,-0.9998125333988647
2025-02-18,-0.9995378401815952,-0.9998125333988647
2025-02-19,-0.9995378401815952,-0.9998125333988647
2025-02-20,-0.9995378401815952,-0.9998125333988647
2025-02-21,-0.9995378401815952,-0.9998125333988647
2025-02-24,-0.9995378401815952,-0.9998125333988647
2025-02-25,-0.9995378401815952,-0.9998125333988647
2025-02-26,-0.9995378401815952,-0.9998125333988647
2025-02-27,-0.9995378401815952,-0.9998125333988647
2025-02-28,-1.048393330188616,-0.9251014982764727
2025-03-03,-0.9998906886840795,-0.9997810414068741
2025-03-04,-0.9995820068653504,-0.9997810442289478
2025-03-05,-0.9995798982802215,-0.9997810442289478
2025-03-06,-0.9995798838699438,-0.9997810442289478
2025-03-07,-0.9995798837714621,-0.9997810442289478
2025-03-10,-0.9995798837707891,-0.9997810442289478
2025-03-11,-0.9995798837707845,-0.9997810442289478
2025-03-12,-0.9995798837707844,-0.9997810442289478
2025-03-13,-0.9995798837707844,-0.9997810442289478
2025-03-14,-0.9995798837707844,-0.9997810442289478
2025-03-17,-0.9995798837707844,-0.9997810442289478
2025-03-18,-0.9995798837707844,-0.9997810442289478
2025-03-19,-0.9995798837707844,-0.9997810442289478
2025-03-20,-0.9995798837707844,-0.9997810442289478
2025-03-21,-0.9995798837707844,-0.9997810442289478
2025-03-24,-0.9995798837707844,-0.9997810442289478
2025-03-25,-0.9995798837707844,-0.9997810442289478
2025-03-26,-0.9995798837707844,-0.9997810442289478
2025-03-27,-0.9995798837707844,-0.9997810442289478
2025-03-28,-0.9995798837707844,-0.9997810442289478
2025-03-31,-1.1659734951804308,1.4206714179358768
2025-04-01,-1.0005972685000388,0.9998915450077672
2025-04-02,-0.9996973683445232,0.999891536528208
2025-04-03,-0.9996912266696577,0.9998915365282075
2025-04-04,-0.9996911846971042,0.9998915365282075
2025-04-07,-0.9996911844102586,0.9998915365282075
2025-04-08,-0.9996911844082984,0.9998915365282075
2025-04-09,-0.9996911844082851,0.9998915365282075
2025-04-10,-0.9996911844082849,0.9998915365282075
2025-04-11,-0.9996911844082849,0.9998915365282075
2025-04-14,-0.9996911844082849,0.9998915365282075
2025-04-15,-0.9996911844082849,0.9998915365282075
2025-04-16,-0.9996911844082849,0.9998915365282075
2025-04-17,-0.9996911844082849,0.9998915365282075
2025-04-18,-0.9996911844082849,0.9998915365282075
2025-04-21,-0.9996911844082849,0.9998915365282075
2025-04-22,-0.9996911844082849,0.9998915365282075
2025-04-23,-0.9996911844082849,0.9998915365282075
2025-04-24,-0.9996911844082849,0.9998915365282075
2025-04-25,-0.9996911844082849,0.9998915365282075
2025-04-28,-0.9996911844082849,0.9998915365282075
2025-04-29,-0.9996911844082849,0.9998915365282075
2025-04-30,-0.9820386449066517,1.0416501410114192
2025-05-01,-0.9995561795953357,0.9999000573514266
2025-05-02,-0.9996791415145243,0.9999000560314489
2025-05-05,-0.9996799820071625,0.9999000560314489
2025-05-06,-0.9996799877511973,0.9999000560314489
2025-05-07,-0.9996799877904529,0.9999000560314489
2025-05-08,-0.9996799877907211,0.9999000560314489
2025-05-09,-0.9996799877907229,0.9999000560314489
2025-05-12,-0.9996799877907229,0.9999000560314489
2025-05-13,-0.9996799877907229,0.9999000560314489
2025-05-14,-0.9996799877907229,0.9999000560314489
2025-05-15,-0.9996799877907229,0.9999000560314489
2025-05-16,-0.9996799877907229,0.9999000560314489
2025-05-19,-0.9996799877907229,0.9999000560314489
2025-05-20,-0.9996799877907229,0.9999000560314489
2025-05-21,-0.9996799877907229,0.9999000560314489
2025-05-22,-0.9996799877907229,0.9999000560314489
2025-05-23,-0.9996799877907229,0.9999000560314489
2025-05-26,-0.9996799877907229,0.9999000560314489
2025-05-27,-0.9996799877907229,0.9999000560314489
2025-05-28,-0.9996799877907229,0.9999000560314489
2025-05-29,-0.9996799877907229,0.9999000560314489
2025-05-30,-0.9996799877907229,0.9999000560314489
2025-06-02,-0.9996799877907229,0.9999000560314489
2025-06-03,-0.9996799877907229,0.9999000560314489
2025-06-04,-0.9996799877907229,0.9999000560314489
2025-06-05,-0.9996799877907229,0.9999000560314489
2025-06-06,-0.9996799877907229,0.9999000560314489
2025-06-09,-0.9996799877907229,0.9999000560314489
2025-06-10,-0.9996799877907229,0.9999000560314489
2025-06-11,-0.9996799877907229,0.9999000560314489
2025-06-12,-0.9996799877907229,0.9999000560314489
2025-06-13,-0.9996799877907229,0.9999000560314489
2025-06-16,-0.9996799877907229,0.9999000560314489
2025-06-17,-0.9996799877907229,0.9999000560314489
2025-06-18,-0.9996799877907229,0.9999000560314489
2025-06-19,-0.9996799877907229,0.9999000560314489
2025-06-20,-0.9996799877907229,0.9999000560314489
2025-06-23,-0.9996799877907229,0.9999000560314489
2025-06-24,-0.9996799877907229,0.9999000560314489
2025-06-25,-0.9996799877907229,0.9999000560314489
2025-06-26,-0.9996799877907229,0.9999000560314489
2025-06-27,-0.9996799877907229,0.9999000560314489
2025-06-30,-1.0373515415804961,1.0995254740649105
2025-07-01,-0.9999463455746772,0.999917344865368
2025-07-02,-0.9997044620694189,0.9999173419587453
2025-07-03,-0.9997028096123756,0.999917341958745
2025-07-04,-0.999702798319314,0.999917341958745
2025-07-07,-0.9997027982421358,0.999917341958745
2025-07-08,-0.9997027982416085,0.999917341958745
2025-07-09,-0.9997027982416049,0.999917341958745
2025-07-10,-0.9997027982416049,0.999917341958745
2025-07-11,-0.9997027982416049,0.999917341958745
2025-07-14,-0.9997027982416049,0.999917341958745
2025-07-15,-0.9997027982416049,0.999917341958745
2025-07-16,-0.9997027982416049,0.999917341958745
2025-07-17,-0.9997027982416049,0.999917341958745
2025-07-18,-0.9997027982416049,0.999917341958745
2025-07-21,-0.9997027982416049,0.999917341958745
2025-07-22,-0.9997027982416049,0.999917341958745
2025-07-23,-0.9997027982416049,0.999917341958745
2025-07-24,-0.9997027982416049,0.999917341958745
2025-07-25,-0.9997027982416049,0.999917341958745
2025-07-28,-0.9997027982416049,0.999917341958745
2025-07-29,-0.9997027982416049,0.999917341958745
2025-07-30,-0.9997027982416049,0.999917341958745
2025-07-31,-1.00908589536039,0.9922368264108173
2025-08-01,-0.999771500311899,0.9999160575105654
2025-08-04,-0.9997087291823685,0.9999160577716669
2025-08-05,-0.9997083002376141,0.9999160577716669
2025-08-06,-0.9997082973061561,0.9999160577716669
2025-08-07,-0.9997082972861222,0.9999160577716669
2025-08-08,-0.9997082972859854,0.9999160577716669
2025-08-11,-0.9997082972859844,0.9999160577716669
2025-08-12,-0.9997082972859844,0.9999160577716669
2025-08-13,-0.9997082972859844,0.9999160577716669
2025-08-14,-0.9997082972859844,0.9999160577716669
2025-08-15,-0.9997082972859844,0.9999160577716669
2025-08-18,-0.9997082972859844,0.9999160577716669
2025-08-19,-0.9997082972859844,0.9999160577716669
2025-08-20,-0.9997082972859844,0.9999160577716669
2025-08-21,-0.9997082972859844,0.9999160577716669
2025-08-22,-0.9997082972859844,0.9999160577716669
2025-08-25,-0.9997082972859844,0.9999160577716669
2025-08-26,-0.9997082972859844,0.9999160577716669
2025-08-27,-0.9997082972859844,0.9999160577716669
2025-08-28,-0.9997082972859844,0.9999160577716669
2025-08-29,-0.9997082972859844,0.9999160577716669
2025-09-01,-0.9961819390679985,0.9953726022227293
2025-09-02,-0.9996820168447539,0.9999152897925045
2025-09-03,-0.9997060638753597,0.9999152899462302
2025-09-04,-0.9997062282216221,0.9999152899462302
2025-09-05,-0.9997062293447847,0.9999152899462302
2025-09-08,-0.9997062293524605,0.9999152899462302
2025-09-09,-0.9997062293525129,0.9999152899462302
2025-09-10,-0.9997062293525133,0.9999152899462302
2025-09-11,-0.9997062293525133,0.9999152899462302
2025-09-12,-0.9997062293525133,0.9999152899462302
2025-09-15,-0.9997062293525133,0.9999152899462302
2025-09-16,-0.9997062293525133,0.9999152899462302
2025-09-17,-0.9997062293525133,0.9999152899462302
2025-09-18,-0.9997062293525133,0.9999152899462302
2025-09-19,-0.9997062293525133,0.9999152899462302
2025-09-22,-0.9997062293525133,0.9999152899462302
2025-09-23,-0.9997062293525133,0.9999152899462302
2025-09-24,-0.9997062293525133,0.9999152899462302
2025-09-25,-0.9997062293525133,0.9999152899462302
2025-09-26,-0.9997062293525133,0.9999152899462302
2025-09-29,-0.9997062293525133,0.9999152899462302
2025-09-30,-0.9766513474149808,0.8925861170755908
2025-10-01,-0.9995291623872465,0.9998936964539425
2025-10-02,-0.9996910880360298,0.999893700736977
2025-10-03,-0.9996921949261063,0.9998937007369771
2025-10-06,-0.9996922024907386,0.9998937007369771
2025-10-07,-0.9996922025424362,0.9998937007369771
2025-10-08,-0.9996922025427895,0.9998937007369771
2025-10-09,-0.999692202542792,0.9998937007369771
2025-10-10,-0.999692202542792,0.9998937007369771
2025-10-13,-0.999692202542792,0.9998937007369771
2025-10-14,-0.999692202542792,0.9998937007369771
2025-10-15,-0.999692202542792,0.9998937007369771
2025-10-16,-0.999692202542792,0.9998937007369771
2025-10-17,-0.999692202542792,0.9998937007369771
2025-10-20,-0.999692202542792,0.9998937007369771
2025-10-21,-0.999692202542792,0.9998937007369771
2025-10-22,-0.999692202542792,0.9998937007369771
2025-10-23,-0.999692202542792,0.9998937007369771
2025-10-24,-0.999692202542792,0.9998937007369771
2025-10-27,-0.999692202542792,0.9998937007369771
2025-10-28,-0.999692202542792,0.9998937007369771
2025-10-29,-0.999692202542792,0.9998937007369771
2025-10-30,-0.999692202542792,0.9998937007369771
2025-10-31,-1.0033145233696716,1.0050066032820832
