date,USA_financial_markets_f1,USA_financial_markets_f2
1999-02-01,0.5432050660059393,0.2908659750109101
1999-02-02,0.5390943840437449,0.2860746765888009
1999-02-03,0.5390943840437449,0.2860746765888009
1999-02-04,0.5390943840437449,0.2860746765888009
1999-02-05,0.5390943840437449,0.2860746765888009
1999-02-08,0.5390943840437449,0.2860746765888009
1999-02-09,0.5390943840437449,0.2860746765888009
1999-02-10,0.5390943840437449,0.2860746765888009
1999-02-11,0.5390943840437449,0.2860746765888009
1999-02-12,0.5390943840437449,0.2860746765888009
1999-02-15,0.5390943840437449,0.2860746765888009
1999-02-16,0.5390943840437449,0.2860746765888009
1999-02-17,0.5390943840437449,0.2860746765888009
1999-02-18,0.5390943840437449,0.2860746765888009
1999-02-19,0.5390943840437449,0.2860746765888009
1999-02-22,0.5390943840437449,0.2860746765888009
1999-02-23,0.5390943840437449,0.2860746765888009
1999-02-24,0.5390943840437449,0.2860746765888009
1999-02-25,0.5390943840437449,0.2860746765888009
1999-02-26,0.5390943840437449,0.2860746765888009
1999-03-01,0.5390943840437449,0.2860746765888009
1999-03-02,0.6167024554779271,0.2446665895977361
1999-03-03,0.6167024554779271,0.2446665895977361
1999-03-04,0.6167024554779271,0.2446665895977361
1999-03-05,0.6167024554779271,0.2446665895977361
1999-03-08,0.6167024554779271,0.2446665895977361
1999-03-09,0.6167024554779271,0.2446665895977361
1999-03-10,0.6167024554779271,0.2446665895977361
1999-03-11,0.6167024554779271,0.2446665895977361
1999-03-12,0.6167024554779271,0.2446665895977361
1999-03-15,0.6167024554779271,0.2446665895977361
1999-03-16,0.6167024554779271,0.2446665895977361
1999-03-17,0.6167024554779271,0.2446665895977361
1999-03-18,0.6167024554779271,0.2446665895977361
1999-03-19,0.6167024554779271,0.2446665895977361
1999-03-22,0.6167024554779271,0.2446665895977361
1999-03-23,0.6167024554779271,0.2446665895977361
1999-03-24,0.6167024554779271,0.2446665895977361
1999-03-25,0.6167024554779271,0.2446665895977361
1999-03-26,0.6167024554779271,0.2446665895977361
1999-03-29,0.6167024554779271,0.2446665895977361
1999-03-30,0.6167024554779271,0.2446665895977361
1999-03-31,0.6167024554779271,0.2446665895977361
1999-04-01,0.2213543597955654,0.4604629337182169
1999-04-02,0.2213543597955654,0.4604629337182169
1999-04-05,0.2213543597955654,0.4604629337182169
1999-04-06,0.2213543597955654,0.4604629337182169
1999-04-07,0.2213543597955654,0.4604629337182169
1999-04-08,0.2213543597955654,0.4604629337182169
1999-04-09,0.2213543597955654,0.4604629337182169
1999-04-12,0.2213543597955654,0.4604629337182169
1999-04-13,0.2213543597955654,0.4604629337182169
1999-04-14,0.2213543597955654,0.4604629337182169
1999-04-15,0.2213543597955654,0.4604629337182169
1999-04-16,0.2213543597955654,0.4604629337182169
1999-04-19,0.2213543597955654,0.4604629337182169
1999-04-20,0.2213543597955654,0.4604629337182169
1999-04-21,0.2213543597955654,0.4604629337182169
1999-04-22,0.2213543597955654,0.4604629337182169
1999-04-23,0.2213543597955654,0.4604629337182169
1999-04-26,0.2213543597955654,0.4604629337182169
1999-04-27,0.2213543597955654,0.4604629337182169
1999-04-28,0.2213543597955654,0.4604629337182169
1999-04-29,0.2213543597955654,0.4604629337182169
1999-04-30,0.2213543597955654,0.4604629337182169
1999-05-03,0.3498475218155827,0.3339322933535884
1999-05-04,0.3498475218155827,0.3339322933535884
1999-05-05,0.3498475218155827,0.3339322933535884
1999-05-06,0.3498475218155827,0.3339322933535884
1999-05-07,0.3498475218155827,0.3339322933535884
1999-05-10,0.3498475218155827,0.3339322933535884
1999-05-11,0.3498475218155827,0.3339322933535884
1999-05-12,0.3498475218155827,0.3339322933535884
1999-05-13,0.3498475218155827,0.3339322933535884
1999-05-14,0.3498475218155827,0.3339322933535884
1999-05-17,0.3498475218155827,0.3339322933535884
1999-05-18,0.3498475218155827,0.3339322933535884
1999-05-19,0.3498475218155827,0.3339322933535884
1999-05-20,0.3498475218155827,0.3339322933535884
1999-05-21,0.3498475218155827,0.3339322933535884
1999-05-24,0.3498475218155827,0.3339322933535884
1999-05-25,0.3498475218155827,0.3339322933535884
1999-05-26,0.3498475218155827,0.3339322933535884
1999-05-27,0.3498475218155827,0.3339322933535884
1999-05-28,0.3498475218155827,0.3339322933535884
1999-05-31,0.3498475218155827,0.3339322933535884
1999-06-01,0.372209524220572,0.34191384867154334
1999-06-02,0.372209524220572,0.34191384867154334
1999-06-03,0.372209524220572,0.34191384867154334
1999-06-04,0.372209524220572,0.34191384867154334
1999-06-07,0.372209524220572,0.34191384867154334
1999-06-08,0.372209524220572,0.34191384867154334
1999-06-09,0.372209524220572,0.34191384867154334
1999-06-10,0.372209524220572,0.34191384867154334
1999-06-11,0.372209524220572,0.34191384867154334
1999-06-14,0.372209524220572,0.34191384867154334
1999-06-15,0.372209524220572,0.34191384867154334
1999-06-16,0.372209524220572,0.34191384867154334
1999-06-17,0.372209524220572,0.34191384867154334
1999-06-18,0.372209524220572,0.34191384867154334
1999-06-21,0.372209524220572,0.34191384867154334
1999-06-22,0.372209524220572,0.34191384867154334
1999-06-23,0.372209524220572,0.34191384867154334
1999-06-24,0.372209524220572,0.34191384867154334
1999-06-25,0.372209524220572,0.34191384867154334
1999-06-28,0.372209524220572,0.34191384867154334
1999-06-29,0.372209524220572,0.34191384867154334
1999-06-30,0.372209524220572,0.34191384867154334
1999-07-01,0.07766548597513963,0.5090488140300369
1999-07-02,0.07766548597513963,0.5090488140300369
1999-07-05,0.07766548597513963,0.5090488140300369
1999-07-06,0.07766548597513963,0.5090488140300369
1999-07-07,0.07766548597513963,0.5090488140300369
1999-07-08,0.07766548597513963,0.5090488140300369
1999-07-09,0.07766548597513963,0.5090488140300369
1999-07-12,0.07766548597513963,0.5090488140300369
1999-07-13,0.07766548597513963,0.5090488140300369
1999-07-14,0.07766548597513963,0.5090488140300369
1999-07-15,0.07766548597513963,0.5090488140300369
1999-07-16,0.07766548597513963,0.5090488140300369
1999-07-19,0.07766548597513963,0.5090488140300369
1999-07-20,0.07766548597513963,0.5090488140300369
1999-07-21,0.07766548597513963,0.5090488140300369
1999-07-22,0.07766548597513963,0.5090488140300369
1999-07-23,0.07766548597513963,0.5090488140300369
1999-07-26,0.07766548597513963,0.5090488140300369
1999-07-27,0.07766548597513963,0.5090488140300369
1999-07-28,0.07766548597513963,0.5090488140300369
1999-07-29,0.07766548597513963,0.5090488140300369
1999-07-30,0.07766548597513963,0.5090488140300369
1999-08-02,0.07766548597513963,0.5090488140300369
1999-08-03,0.3890963630985319,0.34113372608610104
1999-08-04,0.3890963630985319,0.34113372608610104
1999-08-05,0.3890963630985319,0.34113372608610104
1999-08-06,0.3890963630985319,0.34113372608610104
1999-08-09,0.3890963630985319,0.34113372608610104
1999-08-10,0.3890963630985319,0.34113372608610104
1999-08-11,0.3890963630985319,0.34113372608610104
1999-08-12,0.3890963630985319,0.34113372608610104
1999-08-13,0.3890963630985319,0.34113372608610104
1999-08-16,0.3890963630985319,0.34113372608610104
1999-08-17,0.3890963630985319,0.34113372608610104
1999-08-18,0.3890963630985319,0.34113372608610104
1999-08-19,0.3890963630985319,0.34113372608610104
1999-08-20,0.3890963630985319,0.34113372608610104
1999-08-23,0.3890963630985319,0.34113372608610104
1999-08-24,0.3890963630985319,0.34113372608610104
1999-08-25,0.3890963630985319,0.34113372608610104
1999-08-26,0.3890963630985319,0.34113372608610104
1999-08-27,0.3890963630985319,0.34113372608610104
1999-08-30,0.3890963630985319,0.34113372608610104
1999-08-31,0.3890963630985319,0.34113372608610104
1999-09-01,0.41552525670590057,0.3457721744796522
1999-09-02,0.41552525670590057,0.3457721744796522
1999-09-03,0.41552525670590057,0.3457721744796522
1999-09-06,0.41552525670590057,0.3457721744796522
1999-09-07,0.41552525670590057,0.3457721744796522
1999-09-08,0.41552525670590057,0.3457721744796522
1999-09-09,0.41552525670590057,0.3457721744796522
1999-09-10,0.41552525670590057,0.3457721744796522
1999-09-13,0.41552525670590057,0.3457721744796522
1999-09-14,0.41552525670590057,0.3457721744796522
1999-09-15,0.41552525670590057,0.3457721744796522
1999-09-16,0.41552525670590057,0.3457721744796522
1999-09-17,0.41552525670590057,0.3457721744796522
1999-09-20,0.41552525670590057,0.3457721744796522
1999-09-21,0.41552525670590057,0.3457721744796522
1999-09-22,0.41552525670590057,0.3457721744796522
1999-09-23,0.41552525670590057,0.3457721744796522
1999-09-24,0.41552525670590057,0.3457721744796522
1999-09-27,0.41552525670590057,0.3457721744796522
1999-09-28,0.41552525670590057,0.3457721744796522
1999-09-29,0.41552525670590057,0.3457721744796522
1999-09-30,0.41552525670590057,0.3457721744796522
1999-10-01,0.47740853391147564,0.32643577364220827
1999-10-04,0.47740853391147564,0.32643577364220827
1999-10-05,0.47740853391147564,0.32643577364220827
1999-10-06,0.47740853391147564,0.32643577364220827
1999-10-07,0.47740853391147564,0.32643577364220827
1999-10-08,0.47740853391147564,0.32643577364220827
1999-10-11,0.47740853391147564,0.32643577364220827
1999-10-12,0.47740853391147564,0.32643577364220827
1999-10-13,0.47740853391147564,0.32643577364220827
1999-10-14,0.47740853391147564,0.32643577364220827
1999-10-15,0.47740853391147564,0.32643577364220827
1999-10-18,0.47740853391147564,0.32643577364220827
1999-10-19,0.47740853391147564,0.32643577364220827
1999-10-20,0.47740853391147564,0.32643577364220827
1999-10-21,0.47740853391147564,0.32643577364220827
1999-10-22,0.47740853391147564,0.32643577364220827
1999-10-25,0.47740853391147564,0.32643577364220827
1999-10-26,0.47740853391147564,0.32643577364220827
1999-10-27,0.47740853391147564,0.32643577364220827
1999-10-28,0.47740853391147564,0.32643577364220827
1999-10-29,0.47740853391147564,0.32643577364220827
1999-11-01,0.47740853391147564,0.32643577364220827
1999-11-02,0.19307366596070166,0.44603436736241187
1999-11-03,0.19307366596070166,0.44603436736241187
1999-11-04,0.19307366596070166,0.44603436736241187
1999-11-05,0.19307366596070166,0.44603436736241187
1999-11-08,0.19307366596070166,0.44603436736241187
1999-11-09,0.19307366596070166,0.44603436736241187
1999-11-10,0.19307366596070166,0.44603436736241187
1999-11-11,0.19307366596070166,0.44603436736241187
1999-11-12,0.19307366596070166,0.44603436736241187
1999-11-15,0.19307366596070166,0.44603436736241187
1999-11-16,0.19307366596070166,0.44603436736241187
1999-11-17,0.19307366596070166,0.44603436736241187
1999-11-18,0.19307366596070166,0.44603436736241187
1999-11-19,0.19307366596070166,0.44603436736241187
1999-11-22,0.19307366596070166,0.44603436736241187
1999-11-23,0.19307366596070166,0.44603436736241187
1999-11-24,0.19307366596070166,0.44603436736241187
1999-11-25,0.19307366596070166,0.44603436736241187
1999-11-26,0.19307366596070166,0.44603436736241187
1999-11-29,0.19307366596070166,0.44603436736241187
1999-11-30,0.19307366596070166,0.44603436736241187
1999-12-01,0.3346122562496846,0.3269475554051246
1999-12-02,0.3346122562496846,0.3269475554051246
1999-12-03,0.3346122562496846,0.3269475554051246
1999-12-06,0.3346122562496846,0.3269475554051246
1999-12-07,0.3346122562496846,0.3269475554051246
1999-12-08,0.3346122562496846,0.3269475554051246
1999-12-09,0.3346122562496846,0.3269475554051246
1999-12-10,0.3346122562496846,0.3269475554051246
1999-12-13,0.3346122562496846,0.3269475554051246
1999-12-14,0.3346122562496846,0.3269475554051246
1999-12-15,0.3346122562496846,0.3269475554051246
1999-12-16,0.3346122562496846,0.3269475554051246
1999-12-17,0.3346122562496846,0.3269475554051246
1999-12-20,0.3346122562496846,0.3269475554051246
1999-12-21,0.3346122562496846,0.3269475554051246
1999-12-22,0.3346122562496846,0.3269475554051246
1999-12-23,0.3346122562496846,0.3269475554051246
1999-12-24,0.3346122562496846,0.3269475554051246
1999-12-27,0.3346122562496846,0.3269475554051246
1999-12-28,0.3346122562496846,0.3269475554051246
1999-12-29,0.3346122562496846,0.3269475554051246
1999-12-30,0.3346122562496846,0.3269475554051246
1999-12-31,0.3346122562496846,0.3269475554051246
2000-01-03,0.2955341488686284,0.2658922619415372
2000-01-04,0.2955341488686284,0.2658922619415372
2000-01-05,0.2955341488686284,0.2658922619415372
2000-01-06,0.2955341488686284,0.2658922619415372
2000-01-07,0.2955341488686284,0.2658922619415372
2000-01-10,0.2955341488686284,0.2658922619415372
2000-01-11,0.2955341488686284,0.2658922619415372
2000-01-12,0.2955341488686284,0.2658922619415372
2000-01-13,0.2955341488686284,0.2658922619415372
2000-01-14,0.2955341488686284,0.2658922619415372
2000-01-17,0.2955341488686284,0.2658922619415372
2000-01-18,0.2955341488686284,0.2658922619415372
2000-01-19,0.2955341488686284,0.2658922619415372
2000-01-20,0.2955341488686284,0.2658922619415372
2000-01-21,0.2955341488686284,0.2658922619415372
2000-01-24,0.2955341488686284,0.2658922619415372
2000-01-25,0.2955341488686284,0.2658922619415372
2000-01-26,0.2955341488686284,0.2658922619415372
2000-01-27,0.2955341488686284,0.2658922619415372
2000-01-28,0.2955341488686284,0.2658922619415372
2000-01-31,0.2955341488686284,0.2658922619415372
2000-02-01,0.36173095729769195,0.29185456855836095
2000-02-02,0.36173095729769195,0.29185456855836095
2000-02-03,0.36173095729769195,0.29185456855836095
2000-02-04,0.36173095729769195,0.29185456855836095
2000-02-07,0.36173095729769195,0.29185456855836095
2000-02-08,0.36173095729769195,0.29185456855836095
2000-02-09,0.36173095729769195,0.29185456855836095
2000-02-10,0.36173095729769195,0.29185456855836095
2000-02-11,0.36173095729769195,0.29185456855836095
2000-02-14,0.36173095729769195,0.29185456855836095
2000-02-15,0.36173095729769195,0.29185456855836095
2000-02-16,0.36173095729769195,0.29185456855836095
2000-02-17,0.36173095729769195,0.29185456855836095
2000-02-18,0.36173095729769195,0.29185456855836095
2000-02-21,0.36173095729769195,0.29185456855836095
2000-02-22,0.36173095729769195,0.29185456855836095
2000-02-23,0.36173095729769195,0.29185456855836095
2000-02-24,0.36173095729769195,0.29185456855836095
2000-02-25,0.36173095729769195,0.29185456855836095
2000-02-28,0.36173095729769195,0.29185456855836095
2000-02-29,0.36173095729769195,0.29185456855836095
2000-03-01,0.3093918721225634,0.3750221771420818
2000-03-02,0.3093918721225634,0.3750221771420818
2000-03-03,0.3093918721225634,0.3750221771420818
2000-03-06,0.3093918721225634,0.3750221771420818
2000-03-07,0.3093918721225634,0.3750221771420818
2000-03-08,0.3093918721225634,0.3750221771420818
2000-03-09,0.3093918721225634,0.3750221771420818
2000-03-10,0.3093918721225634,0.3750221771420818
2000-03-13,0.3093918721225634,0.3750221771420818
2000-03-14,0.3093918721225634,0.3750221771420818
2000-03-15,0.3093918721225634,0.3750221771420818
2000-03-16,0.3093918721225634,0.3750221771420818
2000-03-17,0.3093918721225634,0.3750221771420818
2000-03-20,0.3093918721225634,0.3750221771420818
2000-03-21,0.3093918721225634,0.3750221771420818
2000-03-22,0.3093918721225634,0.3750221771420818
2000-03-23,0.3093918721225634,0.3750221771420818
2000-03-24,0.3093918721225634,0.3750221771420818
2000-03-27,0.3093918721225634,0.3750221771420818
2000-03-28,0.3093918721225634,0.3750221771420818
2000-03-29,0.3093918721225634,0.3750221771420818
2000-03-30,0.3093918721225634,0.3750221771420818
2000-03-31,0.3093918721225634,0.3750221771420818
2000-04-03,0.498612451665123,0.2063389861378286
2000-04-04,0.498612451665123,0.2063389861378286
2000-04-05,0.498612451665123,0.2063389861378286
2000-04-06,0.498612451665123,0.2063389861378286
2000-04-07,0.498612451665123,0.2063389861378286
2000-04-10,0.498612451665123,0.2063389861378286
2000-04-11,0.498612451665123,0.2063389861378286
2000-04-12,0.498612451665123,0.2063389861378286
2000-04-13,0.498612451665123,0.2063389861378286
2000-04-14,0.498612451665123,0.2063389861378286
2000-04-17,0.498612451665123,0.2063389861378286
2000-04-18,0.498612451665123,0.2063389861378286
2000-04-19,0.498612451665123,0.2063389861378286
2000-04-20,0.498612451665123,0.2063389861378286
2000-04-21,0.498612451665123,0.2063389861378286
2000-04-24,0.498612451665123,0.2063389861378286
2000-04-25,0.498612451665123,0.2063389861378286
2000-04-26,0.498612451665123,0.2063389861378286
2000-04-27,0.498612451665123,0.2063389861378286
2000-04-28,0.498612451665123,0.2063389861378286
2000-05-01,0.498612451665123,0.2063389861378286
2000-05-02,0.864117954156436,0.08226642224131923
2000-05-03,0.864117954156436,0.08226642224131923
2000-05-04,0.864117954156436,0.08226642224131923
2000-05-05,0.864117954156436,0.08226642224131923
2000-05-08,0.864117954156436,0.08226642224131923
2000-05-09,0.864117954156436,0.08226642224131923
2000-05-10,0.864117954156436,0.08226642224131923
2000-05-11,0.864117954156436,0.08226642224131923
2000-05-12,0.864117954156436,0.08226642224131923
2000-05-15,0.864117954156436,0.08226642224131923
2000-05-16,0.864117954156436,0.08226642224131923
2000-05-17,0.864117954156436,0.08226642224131923
2000-05-18,0.864117954156436,0.08226642224131923
2000-05-19,0.864117954156436,0.08226642224131923
2000-05-22,0.864117954156436,0.08226642224131923
2000-05-23,0.864117954156436,0.08226642224131923
2000-05-24,0.864117954156436,0.08226642224131923
2000-05-25,0.864117954156436,0.08226642224131923
2000-05-26,0.864117954156436,0.08226642224131923
2000-05-29,0.864117954156436,0.08226642224131923
2000-05-30,0.864117954156436,0.08226642224131923
2000-05-31,0.864117954156436,0.08226642224131923
2000-06-01,0.721098075659965,0.21621777000373263
2000-06-02,0.721098075659965,0.21621777000373263
2000-06-05,0.721098075659965,0.21621777000373263
2000-06-06,0.721098075659965,0.21621777000373263
2000-06-07,0.721098075659965,0.21621777000373263
2000-06-08,0.721098075659965,0.21621777000373263
2000-06-09,0.721098075659965,0.21621777000373263
2000-06-12,0.721098075659965,0.21621777000373263
2000-06-13,0.721098075659965,0.21621777000373263
2000-06-14,0.721098075659965,0.21621777000373263
2000-06-15,0.721098075659965,0.21621777000373263
2000-06-16,0.721098075659965,0.21621777000373263
2000-06-19,0.721098075659965,0.21621777000373263
2000-06-20,0.721098075659965,0.21621777000373263
2000-06-21,0.721098075659965,0.21621777000373263
2000-06-22,0.721098075659965,0.21621777000373263
2000-06-23,0.721098075659965,0.21621777000373263
2000-06-26,0.721098075659965,0.21621777000373263
2000-06-27,0.721098075659965,0.21621777000373263
2000-06-28,0.721098075659965,0.21621777000373263
2000-06-29,0.721098075659965,0.21621777000373263
2000-06-30,0.721098075659965,0.21621777000373263
2000-07-03,0.31646297823363895,0.4279880750130628
2000-07-04,0.31646297823363895,0.4279880750130628
2000-07-05,0.31646297823363895,0.4279880750130628
2000-07-06,0.31646297823363895,0.4279880750130628
2000-07-07,0.31646297823363895,0.4279880750130628
2000-07-10,0.31646297823363895,0.4279880750130628
2000-07-11,0.31646297823363895,0.4279880750130628
2000-07-12,0.31646297823363895,0.4279880750130628
2000-07-13,0.31646297823363895,0.4279880750130628
2000-07-14,0.31646297823363895,0.4279880750130628
2000-07-17,0.31646297823363895,0.4279880750130628
2000-07-18,0.31646297823363895,0.4279880750130628
2000-07-19,0.31646297823363895,0.4279880750130628
2000-07-20,0.31646297823363895,0.4279880750130628
2000-07-21,0.31646297823363895,0.4279880750130628
2000-07-24,0.31646297823363895,0.4279880750130628
2000-07-25,0.31646297823363895,0.4279880750130628
2000-07-26,0.31646297823363895,0.4279880750130628
2000-07-27,0.31646297823363895,0.4279880750130628
2000-07-28,0.31646297823363895,0.4279880750130628
2000-07-31,0.31646297823363895,0.4279880750130628
2000-08-01,0.39300363583115183,0.38705350191980825
2000-08-02,0.39300363583115183,0.38705350191980825
2000-08-03,0.39300363583115183,0.38705350191980825
2000-08-04,0.39300363583115183,0.38705350191980825
2000-08-07,0.39300363583115183,0.38705350191980825
2000-08-08,0.39300363583115183,0.38705350191980825
2000-08-09,0.39300363583115183,0.38705350191980825
2000-08-10,0.39300363583115183,0.38705350191980825
2000-08-11,0.39300363583115183,0.38705350191980825
2000-08-14,0.39300363583115183,0.38705350191980825
2000-08-15,0.39300363583115183,0.38705350191980825
2000-08-16,0.39300363583115183,0.38705350191980825
2000-08-17,0.39300363583115183,0.38705350191980825
2000-08-18,0.39300363583115183,0.38705350191980825
2000-08-21,0.39300363583115183,0.38705350191980825
2000-08-22,0.39300363583115183,0.38705350191980825
2000-08-23,0.39300363583115183,0.38705350191980825
2000-08-24,0.39300363583115183,0.38705350191980825
2000-08-25,0.39300363583115183,0.38705350191980825
2000-08-28,0.39300363583115183,0.38705350191980825
2000-08-29,0.39300363583115183,0.38705350191980825
2000-08-30,0.39300363583115183,0.38705350191980825
2000-08-31,0.39300363583115183,0.38705350191980825
2000-09-01,0.08396935675825205,0.5336826443199995
2000-09-04,0.08396935675825205,0.5336826443199995
2000-09-05,0.08396935675825205,0.5336826443199995
2000-09-06,0.08396935675825205,0.5336826443199995
2000-09-07,0.08396935675825205,0.5336826443199995
2000-09-08,0.08396935675825205,0.5336826443199995
2000-09-11,0.08396935675825205,0.5336826443199995
2000-09-12,0.08396935675825205,0.5336826443199995
2000-09-13,0.08396935675825205,0.5336826443199995
2000-09-14,0.08396935675825205,0.5336826443199995
2000-09-15,0.08396935675825205,0.5336826443199995
2000-09-18,0.08396935675825205,0.5336826443199995
2000-09-19,0.08396935675825205,0.5336826443199995
2000-09-20,0.08396935675825205,0.5336826443199995
2000-09-21,0.08396935675825205,0.5336826443199995
2000-09-22,0.08396935675825205,0.5336826443199995
2000-09-25,0.08396935675825205,0.5336826443199995
2000-09-26,0.08396935675825205,0.5336826443199995
2000-09-27,0.08396935675825205,0.5336826443199995
2000-09-28,0.08396935675825205,0.5336826443199995
2000-09-29,0.08396935675825205,0.5336826443199995
2000-10-02,0.08396935675825205,0.5336826443199995
2000-10-03,0.3712471902553669,0.3941586848572375
2000-10-04,0.3712471902553669,0.3941586848572375
2000-10-05,0.3712471902553669,0.3941586848572375
2000-10-06,0.3712471902553669,0.3941586848572375
2000-10-09,0.3712471902553669,0.3941586848572375
2000-10-10,0.3712471902553669,0.3941586848572375
2000-10-11,0.3712471902553669,0.3941586848572375
2000-10-12,0.3712471902553669,0.3941586848572375
2000-10-13,0.3712471902553669,0.3941586848572375
2000-10-16,0.3712471902553669,0.3941586848572375
2000-10-17,0.3712471902553669,0.3941586848572375
2000-10-18,0.3712471902553669,0.3941586848572375
2000-10-19,0.3712471902553669,0.3941586848572375
2000-10-20,0.3712471902553669,0.3941586848572375
2000-10-23,0.3712471902553669,0.3941586848572375
2000-10-24,0.3712471902553669,0.3941586848572375
2000-10-25,0.3712471902553669,0.3941586848572375
2000-10-26,0.3712471902553669,0.3941586848572375
2000-10-27,0.3712471902553669,0.3941586848572375
2000-10-30,0.3712471902553669,0.3941586848572375
2000-10-31,0.3712471902553669,0.3941586848572375
2000-11-01,0.874560147777444,0.16983569631966958
2000-11-02,0.874560147777444,0.16983569631966958
2000-11-03,0.874560147777444,0.16983569631966958
2000-11-06,0.874560147777444,0.16983569631966958
2000-11-07,0.874560147777444,0.16983569631966958
2000-11-08,0.874560147777444,0.16983569631966958
2000-11-09,0.874560147777444,0.16983569631966958
2000-11-10,0.874560147777444,0.16983569631966958
2000-11-13,0.874560147777444,0.16983569631966958
2000-11-14,0.874560147777444,0.16983569631966958
2000-11-15,0.874560147777444,0.16983569631966958
2000-11-16,0.874560147777444,0.16983569631966958
2000-11-17,0.874560147777444,0.16983569631966958
2000-11-20,0.874560147777444,0.16983569631966958
2000-11-21,0.874560147777444,0.16983569631966958
2000-11-22,0.874560147777444,0.16983569631966958
2000-11-23,0.874560147777444,0.16983569631966958
2000-11-24,0.874560147777444,0.16983569631966958
2000-11-27,0.874560147777444,0.16983569631966958
2000-11-28,0.874560147777444,0.16983569631966958
2000-11-29,0.874560147777444,0.16983569631966958
2000-11-30,0.874560147777444,0.16983569631966958
2000-12-01,1.4596175478019935,0.10710551003765878
2000-12-04,1.4596175478019935,0.10710551003765878
2000-12-05,1.4596175478019935,0.10710551003765878
2000-12-06,1.4596175478019935,0.10710551003765878
2000-12-07,1.4596175478019935,0.10710551003765878
2000-12-08,1.4596175478019935,0.10710551003765878
2000-12-11,1.4596175478019935,0.10710551003765878
2000-12-12,1.4596175478019935,0.10710551003765878
2000-12-13,1.4596175478019935,0.10710551003765878
2000-12-14,1.4596175478019935,0.10710551003765878
2000-12-15,1.4596175478019935,0.10710551003765878
2000-12-18,1.4596175478019935,0.10710551003765878
2000-12-19,1.4596175478019935,0.10710551003765878
2000-12-20,1.4596175478019935,0.10710551003765878
2000-12-21,1.4596175478019935,0.10710551003765878
2000-12-22,1.4596175478019935,0.10710551003765878
2000-12-25,1.4596175478019935,0.10710551003765878
2000-12-26,1.4596175478019935,0.10710551003765878
2000-12-27,1.4596175478019935,0.10710551003765878
2000-12-28,1.4596175478019935,0.10710551003765878
2000-12-29,1.4596175478019935,0.10710551003765878
2001-01-01,1.4596175478019935,0.10710551003765878
2001-01-02,1.2916243371241907,0.05145493708709617
2001-01-03,1.2916243371241907,0.05145493708709617
2001-01-04,1.2916243371241907,0.05145493708709617
2001-01-05,1.2916243371241907,0.05145493708709617
2001-01-08,1.2916243371241907,0.05145493708709617
2001-01-09,1.2916243371241907,0.05145493708709617
2001-01-10,1.2916243371241907,0.05145493708709617
2001-01-11,1.2916243371241907,0.05145493708709617
2001-01-12,1.2916243371241907,0.05145493708709617
2001-01-15,1.2916243371241907,0.05145493708709617
2001-01-16,1.2916243371241907,0.05145493708709617
2001-01-17,1.2916243371241907,0.05145493708709617
2001-01-18,1.2916243371241907,0.05145493708709617
2001-01-19,1.2916243371241907,0.05145493708709617
2001-01-22,1.2916243371241907,0.05145493708709617
2001-01-23,1.2916243371241907,0.05145493708709617
2001-01-24,1.2916243371241907,0.05145493708709617
2001-01-25,1.2916243371241907,0.05145493708709617
2001-01-26,1.2916243371241907,0.05145493708709617
2001-01-29,1.2916243371241907,0.05145493708709617
2001-01-30,1.2916243371241907,0.05145493708709617
2001-01-31,1.2916243371241907,0.05145493708709617
2001-02-01,0.6589553549881089,0.3219899882673171
2001-02-02,0.6589553549881089,0.3219899882673171
2001-02-05,0.6589553549881089,0.3219899882673171
2001-02-06,0.6589553549881089,0.3219899882673171
2001-02-07,0.6589553549881089,0.3219899882673171
2001-02-08,0.6589553549881089,0.3219899882673171
2001-02-09,0.6589553549881089,0.3219899882673171
2001-02-12,0.6589553549881089,0.3219899882673171
2001-02-13,0.6589553549881089,0.3219899882673171
2001-02-14,0.6589553549881089,0.3219899882673171
2001-02-15,0.6589553549881089,0.3219899882673171
2001-02-16,0.6589553549881089,0.3219899882673171
2001-02-19,0.6589553549881089,0.3219899882673171
2001-02-20,0.6589553549881089,0.3219899882673171
2001-02-21,0.6589553549881089,0.3219899882673171
2001-02-22,0.6589553549881089,0.3219899882673171
2001-02-23,0.6589553549881089,0.3219899882673171
2001-02-26,0.6589553549881089,0.3219899882673171
2001-02-27,0.6589553549881089,0.3219899882673171
2001-02-28,0.6589553549881089,0.3219899882673171
2001-03-01,1.245731332933191,0.06835873361427217
2001-03-02,1.245731332933191,0.06835873361427217
2001-03-05,1.245731332933191,0.06835873361427217
2001-03-06,1.245731332933191,0.06835873361427217
2001-03-07,1.245731332933191,0.06835873361427217
2001-03-08,1.245731332933191,0.06835873361427217
2001-03-09,1.245731332933191,0.06835873361427217
2001-03-12,1.245731332933191,0.06835873361427217
2001-03-13,1.245731332933191,0.06835873361427217
2001-03-14,1.245731332933191,0.06835873361427217
2001-03-15,1.245731332933191,0.06835873361427217
2001-03-16,1.245731332933191,0.06835873361427217
2001-03-19,1.245731332933191,0.06835873361427217
2001-03-20,1.245731332933191,0.06835873361427217
2001-03-21,1.245731332933191,0.06835873361427217
2001-03-22,1.245731332933191,0.06835873361427217
2001-03-23,1.245731332933191,0.06835873361427217
2001-03-26,1.245731332933191,0.06835873361427217
2001-03-27,1.245731332933191,0.06835873361427217
2001-03-28,1.245731332933191,0.06835873361427217
2001-03-29,1.245731332933191,0.06835873361427217
2001-03-30,1.245731332933191,0.06835873361427217
2001-04-02,1.245731332933191,0.06835873361427217
2001-04-03,1.2929929868918488,0.09914656836863807
2001-04-04,1.2929929868918488,0.09914656836863807
2001-04-05,1.2929929868918488,0.09914656836863807
2001-04-06,1.2929929868918488,0.09914656836863807
2001-04-09,1.2929929868918488,0.09914656836863807
2001-04-10,1.2929929868918488,0.09914656836863807
2001-04-11,1.2929929868918488,0.09914656836863807
2001-04-12,1.2929929868918488,0.09914656836863807
2001-04-13,1.2929929868918488,0.09914656836863807
2001-04-16,1.2929929868918488,0.09914656836863807
2001-04-17,1.2929929868918488,0.09914656836863807
2001-04-18,1.2929929868918488,0.09914656836863807
2001-04-19,1.2929929868918488,0.09914656836863807
2001-04-20,1.2929929868918488,0.09914656836863807
2001-04-23,1.2929929868918488,0.09914656836863807
2001-04-24,1.2929929868918488,0.09914656836863807
2001-04-25,1.2929929868918488,0.09914656836863807
2001-04-26,1.2929929868918488,0.09914656836863807
2001-04-27,1.2929929868918488,0.09914656836863807
2001-04-30,1.2929929868918488,0.09914656836863807
2001-05-01,0.8604500967792987,0.24482720773718558
2001-05-02,0.8604500967792987,0.24482720773718558
2001-05-03,0.8604500967792987,0.24482720773718558
2001-05-04,0.8604500967792987,0.24482720773718558
2001-05-07,0.8604500967792987,0.24482720773718558
2001-05-08,0.8604500967792987,0.24482720773718558
2001-05-09,0.8604500967792987,0.24482720773718558
2001-05-10,0.8604500967792987,0.24482720773718558
2001-05-11,0.8604500967792987,0.24482720773718558
2001-05-14,0.8604500967792987,0.24482720773718558
2001-05-15,0.8604500967792987,0.24482720773718558
2001-05-16,0.8604500967792987,0.24482720773718558
2001-05-17,0.8604500967792987,0.24482720773718558
2001-05-18,0.8604500967792987,0.24482720773718558
2001-05-21,0.8604500967792987,0.24482720773718558
2001-05-22,0.8604500967792987,0.24482720773718558
2001-05-23,0.8604500967792987,0.24482720773718558
2001-05-24,0.8604500967792987,0.24482720773718558
2001-05-25,0.8604500967792987,0.24482720773718558
2001-05-28,0.8604500967792987,0.24482720773718558
2001-05-29,0.8604500967792987,0.24482720773718558
2001-05-30,0.8604500967792987,0.24482720773718558
2001-05-31,0.8604500967792987,0.24482720773718558
2001-06-01,0.5449433519252296,0.41299134623910344
2001-06-04,0.5449433519252296,0.41299134623910344
2001-06-05,0.5449433519252296,0.41299134623910344
2001-06-06,0.5449433519252296,0.41299134623910344
2001-06-07,0.5449433519252296,0.41299134623910344
2001-06-08,0.5449433519252296,0.41299134623910344
2001-06-11,0.5449433519252296,0.41299134623910344
2001-06-12,0.5449433519252296,0.41299134623910344
2001-06-13,0.5449433519252296,0.41299134623910344
2001-06-14,0.5449433519252296,0.41299134623910344
2001-06-15,0.5449433519252296,0.41299134623910344
2001-06-18,0.5449433519252296,0.41299134623910344
2001-06-19,0.5449433519252296,0.41299134623910344
2001-06-20,0.5449433519252296,0.41299134623910344
2001-06-21,0.5449433519252296,0.41299134623910344
2001-06-22,0.5449433519252296,0.41299134623910344
2001-06-25,0.5449433519252296,0.41299134623910344
2001-06-26,0.5449433519252296,0.41299134623910344
2001-06-27,0.5449433519252296,0.41299134623910344
2001-06-28,0.5449433519252296,0.41299134623910344
2001-06-29,0.5449433519252296,0.41299134623910344
2001-07-02,0.5449433519252296,0.41299134623910344
2001-07-03,0.27524929825070327,0.6203632433223192
2001-07-04,0.27524929825070327,0.6203632433223192
2001-07-05,0.27524929825070327,0.6203632433223192
2001-07-06,0.27524929825070327,0.6203632433223192
2001-07-09,0.27524929825070327,0.6203632433223192
2001-07-10,0.27524929825070327,0.6203632433223192
2001-07-11,0.27524929825070327,0.6203632433223192
2001-07-12,0.27524929825070327,0.6203632433223192
2001-07-13,0.27524929825070327,0.6203632433223192
2001-07-16,0.27524929825070327,0.6203632433223192
2001-07-17,0.27524929825070327,0.6203632433223192
2001-07-18,0.27524929825070327,0.6203632433223192
2001-07-19,0.27524929825070327,0.6203632433223192
2001-07-20,0.27524929825070327,0.6203632433223192
2001-07-23,0.27524929825070327,0.6203632433223192
2001-07-24,0.27524929825070327,0.6203632433223192
2001-07-25,0.27524929825070327,0.6203632433223192
2001-07-26,0.27524929825070327,0.6203632433223192
2001-07-27,0.27524929825070327,0.6203632433223192
2001-07-30,0.27524929825070327,0.6203632433223192
2001-07-31,0.27524929825070327,0.6203632433223192
2001-08-01,0.46997067844760765,0.4971080280918696
2001-08-02,0.46997067844760765,0.4971080280918696
2001-08-03,0.46997067844760765,0.4971080280918696
2001-08-06,0.46997067844760765,0.4971080280918696
2001-08-07,0.46997067844760765,0.4971080280918696
2001-08-08,0.46997067844760765,0.4971080280918696
2001-08-09,0.46997067844760765,0.4971080280918696
2001-08-10,0.46997067844760765,0.4971080280918696
2001-08-13,0.46997067844760765,0.4971080280918696
2001-08-14,0.46997067844760765,0.4971080280918696
2001-08-15,0.46997067844760765,0.4971080280918696
2001-08-16,0.46997067844760765,0.4971080280918696
2001-08-17,0.46997067844760765,0.4971080280918696
2001-08-20,0.46997067844760765,0.4971080280918696
2001-08-21,0.46997067844760765,0.4971080280918696
2001-08-22,0.46997067844760765,0.4971080280918696
2001-08-23,0.46997067844760765,0.4971080280918696
2001-08-24,0.46997067844760765,0.4971080280918696
2001-08-27,0.46997067844760765,0.4971080280918696
2001-08-28,0.46997067844760765,0.4971080280918696
2001-08-29,0.46997067844760765,0.4971080280918696
2001-08-30,0.46997067844760765,0.4971080280918696
2001-08-31,0.46997067844760765,0.4971080280918696
2001-09-03,0.7844021449202601,0.36563721932181226
2001-09-04,0.7844021449202601,0.36563721932181226
2001-09-05,0.7844021449202601,0.36563721932181226
2001-09-06,0.7844021449202601,0.36563721932181226
2001-09-07,0.7844021449202601,0.36563721932181226
2001-09-10,0.7844021449202601,0.36563721932181226
2001-09-11,0.7844021449202601,0.36563721932181226
2001-09-12,0.7844021449202601,0.36563721932181226
2001-09-13,0.7844021449202601,0.36563721932181226
2001-09-14,0.7844021449202601,0.36563721932181226
2001-09-17,0.7844021449202601,0.36563721932181226
2001-09-18,0.7844021449202601,0.36563721932181226
2001-09-19,0.7844021449202601,0.36563721932181226
2001-09-20,0.7844021449202601,0.36563721932181226
2001-09-21,0.7844021449202601,0.36563721932181226
2001-09-24,0.7844021449202601,0.36563721932181226
2001-09-25,0.7844021449202601,0.36563721932181226
2001-09-26,0.7844021449202601,0.36563721932181226
2001-09-27,0.7844021449202601,0.36563721932181226
2001-09-28,0.7844021449202601,0.36563721932181226
2001-10-01,0.7844021449202601,0.36563721932181226
2001-10-02,1.6400634101617855,0.04630954870463568
2001-10-03,1.6400634101617855,0.04630954870463568
2001-10-04,1.6400634101617855,0.04630954870463568
2001-10-05,1.6400634101617855,0.04630954870463568
2001-10-08,1.6400634101617855,0.04630954870463568
2001-10-09,1.6400634101617855,0.04630954870463568
2001-10-10,1.6400634101617855,0.04630954870463568
2001-10-11,1.6400634101617855,0.04630954870463568
2001-10-12,1.6400634101617855,0.04630954870463568
2001-10-15,1.6400634101617855,0.04630954870463568
2001-10-16,1.6400634101617855,0.04630954870463568
2001-10-17,1.6400634101617855,0.04630954870463568
2001-10-18,1.6400634101617855,0.04630954870463568
2001-10-19,1.6400634101617855,0.04630954870463568
2001-10-22,1.6400634101617855,0.04630954870463568
2001-10-23,1.6400634101617855,0.04630954870463568
2001-10-24,1.6400634101617855,0.04630954870463568
2001-10-25,1.6400634101617855,0.04630954870463568
2001-10-26,1.6400634101617855,0.04630954870463568
2001-10-29,1.6400634101617855,0.04630954870463568
2001-10-30,1.6400634101617855,0.04630954870463568
2001-10-31,1.6400634101617855,0.04630954870463568
2001-11-01,1.8184849084200576,0.1393210177553517
2001-11-02,1.8184849084200576,0.1393210177553517
2001-11-05,1.8184849084200576,0.1393210177553517
2001-11-06,1.8184849084200576,0.1393210177553517
2001-11-07,1.8184849084200576,0.1393210177553517
2001-11-08,1.8184849084200576,0.1393210177553517
2001-11-09,1.8184849084200576,0.1393210177553517
2001-11-12,1.8184849084200576,0.1393210177553517
2001-11-13,1.8184849084200576,0.1393210177553517
2001-11-14,1.8184849084200576,0.1393210177553517
2001-11-15,1.8184849084200576,0.1393210177553517
2001-11-16,1.8184849084200576,0.1393210177553517
2001-11-19,1.8184849084200576,0.1393210177553517
2001-11-20,1.8184849084200576,0.1393210177553517
2001-11-21,1.8184849084200576,0.1393210177553517
2001-11-22,1.8184849084200576,0.1393210177553517
2001-11-23,1.8184849084200576,0.1393210177553517
2001-11-26,1.8184849084200576,0.1393210177553517
2001-11-27,1.8184849084200576,0.1393210177553517
2001-11-28,1.8184849084200576,0.1393210177553517
2001-11-29,1.8184849084200576,0.1393210177553517
2001-11-30,1.8184849084200576,0.1393210177553517
2001-12-03,0.8600559758716316,0.3743136043071198
2001-12-04,0.8600559758716316,0.3743136043071198
2001-12-05,0.8600559758716316,0.3743136043071198
2001-12-06,0.8600559758716316,0.3743136043071198
2001-12-07,0.8600559758716316,0.3743136043071198
2001-12-10,0.8600559758716316,0.3743136043071198
2001-12-11,0.8600559758716316,0.3743136043071198
2001-12-12,0.8600559758716316,0.3743136043071198
2001-12-13,0.8600559758716316,0.3743136043071198
2001-12-14,0.8600559758716316,0.3743136043071198
2001-12-17,0.8600559758716316,0.3743136043071198
2001-12-18,0.8600559758716316,0.3743136043071198
2001-12-19,0.8600559758716316,0.3743136043071198
2001-12-20,0.8600559758716316,0.3743136043071198
2001-12-21,0.8600559758716316,0.3743136043071198
2001-12-24,0.8600559758716316,0.3743136043071198
2001-12-25,0.8600559758716316,0.3743136043071198
2001-12-26,0.8600559758716316,0.3743136043071198
2001-12-27,0.8600559758716316,0.3743136043071198
2001-12-28,0.8600559758716316,0.3743136043071198
2001-12-31,0.8600559758716316,0.3743136043071198
2002-01-01,0.775385633006251,0.39224453428108724
2002-01-02,0.775385633006251,0.39224453428108724
2002-01-03,0.775385633006251,0.39224453428108724
2002-01-04,0.775385633006251,0.39224453428108724
2002-01-07,0.775385633006251,0.39224453428108724
2002-01-08,0.775385633006251,0.39224453428108724
2002-01-09,0.775385633006251,0.39224453428108724
2002-01-10,0.775385633006251,0.39224453428108724
2002-01-11,0.775385633006251,0.39224453428108724
2002-01-14,0.775385633006251,0.39224453428108724
2002-01-15,0.775385633006251,0.39224453428108724
2002-01-16,0.775385633006251,0.39224453428108724
2002-01-17,0.775385633006251,0.39224453428108724
2002-01-18,0.775385633006251,0.39224453428108724
2002-01-21,0.775385633006251,0.39224453428108724
2002-01-22,0.775385633006251,0.39224453428108724
2002-01-23,0.775385633006251,0.39224453428108724
2002-01-24,0.775385633006251,0.39224453428108724
2002-01-25,0.775385633006251,0.39224453428108724
2002-01-28,0.775385633006251,0.39224453428108724
2002-01-29,0.775385633006251,0.39224453428108724
2002-01-30,0.775385633006251,0.39224453428108724
2002-01-31,0.775385633006251,0.39224453428108724
2002-02-01,0.6154439462505945,0.5324115493425994
2002-02-04,0.6154439462505945,0.5324115493425994
2002-02-05,0.6154439462505945,0.5324115493425994
2002-02-06,0.6154439462505945,0.5324115493425994
2002-02-07,0.6154439462505945,0.5324115493425994
2002-02-08,0.6154439462505945,0.5324115493425994
2002-02-11,0.6154439462505945,0.5324115493425994
2002-02-12,0.6154439462505945,0.5324115493425994
2002-02-13,0.6154439462505945,0.5324115493425994
2002-02-14,0.6154439462505945,0.5324115493425994
2002-02-15,0.6154439462505945,0.5324115493425994
2002-02-18,0.6154439462505945,0.5324115493425994
2002-02-19,0.6154439462505945,0.5324115493425994
2002-02-20,0.6154439462505945,0.5324115493425994
2002-02-21,0.6154439462505945,0.5324115493425994
2002-02-22,0.6154439462505945,0.5324115493425994
2002-02-25,0.6154439462505945,0.5324115493425994
2002-02-26,0.6154439462505945,0.5324115493425994
2002-02-27,0.6154439462505945,0.5324115493425994
2002-02-28,0.6154439462505945,0.5324115493425994
2002-03-01,0.7874160848798458,0.48716788615977863
2002-03-04,0.7874160848798458,0.48716788615977863
2002-03-05,0.7874160848798458,0.48716788615977863
2002-03-06,0.7874160848798458,0.48716788615977863
2002-03-07,0.7874160848798458,0.48716788615977863
2002-03-08,0.7874160848798458,0.48716788615977863
2002-03-11,0.7874160848798458,0.48716788615977863
2002-03-12,0.7874160848798458,0.48716788615977863
2002-03-13,0.7874160848798458,0.48716788615977863
2002-03-14,0.7874160848798458,0.48716788615977863
2002-03-15,0.7874160848798458,0.48716788615977863
2002-03-18,0.7874160848798458,0.48716788615977863
2002-03-19,0.7874160848798458,0.48716788615977863
2002-03-20,0.7874160848798458,0.48716788615977863
2002-03-21,0.7874160848798458,0.48716788615977863
2002-03-22,0.7874160848798458,0.48716788615977863
2002-03-25,0.7874160848798458,0.48716788615977863
2002-03-26,0.7874160848798458,0.48716788615977863
2002-03-27,0.7874160848798458,0.48716788615977863
2002-03-28,0.7874160848798458,0.48716788615977863
2002-03-29,0.7874160848798458,0.48716788615977863
2002-04-01,0.7874160848798458,0.48716788615977863
2002-04-02,0.3737074866690586,0.7003737484860402
2002-04-03,0.3737074866690586,0.7003737484860402
2002-04-04,0.3737074866690586,0.7003737484860402
2002-04-05,0.3737074866690586,0.7003737484860402
2002-04-08,0.3737074866690586,0.7003737484860402
2002-04-09,0.3737074866690586,0.7003737484860402
2002-04-10,0.3737074866690586,0.7003737484860402
2002-04-11,0.3737074866690586,0.7003737484860402
2002-04-12,0.3737074866690586,0.7003737484860402
2002-04-15,0.3737074866690586,0.7003737484860402
2002-04-16,0.3737074866690586,0.7003737484860402
2002-04-17,0.3737074866690586,0.7003737484860402
2002-04-18,0.3737074866690586,0.7003737484860402
2002-04-19,0.3737074866690586,0.7003737484860402
2002-04-22,0.3737074866690586,0.7003737484860402
2002-04-23,0.3737074866690586,0.7003737484860402
2002-04-24,0.3737074866690586,0.7003737484860402
2002-04-25,0.3737074866690586,0.7003737484860402
2002-04-26,0.3737074866690586,0.7003737484860402
2002-04-29,0.3737074866690586,0.7003737484860402
2002-04-30,0.3737074866690586,0.7003737484860402
2002-05-01,0.9667382567047321,0.4501623863989383
2002-05-02,0.9667382567047321,0.4501623863989383
2002-05-03,0.9667382567047321,0.4501623863989383
2002-05-06,0.9667382567047321,0.4501623863989383
2002-05-07,0.9667382567047321,0.4501623863989383
2002-05-08,0.9667382567047321,0.4501623863989383
2002-05-09,0.9667382567047321,0.4501623863989383
2002-05-10,0.9667382567047321,0.4501623863989383
2002-05-13,0.9667382567047321,0.4501623863989383
2002-05-14,0.9667382567047321,0.4501623863989383
2002-05-15,0.9667382567047321,0.4501623863989383
2002-05-16,0.9667382567047321,0.4501623863989383
2002-05-17,0.9667382567047321,0.4501623863989383
2002-05-20,0.9667382567047321,0.4501623863989383
2002-05-21,0.9667382567047321,0.4501623863989383
2002-05-22,0.9667382567047321,0.4501623863989383
2002-05-23,0.9667382567047321,0.4501623863989383
2002-05-24,0.9667382567047321,0.4501623863989383
2002-05-27,0.9667382567047321,0.4501623863989383
2002-05-28,0.9667382567047321,0.4501623863989383
2002-05-29,0.9667382567047321,0.4501623863989383
2002-05-30,0.9667382567047321,0.4501623863989383
2002-05-31,0.9667382567047321,0.4501623863989383
2002-06-03,0.5190115200797614,0.6386140819371172
2002-06-04,0.5190115200797614,0.6386140819371172
2002-06-05,0.5190115200797614,0.6386140819371172
2002-06-06,0.5190115200797614,0.6386140819371172
2002-06-07,0.5190115200797614,0.6386140819371172
2002-06-10,0.5190115200797614,0.6386140819371172
2002-06-11,0.5190115200797614,0.6386140819371172
2002-06-12,0.5190115200797614,0.6386140819371172
2002-06-13,0.5190115200797614,0.6386140819371172
2002-06-14,0.5190115200797614,0.6386140819371172
2002-06-17,0.5190115200797614,0.6386140819371172
2002-06-18,0.5190115200797614,0.6386140819371172
2002-06-19,0.5190115200797614,0.6386140819371172
2002-06-20,0.5190115200797614,0.6386140819371172
2002-06-21,0.5190115200797614,0.6386140819371172
2002-06-24,0.5190115200797614,0.6386140819371172
2002-06-25,0.5190115200797614,0.6386140819371172
2002-06-26,0.5190115200797614,0.6386140819371172
2002-06-27,0.5190115200797614,0.6386140819371172
2002-06-28,0.5190115200797614,0.6386140819371172
2002-07-01,0.5190115200797614,0.6386140819371172
2002-07-02,1.273982002169381,0.32199395460223634
2002-07-03,1.273982002169381,0.32199395460223634
2002-07-04,1.273982002169381,0.32199395460223634
2002-07-05,1.273982002169381,0.32199395460223634
2002-07-08,1.273982002169381,0.32199395460223634
2002-07-09,1.273982002169381,0.32199395460223634
2002-07-10,1.273982002169381,0.32199395460223634
2002-07-11,1.273982002169381,0.32199395460223634
2002-07-12,1.273982002169381,0.32199395460223634
2002-07-15,1.273982002169381,0.32199395460223634
2002-07-16,1.273982002169381,0.32199395460223634
2002-07-17,1.273982002169381,0.32199395460223634
2002-07-18,1.273982002169381,0.32199395460223634
2002-07-19,1.273982002169381,0.32199395460223634
2002-07-22,1.273982002169381,0.32199395460223634
2002-07-23,1.273982002169381,0.32199395460223634
2002-07-24,1.273982002169381,0.32199395460223634
2002-07-25,1.273982002169381,0.32199395460223634
2002-07-26,1.273982002169381,0.32199395460223634
2002-07-29,1.273982002169381,0.32199395460223634
2002-07-30,1.273982002169381,0.32199395460223634
2002-07-31,1.273982002169381,0.32199395460223634
2002-08-01,2.2138032589531313,0.09510065498195595
2002-08-02,2.2138032589531313,0.09510065498195595
2002-08-05,2.2138032589531313,0.09510065498195595
2002-08-06,2.2138032589531313,0.09510065498195595
2002-08-07,2.2138032589531313,0.09510065498195595
2002-08-08,2.2138032589531313,0.09510065498195595
2002-08-09,2.2138032589531313,0.09510065498195595
2002-08-12,2.2138032589531313,0.09510065498195595
2002-08-13,2.2138032589531313,0.09510065498195595
2002-08-14,2.2138032589531313,0.09510065498195595
2002-08-15,2.2138032589531313,0.09510065498195595
2002-08-16,2.2138032589531313,0.09510065498195595
2002-08-19,2.2138032589531313,0.09510065498195595
2002-08-20,2.2138032589531313,0.09510065498195595
2002-08-21,2.2138032589531313,0.09510065498195595
2002-08-22,2.2138032589531313,0.09510065498195595
2002-08-23,2.2138032589531313,0.09510065498195595
2002-08-26,2.2138032589531313,0.09510065498195595
2002-08-27,2.2138032589531313,0.09510065498195595
2002-08-28,2.2138032589531313,0.09510065498195595
2002-08-29,2.2138032589531313,0.09510065498195595
2002-08-30,2.2138032589531313,0.09510065498195595
2002-09-02,2.2138032589531313,0.09510065498195595
2002-09-03,2.202367119749,0.11256016737899345
2002-09-04,2.202367119749,0.11256016737899345
2002-09-05,2.202367119749,0.11256016737899345
2002-09-06,2.202367119749,0.11256016737899345
2002-09-09,2.202367119749,0.11256016737899345
2002-09-10,2.202367119749,0.11256016737899345
2002-09-11,2.202367119749,0.11256016737899345
2002-09-12,2.202367119749,0.11256016737899345
2002-09-13,2.202367119749,0.11256016737899345
2002-09-16,2.202367119749,0.11256016737899345
2002-09-17,2.202367119749,0.11256016737899345
2002-09-18,2.202367119749,0.11256016737899345
2002-09-19,2.202367119749,0.11256016737899345
2002-09-20,2.202367119749,0.11256016737899345
2002-09-23,2.202367119749,0.11256016737899345
2002-09-24,2.202367119749,0.11256016737899345
2002-09-25,2.202367119749,0.11256016737899345
2002-09-26,2.202367119749,0.11256016737899345
2002-09-27,2.202367119749,0.11256016737899345
2002-09-30,2.202367119749,0.11256016737899345
2002-10-01,2.9789623082294114,0.4634865476023949
2002-10-02,2.9789623082294114,0.4634865476023949
2002-10-03,2.9789623082294114,0.4634865476023949
2002-10-04,2.9789623082294114,0.4634865476023949
2002-10-07,2.9789623082294114,0.4634865476023949
2002-10-08,2.9789623082294114,0.4634865476023949
2002-10-09,2.9789623082294114,0.4634865476023949
2002-10-10,2.9789623082294114,0.4634865476023949
2002-10-11,2.9789623082294114,0.4634865476023949
2002-10-14,2.9789623082294114,0.4634865476023949
2002-10-15,2.9789623082294114,0.4634865476023949
2002-10-16,2.9789623082294114,0.4634865476023949
2002-10-17,2.9789623082294114,0.4634865476023949
2002-10-18,2.9789623082294114,0.4634865476023949
2002-10-21,2.9789623082294114,0.4634865476023949
2002-10-22,2.9789623082294114,0.4634865476023949
2002-10-23,2.9789623082294114,0.4634865476023949
2002-10-24,2.9789623082294114,0.4634865476023949
2002-10-25,2.9789623082294114,0.4634865476023949
2002-10-28,2.9789623082294114,0.4634865476023949
2002-10-29,2.9789623082294114,0.4634865476023949
2002-10-30,2.9789623082294114,0.4634865476023949
2002-10-31,2.9789623082294114,0.4634865476023949
2002-11-01,2.3078729539018186,0.07691534194578495
2002-11-04,2.3078729539018186,0.07691534194578495
2002-11-05,2.3078729539018186,0.07691534194578495
2002-11-06,2.3078729539018186,0.07691534194578495
2002-11-07,2.3078729539018186,0.07691534194578495
2002-11-08,2.3078729539018186,0.07691534194578495
2002-11-11,2.3078729539018186,0.07691534194578495
2002-11-12,2.3078729539018186,0.07691534194578495
2002-11-13,2.3078729539018186,0.07691534194578495
2002-11-14,2.3078729539018186,0.07691534194578495
2002-11-15,2.3078729539018186,0.07691534194578495
2002-11-18,2.3078729539018186,0.07691534194578495
2002-11-19,2.3078729539018186,0.07691534194578495
2002-11-20,2.3078729539018186,0.07691534194578495
2002-11-21,2.3078729539018186,0.07691534194578495
2002-11-22,2.3078729539018186,0.07691534194578495
2002-11-25,2.3078729539018186,0.07691534194578495
2002-11-26,2.3078729539018186,0.07691534194578495
2002-11-27,2.3078729539018186,0.07691534194578495
2002-11-28,2.3078729539018186,0.07691534194578495
2002-11-29,2.3078729539018186,0.07691534194578495
2002-12-02,2.3078729539018186,0.07691534194578495
2002-12-03,1.5711974186115203,0.21605586814615108
2002-12-04,1.5711974186115203,0.21605586814615108
2002-12-05,1.5711974186115203,0.21605586814615108
2002-12-06,1.5711974186115203,0.21605586814615108
2002-12-09,1.5711974186115203,0.21605586814615108
2002-12-10,1.5711974186115203,0.21605586814615108
2002-12-11,1.5711974186115203,0.21605586814615108
2002-12-12,1.5711974186115203,0.21605586814615108
2002-12-13,1.5711974186115203,0.21605586814615108
2002-12-16,1.5711974186115203,0.21605586814615108
2002-12-17,1.5711974186115203,0.21605586814615108
2002-12-18,1.5711974186115203,0.21605586814615108
2002-12-19,1.5711974186115203,0.21605586814615108
2002-12-20,1.5711974186115203,0.21605586814615108
2002-12-23,1.5711974186115203,0.21605586814615108
2002-12-24,1.5711974186115203,0.21605586814615108
2002-12-25,1.5711974186115203,0.21605586814615108
2002-12-26,1.5711974186115203,0.21605586814615108
2002-12-27,1.5711974186115203,0.21605586814615108
2002-12-30,1.5711974186115203,0.21605586814615108
2002-12-31,1.5711974186115203,0.21605586814615108
2003-01-01,1.5599149993994879,0.22503987462089253
2003-01-02,1.5599149993994879,0.22503987462089253
2003-01-03,1.5599149993994879,0.22503987462089253
2003-01-06,1.5599149993994879,0.22503987462089253
2003-01-07,1.5599149993994879,0.22503987462089253
2003-01-08,1.5599149993994879,0.22503987462089253
2003-01-09,1.5599149993994879,0.22503987462089253
2003-01-10,1.5599149993994879,0.22503987462089253
2003-01-13,1.5599149993994879,0.22503987462089253
2003-01-14,1.5599149993994879,0.22503987462089253
2003-01-15,1.5599149993994879,0.22503987462089253
2003-01-16,1.5599149993994879,0.22503987462089253
2003-01-17,1.5599149993994879,0.22503987462089253
2003-01-20,1.5599149993994879,0.22503987462089253
2003-01-21,1.5599149993994879,0.22503987462089253
2003-01-22,1.5599149993994879,0.22503987462089253
2003-01-23,1.5599149993994879,0.22503987462089253
2003-01-24,1.5599149993994879,0.22503987462089253
2003-01-27,1.5599149993994879,0.22503987462089253
2003-01-28,1.5599149993994879,0.22503987462089253
2003-01-29,1.5599149993994879,0.22503987462089253
2003-01-30,1.5599149993994879,0.22503987462089253
2003-01-31,1.5599149993994879,0.22503987462089253
2003-02-03,1.6475988182053012,0.1417916068368894
2003-02-04,1.6475988182053012,0.1417916068368894
2003-02-05,1.6475988182053012,0.1417916068368894
2003-02-06,1.6475988182053012,0.1417916068368894
2003-02-07,1.6475988182053012,0.1417916068368894
2003-02-10,1.6475988182053012,0.1417916068368894
2003-02-11,1.6475988182053012,0.1417916068368894
2003-02-12,1.6475988182053012,0.1417916068368894
2003-02-13,1.6475988182053012,0.1417916068368894
2003-02-14,1.6475988182053012,0.1417916068368894
2003-02-17,1.6475988182053012,0.1417916068368894
2003-02-18,1.6475988182053012,0.1417916068368894
2003-02-19,1.6475988182053012,0.1417916068368894
2003-02-20,1.6475988182053012,0.1417916068368894
2003-02-21,1.6475988182053012,0.1417916068368894
2003-02-24,1.6475988182053012,0.1417916068368894
2003-02-25,1.6475988182053012,0.1417916068368894
2003-02-26,1.6475988182053012,0.1417916068368894
2003-02-27,1.6475988182053012,0.1417916068368894
2003-02-28,1.6475988182053012,0.1417916068368894
2003-03-03,1.4817506927116668,0.242590664429584
2003-03-04,1.4817506927116668,0.242590664429584
2003-03-05,1.4817506927116668,0.242590664429584
2003-03-06,1.4817506927116668,0.242590664429584
2003-03-07,1.4817506927116668,0.242590664429584
2003-03-10,1.4817506927116668,0.242590664429584
2003-03-11,1.4817506927116668,0.242590664429584
2003-03-12,1.4817506927116668,0.242590664429584
2003-03-13,1.4817506927116668,0.242590664429584
2003-03-14,1.4817506927116668,0.242590664429584
2003-03-17,1.4817506927116668,0.242590664429584
2003-03-18,1.4817506927116668,0.242590664429584
2003-03-19,1.4817506927116668,0.242590664429584
2003-03-20,1.4817506927116668,0.242590664429584
2003-03-21,1.4817506927116668,0.242590664429584
2003-03-24,1.4817506927116668,0.242590664429584
2003-03-25,1.4817506927116668,0.242590664429584
2003-03-26,1.4817506927116668,0.242590664429584
2003-03-27,1.4817506927116668,0.242590664429584
2003-03-28,1.4817506927116668,0.242590664429584
2003-03-31,1.4817506927116668,0.242590664429584
2003-04-01,1.3817111768207944,0.2791245639143697
2003-04-02,1.3817111768207944,0.2791245639143697
2003-04-03,1.3817111768207944,0.2791245639143697
2003-04-04,1.3817111768207944,0.2791245639143697
2003-04-07,1.3817111768207944,0.2791245639143697
2003-04-08,1.3817111768207944,0.2791245639143697
2003-04-09,1.3817111768207944,0.2791245639143697
2003-04-10,1.3817111768207944,0.2791245639143697
2003-04-11,1.3817111768207944,0.2791245639143697
2003-04-14,1.3817111768207944,0.2791245639143697
2003-04-15,1.3817111768207944,0.2791245639143697
2003-04-16,1.3817111768207944,0.2791245639143697
2003-04-17,1.3817111768207944,0.2791245639143697
2003-04-18,1.3817111768207944,0.2791245639143697
2003-04-21,1.3817111768207944,0.2791245639143697
2003-04-22,1.3817111768207944,0.2791245639143697
2003-04-23,1.3817111768207944,0.2791245639143697
2003-04-24,1.3817111768207944,0.2791245639143697
2003-04-25,1.3817111768207944,0.2791245639143697
2003-04-28,1.3817111768207944,0.2791245639143697
2003-04-29,1.3817111768207944,0.2791245639143697
2003-04-30,1.3817111768207944,0.2791245639143697
2003-05-01,0.4726029619379301,0.7216690442580913
2003-05-02,0.4726029619379301,0.7216690442580913
2003-05-05,0.4726029619379301,0.7216690442580913
2003-05-06,0.4726029619379301,0.7216690442580913
2003-05-07,0.4726029619379301,0.7216690442580913
2003-05-08,0.4726029619379301,0.7216690442580913
2003-05-09,0.4726029619379301,0.7216690442580913
2003-05-12,0.4726029619379301,0.7216690442580913
2003-05-13,0.4726029619379301,0.7216690442580913
2003-05-14,0.4726029619379301,0.7216690442580913
2003-05-15,0.4726029619379301,0.7216690442580913
2003-05-16,0.4726029619379301,0.7216690442580913
2003-05-19,0.4726029619379301,0.7216690442580913
2003-05-20,0.4726029619379301,0.7216690442580913
2003-05-21,0.4726029619379301,0.7216690442580913
2003-05-22,0.4726029619379301,0.7216690442580913
2003-05-23,0.4726029619379301,0.7216690442580913
2003-05-26,0.4726029619379301,0.7216690442580913
2003-05-27,0.4726029619379301,0.7216690442580913
2003-05-28,0.4726029619379301,0.7216690442580913
2003-05-29,0.4726029619379301,0.7216690442580913
2003-05-30,0.4726029619379301,0.7216690442580913
2003-06-02,0.4726029619379301,0.7216690442580913
2003-06-03,0.287583663959733,0.7927068980678716
2003-06-04,0.287583663959733,0.7927068980678716
2003-06-05,0.287583663959733,0.7927068980678716
2003-06-06,0.287583663959733,0.7927068980678716
2003-06-09,0.287583663959733,0.7927068980678716
2003-06-10,0.287583663959733,0.7927068980678716
2003-06-11,0.287583663959733,0.7927068980678716
2003-06-12,0.287583663959733,0.7927068980678716
2003-06-13,0.287583663959733,0.7927068980678716
2003-06-16,0.287583663959733,0.7927068980678716
2003-06-17,0.287583663959733,0.7927068980678716
2003-06-18,0.287583663959733,0.7927068980678716
2003-06-19,0.287583663959733,0.7927068980678716
2003-06-20,0.287583663959733,0.7927068980678716
2003-06-23,0.287583663959733,0.7927068980678716
2003-06-24,0.287583663959733,0.7927068980678716
2003-06-25,0.287583663959733,0.7927068980678716
2003-06-26,0.287583663959733,0.7927068980678716
2003-06-27,0.287583663959733,0.7927068980678716
2003-06-30,0.287583663959733,0.7927068980678716
2003-07-01,0.20509474359793967,0.806282404471527
2003-07-02,0.20509474359793967,0.806282404471527
2003-07-03,0.20509474359793967,0.806282404471527
2003-07-04,0.20509474359793967,0.806282404471527
2003-07-07,0.20509474359793967,0.806282404471527
2003-07-08,0.20509474359793967,0.806282404471527
2003-07-09,0.20509474359793967,0.806282404471527
2003-07-10,0.20509474359793967,0.806282404471527
2003-07-11,0.20509474359793967,0.806282404471527
2003-07-14,0.20509474359793967,0.806282404471527
2003-07-15,0.20509474359793967,0.806282404471527
2003-07-16,0.20509474359793967,0.806282404471527
2003-07-17,0.20509474359793967,0.806282404471527
2003-07-18,0.20509474359793967,0.806282404471527
2003-07-21,0.20509474359793967,0.806282404471527
2003-07-22,0.20509474359793967,0.806282404471527
2003-07-23,0.20509474359793967,0.806282404471527
2003-07-24,0.20509474359793967,0.806282404471527
2003-07-25,0.20509474359793967,0.806282404471527
2003-07-28,0.20509474359793967,0.806282404471527
2003-07-29,0.20509474359793967,0.806282404471527
2003-07-30,0.20509474359793967,0.806282404471527
2003-07-31,0.20509474359793967,0.806282404471527
2003-08-01,0.15465311065576604,0.8102301431034191
2003-08-04,0.15465311065576604,0.8102301431034191
2003-08-05,0.15465311065576604,0.8102301431034191
2003-08-06,0.15465311065576604,0.8102301431034191
2003-08-07,0.15465311065576604,0.8102301431034191
2003-08-08,0.15465311065576604,0.8102301431034191
2003-08-11,0.15465311065576604,0.8102301431034191
2003-08-12,0.15465311065576604,0.8102301431034191
2003-08-13,0.15465311065576604,0.8102301431034191
2003-08-14,0.15465311065576604,0.8102301431034191
2003-08-15,0.15465311065576604,0.8102301431034191
2003-08-18,0.15465311065576604,0.8102301431034191
2003-08-19,0.15465311065576604,0.8102301431034191
2003-08-20,0.15465311065576604,0.8102301431034191
2003-08-21,0.15465311065576604,0.8102301431034191
2003-08-22,0.15465311065576604,0.8102301431034191
2003-08-25,0.15465311065576604,0.8102301431034191
2003-08-26,0.15465311065576604,0.8102301431034191
2003-08-27,0.15465311065576604,0.8102301431034191
2003-08-28,0.15465311065576604,0.8102301431034191
2003-08-29,0.15465311065576604,0.8102301431034191
2003-09-01,0.15465311065576604,0.8102301431034191
2003-09-02,0.06446125853180816,0.8550977655832033
2003-09-03,0.06446125853180816,0.8550977655832033
2003-09-04,0.06446125853180816,0.8550977655832033
2003-09-05,0.06446125853180816,0.8550977655832033
2003-09-08,0.06446125853180816,0.8550977655832033
2003-09-09,0.06446125853180816,0.8550977655832033
2003-09-10,0.06446125853180816,0.8550977655832033
2003-09-11,0.06446125853180816,0.8550977655832033
2003-09-12,0.06446125853180816,0.8550977655832033
2003-09-15,0.06446125853180816,0.8550977655832033
2003-09-16,0.06446125853180816,0.8550977655832033
2003-09-17,0.06446125853180816,0.8550977655832033
2003-09-18,0.06446125853180816,0.8550977655832033
2003-09-19,0.06446125853180816,0.8550977655832033
2003-09-22,0.06446125853180816,0.8550977655832033
2003-09-23,0.06446125853180816,0.8550977655832033
2003-09-24,0.06446125853180816,0.8550977655832033
2003-09-25,0.06446125853180816,0.8550977655832033
2003-09-26,0.06446125853180816,0.8550977655832033
2003-09-29,0.06446125853180816,0.8550977655832033
2003-09-30,0.06446125853180816,0.8550977655832033
2003-10-01,0.32193836230015305,0.6589669269040648
2003-10-02,0.32193836230015305,0.6589669269040648
2003-10-03,0.32193836230015305,0.6589669269040648
2003-10-06,0.32193836230015305,0.6589669269040648
2003-10-07,0.32193836230015305,0.6589669269040648
2003-10-08,0.32193836230015305,0.6589669269040648
2003-10-09,0.32193836230015305,0.6589669269040648
2003-10-10,0.32193836230015305,0.6589669269040648
2003-10-13,0.32193836230015305,0.6589669269040648
2003-10-14,0.32193836230015305,0.6589669269040648
2003-10-15,0.32193836230015305,0.6589669269040648
2003-10-16,0.32193836230015305,0.6589669269040648
2003-10-17,0.32193836230015305,0.6589669269040648
2003-10-20,0.32193836230015305,0.6589669269040648
2003-10-21,0.32193836230015305,0.6589669269040648
2003-10-22,0.32193836230015305,0.6589669269040648
2003-10-23,0.32193836230015305,0.6589669269040648
2003-10-24,0.32193836230015305,0.6589669269040648
2003-10-27,0.32193836230015305,0.6589669269040648
2003-10-28,0.32193836230015305,0.6589669269040648
2003-10-29,0.32193836230015305,0.6589669269040648
2003-10-30,0.32193836230015305,0.6589669269040648
2003-10-31,0.32193836230015305,0.6589669269040648
2003-11-03,0.30492290368633285,0.9919713368688567
2003-11-04,0.30492290368633285,0.9919713368688567
2003-11-05,0.30492290368633285,0.9919713368688567
2003-11-06,0.30492290368633285,0.9919713368688567
2003-11-07,0.30492290368633285,0.9919713368688567
2003-11-10,0.30492290368633285,0.9919713368688567
2003-11-11,0.30492290368633285,0.9919713368688567
2003-11-12,0.30492290368633285,0.9919713368688567
2003-11-13,0.30492290368633285,0.9919713368688567
2003-11-14,0.30492290368633285,0.9919713368688567
2003-11-17,0.30492290368633285,0.9919713368688567
2003-11-18,0.30492290368633285,0.9919713368688567
2003-11-19,0.30492290368633285,0.9919713368688567
2003-11-20,0.30492290368633285,0.9919713368688567
2003-11-21,0.30492290368633285,0.9919713368688567
2003-11-24,0.30492290368633285,0.9919713368688567
2003-11-25,0.30492290368633285,0.9919713368688567
2003-11-26,0.30492290368633285,0.9919713368688567
2003-11-27,0.30492290368633285,0.9919713368688567
2003-11-28,0.30492290368633285,0.9919713368688567
2003-12-01,0.30492290368633285,0.9919713368688567
2003-12-02,0.3415442606756914,0.9898152474645897
2003-12-03,0.3415442606756914,0.9898152474645897
2003-12-04,0.3415442606756914,0.9898152474645897
2003-12-05,0.3415442606756914,0.9898152474645897
2003-12-08,0.3415442606756914,0.9898152474645897
2003-12-09,0.3415442606756914,0.9898152474645897
2003-12-10,0.3415442606756914,0.9898152474645897
2003-12-11,0.3415442606756914,0.9898152474645897
2003-12-12,0.3415442606756914,0.9898152474645897
2003-12-15,0.3415442606756914,0.9898152474645897
2003-12-16,0.3415442606756914,0.9898152474645897
2003-12-17,0.3415442606756914,0.9898152474645897
2003-12-18,0.3415442606756914,0.9898152474645897
2003-12-19,0.3415442606756914,0.9898152474645897
2003-12-22,0.3415442606756914,0.9898152474645897
2003-12-23,0.3415442606756914,0.9898152474645897
2003-12-24,0.3415442606756914,0.9898152474645897
2003-12-25,0.3415442606756914,0.9898152474645897
2003-12-26,0.3415442606756914,0.9898152474645897
2003-12-29,0.3415442606756914,0.9898152474645897
2003-12-30,0.3415442606756914,0.9898152474645897
2003-12-31,0.3415442606756914,0.9898152474645897
2004-01-01,0.27094354569818524,0.8696687103175479
2004-01-02,0.27094354569818524,0.8696687103175479
2004-01-05,0.27094354569818524,0.8696687103175479
2004-01-06,0.27094354569818524,0.8696687103175479
2004-01-07,0.27094354569818524,0.8696687103175479
2004-01-08,0.27094354569818524,0.8696687103175479
2004-01-09,0.27094354569818524,0.8696687103175479
2004-01-12,0.27094354569818524,0.8696687103175479
2004-01-13,0.27094354569818524,0.8696687103175479
2004-01-14,0.27094354569818524,0.8696687103175479
2004-01-15,0.27094354569818524,0.8696687103175479
2004-01-16,0.27094354569818524,0.8696687103175479
2004-01-19,0.27094354569818524,0.8696687103175479
2004-01-20,0.27094354569818524,0.8696687103175479
2004-01-21,0.27094354569818524,0.8696687103175479
2004-01-22,0.27094354569818524,0.8696687103175479
2004-01-23,0.27094354569818524,0.8696687103175479
2004-01-26,0.27094354569818524,0.8696687103175479
2004-01-27,0.27094354569818524,0.8696687103175479
2004-01-28,0.27094354569818524,0.8696687103175479
2004-01-29,0.27094354569818524,0.8696687103175479
2004-01-30,0.27094354569818524,0.8696687103175479
2004-02-02,0.27094354569818524,0.8696687103175479
2004-02-03,0.4296859450243917,0.9516145362200953
2004-02-04,0.4296859450243917,0.9516145362200953
2004-02-05,0.4296859450243917,0.9516145362200953
2004-02-06,0.4296859450243917,0.9516145362200953
2004-02-09,0.4296859450243917,0.9516145362200953
2004-02-10,0.4296859450243917,0.9516145362200953
2004-02-11,0.4296859450243917,0.9516145362200953
2004-02-12,0.4296859450243917,0.9516145362200953
2004-02-13,0.4296859450243917,0.9516145362200953
2004-02-16,0.4296859450243917,0.9516145362200953
2004-02-17,0.4296859450243917,0.9516145362200953
2004-02-18,0.4296859450243917,0.9516145362200953
2004-02-19,0.4296859450243917,0.9516145362200953
2004-02-20,0.4296859450243917,0.9516145362200953
2004-02-23,0.4296859450243917,0.9516145362200953
2004-02-24,0.4296859450243917,0.9516145362200953
2004-02-25,0.4296859450243917,0.9516145362200953
2004-02-26,0.4296859450243917,0.9516145362200953
2004-02-27,0.4296859450243917,0.9516145362200953
2004-03-01,0.4296859450243917,0.9516145362200953
2004-03-02,0.5808253799099214,1.0474898518574711
2004-03-03,0.5808253799099214,1.0474898518574711
2004-03-04,0.5808253799099214,1.0474898518574711
2004-03-05,0.5808253799099214,1.0474898518574711
2004-03-08,0.5808253799099214,1.0474898518574711
2004-03-09,0.5808253799099214,1.0474898518574711
2004-03-10,0.5808253799099214,1.0474898518574711
2004-03-11,0.5808253799099214,1.0474898518574711
2004-03-12,0.5808253799099214,1.0474898518574711
2004-03-15,0.5808253799099214,1.0474898518574711
2004-03-16,0.5808253799099214,1.0474898518574711
2004-03-17,0.5808253799099214,1.0474898518574711
2004-03-18,0.5808253799099214,1.0474898518574711
2004-03-19,0.5808253799099214,1.0474898518574711
2004-03-22,0.5808253799099214,1.0474898518574711
2004-03-23,0.5808253799099214,1.0474898518574711
2004-03-24,0.5808253799099214,1.0474898518574711
2004-03-25,0.5808253799099214,1.0474898518574711
2004-03-26,0.5808253799099214,1.0474898518574711
2004-03-29,0.5808253799099214,1.0474898518574711
2004-03-30,0.5808253799099214,1.0474898518574711
2004-03-31,0.5808253799099214,1.0474898518574711
2004-04-01,0.3803097098845947,0.9382285826750254
2004-04-02,0.3803097098845947,0.9382285826750254
2004-04-05,0.3803097098845947,0.9382285826750254
2004-04-06,0.3803097098845947,0.9382285826750254
2004-04-07,0.3803097098845947,0.9382285826750254
2004-04-08,0.3803097098845947,0.9382285826750254
2004-04-09,0.3803097098845947,0.9382285826750254
2004-04-12,0.3803097098845947,0.9382285826750254
2004-04-13,0.3803097098845947,0.9382285826750254
2004-04-14,0.3803097098845947,0.9382285826750254
2004-04-15,0.3803097098845947,0.9382285826750254
2004-04-16,0.3803097098845947,0.9382285826750254
2004-04-19,0.3803097098845947,0.9382285826750254
2004-04-20,0.3803097098845947,0.9382285826750254
2004-04-21,0.3803097098845947,0.9382285826750254
2004-04-22,0.3803097098845947,0.9382285826750254
2004-04-23,0.3803097098845947,0.9382285826750254
2004-04-26,0.3803097098845947,0.9382285826750254
2004-04-27,0.3803097098845947,0.9382285826750254
2004-04-28,0.3803097098845947,0.9382285826750254
2004-04-29,0.3803097098845947,0.9382285826750254
2004-04-30,0.3803097098845947,0.9382285826750254
2004-05-03,0.39092129879491677,0.9408420063264539
2004-05-04,0.39092129879491677,0.9408420063264539
2004-05-05,0.39092129879491677,0.9408420063264539
2004-05-06,0.39092129879491677,0.9408420063264539
2004-05-07,0.39092129879491677,0.9408420063264539
2004-05-10,0.39092129879491677,0.9408420063264539
2004-05-11,0.39092129879491677,0.9408420063264539
2004-05-12,0.39092129879491677,0.9408420063264539
2004-05-13,0.39092129879491677,0.9408420063264539
2004-05-14,0.39092129879491677,0.9408420063264539
2004-05-17,0.39092129879491677,0.9408420063264539
2004-05-18,0.39092129879491677,0.9408420063264539
2004-05-19,0.39092129879491677,0.9408420063264539
2004-05-20,0.39092129879491677,0.9408420063264539
2004-05-21,0.39092129879491677,0.9408420063264539
2004-05-24,0.39092129879491677,0.9408420063264539
2004-05-25,0.39092129879491677,0.9408420063264539
2004-05-26,0.39092129879491677,0.9408420063264539
2004-05-27,0.39092129879491677,0.9408420063264539
2004-05-28,0.39092129879491677,0.9408420063264539
2004-05-31,0.39092129879491677,0.9408420063264539
2004-06-01,0.4777649351223932,1.0074128928321233
2004-06-02,0.4777649351223932,1.0074128928321233
2004-06-03,0.4777649351223932,1.0074128928321233
2004-06-04,0.4777649351223932,1.0074128928321233
2004-06-07,0.4777649351223932,1.0074128928321233
2004-06-08,0.4777649351223932,1.0074128928321233
2004-06-09,0.4777649351223932,1.0074128928321233
2004-06-10,0.4777649351223932,1.0074128928321233
2004-06-11,0.4777649351223932,1.0074128928321233
2004-06-14,0.4777649351223932,1.0074128928321233
2004-06-15,0.4777649351223932,1.0074128928321233
2004-06-16,0.4777649351223932,1.0074128928321233
2004-06-17,0.4777649351223932,1.0074128928321233
2004-06-18,0.4777649351223932,1.0074128928321233
2004-06-21,0.4777649351223932,1.0074128928321233
2004-06-22,0.4777649351223932,1.0074128928321233
2004-06-23,0.4777649351223932,1.0074128928321233
2004-06-24,0.4777649351223932,1.0074128928321233
2004-06-25,0.4777649351223932,1.0074128928321233
2004-06-28,0.4777649351223932,1.0074128928321233
2004-06-29,0.4777649351223932,1.0074128928321233
2004-06-30,0.4777649351223932,1.0074128928321233
2004-07-01,0.5767853666898153,1.0558832500539002
2004-07-02,0.5767853666898153,1.0558832500539002
2004-07-05,0.5767853666898153,1.0558832500539002
2004-07-06,0.5767853666898153,1.0558832500539002
2004-07-07,0.5767853666898153,1.0558832500539002
2004-07-08,0.5767853666898153,1.0558832500539002
2004-07-09,0.5767853666898153,1.0558832500539002
2004-07-12,0.5767853666898153,1.0558832500539002
2004-07-13,0.5767853666898153,1.0558832500539002
2004-07-14,0.5767853666898153,1.0558832500539002
2004-07-15,0.5767853666898153,1.0558832500539002
2004-07-16,0.5767853666898153,1.0558832500539002
2004-07-19,0.5767853666898153,1.0558832500539002
2004-07-20,0.5767853666898153,1.0558832500539002
2004-07-21,0.5767853666898153,1.0558832500539002
2004-07-22,0.5767853666898153,1.0558832500539002
2004-07-23,0.5767853666898153,1.0558832500539002
2004-07-26,0.5767853666898153,1.0558832500539002
2004-07-27,0.5767853666898153,1.0558832500539002
2004-07-28,0.5767853666898153,1.0558832500539002
2004-07-29,0.5767853666898153,1.0558832500539002
2004-07-30,0.5767853666898153,1.0558832500539002
2004-08-02,0.5767853666898153,1.0558832500539002
2004-08-03,0.5192510443711256,1.0380474065496175
2004-08-04,0.5192510443711256,1.0380474065496175
2004-08-05,0.5192510443711256,1.0380474065496175
2004-08-06,0.5192510443711256,1.0380474065496175
2004-08-09,0.5192510443711256,1.0380474065496175
2004-08-10,0.5192510443711256,1.0380474065496175
2004-08-11,0.5192510443711256,1.0380474065496175
2004-08-12,0.5192510443711256,1.0380474065496175
2004-08-13,0.5192510443711256,1.0380474065496175
2004-08-16,0.5192510443711256,1.0380474065496175
2004-08-17,0.5192510443711256,1.0380474065496175
2004-08-18,0.5192510443711256,1.0380474065496175
2004-08-19,0.5192510443711256,1.0380474065496175
2004-08-20,0.5192510443711256,1.0380474065496175
2004-08-23,0.5192510443711256,1.0380474065496175
2004-08-24,0.5192510443711256,1.0380474065496175
2004-08-25,0.5192510443711256,1.0380474065496175
2004-08-26,0.5192510443711256,1.0380474065496175
2004-08-27,0.5192510443711256,1.0380474065496175
2004-08-30,0.5192510443711256,1.0380474065496175
2004-08-31,0.5192510443711256,1.0380474065496175
2004-09-01,0.528957378240917,1.0398059891366211
2004-09-02,0.528957378240917,1.0398059891366211
2004-09-03,0.528957378240917,1.0398059891366211
2004-09-06,0.528957378240917,1.0398059891366211
2004-09-07,0.528957378240917,1.0398059891366211
2004-09-08,0.528957378240917,1.0398059891366211
2004-09-09,0.528957378240917,1.0398059891366211
2004-09-10,0.528957378240917,1.0398059891366211
2004-09-13,0.528957378240917,1.0398059891366211
2004-09-14,0.528957378240917,1.0398059891366211
2004-09-15,0.528957378240917,1.0398059891366211
2004-09-16,0.528957378240917,1.0398059891366211
2004-09-17,0.528957378240917,1.0398059891366211
2004-09-20,0.528957378240917,1.0398059891366211
2004-09-21,0.528957378240917,1.0398059891366211
2004-09-22,0.528957378240917,1.0398059891366211
2004-09-23,0.528957378240917,1.0398059891366211
2004-09-24,0.528957378240917,1.0398059891366211
2004-09-27,0.528957378240917,1.0398059891366211
2004-09-28,0.528957378240917,1.0398059891366211
2004-09-29,0.528957378240917,1.0398059891366211
2004-09-30,0.528957378240917,1.0398059891366211
2004-10-01,0.7148800153707645,1.1435500943309773
2004-10-04,0.7148800153707645,1.1435500943309773
2004-10-05,0.7148800153707645,1.1435500943309773
2004-10-06,0.7148800153707645,1.1435500943309773
2004-10-07,0.7148800153707645,1.1435500943309773
2004-10-08,0.7148800153707645,1.1435500943309773
2004-10-11,0.7148800153707645,1.1435500943309773
2004-10-12,0.7148800153707645,1.1435500943309773
2004-10-13,0.7148800153707645,1.1435500943309773
2004-10-14,0.7148800153707645,1.1435500943309773
2004-10-15,0.7148800153707645,1.1435500943309773
2004-10-18,0.7148800153707645,1.1435500943309773
2004-10-19,0.7148800153707645,1.1435500943309773
2004-10-20,0.7148800153707645,1.1435500943309773
2004-10-21,0.7148800153707645,1.1435500943309773
2004-10-22,0.7148800153707645,1.1435500943309773
2004-10-25,0.7148800153707645,1.1435500943309773
2004-10-26,0.7148800153707645,1.1435500943309773
2004-10-27,0.7148800153707645,1.1435500943309773
2004-10-28,0.7148800153707645,1.1435500943309773
2004-10-29,0.7148800153707645,1.1435500943309773
2004-11-01,0.7148800153707645,1.1435500943309773
2004-11-02,0.4974442779121141,0.9819882538775028
2004-11-03,0.4974442779121141,0.9819882538775028
2004-11-04,0.4974442779121141,0.9819882538775028
2004-11-05,0.4974442779121141,0.9819882538775028
2004-11-08,0.4974442779121141,0.9819882538775028
2004-11-09,0.4974442779121141,0.9819882538775028
2004-11-10,0.4974442779121141,0.9819882538775028
2004-11-11,0.4974442779121141,0.9819882538775028
2004-11-12,0.4974442779121141,0.9819882538775028
2004-11-15,0.4974442779121141,0.9819882538775028
2004-11-16,0.4974442779121141,0.9819882538775028
2004-11-17,0.4974442779121141,0.9819882538775028
2004-11-18,0.4974442779121141,0.9819882538775028
2004-11-19,0.4974442779121141,0.9819882538775028
2004-11-22,0.4974442779121141,0.9819882538775028
2004-11-23,0.4974442779121141,0.9819882538775028
2004-11-24,0.4974442779121141,0.9819882538775028
2004-11-25,0.4974442779121141,0.9819882538775028
2004-11-26,0.4974442779121141,0.9819882538775028
2004-11-29,0.4974442779121141,0.9819882538775028
2004-11-30,0.4974442779121141,0.9819882538775028
2004-12-01,0.7932237271794791,1.125112558699967
2004-12-02,0.7932237271794791,1.125112558699967
2004-12-03,0.7932237271794791,1.125112558699967
2004-12-06,0.7932237271794791,1.125112558699967
2004-12-07,0.7932237271794791,1.125112558699967
2004-12-08,0.7932237271794791,1.125112558699967
2004-12-09,0.7932237271794791,1.125112558699967
2004-12-10,0.7932237271794791,1.125112558699967
2004-12-13,0.7932237271794791,1.125112558699967
2004-12-14,0.7932237271794791,1.125112558699967
2004-12-15,0.7932237271794791,1.125112558699967
2004-12-16,0.7932237271794791,1.125112558699967
2004-12-17,0.7932237271794791,1.125112558699967
2004-12-20,0.7932237271794791,1.125112558699967
2004-12-21,0.7932237271794791,1.125112558699967
2004-12-22,0.7932237271794791,1.125112558699967
2004-12-23,0.7932237271794791,1.125112558699967
2004-12-24,0.7932237271794791,1.125112558699967
2004-12-27,0.7932237271794791,1.125112558699967
2004-12-28,0.7932237271794791,1.125112558699967
2004-12-29,0.7932237271794791,1.125112558699967
2004-12-30,0.7932237271794791,1.125112558699967
2004-12-31,0.7932237271794791,1.125112558699967
2005-01-03,0.8137621804897942,1.10157907489403
2005-01-04,0.8137621804897942,1.10157907489403
2005-01-05,0.8137621804897942,1.10157907489403
2005-01-06,0.8137621804897942,1.10157907489403
2005-01-07,0.8137621804897942,1.10157907489403
2005-01-10,0.8137621804897942,1.10157907489403
2005-01-11,0.8137621804897942,1.10157907489403
2005-01-12,0.8137621804897942,1.10157907489403
2005-01-13,0.8137621804897942,1.10157907489403
2005-01-14,0.8137621804897942,1.10157907489403
2005-01-17,0.8137621804897942,1.10157907489403
2005-01-18,0.8137621804897942,1.10157907489403
2005-01-19,0.8137621804897942,1.10157907489403
2005-01-20,0.8137621804897942,1.10157907489403
2005-01-21,0.8137621804897942,1.10157907489403
2005-01-24,0.8137621804897942,1.10157907489403
2005-01-25,0.8137621804897942,1.10157907489403
2005-01-26,0.8137621804897942,1.10157907489403
2005-01-27,0.8137621804897942,1.10157907489403
2005-01-28,0.8137621804897942,1.10157907489403
2005-01-31,0.8137621804897942,1.10157907489403
2005-02-01,0.8161023617215579,1.1389931374000404
2005-02-02,0.8161023617215579,1.1389931374000404
2005-02-03,0.8161023617215579,1.1389931374000404
2005-02-04,0.8161023617215579,1.1389931374000404
2005-02-07,0.8161023617215579,1.1389931374000404
2005-02-08,0.8161023617215579,1.1389931374000404
2005-02-09,0.8161023617215579,1.1389931374000404
2005-02-10,0.8161023617215579,1.1389931374000404
2005-02-11,0.8161023617215579,1.1389931374000404
2005-02-14,0.8161023617215579,1.1389931374000404
2005-02-15,0.8161023617215579,1.1389931374000404
2005-02-16,0.8161023617215579,1.1389931374000404
2005-02-17,0.8161023617215579,1.1389931374000404
2005-02-18,0.8161023617215579,1.1389931374000404
2005-02-21,0.8161023617215579,1.1389931374000404
2005-02-22,0.8161023617215579,1.1389931374000404
2005-02-23,0.8161023617215579,1.1389931374000404
2005-02-24,0.8161023617215579,1.1389931374000404
2005-02-25,0.8161023617215579,1.1389931374000404
2005-02-28,0.8161023617215579,1.1389931374000404
2005-03-01,0.9152193191533408,1.1727711435077122
2005-03-02,0.9152193191533408,1.1727711435077122
2005-03-03,0.9152193191533408,1.1727711435077122
2005-03-04,0.9152193191533408,1.1727711435077122
2005-03-07,0.9152193191533408,1.1727711435077122
2005-03-08,0.9152193191533408,1.1727711435077122
2005-03-09,0.9152193191533408,1.1727711435077122
2005-03-10,0.9152193191533408,1.1727711435077122
2005-03-11,0.9152193191533408,1.1727711435077122
2005-03-14,0.9152193191533408,1.1727711435077122
2005-03-15,0.9152193191533408,1.1727711435077122
2005-03-16,0.9152193191533408,1.1727711435077122
2005-03-17,0.9152193191533408,1.1727711435077122
2005-03-18,0.9152193191533408,1.1727711435077122
2005-03-21,0.9152193191533408,1.1727711435077122
2005-03-22,0.9152193191533408,1.1727711435077122
2005-03-23,0.9152193191533408,1.1727711435077122
2005-03-24,0.9152193191533408,1.1727711435077122
2005-03-25,0.9152193191533408,1.1727711435077122
2005-03-28,0.9152193191533408,1.1727711435077122
2005-03-29,0.9152193191533408,1.1727711435077122
2005-03-30,0.9152193191533408,1.1727711435077122
2005-03-31,0.9152193191533408,1.1727711435077122
2005-04-01,0.6143626818032689,1.0473000024082817
2005-04-04,0.6143626818032689,1.0473000024082817
2005-04-05,0.6143626818032689,1.0473000024082817
2005-04-06,0.6143626818032689,1.0473000024082817
2005-04-07,0.6143626818032689,1.0473000024082817
2005-04-08,0.6143626818032689,1.0473000024082817
2005-04-11,0.6143626818032689,1.0473000024082817
2005-04-12,0.6143626818032689,1.0473000024082817
2005-04-13,0.6143626818032689,1.0473000024082817
2005-04-14,0.6143626818032689,1.0473000024082817
2005-04-15,0.6143626818032689,1.0473000024082817
2005-04-18,0.6143626818032689,1.0473000024082817
2005-04-19,0.6143626818032689,1.0473000024082817
2005-04-20,0.6143626818032689,1.0473000024082817
2005-04-21,0.6143626818032689,1.0473000024082817
2005-04-22,0.6143626818032689,1.0473000024082817
2005-04-25,0.6143626818032689,1.0473000024082817
2005-04-26,0.6143626818032689,1.0473000024082817
2005-04-27,0.6143626818032689,1.0473000024082817
2005-04-28,0.6143626818032689,1.0473000024082817
2005-04-29,0.6143626818032689,1.0473000024082817
2005-05-02,0.6143626818032689,1.0473000024082817
2005-05-03,0.3731689543725531,0.9585129552491124
2005-05-04,0.3731689543725531,0.9585129552491124
2005-05-05,0.3731689543725531,0.9585129552491124
2005-05-06,0.3731689543725531,0.9585129552491124
2005-05-09,0.3731689543725531,0.9585129552491124
2005-05-10,0.3731689543725531,0.9585129552491124
2005-05-11,0.3731689543725531,0.9585129552491124
2005-05-12,0.3731689543725531,0.9585129552491124
2005-05-13,0.3731689543725531,0.9585129552491124
2005-05-16,0.3731689543725531,0.9585129552491124
2005-05-17,0.3731689543725531,0.9585129552491124
2005-05-18,0.3731689543725531,0.9585129552491124
2005-05-19,0.3731689543725531,0.9585129552491124
2005-05-20,0.3731689543725531,0.9585129552491124
2005-05-23,0.3731689543725531,0.9585129552491124
2005-05-24,0.3731689543725531,0.9585129552491124
2005-05-25,0.3731689543725531,0.9585129552491124
2005-05-26,0.3731689543725531,0.9585129552491124
2005-05-27,0.3731689543725531,0.9585129552491124
2005-05-30,0.3731689543725531,0.9585129552491124
2005-05-31,0.3731689543725531,0.9585129552491124
2005-06-01,0.6565804373049083,1.0735796696307112
2005-06-02,0.6565804373049083,1.0735796696307112
2005-06-03,0.6565804373049083,1.0735796696307112
2005-06-06,0.6565804373049083,1.0735796696307112
2005-06-07,0.6565804373049083,1.0735796696307112
2005-06-08,0.6565804373049083,1.0735796696307112
2005-06-09,0.6565804373049083,1.0735796696307112
2005-06-10,0.6565804373049083,1.0735796696307112
2005-06-13,0.6565804373049083,1.0735796696307112
2005-06-14,0.6565804373049083,1.0735796696307112
2005-06-15,0.6565804373049083,1.0735796696307112
2005-06-16,0.6565804373049083,1.0735796696307112
2005-06-17,0.6565804373049083,1.0735796696307112
2005-06-20,0.6565804373049083,1.0735796696307112
2005-06-21,0.6565804373049083,1.0735796696307112
2005-06-22,0.6565804373049083,1.0735796696307112
2005-06-23,0.6565804373049083,1.0735796696307112
2005-06-24,0.6565804373049083,1.0735796696307112
2005-06-27,0.6565804373049083,1.0735796696307112
2005-06-28,0.6565804373049083,1.0735796696307112
2005-06-29,0.6565804373049083,1.0735796696307112
2005-06-30,0.6565804373049083,1.0735796696307112
2005-07-01,0.7701531081203948,1.1434401674527561
2005-07-04,0.7701531081203948,1.1434401674527561
2005-07-05,0.7701531081203948,1.1434401674527561
2005-07-06,0.7701531081203948,1.1434401674527561
2005-07-07,0.7701531081203948,1.1434401674527561
2005-07-08,0.7701531081203948,1.1434401674527561
2005-07-11,0.7701531081203948,1.1434401674527561
2005-07-12,0.7701531081203948,1.1434401674527561
2005-07-13,0.7701531081203948,1.1434401674527561
2005-07-14,0.7701531081203948,1.1434401674527561
2005-07-15,0.7701531081203948,1.1434401674527561
2005-07-18,0.7701531081203948,1.1434401674527561
2005-07-19,0.7701531081203948,1.1434401674527561
2005-07-20,0.7701531081203948,1.1434401674527561
2005-07-21,0.7701531081203948,1.1434401674527561
2005-07-22,0.7701531081203948,1.1434401674527561
2005-07-25,0.7701531081203948,1.1434401674527561
2005-07-26,0.7701531081203948,1.1434401674527561
2005-07-27,0.7701531081203948,1.1434401674527561
2005-07-28,0.7701531081203948,1.1434401674527561
2005-07-29,0.7701531081203948,1.1434401674527561
2005-08-01,0.7701531081203948,1.1434401674527561
2005-08-02,0.9128380222731219,1.1658455490091246
2005-08-03,0.9128380222731219,1.1658455490091246
2005-08-04,0.9128380222731219,1.1658455490091246
2005-08-05,0.9128380222731219,1.1658455490091246
2005-08-08,0.9128380222731219,1.1658455490091246
2005-08-09,0.9128380222731219,1.1658455490091246
2005-08-10,0.9128380222731219,1.1658455490091246
2005-08-11,0.9128380222731219,1.1658455490091246
2005-08-12,0.9128380222731219,1.1658455490091246
2005-08-15,0.9128380222731219,1.1658455490091246
2005-08-16,0.9128380222731219,1.1658455490091246
2005-08-17,0.9128380222731219,1.1658455490091246
2005-08-18,0.9128380222731219,1.1658455490091246
2005-08-19,0.9128380222731219,1.1658455490091246
2005-08-22,0.9128380222731219,1.1658455490091246
2005-08-23,0.9128380222731219,1.1658455490091246
2005-08-24,0.9128380222731219,1.1658455490091246
2005-08-25,0.9128380222731219,1.1658455490091246
2005-08-26,0.9128380222731219,1.1658455490091246
2005-08-29,0.9128380222731219,1.1658455490091246
2005-08-30,0.9128380222731219,1.1658455490091246
2005-08-31,0.9128380222731219,1.1658455490091246
2005-09-01,0.8192206600492352,1.118417186806599
2005-09-02,0.8192206600492352,1.118417186806599
2005-09-05,0.8192206600492352,1.118417186806599
2005-09-06,0.8192206600492352,1.118417186806599
2005-09-07,0.8192206600492352,1.118417186806599
2005-09-08,0.8192206600492352,1.118417186806599
2005-09-09,0.8192206600492352,1.118417186806599
2005-09-12,0.8192206600492352,1.118417186806599
2005-09-13,0.8192206600492352,1.118417186806599
2005-09-14,0.8192206600492352,1.118417186806599
2005-09-15,0.8192206600492352,1.118417186806599
2005-09-16,0.8192206600492352,1.118417186806599
2005-09-19,0.8192206600492352,1.118417186806599
2005-09-20,0.8192206600492352,1.118417186806599
2005-09-21,0.8192206600492352,1.118417186806599
2005-09-22,0.8192206600492352,1.118417186806599
2005-09-23,0.8192206600492352,1.118417186806599
2005-09-26,0.8192206600492352,1.118417186806599
2005-09-27,0.8192206600492352,1.118417186806599
2005-09-28,0.8192206600492352,1.118417186806599
2005-09-29,0.8192206600492352,1.118417186806599
2005-09-30,0.8192206600492352,1.118417186806599
2005-10-03,0.8567603585574582,1.1436100544522976
2005-10-04,0.8567603585574582,1.1436100544522976
2005-10-05,0.8567603585574582,1.1436100544522976
2005-10-06,0.8567603585574582,1.1436100544522976
2005-10-07,0.8567603585574582,1.1436100544522976
2005-10-10,0.8567603585574582,1.1436100544522976
2005-10-11,0.8567603585574582,1.1436100544522976
2005-10-12,0.8567603585574582,1.1436100544522976
2005-10-13,0.8567603585574582,1.1436100544522976
2005-10-14,0.8567603585574582,1.1436100544522976
2005-10-17,0.8567603585574582,1.1436100544522976
2005-10-18,0.8567603585574582,1.1436100544522976
2005-10-19,0.8567603585574582,1.1436100544522976
2005-10-20,0.8567603585574582,1.1436100544522976
2005-10-21,0.8567603585574582,1.1436100544522976
2005-10-24,0.8567603585574582,1.1436100544522976
2005-10-25,0.8567603585574582,1.1436100544522976
2005-10-26,0.8567603585574582,1.1436100544522976
2005-10-27,0.8567603585574582,1.1436100544522976
2005-10-28,0.8567603585574582,1.1436100544522976
2005-10-31,0.8567603585574582,1.1436100544522976
2005-11-01,0.5441507860074307,0.9686764304892459
2005-11-02,0.5441507860074307,0.9686764304892459
2005-11-03,0.5441507860074307,0.9686764304892459
2005-11-04,0.5441507860074307,0.9686764304892459
2005-11-07,0.5441507860074307,0.9686764304892459
2005-11-08,0.5441507860074307,0.9686764304892459
2005-11-09,0.5441507860074307,0.9686764304892459
2005-11-10,0.5441507860074307,0.9686764304892459
2005-11-11,0.5441507860074307,0.9686764304892459
2005-11-14,0.5441507860074307,0.9686764304892459
2005-11-15,0.5441507860074307,0.9686764304892459
2005-11-16,0.5441507860074307,0.9686764304892459
2005-11-17,0.5441507860074307,0.9686764304892459
2005-11-18,0.5441507860074307,0.9686764304892459
2005-11-21,0.5441507860074307,0.9686764304892459
2005-11-22,0.5441507860074307,0.9686764304892459
2005-11-23,0.5441507860074307,0.9686764304892459
2005-11-24,0.5441507860074307,0.9686764304892459
2005-11-25,0.5441507860074307,0.9686764304892459
2005-11-28,0.5441507860074307,0.9686764304892459
2005-11-29,0.5441507860074307,0.9686764304892459
2005-11-30,0.5441507860074307,0.9686764304892459
2005-12-01,0.772827684653898,1.101479146531784
2005-12-02,0.772827684653898,1.101479146531784
2005-12-05,0.772827684653898,1.101479146531784
2005-12-06,0.772827684653898,1.101479146531784
2005-12-07,0.772827684653898,1.101479146531784
2005-12-08,0.772827684653898,1.101479146531784
2005-12-09,0.772827684653898,1.101479146531784
2005-12-12,0.772827684653898,1.101479146531784
2005-12-13,0.772827684653898,1.101479146531784
2005-12-14,0.772827684653898,1.101479146531784
2005-12-15,0.772827684653898,1.101479146531784
2005-12-16,0.772827684653898,1.101479146531784
2005-12-19,0.772827684653898,1.101479146531784
2005-12-20,0.772827684653898,1.101479146531784
2005-12-21,0.772827684653898,1.101479146531784
2005-12-22,0.772827684653898,1.101479146531784
2005-12-23,0.772827684653898,1.101479146531784
2005-12-26,0.772827684653898,1.101479146531784
2005-12-27,0.772827684653898,1.101479146531784
2005-12-28,0.772827684653898,1.101479146531784
2005-12-29,0.772827684653898,1.101479146531784
2005-12-30,0.772827684653898,1.101479146531784
2006-01-02,0.772827684653898,1.101479146531784
2006-01-03,0.7453883856322854,1.0945641356468732
2006-01-04,0.7453883856322854,1.0945641356468732
2006-01-05,0.7453883856322854,1.0945641356468732
2006-01-06,0.7453883856322854,1.0945641356468732
2006-01-09,0.7453883856322854,1.0945641356468732
2006-01-10,0.7453883856322854,1.0945641356468732
2006-01-11,0.7453883856322854,1.0945641356468732
2006-01-12,0.7453883856322854,1.0945641356468732
2006-01-13,0.7453883856322854,1.0945641356468732
2006-01-16,0.7453883856322854,1.0945641356468732
2006-01-17,0.7453883856322854,1.0945641356468732
2006-01-18,0.7453883856322854,1.0945641356468732
2006-01-19,0.7453883856322854,1.0945641356468732
2006-01-20,0.7453883856322854,1.0945641356468732
2006-01-23,0.7453883856322854,1.0945641356468732
2006-01-24,0.7453883856322854,1.0945641356468732
2006-01-25,0.7453883856322854,1.0945641356468732
2006-01-26,0.7453883856322854,1.0945641356468732
2006-01-27,0.7453883856322854,1.0945641356468732
2006-01-30,0.7453883856322854,1.0945641356468732
2006-01-31,0.7453883856322854,1.0945641356468732
2006-02-01,0.8418315279059728,1.0704620295201446
2006-02-02,0.8418315279059728,1.0704620295201446
2006-02-03,0.8418315279059728,1.0704620295201446
2006-02-06,0.8418315279059728,1.0704620295201446
2006-02-07,0.8418315279059728,1.0704620295201446
2006-02-08,0.8418315279059728,1.0704620295201446
2006-02-09,0.8418315279059728,1.0704620295201446
2006-02-10,0.8418315279059728,1.0704620295201446
2006-02-13,0.8418315279059728,1.0704620295201446
2006-02-14,0.8418315279059728,1.0704620295201446
2006-02-15,0.8418315279059728,1.0704620295201446
2006-02-16,0.8418315279059728,1.0704620295201446
2006-02-17,0.8418315279059728,1.0704620295201446
2006-02-20,0.8418315279059728,1.0704620295201446
2006-02-21,0.8418315279059728,1.0704620295201446
2006-02-22,0.8418315279059728,1.0704620295201446
2006-02-23,0.8418315279059728,1.0704620295201446
2006-02-24,0.8418315279059728,1.0704620295201446
2006-02-27,0.8418315279059728,1.0704620295201446
2006-02-28,0.8418315279059728,1.0704620295201446
2006-03-01,0.8845228921133159,1.1005997775051506
2006-03-02,0.8845228921133159,1.1005997775051506
2006-03-03,0.8845228921133159,1.1005997775051506
2006-03-06,0.8845228921133159,1.1005997775051506
2006-03-07,0.8845228921133159,1.1005997775051506
2006-03-08,0.8845228921133159,1.1005997775051506
2006-03-09,0.8845228921133159,1.1005997775051506
2006-03-10,0.8845228921133159,1.1005997775051506
2006-03-13,0.8845228921133159,1.1005997775051506
2006-03-14,0.8845228921133159,1.1005997775051506
2006-03-15,0.8845228921133159,1.1005997775051506
2006-03-16,0.8845228921133159,1.1005997775051506
2006-03-17,0.8845228921133159,1.1005997775051506
2006-03-20,0.8845228921133159,1.1005997775051506
2006-03-21,0.8845228921133159,1.1005997775051506
2006-03-22,0.8845228921133159,1.1005997775051506
2006-03-23,0.8845228921133159,1.1005997775051506
2006-03-24,0.8845228921133159,1.1005997775051506
2006-03-27,0.8845228921133159,1.1005997775051506
2006-03-28,0.8845228921133159,1.1005997775051506
2006-03-29,0.8845228921133159,1.1005997775051506
2006-03-30,0.8845228921133159,1.1005997775051506
2006-03-31,0.8845228921133159,1.1005997775051506
2006-04-03,0.9718353078750044,1.1435600876842402
2006-04-04,0.9718353078750044,1.1435600876842402
2006-04-05,0.9718353078750044,1.1435600876842402
2006-04-06,0.9718353078750044,1.1435600876842402
2006-04-07,0.9718353078750044,1.1435600876842402
2006-04-10,0.9718353078750044,1.1435600876842402
2006-04-11,0.9718353078750044,1.1435600876842402
2006-04-12,0.9718353078750044,1.1435600876842402
2006-04-13,0.9718353078750044,1.1435600876842402
2006-04-14,0.9718353078750044,1.1435600876842402
2006-04-17,0.9718353078750044,1.1435600876842402
2006-04-18,0.9718353078750044,1.1435600876842402
2006-04-19,0.9718353078750044,1.1435600876842402
2006-04-20,0.9718353078750044,1.1435600876842402
2006-04-21,0.9718353078750044,1.1435600876842402
2006-04-24,0.9718353078750044,1.1435600876842402
2006-04-25,0.9718353078750044,1.1435600876842402
2006-04-26,0.9718353078750044,1.1435600876842402
2006-04-27,0.9718353078750044,1.1435600876842402
2006-04-28,0.9718353078750044,1.1435600876842402
2006-05-01,0.9718353078750044,1.1435600876842402
2006-05-02,0.9801838520234378,1.1282304222739195
2006-05-03,0.9801838520234378,1.1282304222739195
2006-05-04,0.9801838520234378,1.1282304222739195
2006-05-05,0.9801838520234378,1.1282304222739195
2006-05-08,0.9801838520234378,1.1282304222739195
2006-05-09,0.9801838520234378,1.1282304222739195
2006-05-10,0.9801838520234378,1.1282304222739195
2006-05-11,0.9801838520234378,1.1282304222739195
2006-05-12,0.9801838520234378,1.1282304222739195
2006-05-15,0.9801838520234378,1.1282304222739195
2006-05-16,0.9801838520234378,1.1282304222739195
2006-05-17,0.9801838520234378,1.1282304222739195
2006-05-18,0.9801838520234378,1.1282304222739195
2006-05-19,0.9801838520234378,1.1282304222739195
2006-05-22,0.9801838520234378,1.1282304222739195
2006-05-23,0.9801838520234378,1.1282304222739195
2006-05-24,0.9801838520234378,1.1282304222739195
2006-05-25,0.9801838520234378,1.1282304222739195
2006-05-26,0.9801838520234378,1.1282304222739195
2006-05-29,0.9801838520234378,1.1282304222739195
2006-05-30,0.9801838520234378,1.1282304222739195
2006-05-31,0.9801838520234378,1.1282304222739195
2006-06-01,0.5386857190240935,0.886783394608507
2006-06-02,0.5386857190240935,0.886783394608507
2006-06-05,0.5386857190240935,0.886783394608507
2006-06-06,0.5386857190240935,0.886783394608507
2006-06-07,0.5386857190240935,0.886783394608507
2006-06-08,0.5386857190240935,0.886783394608507
2006-06-09,0.5386857190240935,0.886783394608507
2006-06-12,0.5386857190240935,0.886783394608507
2006-06-13,0.5386857190240935,0.886783394608507
2006-06-14,0.5386857190240935,0.886783394608507
2006-06-15,0.5386857190240935,0.886783394608507
2006-06-16,0.5386857190240935,0.886783394608507
2006-06-19,0.5386857190240935,0.886783394608507
2006-06-20,0.5386857190240935,0.886783394608507
2006-06-21,0.5386857190240935,0.886783394608507
2006-06-22,0.5386857190240935,0.886783394608507
2006-06-23,0.5386857190240935,0.886783394608507
2006-06-26,0.5386857190240935,0.886783394608507
2006-06-27,0.5386857190240935,0.886783394608507
2006-06-28,0.5386857190240935,0.886783394608507
2006-06-29,0.5386857190240935,0.886783394608507
2006-06-30,0.5386857190240935,0.886783394608507
2006-07-03,0.7561278994670839,1.0502676552881112
2006-07-04,0.7561278994670839,1.0502676552881112
2006-07-05,0.7561278994670839,1.0502676552881112
2006-07-06,0.7561278994670839,1.0502676552881112
2006-07-07,0.7561278994670839,1.0502676552881112
2006-07-10,0.7561278994670839,1.0502676552881112
2006-07-11,0.7561278994670839,1.0502676552881112
2006-07-12,0.7561278994670839,1.0502676552881112
2006-07-13,0.7561278994670839,1.0502676552881112
2006-07-14,0.7561278994670839,1.0502676552881112
2006-07-17,0.7561278994670839,1.0502676552881112
2006-07-18,0.7561278994670839,1.0502676552881112
2006-07-19,0.7561278994670839,1.0502676552881112
2006-07-20,0.7561278994670839,1.0502676552881112
2006-07-21,0.7561278994670839,1.0502676552881112
2006-07-24,0.7561278994670839,1.0502676552881112
2006-07-25,0.7561278994670839,1.0502676552881112
2006-07-26,0.7561278994670839,1.0502676552881112
2006-07-27,0.7561278994670839,1.0502676552881112
2006-07-28,0.7561278994670839,1.0502676552881112
2006-07-31,0.7561278994670839,1.0502676552881112
2006-08-01,0.6077778870413966,0.947130865041039
2006-08-02,0.6077778870413966,0.947130865041039
2006-08-03,0.6077778870413966,0.947130865041039
2006-08-04,0.6077778870413966,0.947130865041039
2006-08-07,0.6077778870413966,0.947130865041039
2006-08-08,0.6077778870413966,0.947130865041039
2006-08-09,0.6077778870413966,0.947130865041039
2006-08-10,0.6077778870413966,0.947130865041039
2006-08-11,0.6077778870413966,0.947130865041039
2006-08-14,0.6077778870413966,0.947130865041039
2006-08-15,0.6077778870413966,0.947130865041039
2006-08-16,0.6077778870413966,0.947130865041039
2006-08-17,0.6077778870413966,0.947130865041039
2006-08-18,0.6077778870413966,0.947130865041039
2006-08-21,0.6077778870413966,0.947130865041039
2006-08-22,0.6077778870413966,0.947130865041039
2006-08-23,0.6077778870413966,0.947130865041039
2006-08-24,0.6077778870413966,0.947130865041039
2006-08-25,0.6077778870413966,0.947130865041039
2006-08-28,0.6077778870413966,0.947130865041039
2006-08-29,0.6077778870413966,0.947130865041039
2006-08-30,0.6077778870413966,0.947130865041039
2006-08-31,0.6077778870413966,0.947130865041039
2006-09-01,0.821570894145785,1.0676541667339603
2006-09-04,0.821570894145785,1.0676541667339603
2006-09-05,0.821570894145785,1.0676541667339603
2006-09-06,0.821570894145785,1.0676541667339603
2006-09-07,0.821570894145785,1.0676541667339603
2006-09-08,0.821570894145785,1.0676541667339603
2006-09-11,0.821570894145785,1.0676541667339603
2006-09-12,0.821570894145785,1.0676541667339603
2006-09-13,0.821570894145785,1.0676541667339603
2006-09-14,0.821570894145785,1.0676541667339603
2006-09-15,0.821570894145785,1.0676541667339603
2006-09-18,0.821570894145785,1.0676541667339603
2006-09-19,0.821570894145785,1.0676541667339603
2006-09-20,0.821570894145785,1.0676541667339603
2006-09-21,0.821570894145785,1.0676541667339603
2006-09-22,0.821570894145785,1.0676541667339603
2006-09-25,0.821570894145785,1.0676541667339603
2006-09-26,0.821570894145785,1.0676541667339603
2006-09-27,0.821570894145785,1.0676541667339603
2006-09-28,0.821570894145785,1.0676541667339603
2006-09-29,0.821570894145785,1.0676541667339603
2006-10-02,0.821570894145785,1.0676541667339603
2006-10-03,0.857726189053071,1.064566529928678
2006-10-04,0.857726189053071,1.064566529928678
2006-10-05,0.857726189053071,1.064566529928678
2006-10-06,0.857726189053071,1.064566529928678
2006-10-09,0.857726189053071,1.064566529928678
2006-10-10,0.857726189053071,1.064566529928678
2006-10-11,0.857726189053071,1.064566529928678
2006-10-12,0.857726189053071,1.064566529928678
2006-10-13,0.857726189053071,1.064566529928678
2006-10-16,0.857726189053071,1.064566529928678
2006-10-17,0.857726189053071,1.064566529928678
2006-10-18,0.857726189053071,1.064566529928678
2006-10-19,0.857726189053071,1.064566529928678
2006-10-20,0.857726189053071,1.064566529928678
2006-10-23,0.857726189053071,1.064566529928678
2006-10-24,0.857726189053071,1.064566529928678
2006-10-25,0.857726189053071,1.064566529928678
2006-10-26,0.857726189053071,1.064566529928678
2006-10-27,0.857726189053071,1.064566529928678
2006-10-30,0.857726189053071,1.064566529928678
2006-10-31,0.857726189053071,1.064566529928678
2006-11-01,0.9543314397983043,1.0877091441393638
2006-11-02,0.9543314397983043,1.0877091441393638
2006-11-03,0.9543314397983043,1.0877091441393638
2006-11-06,0.9543314397983043,1.0877091441393638
2006-11-07,0.9543314397983043,1.0877091441393638
2006-11-08,0.9543314397983043,1.0877091441393638
2006-11-09,0.9543314397983043,1.0877091441393638
2006-11-10,0.9543314397983043,1.0877091441393638
2006-11-13,0.9543314397983043,1.0877091441393638
2006-11-14,0.9543314397983043,1.0877091441393638
2006-11-15,0.9543314397983043,1.0877091441393638
2006-11-16,0.9543314397983043,1.0877091441393638
2006-11-17,0.9543314397983043,1.0877091441393638
2006-11-20,0.9543314397983043,1.0877091441393638
2006-11-21,0.9543314397983043,1.0877091441393638
2006-11-22,0.9543314397983043,1.0877091441393638
2006-11-23,0.9543314397983043,1.0877091441393638
2006-11-24,0.9543314397983043,1.0877091441393638
2006-11-27,0.9543314397983043,1.0877091441393638
2006-11-28,0.9543314397983043,1.0877091441393638
2006-11-29,0.9543314397983043,1.0877091441393638
2006-11-30,0.9543314397983043,1.0877091441393638
2006-12-01,0.9961658561306468,1.088558520128517
2006-12-04,0.9961658561306468,1.088558520128517
2006-12-05,0.9961658561306468,1.088558520128517
2006-12-06,0.9961658561306468,1.088558520128517
2006-12-07,0.9961658561306468,1.088558520128517
2006-12-08,0.9961658561306468,1.088558520128517
2006-12-11,0.9961658561306468,1.088558520128517
2006-12-12,0.9961658561306468,1.088558520128517
2006-12-13,0.9961658561306468,1.088558520128517
2006-12-14,0.9961658561306468,1.088558520128517
2006-12-15,0.9961658561306468,1.088558520128517
2006-12-18,0.9961658561306468,1.088558520128517
2006-12-19,0.9961658561306468,1.088558520128517
2006-12-20,0.9961658561306468,1.088558520128517
2006-12-21,0.9961658561306468,1.088558520128517
2006-12-22,0.9961658561306468,1.088558520128517
2006-12-25,0.9961658561306468,1.088558520128517
2006-12-26,0.9961658561306468,1.088558520128517
2006-12-27,0.9961658561306468,1.088558520128517
2006-12-28,0.9961658561306468,1.088558520128517
2006-12-29,0.9961658561306468,1.088558520128517
2007-01-01,0.9961658561306468,1.088558520128517
2007-01-02,0.9688605192041343,1.0481693134910919
2007-01-03,0.9688605192041343,1.0481693134910919
2007-01-04,0.9688605192041343,1.0481693134910919
2007-01-05,0.9688605192041343,1.0481693134910919
2007-01-08,0.9688605192041343,1.0481693134910919
2007-01-09,0.9688605192041343,1.0481693134910919
2007-01-10,0.9688605192041343,1.0481693134910919
2007-01-11,0.9688605192041343,1.0481693134910919
2007-01-12,0.9688605192041343,1.0481693134910919
2007-01-15,0.9688605192041343,1.0481693134910919
2007-01-16,0.9688605192041343,1.0481693134910919
2007-01-17,0.9688605192041343,1.0481693134910919
2007-01-18,0.9688605192041343,1.0481693134910919
2007-01-19,0.9688605192041343,1.0481693134910919
2007-01-22,0.9688605192041343,1.0481693134910919
2007-01-23,0.9688605192041343,1.0481693134910919
2007-01-24,0.9688605192041343,1.0481693134910919
2007-01-25,0.9688605192041343,1.0481693134910919
2007-01-26,0.9688605192041343,1.0481693134910919
2007-01-29,0.9688605192041343,1.0481693134910919
2007-01-30,0.9688605192041343,1.0481693134910919
2007-01-31,0.9688605192041343,1.0481693134910919
2007-02-01,1.0863754071919636,1.1010794332128755
2007-02-02,1.0863754071919636,1.1010794332128755
2007-02-05,1.0863754071919636,1.1010794332128755
2007-02-06,1.0863754071919636,1.1010794332128755
2007-02-07,1.0863754071919636,1.1010794332128755
2007-02-08,1.0863754071919636,1.1010794332128755
2007-02-09,1.0863754071919636,1.1010794332128755
2007-02-12,1.0863754071919636,1.1010794332128755
2007-02-13,1.0863754071919636,1.1010794332128755
2007-02-14,1.0863754071919636,1.1010794332128755
2007-02-15,1.0863754071919636,1.1010794332128755
2007-02-16,1.0863754071919636,1.1010794332128755
2007-02-19,1.0863754071919636,1.1010794332128755
2007-02-20,1.0863754071919636,1.1010794332128755
2007-02-21,1.0863754071919636,1.1010794332128755
2007-02-22,1.0863754071919636,1.1010794332128755
2007-02-23,1.0863754071919636,1.1010794332128755
2007-02-26,1.0863754071919636,1.1010794332128755
2007-02-27,1.0863754071919636,1.1010794332128755
2007-02-28,1.0863754071919636,1.1010794332128755
2007-03-01,0.6811565318783228,0.8583808720890669
2007-03-02,0.6811565318783228,0.8583808720890669
2007-03-05,0.6811565318783228,0.8583808720890669
2007-03-06,0.6811565318783228,0.8583808720890669
2007-03-07,0.6811565318783228,0.8583808720890669
2007-03-08,0.6811565318783228,0.8583808720890669
2007-03-09,0.6811565318783228,0.8583808720890669
2007-03-12,0.6811565318783228,0.8583808720890669
2007-03-13,0.6811565318783228,0.8583808720890669
2007-03-14,0.6811565318783228,0.8583808720890669
2007-03-15,0.6811565318783228,0.8583808720890669
2007-03-16,0.6811565318783228,0.8583808720890669
2007-03-19,0.6811565318783228,0.8583808720890669
2007-03-20,0.6811565318783228,0.8583808720890669
2007-03-21,0.6811565318783228,0.8583808720890669
2007-03-22,0.6811565318783228,0.8583808720890669
2007-03-23,0.6811565318783228,0.8583808720890669
2007-03-26,0.6811565318783228,0.8583808720890669
2007-03-27,0.6811565318783228,0.8583808720890669
2007-03-28,0.6811565318783228,0.8583808720890669
2007-03-29,0.6811565318783228,0.8583808720890669
2007-03-30,0.6811565318783228,0.8583808720890669
2007-04-02,0.6811565318783228,0.8583808720890669
2007-04-03,0.7217958595894718,0.8835020398778868
2007-04-04,0.7217958595894718,0.8835020398778868
2007-04-05,0.7217958595894718,0.8835020398778868
2007-04-06,0.7217958595894718,0.8835020398778868
2007-04-09,0.7217958595894718,0.8835020398778868
2007-04-10,0.7217958595894718,0.8835020398778868
2007-04-11,0.7217958595894718,0.8835020398778868
2007-04-12,0.7217958595894718,0.8835020398778868
2007-04-13,0.7217958595894718,0.8835020398778868
2007-04-16,0.7217958595894718,0.8835020398778868
2007-04-17,0.7217958595894718,0.8835020398778868
2007-04-18,0.7217958595894718,0.8835020398778868
2007-04-19,0.7217958595894718,0.8835020398778868
2007-04-20,0.7217958595894718,0.8835020398778868
2007-04-23,0.7217958595894718,0.8835020398778868
2007-04-24,0.7217958595894718,0.8835020398778868
2007-04-25,0.7217958595894718,0.8835020398778868
2007-04-26,0.7217958595894718,0.8835020398778868
2007-04-27,0.7217958595894718,0.8835020398778868
2007-04-30,0.7217958595894718,0.8835020398778868
2007-05-01,0.7739974540736582,0.8662566525882425
2007-05-02,0.7739974540736582,0.8662566525882425
2007-05-03,0.7739974540736582,0.8662566525882425
2007-05-04,0.7739974540736582,0.8662566525882425
2007-05-07,0.7739974540736582,0.8662566525882425
2007-05-08,0.7739974540736582,0.8662566525882425
2007-05-09,0.7739974540736582,0.8662566525882425
2007-05-10,0.7739974540736582,0.8662566525882425
2007-05-11,0.7739974540736582,0.8662566525882425
2007-05-14,0.7739974540736582,0.8662566525882425
2007-05-15,0.7739974540736582,0.8662566525882425
2007-05-16,0.7739974540736582,0.8662566525882425
2007-05-17,0.7739974540736582,0.8662566525882425
2007-05-18,0.7739974540736582,0.8662566525882425
2007-05-21,0.7739974540736582,0.8662566525882425
2007-05-22,0.7739974540736582,0.8662566525882425
2007-05-23,0.7739974540736582,0.8662566525882425
2007-05-24,0.7739974540736582,0.8662566525882425
2007-05-25,0.7739974540736582,0.8662566525882425
2007-05-28,0.7739974540736582,0.8662566525882425
2007-05-29,0.7739974540736582,0.8662566525882425
2007-05-30,0.7739974540736582,0.8662566525882425
2007-05-31,0.7739974540736582,0.8662566525882425
2007-06-01,0.8825989593470551,0.8972119867642134
2007-06-04,0.8825989593470551,0.8972119867642134
2007-06-05,0.8825989593470551,0.8972119867642134
2007-06-06,0.8825989593470551,0.8972119867642134
2007-06-07,0.8825989593470551,0.8972119867642134
2007-06-08,0.8825989593470551,0.8972119867642134
2007-06-11,0.8825989593470551,0.8972119867642134
2007-06-12,0.8825989593470551,0.8972119867642134
2007-06-13,0.8825989593470551,0.8972119867642134
2007-06-14,0.8825989593470551,0.8972119867642134
2007-06-15,0.8825989593470551,0.8972119867642134
2007-06-18,0.8825989593470551,0.8972119867642134
2007-06-19,0.8825989593470551,0.8972119867642134
2007-06-20,0.8825989593470551,0.8972119867642134
2007-06-21,0.8825989593470551,0.8972119867642134
2007-06-22,0.8825989593470551,0.8972119867642134
2007-06-25,0.8825989593470551,0.8972119867642134
2007-06-26,0.8825989593470551,0.8972119867642134
2007-06-27,0.8825989593470551,0.8972119867642134
2007-06-28,0.8825989593470551,0.8972119867642134
2007-06-29,0.8825989593470551,0.8972119867642134
2007-07-02,0.8825989593470551,0.8972119867642134
2007-07-03,0.5793725350993992,0.7357349685541574
2007-07-04,0.5793725350993992,0.7357349685541574
2007-07-05,0.5793725350993992,0.7357349685541574
2007-07-06,0.5793725350993992,0.7357349685541574
2007-07-09,0.5793725350993992,0.7357349685541574
2007-07-10,0.5793725350993992,0.7357349685541574
2007-07-11,0.5793725350993992,0.7357349685541574
2007-07-12,0.5793725350993992,0.7357349685541574
2007-07-13,0.5793725350993992,0.7357349685541574
2007-07-16,0.5793725350993992,0.7357349685541574
2007-07-17,0.5793725350993992,0.7357349685541574
2007-07-18,0.5793725350993992,0.7357349685541574
2007-07-19,0.5793725350993992,0.7357349685541574
2007-07-20,0.5793725350993992,0.7357349685541574
2007-07-23,0.5793725350993992,0.7357349685541574
2007-07-24,0.5793725350993992,0.7357349685541574
2007-07-25,0.5793725350993992,0.7357349685541574
2007-07-26,0.5793725350993992,0.7357349685541574
2007-07-27,0.5793725350993992,0.7357349685541574
2007-07-30,0.5793725350993992,0.7357349685541574
2007-07-31,0.5793725350993992,0.7357349685541574
2007-08-01,0.2692578943698859,0.317573006991128
2007-08-02,0.2692578943698859,0.317573006991128
2007-08-03,0.2692578943698859,0.317573006991128
2007-08-06,0.2692578943698859,0.317573006991128
2007-08-07,0.2692578943698859,0.317573006991128
2007-08-08,0.2692578943698859,0.317573006991128
2007-08-09,0.2692578943698859,0.317573006991128
2007-08-10,0.2692578943698859,0.317573006991128
2007-08-13,0.2692578943698859,0.317573006991128
2007-08-14,0.2692578943698859,0.317573006991128
2007-08-15,0.2692578943698859,0.317573006991128
2007-08-16,0.2692578943698859,0.317573006991128
2007-08-17,0.2692578943698859,0.317573006991128
2007-08-20,0.2692578943698859,0.317573006991128
2007-08-21,0.2692578943698859,0.317573006991128
2007-08-22,0.2692578943698859,0.317573006991128
2007-08-23,0.2692578943698859,0.317573006991128
2007-08-24,0.2692578943698859,0.317573006991128
2007-08-27,0.2692578943698859,0.317573006991128
2007-08-28,0.2692578943698859,0.317573006991128
2007-08-29,0.2692578943698859,0.317573006991128
2007-08-30,0.2692578943698859,0.317573006991128
2007-08-31,0.2692578943698859,0.317573006991128
2007-09-03,0.3302408281731752,0.29174668661938047
2007-09-04,0.3302408281731752,0.29174668661938047
2007-09-05,0.3302408281731752,0.29174668661938047
2007-09-06,0.3302408281731752,0.29174668661938047
2007-09-07,0.3302408281731752,0.29174668661938047
2007-09-10,0.3302408281731752,0.29174668661938047
2007-09-11,0.3302408281731752,0.29174668661938047
2007-09-12,0.3302408281731752,0.29174668661938047
2007-09-13,0.3302408281731752,0.29174668661938047
2007-09-14,0.3302408281731752,0.29174668661938047
2007-09-17,0.3302408281731752,0.29174668661938047
2007-09-18,0.3302408281731752,0.29174668661938047
2007-09-19,0.3302408281731752,0.29174668661938047
2007-09-20,0.3302408281731752,0.29174668661938047
2007-09-21,0.3302408281731752,0.29174668661938047
2007-09-24,0.3302408281731752,0.29174668661938047
2007-09-25,0.3302408281731752,0.29174668661938047
2007-09-26,0.3302408281731752,0.29174668661938047
2007-09-27,0.3302408281731752,0.29174668661938047
2007-09-28,0.3302408281731752,0.29174668661938047
2007-10-01,0.3302408281731752,0.29174668661938047
2007-10-02,0.11946145936035023,0.5361481229747868
2007-10-03,0.11946145936035023,0.5361481229747868
2007-10-04,0.11946145936035023,0.5361481229747868
2007-10-05,0.11946145936035023,0.5361481229747868
2007-10-08,0.11946145936035023,0.5361481229747868
2007-10-09,0.11946145936035023,0.5361481229747868
2007-10-10,0.11946145936035023,0.5361481229747868
2007-10-11,0.11946145936035023,0.5361481229747868
2007-10-12,0.11946145936035023,0.5361481229747868
2007-10-15,0.11946145936035023,0.5361481229747868
2007-10-16,0.11946145936035023,0.5361481229747868
2007-10-17,0.11946145936035023,0.5361481229747868
2007-10-18,0.11946145936035023,0.5361481229747868
2007-10-19,0.11946145936035023,0.5361481229747868
2007-10-22,0.11946145936035023,0.5361481229747868
2007-10-23,0.11946145936035023,0.5361481229747868
2007-10-24,0.11946145936035023,0.5361481229747868
2007-10-25,0.11946145936035023,0.5361481229747868
2007-10-26,0.11946145936035023,0.5361481229747868
2007-10-29,0.11946145936035023,0.5361481229747868
2007-10-30,0.11946145936035023,0.5361481229747868
2007-10-31,0.11946145936035023,0.5361481229747868
2007-11-01,0.06441628721988416,0.4829774474749179
2007-11-02,0.06441628721988416,0.4829774474749179
2007-11-05,0.06441628721988416,0.4829774474749179
2007-11-06,0.06441628721988416,0.4829774474749179
2007-11-07,0.06441628721988416,0.4829774474749179
2007-11-08,0.06441628721988416,0.4829774474749179
2007-11-09,0.06441628721988416,0.4829774474749179
2007-11-12,0.06441628721988416,0.4829774474749179
2007-11-13,0.06441628721988416,0.4829774474749179
2007-11-14,0.06441628721988416,0.4829774474749179
2007-11-15,0.06441628721988416,0.4829774474749179
2007-11-16,0.06441628721988416,0.4829774474749179
2007-11-19,0.06441628721988416,0.4829774474749179
2007-11-20,0.06441628721988416,0.4829774474749179
2007-11-21,0.06441628721988416,0.4829774474749179
2007-11-22,0.06441628721988416,0.4829774474749179
2007-11-23,0.06441628721988416,0.4829774474749179
2007-11-26,0.06441628721988416,0.4829774474749179
2007-11-27,0.06441628721988416,0.4829774474749179
2007-11-28,0.06441628721988416,0.4829774474749179
2007-11-29,0.06441628721988416,0.4829774474749179
2007-11-30,0.06441628721988416,0.4829774474749179
2007-12-03,0.6796668539185243,0.20807965173314524
2007-12-04,0.6796668539185243,0.20807965173314524
2007-12-05,0.6796668539185243,0.20807965173314524
2007-12-06,0.6796668539185243,0.20807965173314524
2007-12-07,0.6796668539185243,0.20807965173314524
2007-12-10,0.6796668539185243,0.20807965173314524
2007-12-11,0.6796668539185243,0.20807965173314524
2007-12-12,0.6796668539185243,0.20807965173314524
2007-12-13,0.6796668539185243,0.20807965173314524
2007-12-14,0.6796668539185243,0.20807965173314524
2007-12-17,0.6796668539185243,0.20807965173314524
2007-12-18,0.6796668539185243,0.20807965173314524
2007-12-19,0.6796668539185243,0.20807965173314524
2007-12-20,0.6796668539185243,0.20807965173314524
2007-12-21,0.6796668539185243,0.20807965173314524
2007-12-24,0.6796668539185243,0.20807965173314524
2007-12-25,0.6796668539185243,0.20807965173314524
2007-12-26,0.6796668539185243,0.20807965173314524
2007-12-27,0.6796668539185243,0.20807965173314524
2007-12-28,0.6796668539185243,0.20807965173314524
2007-12-31,0.6796668539185243,0.20807965173314524
2008-01-01,0.7259816558946269,0.21605881177444955
2008-01-02,0.7259816558946269,0.21605881177444955
2008-01-03,0.7259816558946269,0.21605881177444955
2008-01-04,0.7259816558946269,0.21605881177444955
2008-01-07,0.7259816558946269,0.21605881177444955
2008-01-08,0.7259816558946269,0.21605881177444955
2008-01-09,0.7259816558946269,0.21605881177444955
2008-01-10,0.7259816558946269,0.21605881177444955
2008-01-11,0.7259816558946269,0.21605881177444955
2008-01-14,0.7259816558946269,0.21605881177444955
2008-01-15,0.7259816558946269,0.21605881177444955
2008-01-16,0.7259816558946269,0.21605881177444955
2008-01-17,0.7259816558946269,0.21605881177444955
2008-01-18,0.7259816558946269,0.21605881177444955
2008-01-21,0.7259816558946269,0.21605881177444955
2008-01-22,0.7259816558946269,0.21605881177444955
2008-01-23,0.7259816558946269,0.21605881177444955
2008-01-24,0.7259816558946269,0.21605881177444955
2008-01-25,0.7259816558946269,0.21605881177444955
2008-01-28,0.7259816558946269,0.21605881177444955
2008-01-29,0.7259816558946269,0.21605881177444955
2008-01-30,0.7259816558946269,0.21605881177444955
2008-01-31,0.7259816558946269,0.21605881177444955
2008-02-01,1.261255052815054,0.04480931093865453
2008-02-04,1.261255052815054,0.04480931093865453
2008-02-05,1.261255052815054,0.04480931093865453
2008-02-06,1.261255052815054,0.04480931093865453
2008-02-07,1.261255052815054,0.04480931093865453
2008-02-08,1.261255052815054,0.04480931093865453
2008-02-11,1.261255052815054,0.04480931093865453
2008-02-12,1.261255052815054,0.04480931093865453
2008-02-13,1.261255052815054,0.04480931093865453
2008-02-14,1.261255052815054,0.04480931093865453
2008-02-15,1.261255052815054,0.04480931093865453
2008-02-18,1.261255052815054,0.04480931093865453
2008-02-19,1.261255052815054,0.04480931093865453
2008-02-20,1.261255052815054,0.04480931093865453
2008-02-21,1.261255052815054,0.04480931093865453
2008-02-22,1.261255052815054,0.04480931093865453
2008-02-25,1.261255052815054,0.04480931093865453
2008-02-26,1.261255052815054,0.04480931093865453
2008-02-27,1.261255052815054,0.04480931093865453
2008-02-28,1.261255052815054,0.04480931093865453
2008-02-29,1.261255052815054,0.04480931093865453
2008-03-03,1.500516791692617,0.04833039798715736
2008-03-04,1.500516791692617,0.04833039798715736
2008-03-05,1.500516791692617,0.04833039798715736
2008-03-06,1.500516791692617,0.04833039798715736
2008-03-07,1.500516791692617,0.04833039798715736
2008-03-10,1.500516791692617,0.04833039798715736
2008-03-11,1.500516791692617,0.04833039798715736
2008-03-12,1.500516791692617,0.04833039798715736
2008-03-13,1.500516791692617,0.04833039798715736
2008-03-14,1.500516791692617,0.04833039798715736
2008-03-17,1.500516791692617,0.04833039798715736
2008-03-18,1.500516791692617,0.04833039798715736
2008-03-19,1.500516791692617,0.04833039798715736
2008-03-20,1.500516791692617,0.04833039798715736
2008-03-21,1.500516791692617,0.04833039798715736
2008-03-24,1.500516791692617,0.04833039798715736
2008-03-25,1.500516791692617,0.04833039798715736
2008-03-26,1.500516791692617,0.04833039798715736
2008-03-27,1.500516791692617,0.04833039798715736
2008-03-28,1.500516791692617,0.04833039798715736
2008-03-31,1.500516791692617,0.04833039798715736
2008-04-01,1.6978892166898005,0.060193888629885214
2008-04-02,1.6978892166898005,0.060193888629885214
2008-04-03,1.6978892166898005,0.060193888629885214
2008-04-04,1.6978892166898005,0.060193888629885214
2008-04-07,1.6978892166898005,0.060193888629885214
2008-04-08,1.6978892166898005,0.060193888629885214
2008-04-09,1.6978892166898005,0.060193888629885214
2008-04-10,1.6978892166898005,0.060193888629885214
2008-04-11,1.6978892166898005,0.060193888629885214
2008-04-14,1.6978892166898005,0.060193888629885214
2008-04-15,1.6978892166898005,0.060193888629885214
2008-04-16,1.6978892166898005,0.060193888629885214
2008-04-17,1.6978892166898005,0.060193888629885214
2008-04-18,1.6978892166898005,0.060193888629885214
2008-04-21,1.6978892166898005,0.060193888629885214
2008-04-22,1.6978892166898005,0.060193888629885214
2008-04-23,1.6978892166898005,0.060193888629885214
2008-04-24,1.6978892166898005,0.060193888629885214
2008-04-25,1.6978892166898005,0.060193888629885214
2008-04-28,1.6978892166898005,0.060193888629885214
2008-04-29,1.6978892166898005,0.060193888629885214
2008-04-30,1.6978892166898005,0.060193888629885214
2008-05-01,0.9944437232420468,0.2554524357456531
2008-05-02,0.9944437232420468,0.2554524357456531
2008-05-05,0.9944437232420468,0.2554524357456531
2008-05-06,0.9944437232420468,0.2554524357456531
2008-05-07,0.9944437232420468,0.2554524357456531
2008-05-08,0.9944437232420468,0.2554524357456531
2008-05-09,0.9944437232420468,0.2554524357456531
2008-05-12,0.9944437232420468,0.2554524357456531
2008-05-13,0.9944437232420468,0.2554524357456531
2008-05-14,0.9944437232420468,0.2554524357456531
2008-05-15,0.9944437232420468,0.2554524357456531
2008-05-16,0.9944437232420468,0.2554524357456531
2008-05-19,0.9944437232420468,0.2554524357456531
2008-05-20,0.9944437232420468,0.2554524357456531
2008-05-21,0.9944437232420468,0.2554524357456531
2008-05-22,0.9944437232420468,0.2554524357456531
2008-05-23,0.9944437232420468,0.2554524357456531
2008-05-26,0.9944437232420468,0.2554524357456531
2008-05-27,0.9944437232420468,0.2554524357456531
2008-05-28,0.9944437232420468,0.2554524357456531
2008-05-29,0.9944437232420468,0.2554524357456531
2008-05-30,0.9944437232420468,0.2554524357456531
2008-06-02,0.9944437232420468,0.2554524357456531
2008-06-03,0.6664291978053667,0.42465114405166393
2008-06-04,0.6664291978053667,0.42465114405166393
2008-06-05,0.6664291978053667,0.42465114405166393
2008-06-06,0.6664291978053667,0.42465114405166393
2008-06-09,0.6664291978053667,0.42465114405166393
2008-06-10,0.6664291978053667,0.42465114405166393
2008-06-11,0.6664291978053667,0.42465114405166393
2008-06-12,0.6664291978053667,0.42465114405166393
2008-06-13,0.6664291978053667,0.42465114405166393
2008-06-16,0.6664291978053667,0.42465114405166393
2008-06-17,0.6664291978053667,0.42465114405166393
2008-06-18,0.6664291978053667,0.42465114405166393
2008-06-19,0.6664291978053667,0.42465114405166393
2008-06-20,0.6664291978053667,0.42465114405166393
2008-06-23,0.6664291978053667,0.42465114405166393
2008-06-24,0.6664291978053667,0.42465114405166393
2008-06-25,0.6664291978053667,0.42465114405166393
2008-06-26,0.6664291978053667,0.42465114405166393
2008-06-27,0.6664291978053667,0.42465114405166393
2008-06-30,0.6664291978053667,0.42465114405166393
2008-07-01,1.30041571362834,0.1528736751189917
2008-07-02,1.30041571362834,0.1528736751189917
2008-07-03,1.30041571362834,0.1528736751189917
2008-07-04,1.30041571362834,0.1528736751189917
2008-07-07,1.30041571362834,0.1528736751189917
2008-07-08,1.30041571362834,0.1528736751189917
2008-07-09,1.30041571362834,0.1528736751189917
2008-07-10,1.30041571362834,0.1528736751189917
2008-07-11,1.30041571362834,0.1528736751189917
2008-07-14,1.30041571362834,0.1528736751189917
2008-07-15,1.30041571362834,0.1528736751189917
2008-07-16,1.30041571362834,0.1528736751189917
2008-07-17,1.30041571362834,0.1528736751189917
2008-07-18,1.30041571362834,0.1528736751189917
2008-07-21,1.30041571362834,0.1528736751189917
2008-07-22,1.30041571362834,0.1528736751189917
2008-07-23,1.30041571362834,0.1528736751189917
2008-07-24,1.30041571362834,0.1528736751189917
2008-07-25,1.30041571362834,0.1528736751189917
2008-07-28,1.30041571362834,0.1528736751189917
2008-07-29,1.30041571362834,0.1528736751189917
2008-07-30,1.30041571362834,0.1528736751189917
2008-07-31,1.30041571362834,0.1528736751189917
2008-08-01,1.3873763086673725,0.16919693408979672
2008-08-04,1.3873763086673725,0.16919693408979672
2008-08-05,1.3873763086673725,0.16919693408979672
2008-08-06,1.3873763086673725,0.16919693408979672
2008-08-07,1.3873763086673725,0.16919693408979672
2008-08-08,1.3873763086673725,0.16919693408979672
2008-08-11,1.3873763086673725,0.16919693408979672
2008-08-12,1.3873763086673725,0.16919693408979672
2008-08-13,1.3873763086673725,0.16919693408979672
2008-08-14,1.3873763086673725,0.16919693408979672
2008-08-15,1.3873763086673725,0.16919693408979672
2008-08-18,1.3873763086673725,0.16919693408979672
2008-08-19,1.3873763086673725,0.16919693408979672
2008-08-20,1.3873763086673725,0.16919693408979672
2008-08-21,1.3873763086673725,0.16919693408979672
2008-08-22,1.3873763086673725,0.16919693408979672
2008-08-25,1.3873763086673725,0.16919693408979672
2008-08-26,1.3873763086673725,0.16919693408979672
2008-08-27,1.3873763086673725,0.16919693408979672
2008-08-28,1.3873763086673725,0.16919693408979672
2008-08-29,1.3873763086673725,0.16919693408979672
2008-09-01,1.3873763086673725,0.16919693408979672
2008-09-02,1.3101063423445842,0.24849467775666145
2008-09-03,1.3101063423445842,0.24849467775666145
2008-09-04,1.3101063423445842,0.24849467775666145
2008-09-05,1.3101063423445842,0.24849467775666145
2008-09-08,1.3101063423445842,0.24849467775666145
2008-09-09,1.3101063423445842,0.24849467775666145
2008-09-10,1.3101063423445842,0.24849467775666145
2008-09-11,1.3101063423445842,0.24849467775666145
2008-09-12,1.3101063423445842,0.24849467775666145
2008-09-15,1.3101063423445842,0.24849467775666145
2008-09-16,1.3101063423445842,0.24849467775666145
2008-09-17,1.3101063423445842,0.24849467775666145
2008-09-18,1.3101063423445842,0.24849467775666145
2008-09-19,1.3101063423445842,0.24849467775666145
2008-09-22,1.3101063423445842,0.24849467775666145
2008-09-23,1.3101063423445842,0.24849467775666145
2008-09-24,1.3101063423445842,0.24849467775666145
2008-09-25,1.3101063423445842,0.24849467775666145
2008-09-26,1.3101063423445842,0.24849467775666145
2008-09-29,1.3101063423445842,0.24849467775666145
2008-09-30,1.3101063423445842,0.24849467775666145
2008-10-01,3.567321202996936,0.8672255299940074
2008-10-02,3.567321202996936,0.8672255299940074
2008-10-03,3.567321202996936,0.8672255299940074
2008-10-06,3.567321202996936,0.8672255299940074
2008-10-07,3.567321202996936,0.8672255299940074
2008-10-08,3.567321202996936,0.8672255299940074
2008-10-09,3.567321202996936,0.8672255299940074
2008-10-10,3.567321202996936,0.8672255299940074
2008-10-13,3.567321202996936,0.8672255299940074
2008-10-14,3.567321202996936,0.8672255299940074
2008-10-15,3.567321202996936,0.8672255299940074
2008-10-16,3.567321202996936,0.8672255299940074
2008-10-17,3.567321202996936,0.8672255299940074
2008-10-20,3.567321202996936,0.8672255299940074
2008-10-21,3.567321202996936,0.8672255299940074
2008-10-22,3.567321202996936,0.8672255299940074
2008-10-23,3.567321202996936,0.8672255299940074
2008-10-24,3.567321202996936,0.8672255299940074
2008-10-27,3.567321202996936,0.8672255299940074
2008-10-28,3.567321202996936,0.8672255299940074
2008-10-29,3.567321202996936,0.8672255299940074
2008-10-30,3.567321202996936,0.8672255299940074
2008-10-31,3.567321202996936,0.8672255299940074
2008-11-03,6.874289323868433,2.258594748564777
2008-11-04,6.874289323868433,2.258594748564777
2008-11-05,6.874289323868433,2.258594748564777
2008-11-06,6.874289323868433,2.258594748564777
2008-11-07,6.874289323868433,2.258594748564777
2008-11-10,6.874289323868433,2.258594748564777
2008-11-11,6.874289323868433,2.258594748564777
2008-11-12,6.874289323868433,2.258594748564777
2008-11-13,6.874289323868433,2.258594748564777
2008-11-14,6.874289323868433,2.258594748564777
2008-11-17,6.874289323868433,2.258594748564777
2008-11-18,6.874289323868433,2.258594748564777
2008-11-19,6.874289323868433,2.258594748564777
2008-11-20,6.874289323868433,2.258594748564777
2008-11-21,6.874289323868433,2.258594748564777
2008-11-24,6.874289323868433,2.258594748564777
2008-11-25,6.874289323868433,2.258594748564777
2008-11-26,6.874289323868433,2.258594748564777
2008-11-27,6.874289323868433,2.258594748564777
2008-11-28,6.874289323868433,2.258594748564777
2008-12-01,6.874289323868433,2.258594748564777
2008-12-02,6.991075325824455,2.1119414705536674
2008-12-03,6.991075325824455,2.1119414705536674
2008-12-04,6.991075325824455,2.1119414705536674
2008-12-05,6.991075325824455,2.1119414705536674
2008-12-08,6.991075325824455,2.1119414705536674
2008-12-09,6.991075325824455,2.1119414705536674
2008-12-10,6.991075325824455,2.1119414705536674
2008-12-11,6.991075325824455,2.1119414705536674
2008-12-12,6.991075325824455,2.1119414705536674
2008-12-15,6.991075325824455,2.1119414705536674
2008-12-16,6.991075325824455,2.1119414705536674
2008-12-17,6.991075325824455,2.1119414705536674
2008-12-18,6.991075325824455,2.1119414705536674
2008-12-19,6.991075325824455,2.1119414705536674
2008-12-22,6.991075325824455,2.1119414705536674
2008-12-23,6.991075325824455,2.1119414705536674
2008-12-24,6.991075325824455,2.1119414705536674
2008-12-25,6.991075325824455,2.1119414705536674
2008-12-26,6.991075325824455,2.1119414705536674
2008-12-29,6.991075325824455,2.1119414705536674
2008-12-30,6.991075325824455,2.1119414705536674
2008-12-31,6.991075325824455,2.1119414705536674
2009-01-01,5.856390922560712,1.3168400155464546
2009-01-02,5.856390922560712,1.3168400155464546
2009-01-05,5.856390922560712,1.3168400155464546
2009-01-06,5.856390922560712,1.3168400155464546
2009-01-07,5.856390922560712,1.3168400155464546
2009-01-08,5.856390922560712,1.3168400155464546
2009-01-09,5.856390922560712,1.3168400155464546
2009-01-12,5.856390922560712,1.3168400155464546
2009-01-13,5.856390922560712,1.3168400155464546
2009-01-14,5.856390922560712,1.3168400155464546
2009-01-15,5.856390922560712,1.3168400155464546
2009-01-16,5.856390922560712,1.3168400155464546
2009-01-19,5.856390922560712,1.3168400155464546
2009-01-20,5.856390922560712,1.3168400155464546
2009-01-21,5.856390922560712,1.3168400155464546
2009-01-22,5.856390922560712,1.3168400155464546
2009-01-23,5.856390922560712,1.3168400155464546
2009-01-26,5.856390922560712,1.3168400155464546
2009-01-27,5.856390922560712,1.3168400155464546
2009-01-28,5.856390922560712,1.3168400155464546
2009-01-29,5.856390922560712,1.3168400155464546
2009-01-30,5.856390922560712,1.3168400155464546
2009-02-02,5.856390922560712,1.3168400155464546
2009-02-03,5.525537744269919,1.3214377179967232
2009-02-04,5.525537744269919,1.3214377179967232
2009-02-05,5.525537744269919,1.3214377179967232
2009-02-06,5.525537744269919,1.3214377179967232
2009-02-09,5.525537744269919,1.3214377179967232
2009-02-10,5.525537744269919,1.3214377179967232
2009-02-11,5.525537744269919,1.3214377179967232
2009-02-12,5.525537744269919,1.3214377179967232
2009-02-13,5.525537744269919,1.3214377179967232
2009-02-16,5.525537744269919,1.3214377179967232
2009-02-17,5.525537744269919,1.3214377179967232
2009-02-18,5.525537744269919,1.3214377179967232
2009-02-19,5.525537744269919,1.3214377179967232
2009-02-20,5.525537744269919,1.3214377179967232
2009-02-23,5.525537744269919,1.3214377179967232
2009-02-24,5.525537744269919,1.3214377179967232
2009-02-25,5.525537744269919,1.3214377179967232
2009-02-26,5.525537744269919,1.3214377179967232
2009-02-27,5.525537744269919,1.3214377179967232
2009-03-02,5.525537744269919,1.3214377179967232
2009-03-03,5.819532701880067,1.3824386822728836
2009-03-04,5.819532701880067,1.3824386822728836
2009-03-05,5.819532701880067,1.3824386822728836
2009-03-06,5.819532701880067,1.3824386822728836
2009-03-09,5.819532701880067,1.3824386822728836
2009-03-10,5.819532701880067,1.3824386822728836
2009-03-11,5.819532701880067,1.3824386822728836
2009-03-12,5.819532701880067,1.3824386822728836
2009-03-13,5.819532701880067,1.3824386822728836
2009-03-16,5.819532701880067,1.3824386822728836
2009-03-17,5.819532701880067,1.3824386822728836
2009-03-18,5.819532701880067,1.3824386822728836
2009-03-19,5.819532701880067,1.3824386822728836
2009-03-20,5.819532701880067,1.3824386822728836
2009-03-23,5.819532701880067,1.3824386822728836
2009-03-24,5.819532701880067,1.3824386822728836
2009-03-25,5.819532701880067,1.3824386822728836
2009-03-26,5.819532701880067,1.3824386822728836
2009-03-27,5.819532701880067,1.3824386822728836
2009-03-30,5.819532701880067,1.3824386822728836
2009-03-31,5.819532701880067,1.3824386822728836
2009-04-01,5.872780138550353,1.3736527052149632
2009-04-02,5.872780138550353,1.3736527052149632
2009-04-03,5.872780138550353,1.3736527052149632
2009-04-06,5.872780138550353,1.3736527052149632
2009-04-07,5.872780138550353,1.3736527052149632
2009-04-08,5.872780138550353,1.3736527052149632
2009-04-09,5.872780138550353,1.3736527052149632
2009-04-10,5.872780138550353,1.3736527052149632
2009-04-13,5.872780138550353,1.3736527052149632
2009-04-14,5.872780138550353,1.3736527052149632
2009-04-15,5.872780138550353,1.3736527052149632
2009-04-16,5.872780138550353,1.3736527052149632
2009-04-17,5.872780138550353,1.3736527052149632
2009-04-20,5.872780138550353,1.3736527052149632
2009-04-21,5.872780138550353,1.3736527052149632
2009-04-22,5.872780138550353,1.3736527052149632
2009-04-23,5.872780138550353,1.3736527052149632
2009-04-24,5.872780138550353,1.3736527052149632
2009-04-27,5.872780138550353,1.3736527052149632
2009-04-28,5.872780138550353,1.3736527052149632
2009-04-29,5.872780138550353,1.3736527052149632
2009-04-30,5.872780138550353,1.3736527052149632
2009-05-01,4.56212062569059,0.8349982706529319
2009-05-04,4.56212062569059,0.8349982706529319
2009-05-05,4.56212062569059,0.8349982706529319
2009-05-06,4.56212062569059,0.8349982706529319
2009-05-07,4.56212062569059,0.8349982706529319
2009-05-08,4.56212062569059,0.8349982706529319
2009-05-11,4.56212062569059,0.8349982706529319
2009-05-12,4.56212062569059,0.8349982706529319
2009-05-13,4.56212062569059,0.8349982706529319
2009-05-14,4.56212062569059,0.8349982706529319
2009-05-15,4.56212062569059,0.8349982706529319
2009-05-18,4.56212062569059,0.8349982706529319
2009-05-19,4.56212062569059,0.8349982706529319
2009-05-20,4.56212062569059,0.8349982706529319
2009-05-21,4.56212062569059,0.8349982706529319
2009-05-22,4.56212062569059,0.8349982706529319
2009-05-25,4.56212062569059,0.8349982706529319
2009-05-26,4.56212062569059,0.8349982706529319
2009-05-27,4.56212062569059,0.8349982706529319
2009-05-28,4.56212062569059,0.8349982706529319
2009-05-29,4.56212062569059,0.8349982706529319
2009-06-01,4.56212062569059,0.8349982706529319
2009-06-02,3.1793274952183683,0.25980431479940247
2009-06-03,3.1793274952183683,0.25980431479940247
2009-06-04,3.1793274952183683,0.25980431479940247
2009-06-05,3.1793274952183683,0.25980431479940247
2009-06-08,3.1793274952183683,0.25980431479940247
2009-06-09,3.1793274952183683,0.25980431479940247
2009-06-10,3.1793274952183683,0.25980431479940247
2009-06-11,3.1793274952183683,0.25980431479940247
2009-06-12,3.1793274952183683,0.25980431479940247
2009-06-15,3.1793274952183683,0.25980431479940247
2009-06-16,3.1793274952183683,0.25980431479940247
2009-06-17,3.1793274952183683,0.25980431479940247
2009-06-18,3.1793274952183683,0.25980431479940247
2009-06-19,3.1793274952183683,0.25980431479940247
2009-06-22,3.1793274952183683,0.25980431479940247
2009-06-23,3.1793274952183683,0.25980431479940247
2009-06-24,3.1793274952183683,0.25980431479940247
2009-06-25,3.1793274952183683,0.25980431479940247
2009-06-26,3.1793274952183683,0.25980431479940247
2009-06-29,3.1793274952183683,0.25980431479940247
2009-06-30,3.1793274952183683,0.25980431479940247
2009-07-01,2.4384847553043065,0.048346141204723095
2009-07-02,2.4384847553043065,0.048346141204723095
2009-07-03,2.4384847553043065,0.048346141204723095
2009-07-06,2.4384847553043065,0.048346141204723095
2009-07-07,2.4384847553043065,0.048346141204723095
2009-07-08,2.4384847553043065,0.048346141204723095
2009-07-09,2.4384847553043065,0.048346141204723095
2009-07-10,2.4384847553043065,0.048346141204723095
2009-07-13,2.4384847553043065,0.048346141204723095
2009-07-14,2.4384847553043065,0.048346141204723095
2009-07-15,2.4384847553043065,0.048346141204723095
2009-07-16,2.4384847553043065,0.048346141204723095
2009-07-17,2.4384847553043065,0.048346141204723095
2009-07-20,2.4384847553043065,0.048346141204723095
2009-07-21,2.4384847553043065,0.048346141204723095
2009-07-22,2.4384847553043065,0.048346141204723095
2009-07-23,2.4384847553043065,0.048346141204723095
2009-07-24,2.4384847553043065,0.048346141204723095
2009-07-27,2.4384847553043065,0.048346141204723095
2009-07-28,2.4384847553043065,0.048346141204723095
2009-07-29,2.4384847553043065,0.048346141204723095
2009-07-30,2.4384847553043065,0.048346141204723095
2009-07-31,2.4384847553043065,0.048346141204723095
2009-08-03,1.9354901796060617,0.13186771845067702
2009-08-04,1.9354901796060617,0.13186771845067702
2009-08-05,1.9354901796060617,0.13186771845067702
2009-08-06,1.9354901796060617,0.13186771845067702
2009-08-07,1.9354901796060617,0.13186771845067702
2009-08-10,1.9354901796060617,0.13186771845067702
2009-08-11,1.9354901796060617,0.13186771845067702
2009-08-12,1.9354901796060617,0.13186771845067702
2009-08-13,1.9354901796060617,0.13186771845067702
2009-08-14,1.9354901796060617,0.13186771845067702
2009-08-17,1.9354901796060617,0.13186771845067702
2009-08-18,1.9354901796060617,0.13186771845067702
2009-08-19,1.9354901796060617,0.13186771845067702
2009-08-20,1.9354901796060617,0.13186771845067702
2009-08-21,1.9354901796060617,0.13186771845067702
2009-08-24,1.9354901796060617,0.13186771845067702
2009-08-25,1.9354901796060617,0.13186771845067702
2009-08-26,1.9354901796060617,0.13186771845067702
2009-08-27,1.9354901796060617,0.13186771845067702
2009-08-28,1.9354901796060617,0.13186771845067702
2009-08-31,1.9354901796060617,0.13186771845067702
2009-09-01,1.72865195911482,0.16002043359954699
2009-09-02,1.72865195911482,0.16002043359954699
2009-09-03,1.72865195911482,0.16002043359954699
2009-09-04,1.72865195911482,0.16002043359954699
2009-09-07,1.72865195911482,0.16002043359954699
2009-09-08,1.72865195911482,0.16002043359954699
2009-09-09,1.72865195911482,0.16002043359954699
2009-09-10,1.72865195911482,0.16002043359954699
2009-09-11,1.72865195911482,0.16002043359954699
2009-09-14,1.72865195911482,0.16002043359954699
2009-09-15,1.72865195911482,0.16002043359954699
2009-09-16,1.72865195911482,0.16002043359954699
2009-09-17,1.72865195911482,0.16002043359954699
2009-09-18,1.72865195911482,0.16002043359954699
2009-09-21,1.72865195911482,0.16002043359954699
2009-09-22,1.72865195911482,0.16002043359954699
2009-09-23,1.72865195911482,0.16002043359954699
2009-09-24,1.72865195911482,0.16002043359954699
2009-09-25,1.72865195911482,0.16002043359954699
2009-09-28,1.72865195911482,0.16002043359954699
2009-09-29,1.72865195911482,0.16002043359954699
2009-09-30,1.72865195911482,0.16002043359954699
2009-10-01,1.501106360605905,0.20659461069782778
2009-10-02,1.501106360605905,0.20659461069782778
2009-10-05,1.501106360605905,0.20659461069782778
2009-10-06,1.501106360605905,0.20659461069782778
2009-10-07,1.501106360605905,0.20659461069782778
2009-10-08,1.501106360605905,0.20659461069782778
2009-10-09,1.501106360605905,0.20659461069782778
2009-10-12,1.501106360605905,0.20659461069782778
2009-10-13,1.501106360605905,0.20659461069782778
2009-10-14,1.501106360605905,0.20659461069782778
2009-10-15,1.501106360605905,0.20659461069782778
2009-10-16,1.501106360605905,0.20659461069782778
2009-10-19,1.501106360605905,0.20659461069782778
2009-10-20,1.501106360605905,0.20659461069782778
2009-10-21,1.501106360605905,0.20659461069782778
2009-10-22,1.501106360605905,0.20659461069782778
2009-10-23,1.501106360605905,0.20659461069782778
2009-10-26,1.501106360605905,0.20659461069782778
2009-10-27,1.501106360605905,0.20659461069782778
2009-10-28,1.501106360605905,0.20659461069782778
2009-10-29,1.501106360605905,0.20659461069782778
2009-10-30,1.501106360605905,0.20659461069782778
2009-11-02,1.501106360605905,0.20659461069782778
2009-11-03,1.8049217118344785,0.047595059337572264
2009-11-04,1.8049217118344785,0.047595059337572264
2009-11-05,1.8049217118344785,0.047595059337572264
2009-11-06,1.8049217118344785,0.047595059337572264
2009-11-09,1.8049217118344785,0.047595059337572264
2009-11-10,1.8049217118344785,0.047595059337572264
2009-11-11,1.8049217118344785,0.047595059337572264
2009-11-12,1.8049217118344785,0.047595059337572264
2009-11-13,1.8049217118344785,0.047595059337572264
2009-11-16,1.8049217118344785,0.047595059337572264
2009-11-17,1.8049217118344785,0.047595059337572264
2009-11-18,1.8049217118344785,0.047595059337572264
2009-11-19,1.8049217118344785,0.047595059337572264
2009-11-20,1.8049217118344785,0.047595059337572264
2009-11-23,1.8049217118344785,0.047595059337572264
2009-11-24,1.8049217118344785,0.047595059337572264
2009-11-25,1.8049217118344785,0.047595059337572264
2009-11-26,1.8049217118344785,0.047595059337572264
2009-11-27,1.8049217118344785,0.047595059337572264
2009-11-30,1.8049217118344785,0.047595059337572264
2009-12-01,1.2824035090998094,0.2712752199398003
2009-12-02,1.2824035090998094,0.2712752199398003
2009-12-03,1.2824035090998094,0.2712752199398003
2009-12-04,1.2824035090998094,0.2712752199398003
2009-12-07,1.2824035090998094,0.2712752199398003
2009-12-08,1.2824035090998094,0.2712752199398003
2009-12-09,1.2824035090998094,0.2712752199398003
2009-12-10,1.2824035090998094,0.2712752199398003
2009-12-11,1.2824035090998094,0.2712752199398003
2009-12-14,1.2824035090998094,0.2712752199398003
2009-12-15,1.2824035090998094,0.2712752199398003
2009-12-16,1.2824035090998094,0.2712752199398003
2009-12-17,1.2824035090998094,0.2712752199398003
2009-12-18,1.2824035090998094,0.2712752199398003
2009-12-21,1.2824035090998094,0.2712752199398003
2009-12-22,1.2824035090998094,0.2712752199398003
2009-12-23,1.2824035090998094,0.2712752199398003
2009-12-24,1.2824035090998094,0.2712752199398003
2009-12-25,1.2824035090998094,0.2712752199398003
2009-12-28,1.2824035090998094,0.2712752199398003
2009-12-29,1.2824035090998094,0.2712752199398003
2009-12-30,1.2824035090998094,0.2712752199398003
2009-12-31,1.2824035090998094,0.2712752199398003
2010-01-01,0.7855769956862946,0.4788420728386208
2010-01-04,0.7855769956862946,0.4788420728386208
2010-01-05,0.7855769956862946,0.4788420728386208
2010-01-06,0.7855769956862946,0.4788420728386208
2010-01-07,0.7855769956862946,0.4788420728386208
2010-01-08,0.7855769956862946,0.4788420728386208
2010-01-11,0.7855769956862946,0.4788420728386208
2010-01-12,0.7855769956862946,0.4788420728386208
2010-01-13,0.7855769956862946,0.4788420728386208
2010-01-14,0.7855769956862946,0.4788420728386208
2010-01-15,0.7855769956862946,0.4788420728386208
2010-01-18,0.7855769956862946,0.4788420728386208
2010-01-19,0.7855769956862946,0.4788420728386208
2010-01-20,0.7855769956862946,0.4788420728386208
2010-01-21,0.7855769956862946,0.4788420728386208
2010-01-22,0.7855769956862946,0.4788420728386208
2010-01-25,0.7855769956862946,0.4788420728386208
2010-01-26,0.7855769956862946,0.4788420728386208
2010-01-27,0.7855769956862946,0.4788420728386208
2010-01-28,0.7855769956862946,0.4788420728386208
2010-01-29,0.7855769956862946,0.4788420728386208
2010-02-01,0.7855769956862946,0.4788420728386208
2010-02-02,0.9490790062410529,0.3733367355998965
2010-02-03,0.9490790062410529,0.3733367355998965
2010-02-04,0.9490790062410529,0.3733367355998965
2010-02-05,0.9490790062410529,0.3733367355998965
2010-02-08,0.9490790062410529,0.3733367355998965
2010-02-09,0.9490790062410529,0.3733367355998965
2010-02-10,0.9490790062410529,0.3733367355998965
2010-02-11,0.9490790062410529,0.3733367355998965
2010-02-12,0.9490790062410529,0.3733367355998965
2010-02-15,0.9490790062410529,0.3733367355998965
2010-02-16,0.9490790062410529,0.3733367355998965
2010-02-17,0.9490790062410529,0.3733367355998965
2010-02-18,0.9490790062410529,0.3733367355998965
2010-02-19,0.9490790062410529,0.3733367355998965
2010-02-22,0.9490790062410529,0.3733367355998965
2010-02-23,0.9490790062410529,0.3733367355998965
2010-02-24,0.9490790062410529,0.3733367355998965
2010-02-25,0.9490790062410529,0.3733367355998965
2010-02-26,0.9490790062410529,0.3733367355998965
2010-03-01,0.9490790062410529,0.3733367355998965
2010-03-02,0.5021241463229035,0.6311222858372116
2010-03-03,0.5021241463229035,0.6311222858372116
2010-03-04,0.5021241463229035,0.6311222858372116
2010-03-05,0.5021241463229035,0.6311222858372116
2010-03-08,0.5021241463229035,0.6311222858372116
2010-03-09,0.5021241463229035,0.6311222858372116
2010-03-10,0.5021241463229035,0.6311222858372116
2010-03-11,0.5021241463229035,0.6311222858372116
2010-03-12,0.5021241463229035,0.6311222858372116
2010-03-15,0.5021241463229035,0.6311222858372116
2010-03-16,0.5021241463229035,0.6311222858372116
2010-03-17,0.5021241463229035,0.6311222858372116
2010-03-18,0.5021241463229035,0.6311222858372116
2010-03-19,0.5021241463229035,0.6311222858372116
2010-03-22,0.5021241463229035,0.6311222858372116
2010-03-23,0.5021241463229035,0.6311222858372116
2010-03-24,0.5021241463229035,0.6311222858372116
2010-03-25,0.5021241463229035,0.6311222858372116
2010-03-26,0.5021241463229035,0.6311222858372116
2010-03-29,0.5021241463229035,0.6311222858372116
2010-03-30,0.5021241463229035,0.6311222858372116
2010-03-31,0.5021241463229035,0.6311222858372116
2010-04-01,0.1643134636221409,0.736901095117511
2010-04-02,0.1643134636221409,0.736901095117511
2010-04-05,0.1643134636221409,0.736901095117511
2010-04-06,0.1643134636221409,0.736901095117511
2010-04-07,0.1643134636221409,0.736901095117511
2010-04-08,0.1643134636221409,0.736901095117511
2010-04-09,0.1643134636221409,0.736901095117511
2010-04-12,0.1643134636221409,0.736901095117511
2010-04-13,0.1643134636221409,0.736901095117511
2010-04-14,0.1643134636221409,0.736901095117511
2010-04-15,0.1643134636221409,0.736901095117511
2010-04-16,0.1643134636221409,0.736901095117511
2010-04-19,0.1643134636221409,0.736901095117511
2010-04-20,0.1643134636221409,0.736901095117511
2010-04-21,0.1643134636221409,0.736901095117511
2010-04-22,0.1643134636221409,0.736901095117511
2010-04-23,0.1643134636221409,0.736901095117511
2010-04-26,0.1643134636221409,0.736901095117511
2010-04-27,0.1643134636221409,0.736901095117511
2010-04-28,0.1643134636221409,0.736901095117511
2010-04-29,0.1643134636221409,0.736901095117511
2010-04-30,0.1643134636221409,0.736901095117511
2010-05-03,0.4593991643086702,0.5043757098080627
2010-05-04,0.4593991643086702,0.5043757098080627
2010-05-05,0.4593991643086702,0.5043757098080627
2010-05-06,0.4593991643086702,0.5043757098080627
2010-05-07,0.4593991643086702,0.5043757098080627
2010-05-10,0.4593991643086702,0.5043757098080627
2010-05-11,0.4593991643086702,0.5043757098080627
2010-05-12,0.4593991643086702,0.5043757098080627
2010-05-13,0.4593991643086702,0.5043757098080627
2010-05-14,0.4593991643086702,0.5043757098080627
2010-05-17,0.4593991643086702,0.5043757098080627
2010-05-18,0.4593991643086702,0.5043757098080627
2010-05-19,0.4593991643086702,0.5043757098080627
2010-05-20,0.4593991643086702,0.5043757098080627
2010-05-21,0.4593991643086702,0.5043757098080627
2010-05-24,0.4593991643086702,0.5043757098080627
2010-05-25,0.4593991643086702,0.5043757098080627
2010-05-26,0.4593991643086702,0.5043757098080627
2010-05-27,0.4593991643086702,0.5043757098080627
2010-05-28,0.4593991643086702,0.5043757098080627
2010-05-31,0.4593991643086702,0.5043757098080627
2010-06-01,1.649967383511415,0.0749618978286771
2010-06-02,1.649967383511415,0.0749618978286771
2010-06-03,1.649967383511415,0.0749618978286771
2010-06-04,1.649967383511415,0.0749618978286771
2010-06-07,1.649967383511415,0.0749618978286771
2010-06-08,1.649967383511415,0.0749618978286771
2010-06-09,1.649967383511415,0.0749618978286771
2010-06-10,1.649967383511415,0.0749618978286771
2010-06-11,1.649967383511415,0.0749618978286771
2010-06-14,1.649967383511415,0.0749618978286771
2010-06-15,1.649967383511415,0.0749618978286771
2010-06-16,1.649967383511415,0.0749618978286771
2010-06-17,1.649967383511415,0.0749618978286771
2010-06-18,1.649967383511415,0.0749618978286771
2010-06-21,1.649967383511415,0.0749618978286771
2010-06-22,1.649967383511415,0.0749618978286771
2010-06-23,1.649967383511415,0.0749618978286771
2010-06-24,1.649967383511415,0.0749618978286771
2010-06-25,1.649967383511415,0.0749618978286771
2010-06-28,1.649967383511415,0.0749618978286771
2010-06-29,1.649967383511415,0.0749618978286771
2010-06-30,1.649967383511415,0.0749618978286771
2010-07-01,1.945725705270788,0.1817601479130863
2010-07-02,1.945725705270788,0.1817601479130863
2010-07-05,1.945725705270788,0.1817601479130863
2010-07-06,1.945725705270788,0.1817601479130863
2010-07-07,1.945725705270788,0.1817601479130863
2010-07-08,1.945725705270788,0.1817601479130863
2010-07-09,1.945725705270788,0.1817601479130863
2010-07-12,1.945725705270788,0.1817601479130863
2010-07-13,1.945725705270788,0.1817601479130863
2010-07-14,1.945725705270788,0.1817601479130863
2010-07-15,1.945725705270788,0.1817601479130863
2010-07-16,1.945725705270788,0.1817601479130863
2010-07-19,1.945725705270788,0.1817601479130863
2010-07-20,1.945725705270788,0.1817601479130863
2010-07-21,1.945725705270788,0.1817601479130863
2010-07-22,1.945725705270788,0.1817601479130863
2010-07-23,1.945725705270788,0.1817601479130863
2010-07-26,1.945725705270788,0.1817601479130863
2010-07-27,1.945725705270788,0.1817601479130863
2010-07-28,1.945725705270788,0.1817601479130863
2010-07-29,1.945725705270788,0.1817601479130863
2010-07-30,1.945725705270788,0.1817601479130863
2010-08-02,1.945725705270788,0.1817601479130863
2010-08-03,0.8900592864705725,0.40395080465371896
2010-08-04,0.8900592864705725,0.40395080465371896
2010-08-05,0.8900592864705725,0.40395080465371896
2010-08-06,0.8900592864705725,0.40395080465371896
2010-08-09,0.8900592864705725,0.40395080465371896
2010-08-10,0.8900592864705725,0.40395080465371896
2010-08-11,0.8900592864705725,0.40395080465371896
2010-08-12,0.8900592864705725,0.40395080465371896
2010-08-13,0.8900592864705725,0.40395080465371896
2010-08-16,0.8900592864705725,0.40395080465371896
2010-08-17,0.8900592864705725,0.40395080465371896
2010-08-18,0.8900592864705725,0.40395080465371896
2010-08-19,0.8900592864705725,0.40395080465371896
2010-08-20,0.8900592864705725,0.40395080465371896
2010-08-23,0.8900592864705725,0.40395080465371896
2010-08-24,0.8900592864705725,0.40395080465371896
2010-08-25,0.8900592864705725,0.40395080465371896
2010-08-26,0.8900592864705725,0.40395080465371896
2010-08-27,0.8900592864705725,0.40395080465371896
2010-08-30,0.8900592864705725,0.40395080465371896
2010-08-31,0.8900592864705725,0.40395080465371896
2010-09-01,1.1637045801454529,0.28898756957590244
2010-09-02,1.1637045801454529,0.28898756957590244
2010-09-03,1.1637045801454529,0.28898756957590244
2010-09-06,1.1637045801454529,0.28898756957590244
2010-09-07,1.1637045801454529,0.28898756957590244
2010-09-08,1.1637045801454529,0.28898756957590244
2010-09-09,1.1637045801454529,0.28898756957590244
2010-09-10,1.1637045801454529,0.28898756957590244
2010-09-13,1.1637045801454529,0.28898756957590244
2010-09-14,1.1637045801454529,0.28898756957590244
2010-09-15,1.1637045801454529,0.28898756957590244
2010-09-16,1.1637045801454529,0.28898756957590244
2010-09-17,1.1637045801454529,0.28898756957590244
2010-09-20,1.1637045801454529,0.28898756957590244
2010-09-21,1.1637045801454529,0.28898756957590244
2010-09-22,1.1637045801454529,0.28898756957590244
2010-09-23,1.1637045801454529,0.28898756957590244
2010-09-24,1.1637045801454529,0.28898756957590244
2010-09-27,1.1637045801454529,0.28898756957590244
2010-09-28,1.1637045801454529,0.28898756957590244
2010-09-29,1.1637045801454529,0.28898756957590244
2010-09-30,1.1637045801454529,0.28898756957590244
2010-10-01,0.867986440949687,0.37523485164412307
2010-10-04,0.867986440949687,0.37523485164412307
2010-10-05,0.867986440949687,0.37523485164412307
2010-10-06,0.867986440949687,0.37523485164412307
2010-10-07,0.867986440949687,0.37523485164412307
2010-10-08,0.867986440949687,0.37523485164412307
2010-10-11,0.867986440949687,0.37523485164412307
2010-10-12,0.867986440949687,0.37523485164412307
2010-10-13,0.867986440949687,0.37523485164412307
2010-10-14,0.867986440949687,0.37523485164412307
2010-10-15,0.867986440949687,0.37523485164412307
2010-10-18,0.867986440949687,0.37523485164412307
2010-10-19,0.867986440949687,0.37523485164412307
2010-10-20,0.867986440949687,0.37523485164412307
2010-10-21,0.867986440949687,0.37523485164412307
2010-10-22,0.867986440949687,0.37523485164412307
2010-10-25,0.867986440949687,0.37523485164412307
2010-10-26,0.867986440949687,0.37523485164412307
2010-10-27,0.867986440949687,0.37523485164412307
2010-10-28,0.867986440949687,0.37523485164412307
2010-10-29,0.867986440949687,0.37523485164412307
2010-11-01,0.867986440949687,0.37523485164412307
2010-11-02,0.5756181935628031,0.5015404990321191
2010-11-03,0.5756181935628031,0.5015404990321191
2010-11-04,0.5756181935628031,0.5015404990321191
2010-11-05,0.5756181935628031,0.5015404990321191
2010-11-08,0.5756181935628031,0.5015404990321191
2010-11-09,0.5756181935628031,0.5015404990321191
2010-11-10,0.5756181935628031,0.5015404990321191
2010-11-11,0.5756181935628031,0.5015404990321191
2010-11-12,0.5756181935628031,0.5015404990321191
2010-11-15,0.5756181935628031,0.5015404990321191
2010-11-16,0.5756181935628031,0.5015404990321191
2010-11-17,0.5756181935628031,0.5015404990321191
2010-11-18,0.5756181935628031,0.5015404990321191
2010-11-19,0.5756181935628031,0.5015404990321191
2010-11-22,0.5756181935628031,0.5015404990321191
2010-11-23,0.5756181935628031,0.5015404990321191
2010-11-24,0.5756181935628031,0.5015404990321191
2010-11-25,0.5756181935628031,0.5015404990321191
2010-11-26,0.5756181935628031,0.5015404990321191
2010-11-29,0.5756181935628031,0.5015404990321191
2010-11-30,0.5756181935628031,0.5015404990321191
2010-12-01,0.7841657796515381,0.37453323027521473
2010-12-02,0.7841657796515381,0.37453323027521473
2010-12-03,0.7841657796515381,0.37453323027521473
2010-12-06,0.7841657796515381,0.37453323027521473
2010-12-07,0.7841657796515381,0.37453323027521473
2010-12-08,0.7841657796515381,0.37453323027521473
2010-12-09,0.7841657796515381,0.37453323027521473
2010-12-10,0.7841657796515381,0.37453323027521473
2010-12-13,0.7841657796515381,0.37453323027521473
2010-12-14,0.7841657796515381,0.37453323027521473
2010-12-15,0.7841657796515381,0.37453323027521473
2010-12-16,0.7841657796515381,0.37453323027521473
2010-12-17,0.7841657796515381,0.37453323027521473
2010-12-20,0.7841657796515381,0.37453323027521473
2010-12-21,0.7841657796515381,0.37453323027521473
2010-12-22,0.7841657796515381,0.37453323027521473
2010-12-23,0.7841657796515381,0.37453323027521473
2010-12-24,0.7841657796515381,0.37453323027521473
2010-12-27,0.7841657796515381,0.37453323027521473
2010-12-28,0.7841657796515381,0.37453323027521473
2010-12-29,0.7841657796515381,0.37453323027521473
2010-12-30,0.7841657796515381,0.37453323027521473
2010-12-31,0.7841657796515381,0.37453323027521473
2011-01-03,0.18883112618290612,0.6611575448472075
2011-01-04,0.18883112618290612,0.6611575448472075
2011-01-05,0.18883112618290612,0.6611575448472075
2011-01-06,0.18883112618290612,0.6611575448472075
2011-01-07,0.18883112618290612,0.6611575448472075
2011-01-10,0.18883112618290612,0.6611575448472075
2011-01-11,0.18883112618290612,0.6611575448472075
2011-01-12,0.18883112618290612,0.6611575448472075
2011-01-13,0.18883112618290612,0.6611575448472075
2011-01-14,0.18883112618290612,0.6611575448472075
2011-01-17,0.18883112618290612,0.6611575448472075
2011-01-18,0.18883112618290612,0.6611575448472075
2011-01-19,0.18883112618290612,0.6611575448472075
2011-01-20,0.18883112618290612,0.6611575448472075
2011-01-21,0.18883112618290612,0.6611575448472075
2011-01-24,0.18883112618290612,0.6611575448472075
2011-01-25,0.18883112618290612,0.6611575448472075
2011-01-26,0.18883112618290612,0.6611575448472075
2011-01-27,0.18883112618290612,0.6611575448472075
2011-01-28,0.18883112618290612,0.6611575448472075
2011-01-31,0.18883112618290612,0.6611575448472075
2011-02-01,0.2748502693386066,0.5613121509359894
2011-02-02,0.2748502693386066,0.5613121509359894
2011-02-03,0.2748502693386066,0.5613121509359894
2011-02-04,0.2748502693386066,0.5613121509359894
2011-02-07,0.2748502693386066,0.5613121509359894
2011-02-08,0.2748502693386066,0.5613121509359894
2011-02-09,0.2748502693386066,0.5613121509359894
2011-02-10,0.2748502693386066,0.5613121509359894
2011-02-11,0.2748502693386066,0.5613121509359894
2011-02-14,0.2748502693386066,0.5613121509359894
2011-02-15,0.2748502693386066,0.5613121509359894
2011-02-16,0.2748502693386066,0.5613121509359894
2011-02-17,0.2748502693386066,0.5613121509359894
2011-02-18,0.2748502693386066,0.5613121509359894
2011-02-21,0.2748502693386066,0.5613121509359894
2011-02-22,0.2748502693386066,0.5613121509359894
2011-02-23,0.2748502693386066,0.5613121509359894
2011-02-24,0.2748502693386066,0.5613121509359894
2011-02-25,0.2748502693386066,0.5613121509359894
2011-02-28,0.2748502693386066,0.5613121509359894
2011-03-01,0.11131070462805727,0.6151740987268458
2011-03-02,0.11131070462805727,0.6151740987268458
2011-03-03,0.11131070462805727,0.6151740987268458
2011-03-04,0.11131070462805727,0.6151740987268458
2011-03-07,0.11131070462805727,0.6151740987268458
2011-03-08,0.11131070462805727,0.6151740987268458
2011-03-09,0.11131070462805727,0.6151740987268458
2011-03-10,0.11131070462805727,0.6151740987268458
2011-03-11,0.11131070462805727,0.6151740987268458
2011-03-14,0.11131070462805727,0.6151740987268458
2011-03-15,0.11131070462805727,0.6151740987268458
2011-03-16,0.11131070462805727,0.6151740987268458
2011-03-17,0.11131070462805727,0.6151740987268458
2011-03-18,0.11131070462805727,0.6151740987268458
2011-03-21,0.11131070462805727,0.6151740987268458
2011-03-22,0.11131070462805727,0.6151740987268458
2011-03-23,0.11131070462805727,0.6151740987268458
2011-03-24,0.11131070462805727,0.6151740987268458
2011-03-25,0.11131070462805727,0.6151740987268458
2011-03-28,0.11131070462805727,0.6151740987268458
2011-03-29,0.11131070462805727,0.6151740987268458
2011-03-30,0.11131070462805727,0.6151740987268458
2011-03-31,0.11131070462805727,0.6151740987268458
2011-04-01,0.058967294706003016,0.6572384052757317
2011-04-04,0.058967294706003016,0.6572384052757317
2011-04-05,0.058967294706003016,0.6572384052757317
2011-04-06,0.058967294706003016,0.6572384052757317
2011-04-07,0.058967294706003016,0.6572384052757317
2011-04-08,0.058967294706003016,0.6572384052757317
2011-04-11,0.058967294706003016,0.6572384052757317
2011-04-12,0.058967294706003016,0.6572384052757317
2011-04-13,0.058967294706003016,0.6572384052757317
2011-04-14,0.058967294706003016,0.6572384052757317
2011-04-15,0.058967294706003016,0.6572384052757317
2011-04-18,0.058967294706003016,0.6572384052757317
2011-04-19,0.058967294706003016,0.6572384052757317
2011-04-20,0.058967294706003016,0.6572384052757317
2011-04-21,0.058967294706003016,0.6572384052757317
2011-04-22,0.058967294706003016,0.6572384052757317
2011-04-25,0.058967294706003016,0.6572384052757317
2011-04-26,0.058967294706003016,0.6572384052757317
2011-04-27,0.058967294706003016,0.6572384052757317
2011-04-28,0.058967294706003016,0.6572384052757317
2011-04-29,0.058967294706003016,0.6572384052757317
2011-05-02,0.058967294706003016,0.6572384052757317
2011-05-03,0.27132667282724826,0.7982972061885142
2011-05-04,0.27132667282724826,0.7982972061885142
2011-05-05,0.27132667282724826,0.7982972061885142
2011-05-06,0.27132667282724826,0.7982972061885142
2011-05-09,0.27132667282724826,0.7982972061885142
2011-05-10,0.27132667282724826,0.7982972061885142
2011-05-11,0.27132667282724826,0.7982972061885142
2011-05-12,0.27132667282724826,0.7982972061885142
2011-05-13,0.27132667282724826,0.7982972061885142
2011-05-16,0.27132667282724826,0.7982972061885142
2011-05-17,0.27132667282724826,0.7982972061885142
2011-05-18,0.27132667282724826,0.7982972061885142
2011-05-19,0.27132667282724826,0.7982972061885142
2011-05-20,0.27132667282724826,0.7982972061885142
2011-05-23,0.27132667282724826,0.7982972061885142
2011-05-24,0.27132667282724826,0.7982972061885142
2011-05-25,0.27132667282724826,0.7982972061885142
2011-05-26,0.27132667282724826,0.7982972061885142
2011-05-27,0.27132667282724826,0.7982972061885142
2011-05-30,0.27132667282724826,0.7982972061885142
2011-05-31,0.27132667282724826,0.7982972061885142
2011-06-01,0.14276260566235335,0.7534291670551301
2011-06-02,0.14276260566235335,0.7534291670551301
2011-06-03,0.14276260566235335,0.7534291670551301
2011-06-06,0.14276260566235335,0.7534291670551301
2011-06-07,0.14276260566235335,0.7534291670551301
2011-06-08,0.14276260566235335,0.7534291670551301
2011-06-09,0.14276260566235335,0.7534291670551301
2011-06-10,0.14276260566235335,0.7534291670551301
2011-06-13,0.14276260566235335,0.7534291670551301
2011-06-14,0.14276260566235335,0.7534291670551301
2011-06-15,0.14276260566235335,0.7534291670551301
2011-06-16,0.14276260566235335,0.7534291670551301
2011-06-17,0.14276260566235335,0.7534291670551301
2011-06-20,0.14276260566235335,0.7534291670551301
2011-06-21,0.14276260566235335,0.7534291670551301
2011-06-22,0.14276260566235335,0.7534291670551301
2011-06-23,0.14276260566235335,0.7534291670551301
2011-06-24,0.14276260566235335,0.7534291670551301
2011-06-27,0.14276260566235335,0.7534291670551301
2011-06-28,0.14276260566235335,0.7534291670551301
2011-06-29,0.14276260566235335,0.7534291670551301
2011-06-30,0.14276260566235335,0.7534291670551301
2011-07-01,0.05807331949980999,0.7000862593140842
2011-07-04,0.05807331949980999,0.7000862593140842
2011-07-05,0.05807331949980999,0.7000862593140842
2011-07-06,0.05807331949980999,0.7000862593140842
2011-07-07,0.05807331949980999,0.7000862593140842
2011-07-08,0.05807331949980999,0.7000862593140842
2011-07-11,0.05807331949980999,0.7000862593140842
2011-07-12,0.05807331949980999,0.7000862593140842
2011-07-13,0.05807331949980999,0.7000862593140842
2011-07-14,0.05807331949980999,0.7000862593140842
2011-07-15,0.05807331949980999,0.7000862593140842
2011-07-18,0.05807331949980999,0.7000862593140842
2011-07-19,0.05807331949980999,0.7000862593140842
2011-07-20,0.05807331949980999,0.7000862593140842
2011-07-21,0.05807331949980999,0.7000862593140842
2011-07-22,0.05807331949980999,0.7000862593140842
2011-07-25,0.05807331949980999,0.7000862593140842
2011-07-26,0.05807331949980999,0.7000862593140842
2011-07-27,0.05807331949980999,0.7000862593140842
2011-07-28,0.05807331949980999,0.7000862593140842
2011-07-29,0.05807331949980999,0.7000862593140842
2011-08-01,0.05807331949980999,0.7000862593140842
2011-08-02,0.723980947799391,0.25793799517207044
2011-08-03,0.723980947799391,0.25793799517207044
2011-08-04,0.723980947799391,0.25793799517207044
2011-08-05,0.723980947799391,0.25793799517207044
2011-08-08,0.723980947799391,0.25793799517207044
2011-08-09,0.723980947799391,0.25793799517207044
2011-08-10,0.723980947799391,0.25793799517207044
2011-08-11,0.723980947799391,0.25793799517207044
2011-08-12,0.723980947799391,0.25793799517207044
2011-08-15,0.723980947799391,0.25793799517207044
2011-08-16,0.723980947799391,0.25793799517207044
2011-08-17,0.723980947799391,0.25793799517207044
2011-08-18,0.723980947799391,0.25793799517207044
2011-08-19,0.723980947799391,0.25793799517207044
2011-08-22,0.723980947799391,0.25793799517207044
2011-08-23,0.723980947799391,0.25793799517207044
2011-08-24,0.723980947799391,0.25793799517207044
2011-08-25,0.723980947799391,0.25793799517207044
2011-08-26,0.723980947799391,0.25793799517207044
2011-08-29,0.723980947799391,0.25793799517207044
2011-08-30,0.723980947799391,0.25793799517207044
2011-08-31,0.723980947799391,0.25793799517207044
2011-09-01,1.6735833011091814,0.1542143504132706
2011-09-02,1.6735833011091814,0.1542143504132706
2011-09-05,1.6735833011091814,0.1542143504132706
2011-09-06,1.6735833011091814,0.1542143504132706
2011-09-07,1.6735833011091814,0.1542143504132706
2011-09-08,1.6735833011091814,0.1542143504132706
2011-09-09,1.6735833011091814,0.1542143504132706
2011-09-12,1.6735833011091814,0.1542143504132706
2011-09-13,1.6735833011091814,0.1542143504132706
2011-09-14,1.6735833011091814,0.1542143504132706
2011-09-15,1.6735833011091814,0.1542143504132706
2011-09-16,1.6735833011091814,0.1542143504132706
2011-09-19,1.6735833011091814,0.1542143504132706
2011-09-20,1.6735833011091814,0.1542143504132706
2011-09-21,1.6735833011091814,0.1542143504132706
2011-09-22,1.6735833011091814,0.1542143504132706
2011-09-23,1.6735833011091814,0.1542143504132706
2011-09-26,1.6735833011091814,0.1542143504132706
2011-09-27,1.6735833011091814,0.1542143504132706
2011-09-28,1.6735833011091814,0.1542143504132706
2011-09-29,1.6735833011091814,0.1542143504132706
2011-09-30,1.6735833011091814,0.1542143504132706
2011-10-03,2.903956576440409,0.7728990498249995
2011-10-04,2.903956576440409,0.7728990498249995
2011-10-05,2.903956576440409,0.7728990498249995
2011-10-06,2.903956576440409,0.7728990498249995
2011-10-07,2.903956576440409,0.7728990498249995
2011-10-10,2.903956576440409,0.7728990498249995
2011-10-11,2.903956576440409,0.7728990498249995
2011-10-12,2.903956576440409,0.7728990498249995
2011-10-13,2.903956576440409,0.7728990498249995
2011-10-14,2.903956576440409,0.7728990498249995
2011-10-17,2.903956576440409,0.7728990498249995
2011-10-18,2.903956576440409,0.7728990498249995
2011-10-19,2.903956576440409,0.7728990498249995
2011-10-20,2.903956576440409,0.7728990498249995
2011-10-21,2.903956576440409,0.7728990498249995
2011-10-24,2.903956576440409,0.7728990498249995
2011-10-25,2.903956576440409,0.7728990498249995
2011-10-26,2.903956576440409,0.7728990498249995
2011-10-27,2.903956576440409,0.7728990498249995
2011-10-28,2.903956576440409,0.7728990498249995
2011-10-31,2.903956576440409,0.7728990498249995
2011-11-01,1.5755345333731992,0.10388374464100254
2011-11-02,1.5755345333731992,0.10388374464100254
2011-11-03,1.5755345333731992,0.10388374464100254
2011-11-04,1.5755345333731992,0.10388374464100254
2011-11-07,1.5755345333731992,0.10388374464100254
2011-11-08,1.5755345333731992,0.10388374464100254
2011-11-09,1.5755345333731992,0.10388374464100254
2011-11-10,1.5755345333731992,0.10388374464100254
2011-11-11,1.5755345333731992,0.10388374464100254
2011-11-14,1.5755345333731992,0.10388374464100254
2011-11-15,1.5755345333731992,0.10388374464100254
2011-11-16,1.5755345333731992,0.10388374464100254
2011-11-17,1.5755345333731992,0.10388374464100254
2011-11-18,1.5755345333731992,0.10388374464100254
2011-11-21,1.5755345333731992,0.10388374464100254
2011-11-22,1.5755345333731992,0.10388374464100254
2011-11-23,1.5755345333731992,0.10388374464100254
2011-11-24,1.5755345333731992,0.10388374464100254
2011-11-25,1.5755345333731992,0.10388374464100254
2011-11-28,1.5755345333731992,0.10388374464100254
2011-11-29,1.5755345333731992,0.10388374464100254
2011-11-30,1.5755345333731992,0.10388374464100254
2011-12-01,1.6732834774034866,0.0650806015386845
2011-12-02,1.6732834774034866,0.0650806015386845
2011-12-05,1.6732834774034866,0.0650806015386845
2011-12-06,1.6732834774034866,0.0650806015386845
2011-12-07,1.6732834774034866,0.0650806015386845
2011-12-08,1.6732834774034866,0.0650806015386845
2011-12-09,1.6732834774034866,0.0650806015386845
2011-12-12,1.6732834774034866,0.0650806015386845
2011-12-13,1.6732834774034866,0.0650806015386845
2011-12-14,1.6732834774034866,0.0650806015386845
2011-12-15,1.6732834774034866,0.0650806015386845
2011-12-16,1.6732834774034866,0.0650806015386845
2011-12-19,1.6732834774034866,0.0650806015386845
2011-12-20,1.6732834774034866,0.0650806015386845
2011-12-21,1.6732834774034866,0.0650806015386845
2011-12-22,1.6732834774034866,0.0650806015386845
2011-12-23,1.6732834774034866,0.0650806015386845
2011-12-26,1.6732834774034866,0.0650806015386845
2011-12-27,1.6732834774034866,0.0650806015386845
2011-12-28,1.6732834774034866,0.0650806015386845
2011-12-29,1.6732834774034866,0.0650806015386845
2011-12-30,1.6732834774034866,0.0650806015386845
2012-01-02,1.6732834774034866,0.0650806015386845
2012-01-03,1.2694066637021821,0.19336805368360882
2012-01-04,1.2694066637021821,0.19336805368360882
2012-01-05,1.2694066637021821,0.19336805368360882
2012-01-06,1.2694066637021821,0.19336805368360882
2012-01-09,1.2694066637021821,0.19336805368360882
2012-01-10,1.2694066637021821,0.19336805368360882
2012-01-11,1.2694066637021821,0.19336805368360882
2012-01-12,1.2694066637021821,0.19336805368360882
2012-01-13,1.2694066637021821,0.19336805368360882
2012-01-16,1.2694066637021821,0.19336805368360882
2012-01-17,1.2694066637021821,0.19336805368360882
2012-01-18,1.2694066637021821,0.19336805368360882
2012-01-19,1.2694066637021821,0.19336805368360882
2012-01-20,1.2694066637021821,0.19336805368360882
2012-01-23,1.2694066637021821,0.19336805368360882
2012-01-24,1.2694066637021821,0.19336805368360882
2012-01-25,1.2694066637021821,0.19336805368360882
2012-01-26,1.2694066637021821,0.19336805368360882
2012-01-27,1.2694066637021821,0.19336805368360882
2012-01-30,1.2694066637021821,0.19336805368360882
2012-01-31,1.2694066637021821,0.19336805368360882
2012-02-01,0.8025295840531391,0.40135383595200264
2012-02-02,0.8025295840531391,0.40135383595200264
2012-02-03,0.8025295840531391,0.40135383595200264
2012-02-06,0.8025295840531391,0.40135383595200264
2012-02-07,0.8025295840531391,0.40135383595200264
2012-02-08,0.8025295840531391,0.40135383595200264
2012-02-09,0.8025295840531391,0.40135383595200264
2012-02-10,0.8025295840531391,0.40135383595200264
2012-02-13,0.8025295840531391,0.40135383595200264
2012-02-14,0.8025295840531391,0.40135383595200264
2012-02-15,0.8025295840531391,0.40135383595200264
2012-02-16,0.8025295840531391,0.40135383595200264
2012-02-17,0.8025295840531391,0.40135383595200264
2012-02-20,0.8025295840531391,0.40135383595200264
2012-02-21,0.8025295840531391,0.40135383595200264
2012-02-22,0.8025295840531391,0.40135383595200264
2012-02-23,0.8025295840531391,0.40135383595200264
2012-02-24,0.8025295840531391,0.40135383595200264
2012-02-27,0.8025295840531391,0.40135383595200264
2012-02-28,0.8025295840531391,0.40135383595200264
2012-02-29,0.8025295840531391,0.40135383595200264
2012-03-01,0.495512303088939,0.4775300870033081
2012-03-02,0.495512303088939,0.4775300870033081
2012-03-05,0.495512303088939,0.4775300870033081
2012-03-06,0.495512303088939,0.4775300870033081
2012-03-07,0.495512303088939,0.4775300870033081
2012-03-08,0.495512303088939,0.4775300870033081
2012-03-09,0.495512303088939,0.4775300870033081
2012-03-12,0.495512303088939,0.4775300870033081
2012-03-13,0.495512303088939,0.4775300870033081
2012-03-14,0.495512303088939,0.4775300870033081
2012-03-15,0.495512303088939,0.4775300870033081
2012-03-16,0.495512303088939,0.4775300870033081
2012-03-19,0.495512303088939,0.4775300870033081
2012-03-20,0.495512303088939,0.4775300870033081
2012-03-21,0.495512303088939,0.4775300870033081
2012-03-22,0.495512303088939,0.4775300870033081
2012-03-23,0.495512303088939,0.4775300870033081
2012-03-26,0.495512303088939,0.4775300870033081
2012-03-27,0.495512303088939,0.4775300870033081
2012-03-28,0.495512303088939,0.4775300870033081
2012-03-29,0.495512303088939,0.4775300870033081
2012-03-30,0.495512303088939,0.4775300870033081
2012-04-02,0.495512303088939,0.4775300870033081
2012-04-03,0.1674859134390251,0.6280859634997322
2012-04-04,0.1674859134390251,0.6280859634997322
2012-04-05,0.1674859134390251,0.6280859634997322
2012-04-06,0.1674859134390251,0.6280859634997322
2012-04-09,0.1674859134390251,0.6280859634997322
2012-04-10,0.1674859134390251,0.6280859634997322
2012-04-11,0.1674859134390251,0.6280859634997322
2012-04-12,0.1674859134390251,0.6280859634997322
2012-04-13,0.1674859134390251,0.6280859634997322
2012-04-16,0.1674859134390251,0.6280859634997322
2012-04-17,0.1674859134390251,0.6280859634997322
2012-04-18,0.1674859134390251,0.6280859634997322
2012-04-19,0.1674859134390251,0.6280859634997322
2012-04-20,0.1674859134390251,0.6280859634997322
2012-04-23,0.1674859134390251,0.6280859634997322
2012-04-24,0.1674859134390251,0.6280859634997322
2012-04-25,0.1674859134390251,0.6280859634997322
2012-04-26,0.1674859134390251,0.6280859634997322
2012-04-27,0.1674859134390251,0.6280859634997322
2012-04-30,0.1674859134390251,0.6280859634997322
2012-05-01,0.3835722811055364,0.5244753607181056
2012-05-02,0.3835722811055364,0.5244753607181056
2012-05-03,0.3835722811055364,0.5244753607181056
2012-05-04,0.3835722811055364,0.5244753607181056
2012-05-07,0.3835722811055364,0.5244753607181056
2012-05-08,0.3835722811055364,0.5244753607181056
2012-05-09,0.3835722811055364,0.5244753607181056
2012-05-10,0.3835722811055364,0.5244753607181056
2012-05-11,0.3835722811055364,0.5244753607181056
2012-05-14,0.3835722811055364,0.5244753607181056
2012-05-15,0.3835722811055364,0.5244753607181056
2012-05-16,0.3835722811055364,0.5244753607181056
2012-05-17,0.3835722811055364,0.5244753607181056
2012-05-18,0.3835722811055364,0.5244753607181056
2012-05-21,0.3835722811055364,0.5244753607181056
2012-05-22,0.3835722811055364,0.5244753607181056
2012-05-23,0.3835722811055364,0.5244753607181056
2012-05-24,0.3835722811055364,0.5244753607181056
2012-05-25,0.3835722811055364,0.5244753607181056
2012-05-28,0.3835722811055364,0.5244753607181056
2012-05-29,0.3835722811055364,0.5244753607181056
2012-05-30,0.3835722811055364,0.5244753607181056
2012-05-31,0.3835722811055364,0.5244753607181056
2012-06-01,1.161966698426209,0.16469136506929263
2012-06-04,1.161966698426209,0.16469136506929263
2012-06-05,1.161966698426209,0.16469136506929263
2012-06-06,1.161966698426209,0.16469136506929263
2012-06-07,1.161966698426209,0.16469136506929263
2012-06-08,1.161966698426209,0.16469136506929263
2012-06-11,1.161966698426209,0.16469136506929263
2012-06-12,1.161966698426209,0.16469136506929263
2012-06-13,1.161966698426209,0.16469136506929263
2012-06-14,1.161966698426209,0.16469136506929263
2012-06-15,1.161966698426209,0.16469136506929263
2012-06-18,1.161966698426209,0.16469136506929263
2012-06-19,1.161966698426209,0.16469136506929263
2012-06-20,1.161966698426209,0.16469136506929263
2012-06-21,1.161966698426209,0.16469136506929263
2012-06-22,1.161966698426209,0.16469136506929263
2012-06-25,1.161966698426209,0.16469136506929263
2012-06-26,1.161966698426209,0.16469136506929263
2012-06-27,1.161966698426209,0.16469136506929263
2012-06-28,1.161966698426209,0.16469136506929263
2012-06-29,1.161966698426209,0.16469136506929263
2012-07-02,1.161966698426209,0.16469136506929263
2012-07-03,0.5062064644663328,0.5189730106280933
2012-07-04,0.5062064644663328,0.5189730106280933
2012-07-05,0.5062064644663328,0.5189730106280933
2012-07-06,0.5062064644663328,0.5189730106280933
2012-07-09,0.5062064644663328,0.5189730106280933
2012-07-10,0.5062064644663328,0.5189730106280933
2012-07-11,0.5062064644663328,0.5189730106280933
2012-07-12,0.5062064644663328,0.5189730106280933
2012-07-13,0.5062064644663328,0.5189730106280933
2012-07-16,0.5062064644663328,0.5189730106280933
2012-07-17,0.5062064644663328,0.5189730106280933
2012-07-18,0.5062064644663328,0.5189730106280933
2012-07-19,0.5062064644663328,0.5189730106280933
2012-07-20,0.5062064644663328,0.5189730106280933
2012-07-23,0.5062064644663328,0.5189730106280933
2012-07-24,0.5062064644663328,0.5189730106280933
2012-07-25,0.5062064644663328,0.5189730106280933
2012-07-26,0.5062064644663328,0.5189730106280933
2012-07-27,0.5062064644663328,0.5189730106280933
2012-07-30,0.5062064644663328,0.5189730106280933
2012-07-31,0.5062064644663328,0.5189730106280933
2012-08-01,0.5315152779295291,0.44242237766684794
2012-08-02,0.5315152779295291,0.44242237766684794
2012-08-03,0.5315152779295291,0.44242237766684794
2012-08-06,0.5315152779295291,0.44242237766684794
2012-08-07,0.5315152779295291,0.44242237766684794
2012-08-08,0.5315152779295291,0.44242237766684794
2012-08-09,0.5315152779295291,0.44242237766684794
2012-08-10,0.5315152779295291,0.44242237766684794
2012-08-13,0.5315152779295291,0.44242237766684794
2012-08-14,0.5315152779295291,0.44242237766684794
2012-08-15,0.5315152779295291,0.44242237766684794
2012-08-16,0.5315152779295291,0.44242237766684794
2012-08-17,0.5315152779295291,0.44242237766684794
2012-08-20,0.5315152779295291,0.44242237766684794
2012-08-21,0.5315152779295291,0.44242237766684794
2012-08-22,0.5315152779295291,0.44242237766684794
2012-08-23,0.5315152779295291,0.44242237766684794
2012-08-24,0.5315152779295291,0.44242237766684794
2012-08-27,0.5315152779295291,0.44242237766684794
2012-08-28,0.5315152779295291,0.44242237766684794
2012-08-29,0.5315152779295291,0.44242237766684794
2012-08-30,0.5315152779295291,0.44242237766684794
2012-08-31,0.5315152779295291,0.44242237766684794
2012-09-03,0.34143286624387026,0.5198521653589481
2012-09-04,0.34143286624387026,0.5198521653589481
2012-09-05,0.34143286624387026,0.5198521653589481
2012-09-06,0.34143286624387026,0.5198521653589481
2012-09-07,0.34143286624387026,0.5198521653589481
2012-09-10,0.34143286624387026,0.5198521653589481
2012-09-11,0.34143286624387026,0.5198521653589481
2012-09-12,0.34143286624387026,0.5198521653589481
2012-09-13,0.34143286624387026,0.5198521653589481
2012-09-14,0.34143286624387026,0.5198521653589481
2012-09-17,0.34143286624387026,0.5198521653589481
2012-09-18,0.34143286624387026,0.5198521653589481
2012-09-19,0.34143286624387026,0.5198521653589481
2012-09-20,0.34143286624387026,0.5198521653589481
2012-09-21,0.34143286624387026,0.5198521653589481
2012-09-24,0.34143286624387026,0.5198521653589481
2012-09-25,0.34143286624387026,0.5198521653589481
2012-09-26,0.34143286624387026,0.5198521653589481
2012-09-27,0.34143286624387026,0.5198521653589481
2012-09-28,0.34143286624387026,0.5198521653589481
2012-10-01,0.34143286624387026,0.5198521653589481
2012-10-02,0.07893794177393157,0.6256264203503453
2012-10-03,0.07893794177393157,0.6256264203503453
2012-10-04,0.07893794177393157,0.6256264203503453
2012-10-05,0.07893794177393157,0.6256264203503453
2012-10-08,0.07893794177393157,0.6256264203503453
2012-10-09,0.07893794177393157,0.6256264203503453
2012-10-10,0.07893794177393157,0.6256264203503453
2012-10-11,0.07893794177393157,0.6256264203503453
2012-10-12,0.07893794177393157,0.6256264203503453
2012-10-15,0.07893794177393157,0.6256264203503453
2012-10-16,0.07893794177393157,0.6256264203503453
2012-10-17,0.07893794177393157,0.6256264203503453
2012-10-18,0.07893794177393157,0.6256264203503453
2012-10-19,0.07893794177393157,0.6256264203503453
2012-10-22,0.07893794177393157,0.6256264203503453
2012-10-23,0.07893794177393157,0.6256264203503453
2012-10-24,0.07893794177393157,0.6256264203503453
2012-10-25,0.07893794177393157,0.6256264203503453
2012-10-26,0.07893794177393157,0.6256264203503453
2012-10-29,0.07893794177393157,0.6256264203503453
2012-10-30,0.07893794177393157,0.6256264203503453
2012-10-31,0.07893794177393157,0.6256264203503453
2012-11-01,0.15383715351144733,0.5332699102596987
2012-11-02,0.15383715351144733,0.5332699102596987
2012-11-05,0.15383715351144733,0.5332699102596987
2012-11-06,0.15383715351144733,0.5332699102596987
2012-11-07,0.15383715351144733,0.5332699102596987
2012-11-08,0.15383715351144733,0.5332699102596987
2012-11-09,0.15383715351144733,0.5332699102596987
2012-11-12,0.15383715351144733,0.5332699102596987
2012-11-13,0.15383715351144733,0.5332699102596987
2012-11-14,0.15383715351144733,0.5332699102596987
2012-11-15,0.15383715351144733,0.5332699102596987
2012-11-16,0.15383715351144733,0.5332699102596987
2012-11-19,0.15383715351144733,0.5332699102596987
2012-11-20,0.15383715351144733,0.5332699102596987
2012-11-21,0.15383715351144733,0.5332699102596987
2012-11-22,0.15383715351144733,0.5332699102596987
2012-11-23,0.15383715351144733,0.5332699102596987
2012-11-26,0.15383715351144733,0.5332699102596987
2012-11-27,0.15383715351144733,0.5332699102596987
2012-11-28,0.15383715351144733,0.5332699102596987
2012-11-29,0.15383715351144733,0.5332699102596987
2012-11-30,0.15383715351144733,0.5332699102596987
2012-12-03,0.05769322352013806,0.6553432401424364
2012-12-04,0.05769322352013806,0.6553432401424364
2012-12-05,0.05769322352013806,0.6553432401424364
2012-12-06,0.05769322352013806,0.6553432401424364
2012-12-07,0.05769322352013806,0.6553432401424364
2012-12-10,0.05769322352013806,0.6553432401424364
2012-12-11,0.05769322352013806,0.6553432401424364
2012-12-12,0.05769322352013806,0.6553432401424364
2012-12-13,0.05769322352013806,0.6553432401424364
2012-12-14,0.05769322352013806,0.6553432401424364
2012-12-17,0.05769322352013806,0.6553432401424364
2012-12-18,0.05769322352013806,0.6553432401424364
2012-12-19,0.05769322352013806,0.6553432401424364
2012-12-20,0.05769322352013806,0.6553432401424364
2012-12-21,0.05769322352013806,0.6553432401424364
2012-12-24,0.05769322352013806,0.6553432401424364
2012-12-25,0.05769322352013806,0.6553432401424364
2012-12-26,0.05769322352013806,0.6553432401424364
2012-12-27,0.05769322352013806,0.6553432401424364
2012-12-28,0.05769322352013806,0.6553432401424364
2012-12-31,0.05769322352013806,0.6553432401424364
2013-01-01,0.11957989600055943,0.5513532304878489
2013-01-02,0.11957989600055943,0.5513532304878489
2013-01-03,0.11957989600055943,0.5513532304878489
2013-01-04,0.11957989600055943,0.5513532304878489
2013-01-07,0.11957989600055943,0.5513532304878489
2013-01-08,0.11957989600055943,0.5513532304878489
2013-01-09,0.11957989600055943,0.5513532304878489
2013-01-10,0.11957989600055943,0.5513532304878489
2013-01-11,0.11957989600055943,0.5513532304878489
2013-01-14,0.11957989600055943,0.5513532304878489
2013-01-15,0.11957989600055943,0.5513532304878489
2013-01-16,0.11957989600055943,0.5513532304878489
2013-01-17,0.11957989600055943,0.5513532304878489
2013-01-18,0.11957989600055943,0.5513532304878489
2013-01-21,0.11957989600055943,0.5513532304878489
2013-01-22,0.11957989600055943,0.5513532304878489
2013-01-23,0.11957989600055943,0.5513532304878489
2013-01-24,0.11957989600055943,0.5513532304878489
2013-01-25,0.11957989600055943,0.5513532304878489
2013-01-28,0.11957989600055943,0.5513532304878489
2013-01-29,0.11957989600055943,0.5513532304878489
2013-01-30,0.11957989600055943,0.5513532304878489
2013-01-31,0.11957989600055943,0.5513532304878489
2013-02-01,0.2834937788585573,0.719024483845569
2013-02-04,0.2834937788585573,0.719024483845569
2013-02-05,0.2834937788585573,0.719024483845569
2013-02-06,0.2834937788585573,0.719024483845569
2013-02-07,0.2834937788585573,0.719024483845569
2013-02-08,0.2834937788585573,0.719024483845569
2013-02-11,0.2834937788585573,0.719024483845569
2013-02-12,0.2834937788585573,0.719024483845569
2013-02-13,0.2834937788585573,0.719024483845569
2013-02-14,0.2834937788585573,0.719024483845569
2013-02-15,0.2834937788585573,0.719024483845569
2013-02-18,0.2834937788585573,0.719024483845569
2013-02-19,0.2834937788585573,0.719024483845569
2013-02-20,0.2834937788585573,0.719024483845569
2013-02-21,0.2834937788585573,0.719024483845569
2013-02-22,0.2834937788585573,0.719024483845569
2013-02-25,0.2834937788585573,0.719024483845569
2013-02-26,0.2834937788585573,0.719024483845569
2013-02-27,0.2834937788585573,0.719024483845569
2013-02-28,0.2834937788585573,0.719024483845569
2013-03-01,0.16719657338744898,0.6362162265656127
2013-03-04,0.16719657338744898,0.6362162265656127
2013-03-05,0.16719657338744898,0.6362162265656127
2013-03-06,0.16719657338744898,0.6362162265656127
2013-03-07,0.16719657338744898,0.6362162265656127
2013-03-08,0.16719657338744898,0.6362162265656127
2013-03-11,0.16719657338744898,0.6362162265656127
2013-03-12,0.16719657338744898,0.6362162265656127
2013-03-13,0.16719657338744898,0.6362162265656127
2013-03-14,0.16719657338744898,0.6362162265656127
2013-03-15,0.16719657338744898,0.6362162265656127
2013-03-18,0.16719657338744898,0.6362162265656127
2013-03-19,0.16719657338744898,0.6362162265656127
2013-03-20,0.16719657338744898,0.6362162265656127
2013-03-21,0.16719657338744898,0.6362162265656127
2013-03-22,0.16719657338744898,0.6362162265656127
2013-03-25,0.16719657338744898,0.6362162265656127
2013-03-26,0.16719657338744898,0.6362162265656127
2013-03-27,0.16719657338744898,0.6362162265656127
2013-03-28,0.16719657338744898,0.6362162265656127
2013-03-29,0.16719657338744898,0.6362162265656127
2013-04-01,0.16719657338744898,0.6362162265656127
2013-04-02,0.4041582737499068,0.7498636634484878
2013-04-03,0.4041582737499068,0.7498636634484878
2013-04-04,0.4041582737499068,0.7498636634484878
2013-04-05,0.4041582737499068,0.7498636634484878
2013-04-08,0.4041582737499068,0.7498636634484878
2013-04-09,0.4041582737499068,0.7498636634484878
2013-04-10,0.4041582737499068,0.7498636634484878
2013-04-11,0.4041582737499068,0.7498636634484878
2013-04-12,0.4041582737499068,0.7498636634484878
2013-04-15,0.4041582737499068,0.7498636634484878
2013-04-16,0.4041582737499068,0.7498636634484878
2013-04-17,0.4041582737499068,0.7498636634484878
2013-04-18,0.4041582737499068,0.7498636634484878
2013-04-19,0.4041582737499068,0.7498636634484878
2013-04-22,0.4041582737499068,0.7498636634484878
2013-04-23,0.4041582737499068,0.7498636634484878
2013-04-24,0.4041582737499068,0.7498636634484878
2013-04-25,0.4041582737499068,0.7498636634484878
2013-04-26,0.4041582737499068,0.7498636634484878
2013-04-29,0.4041582737499068,0.7498636634484878
2013-04-30,0.4041582737499068,0.7498636634484878
2013-05-01,0.3667357127898844,0.6936478107659441
2013-05-02,0.3667357127898844,0.6936478107659441
2013-05-03,0.3667357127898844,0.6936478107659441
2013-05-06,0.3667357127898844,0.6936478107659441
2013-05-07,0.3667357127898844,0.6936478107659441
2013-05-08,0.3667357127898844,0.6936478107659441
2013-05-09,0.3667357127898844,0.6936478107659441
2013-05-10,0.3667357127898844,0.6936478107659441
2013-05-13,0.3667357127898844,0.6936478107659441
2013-05-14,0.3667357127898844,0.6936478107659441
2013-05-15,0.3667357127898844,0.6936478107659441
2013-05-16,0.3667357127898844,0.6936478107659441
2013-05-17,0.3667357127898844,0.6936478107659441
2013-05-20,0.3667357127898844,0.6936478107659441
2013-05-21,0.3667357127898844,0.6936478107659441
2013-05-22,0.3667357127898844,0.6936478107659441
2013-05-23,0.3667357127898844,0.6936478107659441
2013-05-24,0.3667357127898844,0.6936478107659441
2013-05-27,0.3667357127898844,0.6936478107659441
2013-05-28,0.3667357127898844,0.6936478107659441
2013-05-29,0.3667357127898844,0.6936478107659441
2013-05-30,0.3667357127898844,0.6936478107659441
2013-05-31,0.3667357127898844,0.6936478107659441
2013-06-03,0.16485709838373538,0.5272386365663911
2013-06-04,0.16485709838373538,0.5272386365663911
2013-06-05,0.16485709838373538,0.5272386365663911
2013-06-06,0.16485709838373538,0.5272386365663911
2013-06-07,0.16485709838373538,0.5272386365663911
2013-06-10,0.16485709838373538,0.5272386365663911
2013-06-11,0.16485709838373538,0.5272386365663911
2013-06-12,0.16485709838373538,0.5272386365663911
2013-06-13,0.16485709838373538,0.5272386365663911
2013-06-14,0.16485709838373538,0.5272386365663911
2013-06-17,0.16485709838373538,0.5272386365663911
2013-06-18,0.16485709838373538,0.5272386365663911
2013-06-19,0.16485709838373538,0.5272386365663911
2013-06-20,0.16485709838373538,0.5272386365663911
2013-06-21,0.16485709838373538,0.5272386365663911
2013-06-24,0.16485709838373538,0.5272386365663911
2013-06-25,0.16485709838373538,0.5272386365663911
2013-06-26,0.16485709838373538,0.5272386365663911
2013-06-27,0.16485709838373538,0.5272386365663911
2013-06-28,0.16485709838373538,0.5272386365663911
2013-07-01,0.16485709838373538,0.5272386365663911
2013-07-02,0.08992746305964942,0.4669933840916668
2013-07-03,0.08992746305964942,0.4669933840916668
2013-07-04,0.08992746305964942,0.4669933840916668
2013-07-05,0.08992746305964942,0.4669933840916668
2013-07-08,0.08992746305964942,0.4669933840916668
2013-07-09,0.08992746305964942,0.4669933840916668
2013-07-10,0.08992746305964942,0.4669933840916668
2013-07-11,0.08992746305964942,0.4669933840916668
2013-07-12,0.08992746305964942,0.4669933840916668
2013-07-15,0.08992746305964942,0.4669933840916668
2013-07-16,0.08992746305964942,0.4669933840916668
2013-07-17,0.08992746305964942,0.4669933840916668
2013-07-18,0.08992746305964942,0.4669933840916668
2013-07-19,0.08992746305964942,0.4669933840916668
2013-07-22,0.08992746305964942,0.4669933840916668
2013-07-23,0.08992746305964942,0.4669933840916668
2013-07-24,0.08992746305964942,0.4669933840916668
2013-07-25,0.08992746305964942,0.4669933840916668
2013-07-26,0.08992746305964942,0.4669933840916668
2013-07-29,0.08992746305964942,0.4669933840916668
2013-07-30,0.08992746305964942,0.4669933840916668
2013-07-31,0.08992746305964942,0.4669933840916668
2013-08-01,0.32695506603737556,0.6211903719830073
2013-08-02,0.32695506603737556,0.6211903719830073
2013-08-05,0.32695506603737556,0.6211903719830073
2013-08-06,0.32695506603737556,0.6211903719830073
2013-08-07,0.32695506603737556,0.6211903719830073
2013-08-08,0.32695506603737556,0.6211903719830073
2013-08-09,0.32695506603737556,0.6211903719830073
2013-08-12,0.32695506603737556,0.6211903719830073
2013-08-13,0.32695506603737556,0.6211903719830073
2013-08-14,0.32695506603737556,0.6211903719830073
2013-08-15,0.32695506603737556,0.6211903719830073
2013-08-16,0.32695506603737556,0.6211903719830073
2013-08-19,0.32695506603737556,0.6211903719830073
2013-08-20,0.32695506603737556,0.6211903719830073
2013-08-21,0.32695506603737556,0.6211903719830073
2013-08-22,0.32695506603737556,0.6211903719830073
2013-08-23,0.32695506603737556,0.6211903719830073
2013-08-26,0.32695506603737556,0.6211903719830073
2013-08-27,0.32695506603737556,0.6211903719830073
2013-08-28,0.32695506603737556,0.6211903719830073
2013-08-29,0.32695506603737556,0.6211903719830073
2013-08-30,0.32695506603737556,0.6211903719830073
2013-09-02,0.32695506603737556,0.6211903719830073
2013-09-03,0.05784334201277716,0.4598156067690472
2013-09-04,0.05784334201277716,0.4598156067690472
2013-09-05,0.05784334201277716,0.4598156067690472
2013-09-06,0.05784334201277716,0.4598156067690472
2013-09-09,0.05784334201277716,0.4598156067690472
2013-09-10,0.05784334201277716,0.4598156067690472
2013-09-11,0.05784334201277716,0.4598156067690472
2013-09-12,0.05784334201277716,0.4598156067690472
2013-09-13,0.05784334201277716,0.4598156067690472
2013-09-16,0.05784334201277716,0.4598156067690472
2013-09-17,0.05784334201277716,0.4598156067690472
2013-09-18,0.05784334201277716,0.4598156067690472
2013-09-19,0.05784334201277716,0.4598156067690472
2013-09-20,0.05784334201277716,0.4598156067690472
2013-09-23,0.05784334201277716,0.4598156067690472
2013-09-24,0.05784334201277716,0.4598156067690472
2013-09-25,0.05784334201277716,0.4598156067690472
2013-09-26,0.05784334201277716,0.4598156067690472
2013-09-27,0.05784334201277716,0.4598156067690472
2013-09-30,0.05784334201277716,0.4598156067690472
2013-10-01,0.07836228915406065,0.4539292657071
2013-10-02,0.07836228915406065,0.4539292657071
2013-10-03,0.07836228915406065,0.4539292657071
2013-10-04,0.07836228915406065,0.4539292657071
2013-10-07,0.07836228915406065,0.4539292657071
2013-10-08,0.07836228915406065,0.4539292657071
2013-10-09,0.07836228915406065,0.4539292657071
2013-10-10,0.07836228915406065,0.4539292657071
2013-10-11,0.07836228915406065,0.4539292657071
2013-10-14,0.07836228915406065,0.4539292657071
2013-10-15,0.07836228915406065,0.4539292657071
2013-10-16,0.07836228915406065,0.4539292657071
2013-10-17,0.07836228915406065,0.4539292657071
2013-10-18,0.07836228915406065,0.4539292657071
2013-10-21,0.07836228915406065,0.4539292657071
2013-10-22,0.07836228915406065,0.4539292657071
2013-10-23,0.07836228915406065,0.4539292657071
2013-10-24,0.07836228915406065,0.4539292657071
2013-10-25,0.07836228915406065,0.4539292657071
2013-10-28,0.07836228915406065,0.4539292657071
2013-10-29,0.07836228915406065,0.4539292657071
2013-10-30,0.07836228915406065,0.4539292657071
2013-10-31,0.07836228915406065,0.4539292657071
2013-11-01,0.40865777405489867,0.5831499490768965
2013-11-04,0.40865777405489867,0.5831499490768965
2013-11-05,0.40865777405489867,0.5831499490768965
2013-11-06,0.40865777405489867,0.5831499490768965
2013-11-07,0.40865777405489867,0.5831499490768965
2013-11-08,0.40865777405489867,0.5831499490768965
2013-11-11,0.40865777405489867,0.5831499490768965
2013-11-12,0.40865777405489867,0.5831499490768965
2013-11-13,0.40865777405489867,0.5831499490768965
2013-11-14,0.40865777405489867,0.5831499490768965
2013-11-15,0.40865777405489867,0.5831499490768965
2013-11-18,0.40865777405489867,0.5831499490768965
2013-11-19,0.40865777405489867,0.5831499490768965
2013-11-20,0.40865777405489867,0.5831499490768965
2013-11-21,0.40865777405489867,0.5831499490768965
2013-11-22,0.40865777405489867,0.5831499490768965
2013-11-25,0.40865777405489867,0.5831499490768965
2013-11-26,0.40865777405489867,0.5831499490768965
2013-11-27,0.40865777405489867,0.5831499490768965
2013-11-28,0.40865777405489867,0.5831499490768965
2013-11-29,0.40865777405489867,0.5831499490768965
2013-12-02,0.40865777405489867,0.5831499490768965
2013-12-03,0.44691045584938444,0.55957397947491
2013-12-04,0.44691045584938444,0.55957397947491
2013-12-05,0.44691045584938444,0.55957397947491
2013-12-06,0.44691045584938444,0.55957397947491
2013-12-09,0.44691045584938444,0.55957397947491
2013-12-10,0.44691045584938444,0.55957397947491
2013-12-11,0.44691045584938444,0.55957397947491
2013-12-12,0.44691045584938444,0.55957397947491
2013-12-13,0.44691045584938444,0.55957397947491
2013-12-16,0.44691045584938444,0.55957397947491
2013-12-17,0.44691045584938444,0.55957397947491
2013-12-18,0.44691045584938444,0.55957397947491
2013-12-19,0.44691045584938444,0.55957397947491
2013-12-20,0.44691045584938444,0.55957397947491
2013-12-23,0.44691045584938444,0.55957397947491
2013-12-24,0.44691045584938444,0.55957397947491
2013-12-25,0.44691045584938444,0.55957397947491
2013-12-26,0.44691045584938444,0.55957397947491
2013-12-27,0.44691045584938444,0.55957397947491
2013-12-30,0.44691045584938444,0.55957397947491
2013-12-31,0.44691045584938444,0.55957397947491
2014-01-01,0.5692852292967951,0.5615804084059441
2014-01-02,0.5692852292967951,0.5615804084059441
2014-01-03,0.5692852292967951,0.5615804084059441
2014-01-06,0.5692852292967951,0.5615804084059441
2014-01-07,0.5692852292967951,0.5615804084059441
2014-01-08,0.5692852292967951,0.5615804084059441
2014-01-09,0.5692852292967951,0.5615804084059441
2014-01-10,0.5692852292967951,0.5615804084059441
2014-01-13,0.5692852292967951,0.5615804084059441
2014-01-14,0.5692852292967951,0.5615804084059441
2014-01-15,0.5692852292967951,0.5615804084059441
2014-01-16,0.5692852292967951,0.5615804084059441
2014-01-17,0.5692852292967951,0.5615804084059441
2014-01-20,0.5692852292967951,0.5615804084059441
2014-01-21,0.5692852292967951,0.5615804084059441
2014-01-22,0.5692852292967951,0.5615804084059441
2014-01-23,0.5692852292967951,0.5615804084059441
2014-01-24,0.5692852292967951,0.5615804084059441
2014-01-27,0.5692852292967951,0.5615804084059441
2014-01-28,0.5692852292967951,0.5615804084059441
2014-01-29,0.5692852292967951,0.5615804084059441
2014-01-30,0.5692852292967951,0.5615804084059441
2014-01-31,0.5692852292967951,0.5615804084059441
2014-02-03,0.15314984086020006,0.34915059294434403
2014-02-04,0.15314984086020006,0.34915059294434403
2014-02-05,0.15314984086020006,0.34915059294434403
2014-02-06,0.15314984086020006,0.34915059294434403
2014-02-07,0.15314984086020006,0.34915059294434403
2014-02-10,0.15314984086020006,0.34915059294434403
2014-02-11,0.15314984086020006,0.34915059294434403
2014-02-12,0.15314984086020006,0.34915059294434403
2014-02-13,0.15314984086020006,0.34915059294434403
2014-02-14,0.15314984086020006,0.34915059294434403
2014-02-17,0.15314984086020006,0.34915059294434403
2014-02-18,0.15314984086020006,0.34915059294434403
2014-02-19,0.15314984086020006,0.34915059294434403
2014-02-20,0.15314984086020006,0.34915059294434403
2014-02-21,0.15314984086020006,0.34915059294434403
2014-02-24,0.15314984086020006,0.34915059294434403
2014-02-25,0.15314984086020006,0.34915059294434403
2014-02-26,0.15314984086020006,0.34915059294434403
2014-02-27,0.15314984086020006,0.34915059294434403
2014-02-28,0.15314984086020006,0.34915059294434403
2014-03-03,0.6025803930493463,0.5539518059410828
2014-03-04,0.6025803930493463,0.5539518059410828
2014-03-05,0.6025803930493463,0.5539518059410828
2014-03-06,0.6025803930493463,0.5539518059410828
2014-03-07,0.6025803930493463,0.5539518059410828
2014-03-10,0.6025803930493463,0.5539518059410828
2014-03-11,0.6025803930493463,0.5539518059410828
2014-03-12,0.6025803930493463,0.5539518059410828
2014-03-13,0.6025803930493463,0.5539518059410828
2014-03-14,0.6025803930493463,0.5539518059410828
2014-03-17,0.6025803930493463,0.5539518059410828
2014-03-18,0.6025803930493463,0.5539518059410828
2014-03-19,0.6025803930493463,0.5539518059410828
2014-03-20,0.6025803930493463,0.5539518059410828
2014-03-21,0.6025803930493463,0.5539518059410828
2014-03-24,0.6025803930493463,0.5539518059410828
2014-03-25,0.6025803930493463,0.5539518059410828
2014-03-26,0.6025803930493463,0.5539518059410828
2014-03-27,0.6025803930493463,0.5539518059410828
2014-03-28,0.6025803930493463,0.5539518059410828
2014-03-31,0.6025803930493463,0.5539518059410828
2014-04-01,0.6488773561471418,0.5609521485344245
2014-04-02,0.6488773561471418,0.5609521485344245
2014-04-03,0.6488773561471418,0.5609521485344245
2014-04-04,0.6488773561471418,0.5609521485344245
2014-04-07,0.6488773561471418,0.5609521485344245
2014-04-08,0.6488773561471418,0.5609521485344245
2014-04-09,0.6488773561471418,0.5609521485344245
2014-04-10,0.6488773561471418,0.5609521485344245
2014-04-11,0.6488773561471418,0.5609521485344245
2014-04-14,0.6488773561471418,0.5609521485344245
2014-04-15,0.6488773561471418,0.5609521485344245
2014-04-16,0.6488773561471418,0.5609521485344245
2014-04-17,0.6488773561471418,0.5609521485344245
2014-04-18,0.6488773561471418,0.5609521485344245
2014-04-21,0.6488773561471418,0.5609521485344245
2014-04-22,0.6488773561471418,0.5609521485344245
2014-04-23,0.6488773561471418,0.5609521485344245
2014-04-24,0.6488773561471418,0.5609521485344245
2014-04-25,0.6488773561471418,0.5609521485344245
2014-04-28,0.6488773561471418,0.5609521485344245
2014-04-29,0.6488773561471418,0.5609521485344245
2014-04-30,0.6488773561471418,0.5609521485344245
2014-05-01,0.73609039095447,0.5908354931056419
2014-05-02,0.73609039095447,0.5908354931056419
2014-05-05,0.73609039095447,0.5908354931056419
2014-05-06,0.73609039095447,0.5908354931056419
2014-05-07,0.73609039095447,0.5908354931056419
2014-05-08,0.73609039095447,0.5908354931056419
2014-05-09,0.73609039095447,0.5908354931056419
2014-05-12,0.73609039095447,0.5908354931056419
2014-05-13,0.73609039095447,0.5908354931056419
2014-05-14,0.73609039095447,0.5908354931056419
2014-05-15,0.73609039095447,0.5908354931056419
2014-05-16,0.73609039095447,0.5908354931056419
2014-05-19,0.73609039095447,0.5908354931056419
2014-05-20,0.73609039095447,0.5908354931056419
2014-05-21,0.73609039095447,0.5908354931056419
2014-05-22,0.73609039095447,0.5908354931056419
2014-05-23,0.73609039095447,0.5908354931056419
2014-05-26,0.73609039095447,0.5908354931056419
2014-05-27,0.73609039095447,0.5908354931056419
2014-05-28,0.73609039095447,0.5908354931056419
2014-05-29,0.73609039095447,0.5908354931056419
2014-05-30,0.73609039095447,0.5908354931056419
2014-06-02,0.73609039095447,0.5908354931056419
2014-06-03,0.9425620244718671,0.6806208531872845
2014-06-04,0.9425620244718671,0.6806208531872845
2014-06-05,0.9425620244718671,0.6806208531872845
2014-06-06,0.9425620244718671,0.6806208531872845
2014-06-09,0.9425620244718671,0.6806208531872845
2014-06-10,0.9425620244718671,0.6806208531872845
2014-06-11,0.9425620244718671,0.6806208531872845
2014-06-12,0.9425620244718671,0.6806208531872845
2014-06-13,0.9425620244718671,0.6806208531872845
2014-06-16,0.9425620244718671,0.6806208531872845
2014-06-17,0.9425620244718671,0.6806208531872845
2014-06-18,0.9425620244718671,0.6806208531872845
2014-06-19,0.9425620244718671,0.6806208531872845
2014-06-20,0.9425620244718671,0.6806208531872845
2014-06-23,0.9425620244718671,0.6806208531872845
2014-06-24,0.9425620244718671,0.6806208531872845
2014-06-25,0.9425620244718671,0.6806208531872845
2014-06-26,0.9425620244718671,0.6806208531872845
2014-06-27,0.9425620244718671,0.6806208531872845
2014-06-30,0.9425620244718671,0.6806208531872845
2014-07-01,0.9727527071930998,0.6570517819231503
2014-07-02,0.9727527071930998,0.6570517819231503
2014-07-03,0.9727527071930998,0.6570517819231503
2014-07-04,0.9727527071930998,0.6570517819231503
2014-07-07,0.9727527071930998,0.6570517819231503
2014-07-08,0.9727527071930998,0.6570517819231503
2014-07-09,0.9727527071930998,0.6570517819231503
2014-07-10,0.9727527071930998,0.6570517819231503
2014-07-11,0.9727527071930998,0.6570517819231503
2014-07-14,0.9727527071930998,0.6570517819231503
2014-07-15,0.9727527071930998,0.6570517819231503
2014-07-16,0.9727527071930998,0.6570517819231503
2014-07-17,0.9727527071930998,0.6570517819231503
2014-07-18,0.9727527071930998,0.6570517819231503
2014-07-21,0.9727527071930998,0.6570517819231503
2014-07-22,0.9727527071930998,0.6570517819231503
2014-07-23,0.9727527071930998,0.6570517819231503
2014-07-24,0.9727527071930998,0.6570517819231503
2014-07-25,0.9727527071930998,0.6570517819231503
2014-07-28,0.9727527071930998,0.6570517819231503
2014-07-29,0.9727527071930998,0.6570517819231503
2014-07-30,0.9727527071930998,0.6570517819231503
2014-07-31,0.9727527071930998,0.6570517819231503
2014-08-01,0.5117151413154634,0.38657331504565473
2014-08-04,0.5117151413154634,0.38657331504565473
2014-08-05,0.5117151413154634,0.38657331504565473
2014-08-06,0.5117151413154634,0.38657331504565473
2014-08-07,0.5117151413154634,0.38657331504565473
2014-08-08,0.5117151413154634,0.38657331504565473
2014-08-11,0.5117151413154634,0.38657331504565473
2014-08-12,0.5117151413154634,0.38657331504565473
2014-08-13,0.5117151413154634,0.38657331504565473
2014-08-14,0.5117151413154634,0.38657331504565473
2014-08-15,0.5117151413154634,0.38657331504565473
2014-08-18,0.5117151413154634,0.38657331504565473
2014-08-19,0.5117151413154634,0.38657331504565473
2014-08-20,0.5117151413154634,0.38657331504565473
2014-08-21,0.5117151413154634,0.38657331504565473
2014-08-22,0.5117151413154634,0.38657331504565473
2014-08-25,0.5117151413154634,0.38657331504565473
2014-08-26,0.5117151413154634,0.38657331504565473
2014-08-27,0.5117151413154634,0.38657331504565473
2014-08-28,0.5117151413154634,0.38657331504565473
2014-08-29,0.5117151413154634,0.38657331504565473
2014-09-01,0.5117151413154634,0.38657331504565473
2014-09-02,0.9132262538278806,0.597017208918124
2014-09-03,0.9132262538278806,0.597017208918124
2014-09-04,0.9132262538278806,0.597017208918124
2014-09-05,0.9132262538278806,0.597017208918124
2014-09-08,0.9132262538278806,0.597017208918124
2014-09-09,0.9132262538278806,0.597017208918124
2014-09-10,0.9132262538278806,0.597017208918124
2014-09-11,0.9132262538278806,0.597017208918124
2014-09-12,0.9132262538278806,0.597017208918124
2014-09-15,0.9132262538278806,0.597017208918124
2014-09-16,0.9132262538278806,0.597017208918124
2014-09-17,0.9132262538278806,0.597017208918124
2014-09-18,0.9132262538278806,0.597017208918124
2014-09-19,0.9132262538278806,0.597017208918124
2014-09-22,0.9132262538278806,0.597017208918124
2014-09-23,0.9132262538278806,0.597017208918124
2014-09-24,0.9132262538278806,0.597017208918124
2014-09-25,0.9132262538278806,0.597017208918124
2014-09-26,0.9132262538278806,0.597017208918124
2014-09-29,0.9132262538278806,0.597017208918124
2014-09-30,0.9132262538278806,0.597017208918124
2014-10-01,0.49687510458917605,0.3723658614446107
2014-10-02,0.49687510458917605,0.3723658614446107
2014-10-03,0.49687510458917605,0.3723658614446107
2014-10-06,0.49687510458917605,0.3723658614446107
2014-10-07,0.49687510458917605,0.3723658614446107
2014-10-08,0.49687510458917605,0.3723658614446107
2014-10-09,0.49687510458917605,0.3723658614446107
2014-10-10,0.49687510458917605,0.3723658614446107
2014-10-13,0.49687510458917605,0.3723658614446107
2014-10-14,0.49687510458917605,0.3723658614446107
2014-10-15,0.49687510458917605,0.3723658614446107
2014-10-16,0.49687510458917605,0.3723658614446107
2014-10-17,0.49687510458917605,0.3723658614446107
2014-10-20,0.49687510458917605,0.3723658614446107
2014-10-21,0.49687510458917605,0.3723658614446107
2014-10-22,0.49687510458917605,0.3723658614446107
2014-10-23,0.49687510458917605,0.3723658614446107
2014-10-24,0.49687510458917605,0.3723658614446107
2014-10-27,0.49687510458917605,0.3723658614446107
2014-10-28,0.49687510458917605,0.3723658614446107
2014-10-29,0.49687510458917605,0.3723658614446107
2014-10-30,0.49687510458917605,0.3723658614446107
2014-10-31,0.49687510458917605,0.3723658614446107
2014-11-03,0.6410594604991838,0.4490511938391736
2014-11-04,0.6410594604991838,0.4490511938391736
2014-11-05,0.6410594604991838,0.4490511938391736
2014-11-06,0.6410594604991838,0.4490511938391736
2014-11-07,0.6410594604991838,0.4490511938391736
2014-11-10,0.6410594604991838,0.4490511938391736
2014-11-11,0.6410594604991838,0.4490511938391736
2014-11-12,0.6410594604991838,0.4490511938391736
2014-11-13,0.6410594604991838,0.4490511938391736
2014-11-14,0.6410594604991838,0.4490511938391736
2014-11-17,0.6410594604991838,0.4490511938391736
2014-11-18,0.6410594604991838,0.4490511938391736
2014-11-19,0.6410594604991838,0.4490511938391736
2014-11-20,0.6410594604991838,0.4490511938391736
2014-11-21,0.6410594604991838,0.4490511938391736
2014-11-24,0.6410594604991838,0.4490511938391736
2014-11-25,0.6410594604991838,0.4490511938391736
2014-11-26,0.6410594604991838,0.4490511938391736
2014-11-27,0.6410594604991838,0.4490511938391736
2014-11-28,0.6410594604991838,0.4490511938391736
2014-12-01,0.6410594604991838,0.4490511938391736
2014-12-02,0.633364828827355,0.4329396901744942
2014-12-03,0.633364828827355,0.4329396901744942
2014-12-04,0.633364828827355,0.4329396901744942
2014-12-05,0.633364828827355,0.4329396901744942
2014-12-08,0.633364828827355,0.4329396901744942
2014-12-09,0.633364828827355,0.4329396901744942
2014-12-10,0.633364828827355,0.4329396901744942
2014-12-11,0.633364828827355,0.4329396901744942
2014-12-12,0.633364828827355,0.4329396901744942
2014-12-15,0.633364828827355,0.4329396901744942
2014-12-16,0.633364828827355,0.4329396901744942
2014-12-17,0.633364828827355,0.4329396901744942
2014-12-18,0.633364828827355,0.4329396901744942
2014-12-19,0.633364828827355,0.4329396901744942
2014-12-22,0.633364828827355,0.4329396901744942
2014-12-23,0.633364828827355,0.4329396901744942
2014-12-24,0.633364828827355,0.4329396901744942
2014-12-25,0.633364828827355,0.4329396901744942
2014-12-26,0.633364828827355,0.4329396901744942
2014-12-29,0.633364828827355,0.4329396901744942
2014-12-30,0.633364828827355,0.4329396901744942
2014-12-31,0.633364828827355,0.4329396901744942
2015-01-01,0.06451865946270591,0.10056147241775562
2015-01-02,0.06451865946270591,0.10056147241775562
2015-01-05,0.06451865946270591,0.10056147241775562
2015-01-06,0.06451865946270591,0.10056147241775562
2015-01-07,0.06451865946270591,0.10056147241775562
2015-01-08,0.06451865946270591,0.10056147241775562
2015-01-09,0.06451865946270591,0.10056147241775562
2015-01-12,0.06451865946270591,0.10056147241775562
2015-01-13,0.06451865946270591,0.10056147241775562
2015-01-14,0.06451865946270591,0.10056147241775562
2015-01-15,0.06451865946270591,0.10056147241775562
2015-01-16,0.06451865946270591,0.10056147241775562
2015-01-19,0.06451865946270591,0.10056147241775562
2015-01-20,0.06451865946270591,0.10056147241775562
2015-01-21,0.06451865946270591,0.10056147241775562
2015-01-22,0.06451865946270591,0.10056147241775562
2015-01-23,0.06451865946270591,0.10056147241775562
2015-01-26,0.06451865946270591,0.10056147241775562
2015-01-27,0.06451865946270591,0.10056147241775562
2015-01-28,0.06451865946270591,0.10056147241775562
2015-01-29,0.06451865946270591,0.10056147241775562
2015-01-30,0.06451865946270591,0.10056147241775562
2015-02-02,0.06451865946270591,0.10056147241775562
2015-02-03,0.23187015616612805,0.04389834201421535
2015-02-04,0.23187015616612805,0.04389834201421535
2015-02-05,0.23187015616612805,0.04389834201421535
2015-02-06,0.23187015616612805,0.04389834201421535
2015-02-09,0.23187015616612805,0.04389834201421535
2015-02-10,0.23187015616612805,0.04389834201421535
2015-02-11,0.23187015616612805,0.04389834201421535
2015-02-12,0.23187015616612805,0.04389834201421535
2015-02-13,0.23187015616612805,0.04389834201421535
2015-02-16,0.23187015616612805,0.04389834201421535
2015-02-17,0.23187015616612805,0.04389834201421535
2015-02-18,0.23187015616612805,0.04389834201421535
2015-02-19,0.23187015616612805,0.04389834201421535
2015-02-20,0.23187015616612805,0.04389834201421535
2015-02-23,0.23187015616612805,0.04389834201421535
2015-02-24,0.23187015616612805,0.04389834201421535
2015-02-25,0.23187015616612805,0.04389834201421535
2015-02-26,0.23187015616612805,0.04389834201421535
2015-02-27,0.23187015616612805,0.04389834201421535
2015-03-02,0.23187015616612805,0.04389834201421535
2015-03-03,0.5649127700809254,0.3874521716978588
2015-03-04,0.5649127700809254,0.3874521716978588
2015-03-05,0.5649127700809254,0.3874521716978588
2015-03-06,0.5649127700809254,0.3874521716978588
2015-03-09,0.5649127700809254,0.3874521716978588
2015-03-10,0.5649127700809254,0.3874521716978588
2015-03-11,0.5649127700809254,0.3874521716978588
2015-03-12,0.5649127700809254,0.3874521716978588
2015-03-13,0.5649127700809254,0.3874521716978588
2015-03-16,0.5649127700809254,0.3874521716978588
2015-03-17,0.5649127700809254,0.3874521716978588
2015-03-18,0.5649127700809254,0.3874521716978588
2015-03-19,0.5649127700809254,0.3874521716978588
2015-03-20,0.5649127700809254,0.3874521716978588
2015-03-23,0.5649127700809254,0.3874521716978588
2015-03-24,0.5649127700809254,0.3874521716978588
2015-03-25,0.5649127700809254,0.3874521716978588
2015-03-26,0.5649127700809254,0.3874521716978588
2015-03-27,0.5649127700809254,0.3874521716978588
2015-03-30,0.5649127700809254,0.3874521716978588
2015-03-31,0.5649127700809254,0.3874521716978588
2015-04-01,0.4566291470060848,0.3242003566089757
2015-04-02,0.4566291470060848,0.3242003566089757
2015-04-03,0.4566291470060848,0.3242003566089757
2015-04-06,0.4566291470060848,0.3242003566089757
2015-04-07,0.4566291470060848,0.3242003566089757
2015-04-08,0.4566291470060848,0.3242003566089757
2015-04-09,0.4566291470060848,0.3242003566089757
2015-04-10,0.4566291470060848,0.3242003566089757
2015-04-13,0.4566291470060848,0.3242003566089757
2015-04-14,0.4566291470060848,0.3242003566089757
2015-04-15,0.4566291470060848,0.3242003566089757
2015-04-16,0.4566291470060848,0.3242003566089757
2015-04-17,0.4566291470060848,0.3242003566089757
2015-04-20,0.4566291470060848,0.3242003566089757
2015-04-21,0.4566291470060848,0.3242003566089757
2015-04-22,0.4566291470060848,0.3242003566089757
2015-04-23,0.4566291470060848,0.3242003566089757
2015-04-24,0.4566291470060848,0.3242003566089757
2015-04-27,0.4566291470060848,0.3242003566089757
2015-04-28,0.4566291470060848,0.3242003566089757
2015-04-29,0.4566291470060848,0.3242003566089757
2015-04-30,0.4566291470060848,0.3242003566089757
2015-05-01,0.5408066394632232,0.35720091229500944
2015-05-04,0.5408066394632232,0.35720091229500944
2015-05-05,0.5408066394632232,0.35720091229500944
2015-05-06,0.5408066394632232,0.35720091229500944
2015-05-07,0.5408066394632232,0.35720091229500944
2015-05-08,0.5408066394632232,0.35720091229500944
2015-05-11,0.5408066394632232,0.35720091229500944
2015-05-12,0.5408066394632232,0.35720091229500944
2015-05-13,0.5408066394632232,0.35720091229500944
2015-05-14,0.5408066394632232,0.35720091229500944
2015-05-15,0.5408066394632232,0.35720091229500944
2015-05-18,0.5408066394632232,0.35720091229500944
2015-05-19,0.5408066394632232,0.35720091229500944
2015-05-20,0.5408066394632232,0.35720091229500944
2015-05-21,0.5408066394632232,0.35720091229500944
2015-05-22,0.5408066394632232,0.35720091229500944
2015-05-25,0.5408066394632232,0.35720091229500944
2015-05-26,0.5408066394632232,0.35720091229500944
2015-05-27,0.5408066394632232,0.35720091229500944
2015-05-28,0.5408066394632232,0.35720091229500944
2015-05-29,0.5408066394632232,0.35720091229500944
2015-06-01,0.5408066394632232,0.35720091229500944
2015-06-02,0.591207280465578,0.3770535780341927
2015-06-03,0.591207280465578,0.3770535780341927
2015-06-04,0.591207280465578,0.3770535780341927
2015-06-05,0.591207280465578,0.3770535780341927
2015-06-08,0.591207280465578,0.3770535780341927
2015-06-09,0.591207280465578,0.3770535780341927
2015-06-10,0.591207280465578,0.3770535780341927
2015-06-11,0.591207280465578,0.3770535780341927
2015-06-12,0.591207280465578,0.3770535780341927
2015-06-15,0.591207280465578,0.3770535780341927
2015-06-16,0.591207280465578,0.3770535780341927
2015-06-17,0.591207280465578,0.3770535780341927
2015-06-18,0.591207280465578,0.3770535780341927
2015-06-19,0.591207280465578,0.3770535780341927
2015-06-22,0.591207280465578,0.3770535780341927
2015-06-23,0.591207280465578,0.3770535780341927
2015-06-24,0.591207280465578,0.3770535780341927
2015-06-25,0.591207280465578,0.3770535780341927
2015-06-26,0.591207280465578,0.3770535780341927
2015-06-29,0.591207280465578,0.3770535780341927
2015-06-30,0.591207280465578,0.3770535780341927
2015-07-01,0.15312758809406166,0.15485951244075072
2015-07-02,0.15312758809406166,0.15485951244075072
2015-07-03,0.15312758809406166,0.15485951244075072
2015-07-06,0.15312758809406166,0.15485951244075072
2015-07-07,0.15312758809406166,0.15485951244075072
2015-07-08,0.15312758809406166,0.15485951244075072
2015-07-09,0.15312758809406166,0.15485951244075072
2015-07-10,0.15312758809406166,0.15485951244075072
2015-07-13,0.15312758809406166,0.15485951244075072
2015-07-14,0.15312758809406166,0.15485951244075072
2015-07-15,0.15312758809406166,0.15485951244075072
2015-07-16,0.15312758809406166,0.15485951244075072
2015-07-17,0.15312758809406166,0.15485951244075072
2015-07-20,0.15312758809406166,0.15485951244075072
2015-07-21,0.15312758809406166,0.15485951244075072
2015-07-22,0.15312758809406166,0.15485951244075072
2015-07-23,0.15312758809406166,0.15485951244075072
2015-07-24,0.15312758809406166,0.15485951244075072
2015-07-27,0.15312758809406166,0.15485951244075072
2015-07-28,0.15312758809406166,0.15485951244075072
2015-07-29,0.15312758809406166,0.15485951244075072
2015-07-30,0.15312758809406166,0.15485951244075072
2015-07-31,0.15312758809406166,0.15485951244075072
2015-08-03,0.5577375315966325,0.42369977210329846
2015-08-04,0.5577375315966325,0.42369977210329846
2015-08-05,0.5577375315966325,0.42369977210329846
2015-08-06,0.5577375315966325,0.42369977210329846
2015-08-07,0.5577375315966325,0.42369977210329846
2015-08-10,0.5577375315966325,0.42369977210329846
2015-08-11,0.5577375315966325,0.42369977210329846
2015-08-12,0.5577375315966325,0.42369977210329846
2015-08-13,0.5577375315966325,0.42369977210329846
2015-08-14,0.5577375315966325,0.42369977210329846
2015-08-17,0.5577375315966325,0.42369977210329846
2015-08-18,0.5577375315966325,0.42369977210329846
2015-08-19,0.5577375315966325,0.42369977210329846
2015-08-20,0.5577375315966325,0.42369977210329846
2015-08-21,0.5577375315966325,0.42369977210329846
2015-08-24,0.5577375315966325,0.42369977210329846
2015-08-25,0.5577375315966325,0.42369977210329846
2015-08-26,0.5577375315966325,0.42369977210329846
2015-08-27,0.5577375315966325,0.42369977210329846
2015-08-28,0.5577375315966325,0.42369977210329846
2015-08-31,0.5577375315966325,0.42369977210329846
2015-09-01,0.9140645966891534,0.39051642138249065
2015-09-02,0.9140645966891534,0.39051642138249065
2015-09-03,0.9140645966891534,0.39051642138249065
2015-09-04,0.9140645966891534,0.39051642138249065
2015-09-07,0.9140645966891534,0.39051642138249065
2015-09-08,0.9140645966891534,0.39051642138249065
2015-09-09,0.9140645966891534,0.39051642138249065
2015-09-10,0.9140645966891534,0.39051642138249065
2015-09-11,0.9140645966891534,0.39051642138249065
2015-09-14,0.9140645966891534,0.39051642138249065
2015-09-15,0.9140645966891534,0.39051642138249065
2015-09-16,0.9140645966891534,0.39051642138249065
2015-09-17,0.9140645966891534,0.39051642138249065
2015-09-18,0.9140645966891534,0.39051642138249065
2015-09-21,0.9140645966891534,0.39051642138249065
2015-09-22,0.9140645966891534,0.39051642138249065
2015-09-23,0.9140645966891534,0.39051642138249065
2015-09-24,0.9140645966891534,0.39051642138249065
2015-09-25,0.9140645966891534,0.39051642138249065
2015-09-28,0.9140645966891534,0.39051642138249065
2015-09-29,0.9140645966891534,0.39051642138249065
2015-09-30,0.9140645966891534,0.39051642138249065
2015-10-01,0.7186658339454469,0.18008059269501261
2015-10-02,0.7186658339454469,0.18008059269501261
2015-10-05,0.7186658339454469,0.18008059269501261
2015-10-06,0.7186658339454469,0.18008059269501261
2015-10-07,0.7186658339454469,0.18008059269501261
2015-10-08,0.7186658339454469,0.18008059269501261
2015-10-09,0.7186658339454469,0.18008059269501261
2015-10-12,0.7186658339454469,0.18008059269501261
2015-10-13,0.7186658339454469,0.18008059269501261
2015-10-14,0.7186658339454469,0.18008059269501261
2015-10-15,0.7186658339454469,0.18008059269501261
2015-10-16,0.7186658339454469,0.18008059269501261
2015-10-19,0.7186658339454469,0.18008059269501261
2015-10-20,0.7186658339454469,0.18008059269501261
2015-10-21,0.7186658339454469,0.18008059269501261
2015-10-22,0.7186658339454469,0.18008059269501261
2015-10-23,0.7186658339454469,0.18008059269501261
2015-10-26,0.7186658339454469,0.18008059269501261
2015-10-27,0.7186658339454469,0.18008059269501261
2015-10-28,0.7186658339454469,0.18008059269501261
2015-10-29,0.7186658339454469,0.18008059269501261
2015-10-30,0.7186658339454469,0.18008059269501261
2015-11-02,0.7186658339454469,0.18008059269501261
2015-11-03,0.20565166143628552,0.25411569623576385
2015-11-04,0.20565166143628552,0.25411569623576385
2015-11-05,0.20565166143628552,0.25411569623576385
2015-11-06,0.20565166143628552,0.25411569623576385
2015-11-09,0.20565166143628552,0.25411569623576385
2015-11-10,0.20565166143628552,0.25411569623576385
2015-11-11,0.20565166143628552,0.25411569623576385
2015-11-12,0.20565166143628552,0.25411569623576385
2015-11-13,0.20565166143628552,0.25411569623576385
2015-11-16,0.20565166143628552,0.25411569623576385
2015-11-17,0.20565166143628552,0.25411569623576385
2015-11-18,0.20565166143628552,0.25411569623576385
2015-11-19,0.20565166143628552,0.25411569623576385
2015-11-20,0.20565166143628552,0.25411569623576385
2015-11-23,0.20565166143628552,0.25411569623576385
2015-11-24,0.20565166143628552,0.25411569623576385
2015-11-25,0.20565166143628552,0.25411569623576385
2015-11-26,0.20565166143628552,0.25411569623576385
2015-11-27,0.20565166143628552,0.25411569623576385
2015-11-30,0.20565166143628552,0.25411569623576385
2015-12-01,0.13797660633420655,0.20177042903603845
2015-12-02,0.13797660633420655,0.20177042903603845
2015-12-03,0.13797660633420655,0.20177042903603845
2015-12-04,0.13797660633420655,0.20177042903603845
2015-12-07,0.13797660633420655,0.20177042903603845
2015-12-08,0.13797660633420655,0.20177042903603845
2015-12-09,0.13797660633420655,0.20177042903603845
2015-12-10,0.13797660633420655,0.20177042903603845
2015-12-11,0.13797660633420655,0.20177042903603845
2015-12-14,0.13797660633420655,0.20177042903603845
2015-12-15,0.13797660633420655,0.20177042903603845
2015-12-16,0.13797660633420655,0.20177042903603845
2015-12-17,0.13797660633420655,0.20177042903603845
2015-12-18,0.13797660633420655,0.20177042903603845
2015-12-21,0.13797660633420655,0.20177042903603845
2015-12-22,0.13797660633420655,0.20177042903603845
2015-12-23,0.13797660633420655,0.20177042903603845
2015-12-24,0.13797660633420655,0.20177042903603845
2015-12-25,0.13797660633420655,0.20177042903603845
2015-12-28,0.13797660633420655,0.20177042903603845
2015-12-29,0.13797660633420655,0.20177042903603845
2015-12-30,0.13797660633420655,0.20177042903603845
2015-12-31,0.13797660633420655,0.20177042903603845
2016-01-01,0.18740636994377913,0.0872646036142205
2016-01-04,0.18740636994377913,0.0872646036142205
2016-01-05,0.18740636994377913,0.0872646036142205
2016-01-06,0.18740636994377913,0.0872646036142205
2016-01-07,0.18740636994377913,0.0872646036142205
2016-01-08,0.18740636994377913,0.0872646036142205
2016-01-11,0.18740636994377913,0.0872646036142205
2016-01-12,0.18740636994377913,0.0872646036142205
2016-01-13,0.18740636994377913,0.0872646036142205
2016-01-14,0.18740636994377913,0.0872646036142205
2016-01-15,0.18740636994377913,0.0872646036142205
2016-01-18,0.18740636994377913,0.0872646036142205
2016-01-19,0.18740636994377913,0.0872646036142205
2016-01-20,0.18740636994377913,0.0872646036142205
2016-01-21,0.18740636994377913,0.0872646036142205
2016-01-22,0.18740636994377913,0.0872646036142205
2016-01-25,0.18740636994377913,0.0872646036142205
2016-01-26,0.18740636994377913,0.0872646036142205
2016-01-27,0.18740636994377913,0.0872646036142205
2016-01-28,0.18740636994377913,0.0872646036142205
2016-01-29,0.18740636994377913,0.0872646036142205
2016-02-01,0.18740636994377913,0.0872646036142205
2016-02-02,0.6296382978754586,0.05249426935034932
2016-02-03,0.6296382978754586,0.05249426935034932
2016-02-04,0.6296382978754586,0.05249426935034932
2016-02-05,0.6296382978754586,0.05249426935034932
2016-02-08,0.6296382978754586,0.05249426935034932
2016-02-09,0.6296382978754586,0.05249426935034932
2016-02-10,0.6296382978754586,0.05249426935034932
2016-02-11,0.6296382978754586,0.05249426935034932
2016-02-12,0.6296382978754586,0.05249426935034932
2016-02-15,0.6296382978754586,0.05249426935034932
2016-02-16,0.6296382978754586,0.05249426935034932
2016-02-17,0.6296382978754586,0.05249426935034932
2016-02-18,0.6296382978754586,0.05249426935034932
2016-02-19,0.6296382978754586,0.05249426935034932
2016-02-22,0.6296382978754586,0.05249426935034932
2016-02-23,0.6296382978754586,0.05249426935034932
2016-02-24,0.6296382978754586,0.05249426935034932
2016-02-25,0.6296382978754586,0.05249426935034932
2016-02-26,0.6296382978754586,0.05249426935034932
2016-02-29,0.6296382978754586,0.05249426935034932
2016-03-01,0.6732809366382689,0.0642405940675133
2016-03-02,0.6732809366382689,0.0642405940675133
2016-03-03,0.6732809366382689,0.0642405940675133
2016-03-04,0.6732809366382689,0.0642405940675133
2016-03-07,0.6732809366382689,0.0642405940675133
2016-03-08,0.6732809366382689,0.0642405940675133
2016-03-09,0.6732809366382689,0.0642405940675133
2016-03-10,0.6732809366382689,0.0642405940675133
2016-03-11,0.6732809366382689,0.0642405940675133
2016-03-14,0.6732809366382689,0.0642405940675133
2016-03-15,0.6732809366382689,0.0642405940675133
2016-03-16,0.6732809366382689,0.0642405940675133
2016-03-17,0.6732809366382689,0.0642405940675133
2016-03-18,0.6732809366382689,0.0642405940675133
2016-03-21,0.6732809366382689,0.0642405940675133
2016-03-22,0.6732809366382689,0.0642405940675133
2016-03-23,0.6732809366382689,0.0642405940675133
2016-03-24,0.6732809366382689,0.0642405940675133
2016-03-25,0.6732809366382689,0.0642405940675133
2016-03-28,0.6732809366382689,0.0642405940675133
2016-03-29,0.6732809366382689,0.0642405940675133
2016-03-30,0.6732809366382689,0.0642405940675133
2016-03-31,0.6732809366382689,0.0642405940675133
2016-04-01,0.24268537292656228,0.31288455246206553
2016-04-04,0.24268537292656228,0.31288455246206553
2016-04-05,0.24268537292656228,0.31288455246206553
2016-04-06,0.24268537292656228,0.31288455246206553
2016-04-07,0.24268537292656228,0.31288455246206553
2016-04-08,0.24268537292656228,0.31288455246206553
2016-04-11,0.24268537292656228,0.31288455246206553
2016-04-12,0.24268537292656228,0.31288455246206553
2016-04-13,0.24268537292656228,0.31288455246206553
2016-04-14,0.24268537292656228,0.31288455246206553
2016-04-15,0.24268537292656228,0.31288455246206553
2016-04-18,0.24268537292656228,0.31288455246206553
2016-04-19,0.24268537292656228,0.31288455246206553
2016-04-20,0.24268537292656228,0.31288455246206553
2016-04-21,0.24268537292656228,0.31288455246206553
2016-04-22,0.24268537292656228,0.31288455246206553
2016-04-25,0.24268537292656228,0.31288455246206553
2016-04-26,0.24268537292656228,0.31288455246206553
2016-04-27,0.24268537292656228,0.31288455246206553
2016-04-28,0.24268537292656228,0.31288455246206553
2016-04-29,0.24268537292656228,0.31288455246206553
2016-05-02,0.24268537292656228,0.31288455246206553
2016-05-03,0.2672719133906603,0.26186251292116447
2016-05-04,0.2672719133906603,0.26186251292116447
2016-05-05,0.2672719133906603,0.26186251292116447
2016-05-06,0.2672719133906603,0.26186251292116447
2016-05-09,0.2672719133906603,0.26186251292116447
2016-05-10,0.2672719133906603,0.26186251292116447
2016-05-11,0.2672719133906603,0.26186251292116447
2016-05-12,0.2672719133906603,0.26186251292116447
2016-05-13,0.2672719133906603,0.26186251292116447
2016-05-16,0.2672719133906603,0.26186251292116447
2016-05-17,0.2672719133906603,0.26186251292116447
2016-05-18,0.2672719133906603,0.26186251292116447
2016-05-19,0.2672719133906603,0.26186251292116447
2016-05-20,0.2672719133906603,0.26186251292116447
2016-05-23,0.2672719133906603,0.26186251292116447
2016-05-24,0.2672719133906603,0.26186251292116447
2016-05-25,0.2672719133906603,0.26186251292116447
2016-05-26,0.2672719133906603,0.26186251292116447
2016-05-27,0.2672719133906603,0.26186251292116447
2016-05-30,0.2672719133906603,0.26186251292116447
2016-05-31,0.2672719133906603,0.26186251292116447
2016-06-01,0.38999545416261533,0.31913642811247206
2016-06-02,0.38999545416261533,0.31913642811247206
2016-06-03,0.38999545416261533,0.31913642811247206
2016-06-06,0.38999545416261533,0.31913642811247206
2016-06-07,0.38999545416261533,0.31913642811247206
2016-06-08,0.38999545416261533,0.31913642811247206
2016-06-09,0.38999545416261533,0.31913642811247206
2016-06-10,0.38999545416261533,0.31913642811247206
2016-06-13,0.38999545416261533,0.31913642811247206
2016-06-14,0.38999545416261533,0.31913642811247206
2016-06-15,0.38999545416261533,0.31913642811247206
2016-06-16,0.38999545416261533,0.31913642811247206
2016-06-17,0.38999545416261533,0.31913642811247206
2016-06-20,0.38999545416261533,0.31913642811247206
2016-06-21,0.38999545416261533,0.31913642811247206
2016-06-22,0.38999545416261533,0.31913642811247206
2016-06-23,0.38999545416261533,0.31913642811247206
2016-06-24,0.38999545416261533,0.31913642811247206
2016-06-27,0.38999545416261533,0.31913642811247206
2016-06-28,0.38999545416261533,0.31913642811247206
2016-06-29,0.38999545416261533,0.31913642811247206
2016-06-30,0.38999545416261533,0.31913642811247206
2016-07-01,0.23767956047482208,0.23192824956306426
2016-07-04,0.23767956047482208,0.23192824956306426
2016-07-05,0.23767956047482208,0.23192824956306426
2016-07-06,0.23767956047482208,0.23192824956306426
2016-07-07,0.23767956047482208,0.23192824956306426
2016-07-08,0.23767956047482208,0.23192824956306426
2016-07-11,0.23767956047482208,0.23192824956306426
2016-07-12,0.23767956047482208,0.23192824956306426
2016-07-13,0.23767956047482208,0.23192824956306426
2016-07-14,0.23767956047482208,0.23192824956306426
2016-07-15,0.23767956047482208,0.23192824956306426
2016-07-18,0.23767956047482208,0.23192824956306426
2016-07-19,0.23767956047482208,0.23192824956306426
2016-07-20,0.23767956047482208,0.23192824956306426
2016-07-21,0.23767956047482208,0.23192824956306426
2016-07-22,0.23767956047482208,0.23192824956306426
2016-07-25,0.23767956047482208,0.23192824956306426
2016-07-26,0.23767956047482208,0.23192824956306426
2016-07-27,0.23767956047482208,0.23192824956306426
2016-07-28,0.23767956047482208,0.23192824956306426
2016-07-29,0.23767956047482208,0.23192824956306426
2016-08-01,0.23767956047482208,0.23192824956306426
2016-08-02,0.6642682734562179,0.41008338155232166
2016-08-03,0.6642682734562179,0.41008338155232166
2016-08-04,0.6642682734562179,0.41008338155232166
2016-08-05,0.6642682734562179,0.41008338155232166
2016-08-08,0.6642682734562179,0.41008338155232166
2016-08-09,0.6642682734562179,0.41008338155232166
2016-08-10,0.6642682734562179,0.41008338155232166
2016-08-11,0.6642682734562179,0.41008338155232166
2016-08-12,0.6642682734562179,0.41008338155232166
2016-08-15,0.6642682734562179,0.41008338155232166
2016-08-16,0.6642682734562179,0.41008338155232166
2016-08-17,0.6642682734562179,0.41008338155232166
2016-08-18,0.6642682734562179,0.41008338155232166
2016-08-19,0.6642682734562179,0.41008338155232166
2016-08-22,0.6642682734562179,0.41008338155232166
2016-08-23,0.6642682734562179,0.41008338155232166
2016-08-24,0.6642682734562179,0.41008338155232166
2016-08-25,0.6642682734562179,0.41008338155232166
2016-08-26,0.6642682734562179,0.41008338155232166
2016-08-29,0.6642682734562179,0.41008338155232166
2016-08-30,0.6642682734562179,0.41008338155232166
2016-08-31,0.6642682734562179,0.41008338155232166
2016-09-01,0.6308263462479232,0.35503887960811703
2016-09-02,0.6308263462479232,0.35503887960811703
2016-09-05,0.6308263462479232,0.35503887960811703
2016-09-06,0.6308263462479232,0.35503887960811703
2016-09-07,0.6308263462479232,0.35503887960811703
2016-09-08,0.6308263462479232,0.35503887960811703
2016-09-09,0.6308263462479232,0.35503887960811703
2016-09-12,0.6308263462479232,0.35503887960811703
2016-09-13,0.6308263462479232,0.35503887960811703
2016-09-14,0.6308263462479232,0.35503887960811703
2016-09-15,0.6308263462479232,0.35503887960811703
2016-09-16,0.6308263462479232,0.35503887960811703
2016-09-19,0.6308263462479232,0.35503887960811703
2016-09-20,0.6308263462479232,0.35503887960811703
2016-09-21,0.6308263462479232,0.35503887960811703
2016-09-22,0.6308263462479232,0.35503887960811703
2016-09-23,0.6308263462479232,0.35503887960811703
2016-09-26,0.6308263462479232,0.35503887960811703
2016-09-27,0.6308263462479232,0.35503887960811703
2016-09-28,0.6308263462479232,0.35503887960811703
2016-09-29,0.6308263462479232,0.35503887960811703
2016-09-30,0.6308263462479232,0.35503887960811703
2016-10-03,0.6273439139798079,0.36003655699024095
2016-10-04,0.6273439139798079,0.36003655699024095
2016-10-05,0.6273439139798079,0.36003655699024095
2016-10-06,0.6273439139798079,0.36003655699024095
2016-10-07,0.6273439139798079,0.36003655699024095
2016-10-10,0.6273439139798079,0.36003655699024095
2016-10-11,0.6273439139798079,0.36003655699024095
2016-10-12,0.6273439139798079,0.36003655699024095
2016-10-13,0.6273439139798079,0.36003655699024095
2016-10-14,0.6273439139798079,0.36003655699024095
2016-10-17,0.6273439139798079,0.36003655699024095
2016-10-18,0.6273439139798079,0.36003655699024095
2016-10-19,0.6273439139798079,0.36003655699024095
2016-10-20,0.6273439139798079,0.36003655699024095
2016-10-21,0.6273439139798079,0.36003655699024095
2016-10-24,0.6273439139798079,0.36003655699024095
2016-10-25,0.6273439139798079,0.36003655699024095
2016-10-26,0.6273439139798079,0.36003655699024095
2016-10-27,0.6273439139798079,0.36003655699024095
2016-10-28,0.6273439139798079,0.36003655699024095
2016-10-31,0.6273439139798079,0.36003655699024095
2016-11-01,0.35872678471575636,0.20181250145713725
2016-11-02,0.35872678471575636,0.20181250145713725
2016-11-03,0.35872678471575636,0.20181250145713725
2016-11-04,0.35872678471575636,0.20181250145713725
2016-11-07,0.35872678471575636,0.20181250145713725
2016-11-08,0.35872678471575636,0.20181250145713725
2016-11-09,0.35872678471575636,0.20181250145713725
2016-11-10,0.35872678471575636,0.20181250145713725
2016-11-11,0.35872678471575636,0.20181250145713725
2016-11-14,0.35872678471575636,0.20181250145713725
2016-11-15,0.35872678471575636,0.20181250145713725
2016-11-16,0.35872678471575636,0.20181250145713725
2016-11-17,0.35872678471575636,0.20181250145713725
2016-11-18,0.35872678471575636,0.20181250145713725
2016-11-21,0.35872678471575636,0.20181250145713725
2016-11-22,0.35872678471575636,0.20181250145713725
2016-11-23,0.35872678471575636,0.20181250145713725
2016-11-24,0.35872678471575636,0.20181250145713725
2016-11-25,0.35872678471575636,0.20181250145713725
2016-11-28,0.35872678471575636,0.20181250145713725
2016-11-29,0.35872678471575636,0.20181250145713725
2016-11-30,0.35872678471575636,0.20181250145713725
2016-12-01,0.6989078682140477,0.3562097511135638
2016-12-02,0.6989078682140477,0.3562097511135638
2016-12-05,0.6989078682140477,0.3562097511135638
2016-12-06,0.6989078682140477,0.3562097511135638
2016-12-07,0.6989078682140477,0.3562097511135638
2016-12-08,0.6989078682140477,0.3562097511135638
2016-12-09,0.6989078682140477,0.3562097511135638
2016-12-12,0.6989078682140477,0.3562097511135638
2016-12-13,0.6989078682140477,0.3562097511135638
2016-12-14,0.6989078682140477,0.3562097511135638
2016-12-15,0.6989078682140477,0.3562097511135638
2016-12-16,0.6989078682140477,0.3562097511135638
2016-12-19,0.6989078682140477,0.3562097511135638
2016-12-20,0.6989078682140477,0.3562097511135638
2016-12-21,0.6989078682140477,0.3562097511135638
2016-12-22,0.6989078682140477,0.3562097511135638
2016-12-23,0.6989078682140477,0.3562097511135638
2016-12-26,0.6989078682140477,0.3562097511135638
2016-12-27,0.6989078682140477,0.3562097511135638
2016-12-28,0.6989078682140477,0.3562097511135638
2016-12-29,0.6989078682140477,0.3562097511135638
2016-12-30,0.6989078682140477,0.3562097511135638
2017-01-02,0.6989078682140477,0.3562097511135638
2017-01-03,0.7260514370728184,0.31290040981978123
2017-01-04,0.7260514370728184,0.31290040981978123
2017-01-05,0.7260514370728184,0.31290040981978123
2017-01-06,0.7260514370728184,0.31290040981978123
2017-01-09,0.7260514370728184,0.31290040981978123
2017-01-10,0.7260514370728184,0.31290040981978123
2017-01-11,0.7260514370728184,0.31290040981978123
2017-01-12,0.7260514370728184,0.31290040981978123
2017-01-13,0.7260514370728184,0.31290040981978123
2017-01-16,0.7260514370728184,0.31290040981978123
2017-01-17,0.7260514370728184,0.31290040981978123
2017-01-18,0.7260514370728184,0.31290040981978123
2017-01-19,0.7260514370728184,0.31290040981978123
2017-01-20,0.7260514370728184,0.31290040981978123
2017-01-23,0.7260514370728184,0.31290040981978123
2017-01-24,0.7260514370728184,0.31290040981978123
2017-01-25,0.7260514370728184,0.31290040981978123
2017-01-26,0.7260514370728184,0.31290040981978123
2017-01-27,0.7260514370728184,0.31290040981978123
2017-01-30,0.7260514370728184,0.31290040981978123
2017-01-31,0.7260514370728184,0.31290040981978123
2017-02-01,0.9227046939034744,0.4005382802097535
2017-02-02,0.9227046939034744,0.4005382802097535
2017-02-03,0.9227046939034744,0.4005382802097535
2017-02-06,0.9227046939034744,0.4005382802097535
2017-02-07,0.9227046939034744,0.4005382802097535
2017-02-08,0.9227046939034744,0.4005382802097535
2017-02-09,0.9227046939034744,0.4005382802097535
2017-02-10,0.9227046939034744,0.4005382802097535
2017-02-13,0.9227046939034744,0.4005382802097535
2017-02-14,0.9227046939034744,0.4005382802097535
2017-02-15,0.9227046939034744,0.4005382802097535
2017-02-16,0.9227046939034744,0.4005382802097535
2017-02-17,0.9227046939034744,0.4005382802097535
2017-02-20,0.9227046939034744,0.4005382802097535
2017-02-21,0.9227046939034744,0.4005382802097535
2017-02-22,0.9227046939034744,0.4005382802097535
2017-02-23,0.9227046939034744,0.4005382802097535
2017-02-24,0.9227046939034744,0.4005382802097535
2017-02-27,0.9227046939034744,0.4005382802097535
2017-02-28,0.9227046939034744,0.4005382802097535
2017-03-01,0.9192903353960078,0.3099690299907186
2017-03-02,0.9192903353960078,0.3099690299907186
2017-03-03,0.9192903353960078,0.3099690299907186
2017-03-06,0.9192903353960078,0.3099690299907186
2017-03-07,0.9192903353960078,0.3099690299907186
2017-03-08,0.9192903353960078,0.3099690299907186
2017-03-09,0.9192903353960078,0.3099690299907186
2017-03-10,0.9192903353960078,0.3099690299907186
2017-03-13,0.9192903353960078,0.3099690299907186
2017-03-14,0.9192903353960078,0.3099690299907186
2017-03-15,0.9192903353960078,0.3099690299907186
2017-03-16,0.9192903353960078,0.3099690299907186
2017-03-17,0.9192903353960078,0.3099690299907186
2017-03-20,0.9192903353960078,0.3099690299907186
2017-03-21,0.9192903353960078,0.3099690299907186
2017-03-22,0.9192903353960078,0.3099690299907186
2017-03-23,0.9192903353960078,0.3099690299907186
2017-03-24,0.9192903353960078,0.3099690299907186
2017-03-27,0.9192903353960078,0.3099690299907186
2017-03-28,0.9192903353960078,0.3099690299907186
2017-03-29,0.9192903353960078,0.3099690299907186
2017-03-30,0.9192903353960078,0.3099690299907186
2017-03-31,0.9192903353960078,0.3099690299907186
2017-04-03,0.9435631674008395,0.33412775316244986
2017-04-04,0.9435631674008395,0.33412775316244986
2017-04-05,0.9435631674008395,0.33412775316244986
2017-04-06,0.9435631674008395,0.33412775316244986
2017-04-07,0.9435631674008395,0.33412775316244986
2017-04-10,0.9435631674008395,0.33412775316244986
2017-04-11,0.9435631674008395,0.33412775316244986
2017-04-12,0.9435631674008395,0.33412775316244986
2017-04-13,0.9435631674008395,0.33412775316244986
2017-04-14,0.9435631674008395,0.33412775316244986
2017-04-17,0.9435631674008395,0.33412775316244986
2017-04-18,0.9435631674008395,0.33412775316244986
2017-04-19,0.9435631674008395,0.33412775316244986
2017-04-20,0.9435631674008395,0.33412775316244986
2017-04-21,0.9435631674008395,0.33412775316244986
2017-04-24,0.9435631674008395,0.33412775316244986
2017-04-25,0.9435631674008395,0.33412775316244986
2017-04-26,0.9435631674008395,0.33412775316244986
2017-04-27,0.9435631674008395,0.33412775316244986
2017-04-28,0.9435631674008395,0.33412775316244986
2017-05-01,0.9435631674008395,0.33412775316244986
2017-05-02,1.0879731785993185,0.40556218948564104
2017-05-03,1.0879731785993185,0.40556218948564104
2017-05-04,1.0879731785993185,0.40556218948564104
2017-05-05,1.0879731785993185,0.40556218948564104
2017-05-08,1.0879731785993185,0.40556218948564104
2017-05-09,1.0879731785993185,0.40556218948564104
2017-05-10,1.0879731785993185,0.40556218948564104
2017-05-11,1.0879731785993185,0.40556218948564104
2017-05-12,1.0879731785993185,0.40556218948564104
2017-05-15,1.0879731785993185,0.40556218948564104
2017-05-16,1.0879731785993185,0.40556218948564104
2017-05-17,1.0879731785993185,0.40556218948564104
2017-05-18,1.0879731785993185,0.40556218948564104
2017-05-19,1.0879731785993185,0.40556218948564104
2017-05-22,1.0879731785993185,0.40556218948564104
2017-05-23,1.0879731785993185,0.40556218948564104
2017-05-24,1.0879731785993185,0.40556218948564104
2017-05-25,1.0879731785993185,0.40556218948564104
2017-05-26,1.0879731785993185,0.40556218948564104
2017-05-29,1.0879731785993185,0.40556218948564104
2017-05-30,1.0879731785993185,0.40556218948564104
2017-05-31,1.0879731785993185,0.40556218948564104
2017-06-01,1.1556045076718524,0.4166497313396314
2017-06-02,1.1556045076718524,0.4166497313396314
2017-06-05,1.1556045076718524,0.4166497313396314
2017-06-06,1.1556045076718524,0.4166497313396314
2017-06-07,1.1556045076718524,0.4166497313396314
2017-06-08,1.1556045076718524,0.4166497313396314
2017-06-09,1.1556045076718524,0.4166497313396314
2017-06-12,1.1556045076718524,0.4166497313396314
2017-06-13,1.1556045076718524,0.4166497313396314
2017-06-14,1.1556045076718524,0.4166497313396314
2017-06-15,1.1556045076718524,0.4166497313396314
2017-06-16,1.1556045076718524,0.4166497313396314
2017-06-19,1.1556045076718524,0.4166497313396314
2017-06-20,1.1556045076718524,0.4166497313396314
2017-06-21,1.1556045076718524,0.4166497313396314
2017-06-22,1.1556045076718524,0.4166497313396314
2017-06-23,1.1556045076718524,0.4166497313396314
2017-06-26,1.1556045076718524,0.4166497313396314
2017-06-27,1.1556045076718524,0.4166497313396314
2017-06-28,1.1556045076718524,0.4166497313396314
2017-06-29,1.1556045076718524,0.4166497313396314
2017-06-30,1.1556045076718524,0.4166497313396314
2017-07-03,1.1299568822532586,0.37755747396308686
2017-07-04,1.1299568822532586,0.37755747396308686
2017-07-05,1.1299568822532586,0.37755747396308686
2017-07-06,1.1299568822532586,0.37755747396308686
2017-07-07,1.1299568822532586,0.37755747396308686
2017-07-10,1.1299568822532586,0.37755747396308686
2017-07-11,1.1299568822532586,0.37755747396308686
2017-07-12,1.1299568822532586,0.37755747396308686
2017-07-13,1.1299568822532586,0.37755747396308686
2017-07-14,1.1299568822532586,0.37755747396308686
2017-07-17,1.1299568822532586,0.37755747396308686
2017-07-18,1.1299568822532586,0.37755747396308686
2017-07-19,1.1299568822532586,0.37755747396308686
2017-07-20,1.1299568822532586,0.37755747396308686
2017-07-21,1.1299568822532586,0.37755747396308686
2017-07-24,1.1299568822532586,0.37755747396308686
2017-07-25,1.1299568822532586,0.37755747396308686
2017-07-26,1.1299568822532586,0.37755747396308686
2017-07-27,1.1299568822532586,0.37755747396308686
2017-07-28,1.1299568822532586,0.37755747396308686
2017-07-31,1.1299568822532586,0.37755747396308686
2017-08-01,1.2642119971948946,0.4085195563414156
2017-08-02,1.2642119971948946,0.4085195563414156
2017-08-03,1.2642119971948946,0.4085195563414156
2017-08-04,1.2642119971948946,0.4085195563414156
2017-08-07,1.2642119971948946,0.4085195563414156
2017-08-08,1.2642119971948946,0.4085195563414156
2017-08-09,1.2642119971948946,0.4085195563414156
2017-08-10,1.2642119971948946,0.4085195563414156
2017-08-11,1.2642119971948946,0.4085195563414156
2017-08-14,1.2642119971948946,0.4085195563414156
2017-08-15,1.2642119971948946,0.4085195563414156
2017-08-16,1.2642119971948946,0.4085195563414156
2017-08-17,1.2642119971948946,0.4085195563414156
2017-08-18,1.2642119971948946,0.4085195563414156
2017-08-21,1.2642119971948946,0.4085195563414156
2017-08-22,1.2642119971948946,0.4085195563414156
2017-08-23,1.2642119971948946,0.4085195563414156
2017-08-24,1.2642119971948946,0.4085195563414156
2017-08-25,1.2642119971948946,0.4085195563414156
2017-08-28,1.2642119971948946,0.4085195563414156
2017-08-29,1.2642119971948946,0.4085195563414156
2017-08-30,1.2642119971948946,0.4085195563414156
2017-08-31,1.2642119971948946,0.4085195563414156
2017-09-01,1.1788064361257553,0.3742668967306446
2017-09-04,1.1788064361257553,0.3742668967306446
2017-09-05,1.1788064361257553,0.3742668967306446
2017-09-06,1.1788064361257553,0.3742668967306446
2017-09-07,1.1788064361257553,0.3742668967306446
2017-09-08,1.1788064361257553,0.3742668967306446
2017-09-11,1.1788064361257553,0.3742668967306446
2017-09-12,1.1788064361257553,0.3742668967306446
2017-09-13,1.1788064361257553,0.3742668967306446
2017-09-14,1.1788064361257553,0.3742668967306446
2017-09-15,1.1788064361257553,0.3742668967306446
2017-09-18,1.1788064361257553,0.3742668967306446
2017-09-19,1.1788064361257553,0.3742668967306446
2017-09-20,1.1788064361257553,0.3742668967306446
2017-09-21,1.1788064361257553,0.3742668967306446
2017-09-22,1.1788064361257553,0.3742668967306446
2017-09-25,1.1788064361257553,0.3742668967306446
2017-09-26,1.1788064361257553,0.3742668967306446
2017-09-27,1.1788064361257553,0.3742668967306446
2017-09-28,1.1788064361257553,0.3742668967306446
2017-09-29,1.1788064361257553,0.3742668967306446
2017-10-02,1.1788064361257553,0.3742668967306446
2017-10-03,1.3591209930876296,0.4220339264139638
2017-10-04,1.3591209930876296,0.4220339264139638
2017-10-05,1.3591209930876296,0.4220339264139638
2017-10-06,1.3591209930876296,0.4220339264139638
2017-10-09,1.3591209930876296,0.4220339264139638
2017-10-10,1.3591209930876296,0.4220339264139638
2017-10-11,1.3591209930876296,0.4220339264139638
2017-10-12,1.3591209930876296,0.4220339264139638
2017-10-13,1.3591209930876296,0.4220339264139638
2017-10-16,1.3591209930876296,0.4220339264139638
2017-10-17,1.3591209930876296,0.4220339264139638
2017-10-18,1.3591209930876296,0.4220339264139638
2017-10-19,1.3591209930876296,0.4220339264139638
2017-10-20,1.3591209930876296,0.4220339264139638
2017-10-23,1.3591209930876296,0.4220339264139638
2017-10-24,1.3591209930876296,0.4220339264139638
2017-10-25,1.3591209930876296,0.4220339264139638
2017-10-26,1.3591209930876296,0.4220339264139638
2017-10-27,1.3591209930876296,0.4220339264139638
2017-10-30,1.3591209930876296,0.4220339264139638
2017-10-31,1.3591209930876296,0.4220339264139638
2017-11-01,1.3614089561008127,0.3617033231716112
2017-11-02,1.3614089561008127,0.3617033231716112
2017-11-03,1.3614089561008127,0.3617033231716112
2017-11-06,1.3614089561008127,0.3617033231716112
2017-11-07,1.3614089561008127,0.3617033231716112
2017-11-08,1.3614089561008127,0.3617033231716112
2017-11-09,1.3614089561008127,0.3617033231716112
2017-11-10,1.3614089561008127,0.3617033231716112
2017-11-13,1.3614089561008127,0.3617033231716112
2017-11-14,1.3614089561008127,0.3617033231716112
2017-11-15,1.3614089561008127,0.3617033231716112
2017-11-16,1.3614089561008127,0.3617033231716112
2017-11-17,1.3614089561008127,0.3617033231716112
2017-11-20,1.3614089561008127,0.3617033231716112
2017-11-21,1.3614089561008127,0.3617033231716112
2017-11-22,1.3614089561008127,0.3617033231716112
2017-11-23,1.3614089561008127,0.3617033231716112
2017-11-24,1.3614089561008127,0.3617033231716112
2017-11-27,1.3614089561008127,0.3617033231716112
2017-11-28,1.3614089561008127,0.3617033231716112
2017-11-29,1.3614089561008127,0.3617033231716112
2017-11-30,1.3614089561008127,0.3617033231716112
2017-12-01,1.2813146009671101,0.25441459612291706
2017-12-04,1.2813146009671101,0.25441459612291706
2017-12-05,1.2813146009671101,0.25441459612291706
2017-12-06,1.2813146009671101,0.25441459612291706
2017-12-07,1.2813146009671101,0.25441459612291706
2017-12-08,1.2813146009671101,0.25441459612291706
2017-12-11,1.2813146009671101,0.25441459612291706
2017-12-12,1.2813146009671101,0.25441459612291706
2017-12-13,1.2813146009671101,0.25441459612291706
2017-12-14,1.2813146009671101,0.25441459612291706
2017-12-15,1.2813146009671101,0.25441459612291706
2017-12-18,1.2813146009671101,0.25441459612291706
2017-12-19,1.2813146009671101,0.25441459612291706
2017-12-20,1.2813146009671101,0.25441459612291706
2017-12-21,1.2813146009671101,0.25441459612291706
2017-12-22,1.2813146009671101,0.25441459612291706
2017-12-25,1.2813146009671101,0.25441459612291706
2017-12-26,1.2813146009671101,0.25441459612291706
2017-12-27,1.2813146009671101,0.25441459612291706
2017-12-28,1.2813146009671101,0.25441459612291706
2017-12-29,1.2813146009671101,0.25441459612291706
2018-01-01,1.2813146009671101,0.25441459612291706
2018-01-02,1.3347930848455518,0.25751957842732465
2018-01-03,1.3347930848455518,0.25751957842732465
2018-01-04,1.3347930848455518,0.25751957842732465
2018-01-05,1.3347930848455518,0.25751957842732465
2018-01-08,1.3347930848455518,0.25751957842732465
2018-01-09,1.3347930848455518,0.25751957842732465
2018-01-10,1.3347930848455518,0.25751957842732465
2018-01-11,1.3347930848455518,0.25751957842732465
2018-01-12,1.3347930848455518,0.25751957842732465
2018-01-15,1.3347930848455518,0.25751957842732465
2018-01-16,1.3347930848455518,0.25751957842732465
2018-01-17,1.3347930848455518,0.25751957842732465
2018-01-18,1.3347930848455518,0.25751957842732465
2018-01-19,1.3347930848455518,0.25751957842732465
2018-01-22,1.3347930848455518,0.25751957842732465
2018-01-23,1.3347930848455518,0.25751957842732465
2018-01-24,1.3347930848455518,0.25751957842732465
2018-01-25,1.3347930848455518,0.25751957842732465
2018-01-26,1.3347930848455518,0.25751957842732465
2018-01-29,1.3347930848455518,0.25751957842732465
2018-01-30,1.3347930848455518,0.25751957842732465
2018-01-31,1.3347930848455518,0.25751957842732465
2018-02-01,1.2508459244253485,0.06123470052247357
2018-02-02,1.2508459244253485,0.06123470052247357
2018-02-05,1.2508459244253485,0.06123470052247357
2018-02-06,1.2508459244253485,0.06123470052247357
2018-02-07,1.2508459244253485,0.06123470052247357
2018-02-08,1.2508459244253485,0.06123470052247357
2018-02-09,1.2508459244253485,0.06123470052247357
2018-02-12,1.2508459244253485,0.06123470052247357
2018-02-13,1.2508459244253485,0.06123470052247357
2018-02-14,1.2508459244253485,0.06123470052247357
2018-02-15,1.2508459244253485,0.06123470052247357
2018-02-16,1.2508459244253485,0.06123470052247357
2018-02-19,1.2508459244253485,0.06123470052247357
2018-02-20,1.2508459244253485,0.06123470052247357
2018-02-21,1.2508459244253485,0.06123470052247357
2018-02-22,1.2508459244253485,0.06123470052247357
2018-02-23,1.2508459244253485,0.06123470052247357
2018-02-26,1.2508459244253485,0.06123470052247357
2018-02-27,1.2508459244253485,0.06123470052247357
2018-02-28,1.2508459244253485,0.06123470052247357
2018-03-01,0.6376612200279272,0.24208728175058478
2018-03-02,0.6376612200279272,0.24208728175058478
2018-03-05,0.6376612200279272,0.24208728175058478
2018-03-06,0.6376612200279272,0.24208728175058478
2018-03-07,0.6376612200279272,0.24208728175058478
2018-03-08,0.6376612200279272,0.24208728175058478
2018-03-09,0.6376612200279272,0.24208728175058478
2018-03-12,0.6376612200279272,0.24208728175058478
2018-03-13,0.6376612200279272,0.24208728175058478
2018-03-14,0.6376612200279272,0.24208728175058478
2018-03-15,0.6376612200279272,0.24208728175058478
2018-03-16,0.6376612200279272,0.24208728175058478
2018-03-19,0.6376612200279272,0.24208728175058478
2018-03-20,0.6376612200279272,0.24208728175058478
2018-03-21,0.6376612200279272,0.24208728175058478
2018-03-22,0.6376612200279272,0.24208728175058478
2018-03-23,0.6376612200279272,0.24208728175058478
2018-03-26,0.6376612200279272,0.24208728175058478
2018-03-27,0.6376612200279272,0.24208728175058478
2018-03-28,0.6376612200279272,0.24208728175058478
2018-03-29,0.6376612200279272,0.24208728175058478
2018-03-30,0.6376612200279272,0.24208728175058478
2018-04-02,0.6376612200279272,0.24208728175058478
2018-04-03,0.5013542276629416,0.23037710741388134
2018-04-04,0.5013542276629416,0.23037710741388134
2018-04-05,0.5013542276629416,0.23037710741388134
2018-04-06,0.5013542276629416,0.23037710741388134
2018-04-09,0.5013542276629416,0.23037710741388134
2018-04-10,0.5013542276629416,0.23037710741388134
2018-04-11,0.5013542276629416,0.23037710741388134
2018-04-12,0.5013542276629416,0.23037710741388134
2018-04-13,0.5013542276629416,0.23037710741388134
2018-04-16,0.5013542276629416,0.23037710741388134
2018-04-17,0.5013542276629416,0.23037710741388134
2018-04-18,0.5013542276629416,0.23037710741388134
2018-04-19,0.5013542276629416,0.23037710741388134
2018-04-20,0.5013542276629416,0.23037710741388134
2018-04-23,0.5013542276629416,0.23037710741388134
2018-04-24,0.5013542276629416,0.23037710741388134
2018-04-25,0.5013542276629416,0.23037710741388134
2018-04-26,0.5013542276629416,0.23037710741388134
2018-04-27,0.5013542276629416,0.23037710741388134
2018-04-30,0.5013542276629416,0.23037710741388134
2018-05-01,0.8280541588425873,0.045076126528319
2018-05-02,0.8280541588425873,0.045076126528319
2018-05-03,0.8280541588425873,0.045076126528319
2018-05-04,0.8280541588425873,0.045076126528319
2018-05-07,0.8280541588425873,0.045076126528319
2018-05-08,0.8280541588425873,0.045076126528319
2018-05-09,0.8280541588425873,0.045076126528319
2018-05-10,0.8280541588425873,0.045076126528319
2018-05-11,0.8280541588425873,0.045076126528319
2018-05-14,0.8280541588425873,0.045076126528319
2018-05-15,0.8280541588425873,0.045076126528319
2018-05-16,0.8280541588425873,0.045076126528319
2018-05-17,0.8280541588425873,0.045076126528319
2018-05-18,0.8280541588425873,0.045076126528319
2018-05-21,0.8280541588425873,0.045076126528319
2018-05-22,0.8280541588425873,0.045076126528319
2018-05-23,0.8280541588425873,0.045076126528319
2018-05-24,0.8280541588425873,0.045076126528319
2018-05-25,0.8280541588425873,0.045076126528319
2018-05-28,0.8280541588425873,0.045076126528319
2018-05-29,0.8280541588425873,0.045076126528319
2018-05-30,0.8280541588425873,0.045076126528319
2018-05-31,0.8280541588425873,0.045076126528319
2018-06-01,0.8197104556808487,0.06156508245813551
2018-06-04,0.8197104556808487,0.06156508245813551
2018-06-05,0.8197104556808487,0.06156508245813551
2018-06-06,0.8197104556808487,0.06156508245813551
2018-06-07,0.8197104556808487,0.06156508245813551
2018-06-08,0.8197104556808487,0.06156508245813551
2018-06-11,0.8197104556808487,0.06156508245813551
2018-06-12,0.8197104556808487,0.06156508245813551
2018-06-13,0.8197104556808487,0.06156508245813551
2018-06-14,0.8197104556808487,0.06156508245813551
2018-06-15,0.8197104556808487,0.06156508245813551
2018-06-18,0.8197104556808487,0.06156508245813551
2018-06-19,0.8197104556808487,0.06156508245813551
2018-06-20,0.8197104556808487,0.06156508245813551
2018-06-21,0.8197104556808487,0.06156508245813551
2018-06-22,0.8197104556808487,0.06156508245813551
2018-06-25,0.8197104556808487,0.06156508245813551
2018-06-26,0.8197104556808487,0.06156508245813551
2018-06-27,0.8197104556808487,0.06156508245813551
2018-06-28,0.8197104556808487,0.06156508245813551
2018-06-29,0.8197104556808487,0.06156508245813551
2018-07-02,0.8197104556808487,0.06156508245813551
2018-07-03,0.7179919926855066,0.11111260126730461
2018-07-04,0.7179919926855066,0.11111260126730461
2018-07-05,0.7179919926855066,0.11111260126730461
2018-07-06,0.7179919926855066,0.11111260126730461
2018-07-09,0.7179919926855066,0.11111260126730461
2018-07-10,0.7179919926855066,0.11111260126730461
2018-07-11,0.7179919926855066,0.11111260126730461
2018-07-12,0.7179919926855066,0.11111260126730461
2018-07-13,0.7179919926855066,0.11111260126730461
2018-07-16,0.7179919926855066,0.11111260126730461
2018-07-17,0.7179919926855066,0.11111260126730461
2018-07-18,0.7179919926855066,0.11111260126730461
2018-07-19,0.7179919926855066,0.11111260126730461
2018-07-20,0.7179919926855066,0.11111260126730461
2018-07-23,0.7179919926855066,0.11111260126730461
2018-07-24,0.7179919926855066,0.11111260126730461
2018-07-25,0.7179919926855066,0.11111260126730461
2018-07-26,0.7179919926855066,0.11111260126730461
2018-07-27,0.7179919926855066,0.11111260126730461
2018-07-30,0.7179919926855066,0.11111260126730461
2018-07-31,0.7179919926855066,0.11111260126730461
2018-08-01,1.108365300860463,0.053568567228805215
2018-08-02,1.108365300860463,0.053568567228805215
2018-08-03,1.108365300860463,0.053568567228805215
2018-08-06,1.108365300860463,0.053568567228805215
2018-08-07,1.108365300860463,0.053568567228805215
2018-08-08,1.108365300860463,0.053568567228805215
2018-08-09,1.108365300860463,0.053568567228805215
2018-08-10,1.108365300860463,0.053568567228805215
2018-08-13,1.108365300860463,0.053568567228805215
2018-08-14,1.108365300860463,0.053568567228805215
2018-08-15,1.108365300860463,0.053568567228805215
2018-08-16,1.108365300860463,0.053568567228805215
2018-08-17,1.108365300860463,0.053568567228805215
2018-08-20,1.108365300860463,0.053568567228805215
2018-08-21,1.108365300860463,0.053568567228805215
2018-08-22,1.108365300860463,0.053568567228805215
2018-08-23,1.108365300860463,0.053568567228805215
2018-08-24,1.108365300860463,0.053568567228805215
2018-08-27,1.108365300860463,0.053568567228805215
2018-08-28,1.108365300860463,0.053568567228805215
2018-08-29,1.108365300860463,0.053568567228805215
2018-08-30,1.108365300860463,0.053568567228805215
2018-08-31,1.108365300860463,0.053568567228805215
2018-09-03,1.0920475252256674,0.05343881193989088
2018-09-04,1.0920475252256674,0.05343881193989088
2018-09-05,1.0920475252256674,0.05343881193989088
2018-09-06,1.0920475252256674,0.05343881193989088
2018-09-07,1.0920475252256674,0.05343881193989088
2018-09-10,1.0920475252256674,0.05343881193989088
2018-09-11,1.0920475252256674,0.05343881193989088
2018-09-12,1.0920475252256674,0.05343881193989088
2018-09-13,1.0920475252256674,0.05343881193989088
2018-09-14,1.0920475252256674,0.05343881193989088
2018-09-17,1.0920475252256674,0.05343881193989088
2018-09-18,1.0920475252256674,0.05343881193989088
2018-09-19,1.0920475252256674,0.05343881193989088
2018-09-20,1.0920475252256674,0.05343881193989088
2018-09-21,1.0920475252256674,0.05343881193989088
2018-09-24,1.0920475252256674,0.05343881193989088
2018-09-25,1.0920475252256674,0.05343881193989088
2018-09-26,1.0920475252256674,0.05343881193989088
2018-09-27,1.0920475252256674,0.05343881193989088
2018-09-28,1.0920475252256674,0.05343881193989088
2018-10-01,1.0920475252256674,0.05343881193989088
2018-10-02,1.2343635147927472,0.04590873185513867
2018-10-03,1.2343635147927472,0.04590873185513867
2018-10-04,1.2343635147927472,0.04590873185513867
2018-10-05,1.2343635147927472,0.04590873185513867
2018-10-08,1.2343635147927472,0.04590873185513867
2018-10-09,1.2343635147927472,0.04590873185513867
2018-10-10,1.2343635147927472,0.04590873185513867
2018-10-11,1.2343635147927472,0.04590873185513867
2018-10-12,1.2343635147927472,0.04590873185513867
2018-10-15,1.2343635147927472,0.04590873185513867
2018-10-16,1.2343635147927472,0.04590873185513867
2018-10-17,1.2343635147927472,0.04590873185513867
2018-10-18,1.2343635147927472,0.04590873185513867
2018-10-19,1.2343635147927472,0.04590873185513867
2018-10-22,1.2343635147927472,0.04590873185513867
2018-10-23,1.2343635147927472,0.04590873185513867
2018-10-24,1.2343635147927472,0.04590873185513867
2018-10-25,1.2343635147927472,0.04590873185513867
2018-10-26,1.2343635147927472,0.04590873185513867
2018-10-29,1.2343635147927472,0.04590873185513867
2018-10-30,1.2343635147927472,0.04590873185513867
2018-10-31,1.2343635147927472,0.04590873185513867
2018-11-01,0.3305077121876351,0.3662800078415242
2018-11-02,0.3305077121876351,0.3662800078415242
2018-11-05,0.3305077121876351,0.3662800078415242
2018-11-06,0.3305077121876351,0.3662800078415242
2018-11-07,0.3305077121876351,0.3662800078415242
2018-11-08,0.3305077121876351,0.3662800078415242
2018-11-09,0.3305077121876351,0.3662800078415242
2018-11-12,0.3305077121876351,0.3662800078415242
2018-11-13,0.3305077121876351,0.3662800078415242
2018-11-14,0.3305077121876351,0.3662800078415242
2018-11-15,0.3305077121876351,0.3662800078415242
2018-11-16,0.3305077121876351,0.3662800078415242
2018-11-19,0.3305077121876351,0.3662800078415242
2018-11-20,0.3305077121876351,0.3662800078415242
2018-11-21,0.3305077121876351,0.3662800078415242
2018-11-22,0.3305077121876351,0.3662800078415242
2018-11-23,0.3305077121876351,0.3662800078415242
2018-11-26,0.3305077121876351,0.3662800078415242
2018-11-27,0.3305077121876351,0.3662800078415242
2018-11-28,0.3305077121876351,0.3662800078415242
2018-11-29,0.3305077121876351,0.3662800078415242
2018-11-30,0.3305077121876351,0.3662800078415242
2018-12-03,0.4274809632913548,0.2772519506593002
2018-12-04,0.4274809632913548,0.2772519506593002
2018-12-05,0.4274809632913548,0.2772519506593002
2018-12-06,0.4274809632913548,0.2772519506593002
2018-12-07,0.4274809632913548,0.2772519506593002
2018-12-10,0.4274809632913548,0.2772519506593002
2018-12-11,0.4274809632913548,0.2772519506593002
2018-12-12,0.4274809632913548,0.2772519506593002
2018-12-13,0.4274809632913548,0.2772519506593002
2018-12-14,0.4274809632913548,0.2772519506593002
2018-12-17,0.4274809632913548,0.2772519506593002
2018-12-18,0.4274809632913548,0.2772519506593002
2018-12-19,0.4274809632913548,0.2772519506593002
2018-12-20,0.4274809632913548,0.2772519506593002
2018-12-21,0.4274809632913548,0.2772519506593002
2018-12-24,0.4274809632913548,0.2772519506593002
2018-12-25,0.4274809632913548,0.2772519506593002
2018-12-26,0.4274809632913548,0.2772519506593002
2018-12-27,0.4274809632913548,0.2772519506593002
2018-12-28,0.4274809632913548,0.2772519506593002
2018-12-31,0.4274809632913548,0.2772519506593002
2019-01-01,0.36839512938624014,0.5345848838055441
2019-01-02,0.36839512938624014,0.5345848838055441
2019-01-03,0.36839512938624014,0.5345848838055441
2019-01-04,0.36839512938624014,0.5345848838055441
2019-01-07,0.36839512938624014,0.5345848838055441
2019-01-08,0.36839512938624014,0.5345848838055441
2019-01-09,0.36839512938624014,0.5345848838055441
2019-01-10,0.36839512938624014,0.5345848838055441
2019-01-11,0.36839512938624014,0.5345848838055441
2019-01-14,0.36839512938624014,0.5345848838055441
2019-01-15,0.36839512938624014,0.5345848838055441
2019-01-16,0.36839512938624014,0.5345848838055441
2019-01-17,0.36839512938624014,0.5345848838055441
2019-01-18,0.36839512938624014,0.5345848838055441
2019-01-21,0.36839512938624014,0.5345848838055441
2019-01-22,0.36839512938624014,0.5345848838055441
2019-01-23,0.36839512938624014,0.5345848838055441
2019-01-24,0.36839512938624014,0.5345848838055441
2019-01-25,0.36839512938624014,0.5345848838055441
2019-01-28,0.36839512938624014,0.5345848838055441
2019-01-29,0.36839512938624014,0.5345848838055441
2019-01-30,0.36839512938624014,0.5345848838055441
2019-01-31,0.36839512938624014,0.5345848838055441
2019-02-01,0.5636195046310095,0.1553623067844547
2019-02-04,0.5636195046310095,0.1553623067844547
2019-02-05,0.5636195046310095,0.1553623067844547
2019-02-06,0.5636195046310095,0.1553623067844547
2019-02-07,0.5636195046310095,0.1553623067844547
2019-02-08,0.5636195046310095,0.1553623067844547
2019-02-11,0.5636195046310095,0.1553623067844547
2019-02-12,0.5636195046310095,0.1553623067844547
2019-02-13,0.5636195046310095,0.1553623067844547
2019-02-14,0.5636195046310095,0.1553623067844547
2019-02-15,0.5636195046310095,0.1553623067844547
2019-02-18,0.5636195046310095,0.1553623067844547
2019-02-19,0.5636195046310095,0.1553623067844547
2019-02-20,0.5636195046310095,0.1553623067844547
2019-02-21,0.5636195046310095,0.1553623067844547
2019-02-22,0.5636195046310095,0.1553623067844547
2019-02-25,0.5636195046310095,0.1553623067844547
2019-02-26,0.5636195046310095,0.1553623067844547
2019-02-27,0.5636195046310095,0.1553623067844547
2019-02-28,0.5636195046310095,0.1553623067844547
2019-03-01,0.8037404837585977,0.09629296208257915
2019-03-04,0.8037404837585977,0.09629296208257915
2019-03-05,0.8037404837585977,0.09629296208257915
2019-03-06,0.8037404837585977,0.09629296208257915
2019-03-07,0.8037404837585977,0.09629296208257915
2019-03-08,0.8037404837585977,0.09629296208257915
2019-03-11,0.8037404837585977,0.09629296208257915
2019-03-12,0.8037404837585977,0.09629296208257915
2019-03-13,0.8037404837585977,0.09629296208257915
2019-03-14,0.8037404837585977,0.09629296208257915
2019-03-15,0.8037404837585977,0.09629296208257915
2019-03-18,0.8037404837585977,0.09629296208257915
2019-03-19,0.8037404837585977,0.09629296208257915
2019-03-20,0.8037404837585977,0.09629296208257915
2019-03-21,0.8037404837585977,0.09629296208257915
2019-03-22,0.8037404837585977,0.09629296208257915
2019-03-25,0.8037404837585977,0.09629296208257915
2019-03-26,0.8037404837585977,0.09629296208257915
2019-03-27,0.8037404837585977,0.09629296208257915
2019-03-28,0.8037404837585977,0.09629296208257915
2019-03-29,0.8037404837585977,0.09629296208257915
2019-04-01,0.8037404837585977,0.09629296208257915
2019-04-02,0.9508377911018812,0.0648350389378847
2019-04-03,0.9508377911018812,0.0648350389378847
2019-04-04,0.9508377911018812,0.0648350389378847
2019-04-05,0.9508377911018812,0.0648350389378847
2019-04-08,0.9508377911018812,0.0648350389378847
2019-04-09,0.9508377911018812,0.0648350389378847
2019-04-10,0.9508377911018812,0.0648350389378847
2019-04-11,0.9508377911018812,0.0648350389378847
2019-04-12,0.9508377911018812,0.0648350389378847
2019-04-15,0.9508377911018812,0.0648350389378847
2019-04-16,0.9508377911018812,0.0648350389378847
2019-04-17,0.9508377911018812,0.0648350389378847
2019-04-18,0.9508377911018812,0.0648350389378847
2019-04-19,0.9508377911018812,0.0648350389378847
2019-04-22,0.9508377911018812,0.0648350389378847
2019-04-23,0.9508377911018812,0.0648350389378847
2019-04-24,0.9508377911018812,0.0648350389378847
2019-04-25,0.9508377911018812,0.0648350389378847
2019-04-26,0.9508377911018812,0.0648350389378847
2019-04-29,0.9508377911018812,0.0648350389378847
2019-04-30,0.9508377911018812,0.0648350389378847
2019-05-01,1.104140991110965,0.08173940447780999
2019-05-02,1.104140991110965,0.08173940447780999
2019-05-03,1.104140991110965,0.08173940447780999
2019-05-06,1.104140991110965,0.08173940447780999
2019-05-07,1.104140991110965,0.08173940447780999
2019-05-08,1.104140991110965,0.08173940447780999
2019-05-09,1.104140991110965,0.08173940447780999
2019-05-10,1.104140991110965,0.08173940447780999
2019-05-13,1.104140991110965,0.08173940447780999
2019-05-14,1.104140991110965,0.08173940447780999
2019-05-15,1.104140991110965,0.08173940447780999
2019-05-16,1.104140991110965,0.08173940447780999
2019-05-17,1.104140991110965,0.08173940447780999
2019-05-20,1.104140991110965,0.08173940447780999
2019-05-21,1.104140991110965,0.08173940447780999
2019-05-22,1.104140991110965,0.08173940447780999
2019-05-23,1.104140991110965,0.08173940447780999
2019-05-24,1.104140991110965,0.08173940447780999
2019-05-27,1.104140991110965,0.08173940447780999
2019-05-28,1.104140991110965,0.08173940447780999
2019-05-29,1.104140991110965,0.08173940447780999
2019-05-30,1.104140991110965,0.08173940447780999
2019-05-31,1.104140991110965,0.08173940447780999
2019-06-03,0.45880783451844476,0.2826362347070648
2019-06-04,0.45880783451844476,0.2826362347070648
2019-06-05,0.45880783451844476,0.2826362347070648
2019-06-06,0.45880783451844476,0.2826362347070648
2019-06-07,0.45880783451844476,0.2826362347070648
2019-06-10,0.45880783451844476,0.2826362347070648
2019-06-11,0.45880783451844476,0.2826362347070648
2019-06-12,0.45880783451844476,0.2826362347070648
2019-06-13,0.45880783451844476,0.2826362347070648
2019-06-14,0.45880783451844476,0.2826362347070648
2019-06-17,0.45880783451844476,0.2826362347070648
2019-06-18,0.45880783451844476,0.2826362347070648
2019-06-19,0.45880783451844476,0.2826362347070648
2019-06-20,0.45880783451844476,0.2826362347070648
2019-06-21,0.45880783451844476,0.2826362347070648
2019-06-24,0.45880783451844476,0.2826362347070648
2019-06-25,0.45880783451844476,0.2826362347070648
2019-06-26,0.45880783451844476,0.2826362347070648
2019-06-27,0.45880783451844476,0.2826362347070648
2019-06-28,0.45880783451844476,0.2826362347070648
2019-07-01,0.45880783451844476,0.2826362347070648
2019-07-02,0.9056264166948226,0.18697448480578047
2019-07-03,0.9056264166948226,0.18697448480578047
2019-07-04,0.9056264166948226,0.18697448480578047
2019-07-05,0.9056264166948226,0.18697448480578047
2019-07-08,0.9056264166948226,0.18697448480578047
2019-07-09,0.9056264166948226,0.18697448480578047
2019-07-10,0.9056264166948226,0.18697448480578047
2019-07-11,0.9056264166948226,0.18697448480578047
2019-07-12,0.9056264166948226,0.18697448480578047
2019-07-15,0.9056264166948226,0.18697448480578047
2019-07-16,0.9056264166948226,0.18697448480578047
2019-07-17,0.9056264166948226,0.18697448480578047
2019-07-18,0.9056264166948226,0.18697448480578047
2019-07-19,0.9056264166948226,0.18697448480578047
2019-07-22,0.9056264166948226,0.18697448480578047
2019-07-23,0.9056264166948226,0.18697448480578047
2019-07-24,0.9056264166948226,0.18697448480578047
2019-07-25,0.9056264166948226,0.18697448480578047
2019-07-26,0.9056264166948226,0.18697448480578047
2019-07-29,0.9056264166948226,0.18697448480578047
2019-07-30,0.9056264166948226,0.18697448480578047
2019-07-31,0.9056264166948226,0.18697448480578047
2019-08-01,0.8926708620916808,0.24958704434602977
2019-08-02,0.8926708620916808,0.24958704434602977
2019-08-05,0.8926708620916808,0.24958704434602977
2019-08-06,0.8926708620916808,0.24958704434602977
2019-08-07,0.8926708620916808,0.24958704434602977
2019-08-08,0.8926708620916808,0.24958704434602977
2019-08-09,0.8926708620916808,0.24958704434602977
2019-08-12,0.8926708620916808,0.24958704434602977
2019-08-13,0.8926708620916808,0.24958704434602977
2019-08-14,0.8926708620916808,0.24958704434602977
2019-08-15,0.8926708620916808,0.24958704434602977
2019-08-16,0.8926708620916808,0.24958704434602977
2019-08-19,0.8926708620916808,0.24958704434602977
2019-08-20,0.8926708620916808,0.24958704434602977
2019-08-21,0.8926708620916808,0.24958704434602977
2019-08-22,0.8926708620916808,0.24958704434602977
2019-08-23,0.8926708620916808,0.24958704434602977
2019-08-26,0.8926708620916808,0.24958704434602977
2019-08-27,0.8926708620916808,0.24958704434602977
2019-08-28,0.8926708620916808,0.24958704434602977
2019-08-29,0.8926708620916808,0.24958704434602977
2019-08-30,0.8926708620916808,0.24958704434602977
2019-09-02,0.8926708620916808,0.24958704434602977
2019-09-03,0.5546888740334572,0.3902380224547411
2019-09-04,0.5546888740334572,0.3902380224547411
2019-09-05,0.5546888740334572,0.3902380224547411
2019-09-06,0.5546888740334572,0.3902380224547411
2019-09-09,0.5546888740334572,0.3902380224547411
2019-09-10,0.5546888740334572,0.3902380224547411
2019-09-11,0.5546888740334572,0.3902380224547411
2019-09-12,0.5546888740334572,0.3902380224547411
2019-09-13,0.5546888740334572,0.3902380224547411
2019-09-16,0.5546888740334572,0.3902380224547411
2019-09-17,0.5546888740334572,0.3902380224547411
2019-09-18,0.5546888740334572,0.3902380224547411
2019-09-19,0.5546888740334572,0.3902380224547411
2019-09-20,0.5546888740334572,0.3902380224547411
2019-09-23,0.5546888740334572,0.3902380224547411
2019-09-24,0.5546888740334572,0.3902380224547411
2019-09-25,0.5546888740334572,0.3902380224547411
2019-09-26,0.5546888740334572,0.3902380224547411
2019-09-27,0.5546888740334572,0.3902380224547411
2019-09-30,0.5546888740334572,0.3902380224547411
2019-10-01,0.8227599894960282,0.2694424045104761
2019-10-02,0.8227599894960282,0.2694424045104761
2019-10-03,0.8227599894960282,0.2694424045104761
2019-10-04,0.8227599894960282,0.2694424045104761
2019-10-07,0.8227599894960282,0.2694424045104761
2019-10-08,0.8227599894960282,0.2694424045104761
2019-10-09,0.8227599894960282,0.2694424045104761
2019-10-10,0.8227599894960282,0.2694424045104761
2019-10-11,0.8227599894960282,0.2694424045104761
2019-10-14,0.8227599894960282,0.2694424045104761
2019-10-15,0.8227599894960282,0.2694424045104761
2019-10-16,0.8227599894960282,0.2694424045104761
2019-10-17,0.8227599894960282,0.2694424045104761
2019-10-18,0.8227599894960282,0.2694424045104761
2019-10-21,0.8227599894960282,0.2694424045104761
2019-10-22,0.8227599894960282,0.2694424045104761
2019-10-23,0.8227599894960282,0.2694424045104761
2019-10-24,0.8227599894960282,0.2694424045104761
2019-10-25,0.8227599894960282,0.2694424045104761
2019-10-28,0.8227599894960282,0.2694424045104761
2019-10-29,0.8227599894960282,0.2694424045104761
2019-10-30,0.8227599894960282,0.2694424045104761
2019-10-31,0.8227599894960282,0.2694424045104761
2019-11-01,1.123605128749199,0.14084948230429184
2019-11-04,1.123605128749199,0.14084948230429184
2019-11-05,1.123605128749199,0.14084948230429184
2019-11-06,1.123605128749199,0.14084948230429184
2019-11-07,1.123605128749199,0.14084948230429184
2019-11-08,1.123605128749199,0.14084948230429184
2019-11-11,1.123605128749199,0.14084948230429184
2019-11-12,1.123605128749199,0.14084948230429184
2019-11-13,1.123605128749199,0.14084948230429184
2019-11-14,1.123605128749199,0.14084948230429184
2019-11-15,1.123605128749199,0.14084948230429184
2019-11-18,1.123605128749199,0.14084948230429184
2019-11-19,1.123605128749199,0.14084948230429184
2019-11-20,1.123605128749199,0.14084948230429184
2019-11-21,1.123605128749199,0.14084948230429184
2019-11-22,1.123605128749199,0.14084948230429184
2019-11-25,1.123605128749199,0.14084948230429184
2019-11-26,1.123605128749199,0.14084948230429184
2019-11-27,1.123605128749199,0.14084948230429184
2019-11-28,1.123605128749199,0.14084948230429184
2019-11-29,1.123605128749199,0.14084948230429184
2019-12-02,1.123605128749199,0.14084948230429184
2019-12-03,1.255620914867025,0.1603950679833611
2019-12-04,1.255620914867025,0.1603950679833611
2019-12-05,1.255620914867025,0.1603950679833611
2019-12-06,1.255620914867025,0.1603950679833611
2019-12-09,1.255620914867025,0.1603950679833611
2019-12-10,1.255620914867025,0.1603950679833611
2019-12-11,1.255620914867025,0.1603950679833611
2019-12-12,1.255620914867025,0.1603950679833611
2019-12-13,1.255620914867025,0.1603950679833611
2019-12-16,1.255620914867025,0.1603950679833611
2019-12-17,1.255620914867025,0.1603950679833611
2019-12-18,1.255620914867025,0.1603950679833611
2019-12-19,1.255620914867025,0.1603950679833611
2019-12-20,1.255620914867025,0.1603950679833611
2019-12-23,1.255620914867025,0.1603950679833611
2019-12-24,1.255620914867025,0.1603950679833611
2019-12-25,1.255620914867025,0.1603950679833611
2019-12-26,1.255620914867025,0.1603950679833611
2019-12-27,1.255620914867025,0.1603950679833611
2019-12-30,1.255620914867025,0.1603950679833611
2019-12-31,1.255620914867025,0.1603950679833611
2020-01-01,1.26809800321249,0.25598422536044485
2020-01-02,1.26809800321249,0.25598422536044485
2020-01-03,1.26809800321249,0.25598422536044485
2020-01-06,1.26809800321249,0.25598422536044485
2020-01-07,1.26809800321249,0.25598422536044485
2020-01-08,1.26809800321249,0.25598422536044485
2020-01-09,1.26809800321249,0.25598422536044485
2020-01-10,1.26809800321249,0.25598422536044485
2020-01-13,1.26809800321249,0.25598422536044485
2020-01-14,1.26809800321249,0.25598422536044485
2020-01-15,1.26809800321249,0.25598422536044485
2020-01-16,1.26809800321249,0.25598422536044485
2020-01-17,1.26809800321249,0.25598422536044485
2020-01-20,1.26809800321249,0.25598422536044485
2020-01-21,1.26809800321249,0.25598422536044485
2020-01-22,1.26809800321249,0.25598422536044485
2020-01-23,1.26809800321249,0.25598422536044485
2020-01-24,1.26809800321249,0.25598422536044485
2020-01-27,1.26809800321249,0.25598422536044485
2020-01-28,1.26809800321249,0.25598422536044485
2020-01-29,1.26809800321249,0.25598422536044485
2020-01-30,1.26809800321249,0.25598422536044485
2020-01-31,1.26809800321249,0.25598422536044485
2020-02-03,0.7998654383004085,0.5349916423360154
2020-02-04,0.7998654383004085,0.5349916423360154
2020-02-05,0.7998654383004085,0.5349916423360154
2020-02-06,0.7998654383004085,0.5349916423360154
2020-02-07,0.7998654383004085,0.5349916423360154
2020-02-10,0.7998654383004085,0.5349916423360154
2020-02-11,0.7998654383004085,0.5349916423360154
2020-02-12,0.7998654383004085,0.5349916423360154
2020-02-13,0.7998654383004085,0.5349916423360154
2020-02-14,0.7998654383004085,0.5349916423360154
2020-02-17,0.7998654383004085,0.5349916423360154
2020-02-18,0.7998654383004085,0.5349916423360154
2020-02-19,0.7998654383004085,0.5349916423360154
2020-02-20,0.7998654383004085,0.5349916423360154
2020-02-21,0.7998654383004085,0.5349916423360154
2020-02-24,0.7998654383004085,0.5349916423360154
2020-02-25,0.7998654383004085,0.5349916423360154
2020-02-26,0.7998654383004085,0.5349916423360154
2020-02-27,0.7998654383004085,0.5349916423360154
2020-02-28,0.7998654383004085,0.5349916423360154
2020-03-02,0.7998654383004085,0.5349916423360154
2020-03-03,1.1719446221351522,1.533026903137837
2020-03-04,1.1719446221351522,1.533026903137837
2020-03-05,1.1719446221351522,1.533026903137837
2020-03-06,1.1719446221351522,1.533026903137837
2020-03-09,1.1719446221351522,1.533026903137837
2020-03-10,1.1719446221351522,1.533026903137837
2020-03-11,1.1719446221351522,1.533026903137837
2020-03-12,1.1719446221351522,1.533026903137837
2020-03-13,1.1719446221351522,1.533026903137837
2020-03-16,1.1719446221351522,1.533026903137837
2020-03-17,1.1719446221351522,1.533026903137837
2020-03-18,1.1719446221351522,1.533026903137837
2020-03-19,1.1719446221351522,1.533026903137837
2020-03-20,1.1719446221351522,1.533026903137837
2020-03-23,1.1719446221351522,1.533026903137837
2020-03-24,1.1719446221351522,1.533026903137837
2020-03-25,1.1719446221351522,1.533026903137837
2020-03-26,1.1719446221351522,1.533026903137837
2020-03-27,1.1719446221351522,1.533026903137837
2020-03-30,1.1719446221351522,1.533026903137837
2020-03-31,1.1719446221351522,1.533026903137837
2020-04-01,3.8871332534210223,2.420059074515411
2020-04-02,3.8871332534210223,2.420059074515411
2020-04-03,3.8871332534210223,2.420059074515411
2020-04-06,3.8871332534210223,2.420059074515411
2020-04-07,3.8871332534210223,2.420059074515411
2020-04-08,3.8871332534210223,2.420059074515411
2020-04-09,3.8871332534210223,2.420059074515411
2020-04-10,3.8871332534210223,2.420059074515411
2020-04-13,3.8871332534210223,2.420059074515411
2020-04-14,3.8871332534210223,2.420059074515411
2020-04-15,3.8871332534210223,2.420059074515411
2020-04-16,3.8871332534210223,2.420059074515411
2020-04-17,3.8871332534210223,2.420059074515411
2020-04-20,3.8871332534210223,2.420059074515411
2020-04-21,3.8871332534210223,2.420059074515411
2020-04-22,3.8871332534210223,2.420059074515411
2020-04-23,3.8871332534210223,2.420059074515411
2020-04-24,3.8871332534210223,2.420059074515411
2020-04-27,3.8871332534210223,2.420059074515411
2020-04-28,3.8871332534210223,2.420059074515411
2020-04-29,3.8871332534210223,2.420059074515411
2020-04-30,3.8871332534210223,2.420059074515411
2020-05-01,1.474346275015305,1.3997509032125632
2020-05-04,1.474346275015305,1.3997509032125632
2020-05-05,1.474346275015305,1.3997509032125632
2020-05-06,1.474346275015305,1.3997509032125632
2020-05-07,1.474346275015305,1.3997509032125632
2020-05-08,1.474346275015305,1.3997509032125632
2020-05-11,1.474346275015305,1.3997509032125632
2020-05-12,1.474346275015305,1.3997509032125632
2020-05-13,1.474346275015305,1.3997509032125632
2020-05-14,1.474346275015305,1.3997509032125632
2020-05-15,1.474346275015305,1.3997509032125632
2020-05-18,1.474346275015305,1.3997509032125632
2020-05-19,1.474346275015305,1.3997509032125632
2020-05-20,1.474346275015305,1.3997509032125632
2020-05-21,1.474346275015305,1.3997509032125632
2020-05-22,1.474346275015305,1.3997509032125632
2020-05-25,1.474346275015305,1.3997509032125632
2020-05-26,1.474346275015305,1.3997509032125632
2020-05-27,1.474346275015305,1.3997509032125632
2020-05-28,1.474346275015305,1.3997509032125632
2020-05-29,1.474346275015305,1.3997509032125632
2020-06-01,1.474346275015305,1.3997509032125632
2020-06-02,0.6371104639546462,1.0613390148978727
2020-06-03,0.6371104639546462,1.0613390148978727
2020-06-04,0.6371104639546462,1.0613390148978727
2020-06-05,0.6371104639546462,1.0613390148978727
2020-06-08,0.6371104639546462,1.0613390148978727
2020-06-09,0.6371104639546462,1.0613390148978727
2020-06-10,0.6371104639546462,1.0613390148978727
2020-06-11,0.6371104639546462,1.0613390148978727
2020-06-12,0.6371104639546462,1.0613390148978727
2020-06-15,0.6371104639546462,1.0613390148978727
2020-06-16,0.6371104639546462,1.0613390148978727
2020-06-17,0.6371104639546462,1.0613390148978727
2020-06-18,0.6371104639546462,1.0613390148978727
2020-06-19,0.6371104639546462,1.0613390148978727
2020-06-22,0.6371104639546462,1.0613390148978727
2020-06-23,0.6371104639546462,1.0613390148978727
2020-06-24,0.6371104639546462,1.0613390148978727
2020-06-25,0.6371104639546462,1.0613390148978727
2020-06-26,0.6371104639546462,1.0613390148978727
2020-06-29,0.6371104639546462,1.0613390148978727
2020-06-30,0.6371104639546462,1.0613390148978727
2020-07-01,0.6252587149616586,1.189310830079499
2020-07-02,0.6252587149616586,1.189310830079499
2020-07-03,0.6252587149616586,1.189310830079499
2020-07-06,0.6252587149616586,1.189310830079499
2020-07-07,0.6252587149616586,1.189310830079499
2020-07-08,0.6252587149616586,1.189310830079499
2020-07-09,0.6252587149616586,1.189310830079499
2020-07-10,0.6252587149616586,1.189310830079499
2020-07-13,0.6252587149616586,1.189310830079499
2020-07-14,0.6252587149616586,1.189310830079499
2020-07-15,0.6252587149616586,1.189310830079499
2020-07-16,0.6252587149616586,1.189310830079499
2020-07-17,0.6252587149616586,1.189310830079499
2020-07-20,0.6252587149616586,1.189310830079499
2020-07-21,0.6252587149616586,1.189310830079499
2020-07-22,0.6252587149616586,1.189310830079499
2020-07-23,0.6252587149616586,1.189310830079499
2020-07-24,0.6252587149616586,1.189310830079499
2020-07-27,0.6252587149616586,1.189310830079499
2020-07-28,0.6252587149616586,1.189310830079499
2020-07-29,0.6252587149616586,1.189310830079499
2020-07-30,0.6252587149616586,1.189310830079499
2020-07-31,0.6252587149616586,1.189310830079499
2020-08-03,0.07957978627462259,0.9436072958282948
2020-08-04,0.07957978627462259,0.9436072958282948
2020-08-05,0.07957978627462259,0.9436072958282948
2020-08-06,0.07957978627462259,0.9436072958282948
2020-08-07,0.07957978627462259,0.9436072958282948
2020-08-10,0.07957978627462259,0.9436072958282948
2020-08-11,0.07957978627462259,0.9436072958282948
2020-08-12,0.07957978627462259,0.9436072958282948
2020-08-13,0.07957978627462259,0.9436072958282948
2020-08-14,0.07957978627462259,0.9436072958282948
2020-08-17,0.07957978627462259,0.9436072958282948
2020-08-18,0.07957978627462259,0.9436072958282948
2020-08-19,0.07957978627462259,0.9436072958282948
2020-08-20,0.07957978627462259,0.9436072958282948
2020-08-21,0.07957978627462259,0.9436072958282948
2020-08-24,0.07957978627462259,0.9436072958282948
2020-08-25,0.07957978627462259,0.9436072958282948
2020-08-26,0.07957978627462259,0.9436072958282948
2020-08-27,0.07957978627462259,0.9436072958282948
2020-08-28,0.07957978627462259,0.9436072958282948
2020-08-31,0.07957978627462259,0.9436072958282948
2020-09-01,0.06299522019601655,1.1778779282015548
2020-09-02,0.06299522019601655,1.1778779282015548
2020-09-03,0.06299522019601655,1.1778779282015548
2020-09-04,0.06299522019601655,1.1778779282015548
2020-09-07,0.06299522019601655,1.1778779282015548
2020-09-08,0.06299522019601655,1.1778779282015548
2020-09-09,0.06299522019601655,1.1778779282015548
2020-09-10,0.06299522019601655,1.1778779282015548
2020-09-11,0.06299522019601655,1.1778779282015548
2020-09-14,0.06299522019601655,1.1778779282015548
2020-09-15,0.06299522019601655,1.1778779282015548
2020-09-16,0.06299522019601655,1.1778779282015548
2020-09-17,0.06299522019601655,1.1778779282015548
2020-09-18,0.06299522019601655,1.1778779282015548
2020-09-21,0.06299522019601655,1.1778779282015548
2020-09-22,0.06299522019601655,1.1778779282015548
2020-09-23,0.06299522019601655,1.1778779282015548
2020-09-24,0.06299522019601655,1.1778779282015548
2020-09-25,0.06299522019601655,1.1778779282015548
2020-09-28,0.06299522019601655,1.1778779282015548
2020-09-29,0.06299522019601655,1.1778779282015548
2020-09-30,0.06299522019601655,1.1778779282015548
2020-10-01,0.08646353487889917,1.101908838581662
2020-10-02,0.08646353487889917,1.101908838581662
2020-10-05,0.08646353487889917,1.101908838581662
2020-10-06,0.08646353487889917,1.101908838581662
2020-10-07,0.08646353487889917,1.101908838581662
2020-10-08,0.08646353487889917,1.101908838581662
2020-10-09,0.08646353487889917,1.101908838581662
2020-10-12,0.08646353487889917,1.101908838581662
2020-10-13,0.08646353487889917,1.101908838581662
2020-10-14,0.08646353487889917,1.101908838581662
2020-10-15,0.08646353487889917,1.101908838581662
2020-10-16,0.08646353487889917,1.101908838581662
2020-10-19,0.08646353487889917,1.101908838581662
2020-10-20,0.08646353487889917,1.101908838581662
2020-10-21,0.08646353487889917,1.101908838581662
2020-10-22,0.08646353487889917,1.101908838581662
2020-10-23,0.08646353487889917,1.101908838581662
2020-10-26,0.08646353487889917,1.101908838581662
2020-10-27,0.08646353487889917,1.101908838581662
2020-10-28,0.08646353487889917,1.101908838581662
2020-10-29,0.08646353487889917,1.101908838581662
2020-10-30,0.08646353487889917,1.101908838581662
2020-11-02,0.08646353487889917,1.101908838581662
2020-11-03,0.9483683088207369,1.6358412607109492
2020-11-04,0.9483683088207369,1.6358412607109492
2020-11-05,0.9483683088207369,1.6358412607109492
2020-11-06,0.9483683088207369,1.6358412607109492
2020-11-09,0.9483683088207369,1.6358412607109492
2020-11-10,0.9483683088207369,1.6358412607109492
2020-11-11,0.9483683088207369,1.6358412607109492
2020-11-12,0.9483683088207369,1.6358412607109492
2020-11-13,0.9483683088207369,1.6358412607109492
2020-11-16,0.9483683088207369,1.6358412607109492
2020-11-17,0.9483683088207369,1.6358412607109492
2020-11-18,0.9483683088207369,1.6358412607109492
2020-11-19,0.9483683088207369,1.6358412607109492
2020-11-20,0.9483683088207369,1.6358412607109492
2020-11-23,0.9483683088207369,1.6358412607109492
2020-11-24,0.9483683088207369,1.6358412607109492
2020-11-25,0.9483683088207369,1.6358412607109492
2020-11-26,0.9483683088207369,1.6358412607109492
2020-11-27,0.9483683088207369,1.6358412607109492
2020-11-30,0.9483683088207369,1.6358412607109492
2020-12-01,0.7531206252921935,0.8876304579865356
2020-12-02,0.7531206252921935,0.8876304579865356
2020-12-03,0.7531206252921935,0.8876304579865356
2020-12-04,0.7531206252921935,0.8876304579865356
2020-12-07,0.7531206252921935,0.8876304579865356
2020-12-08,0.7531206252921935,0.8876304579865356
2020-12-09,0.7531206252921935,0.8876304579865356
2020-12-10,0.7531206252921935,0.8876304579865356
2020-12-11,0.7531206252921935,0.8876304579865356
2020-12-14,0.7531206252921935,0.8876304579865356
2020-12-15,0.7531206252921935,0.8876304579865356
2020-12-16,0.7531206252921935,0.8876304579865356
2020-12-17,0.7531206252921935,0.8876304579865356
2020-12-18,0.7531206252921935,0.8876304579865356
2020-12-21,0.7531206252921935,0.8876304579865356
2020-12-22,0.7531206252921935,0.8876304579865356
2020-12-23,0.7531206252921935,0.8876304579865356
2020-12-24,0.7531206252921935,0.8876304579865356
2020-12-25,0.7531206252921935,0.8876304579865356
2020-12-28,0.7531206252921935,0.8876304579865356
2020-12-29,0.7531206252921935,0.8876304579865356
2020-12-30,0.7531206252921935,0.8876304579865356
2020-12-31,0.7531206252921935,0.8876304579865356
2021-01-01,0.7034904574018788,1.066075373388011
2021-01-04,0.7034904574018788,1.066075373388011
2021-01-05,0.7034904574018788,1.066075373388011
2021-01-06,0.7034904574018788,1.066075373388011
2021-01-07,0.7034904574018788,1.066075373388011
2021-01-08,0.7034904574018788,1.066075373388011
2021-01-11,0.7034904574018788,1.066075373388011
2021-01-12,0.7034904574018788,1.066075373388011
2021-01-13,0.7034904574018788,1.066075373388011
2021-01-14,0.7034904574018788,1.066075373388011
2021-01-15,0.7034904574018788,1.066075373388011
2021-01-18,0.7034904574018788,1.066075373388011
2021-01-19,0.7034904574018788,1.066075373388011
2021-01-20,0.7034904574018788,1.066075373388011
2021-01-21,0.7034904574018788,1.066075373388011
2021-01-22,0.7034904574018788,1.066075373388011
2021-01-25,0.7034904574018788,1.066075373388011
2021-01-26,0.7034904574018788,1.066075373388011
2021-01-27,0.7034904574018788,1.066075373388011
2021-01-28,0.7034904574018788,1.066075373388011
2021-01-29,0.7034904574018788,1.066075373388011
2021-02-01,0.7034904574018788,1.066075373388011
2021-02-02,0.13810303718783526,1.5813895597683663
2021-02-03,0.13810303718783526,1.5813895597683663
2021-02-04,0.13810303718783526,1.5813895597683663
2021-02-05,0.13810303718783526,1.5813895597683663
2021-02-08,0.13810303718783526,1.5813895597683663
2021-02-09,0.13810303718783526,1.5813895597683663
2021-02-10,0.13810303718783526,1.5813895597683663
2021-02-11,0.13810303718783526,1.5813895597683663
2021-02-12,0.13810303718783526,1.5813895597683663
2021-02-15,0.13810303718783526,1.5813895597683663
2021-02-16,0.13810303718783526,1.5813895597683663
2021-02-17,0.13810303718783526,1.5813895597683663
2021-02-18,0.13810303718783526,1.5813895597683663
2021-02-19,0.13810303718783526,1.5813895597683663
2021-02-22,0.13810303718783526,1.5813895597683663
2021-02-23,0.13810303718783526,1.5813895597683663
2021-02-24,0.13810303718783526,1.5813895597683663
2021-02-25,0.13810303718783526,1.5813895597683663
2021-02-26,0.13810303718783526,1.5813895597683663
2021-03-01,0.13810303718783526,1.5813895597683663
2021-03-02,0.3751749584493941,1.3571104210949039
2021-03-03,0.3751749584493941,1.3571104210949039
2021-03-04,0.3751749584493941,1.3571104210949039
2021-03-05,0.3751749584493941,1.3571104210949039
2021-03-08,0.3751749584493941,1.3571104210949039
2021-03-09,0.3751749584493941,1.3571104210949039
2021-03-10,0.3751749584493941,1.3571104210949039
2021-03-11,0.3751749584493941,1.3571104210949039
2021-03-12,0.3751749584493941,1.3571104210949039
2021-03-15,0.3751749584493941,1.3571104210949039
2021-03-16,0.3751749584493941,1.3571104210949039
2021-03-17,0.3751749584493941,1.3571104210949039
2021-03-18,0.3751749584493941,1.3571104210949039
2021-03-19,0.3751749584493941,1.3571104210949039
2021-03-22,0.3751749584493941,1.3571104210949039
2021-03-23,0.3751749584493941,1.3571104210949039
2021-03-24,0.3751749584493941,1.3571104210949039
2021-03-25,0.3751749584493941,1.3571104210949039
2021-03-26,0.3751749584493941,1.3571104210949039
2021-03-29,0.3751749584493941,1.3571104210949039
2021-03-30,0.3751749584493941,1.3571104210949039
2021-03-31,0.3751749584493941,1.3571104210949039
2021-04-01,1.1104425187066211,1.008262165383779
2021-04-02,1.1104425187066211,1.008262165383779
2021-04-05,1.1104425187066211,1.008262165383779
2021-04-06,1.1104425187066211,1.008262165383779
2021-04-07,1.1104425187066211,1.008262165383779
2021-04-08,1.1104425187066211,1.008262165383779
2021-04-09,1.1104425187066211,1.008262165383779
2021-04-12,1.1104425187066211,1.008262165383779
2021-04-13,1.1104425187066211,1.008262165383779
2021-04-14,1.1104425187066211,1.008262165383779
2021-04-15,1.1104425187066211,1.008262165383779
2021-04-16,1.1104425187066211,1.008262165383779
2021-04-19,1.1104425187066211,1.008262165383779
2021-04-20,1.1104425187066211,1.008262165383779
2021-04-21,1.1104425187066211,1.008262165383779
2021-04-22,1.1104425187066211,1.008262165383779
2021-04-23,1.1104425187066211,1.008262165383779
2021-04-26,1.1104425187066211,1.008262165383779
2021-04-27,1.1104425187066211,1.008262165383779
2021-04-28,1.1104425187066211,1.008262165383779
2021-04-29,1.1104425187066211,1.008262165383779
2021-04-30,1.1104425187066211,1.008262165383779
2021-05-03,1.2497470826737322,1.0965726800100333
2021-05-04,1.2497470826737322,1.0965726800100333
2021-05-05,1.2497470826737322,1.0965726800100333
2021-05-06,1.2497470826737322,1.0965726800100333
2021-05-07,1.2497470826737322,1.0965726800100333
2021-05-10,1.2497470826737322,1.0965726800100333
2021-05-11,1.2497470826737322,1.0965726800100333
2021-05-12,1.2497470826737322,1.0965726800100333
2021-05-13,1.2497470826737322,1.0965726800100333
2021-05-14,1.2497470826737322,1.0965726800100333
2021-05-17,1.2497470826737322,1.0965726800100333
2021-05-18,1.2497470826737322,1.0965726800100333
2021-05-19,1.2497470826737322,1.0965726800100333
2021-05-20,1.2497470826737322,1.0965726800100333
2021-05-21,1.2497470826737322,1.0965726800100333
2021-05-24,1.2497470826737322,1.0965726800100333
2021-05-25,1.2497470826737322,1.0965726800100333
2021-05-26,1.2497470826737322,1.0965726800100333
2021-05-27,1.2497470826737322,1.0965726800100333
2021-05-28,1.2497470826737322,1.0965726800100333
2021-05-31,1.2497470826737322,1.0965726800100333
2021-06-01,1.4320392794373709,1.0062039304953976
2021-06-02,1.4320392794373709,1.0062039304953976
2021-06-03,1.4320392794373709,1.0062039304953976
2021-06-04,1.4320392794373709,1.0062039304953976
2021-06-07,1.4320392794373709,1.0062039304953976
2021-06-08,1.4320392794373709,1.0062039304953976
2021-06-09,1.4320392794373709,1.0062039304953976
2021-06-10,1.4320392794373709,1.0062039304953976
2021-06-11,1.4320392794373709,1.0062039304953976
2021-06-14,1.4320392794373709,1.0062039304953976
2021-06-15,1.4320392794373709,1.0062039304953976
2021-06-16,1.4320392794373709,1.0062039304953976
2021-06-17,1.4320392794373709,1.0062039304953976
2021-06-18,1.4320392794373709,1.0062039304953976
2021-06-21,1.4320392794373709,1.0062039304953976
2021-06-22,1.4320392794373709,1.0062039304953976
2021-06-23,1.4320392794373709,1.0062039304953976
2021-06-24,1.4320392794373709,1.0062039304953976
2021-06-25,1.4320392794373709,1.0062039304953976
2021-06-28,1.4320392794373709,1.0062039304953976
2021-06-29,1.4320392794373709,1.0062039304953976
2021-06-30,1.4320392794373709,1.0062039304953976
2021-07-01,1.5745351967649073,1.0062039304953976
2021-07-02,1.5745351967649073,1.0062039304953976
2021-07-05,1.5745351967649073,1.0062039304953976
2021-07-06,1.5745351967649073,1.0062039304953976
2021-07-07,1.5745351967649073,1.0062039304953976
2021-07-08,1.5745351967649073,1.0062039304953976
2021-07-09,1.5745351967649073,1.0062039304953976
2021-07-12,1.5745351967649073,1.0062039304953976
2021-07-13,1.5745351967649073,1.0062039304953976
2021-07-14,1.5745351967649073,1.0062039304953976
2021-07-15,1.5745351967649073,1.0062039304953976
2021-07-16,1.5745351967649073,1.0062039304953976
2021-07-19,1.5745351967649073,1.0062039304953976
2021-07-20,1.5745351967649073,1.0062039304953976
2021-07-21,1.5745351967649073,1.0062039304953976
2021-07-22,1.5745351967649073,1.0062039304953976
2021-07-23,1.5745351967649073,1.0062039304953976
2021-07-26,1.5745351967649073,1.0062039304953976
2021-07-27,1.5745351967649073,1.0062039304953976
2021-07-28,1.5745351967649073,1.0062039304953976
2021-07-29,1.5745351967649073,1.0062039304953976
2021-07-30,1.5745351967649073,1.0062039304953976
2021-08-02,1.5745351967649073,1.0062039304953976
2021-08-03,1.3767354856149763,1.205491014916489
2021-08-04,1.3767354856149763,1.205491014916489
2021-08-05,1.3767354856149763,1.205491014916489
2021-08-06,1.3767354856149763,1.205491014916489
2021-08-09,1.3767354856149763,1.205491014916489
2021-08-10,1.3767354856149763,1.205491014916489
2021-08-11,1.3767354856149763,1.205491014916489
2021-08-12,1.3767354856149763,1.205491014916489
2021-08-13,1.3767354856149763,1.205491014916489
2021-08-16,1.3767354856149763,1.205491014916489
2021-08-17,1.3767354856149763,1.205491014916489
2021-08-18,1.3767354856149763,1.205491014916489
2021-08-19,1.3767354856149763,1.205491014916489
2021-08-20,1.3767354856149763,1.205491014916489
2021-08-23,1.3767354856149763,1.205491014916489
2021-08-24,1.3767354856149763,1.205491014916489
2021-08-25,1.3767354856149763,1.205491014916489
2021-08-26,1.3767354856149763,1.205491014916489
2021-08-27,1.3767354856149763,1.205491014916489
2021-08-30,1.3767354856149763,1.205491014916489
2021-08-31,1.3767354856149763,1.205491014916489
2021-09-01,1.5436661121341961,1.1976857165986354
2021-09-02,1.5436661121341961,1.1976857165986354
2021-09-03,1.5436661121341961,1.1976857165986354
2021-09-06,1.5436661121341961,1.1976857165986354
2021-09-07,1.5436661121341961,1.1976857165986354
2021-09-08,1.5436661121341961,1.1976857165986354
2021-09-09,1.5436661121341961,1.1976857165986354
2021-09-10,1.5436661121341961,1.1976857165986354
2021-09-13,1.5436661121341961,1.1976857165986354
2021-09-14,1.5436661121341961,1.1976857165986354
2021-09-15,1.5436661121341961,1.1976857165986354
2021-09-16,1.5436661121341961,1.1976857165986354
2021-09-17,1.5436661121341961,1.1976857165986354
2021-09-20,1.5436661121341961,1.1976857165986354
2021-09-21,1.5436661121341961,1.1976857165986354
2021-09-22,1.5436661121341961,1.1976857165986354
2021-09-23,1.5436661121341961,1.1976857165986354
2021-09-24,1.5436661121341961,1.1976857165986354
2021-09-27,1.5436661121341961,1.1976857165986354
2021-09-28,1.5436661121341961,1.1976857165986354
2021-09-29,1.5436661121341961,1.1976857165986354
2021-09-30,1.5436661121341961,1.1976857165986354
2021-10-01,0.9688535314832188,1.4050585566959075
2021-10-04,0.9688535314832188,1.4050585566959075
2021-10-05,0.9688535314832188,1.4050585566959075
2021-10-06,0.9688535314832188,1.4050585566959075
2021-10-07,0.9688535314832188,1.4050585566959075
2021-10-08,0.9688535314832188,1.4050585566959075
2021-10-11,0.9688535314832188,1.4050585566959075
2021-10-12,0.9688535314832188,1.4050585566959075
2021-10-13,0.9688535314832188,1.4050585566959075
2021-10-14,0.9688535314832188,1.4050585566959075
2021-10-15,0.9688535314832188,1.4050585566959075
2021-10-18,0.9688535314832188,1.4050585566959075
2021-10-19,0.9688535314832188,1.4050585566959075
2021-10-20,0.9688535314832188,1.4050585566959075
2021-10-21,0.9688535314832188,1.4050585566959075
2021-10-22,0.9688535314832188,1.4050585566959075
2021-10-25,0.9688535314832188,1.4050585566959075
2021-10-26,0.9688535314832188,1.4050585566959075
2021-10-27,0.9688535314832188,1.4050585566959075
2021-10-28,0.9688535314832188,1.4050585566959075
2021-10-29,0.9688535314832188,1.4050585566959075
2021-11-01,0.9688535314832188,1.4050585566959075
2021-11-02,1.6125705281479954,1.231985500135609
2021-11-03,1.6125705281479954,1.231985500135609
2021-11-04,1.6125705281479954,1.231985500135609
2021-11-05,1.6125705281479954,1.231985500135609
2021-11-08,1.6125705281479954,1.231985500135609
2021-11-09,1.6125705281479954,1.231985500135609
2021-11-10,1.6125705281479954,1.231985500135609
2021-11-11,1.6125705281479954,1.231985500135609
2021-11-12,1.6125705281479954,1.231985500135609
2021-11-15,1.6125705281479954,1.231985500135609
2021-11-16,1.6125705281479954,1.231985500135609
2021-11-17,1.6125705281479954,1.231985500135609
2021-11-18,1.6125705281479954,1.231985500135609
2021-11-19,1.6125705281479954,1.231985500135609
2021-11-22,1.6125705281479954,1.231985500135609
2021-11-23,1.6125705281479954,1.231985500135609
2021-11-24,1.6125705281479954,1.231985500135609
2021-11-25,1.6125705281479954,1.231985500135609
2021-11-26,1.6125705281479954,1.231985500135609
2021-11-29,1.6125705281479954,1.231985500135609
2021-11-30,1.6125705281479954,1.231985500135609
2021-12-01,0.6157217323495286,1.814788861064666
2021-12-02,0.6157217323495286,1.814788861064666
2021-12-03,0.6157217323495286,1.814788861064666
2021-12-06,0.6157217323495286,1.814788861064666
2021-12-07,0.6157217323495286,1.814788861064666
2021-12-08,0.6157217323495286,1.814788861064666
2021-12-09,0.6157217323495286,1.814788861064666
2021-12-10,0.6157217323495286,1.814788861064666
2021-12-13,0.6157217323495286,1.814788861064666
2021-12-14,0.6157217323495286,1.814788861064666
2021-12-15,0.6157217323495286,1.814788861064666
2021-12-16,0.6157217323495286,1.814788861064666
2021-12-17,0.6157217323495286,1.814788861064666
2021-12-20,0.6157217323495286,1.814788861064666
2021-12-21,0.6157217323495286,1.814788861064666
2021-12-22,0.6157217323495286,1.814788861064666
2021-12-23,0.6157217323495286,1.814788861064666
2021-12-24,0.6157217323495286,1.814788861064666
2021-12-27,0.6157217323495286,1.814788861064666
2021-12-28,0.6157217323495286,1.814788861064666
2021-12-29,0.6157217323495286,1.814788861064666
2021-12-30,0.6157217323495286,1.814788861064666
2021-12-31,0.6157217323495286,1.814788861064666
2022-01-03,1.5110491412761877,1.4057382574805264
2022-01-04,1.5110491412761877,1.4057382574805264
2022-01-05,1.5110491412761877,1.4057382574805264
2022-01-06,1.5110491412761877,1.4057382574805264
2022-01-07,1.5110491412761877,1.4057382574805264
2022-01-10,1.5110491412761877,1.4057382574805264
2022-01-11,1.5110491412761877,1.4057382574805264
2022-01-12,1.5110491412761877,1.4057382574805264
2022-01-13,1.5110491412761877,1.4057382574805264
2022-01-14,1.5110491412761877,1.4057382574805264
2022-01-17,1.5110491412761877,1.4057382574805264
2022-01-18,1.5110491412761877,1.4057382574805264
2022-01-19,1.5110491412761877,1.4057382574805264
2022-01-20,1.5110491412761877,1.4057382574805264
2022-01-21,1.5110491412761877,1.4057382574805264
2022-01-24,1.5110491412761877,1.4057382574805264
2022-01-25,1.5110491412761877,1.4057382574805264
2022-01-26,1.5110491412761877,1.4057382574805264
2022-01-27,1.5110491412761877,1.4057382574805264
2022-01-28,1.5110491412761877,1.4057382574805264
2022-01-31,1.5110491412761877,1.4057382574805264
2022-02-01,0.7374582265643963,1.6710600604838795
2022-02-02,0.7374582265643963,1.6710600604838795
2022-02-03,0.7374582265643963,1.6710600604838795
2022-02-04,0.7374582265643963,1.6710600604838795
2022-02-07,0.7374582265643963,1.6710600604838795
2022-02-08,0.7374582265643963,1.6710600604838795
2022-02-09,0.7374582265643963,1.6710600604838795
2022-02-10,0.7374582265643963,1.6710600604838795
2022-02-11,0.7374582265643963,1.6710600604838795
2022-02-14,0.7374582265643963,1.6710600604838795
2022-02-15,0.7374582265643963,1.6710600604838795
2022-02-16,0.7374582265643963,1.6710600604838795
2022-02-17,0.7374582265643963,1.6710600604838795
2022-02-18,0.7374582265643963,1.6710600604838795
2022-02-21,0.7374582265643963,1.6710600604838795
2022-02-22,0.7374582265643963,1.6710600604838795
2022-02-23,0.7374582265643963,1.6710600604838795
2022-02-24,0.7374582265643963,1.6710600604838795
2022-02-25,0.7374582265643963,1.6710600604838795
2022-02-28,0.7374582265643963,1.6710600604838795
2022-03-01,0.10866644327369242,1.9083753720231216
2022-03-02,0.10866644327369242,1.9083753720231216
2022-03-03,0.10866644327369242,1.9083753720231216
2022-03-04,0.10866644327369242,1.9083753720231216
2022-03-07,0.10866644327369242,1.9083753720231216
2022-03-08,0.10866644327369242,1.9083753720231216
2022-03-09,0.10866644327369242,1.9083753720231216
2022-03-10,0.10866644327369242,1.9083753720231216
2022-03-11,0.10866644327369242,1.9083753720231216
2022-03-14,0.10866644327369242,1.9083753720231216
2022-03-15,0.10866644327369242,1.9083753720231216
2022-03-16,0.10866644327369242,1.9083753720231216
2022-03-17,0.10866644327369242,1.9083753720231216
2022-03-18,0.10866644327369242,1.9083753720231216
2022-03-21,0.10866644327369242,1.9083753720231216
2022-03-22,0.10866644327369242,1.9083753720231216
2022-03-23,0.10866644327369242,1.9083753720231216
2022-03-24,0.10866644327369242,1.9083753720231216
2022-03-25,0.10866644327369242,1.9083753720231216
2022-03-28,0.10866644327369242,1.9083753720231216
2022-03-29,0.10866644327369242,1.9083753720231216
2022-03-30,0.10866644327369242,1.9083753720231216
2022-03-31,0.10866644327369242,1.9083753720231216
2022-04-01,0.9869273543845588,1.481276716297258
2022-04-04,0.9869273543845588,1.481276716297258
2022-04-05,0.9869273543845588,1.481276716297258
2022-04-06,0.9869273543845588,1.481276716297258
2022-04-07,0.9869273543845588,1.481276716297258
2022-04-08,0.9869273543845588,1.481276716297258
2022-04-11,0.9869273543845588,1.481276716297258
2022-04-12,0.9869273543845588,1.481276716297258
2022-04-13,0.9869273543845588,1.481276716297258
2022-04-14,0.9869273543845588,1.481276716297258
2022-04-15,0.9869273543845588,1.481276716297258
2022-04-18,0.9869273543845588,1.481276716297258
2022-04-19,0.9869273543845588,1.481276716297258
2022-04-20,0.9869273543845588,1.481276716297258
2022-04-21,0.9869273543845588,1.481276716297258
2022-04-22,0.9869273543845588,1.481276716297258
2022-04-25,0.9869273543845588,1.481276716297258
2022-04-26,0.9869273543845588,1.481276716297258
2022-04-27,0.9869273543845588,1.481276716297258
2022-04-28,0.9869273543845588,1.481276716297258
2022-04-29,0.9869273543845588,1.481276716297258
2022-05-02,0.9869273543845588,1.481276716297258
2022-05-03,0.3072460025574045,1.9411776752900254
2022-05-04,0.3072460025574045,1.9411776752900254
2022-05-05,0.3072460025574045,1.9411776752900254
2022-05-06,0.3072460025574045,1.9411776752900254
2022-05-09,0.3072460025574045,1.9411776752900254
2022-05-10,0.3072460025574045,1.9411776752900254
2022-05-11,0.3072460025574045,1.9411776752900254
2022-05-12,0.3072460025574045,1.9411776752900254
2022-05-13,0.3072460025574045,1.9411776752900254
2022-05-16,0.3072460025574045,1.9411776752900254
2022-05-17,0.3072460025574045,1.9411776752900254
2022-05-18,0.3072460025574045,1.9411776752900254
2022-05-19,0.3072460025574045,1.9411776752900254
2022-05-20,0.3072460025574045,1.9411776752900254
2022-05-23,0.3072460025574045,1.9411776752900254
2022-05-24,0.3072460025574045,1.9411776752900254
2022-05-25,0.3072460025574045,1.9411776752900254
2022-05-26,0.3072460025574045,1.9411776752900254
2022-05-27,0.3072460025574045,1.9411776752900254
2022-05-30,0.3072460025574045,1.9411776752900254
2022-05-31,0.3072460025574045,1.9411776752900254
2022-06-01,0.2598014585245907,1.5665947516011878
2022-06-02,0.2598014585245907,1.5665947516011878
2022-06-03,0.2598014585245907,1.5665947516011878
2022-06-06,0.2598014585245907,1.5665947516011878
2022-06-07,0.2598014585245907,1.5665947516011878
2022-06-08,0.2598014585245907,1.5665947516011878
2022-06-09,0.2598014585245907,1.5665947516011878
2022-06-10,0.2598014585245907,1.5665947516011878
2022-06-13,0.2598014585245907,1.5665947516011878
2022-06-14,0.2598014585245907,1.5665947516011878
2022-06-15,0.2598014585245907,1.5665947516011878
2022-06-16,0.2598014585245907,1.5665947516011878
2022-06-17,0.2598014585245907,1.5665947516011878
2022-06-20,0.2598014585245907,1.5665947516011878
2022-06-21,0.2598014585245907,1.5665947516011878
2022-06-22,0.2598014585245907,1.5665947516011878
2022-06-23,0.2598014585245907,1.5665947516011878
2022-06-24,0.2598014585245907,1.5665947516011878
2022-06-27,0.2598014585245907,1.5665947516011878
2022-06-28,0.2598014585245907,1.5665947516011878
2022-06-29,0.2598014585245907,1.5665947516011878
2022-06-30,0.2598014585245907,1.5665947516011878
2022-07-01,0.26458274670035575,1.5327869919021322
2022-07-04,0.26458274670035575,1.5327869919021322
2022-07-05,0.26458274670035575,1.5327869919021322
2022-07-06,0.26458274670035575,1.5327869919021322
2022-07-07,0.26458274670035575,1.5327869919021322
2022-07-08,0.26458274670035575,1.5327869919021322
2022-07-11,0.26458274670035575,1.5327869919021322
2022-07-12,0.26458274670035575,1.5327869919021322
2022-07-13,0.26458274670035575,1.5327869919021322
2022-07-14,0.26458274670035575,1.5327869919021322
2022-07-15,0.26458274670035575,1.5327869919021322
2022-07-18,0.26458274670035575,1.5327869919021322
2022-07-19,0.26458274670035575,1.5327869919021322
2022-07-20,0.26458274670035575,1.5327869919021322
2022-07-21,0.26458274670035575,1.5327869919021322
2022-07-22,0.26458274670035575,1.5327869919021322
2022-07-25,0.26458274670035575,1.5327869919021322
2022-07-26,0.26458274670035575,1.5327869919021322
2022-07-27,0.26458274670035575,1.5327869919021322
2022-07-28,0.26458274670035575,1.5327869919021322
2022-07-29,0.26458274670035575,1.5327869919021322
2022-08-01,0.26458274670035575,1.5327869919021322
2022-08-02,0.5293401094575251,1.3401985064326802
2022-08-03,0.5293401094575251,1.3401985064326802
2022-08-04,0.5293401094575251,1.3401985064326802
2022-08-05,0.5293401094575251,1.3401985064326802
2022-08-08,0.5293401094575251,1.3401985064326802
2022-08-09,0.5293401094575251,1.3401985064326802
2022-08-10,0.5293401094575251,1.3401985064326802
2022-08-11,0.5293401094575251,1.3401985064326802
2022-08-12,0.5293401094575251,1.3401985064326802
2022-08-15,0.5293401094575251,1.3401985064326802
2022-08-16,0.5293401094575251,1.3401985064326802
2022-08-17,0.5293401094575251,1.3401985064326802
2022-08-18,0.5293401094575251,1.3401985064326802
2022-08-19,0.5293401094575251,1.3401985064326802
2022-08-22,0.5293401094575251,1.3401985064326802
2022-08-23,0.5293401094575251,1.3401985064326802
2022-08-24,0.5293401094575251,1.3401985064326802
2022-08-25,0.5293401094575251,1.3401985064326802
2022-08-26,0.5293401094575251,1.3401985064326802
2022-08-29,0.5293401094575251,1.3401985064326802
2022-08-30,0.5293401094575251,1.3401985064326802
2022-08-31,0.5293401094575251,1.3401985064326802
2022-09-01,0.15771409360137922,1.457336358478847
2022-09-02,0.15771409360137922,1.457336358478847
2022-09-05,0.15771409360137922,1.457336358478847
2022-09-06,0.15771409360137922,1.457336358478847
2022-09-07,0.15771409360137922,1.457336358478847
2022-09-08,0.15771409360137922,1.457336358478847
2022-09-09,0.15771409360137922,1.457336358478847
2022-09-12,0.15771409360137922,1.457336358478847
2022-09-13,0.15771409360137922,1.457336358478847
2022-09-14,0.15771409360137922,1.457336358478847
2022-09-15,0.15771409360137922,1.457336358478847
2022-09-16,0.15771409360137922,1.457336358478847
2022-09-19,0.15771409360137922,1.457336358478847
2022-09-20,0.15771409360137922,1.457336358478847
2022-09-21,0.15771409360137922,1.457336358478847
2022-09-22,0.15771409360137922,1.457336358478847
2022-09-23,0.15771409360137922,1.457336358478847
2022-09-26,0.15771409360137922,1.457336358478847
2022-09-27,0.15771409360137922,1.457336358478847
2022-09-28,0.15771409360137922,1.457336358478847
2022-09-29,0.15771409360137922,1.457336358478847
2022-09-30,0.15771409360137922,1.457336358478847
2022-10-03,0.5690902271305532,1.562186317647286
2022-10-04,0.5690902271305532,1.562186317647286
2022-10-05,0.5690902271305532,1.562186317647286
2022-10-06,0.5690902271305532,1.562186317647286
2022-10-07,0.5690902271305532,1.562186317647286
2022-10-10,0.5690902271305532,1.562186317647286
2022-10-11,0.5690902271305532,1.562186317647286
2022-10-12,0.5690902271305532,1.562186317647286
2022-10-13,0.5690902271305532,1.562186317647286
2022-10-14,0.5690902271305532,1.562186317647286
2022-10-17,0.5690902271305532,1.562186317647286
2022-10-18,0.5690902271305532,1.562186317647286
2022-10-19,0.5690902271305532,1.562186317647286
2022-10-20,0.5690902271305532,1.562186317647286
2022-10-21,0.5690902271305532,1.562186317647286
2022-10-24,0.5690902271305532,1.562186317647286
2022-10-25,0.5690902271305532,1.562186317647286
2022-10-26,0.5690902271305532,1.562186317647286
2022-10-27,0.5690902271305532,1.562186317647286
2022-10-28,0.5690902271305532,1.562186317647286
2022-10-31,0.5690902271305532,1.562186317647286
2022-11-01,0.057418805613609826,1.4367349132823308
2022-11-02,0.057418805613609826,1.4367349132823308
2022-11-03,0.057418805613609826,1.4367349132823308
2022-11-04,0.057418805613609826,1.4367349132823308
2022-11-07,0.057418805613609826,1.4367349132823308
2022-11-08,0.057418805613609826,1.4367349132823308
2022-11-09,0.057418805613609826,1.4367349132823308
2022-11-10,0.057418805613609826,1.4367349132823308
2022-11-11,0.057418805613609826,1.4367349132823308
2022-11-14,0.057418805613609826,1.4367349132823308
2022-11-15,0.057418805613609826,1.4367349132823308
2022-11-16,0.057418805613609826,1.4367349132823308
2022-11-17,0.057418805613609826,1.4367349132823308
2022-11-18,0.057418805613609826,1.4367349132823308
2022-11-21,0.057418805613609826,1.4367349132823308
2022-11-22,0.057418805613609826,1.4367349132823308
2022-11-23,0.057418805613609826,1.4367349132823308
2022-11-24,0.057418805613609826,1.4367349132823308
2022-11-25,0.057418805613609826,1.4367349132823308
2022-11-28,0.057418805613609826,1.4367349132823308
2022-11-29,0.057418805613609826,1.4367349132823308
2022-11-30,0.057418805613609826,1.4367349132823308
2022-12-01,0.6663484984424476,1.2432391104467342
2022-12-02,0.6663484984424476,1.2432391104467342
2022-12-05,0.6663484984424476,1.2432391104467342
2022-12-06,0.6663484984424476,1.2432391104467342
2022-12-07,0.6663484984424476,1.2432391104467342
2022-12-08,0.6663484984424476,1.2432391104467342
2022-12-09,0.6663484984424476,1.2432391104467342
2022-12-12,0.6663484984424476,1.2432391104467342
2022-12-13,0.6663484984424476,1.2432391104467342
2022-12-14,0.6663484984424476,1.2432391104467342
2022-12-15,0.6663484984424476,1.2432391104467342
2022-12-16,0.6663484984424476,1.2432391104467342
2022-12-19,0.6663484984424476,1.2432391104467342
2022-12-20,0.6663484984424476,1.2432391104467342
2022-12-21,0.6663484984424476,1.2432391104467342
2022-12-22,0.6663484984424476,1.2432391104467342
2022-12-23,0.6663484984424476,1.2432391104467342
2022-12-26,0.6663484984424476,1.2432391104467342
2022-12-27,0.6663484984424476,1.2432391104467342
2022-12-28,0.6663484984424476,1.2432391104467342
2022-12-29,0.6663484984424476,1.2432391104467342
2022-12-30,0.6663484984424476,1.2432391104467342
2023-01-02,0.6663484984424476,1.2432391104467342
2023-01-03,0.5462192411042517,1.1357453211633262
2023-01-04,0.5462192411042517,1.1357453211633262
2023-01-05,0.5462192411042517,1.1357453211633262
2023-01-06,0.5462192411042517,1.1357453211633262
2023-01-09,0.5462192411042517,1.1357453211633262
2023-01-10,0.5462192411042517,1.1357453211633262
2023-01-11,0.5462192411042517,1.1357453211633262
2023-01-12,0.5462192411042517,1.1357453211633262
2023-01-13,0.5462192411042517,1.1357453211633262
2023-01-16,0.5462192411042517,1.1357453211633262
2023-01-17,0.5462192411042517,1.1357453211633262
2023-01-18,0.5462192411042517,1.1357453211633262
2023-01-19,0.5462192411042517,1.1357453211633262
2023-01-20,0.5462192411042517,1.1357453211633262
2023-01-23,0.5462192411042517,1.1357453211633262
2023-01-24,0.5462192411042517,1.1357453211633262
2023-01-25,0.5462192411042517,1.1357453211633262
2023-01-26,0.5462192411042517,1.1357453211633262
2023-01-27,0.5462192411042517,1.1357453211633262
2023-01-30,0.5462192411042517,1.1357453211633262
2023-01-31,0.5462192411042517,1.1357453211633262
2023-02-01,0.8981835159094741,1.1409718130805804
2023-02-02,0.8981835159094741,1.1409718130805804
2023-02-03,0.8981835159094741,1.1409718130805804
2023-02-06,0.8981835159094741,1.1409718130805804
2023-02-07,0.8981835159094741,1.1409718130805804
2023-02-08,0.8981835159094741,1.1409718130805804
2023-02-09,0.8981835159094741,1.1409718130805804
2023-02-10,0.8981835159094741,1.1409718130805804
2023-02-13,0.8981835159094741,1.1409718130805804
2023-02-14,0.8981835159094741,1.1409718130805804
2023-02-15,0.8981835159094741,1.1409718130805804
2023-02-16,0.8981835159094741,1.1409718130805804
2023-02-17,0.8981835159094741,1.1409718130805804
2023-02-20,0.8981835159094741,1.1409718130805804
2023-02-21,0.8981835159094741,1.1409718130805804
2023-02-22,0.8981835159094741,1.1409718130805804
2023-02-23,0.8981835159094741,1.1409718130805804
2023-02-24,0.8981835159094741,1.1409718130805804
2023-02-27,0.8981835159094741,1.1409718130805804
2023-02-28,0.8981835159094741,1.1409718130805804
2023-03-01,0.7354014942006201,1.1486067458640434
2023-03-02,0.7354014942006201,1.1486067458640434
2023-03-03,0.7354014942006201,1.1486067458640434
2023-03-06,0.7354014942006201,1.1486067458640434
2023-03-07,0.7354014942006201,1.1486067458640434
2023-03-08,0.7354014942006201,1.1486067458640434
2023-03-09,0.7354014942006201,1.1486067458640434
2023-03-10,0.7354014942006201,1.1486067458640434
2023-03-13,0.7354014942006201,1.1486067458640434
2023-03-14,0.7354014942006201,1.1486067458640434
2023-03-15,0.7354014942006201,1.1486067458640434
2023-03-16,0.7354014942006201,1.1486067458640434
2023-03-17,0.7354014942006201,1.1486067458640434
2023-03-20,0.7354014942006201,1.1486067458640434
2023-03-21,0.7354014942006201,1.1486067458640434
2023-03-22,0.7354014942006201,1.1486067458640434
2023-03-23,0.7354014942006201,1.1486067458640434
2023-03-24,0.7354014942006201,1.1486067458640434
2023-03-27,0.7354014942006201,1.1486067458640434
2023-03-28,0.7354014942006201,1.1486067458640434
2023-03-29,0.7354014942006201,1.1486067458640434
2023-03-30,0.7354014942006201,1.1486067458640434
2023-03-31,0.7354014942006201,1.1486067458640434
2023-04-03,0.8262734560371068,1.1624477296396543
2023-04-04,0.8262734560371068,1.1624477296396543
2023-04-05,0.8262734560371068,1.1624477296396543
2023-04-06,0.8262734560371068,1.1624477296396543
2023-04-07,0.8262734560371068,1.1624477296396543
2023-04-10,0.8262734560371068,1.1624477296396543
2023-04-11,0.8262734560371068,1.1624477296396543
2023-04-12,0.8262734560371068,1.1624477296396543
2023-04-13,0.8262734560371068,1.1624477296396543
2023-04-14,0.8262734560371068,1.1624477296396543
2023-04-17,0.8262734560371068,1.1624477296396543
2023-04-18,0.8262734560371068,1.1624477296396543
2023-04-19,0.8262734560371068,1.1624477296396543
2023-04-20,0.8262734560371068,1.1624477296396543
2023-04-21,0.8262734560371068,1.1624477296396543
2023-04-24,0.8262734560371068,1.1624477296396543
2023-04-25,0.8262734560371068,1.1624477296396543
2023-04-26,0.8262734560371068,1.1624477296396543
2023-04-27,0.8262734560371068,1.1624477296396543
2023-04-28,0.8262734560371068,1.1624477296396543
2023-05-01,0.8262734560371068,1.1624477296396543
2023-05-02,1.112290052932015,1.037547810100521
2023-05-03,1.112290052932015,1.037547810100521
2023-05-04,1.112290052932015,1.037547810100521
2023-05-05,1.112290052932015,1.037547810100521
2023-05-08,1.112290052932015,1.037547810100521
2023-05-09,1.112290052932015,1.037547810100521
2023-05-10,1.112290052932015,1.037547810100521
2023-05-11,1.112290052932015,1.037547810100521
2023-05-12,1.112290052932015,1.037547810100521
2023-05-15,1.112290052932015,1.037547810100521
2023-05-16,1.112290052932015,1.037547810100521
2023-05-17,1.112290052932015,1.037547810100521
2023-05-18,1.112290052932015,1.037547810100521
2023-05-19,1.112290052932015,1.037547810100521
2023-05-22,1.112290052932015,1.037547810100521
2023-05-23,1.112290052932015,1.037547810100521
2023-05-24,1.112290052932015,1.037547810100521
2023-05-25,1.112290052932015,1.037547810100521
2023-05-26,1.112290052932015,1.037547810100521
2023-05-29,1.112290052932015,1.037547810100521
2023-05-30,1.112290052932015,1.037547810100521
2023-05-31,1.112290052932015,1.037547810100521
2023-06-01,0.9151534489185431,1.1656956449452776
2023-06-02,0.9151534489185431,1.1656956449452776
2023-06-05,0.9151534489185431,1.1656956449452776
2023-06-06,0.9151534489185431,1.1656956449452776
2023-06-07,0.9151534489185431,1.1656956449452776
2023-06-08,0.9151534489185431,1.1656956449452776
2023-06-09,0.9151534489185431,1.1656956449452776
2023-06-12,0.9151534489185431,1.1656956449452776
2023-06-13,0.9151534489185431,1.1656956449452776
2023-06-14,0.9151534489185431,1.1656956449452776
2023-06-15,0.9151534489185431,1.1656956449452776
2023-06-16,0.9151534489185431,1.1656956449452776
2023-06-19,0.9151534489185431,1.1656956449452776
2023-06-20,0.9151534489185431,1.1656956449452776
2023-06-21,0.9151534489185431,1.1656956449452776
2023-06-22,0.9151534489185431,1.1656956449452776
2023-06-23,0.9151534489185431,1.1656956449452776
2023-06-26,0.9151534489185431,1.1656956449452776
2023-06-27,0.9151534489185431,1.1656956449452776
2023-06-28,0.9151534489185431,1.1656956449452776
2023-06-29,0.9151534489185431,1.1656956449452776
2023-06-30,0.9151534489185431,1.1656956449452776
2023-07-03,1.4454586013274489,1.0822731610108358
2023-07-04,1.4454586013274489,1.0822731610108358
2023-07-05,1.4454586013274489,1.0822731610108358
2023-07-06,1.4454586013274489,1.0822731610108358
2023-07-07,1.4454586013274489,1.0822731610108358
2023-07-10,1.4454586013274489,1.0822731610108358
2023-07-11,1.4454586013274489,1.0822731610108358
2023-07-12,1.4454586013274489,1.0822731610108358
2023-07-13,1.4454586013274489,1.0822731610108358
2023-07-14,1.4454586013274489,1.0822731610108358
2023-07-17,1.4454586013274489,1.0822731610108358
2023-07-18,1.4454586013274489,1.0822731610108358
2023-07-19,1.4454586013274489,1.0822731610108358
2023-07-20,1.4454586013274489,1.0822731610108358
2023-07-21,1.4454586013274489,1.0822731610108358
2023-07-24,1.4454586013274489,1.0822731610108358
2023-07-25,1.4454586013274489,1.0822731610108358
2023-07-26,1.4454586013274489,1.0822731610108358
2023-07-27,1.4454586013274489,1.0822731610108358
2023-07-28,1.4454586013274489,1.0822731610108358
2023-07-31,1.4454586013274489,1.0822731610108358
2023-08-01,1.576014215244109,1.148326930383672
2023-08-02,1.576014215244109,1.148326930383672
2023-08-03,1.576014215244109,1.148326930383672
2023-08-04,1.576014215244109,1.148326930383672
2023-08-07,1.576014215244109,1.148326930383672
2023-08-08,1.576014215244109,1.148326930383672
2023-08-09,1.576014215244109,1.148326930383672
2023-08-10,1.576014215244109,1.148326930383672
2023-08-11,1.576014215244109,1.148326930383672
2023-08-14,1.576014215244109,1.148326930383672
2023-08-15,1.576014215244109,1.148326930383672
2023-08-16,1.576014215244109,1.148326930383672
2023-08-17,1.576014215244109,1.148326930383672
2023-08-18,1.576014215244109,1.148326930383672
2023-08-21,1.576014215244109,1.148326930383672
2023-08-22,1.576014215244109,1.148326930383672
2023-08-23,1.576014215244109,1.148326930383672
2023-08-24,1.576014215244109,1.148326930383672
2023-08-25,1.576014215244109,1.148326930383672
2023-08-28,1.576014215244109,1.148326930383672
2023-08-29,1.576014215244109,1.148326930383672
2023-08-30,1.576014215244109,1.148326930383672
2023-08-31,1.576014215244109,1.148326930383672
2023-09-01,1.5301055671591761,1.1001101292799675
2023-09-04,1.5301055671591761,1.1001101292799675
2023-09-05,1.5301055671591761,1.1001101292799675
2023-09-06,1.5301055671591761,1.1001101292799675
2023-09-07,1.5301055671591761,1.1001101292799675
2023-09-08,1.5301055671591761,1.1001101292799675
2023-09-11,1.5301055671591761,1.1001101292799675
2023-09-12,1.5301055671591761,1.1001101292799675
2023-09-13,1.5301055671591761,1.1001101292799675
2023-09-14,1.5301055671591761,1.1001101292799675
2023-09-15,1.5301055671591761,1.1001101292799675
2023-09-18,1.5301055671591761,1.1001101292799675
2023-09-19,1.5301055671591761,1.1001101292799675
2023-09-20,1.5301055671591761,1.1001101292799675
2023-09-21,1.5301055671591761,1.1001101292799675
2023-09-22,1.5301055671591761,1.1001101292799675
2023-09-25,1.5301055671591761,1.1001101292799675
2023-09-26,1.5301055671591761,1.1001101292799675
2023-09-27,1.5301055671591761,1.1001101292799675
2023-09-28,1.5301055671591761,1.1001101292799675
2023-09-29,1.5301055671591761,1.1001101292799675
2023-10-02,1.5301055671591761,1.1001101292799675
2023-10-03,1.1458866035745006,1.1682440173800963
2023-10-04,1.1458866035745006,1.1682440173800963
2023-10-05,1.1458866035745006,1.1682440173800963
2023-10-06,1.1458866035745006,1.1682440173800963
2023-10-09,1.1458866035745006,1.1682440173800963
2023-10-10,1.1458866035745006,1.1682440173800963
2023-10-11,1.1458866035745006,1.1682440173800963
2023-10-12,1.1458866035745006,1.1682440173800963
2023-10-13,1.1458866035745006,1.1682440173800963
2023-10-16,1.1458866035745006,1.1682440173800963
2023-10-17,1.1458866035745006,1.1682440173800963
2023-10-18,1.1458866035745006,1.1682440173800963
2023-10-19,1.1458866035745006,1.1682440173800963
2023-10-20,1.1458866035745006,1.1682440173800963
2023-10-23,1.1458866035745006,1.1682440173800963
2023-10-24,1.1458866035745006,1.1682440173800963
2023-10-25,1.1458866035745006,1.1682440173800963
2023-10-26,1.1458866035745006,1.1682440173800963
2023-10-27,1.1458866035745006,1.1682440173800963
2023-10-30,1.1458866035745006,1.1682440173800963
2023-10-31,1.1458866035745006,1.1682440173800963
2023-11-01,0.9953122759795062,1.160229160357723
2023-11-02,0.9953122759795062,1.160229160357723
2023-11-03,0.9953122759795062,1.160229160357723
2023-11-06,0.9953122759795062,1.160229160357723
2023-11-07,0.9953122759795062,1.160229160357723
2023-11-08,0.9953122759795062,1.160229160357723
2023-11-09,0.9953122759795062,1.160229160357723
2023-11-10,0.9953122759795062,1.160229160357723
2023-11-13,0.9953122759795062,1.160229160357723
2023-11-14,0.9953122759795062,1.160229160357723
2023-11-15,0.9953122759795062,1.160229160357723
2023-11-16,0.9953122759795062,1.160229160357723
2023-11-17,0.9953122759795062,1.160229160357723
2023-11-20,0.9953122759795062,1.160229160357723
2023-11-21,0.9953122759795062,1.160229160357723
2023-11-22,0.9953122759795062,1.160229160357723
2023-11-23,0.9953122759795062,1.160229160357723
2023-11-24,0.9953122759795062,1.160229160357723
2023-11-27,0.9953122759795062,1.160229160357723
2023-11-28,0.9953122759795062,1.160229160357723
2023-11-29,0.9953122759795062,1.160229160357723
2023-11-30,0.9953122759795062,1.160229160357723
2023-12-01,1.6795598001117746,1.0828527308200258
2023-12-04,1.6795598001117746,1.0828527308200258
2023-12-05,1.6795598001117746,1.0828527308200258
2023-12-06,1.6795598001117746,1.0828527308200258
2023-12-07,1.6795598001117746,1.0828527308200258
2023-12-08,1.6795598001117746,1.0828527308200258
2023-12-11,1.6795598001117746,1.0828527308200258
2023-12-12,1.6795598001117746,1.0828527308200258
2023-12-13,1.6795598001117746,1.0828527308200258
2023-12-14,1.6795598001117746,1.0828527308200258
2023-12-15,1.6795598001117746,1.0828527308200258
2023-12-18,1.6795598001117746,1.0828527308200258
2023-12-19,1.6795598001117746,1.0828527308200258
2023-12-20,1.6795598001117746,1.0828527308200258
2023-12-21,1.6795598001117746,1.0828527308200258
2023-12-22,1.6795598001117746,1.0828527308200258
2023-12-25,1.6795598001117746,1.0828527308200258
2023-12-26,1.6795598001117746,1.0828527308200258
2023-12-27,1.6795598001117746,1.0828527308200258
2023-12-28,1.6795598001117746,1.0828527308200258
2023-12-29,1.6795598001117746,1.0828527308200258
2024-01-01,1.6795598001117746,1.0828527308200258
2024-01-02,1.8439623994679242,1.169803025190304
2024-01-03,1.8439623994679242,1.169803025190304
2024-01-04,1.8439623994679242,1.169803025190304
2024-01-05,1.8439623994679242,1.169803025190304
2024-01-08,1.8439623994679242,1.169803025190304
2024-01-09,1.8439623994679242,1.169803025190304
2024-01-10,1.8439623994679242,1.169803025190304
2024-01-11,1.8439623994679242,1.169803025190304
2024-01-12,1.8439623994679242,1.169803025190304
2024-01-15,1.8439623994679242,1.169803025190304
2024-01-16,1.8439623994679242,1.169803025190304
2024-01-17,1.8439623994679242,1.169803025190304
2024-01-18,1.8439623994679242,1.169803025190304
2024-01-19,1.8439623994679242,1.169803025190304
2024-01-22,1.8439623994679242,1.169803025190304
2024-01-23,1.8439623994679242,1.169803025190304
2024-01-24,1.8439623994679242,1.169803025190304
2024-01-25,1.8439623994679242,1.169803025190304
2024-01-26,1.8439623994679242,1.169803025190304
2024-01-29,1.8439623994679242,1.169803025190304
2024-01-30,1.8439623994679242,1.169803025190304
2024-01-31,1.8439623994679242,1.169803025190304
2024-02-01,1.7333293888212664,1.3137215830397195
2024-02-02,1.7333293888212664,1.3137215830397195
2024-02-05,1.7333293888212664,1.3137215830397195
2024-02-06,1.7333293888212664,1.3137215830397195
2024-02-07,1.7333293888212664,1.3137215830397195
2024-02-08,1.7333293888212664,1.3137215830397195
2024-02-09,1.7333293888212664,1.3137215830397195
2024-02-12,1.7333293888212664,1.3137215830397195
2024-02-13,1.7333293888212664,1.3137215830397195
2024-02-14,1.7333293888212664,1.3137215830397195
2024-02-15,1.7333293888212664,1.3137215830397195
2024-02-16,1.7333293888212664,1.3137215830397195
2024-02-19,1.7333293888212664,1.3137215830397195
2024-02-20,1.7333293888212664,1.3137215830397195
2024-02-21,1.7333293888212664,1.3137215830397195
2024-02-22,1.7333293888212664,1.3137215830397195
2024-02-23,1.7333293888212664,1.3137215830397195
2024-02-26,1.7333293888212664,1.3137215830397195
2024-02-27,1.7333293888212664,1.3137215830397195
2024-02-28,1.7333293888212664,1.3137215830397195
2024-02-29,1.7333293888212664,1.3137215830397195
2024-03-01,1.8983468218825308,1.4207717127478248
2024-03-04,1.8983468218825308,1.4207717127478248
2024-03-05,1.8983468218825308,1.4207717127478248
2024-03-06,1.8983468218825308,1.4207717127478248
2024-03-07,1.8983468218825308,1.4207717127478248
2024-03-08,1.8983468218825308,1.4207717127478248
2024-03-11,1.8983468218825308,1.4207717127478248
2024-03-12,1.8983468218825308,1.4207717127478248
2024-03-13,1.8983468218825308,1.4207717127478248
2024-03-14,1.8983468218825308,1.4207717127478248
2024-03-15,1.8983468218825308,1.4207717127478248
2024-03-18,1.8983468218825308,1.4207717127478248
2024-03-19,1.8983468218825308,1.4207717127478248
2024-03-20,1.8983468218825308,1.4207717127478248
2024-03-21,1.8983468218825308,1.4207717127478248
2024-03-22,1.8983468218825308,1.4207717127478248
2024-03-25,1.8983468218825308,1.4207717127478248
2024-03-26,1.8983468218825308,1.4207717127478248
2024-03-27,1.8983468218825308,1.4207717127478248
2024-03-28,1.8983468218825308,1.4207717127478248
2024-03-29,1.8983468218825308,1.4207717127478248
2024-04-01,1.8983468218825308,1.4207717127478248
2024-04-02,2.0365279826585994,1.4855450298608883
2024-04-03,2.0365279826585994,1.4855450298608883
2024-04-04,2.0365279826585994,1.4855450298608883
2024-04-05,2.0365279826585994,1.4855450298608883
2024-04-08,2.0365279826585994,1.4855450298608883
2024-04-09,2.0365279826585994,1.4855450298608883
2024-04-10,2.0365279826585994,1.4855450298608883
2024-04-11,2.0365279826585994,1.4855450298608883
2024-04-12,2.0365279826585994,1.4855450298608883
2024-04-15,2.0365279826585994,1.4855450298608883
2024-04-16,2.0365279826585994,1.4855450298608883
2024-04-17,2.0365279826585994,1.4855450298608883
2024-04-18,2.0365279826585994,1.4855450298608883
2024-04-19,2.0365279826585994,1.4855450298608883
2024-04-22,2.0365279826585994,1.4855450298608883
2024-04-23,2.0365279826585994,1.4855450298608883
2024-04-24,2.0365279826585994,1.4855450298608883
2024-04-25,2.0365279826585994,1.4855450298608883
2024-04-26,2.0365279826585994,1.4855450298608883
2024-04-29,2.0365279826585994,1.4855450298608883
2024-04-30,2.0365279826585994,1.4855450298608883
2024-05-01,1.7646125490179154,1.4831459765459325
2024-05-02,1.7646125490179154,1.4831459765459325
2024-05-03,1.7646125490179154,1.4831459765459325
2024-05-06,1.7646125490179154,1.4831459765459325
2024-05-07,1.7646125490179154,1.4831459765459325
2024-05-08,1.7646125490179154,1.4831459765459325
2024-05-09,1.7646125490179154,1.4831459765459325
2024-05-10,1.7646125490179154,1.4831459765459325
2024-05-13,1.7646125490179154,1.4831459765459325
2024-05-14,1.7646125490179154,1.4831459765459325
2024-05-15,1.7646125490179154,1.4831459765459325
2024-05-16,1.7646125490179154,1.4831459765459325
2024-05-17,1.7646125490179154,1.4831459765459325
2024-05-20,1.7646125490179154,1.4831459765459325
2024-05-21,1.7646125490179154,1.4831459765459325
2024-05-22,1.7646125490179154,1.4831459765459325
2024-05-23,1.7646125490179154,1.4831459765459325
2024-05-24,1.7646125490179154,1.4831459765459325
2024-05-27,1.7646125490179154,1.4831459765459325
2024-05-28,1.7646125490179154,1.4831459765459325
2024-05-29,1.7646125490179154,1.4831459765459325
2024-05-30,1.7646125490179154,1.4831459765459325
2024-05-31,1.7646125490179154,1.4831459765459325
2024-06-03,2.083669695549538,1.4867145694599173
2024-06-04,2.083669695549538,1.4867145694599173
2024-06-05,2.083669695549538,1.4867145694599173
2024-06-06,2.083669695549538,1.4867145694599173
2024-06-07,2.083669695549538,1.4867145694599173
2024-06-10,2.083669695549538,1.4867145694599173
2024-06-11,2.083669695549538,1.4867145694599173
2024-06-12,2.083669695549538,1.4867145694599173
2024-06-13,2.083669695549538,1.4867145694599173
2024-06-14,2.083669695549538,1.4867145694599173
2024-06-17,2.083669695549538,1.4867145694599173
2024-06-18,2.083669695549538,1.4867145694599173
2024-06-19,2.083669695549538,1.4867145694599173
2024-06-20,2.083669695549538,1.4867145694599173
2024-06-21,2.083669695549538,1.4867145694599173
2024-06-24,2.083669695549538,1.4867145694599173
2024-06-25,2.083669695549538,1.4867145694599173
2024-06-26,2.083669695549538,1.4867145694599173
2024-06-27,2.083669695549538,1.4867145694599173
2024-06-28,2.083669695549538,1.4867145694599173
2024-07-01,2.083669695549538,1.4867145694599173
2024-07-02,2.131222069201496,1.591316130454407
2024-07-03,2.131222069201496,1.591316130454407
2024-07-04,2.131222069201496,1.591316130454407
2024-07-05,2.131222069201496,1.591316130454407
2024-07-08,2.131222069201496,1.591316130454407
2024-07-09,2.131222069201496,1.591316130454407
2024-07-10,2.131222069201496,1.591316130454407
2024-07-11,2.131222069201496,1.591316130454407
2024-07-12,2.131222069201496,1.591316130454407
2024-07-15,2.131222069201496,1.591316130454407
2024-07-16,2.131222069201496,1.591316130454407
2024-07-17,2.131222069201496,1.591316130454407
2024-07-18,2.131222069201496,1.591316130454407
2024-07-19,2.131222069201496,1.591316130454407
2024-07-22,2.131222069201496,1.591316130454407
2024-07-23,2.131222069201496,1.591316130454407
2024-07-24,2.131222069201496,1.591316130454407
2024-07-25,2.131222069201496,1.591316130454407
2024-07-26,2.131222069201496,1.591316130454407
2024-07-29,2.131222069201496,1.591316130454407
2024-07-30,2.131222069201496,1.591316130454407
2024-07-31,2.131222069201496,1.591316130454407
2024-08-01,1.8139971482478976,1.8440012730593183
2024-08-02,1.8139971482478976,1.8440012730593183
2024-08-05,1.8139971482478976,1.8440012730593183
2024-08-06,1.8139971482478976,1.8440012730593183
2024-08-07,1.8139971482478976,1.8440012730593183
2024-08-08,1.8139971482478976,1.8440012730593183
2024-08-09,1.8139971482478976,1.8440012730593183
2024-08-12,1.8139971482478976,1.8440012730593183
2024-08-13,1.8139971482478976,1.8440012730593183
2024-08-14,1.8139971482478976,1.8440012730593183
2024-08-15,1.8139971482478976,1.8440012730593183
2024-08-16,1.8139971482478976,1.8440012730593183
2024-08-19,1.8139971482478976,1.8440012730593183
2024-08-20,1.8139971482478976,1.8440012730593183
2024-08-21,1.8139971482478976,1.8440012730593183
2024-08-22,1.8139971482478976,1.8440012730593183
2024-08-23,1.8139971482478976,1.8440012730593183
2024-08-26,1.8139971482478976,1.8440012730593183
2024-08-27,1.8139971482478976,1.8440012730593183
2024-08-28,1.8139971482478976,1.8440012730593183
2024-08-29,1.8139971482478976,1.8440012730593183
2024-08-30,1.8139971482478976,1.8440012730593183
2024-09-02,1.8139971482478976,1.8440012730593183
2024-09-03,1.9746832982155658,1.849379902087288
2024-09-04,1.9746832982155658,1.849379902087288
2024-09-05,1.9746832982155658,1.849379902087288
2024-09-06,1.9746832982155658,1.849379902087288
2024-09-09,1.9746832982155658,1.849379902087288
2024-09-10,1.9746832982155658,1.849379902087288
2024-09-11,1.9746832982155658,1.849379902087288
2024-09-12,1.9746832982155658,1.849379902087288
2024-09-13,1.9746832982155658,1.849379902087288
2024-09-16,1.9746832982155658,1.849379902087288
2024-09-17,1.9746832982155658,1.849379902087288
2024-09-18,1.9746832982155658,1.849379902087288
2024-09-19,1.9746832982155658,1.849379902087288
2024-09-20,1.9746832982155658,1.849379902087288
2024-09-23,1.9746832982155658,1.849379902087288
2024-09-24,1.9746832982155658,1.849379902087288
2024-09-25,1.9746832982155658,1.849379902087288
2024-09-26,1.9746832982155658,1.849379902087288
2024-09-27,1.9746832982155658,1.849379902087288
2024-09-30,1.9746832982155658,1.849379902087288
2024-10-01,1.882644055219017,2.01071219038041
2024-10-02,1.882644055219017,2.01071219038041
2024-10-03,1.882644055219017,2.01071219038041
2024-10-04,1.882644055219017,2.01071219038041
2024-10-07,1.882644055219017,2.01071219038041
2024-10-08,1.882644055219017,2.01071219038041
2024-10-09,1.882644055219017,2.01071219038041
2024-10-10,1.882644055219017,2.01071219038041
2024-10-11,1.882644055219017,2.01071219038041
2024-10-14,1.882644055219017,2.01071219038041
2024-10-15,1.882644055219017,2.01071219038041
2024-10-16,1.882644055219017,2.01071219038041
2024-10-17,1.882644055219017,2.01071219038041
2024-10-18,1.882644055219017,2.01071219038041
2024-10-21,1.882644055219017,2.01071219038041
2024-10-22,1.882644055219017,2.01071219038041
2024-10-23,1.882644055219017,2.01071219038041
2024-10-24,1.882644055219017,2.01071219038041
2024-10-25,1.882644055219017,2.01071219038041
2024-10-28,1.882644055219017,2.01071219038041
2024-10-29,1.882644055219017,2.01071219038041
2024-10-30,1.882644055219017,2.01071219038041
2024-10-31,1.882644055219017,2.01071219038041
2024-11-01,1.3999056820555822,2.3003677606514112
2024-11-04,1.3999056820555822,2.3003677606514112
2024-11-05,1.3999056820555822,2.3003677606514112
2024-11-06,1.3999056820555822,2.3003677606514112
2024-11-07,1.3999056820555822,2.3003677606514112
2024-11-08,1.3999056820555822,2.3003677606514112
2024-11-11,1.3999056820555822,2.3003677606514112
2024-11-12,1.3999056820555822,2.3003677606514112
2024-11-13,1.3999056820555822,2.3003677606514112
2024-11-14,1.3999056820555822,2.3003677606514112
2024-11-15,1.3999056820555822,2.3003677606514112
2024-11-18,1.3999056820555822,2.3003677606514112
2024-11-19,1.3999056820555822,2.3003677606514112
2024-11-20,1.3999056820555822,2.3003677606514112
2024-11-21,1.3999056820555822,2.3003677606514112
2024-11-22,1.3999056820555822,2.3003677606514112
2024-11-25,1.3999056820555822,2.3003677606514112
2024-11-26,1.3999056820555822,2.3003677606514112
2024-11-27,1.3999056820555822,2.3003677606514112
2024-11-28,1.3999056820555822,2.3003677606514112
2024-11-29,1.3999056820555822,2.3003677606514112
2024-12-02,1.3999056820555822,2.3003677606514112
2024-12-03,2.3155205984511356,1.9884670263910305
2024-12-04,2.3155205984511356,1.9884670263910305
2024-12-05,2.3155205984511356,1.9884670263910305
2024-12-06,2.3155205984511356,1.9884670263910305
2024-12-09,2.3155205984511356,1.9884670263910305
2024-12-10,2.3155205984511356,1.9884670263910305
2024-12-11,2.3155205984511356,1.9884670263910305
2024-12-12,2.3155205984511356,1.9884670263910305
2024-12-13,2.3155205984511356,1.9884670263910305
2024-12-16,2.3155205984511356,1.9884670263910305
2024-12-17,2.3155205984511356,1.9884670263910305
2024-12-18,2.3155205984511356,1.9884670263910305
2024-12-19,2.3155205984511356,1.9884670263910305
2024-12-20,2.3155205984511356,1.9884670263910305
2024-12-23,2.3155205984511356,1.9884670263910305
2024-12-24,2.3155205984511356,1.9884670263910305
2024-12-25,2.3155205984511356,1.9884670263910305
2024-12-26,2.3155205984511356,1.9884670263910305
2024-12-27,2.3155205984511356,1.9884670263910305
2024-12-30,2.3155205984511356,1.9884670263910305
2024-12-31,2.3155205984511356,1.9884670263910305
2025-01-01,1.960639269664745,2.095044789746603
2025-01-02,1.960639269664745,2.095044789746603
2025-01-03,1.960639269664745,2.095044789746603
2025-01-06,1.960639269664745,2.095044789746603
2025-01-07,1.960639269664745,2.095044789746603
2025-01-08,1.960639269664745,2.095044789746603
2025-01-09,1.960639269664745,2.095044789746603
2025-01-10,1.960639269664745,2.095044789746603
2025-01-13,1.960639269664745,2.095044789746603
2025-01-14,1.960639269664745,2.095044789746603
2025-01-15,1.960639269664745,2.095044789746603
2025-01-16,1.960639269664745,2.095044789746603
2025-01-17,1.960639269664745,2.095044789746603
2025-01-20,1.960639269664745,2.095044789746603
2025-01-21,1.960639269664745,2.095044789746603
2025-01-22,1.960639269664745,2.095044789746603
2025-01-23,1.960639269664745,2.095044789746603
2025-01-24,1.960639269664745,2.095044789746603
2025-01-27,1.960639269664745,2.095044789746603
2025-01-28,1.960639269664745,2.095044789746603
2025-01-29,1.960639269664745,2.095044789746603
2025-01-30,1.960639269664745,2.095044789746603
2025-01-31,1.960639269664745,2.095044789746603
2025-02-03,2.082540124043593,2.148374491340927
2025-02-04,2.082540124043593,2.148374491340927
2025-02-05,2.082540124043593,2.148374491340927
2025-02-06,2.082540124043593,2.148374491340927
2025-02-07,2.082540124043593,2.148374491340927
2025-02-10,2.082540124043593,2.148374491340927
2025-02-11,2.082540124043593,2.148374491340927
2025-02-12,2.082540124043593,2.148374491340927
2025-02-13,2.082540124043593,2.148374491340927
2025-02-14,2.082540124043593,2.148374491340927
2025-02-17,2.082540124043593,2.148374491340927
2025-02-18,2.082540124043593,2.148374491340927
2025-02-19,2.082540124043593,2.148374491340927
2025-02-20,2.082540124043593,2.148374491340927
2025-02-21,2.082540124043593,2.148374491340927
2025-02-24,2.082540124043593,2.148374491340927
2025-02-25,2.082540124043593,2.148374491340927
2025-02-26,2.082540124043593,2.148374491340927
2025-02-27,2.082540124043593,2.148374491340927
2025-02-28,2.082540124043593,2.148374491340927
2025-03-03,1.752618934095916,2.27514194980102
2025-03-04,1.752618934095916,2.27514194980102
2025-03-05,1.752618934095916,2.27514194980102
2025-03-06,1.752618934095916,2.27514194980102
2025-03-07,1.752618934095916,2.27514194980102
2025-03-10,1.752618934095916,2.27514194980102
2025-03-11,1.752618934095916,2.27514194980102
2025-03-12,1.752618934095916,2.27514194980102
2025-03-13,1.752618934095916,2.27514194980102
2025-03-14,1.752618934095916,2.27514194980102
2025-03-17,1.752618934095916,2.27514194980102
2025-03-18,1.752618934095916,2.27514194980102
2025-03-19,1.752618934095916,2.27514194980102
2025-03-20,1.752618934095916,2.27514194980102
2025-03-21,1.752618934095916,2.27514194980102
2025-03-24,1.752618934095916,2.27514194980102
2025-03-25,1.752618934095916,2.27514194980102
2025-03-26,1.752618934095916,2.27514194980102
2025-03-27,1.752618934095916,2.27514194980102
2025-03-28,1.752618934095916,2.27514194980102
2025-03-31,1.752618934095916,2.27514194980102
2025-04-01,1.363726899401601,2.2150923060099297
2025-04-02,1.363726899401601,2.2150923060099297
2025-04-03,1.363726899401601,2.2150923060099297
2025-04-04,1.363726899401601,2.2150923060099297
2025-04-07,1.363726899401601,2.2150923060099297
2025-04-08,1.363726899401601,2.2150923060099297
2025-04-09,1.363726899401601,2.2150923060099297
2025-04-10,1.363726899401601,2.2150923060099297
2025-04-11,1.363726899401601,2.2150923060099297
2025-04-14,1.363726899401601,2.2150923060099297
2025-04-15,1.363726899401601,2.2150923060099297
2025-04-16,1.363726899401601,2.2150923060099297
2025-04-17,1.363726899401601,2.2150923060099297
2025-04-18,1.363726899401601,2.2150923060099297
2025-04-21,1.363726899401601,2.2150923060099297
2025-04-22,1.363726899401601,2.2150923060099297
2025-04-23,1.363726899401601,2.2150923060099297
2025-04-24,1.363726899401601,2.2150923060099297
2025-04-25,1.363726899401601,2.2150923060099297
2025-04-28,1.363726899401601,2.2150923060099297
2025-04-29,1.363726899401601,2.2150923060099297
2025-04-30,1.363726899401601,2.2150923060099297
2025-05-01,1.0440569218924343,2.34620037998556
2025-05-02,1.0440569218924343,2.34620037998556
2025-05-05,1.0440569218924343,2.34620037998556
2025-05-06,1.0440569218924343,2.34620037998556
2025-05-07,1.0440569218924343,2.34620037998556
2025-05-08,1.0440569218924343,2.34620037998556
2025-05-09,1.0440569218924343,2.34620037998556
2025-05-12,1.0440569218924343,2.34620037998556
2025-05-13,1.0440569218924343,2.34620037998556
2025-05-14,1.0440569218924343,2.34620037998556
2025-05-15,1.0440569218924343,2.34620037998556
2025-05-16,1.0440569218924343,2.34620037998556
2025-05-19,1.0440569218924343,2.34620037998556
2025-05-20,1.0440569218924343,2.34620037998556
2025-05-21,1.0440569218924343,2.34620037998556
2025-05-22,1.0440569218924343,2.34620037998556
2025-05-23,1.0440569218924343,2.34620037998556
2025-05-26,1.0440569218924343,2.34620037998556
2025-05-27,1.0440569218924343,2.34620037998556
2025-05-28,1.0440569218924343,2.34620037998556
2025-05-29,1.0440569218924343,2.34620037998556
2025-05-30,1.0440569218924343,2.34620037998556
2025-06-02,1.0440569218924343,2.34620037998556
2025-06-03,1.7857015299740058,2.2022245986829745
2025-06-04,1.7857015299740058,2.2022245986829745
2025-06-05,1.7857015299740058,2.2022245986829745
2025-06-06,1.7857015299740058,2.2022245986829745
2025-06-09,1.7857015299740058,2.2022245986829745
2025-06-10,1.7857015299740058,2.2022245986829745
2025-06-11,1.7857015299740058,2.2022245986829745
2025-06-12,1.7857015299740058,2.2022245986829745
2025-06-13,1.7857015299740058,2.2022245986829745
2025-06-16,1.7857015299740058,2.2022245986829745
2025-06-17,1.7857015299740058,2.2022245986829745
2025-06-18,1.7857015299740058,2.2022245986829745
2025-06-19,1.7857015299740058,2.2022245986829745
2025-06-20,1.7857015299740058,2.2022245986829745
2025-06-23,1.7857015299740058,2.2022245986829745
2025-06-24,1.7857015299740058,2.2022245986829745
2025-06-25,1.7857015299740058,2.2022245986829745
2025-06-26,1.7857015299740058,2.2022245986829745
2025-06-27,1.7857015299740058,2.2022245986829745
2025-06-30,1.7857015299740058,2.2022245986829745
2025-07-01,2.0682155985659483,2.280611033702237
2025-07-02,2.0682155985659483,2.280611033702237
2025-07-03,2.0682155985659483,2.280611033702237
2025-07-04,2.0682155985659483,2.280611033702237
2025-07-07,2.0682155985659483,2.280611033702237
2025-07-08,2.0682155985659483,2.280611033702237
2025-07-09,2.0682155985659483,2.280611033702237
2025-07-10,2.0682155985659483,2.280611033702237
2025-07-11,2.0682155985659483,2.280611033702237
2025-07-14,2.0682155985659483,2.280611033702237
2025-07-15,2.0682155985659483,2.280611033702237
2025-07-16,2.0682155985659483,2.280611033702237
2025-07-17,2.0682155985659483,2.280611033702237
2025-07-18,2.0682155985659483,2.280611033702237
2025-07-21,2.0682155985659483,2.280611033702237
2025-07-22,2.0682155985659483,2.280611033702237
2025-07-23,2.0682155985659483,2.280611033702237
2025-07-24,2.0682155985659483,2.280611033702237
2025-07-25,2.0682155985659483,2.280611033702237
2025-07-28,2.0682155985659483,2.280611033702237
2025-07-29,2.0682155985659483,2.280611033702237
2025-07-30,2.0682155985659483,2.280611033702237
2025-07-31,2.0682155985659483,2.280611033702237
2025-08-01,2.1686787295843306,2.350339727580757
2025-08-04,2.1686787295843306,2.350339727580757
2025-08-05,2.1686787295843306,2.350339727580757
2025-08-06,2.1686787295843306,2.350339727580757
2025-08-07,2.1686787295843306,2.350339727580757
2025-08-08,2.1686787295843306,2.350339727580757
2025-08-11,2.1686787295843306,2.350339727580757
2025-08-12,2.1686787295843306,2.350339727580757
2025-08-13,2.1686787295843306,2.350339727580757
2025-08-14,2.1686787295843306,2.350339727580757
2025-08-15,2.1686787295843306,2.350339727580757
2025-08-18,2.1686787295843306,2.350339727580757
2025-08-19,2.1686787295843306,2.350339727580757
2025-08-20,2.1686787295843306,2.350339727580757
2025-08-21,2.1686787295843306,2.350339727580757
2025-08-22,2.1686787295843306,2.350339727580757
2025-08-25,2.1686787295843306,2.350339727580757
2025-08-26,2.1686787295843306,2.350339727580757
2025-08-27,2.1686787295843306,2.350339727580757
2025-08-28,2.1686787295843306,2.350339727580757
2025-08-29,2.1686787295843306,2.350339727580757
2025-09-01,2.1686787295843306,2.350339727580757
2025-09-02,2.3014649396094446,2.3595182891099586
2025-09-03,2.3014649396094446,2.3595182891099586
2025-09-04,2.3014649396094446,2.3595182891099586
2025-09-05,2.3014649396094446,2.3595182891099586
2025-09-08,2.3014649396094446,2.3595182891099586
2025-09-09,2.3014649396094446,2.3595182891099586
2025-09-10,2.3014649396094446,2.3595182891099586
2025-09-11,2.3014649396094446,2.3595182891099586
2025-09-12,2.3014649396094446,2.3595182891099586
2025-09-15,2.3014649396094446,2.3595182891099586
2025-09-16,2.3014649396094446,2.3595182891099586
2025-09-17,2.3014649396094446,2.3595182891099586
2025-09-18,2.3014649396094446,2.3595182891099586
2025-09-19,2.3014649396094446,2.3595182891099586
2025-09-22,2.3014649396094446,2.3595182891099586
2025-09-23,2.3014649396094446,2.3595182891099586
2025-09-24,2.3014649396094446,2.3595182891099586
2025-09-25,2.3014649396094446,2.3595182891099586
2025-09-26,2.3014649396094446,2.3595182891099586
2025-09-29,2.3014649396094446,2.3595182891099586
2025-09-30,2.3014649396094446,2.3595182891099586
2025-10-01,2.322168563509442,2.547681084779723
2025-10-02,2.322168563509442,2.547681084779723
2025-10-03,2.322168563509442,2.547681084779723
2025-10-06,2.322168563509442,2.547681084779723
2025-10-07,2.322168563509442,2.547681084779723
2025-10-08,2.322168563509442,2.547681084779723
2025-10-09,2.322168563509442,2.547681084779723
2025-10-10,2.322168563509442,2.547681084779723
2025-10-13,2.322168563509442,2.547681084779723
2025-10-14,2.322168563509442,2.547681084779723
2025-10-15,2.322168563509442,2.547681084779723
2025-10-16,2.322168563509442,2.547681084779723
2025-10-17,2.322168563509442,2.547681084779723
2025-10-20,2.322168563509442,2.547681084779723
2025-10-21,2.322168563509442,2.547681084779723
2025-10-22,2.322168563509442,2.547681084779723
2025-10-23,2.322168563509442,2.547681084779723
2025-10-24,2.322168563509442,2.547681084779723
2025-10-27,2.322168563509442,2.547681084779723
2025-10-28,2.322168563509442,2.547681084779723
2025-10-29,2.322168563509442,2.547681084779723
2025-10-30,2.322168563509442,2.547681084779723
2025-10-31,2.322168563509442,2.547681084779723
