date,USA_financial_markets_f1__USA_financial_markets_f2
1999-02-01,-0.10510527466005379
1999-02-02,-0.3529487097105886
1999-02-03,-0.5280149324082458
1999-02-04,-0.6472769730337665
1999-02-05,-0.7284757040415697
1999-02-08,-0.7837373806275625
1999-02-09,-0.821336846050899
1999-02-10,-0.8469144309769231
1999-02-11,-0.8643117828563412
1999-02-12,-0.8761441015091334
1999-02-15,-0.8841910545578386
1999-02-16,-0.8896634315468989
1999-02-17,-0.8933848537143788
1999-02-18,-0.8959155147494614
1999-02-19,-0.8976364068772243
1999-02-22,-0.89880663267245
1999-02-23,-0.8996023946857082
1999-02-24,-0.900143516512786
1999-02-25,-0.9005114808701192
1999-02-26,-0.9007616972135326
1999-03-01,-0.9009318445137919
1999-03-02,-0.8925161463549443
1999-03-03,-0.8946136660557582
1999-03-04,-0.896395982728178
1999-03-05,-0.8977743727456383
1999-03-08,-0.8987893401988747
1999-03-09,-0.8995156848937673
1999-03-10,-0.9000264101045192
1999-03-11,-0.9003815054273528
1999-03-12,-0.9006265873073601
1999-03-15,-0.9007949184736282
1999-03-16,-0.9009101593269718
1999-03-17,-0.9009888820425688
1999-03-18,-0.9010425795323607
1999-03-19,-0.9010791706168607
1999-03-22,-0.9011040880603444
1999-03-23,-0.901121048334769
1999-03-24,-0.9011325889060823
1999-03-25,-0.9011404399982658
1999-03-26,-0.9011457803585834
1999-03-29,-0.9011494125498776
1999-03-30,-0.9011518827838587
1999-03-31,-0.9011535627011821
1999-04-01,-0.7029749281702434
1999-04-02,-0.7471503387984716
1999-04-05,-0.7853727051294798
1999-04-06,-0.8162736215809239
1999-04-07,-0.840072497190341
1999-04-08,-0.8577582760514835
1999-04-09,-0.8705617780953291
1999-04-12,-0.8796574507042423
1999-04-13,-0.8860329329187179
1999-04-14,-0.8904598286628537
1999-04-15,-0.8935136190652632
1999-04-16,-0.8956106884157495
1999-04-19,-0.8970462919333898
1999-04-20,-0.8980269780556318
1999-04-21,-0.898695926220159
1999-04-22,-0.8991517771950005
1999-04-23,-0.8994622037252574
1999-04-26,-0.8996735011476444
1999-04-27,-0.8998172793418056
1999-04-28,-0.8999150928713084
1999-04-29,-0.8999816265624451
1999-04-30,-0.9000268789295726
1999-05-03,-0.8420132592596683
1999-05-04,-0.854055896125908
1999-05-05,-0.8655198187415467
1999-05-06,-0.8750755670116772
1999-05-07,-0.8824878821362981
1999-05-10,-0.8879890502006703
1999-05-11,-0.8919565011393789
1999-05-12,-0.8947638472652774
1999-05-13,-0.8967250294122613
1999-05-14,-0.8980832772444302
1999-05-17,-0.8990184469558861
1999-05-18,-0.8996597612802913
1999-05-19,-0.9000983682712762
1999-05-20,-0.9003977884027284
1999-05-21,-0.9006019354958756
1999-05-24,-0.9007410063361223
1999-05-25,-0.9008356906094792
1999-05-26,-0.9009001296233927
1999-05-27,-0.9009439729831877
1999-05-28,-0.9009737979403486
1999-05-31,-0.9009940842080166
1999-06-01,-0.9023077161215495
1999-06-02,-0.9019269083814823
1999-06-03,-0.9016712631707854
1999-06-04,-0.9014990316356283
1999-06-07,-0.9013826832354066
1999-06-08,-0.9013039302759194
1999-06-09,-0.9012505492353119
1999-06-10,-0.9012143300461597
1999-06-11,-0.9011897382308459
1999-06-14,-0.9011730331055544
1999-06-15,-0.9011616816561673
1999-06-16,-0.9011539663984328
1999-06-17,-0.9011487217520864
1999-06-18,-0.9011451561945605
1999-06-21,-0.9011427319877078
1999-06-22,-0.9011410837000553
1999-06-23,-0.9011399629450138
1999-06-24,-0.9011392008692113
1999-06-25,-0.9011386826753148
1999-06-28,-0.9011383303117962
1999-06-29,-0.9011380907085709
1999-06-30,-0.9011379277802906
1999-07-01,-0.6880765526792758
1999-07-02,-0.7349163331414543
1999-07-05,-0.7723923021081526
1999-07-06,-0.8010937891992873
1999-07-07,-0.8223474496306019
1999-07-08,-0.8376965709422426
1999-07-09,-0.8485820177377283
1999-07-12,-0.8562027968790914
1999-07-13,-0.8614898892323638
1999-07-14,-0.8651349086039666
1999-07-15,-0.8676369557470466
1999-07-16,-0.8693493141491399
1999-07-19,-0.8705188299931264
1999-07-20,-0.8713164775156073
1999-07-21,-0.8718599807805321
1999-07-22,-0.8722300741533596
1999-07-23,-0.8724819743009931
1999-07-26,-0.8726533758795482
1999-07-27,-0.8727699795610702
1999-07-28,-0.8728492934406171
1999-07-29,-0.8729032376660081
1999-07-30,-0.8729399247109897
1999-08-02,-0.8729648741889235
1999-08-03,-0.5400911729141769
1999-08-04,-0.5486588031932585
1999-08-05,-0.573408559501323
1999-08-06,-0.6092860895073705
1999-08-09,-0.6516854407097497
1999-08-10,-0.6961904980096769
1999-08-11,-0.7389067693394729
1999-08-12,-0.7769603390868496
1999-08-13,-0.8087889419796486
1999-08-16,-0.8340593402749658
1999-08-17,-0.8533062099448157
1999-08-18,-0.8675041903835401
1999-08-19,-0.8777311470870286
1999-08-20,-0.8849712838435125
1999-08-23,-0.890034031723802
1999-08-24,-0.893543631196562
1999-08-25,-0.8959619116446317
1999-08-26,-0.8976212850998379
1999-08-27,-0.8987566518569519
1999-08-30,-0.8995319610902317
1999-08-31,-0.9000606869524976
1999-09-01,-0.901510937408313
1999-09-02,-0.9014070304516333
1999-09-03,-0.9013500857698934
1999-09-06,-0.9013179257294658
1999-09-07,-0.9012991634086703
1999-09-08,-0.9012878646547074
1999-09-09,-0.9012808638318852
1999-09-10,-0.9012764211333265
1999-09-13,-0.9012735478224054
1999-09-14,-0.9012716625144261
1999-09-15,-0.9012704122741582
1999-09-16,-0.9012695768245576
1999-09-17,-0.9012690155300868
1999-09-20,-0.9012686370018588
1999-09-21,-0.9012683810610006
1999-09-22,-0.9012682076958614
1999-09-23,-0.9012680901196498
1999-09-24,-0.9012680103121936
1999-09-27,-0.9012679561099118
1999-09-28,-0.901267919283263
1999-09-29,-0.9012678942554442
1999-09-30,-0.9012678772431488
1999-10-01,-0.8987751380540775
1999-10-04,-0.8992291862374429
1999-10-05,-0.8997299645544774
1999-10-06,-0.9001628288923121
1999-10-07,-0.9005010663934718
1999-10-08,-0.9007517562042803
1999-10-11,-0.9009319193859102
1999-10-12,-0.9010589539687546
1999-10-13,-0.90114744229021
1999-10-14,-0.9012085917503052
1999-10-15,-0.9012506266330077
1999-10-18,-0.9012794203387895
1999-10-19,-0.9012990972779025
1999-10-20,-0.9013125225855266
1999-10-21,-0.9013216726062323
1999-10-22,-0.901327904244644
1999-10-25,-0.9013321462082957
1999-10-26,-0.9013350328000562
1999-10-27,-0.9013369966325501
1999-10-28,-0.901338332477368
1999-10-29,-0.9013392410542852
1999-11-01,-0.9013398589799048
1999-11-02,-0.7914337838028028
1999-11-03,-0.8214810286278178
1999-11-04,-0.844202483252559
1999-11-05,-0.8608029593954226
1999-11-08,-0.8726589304267126
1999-11-09,-0.8809965121584582
1999-11-10,-0.8867979772759698
1999-11-11,-0.8908054788383427
1999-11-12,-0.893559977561709
1999-11-15,-0.8954467900438948
1999-11-16,-0.8967362330295411
1999-11-17,-0.897616034484496
1999-11-18,-0.8982156824552479
1999-11-19,-0.8986240840186945
1999-11-22,-0.8989020938408775
1999-11-23,-0.8990912778144391
1999-11-24,-0.8992199863912123
1999-11-25,-0.8993075375483216
1999-11-26,-0.8993670858714935
1999-11-29,-0.899407584972608
1999-11-30,-0.8994351272346486
1999-12-01,-0.8274719106483979
1999-12-02,-0.8411839337046767
1999-12-03,-0.8549773279123337
1999-12-06,-0.866896031929676
1999-12-07,-0.8763776728225177
1999-12-08,-0.8835417550663791
1999-12-09,-0.8887741776020874
1999-12-10,-0.8925094753742548
1999-12-13,-0.8951349768535204
1999-12-14,-0.896961027760448
1999-12-15,-0.8982219501225395
1999-12-16,-0.8990883825276461
1999-12-17,-0.8996817599543336
1999-12-20,-0.9000872126827858
1999-12-21,-0.9003638288976376
1999-12-22,-0.9005523491235605
1999-12-23,-0.900680737977373
1999-12-24,-0.9007681326960233
1999-12-27,-0.9008276028695206
1999-12-28,-0.900868061892554
1999-12-29,-0.900895582945564
1999-12-30,-0.9009143013772306
1999-12-31,-0.9009270318080983
2000-01-03,-0.8952774559291284
2000-01-04,-0.8970114488271036
2000-01-05,-0.8981595590642253
2000-01-06,-0.8989262464392495
2000-01-07,-0.899441207552188
2000-01-10,-0.8997884599213171
2000-01-11,-0.9000232508044445
2000-01-12,-0.900182291779303
2000-01-13,-0.9002901553802934
2000-01-14,-0.9003633714693521
2000-01-17,-0.9004130978380753
2000-01-18,-0.9004468837757471
2000-01-19,-0.9004698452683015
2000-01-20,-0.9004854530930875
2000-01-21,-0.9004960636399945
2000-01-24,-0.9005032775260687
2000-01-25,-0.9005081823717802
2000-01-26,-0.9005115173893262
2000-01-27,-0.9005137850718459
2000-01-28,-0.9005153270353824
2000-01-31,-0.9005163755420745
2000-02-01,-0.904452198193863
2000-02-02,-0.9032724344553053
2000-02-03,-0.9024989342784052
2000-02-04,-0.90198916480121
2000-02-07,-0.9016510596273298
2000-02-08,-0.9014254536484932
2000-02-09,-0.9012741518324814
2000-02-10,-0.9011722814993254
2000-02-11,-0.9011034916294688
2000-02-14,-0.9010569414454157
2000-02-15,-0.9010253935560693
2000-02-16,-0.9010039905339923
2000-02-17,-0.9009894595238274
2000-02-18,-0.9009795891384106
2000-02-21,-0.9009728822407818
2000-02-22,-0.9009683238521958
2000-02-23,-0.9009652252150707
2000-02-24,-0.9009631186366701
2000-02-25,-0.9009616863929867
2000-02-28,-0.9009607125739694
2000-02-29,-0.9009600504267
2000-03-01,-0.8858523132903954
2000-03-02,-0.8890277244581599
2000-03-03,-0.8920286519041011
2000-03-06,-0.8944866235902077
2000-03-07,-0.8963612158370448
2000-03-08,-0.8977334140003117
2000-03-09,-0.8987127664891852
2000-03-10,-0.8994005054281564
2000-03-13,-0.899878364865205
2000-03-14,-0.900208064803803
2000-03-15,-0.9004344725564142
2000-03-16,-0.9005894565981629
2000-03-17,-0.9006953217747367
2000-03-20,-0.9007675305860992
2000-03-21,-0.9008167346387328
2000-03-22,-0.9008502406121034
2000-03-23,-0.900873046509246
2000-03-24,-0.9008885646124872
2000-03-27,-0.9008991215859697
2000-03-28,-0.9009063024811834
2000-03-29,-0.9009111864833685
2000-03-30,-0.9009145080626645
2000-03-31,-0.9009167669472051
2000-04-03,-0.7996533755637787
2000-04-04,-0.8225694629186308
2000-04-05,-0.8426415428257518
2000-04-06,-0.8587119687750123
2000-04-07,-0.8709054852916837
2000-04-10,-0.8798386087380659
2000-04-11,-0.8862301947296045
2000-04-12,-0.8907301711159882
2000-04-13,-0.8938636113848135
2000-04-14,-0.8960291031031773
2000-04-17,-0.8975179618963651
2000-04-18,-0.8985380159843734
2000-04-19,-0.8992352068239168
2000-04-20,-0.8997109480956234
2000-04-21,-0.900035218296134
2000-04-24,-0.9002560770204788
2000-04-25,-0.9004064252898434
2000-04-26,-0.900508738135881
2000-04-27,-0.9005783460167319
2000-04-28,-0.900625695612443
2000-05-01,-0.9006579008324935
2000-05-02,-0.7256895384952321
2000-05-03,-0.766881989180999
2000-05-04,-0.8004092352843507
2000-05-05,-0.8264695213270852
2000-05-08,-0.8460022688346883
2000-05-09,-0.8602419194814322
2000-05-10,-0.8704118664938882
2000-05-11,-0.8775682532828274
2000-05-12,-0.8825512876804725
2000-05-15,-0.8859954836632814
2000-05-16,-0.8883638873190777
2000-05-17,-0.8899867730310294
2000-05-18,-0.8910961153121526
2000-05-19,-0.891853159496325
2000-05-22,-0.8923691998766575
2000-05-23,-0.8927206872387823
2000-05-24,-0.8929599672824816
2000-05-25,-0.8931228020425727
2000-05-26,-0.8932335871765906
2000-05-29,-0.8933089476370841
2000-05-30,-0.8933602050172079
2000-05-31,-0.8933950656930716
2000-06-01,-0.7575267083051008
2000-06-02,-0.7716142966864126
2000-06-05,-0.7919752128332005
2000-06-06,-0.8138403168588828
2000-06-07,-0.8341588623396364
2000-06-08,-0.8513791214452823
2000-06-09,-0.8650641965774785
2000-06-12,-0.8754497612221426
2000-06-13,-0.8830752032336114
2000-06-14,-0.8885442129167662
2000-06-15,-0.8924024273847784
2000-06-16,-0.8950931553514848
2000-06-19,-0.8969548002396479
2000-06-20,-0.8982357859643757
2000-06-21,-0.8991139176014491
2000-06-22,-0.8997143422441055
2000-06-23,-0.900124164087424
2000-06-26,-0.9004035547509991
2000-06-27,-0.9005938704138368
2000-06-28,-0.9007234379030741
2000-06-29,-0.9008116145214738
2000-06-30,-0.900871607326805
2000-07-03,-0.7201046005788367
2000-07-04,-0.7564856744976509
2000-07-05,-0.7903508606054672
2000-07-06,-0.8189480630666026
2000-07-07,-0.8416140478558589
2000-07-10,-0.8587923005821728
2000-07-11,-0.8713988947378801
2000-07-12,-0.8804396416681196
2000-07-13,-0.8868181198216212
2000-07-14,-0.8912670488431441
2000-07-17,-0.8943455219747083
2000-07-18,-0.896464011119908
2000-07-19,-0.8979163724825965
2000-07-20,-0.8989094834465492
2000-07-21,-0.8995873615781838
2000-07-24,-0.9000495089772622
2000-07-25,-0.9003643211800588
2000-07-26,-0.9005786491562241
2000-07-27,-0.9007245105087507
2000-07-28,-0.9008237509505094
2000-07-31,-0.9008912597390921
2000-08-01,-0.8927380244908573
2000-08-02,-0.8944534882998675
2000-08-03,-0.896144161552019
2000-08-04,-0.8975518044740253
2000-08-07,-0.8986337849967153
2000-08-08,-0.8994290962546412
2000-08-09,-0.8999980685648824
2000-08-10,-0.9003981926121287
2000-08-11,-0.9006764560565743
2000-08-14,-0.9008685530920362
2000-08-15,-0.90100051635652
2000-08-16,-0.9010908717841482
2000-08-17,-0.9011526009830424
2000-08-18,-0.9011947099703139
2000-08-21,-0.901223405693772
2000-08-22,-0.9012429472864235
2000-08-23,-0.9012562487482458
2000-08-24,-0.9012652998338592
2000-08-25,-0.9012714573865003
2000-08-28,-0.9012756458218739
2000-08-29,-0.9012784945575474
2000-08-30,-0.9012804319741585
2000-08-31,-0.9012817495446134
2000-09-01,-0.7145666489199457
2000-09-04,-0.7599830076609115
2000-09-05,-0.7945912799784219
2000-09-06,-0.8201219806022961
2000-09-07,-0.8385088237100016
2000-09-08,-0.851522696310646
2000-09-11,-0.8606208006894189
2000-09-12,-0.8669266555706546
2000-09-13,-0.871271090081203
2000-09-14,-0.8742518488849839
2000-09-15,-0.8762911788175919
2000-09-18,-0.8776837077182107
2000-09-19,-0.8786333159647469
2000-09-20,-0.8792802969824688
2000-09-21,-0.8797208220902663
2000-09-22,-0.8800206467430757
2000-09-25,-0.8802246512791153
2000-09-26,-0.8803634315736583
2000-09-27,-0.8804578285965079
2000-09-28,-0.8805220307633977
2000-09-29,-0.8805656938545785
2000-10-02,-0.8805953873403806
2000-10-03,-0.5990796371001601
2000-10-04,-0.6067968997217305
2000-10-05,-0.629968045575675
2000-10-06,-0.6631138526084964
2000-10-09,-0.7012830517376825
2000-10-10,-0.7400745490616071
2000-10-11,-0.7760393786619064
2000-10-12,-0.8070197593785235
2000-10-13,-0.8321643748356001
2000-10-16,-0.8516312818752263
2000-10-17,-0.86616445535149
2000-10-18,-0.8767233884639727
2000-10-19,-0.8842443341770524
2000-10-20,-0.8895259990467775
2000-10-23,-0.893198259779953
2000-10-24,-0.8957338205978129
2000-10-25,-0.8974761248279096
2000-10-26,-0.8986693859846694
2000-10-27,-0.8994847676302609
2000-10-30,-0.9000410715277939
2000-10-31,-0.9004202145313214
2000-11-01,-0.672018403088727
2000-11-02,-0.7103673234108778
2000-11-03,-0.7494164888324313
2000-11-06,-0.7848449126282628
2000-11-07,-0.8145956896915253
2000-11-08,-0.8381888715168803
2000-11-09,-0.856109989288085
2000-11-10,-0.8692932529029781
2000-11-13,-0.8787668500522303
2000-11-14,-0.8854613025992971
2000-11-15,-0.8901360852148913
2000-11-16,-0.893373555964037
2000-11-17,-0.8956027794367483
2000-11-20,-0.897131685956373
2000-11-21,-0.8981774353497329
2000-11-22,-0.8988913830960517
2000-11-23,-0.8993781863932279
2000-11-24,-0.8997098244215599
2000-11-27,-0.8999356217310226
2000-11-28,-0.9000892951057436
2000-11-29,-0.9001938536855293
2000-11-30,-0.9002649815672181
2000-12-01,-0.29755815379619854
2000-12-04,0.038498751513714596
2000-12-05,0.28403938439973514
2000-12-06,0.46118350580795237
2000-12-07,0.5872862150318453
2000-12-08,0.6760042503200324
2000-12-11,0.7378344954327766
2000-12-12,0.780618547265363
2000-12-13,0.8100687969175652
2000-12-14,0.8302650850709985
2000-12-15,0.8440788453626833
2000-12-18,0.8535098451908452
2000-12-19,0.8599404953570238
2000-12-20,0.8643215130395479
2000-12-21,0.8673044008536474
2000-12-22,0.8693345240851144
2000-12-25,0.8707158224977986
2000-12-26,0.8716554821736732
2000-12-27,0.8722946248242596
2000-12-28,0.8727293221606531
2000-12-29,0.8730249533703387
2001-01-01,0.8732259996200545
2001-01-02,0.6220381324067169
2001-01-03,0.21224373681278355
2001-01-04,-0.09434661966468208
2001-01-05,-0.3194243756747145
2001-01-08,-0.4817184998917132
2001-01-09,-0.596969205565559
2001-01-10,-0.6778299762104022
2001-01-11,-0.7340477062816124
2001-01-12,-0.7728732444644522
2001-01-15,-0.7995600775188866
2001-01-16,-0.8178421267921223
2001-01-17,-0.8303373127679803
2001-01-18,-0.8388636595811754
2001-01-19,-0.844675368353074
2001-01-22,-0.8486337377563242
2001-01-23,-0.8513284004116833
2001-01-24,-0.8531621472820716
2001-01-25,-0.8544097319296365
2001-01-26,-0.8552583838391712
2001-01-29,-0.8558356030655727
2001-01-30,-0.8562281748349188
2001-01-31,-0.8564951525099297
2001-02-01,-0.4208435604646006
2001-02-02,-0.43399554282829356
2001-02-05,-0.46269086712815216
2001-02-06,-0.5029752666750169
2001-02-07,-0.5514383073253188
2001-02-08,-0.6044584170297407
2001-02-09,-0.6581769574284969
2001-02-12,-0.7089437534631391
2001-02-13,-0.7539299616742945
2001-02-14,-0.7915487513510182
2001-02-15,-0.8214756932646213
2001-02-16,-0.8443292970092814
2001-02-19,-0.8612304126214639
2001-02-20,-0.8734301237394609
2001-02-21,-0.8820809907487723
2001-02-22,-0.8881375480920919
2001-02-23,-0.8923397484689995
2001-02-26,-0.8952370546425419
2001-02-27,-0.8972259840993866
2001-02-28,-0.8985872445938431
2001-03-01,-0.6295332114948278
2001-03-02,-0.691115824559418
2001-03-05,-0.7418545199125384
2001-03-06,-0.7818328116338534
2001-03-07,-0.8121736720112002
2001-03-08,-0.8345224503858039
2001-03-09,-0.8506126767816942
2001-03-12,-0.8620029921936252
2001-03-13,-0.8699685482863129
2001-03-14,-0.8754911548734202
2001-03-15,-0.8792969533595064
2001-03-16,-0.8819086676770703
2001-03-19,-0.8836957710828464
2001-03-20,-0.8849161977272133
2001-03-21,-0.885748505120998
2001-03-22,-0.8863155963414597
2001-03-23,-0.8867017385779452
2001-03-26,-0.8869645561859698
2001-03-27,-0.887143383607791
2001-03-28,-0.8872650377764962
2001-03-29,-0.8873477864098307
2001-03-30,-0.8874040664625538
2001-04-02,-0.8874423419595754
2001-04-03,-0.8783743116399757
2001-04-04,-0.8834308944956045
2001-04-05,-0.8872788972668875
2001-04-06,-0.8901059277324797
2001-04-09,-0.8921330218115502
2001-04-10,-0.8935624001366295
2001-04-11,-0.8945587820229536
2001-04-12,-0.895247881975165
2001-04-13,-0.8957219042931885
2001-04-16,-0.8960467806932597
2001-04-17,-0.8962688806852579
2001-04-18,-0.8964204589875435
2001-04-19,-0.8965237875564718
2001-04-20,-0.8965941692984277
2001-04-23,-0.8966420836593804
2001-04-24,-0.8966746907662804
2001-04-25,-0.8966968753151656
2001-04-26,-0.8967119662215436
2001-04-27,-0.8967222305368701
2001-04-30,-0.8967292114237505
2001-05-01,-0.7299626003846903
2001-05-02,-0.7523927177868257
2001-05-03,-0.7794444328710459
2001-05-04,-0.806082369870634
2001-05-07,-0.8295437144546877
2001-05-08,-0.8487196151221061
2001-05-09,-0.8635785308845427
2001-05-10,-0.8746566318325589
2001-05-11,-0.8826901538153614
2001-05-14,-0.8884022295487021
2001-05-15,-0.8924078668458691
2001-05-16,-0.8951899095447636
2001-05-17,-0.8971092914290699
2001-05-18,-0.8984274490211435
2001-05-21,-0.8993298672211053
2001-05-22,-0.8999463410228251
2001-05-23,-0.9003668584658782
2001-05-24,-0.900653420621786
2001-05-25,-0.9008485657068528
2001-05-28,-0.9009813953010176
2001-05-29,-0.9010717799972986
2001-05-30,-0.9011332695920854
2001-05-31,-0.9011750954512524
2001-06-01,-0.8141782412898018
2001-06-04,-0.8314980808114
2001-06-05,-0.8482291581257837
2001-06-06,-0.8623510076721148
2001-06-07,-0.87341944436228
2001-06-08,-0.8817010776421926
2001-06-11,-0.8877103008159638
2001-06-12,-0.8919812698364401
2001-06-13,-0.8949743461494064
2001-06-14,-0.897051839438547
2001-06-15,-0.8984844179044136
2001-06-18,-0.8994678839651948
2001-06-19,-0.9001409849117409
2001-06-20,-0.9006007141498407
2001-06-21,-0.900914268050548
2001-06-22,-0.901127919555966
2001-06-25,-0.9012734039692287
2001-06-26,-0.90137242656601
2001-06-27,-0.9014398050311835
2001-06-28,-0.9014856423065785
2001-06-29,-0.9015168208532088
2001-07-02,-0.9015380265096975
2001-07-03,-0.8029117125003153
2001-07-04,-0.8268153074277304
2001-07-05,-0.8467336585115696
2001-07-06,-0.862176419041032
2001-07-09,-0.8736401955474901
2001-07-10,-0.8819128489799373
2001-07-11,-0.88777040468943
2001-07-12,-0.8918648130436195
2001-07-13,-0.8947017698792922
2001-07-16,-0.8966557238907389
2001-07-17,-0.897996028759658
2001-07-18,-0.8989128512874365
2001-07-19,-0.8995388084243345
2001-07-20,-0.8999656277893776
2001-07-23,-0.9002564065535993
2001-07-24,-0.900454386898835
2001-07-25,-0.9005891295728358
2001-07-26,-0.9006808082479466
2001-07-27,-0.9007431745418891
2001-07-30,-0.900785595070918
2001-07-31,-0.9008144463122628
2001-08-01,-0.8471829897796651
2001-08-02,-0.8560357222179006
2001-08-03,-0.8659277332578648
2001-08-06,-0.8748737315227696
2001-08-07,-0.8821661734158988
2001-08-08,-0.887755949879479
2001-08-09,-0.8918752024760165
2001-08-10,-0.8948327451387745
2001-08-13,-0.8969193845349092
2001-08-14,-0.8983742667543645
2001-08-15,-0.8993805610092412
2001-08-16,-0.9000728005286005
2001-08-17,-0.9005472390753094
2001-08-20,-0.9008715865427529
2001-08-21,-0.9010929458985506
2001-08-22,-0.901243842661684
2001-08-23,-0.9013466249661642
2001-08-24,-0.9014165967785024
2001-08-27,-0.9014642145438307
2001-08-28,-0.901496611697597
2001-08-29,-0.9015186496497788
2001-08-30,-0.901533639098396
2001-08-31,-0.9015438336025646
2001-09-03,-0.8394111422564892
2001-09-04,-0.8504228162840822
2001-09-05,-0.8620215977802324
2001-09-06,-0.872211926392101
2001-09-07,-0.8803772989174873
2001-09-10,-0.8865680297738868
2001-09-11,-0.8910973667203235
2001-09-12,-0.894333704839226
2001-09-13,-0.8966096412396267
2001-09-14,-0.8981930273163115
2001-09-17,-0.8992865745030866
2001-09-18,-0.9000380766210792
2001-09-19,-0.9005527785962336
2001-09-20,-0.9009044879640303
2001-09-21,-0.9011444451269799
2001-09-24,-0.9013079844640828
2001-09-25,-0.9014193618643228
2001-09-26,-0.9014951774716767
2001-09-27,-0.9015467686102989
2001-09-28,-0.901581867467297
2001-10-01,-0.9016057424883527
2001-10-02,-0.4917103061329424
2001-10-03,-0.284174084198545
2001-10-04,-0.07937345070220256
2001-10-05,0.10913192932311508
2001-10-08,0.27178135009559423
2001-10-09,0.4044140471680028
2001-10-10,0.5076278465486012
2001-10-11,0.5850345399616512
2001-10-12,0.6414792027698776
2001-10-15,0.6817950392971116
2001-10-16,0.7101645238220065
2001-10-17,0.7299178648139341
2001-10-18,0.7435706544706273
2001-10-19,0.7529587517052588
2001-10-22,0.7593915587973122
2001-10-23,0.7637887083191482
2001-10-24,0.7667894035974777
2001-10-25,0.7688348156806916
2001-10-26,0.7702279865220156
2001-10-29,0.7711764037467906
2001-10-30,0.7718218185123449
2001-10-31,0.7722609276351486
2001-11-01,0.685844925829645
2001-11-02,0.7109873549110682
2001-11-05,0.7391966889258721
2001-11-06,0.7672212291015511
2001-11-07,0.7926081792712879
2001-11-08,0.8139922418749634
2001-11-09,0.831005090997219
2001-11-12,0.8439597650479626
2001-11-13,0.8535059605577662
2001-11-14,0.8603738694358253
2001-11-15,0.8652307701545704
2001-11-16,0.8686241171556659
2001-11-19,0.870974948059046
2001-11-20,0.8725940299256972
2001-11-21,0.8737046440234211
2001-11-22,0.8744643667368553
2001-11-23,0.8749830766057137
2001-11-26,0.8753367743737732
2001-11-27,0.8755777411612339
2001-11-28,0.8757418081343432
2001-11-29,0.8758534706764394
2001-11-30,0.8759294460701995
2001-12-03,0.1401761991501725
2001-12-04,-0.10823134963892256
2001-12-05,-0.3040294395965857
2001-12-06,-0.4586982393573217
2001-12-07,-0.5789454906789281
2001-12-10,-0.6702830301454658
2001-12-11,-0.7380099154064075
2001-12-12,-0.7871613017084064
2001-12-13,-0.822210602507456
2001-12-14,-0.8468673681690543
2001-12-17,-0.8640396058444728
2001-12-18,-0.8759127676321027
2001-12-19,-0.8840799746347197
2001-12-20,-0.8896778044577481
2001-12-21,-0.8935050279452802
2001-12-24,-0.896117204587537
2001-12-25,-0.897897982890389
2001-12-26,-0.8991110010529488
2001-12-27,-0.8999368219364196
2001-12-28,-0.900498828667843
2001-12-31,-0.9008812007617324
2002-01-01,-0.8981500974671053
2002-01-02,-0.8991153284945945
2002-01-03,-0.8998639867800483
2002-01-04,-0.9004150084330391
2002-01-07,-0.900808872529361
2002-01-08,-0.9010854973250366
2002-01-09,-0.9012776495778395
2002-01-10,-0.9014101782848241
2002-01-11,-0.9015011582709607
2002-01-14,-0.901563421903444
2002-01-15,-0.9016059446477516
2002-01-16,-0.9016349448788351
2002-01-17,-0.9016547042030653
2002-01-18,-0.9016681586420452
2002-01-21,-0.9016773160230405
2002-01-22,-0.9016835469053514
2002-01-23,-0.9016877856894597
2002-01-24,-0.9016906688861952
2002-01-25,-0.9016926298398202
2002-01-28,-0.9016939634632793
2002-01-29,-0.9016948704077112
2002-01-30,-0.9016954871668423
2002-01-31,-0.9016959065799205
2002-02-01,-0.8752290104261429
2002-02-04,-0.8807409983609471
2002-02-05,-0.8859940739944746
2002-02-06,-0.8903211071788846
2002-02-07,-0.893635038083612
2002-02-08,-0.8960683479189594
2002-02-11,-0.8978089122414717
2002-02-12,-0.8990331426099964
2002-02-13,-0.8998847154535906
2002-02-14,-0.9004727122953915
2002-02-15,-0.9008767091865316
2002-02-18,-0.901153360029724
2002-02-19,-0.9013423794671919
2002-02-20,-0.9014713283303581
2002-02-21,-0.9015592060244259
2002-02-22,-0.901619051923586
2002-02-25,-0.9016597883313093
2002-02-26,-0.9016875081342148
2002-02-27,-0.9017063664009207
2002-02-28,-0.9017191940865429
2002-03-01,-0.8930654708972039
2002-03-04,-0.8945787747833995
2002-03-05,-0.8962567592953791
2002-03-06,-0.8977240997428042
2002-03-07,-0.8988821454210433
2002-03-08,-0.8997469357709265
2002-03-11,-0.9003718211095084
2002-03-12,-0.9008141249528547
2002-03-13,-0.9011230429480203
2002-03-14,-0.9013369128957359
2002-03-15,-0.9014841158176001
2002-03-18,-0.9015850365332009
2002-03-19,-0.9016540441871719
2002-03-20,-0.9017011461754765
2002-03-21,-0.901733257373256
2002-03-22,-0.9017551308593406
2002-03-25,-0.901770022346066
2002-03-26,-0.9017801566552729
2002-03-27,-0.9017870517279796
2002-03-28,-0.90179174210603
2002-03-29,-0.9017949323609926
2002-04-01,-0.9017971021023036
2002-04-02,-0.8045269724566038
2002-04-03,-0.8291058210806074
2002-04-04,-0.8490665739930461
2002-04-05,-0.864265909029472
2002-04-08,-0.8754069596760552
2002-04-09,-0.8833757454834534
2002-04-10,-0.8889834464351578
2002-04-11,-0.8928865225091213
2002-04-12,-0.8955829797556093
2002-04-15,-0.8974364290073039
2002-04-16,-0.8987060432765585
2002-04-17,-0.8995736942450434
2002-04-18,-0.9001656999159107
2002-04-19,-0.9005691925730154
2002-04-22,-0.9008439978107318
2002-04-23,-0.9010310645004928
2002-04-24,-0.9011583619531508
2002-04-25,-0.9012449667957337
2002-04-26,-0.9013038777556652
2002-04-29,-0.9013439462859165
2002-04-30,-0.9013711970716938
2002-05-01,-0.7291002503682961
2002-05-02,-0.7466439604612479
2002-05-03,-0.7715970749614666
2002-05-06,-0.7980228472610776
2002-05-07,-0.822369667083061
2002-05-08,-0.8429033497335467
2002-05-09,-0.8591780188918332
2002-05-10,-0.8715111390430994
2002-05-13,-0.880559668400651
2002-05-14,-0.8870467047354138
2002-05-15,-0.8916221098615588
2002-05-16,-0.8948126260998842
2002-05-17,-0.8970199116868595
2002-05-20,-0.8985386702391582
2002-05-21,-0.8995797731815701
2002-05-22,-0.9002916192817032
2002-05-23,-0.9007774876319877
2002-05-24,-0.9011087199832988
2002-05-27,-0.901334348325076
2002-05-28,-0.9014879563869983
2002-05-29,-0.9015924935321111
2002-05-30,-0.9016636174789476
2002-05-31,-0.9017119996404555
2002-06-03,-0.8226226699334098
2002-06-04,-0.8420966584688335
2002-06-05,-0.8583101264753956
2002-06-06,-0.8708061493934216
2002-06-07,-0.880025857462162
2002-06-10,-0.8866454494618294
2002-06-11,-0.8913144517882245
2002-06-12,-0.8945688722112374
2002-06-13,-0.8968192904939234
2002-06-14,-0.8983670868975197
2002-06-17,-0.8994277542383856
2002-06-18,-0.9001528055334652
2002-06-19,-0.9006476031362655
2002-06-20,-0.9009848826427156
2002-06-21,-0.9012146111407702
2002-06-24,-0.9013710016528047
2002-06-25,-0.9014774282010384
2002-06-26,-0.9015498356953419
2002-06-27,-0.9015990900876324
2002-06-28,-0.9016325910582047
2002-07-01,-0.901655375399646
2002-07-02,-0.6939640121402513
2002-07-03,-0.7232177191037187
2002-07-04,-0.7566559368420411
2002-07-05,-0.7888181490312991
2002-07-08,-0.8168204377490591
2002-07-09,-0.8395753243387049
2002-07-10,-0.8571559379637528
2002-07-11,-0.8702439589468604
2002-07-12,-0.879728046092675
2002-07-15,-0.8864690358072143
2002-07-16,-0.8911953279030788
2002-07-17,-0.8944775747398825
2002-07-18,-0.8967419427801915
2002-07-19,-0.8982969812424362
2002-07-22,-0.8993615531885267
2002-07-23,-0.9000887935084559
2002-07-24,-0.9005848658682236
2002-07-25,-0.9009229139084749
2002-07-26,-0.9011531197286317
2002-07-29,-0.9013098139363791
2002-07-30,-0.901416437358387
2002-07-31,-0.9014889742750029
2002-08-01,-0.44995306163904514
2002-08-02,-0.07229846126643474
2002-08-05,0.20375553173346822
2002-08-06,0.4034457024841985
2002-08-07,0.5460496457325938
2002-08-08,0.6466679148919912
2002-08-09,0.7169572359024361
2002-08-12,0.7656821718037649
2002-08-13,0.7992660865495326
2002-08-14,0.8223188915908418
2002-08-15,0.8380969120696671
2002-08-16,0.8488739397847038
2002-08-19,0.8562247420256623
2002-08-20,0.8612337313222821
2002-08-21,0.8646446962048252
2002-08-22,0.8669664026252168
2002-08-23,0.8685462052247053
2002-08-26,0.8696209531781081
2002-08-27,0.8703520046413937
2002-08-28,0.8708492225223576
2002-08-29,0.8711873781175711
2002-08-30,0.8714173457539536
2002-09-02,0.8715737337689446
2002-09-03,0.8723234390779939
2002-09-04,0.8727838147551809
2002-09-05,0.8731810693416592
2002-09-06,0.8734920693252499
2002-09-09,0.8737230880983374
2002-09-10,0.873889425146949
2002-09-11,0.8740068764767807
2002-09-12,0.8740887727904224
2002-09-13,0.8741454075427852
2002-09-16,0.8741843584264907
2002-09-17,0.8742110488147814
2002-09-18,0.8742292927190155
2002-09-19,0.8742417423056325
2002-09-20,0.8742502282635859
2002-09-23,0.8742560080775384
2002-09-24,0.8742599426805058
2002-09-25,0.874262620211857
2002-09-26,0.8742644418579265
2002-09-27,0.8742656810043292
2002-09-30,0.874266523820978
2002-10-01,0.7987799781329268
2002-10-02,0.7810454017267153
2002-10-03,0.7747267616876891
2002-10-04,0.7782082583620579
2002-10-07,0.7886947859766946
2002-10-08,0.8029810021390673
2002-10-09,0.8182089543092365
2002-10-10,0.8323573378446927
2002-10-11,0.8443513631812309
2002-10-14,0.8538809377117491
2002-10-15,0.861108936475266
2002-10-16,0.8664126271172594
2002-10-17,0.8702142642920108
2002-10-18,0.8728949351128876
2002-10-21,0.8747637677266101
2002-10-22,0.8760564225727939
2002-10-23,0.8769457216548379
2002-10-24,0.8775552660766637
2002-10-25,0.877972004956055
2002-10-28,0.8782564332745706
2002-10-29,0.8784503300253838
2002-10-30,0.8785824048678111
2002-10-31,0.8786723199777982
2002-11-01,0.7939576286905541
2002-11-04,0.8183000919374178
2002-11-05,0.8342518597950216
2002-11-06,0.8448364593445733
2002-11-07,0.8519170370933157
2002-11-08,0.8566790910702379
2002-11-11,0.8598933077641772
2002-11-12,0.8620680111992122
2002-11-13,0.8635417779883473
2002-11-14,0.8645416244414162
2002-11-15,0.8652204530456341
2002-11-18,0.8656815640858629
2002-11-19,0.8659948921235745
2002-11-20,0.8662078500217232
2002-11-21,0.8663526127302358
2002-11-22,0.8664510288349361
2002-11-25,0.8665179413365158
2002-11-26,0.8665634369850062
2002-11-27,0.8665943717676641
2002-11-28,0.8666154063656487
2002-11-29,0.8666297093979787
2002-12-02,0.8666394352267432
2002-12-03,-0.026101429659122637
2002-12-04,-0.22157287715342353
2002-12-05,-0.38218925959059025
2002-12-06,-0.5126031558041881
2002-12-09,-0.615951122998453
2002-12-10,-0.6955301713924554
2002-12-11,-0.7551185555590716
2002-12-12,-0.7986672837467599
2002-12-13,-0.8298758306137577
2002-12-16,-0.8519073024322407
2002-12-17,-0.8672884361859605
2002-12-18,-0.8779410744565127
2002-12-19,-0.8852771950174831
2002-12-20,-0.8903093843800213
2002-12-23,-0.8937517476122567
2002-12-24,-0.8961021178191083
2002-12-25,-0.897704821674848
2002-12-26,-0.8987967282126833
2002-12-27,-0.8995401835982414
2002-12-30,-0.9000461774069378
2002-12-31,-0.9003904587122871
2003-01-01,-0.9009886958752401
2003-01-02,-0.9010366864664475
2003-01-03,-0.9010797859002667
2003-01-06,-0.9011139975694021
2003-01-07,-0.9011395498144362
2003-01-08,-0.9011579900278531
2003-01-09,-0.9011710237633634
2003-01-10,-0.9011801159643271
2003-01-13,-0.9011864048760391
2003-01-14,-0.9011907305132352
2003-01-15,-0.9011936947052491
2003-01-16,-0.901195720884947
2003-01-17,-0.9011971035571765
2003-01-20,-0.9011980460263799
2003-01-21,-0.9011986879466937
2003-01-22,-0.901199124933836
2003-01-23,-0.9011994223075357
2003-01-24,-0.9011996246244177
2003-01-27,-0.9011997622473523
2003-01-28,-0.901199855852847
2003-01-29,-0.9011999195146788
2003-01-30,-0.9011999628093719
2003-01-31,-0.9011999922518981
2003-02-03,-0.8725917765937277
2003-02-04,-0.8807694736036448
2003-02-05,-0.8866177203300027
2003-02-06,-0.8907172704710958
2003-02-07,-0.89355891470769
2003-02-10,-0.8955153698406897
2003-02-11,-0.8968566798450197
2003-02-12,-0.8977737473623174
2003-02-13,-0.8983996320118485
2003-02-14,-0.8988262802026314
2003-02-17,-0.899116882664708
2003-02-18,-0.8993147143142373
2003-02-19,-0.8994493422048779
2003-02-20,-0.8995409363968123
2003-02-21,-0.899603242234407
2003-02-24,-0.8996456202515457
2003-02-25,-0.8996744419333401
2003-02-26,-0.8996940428078912
2003-02-27,-0.8997073723813295
2003-02-28,-0.8997164369394244
2003-03-03,-0.8613571347750093
2003-03-04,-0.8673372696151618
2003-03-05,-0.8744448372345293
2003-03-06,-0.8810532454045069
2003-03-07,-0.8865235247342718
2003-03-10,-0.8907555753481325
2003-03-11,-0.8938925132287115
2003-03-12,-0.8961532712635497
2003-03-13,-0.8977522588602818
2003-03-14,-0.8988689663794501
2003-03-17,-0.899642206574309
2003-03-18,-0.9001745197918489
2003-03-19,-0.900539532345869
2003-03-20,-0.900789155664071
2003-03-21,-0.9009595566140793
2003-03-24,-0.9010757339863142
2003-03-25,-0.9011548757639426
2003-03-26,-0.9012087575149053
2003-03-27,-0.9012454273316155
2003-03-28,-0.9012703767807806
2003-03-31,-0.9012873488624558
2003-04-01,-0.8981501705655376
2003-04-02,-0.8988104956883038
2003-04-03,-0.8994768123793568
2003-04-04,-0.9000338680071337
2003-04-07,-0.9004619177004759
2003-04-08,-0.900776156191297
2003-04-09,-0.901000676838016
2003-04-10,-0.9011584034699464
2003-04-11,-0.9012680069309751
2003-04-14,-0.9013436277467671
2003-04-15,-0.9013955554230977
2003-04-16,-0.9014311003949672
2003-04-17,-0.9014553793671232
2003-04-18,-0.9014719392216171
2003-04-21,-0.9014832231211619
2003-04-22,-0.9014909069002125
2003-04-23,-0.9014961368290608
2003-04-24,-0.9014996954724527
2003-04-25,-0.9015021164086375
2003-04-28,-0.9015037631340244
2003-04-29,-0.901504883132774
2003-04-30,-0.9015056448358267
2003-05-01,-0.6140805715840749
2003-05-02,-0.6600857651000266
2003-05-05,-0.7074807213400517
2003-05-06,-0.7512613663143946
2003-05-07,-0.7887558733201154
2003-05-08,-0.8190407086055417
2003-05-09,-0.8424053262708883
2003-05-12,-0.8598065080730027
2003-05-13,-0.8724287021453405
2003-05-14,-0.8814095153506692
2003-05-15,-0.8877117977312101
2003-05-16,-0.892091535038072
2003-05-19,-0.895114585828104
2003-05-20,-0.8971914052356998
2003-05-21,-0.8986135533704941
2003-05-22,-0.8995852393588162
2003-05-23,-0.9002481378729118
2003-05-26,-0.9006999080711742
2003-05-27,-0.9010075750577367
2003-05-28,-0.9012170031462597
2003-05-29,-0.9013595135158631
2003-05-30,-0.9014564664654839
2003-06-02,-0.9015224156763434
2003-06-03,-0.8680324224033265
2003-06-04,-0.8775548762390326
2003-06-05,-0.884612207418546
2003-06-06,-0.8896608101069801
2003-06-09,-0.893204122376484
2003-06-10,-0.8956631181308328
2003-06-11,-0.8973577255681786
2003-06-12,-0.8985203333278005
2003-06-13,-0.8993156196218425
2003-06-16,-0.899858581810653
2003-06-17,-0.9002287946144002
2003-06-18,-0.9004809998059029
2003-06-19,-0.9006527118362996
2003-06-20,-0.9007695741127602
2003-06-23,-0.9008490857481366
2003-06-24,-0.9009031745644462
2003-06-25,-0.9009399646046455
2003-06-26,-0.9009649862788097
2003-06-27,-0.900982003064952
2003-06-30,-0.9009935754207307
2003-07-01,-0.884611806330406
2003-07-02,-0.8892456873289997
2003-07-03,-0.8925515868632292
2003-07-04,-0.8948649297924286
2003-07-07,-0.8964664259037785
2003-07-08,-0.8975680601796776
2003-07-09,-0.8983228472092324
2003-07-10,-0.8988386783878454
2003-07-11,-0.8991906197070066
2003-07-14,-0.8994304789178756
2003-07-15,-0.8995938309533671
2003-07-16,-0.8997050244052136
2003-07-17,-0.8997806885205059
2003-07-18,-0.8998321643575624
2003-07-21,-0.8998671791040594
2003-07-22,-0.8998909942842752
2003-07-23,-0.899907190980239
2003-07-24,-0.8999182058252437
2003-07-25,-0.8999256964209408
2003-07-28,-0.8999307902552329
2003-07-29,-0.8999342541668659
2003-07-30,-0.8999366096738767
2003-07-31,-0.8999382114396528
2003-08-01,-0.8867002648167522
2003-08-04,-0.890248234510351
2003-08-05,-0.8927158082423402
2003-08-06,-0.8944173719678268
2003-08-07,-0.8955848271070057
2003-08-08,-0.8963833434331763
2003-08-11,-0.8969284348495461
2003-08-12,-0.8973000532092633
2003-08-13,-0.8975531911273051
2003-08-14,-0.8977255256685992
2003-08-15,-0.8978428054838403
2003-08-18,-0.8979225982721464
2003-08-19,-0.8979768769567311
2003-08-20,-0.8980137954884971
2003-08-21,-0.8980389042474554
2003-08-22,-0.8980559801163519
2003-08-25,-0.8980675925856805
2003-08-26,-0.8980754894671075
2003-08-27,-0.8980808595298739
2003-08-28,-0.8980845112555913
2003-08-29,-0.8980869944662794
2003-09-01,-0.8980886830659367
2003-09-02,-0.7848142506060416
2003-09-03,-0.7799853396274362
2003-09-04,-0.7817056119058841
2003-09-05,-0.7868075832139667
2003-09-08,-0.793004751970971
2003-09-09,-0.798930222415102
2003-09-10,-0.8039505571339033
2003-09-11,-0.8079036441188671
2003-09-12,-0.8108717416499802
2003-09-15,-0.8130305110569837
2003-09-16,-0.8145672156051785
2003-09-17,-0.8156452319079199
2003-09-18,-0.8163939863787969
2003-09-19,-0.8169105359635804
2003-09-22,-0.8172652531948565
2003-09-23,-0.8175080762049606
2003-09-24,-0.8176739470902302
2003-09-25,-0.8177870880049767
2003-09-26,-0.8178641854750321
2003-09-29,-0.8179166866142834
2003-09-30,-0.8179524220305889
2003-10-01,-0.5377642342163043
2003-10-02,-0.5496215610349582
2003-10-03,-0.5761756522746089
2003-10-06,-0.6130043104508537
2003-10-07,-0.6557734658278679
2003-10-08,-0.7002160752647696
2003-10-09,-0.7425633582314514
2003-10-10,-0.7800703955174748
2003-10-13,-0.8112945357122411
2003-10-14,-0.835991941859335
2003-10-15,-0.8547476106516292
2003-10-16,-0.868552926139451
2003-10-17,-0.8784810773333788
2003-10-20,-0.8855015795829991
2003-10-21,-0.890406751535707
2003-10-22,-0.8938051844691812
2003-10-23,-0.8961459445553212
2003-10-24,-0.897751689964073
2003-10-27,-0.8988501594660895
2003-10-28,-0.8996001772663222
2003-10-29,-0.9001116111188302
2003-10-30,-0.9004600458319127
2003-10-31,-0.9006972871367211
2003-11-03,-0.18310948774634414
2003-11-04,0.12312648040515503
2003-11-05,0.34718583267004194
2003-11-06,0.5081633881932863
2003-11-07,0.6221151131183728
2003-11-10,0.7018601521097403
2003-11-11,0.7571947350666915
2003-11-12,0.7953561933071777
2003-11-13,0.8215600283569591
2003-11-14,0.8394984297729401
2003-11-17,0.8517526807551491
2003-11-18,0.8601117658031177
2003-11-19,0.8658081295474267
2003-11-20,0.8696873139882065
2003-11-21,0.8723277816245623
2003-11-24,0.8741245136783723
2003-11-25,0.8753468530292476
2003-11-26,0.8761783032902651
2003-11-27,0.8767438092652898
2003-11-28,0.877128408561648
2003-12-01,0.8773899615049209
2003-12-02,0.8785883465043336
2003-12-03,0.8783434907474246
2003-12-04,0.8782364591754287
2003-12-05,0.8781924831089865
2003-12-08,0.878176331014767
2003-12-09,0.8781718469813609
2003-12-10,0.8781718484400121
2003-12-11,0.8781732745000216
2003-12-12,0.8781749077716949
2003-12-15,0.8781763266787299
2003-12-16,0.8781774345450526
2003-12-17,0.878178254166539
2003-12-18,0.8781788421989355
2003-12-19,0.8781792562661024
2003-12-22,0.8781795444046114
2003-12-23,0.878179743379399
2003-12-24,0.8781798800886074
2003-12-25,0.8781799737012604
2003-12-26,0.8781800376586179
2003-12-29,0.8781800812886822
2003-12-30,0.8781801110214174
2003-12-31,0.8781801312693973
2004-01-01,0.870419122161515
2004-01-02,0.8728323323618886
2004-01-05,0.8744123031970836
2004-01-06,0.8754597441738554
2004-01-07,0.8761599282132613
2004-01-08,0.876630585219422
2004-01-09,0.8769481390112701
2004-01-12,0.8771629337766582
2004-01-13,0.8773084696092242
2004-01-14,0.8774071924225086
2004-01-15,0.8774742125453191
2004-01-16,0.8775197348055118
2004-01-19,0.8775506661825443
2004-01-20,0.8775716885326638
2004-01-21,0.8775859786471133
2004-01-22,0.8775956935706369
2004-01-23,0.8776022986271601
2004-01-26,0.8776067895588466
2004-01-27,0.8776098431566401
2004-01-28,0.8776119194931409
2004-01-29,0.8776133313504242
2004-01-30,0.8776142913890859
2004-02-02,0.8776149442038313
2004-02-03,0.8742196003378524
2004-02-04,0.8733613787778829
2004-02-05,0.8737480771991899
2004-02-06,0.8745982612608704
2004-02-09,0.875504836654939
2004-02-10,0.8762948758299347
2004-02-11,0.8769201782970227
2004-02-12,0.8773888151399959
2004-02-13,0.8777284796294628
2004-02-16,0.8779694570474036
2004-02-17,0.8781380452839259
2004-02-18,0.878254900613026
2004-02-19,0.8783353965193135
2004-02-20,0.8783906151220293
2004-02-23,0.878428387347226
2004-02-24,0.8784541761451193
2004-02-25,0.878471760562663
2004-02-26,0.8784837402035678
2004-02-27,0.8784918966477051
2004-03-01,0.8784974477874715
2004-03-02,0.8824552368919957
2004-03-03,0.8808293668379612
2004-03-04,0.8799297808339879
2004-03-05,0.8794353797367769
2004-03-08,0.8791617234244677
2004-03-09,0.8790075067754554
2004-03-10,0.8789183885769777
2004-03-11,0.8788654086520751
2004-03-12,0.87883301676688
2004-03-15,0.8788127066892283
2004-03-16,0.8787997009887959
2004-03-17,0.8787912330762936
2004-03-18,0.8787856499042291
2004-03-19,0.8787819346398132
2004-03-22,0.8787794459666954
2004-03-23,0.8787777711418422
2004-03-24,0.8787766403524239
2004-03-25,0.878775875161099
2004-03-26,0.8787753565642912
2004-03-29,0.8787750047204612
2004-03-30,0.8787747658377275
2004-03-31,0.8787746035691644
2004-04-01,0.8621987106669255
2004-04-02,0.8674587697981652
2004-04-05,0.870991832019488
2004-04-06,0.8733699743887123
2004-04-07,0.8749748497772043
2004-04-08,0.8760602289103738
2004-04-09,0.8767954674307148
2004-04-12,0.8772941043387431
2004-04-13,0.8776325581124145
2004-04-14,0.8778624182753584
2004-04-15,0.8780185891672083
2004-04-16,0.8781247231715121
2004-04-19,0.8781968654414396
2004-04-20,0.8782459088023588
2004-04-21,0.878279252078202
2004-04-22,0.878301922621882
2004-04-23,0.878317337250142
2004-04-26,0.8783278185718802
2004-04-27,0.8783349455779682
2004-04-28,0.878339791804425
2004-04-29,0.8783430871731646
2004-04-30,0.8783453279926583
2004-05-03,0.8789103354560728
2004-05-04,0.8787397326322077
2004-05-05,0.8786258184714828
2004-05-06,0.8785493387393527
2004-05-07,0.8784977906437731
2004-05-10,0.878462951080995
2004-05-11,0.8784393591543388
2004-05-12,0.8784233625470601
2004-05-13,0.8784125061253298
2004-05-14,0.8784051336106589
2004-05-17,0.8784001248627092
2004-05-18,0.8783967210264774
2004-05-19,0.8783944073961063
2004-05-20,0.8783928345806835
2004-05-21,0.87839176527632
2004-05-24,0.878391038246876
2004-05-25,0.8783905439121894
2004-05-26,0.8783902077857282
2004-05-27,0.878389979229613
2004-05-28,0.8783898238160972
2004-05-31,0.878389718137104
2004-06-01,0.882230887397957
2004-06-02,0.8809512870691873
2004-06-03,0.8801416131648278
2004-06-04,0.8796234876306023
2004-06-07,0.8792877567053821
2004-06-08,0.8790676740579086
2004-06-09,0.8789219960071286
2004-06-10,0.8788248331705009
2004-06-11,0.8787596591561231
2004-06-14,0.8787157615484952
2004-06-15,0.8786861076598402
2004-06-16,0.878666034490856
2004-06-17,0.8786524272338648
2004-06-18,0.8786431940155359
2004-06-21,0.8786369245661606
2004-06-22,0.8786326655745875
2004-06-23,0.8786297714214093
2004-06-24,0.8786278043055972
2004-06-25,0.8786264670876952
2004-06-28,0.8786255579746173
2004-06-29,0.8786249398682514
2004-06-30,0.8786245195979902
2004-07-01,0.8814795911571629
2004-07-02,0.8804378711283201
2004-07-05,0.8798160105060808
2004-07-06,0.8794380785826205
2004-07-07,0.8792035787279819
2004-07-08,0.8790550991899525
2004-07-09,0.8789594016171255
2004-07-12,0.8788968255927786
2004-07-13,0.8788554491275332
2004-07-14,0.878827862953402
2004-07-15,0.8788093606294661
2004-07-16,0.8787968981985625
2004-07-19,0.8787884790470719
2004-07-20,0.8787827796621704
2004-07-21,0.8787789159574934
2004-07-22,0.8787762941378572
2004-07-23,0.8787745138463386
2004-07-26,0.8787733044265051
2004-07-27,0.8787724825665006
2004-07-28,0.8787719239542576
2004-07-29,0.8787715442149178
2004-07-30,0.8787712860463905
2004-08-02,0.8787711105169511
2004-08-03,0.875688658110868
2004-08-04,0.8766199426332123
2004-08-05,0.8772706468594932
2004-08-06,0.8777207282639964
2004-08-09,0.8780301617436425
2004-08-10,0.8782420966833244
2004-08-11,0.8783869024465508
2004-08-12,0.878485685392433
2004-08-13,0.8785530021913321
2004-08-16,0.8785988439736557
2004-08-17,0.8786300469337701
2004-08-18,0.8786512790238679
2004-08-19,0.8786657233355623
2004-08-20,0.8786755484602181
2004-08-23,0.8786822309244224
2004-08-24,0.8786867756353804
2004-08-25,0.8786898663309939
2004-08-26,0.878691968138061
2004-08-27,0.8786933974281539
2004-08-30,0.8786943693732858
2004-08-31,0.8786950303085438
2004-09-01,0.8790762699360734
2004-09-02,0.8789573476660347
2004-09-03,0.8788774934753342
2004-09-06,0.8788236652078946
2004-09-07,0.8787872818465691
2004-09-08,0.8787626432538441
2004-09-09,0.8787459363583745
2004-09-10,0.8787345976099351
2004-09-13,0.8787268974230342
2004-09-14,0.8787216660014853
2004-09-15,0.8787181108136711
2004-09-16,0.8787156942950167
2004-09-17,0.8787140515298358
2004-09-20,0.878712934666262
2004-09-21,0.8787121752996335
2004-09-22,0.878711658977096
2004-09-23,0.8787113078995664
2004-09-24,0.8787110691770394
2004-09-27,0.8787109068505129
2004-09-28,0.8787107964707431
2004-09-29,0.8787107214135846
2004-09-30,0.8787106703752432
2004-10-01,0.8825978583582342
2004-10-04,0.8809505794454695
2004-10-05,0.8800416743334815
2004-10-06,0.8795439208356808
2004-10-07,0.8792695803218659
2004-10-08,0.8791157140003476
2004-10-11,0.8790272381398018
2004-10-12,0.8789748909472138
2004-10-13,0.8789430229147276
2004-10-14,0.8789231133059777
2004-10-15,0.8789104006970847
2004-10-18,0.8789021417916076
2004-10-19,0.8788967052633686
2004-10-20,0.8788930918163248
2004-10-21,0.8788906733529904
2004-10-22,0.8788890467221264
2004-10-25,0.8788879489136169
2004-10-26,0.8788872062460382
2004-10-27,0.8788867030101283
2004-10-28,0.878886361632406
2004-10-29,0.8788861298761957
2004-11-01,0.8788859724580923
2004-11-02,0.8665559433394686
2004-11-03,0.8705938859014047
2004-11-04,0.8732497543392195
2004-11-05,0.8750145955191373
2004-11-08,0.8761958666427333
2004-11-09,0.8769905046262138
2004-11-10,0.8775268955892355
2004-11-11,0.8778898174847314
2004-11-12,0.8781357636531756
2004-11-15,0.8783026191138311
2004-11-16,0.8784159016770379
2004-11-17,0.8784928510344827
2004-11-18,0.8785451383210253
2004-11-19,0.8785806759688033
2004-11-22,0.8786048333728113
2004-11-23,0.8786212566105079
2004-11-24,0.8786324226513247
2004-11-25,0.8786400147413266
2004-11-26,0.8786451769819502
2004-11-29,0.8786486871279203
2004-11-30,0.8786510739438905
2004-12-01,0.879699720618792
2004-12-02,0.8776853146475448
2004-12-03,0.8770539222181929
2004-12-06,0.877091929603698
2004-12-07,0.8773868024942155
2004-12-08,0.8777322138958303
2004-12-09,0.8780415664652811
2004-12-10,0.8782889681299118
2004-12-13,0.8784752097976005
2004-12-14,0.8786104721368455
2004-12-15,0.8787065300926655
2004-12-16,0.8787737663221249
2004-12-17,0.8788203830040288
2004-12-20,0.8788524997566128
2004-12-21,0.8788745331271071
2004-12-22,0.8788896058169895
2004-12-23,0.8788998969537927
2004-12-24,0.87890691423981
2004-12-27,0.8789116949320006
2004-12-28,0.8789149499369568
2004-12-29,0.8789171652519017
2004-12-30,0.8789186725495522
2004-12-31,0.8789196979200806
2005-01-03,0.8788074491939117
2005-01-04,0.8788272533281094
2005-01-05,0.878850821843443
2005-01-06,0.8788715294671402
2005-01-07,0.8788877784214434
2005-01-10,0.8788998311340497
2005-01-11,0.8789084912935475
2005-01-12,0.8789145950048665
2005-01-13,0.8789188448850052
2005-01-14,0.8789217807550822
2005-01-17,0.8789237983970873
2005-01-18,0.8789251802201812
2005-01-19,0.8789261244035379
2005-01-20,0.8789267685489945
2005-01-21,0.8789272075391216
2005-01-24,0.8789275065013634
2005-01-25,0.8789277100031901
2005-01-26,0.8789278484803152
2005-01-27,0.8789279426890515
2005-01-28,0.878928006771442
2005-01-31,0.8789280503569025
2005-02-01,0.8795615303600594
2005-02-02,0.8793531434304586
2005-02-03,0.8792151083223996
2005-02-04,0.8791229683231404
2005-02-07,0.8790611191333063
2005-02-08,0.8790194372185692
2005-02-09,0.8789912680686717
2005-02-10,0.8789721940504078
2005-02-11,0.8789592612690894
2005-02-14,0.8789504843735966
2005-02-15,0.8789445241401377
2005-02-16,0.878940474910944
2005-02-17,0.8789377231618286
2005-02-18,0.8789358527720423
2005-02-21,0.8789345812774236
2005-02-22,0.8789337168328137
2005-02-23,0.8789331290901777
2005-02-24,0.8789327294622322
2005-02-25,0.878932457732491
2005-02-28,0.8789322729643375
2005-03-01,0.8811407343374568
2005-03-02,0.8803919894154146
2005-03-03,0.8799097681244612
2005-03-04,0.8795952502321394
2005-03-07,0.8793878857975688
2005-03-08,0.8792499904770283
2005-03-09,0.8791576943317533
2005-03-10,0.8790956246594461
2005-03-11,0.8790537405609299
2005-03-14,0.879025409954541
2005-03-15,0.879006215122429
2005-03-16,0.8789931951098242
2005-03-17,0.8789843565551928
2005-03-18,0.8789783533125928
2005-03-21,0.8789742743379869
2005-03-22,0.8789715021313644
2005-03-23,0.8789696177238991
2005-03-24,0.8789683366480022
2005-03-25,0.8789674656653563
2005-03-28,0.8789668734663326
2005-03-29,0.8789664708031791
2005-03-30,0.878966197007249
2005-03-31,0.8789660108330485
2005-04-01,0.8640790013817191
2005-04-04,0.8688616451648498
2005-04-05,0.8720822095276421
2005-04-06,0.8742531799027407
2005-04-07,0.8757195554306566
2005-04-08,0.8767118278809183
2005-04-11,0.8773842421897088
2005-04-12,0.8778403820034624
2005-04-13,0.8781500402902532
2005-04-14,0.8783603667068804
2005-04-15,0.8785032764014605
2005-04-18,0.8786004028299425
2005-04-19,0.8786664245856537
2005-04-20,0.8787113081409113
2005-04-21,0.8787418237409267
2005-04-22,0.8787625719244494
2005-04-25,0.8787766795607874
2005-04-26,0.8787862722269062
2005-04-27,0.8787927949931814
2005-04-28,0.8787972303580349
2005-04-29,0.878800246350945
2005-05-02,0.8788022971996174
2005-05-03,0.8568413186101996
2005-05-04,0.8637676058934862
2005-05-05,0.868461010841805
2005-05-06,0.871636497760062
2005-05-09,0.8737863056101336
2005-05-10,0.8752432016899535
2005-05-11,0.8762314298773225
2005-05-12,0.8769022395711633
2005-05-13,0.8773578276779364
2005-05-16,0.8776673630610934
2005-05-17,0.8778777233847201
2005-05-18,0.878020710712423
2005-05-19,0.8781179152448316
2005-05-20,0.87818400183994
2005-05-23,0.878228934916719
2005-05-24,0.8782594867048219
2005-05-25,0.8782802606591699
2005-05-26,0.8782943863576209
2005-05-27,0.8783039915547894
2005-05-30,0.8783105229572477
2005-05-31,0.8783149642479172
2005-06-01,0.8705095740063922
2005-06-02,0.8691707602834304
2005-06-03,0.8698763754182306
2005-06-06,0.8714137423943693
2005-06-07,0.8730863821032915
2005-06-08,0.8745699110236818
2005-06-09,0.8757599623491413
2005-06-10,0.876660601240972
2005-06-13,0.8773179165196753
2005-06-14,0.8777865199549887
2005-06-15,0.8781154592824228
2005-06-16,0.8783439888209225
2005-06-17,0.8785016617757997
2005-06-20,0.8786099398526394
2005-06-21,0.8786840622990759
2005-06-22,0.8787346946238829
2005-06-23,0.8787692308087005
2005-06-24,0.8787927646071635
2005-06-27,0.8788087903591952
2005-06-28,0.878819698403202
2005-06-29,0.8788271207428157
2005-06-30,0.8788321701840038
2005-07-01,0.8824938477688351
2005-07-04,0.8813007271205107
2005-07-05,0.8805122233614615
2005-07-06,0.8799883295682436
2005-07-07,0.879638366972559
2005-07-08,0.8794035015418148
2005-07-11,0.8792452975613443
2005-07-12,0.8791384362627513
2005-07-13,0.8790661093062716
2005-07-14,0.8790170858480418
2005-07-15,0.8789838240803629
2005-07-18,0.8789612406151186
2005-07-19,0.8789458999064386
2005-07-20,0.8789354756722225
2005-07-21,0.878928390647167
2005-07-22,0.8789235744318712
2005-07-25,0.8789203001483785
2005-07-26,0.8789180739804107
2005-07-27,0.8789165603464256
2005-07-28,0.8789155311499227
2005-07-29,0.8789148313311413
2005-08-01,0.8789143554707113
2005-08-02,0.8805299027143503
2005-08-03,0.8798057430817943
2005-08-04,0.8794260957761688
2005-08-05,0.8792248666974556
2005-08-08,0.8791159940715487
2005-08-09,0.8790554375514891
2005-08-10,0.8790206699204914
2005-08-11,0.8790000502098191
2005-08-12,0.8789874448763031
2005-08-15,0.8789795339569222
2005-08-16,0.8789744619208657
2005-08-17,0.8789711556678382
2005-08-18,0.878968973603074
2005-08-19,0.8789675204637267
2005-08-22,0.8789665465273578
2005-08-23,0.8789658908221133
2005-08-24,0.8789654479832476
2005-08-25,0.8789651482595577
2005-08-26,0.8789649450982018
2005-08-29,0.878964807249511
2005-08-30,0.8789647136516598
2005-08-31,0.8789646500695506
2005-09-01,0.8756995300310763
2005-09-02,0.876732986866832
2005-09-05,0.877436449386555
2005-09-06,0.8779149264822023
2005-09-07,0.8782402867589435
2005-09-08,0.878461511495174
2005-09-09,0.878611929322704
2005-09-12,0.878714204752861
2005-09-13,0.8787837474623248
2005-09-14,0.8788310341977679
2005-09-15,0.8788631880441172
2005-09-16,0.8788850521087549
2005-09-19,0.878899919405787
2005-09-20,0.878910029037906
2005-09-21,0.8789169035239005
2005-09-22,0.8789215781424549
2005-09-23,0.8789247568667365
2005-09-26,0.8789269183906416
2005-09-27,0.8789283882222075
2005-09-28,0.8789293877050226
2005-09-29,0.8789300673517851
2005-09-30,0.878930529510644
2005-10-03,0.8802288835825695
2005-10-04,0.8798195580531225
2005-10-05,0.8795406280275329
2005-10-06,0.879350694717081
2005-10-07,0.8792214231527731
2005-10-10,0.8791334656517737
2005-10-11,0.8790736305257747
2005-10-12,0.8790329316705678
2005-10-13,0.879005251428121
2005-10-14,0.8789864265626779
2005-10-17,0.878973624600338
2005-10-18,0.87896491878403
2005-10-19,0.8789589986093215
2005-10-20,0.8789549727910188
2005-10-21,0.878952235189915
2005-10-24,0.8789503736014203
2005-10-25,0.8789491077127253
2005-10-26,0.8789482469048877
2005-10-27,0.8789476615542094
2005-10-28,0.8789472635153159
2005-10-31,0.8789469928487984
2005-11-01,0.8627012553427323
2005-11-02,0.8680609435835756
2005-11-03,0.8715802485195225
2005-11-04,0.8739153924977828
2005-11-07,0.8754766374631617
2005-11-08,0.8765260381069148
2005-11-09,0.8772339976215432
2005-11-10,0.8777128155792803
2005-11-11,0.8780372153872386
2005-11-14,0.8782572550592578
2005-11-15,0.8784066269903787
2005-11-16,0.8785080820372211
2005-11-17,0.8785770169713554
2005-11-18,0.8786238675159985
2005-11-21,0.8786557142174022
2005-11-22,0.8786773645694154
2005-11-23,0.8786920843028478
2005-11-24,0.878702092558153
2005-11-25,0.8787088976305634
2005-11-28,0.8787135248273447
2005-11-29,0.8787166712029134
2005-11-30,0.8787188106825996
2005-12-01,0.8836433244774893
2005-12-02,0.8815768047776987
2005-12-05,0.880413153619431
2005-12-06,0.8797679094526071
2005-12-07,0.879410125194789
2005-12-08,0.8792092173191202
2005-12-09,0.8790939294513811
2005-12-12,0.8790259828858845
2005-12-13,0.8789848050814392
2005-12-14,0.878959191383943
2005-12-15,0.8789428982937578
2005-12-16,0.8789323453500497
2005-12-19,0.8789254148096945
2005-12-20,0.8789208162016329
2005-12-21,0.8789177421441526
2005-12-22,0.8789156763567689
2005-12-23,0.8789142830045589
2005-12-26,0.8789133407955817
2005-12-27,0.8789127025329105
2005-12-28,0.8789122696431348
2005-12-29,0.8789119758004044
2005-12-30,0.8789117762290259
2006-01-02,0.8789116406323252
2006-01-03,0.8779929577202874
2006-01-04,0.8782779325330693
2006-01-05,0.8784742347881935
2006-01-06,0.8786088618958651
2006-01-09,0.878700928938357
2006-01-10,0.8787637729853651
2006-01-11,0.878806616480381
2006-01-12,0.878835800476876
2006-01-13,0.8788556688305279
2006-01-16,0.8788691900273394
2006-01-17,0.8788783893852232
2006-01-18,0.8788846472295837
2006-01-19,0.8788889036157704
2006-01-20,0.878891798443232
2006-01-23,0.8788937671490914
2006-01-24,0.878895105971613
2006-01-25,0.8788960164178976
2006-01-26,0.8788966355427908
2006-01-27,0.8788970565574196
2006-01-30,0.8788973428517157
2006-01-31,0.878897537533754
2006-02-01,0.8788996242322388
2006-02-02,0.8787109429090026
2006-02-03,0.8786870089205919
2006-02-06,0.8787211793237535
2006-02-07,0.8787684686171207
2006-02-08,0.878811985513004
2006-02-09,0.878846906774477
2006-02-10,0.8788731423160407
2006-02-13,0.8788921412624041
2006-02-14,0.8789055988426155
2006-02-15,0.8789149996864062
2006-02-16,0.8789215079611525
2006-02-17,0.878925987164014
2006-02-20,0.8789290578186002
2006-02-21,0.8789311573363942
2006-02-22,0.8789325903151931
2006-02-23,0.8789335671948839
2006-02-24,0.8789342326077707
2006-02-27,0.8789346856130741
2006-02-28,0.8789349938991029
2006-03-01,0.8804429840267344
2006-03-02,0.8799690590851318
2006-03-03,0.8796450254552654
2006-03-06,0.8794238698710263
2006-03-07,0.8792731094556964
2006-03-08,0.8791704195737687
2006-03-09,0.8791005107086072
2006-03-10,0.8790529358689267
2006-03-13,0.8790205679847919
2006-03-14,0.8789985499806338
2006-03-15,0.8789835741197273
2006-03-16,0.8789733888666165
2006-03-17,0.8789664621268158
2006-03-20,0.8789617515910769
2006-03-21,0.8789585482652481
2006-03-22,0.878956369930045
2006-03-23,0.8789548886287678
2006-03-24,0.8789538813289676
2006-03-27,0.8789531963585272
2006-03-28,0.8789527305758111
2006-03-29,0.8789524138424136
2006-03-30,0.8789521984632748
2006-03-31,0.8789520520053324
2006-04-03,0.8813340049229206
2006-04-04,0.8805697938546695
2006-04-05,0.8800551405032112
2006-04-06,0.8797077682358007
2006-04-07,0.8794728454987415
2006-04-10,0.8793137248260113
2006-04-11,0.8792058223513104
2006-04-12,0.8791325903393155
2006-04-13,0.8790828590934742
2006-04-14,0.8790490729363484
2006-04-17,0.879026112835828
2006-04-18,0.8790105067047704
2006-04-19,0.8789998976659421
2006-04-20,0.8789926849735553
2006-04-21,0.8789877810184005
2006-04-24,0.8789844466432317
2006-04-25,0.8789821794146511
2006-04-26,0.8789806377677429
2006-04-27,0.8789795894800454
2006-04-28,0.8789788766596449
2006-05-01,0.8789783919490504
2006-05-02,0.8788360868448315
2006-05-03,0.8788774157676603
2006-05-04,0.8789077294792769
2006-05-05,0.8789293628126481
2006-05-08,0.8789445445315812
2006-05-09,0.8789550857246672
2006-05-10,0.8789623543038234
2006-05-11,0.8789673434195716
2006-05-12,0.8789707575041275
2006-05-15,0.8789730890137419
2006-05-16,0.8789746790315504
2006-05-17,0.8789757623659594
2006-05-18,0.878976500014296
2006-05-19,0.8789770020684903
2006-05-22,0.87897734367479
2006-05-23,0.8789775760638088
2006-05-24,0.8789777341329953
2006-05-25,0.8789778416406379
2006-05-26,0.8789779147553235
2006-05-29,0.878977964477673
2006-05-30,0.8789779982908725
2006-05-31,0.8789780212847624
2006-06-01,0.8579584805301245
2006-06-02,0.865122203611793
2006-06-05,0.869699146984969
2006-06-06,0.8726838633667207
2006-06-07,0.8746570658116354
2006-06-08,0.8759735567107054
2006-06-09,0.8768573222986573
2006-06-12,0.8774530647442087
2006-06-13,0.877855780112965
2006-06-14,0.8781285288880061
2006-06-15,0.8783134927028909
2006-06-16,0.8784390350834048
2006-06-19,0.8785242963421768
2006-06-20,0.8785822243057501
2006-06-21,0.8786215923466982
2006-06-22,0.8786483519854366
2006-06-23,0.8786665436183689
2006-06-26,0.8786789116478689
2006-06-27,0.8786873208494294
2006-06-28,0.8786930386143667
2006-06-29,0.8786969264651228
2006-06-30,0.8786995700963001
2006-07-03,0.8865109734080584
2006-07-04,0.883934087464002
2006-07-05,0.8822316608952795
2006-07-06,0.8811129725133089
2006-07-07,0.8803767059122007
2006-07-10,0.8798897502664316
2006-07-11,0.8795658102770066
2006-07-12,0.8793491468192944
2006-07-13,0.8792035845042714
2006-07-14,0.8791054517435826
2006-07-17,0.8790391245800449
2006-07-18,0.8789942118022308
2006-07-19,0.8789637598836251
2006-07-20,0.8789430939664565
2006-07-21,0.8789290603914756
2006-07-24,0.8789195264985984
2006-07-25,0.878913047597912
2006-07-26,0.8789086438681533
2006-07-27,0.8789056502234417
2006-07-28,0.8789036149585777
2006-07-31,0.8789022311704568
2006-08-01,0.8718706437131573
2006-08-02,0.8741447949911162
2006-08-03,0.8756589619653058
2006-08-04,0.8766736545856966
2006-08-07,0.8773567460868643
2006-08-08,0.8778180639823044
2006-08-09,0.8781302901459453
2006-08-10,0.8783419250398714
2006-08-11,0.8784855230961656
2006-08-14,0.8785830247917675
2006-08-15,0.8786492589074595
2006-08-16,0.878694267097579
2006-08-17,0.8787248583173846
2006-08-18,0.878745653702813
2006-08-21,0.8787597914862797
2006-08-22,0.8787694037509849
2006-08-23,0.8787759394275544
2006-08-24,0.8787803833787313
2006-08-25,0.8787834051212546
2006-08-28,0.8787854598384721
2006-08-29,0.8787868570142064
2006-08-30,0.8787878070784652
2006-08-31,0.878788453114804
2006-09-01,0.8842241062952046
2006-09-04,0.882238510784219
2006-09-05,0.8810171802170169
2006-09-06,0.880263586559973
2006-09-07,0.8797933055617994
2006-09-08,0.879495383273088
2006-09-11,0.879303727055056
2006-09-12,0.8791787298257919
2006-09-13,0.8790962860639246
2006-09-14,0.87904143468909
2006-09-15,0.879004704832386
2006-09-18,0.878979994673997
2006-09-19,0.8789633157885763
2006-09-20,0.8789520318001512
2006-09-21,0.8789443854455671
2006-09-22,0.8789391983295175
2006-09-25,0.8789356768378069
2006-09-26,0.8789332848850581
2006-09-27,0.8789316595896288
2006-09-28,0.8789305549594396
2006-09-29,0.8789298040752553
2006-10-02,0.8789292935965165
2006-10-03,0.8795325458676084
2006-10-04,0.8793256978069299
2006-10-05,0.8791942692471217
2006-10-06,0.8791092387235904
2006-10-09,0.8790534488730861
2006-10-10,0.8790164584167277
2006-10-11,0.8789917450352233
2006-10-12,0.8789751442151084
2006-10-13,0.8789639503600699
2006-10-16,0.8789563824079308
2006-10-17,0.8789512565117455
2006-10-18,0.8789477803033727
2006-10-19,0.8789454208321834
2006-10-20,0.8789438184049487
2006-10-23,0.8789427296860719
2006-10-24,0.8789419897884543
2006-10-25,0.8789414868577329
2006-10-26,0.8789411449573354
2006-10-27,0.8789409125079483
2006-10-30,0.8789407544622698
2006-10-31,0.8789406470004647
2006-11-01,0.8808308443845176
2006-11-02,0.8801787068806891
2006-11-03,0.8797642784747373
2006-11-06,0.8794967435932226
2006-11-07,0.8793217053708332
2006-11-08,0.8792059560021896
2006-11-09,0.8791287914893763
2006-11-10,0.8790770436511304
2006-11-13,0.8790421929748405
2006-11-14,0.8790186517150257
2006-11-15,0.8790027166604003
2006-11-16,0.8789919146808383
2006-11-17,0.8789845850243228
2006-11-20,0.878979608124687
2006-11-21,0.8789762271977228
2006-11-22,0.8789739297253095
2006-11-23,0.8789723681654966
2006-11-24,0.8789713066390141
2006-11-27,0.8789705849559107
2006-11-28,0.8789700942832728
2006-11-29,0.8789697606592757
2006-11-30,0.8789695338105104
2006-12-01,0.8796736470517671
2006-12-04,0.8794371294235482
2006-12-05,0.8792837334148611
2006-12-06,0.8791829286284619
2006-12-07,0.8791160230665104
2006-12-08,0.8790712931733947
2006-12-11,0.8790412331486928
2006-12-12,0.8790209577731929
2006-12-13,0.8790072472382424
2006-12-14,0.8789979596218009
2006-12-15,0.8789916605039273
2006-12-18,0.8789873847241988
2006-12-19,0.8789844807211545
2006-12-20,0.8789825076316522
2006-12-21,0.8789811666865387
2006-12-22,0.8789802551938208
2006-12-25,0.8789796355409112
2006-12-26,0.8789792142521143
2006-12-27,0.8789789278106355
2006-12-28,0.8789787330466631
2006-12-29,0.8789786006147318
2007-01-01,0.8789785105645623
2007-01-02,0.8776897762986533
2007-01-03,0.8781036244667977
2007-01-04,0.8783825887481694
2007-01-05,0.8785711627183166
2007-01-08,0.8786988781072352
2007-01-09,0.8787854876342407
2007-01-10,0.8788442728994861
2007-01-11,0.8788841964780647
2007-01-12,0.8789113212295792
2007-01-15,0.8789297552977939
2007-01-16,0.8789422854850881
2007-01-17,0.8789508037071768
2007-01-18,0.8789565950298229
2007-01-19,0.8789605326334307
2007-01-22,0.8789632099733816
2007-01-23,0.8789650304571018
2007-01-24,0.8789662683357579
2007-01-25,0.8789671100695949
2007-01-26,0.8789676824373942
2007-01-29,0.878968071642128
2007-01-30,0.8789683362987368
2007-01-31,0.8789685162639375
2007-02-01,0.8818862620691562
2007-02-02,0.8809491883792
2007-02-05,0.8803177680113553
2007-02-06,0.879891548765127
2007-02-07,0.879603333741585
2007-02-08,0.8794081465449719
2007-02-09,0.8792758058990483
2007-02-12,0.8791859986000058
2007-02-13,0.8791250166657932
2007-02-14,0.8790835897724533
2007-02-15,0.8790554385518564
2007-02-16,0.8790363046035791
2007-02-19,0.8790232976495749
2007-02-20,0.8790144548407565
2007-02-21,0.8790084426231607
2007-02-22,0.8790043547303544
2007-02-23,0.8790015751567225
2007-02-26,0.878999685137078
2007-02-27,0.8789983999661657
2007-02-28,0.8789975260699975
2007-03-01,0.8640516919840474
2007-03-02,0.8691805107929034
2007-03-05,0.8724425628671961
2007-03-06,0.8745644091540596
2007-03-07,0.8759650198665543
2007-03-08,0.876898588064289
2007-03-09,0.8775249075358191
2007-03-12,0.8779469348544867
2007-03-13,0.8782321435879719
2007-03-14,0.8784252731965553
2007-03-15,0.8785562275613551
2007-03-16,0.878645104255189
2007-03-19,0.8787054609062588
2007-03-20,0.8787464667071277
2007-03-21,0.8787743336766879
2007-03-22,0.8787932753634742
2007-03-23,0.8788061520751435
2007-03-26,0.8788149065544725
2007-03-27,0.8788208588187811
2007-03-28,0.8788249059951988
2007-03-29,0.8788276579058649
2007-03-30,0.8788295291259426
2007-04-02,0.8788308015183762
2007-04-03,0.8805039420573882
2007-04-04,0.8799800755920124
2007-04-05,0.8796229314368145
2007-04-06,0.8793796758068015
2007-04-09,0.8792140865706766
2007-04-10,0.8791014075530303
2007-04-11,0.8790247505083003
2007-04-12,0.8789726076931412
2007-04-13,0.8789371432745938
2007-04-16,0.8789130241321266
2007-04-17,0.87889662158856
2007-04-18,0.8788854671611432
2007-04-19,0.8788778818323632
2007-04-20,0.878872723664439
2007-04-23,0.8788692160452728
2007-04-24,0.878866830835366
2007-04-25,0.8788652088800654
2007-04-26,0.8788641059451832
2007-04-27,0.8788633559473839
2007-04-30,0.8788628459481636
2007-05-01,0.8791060968725987
2007-05-02,0.8789634529827217
2007-05-03,0.8789044685684756
2007-05-04,0.8788823200747429
2007-05-07,0.8788756888110789
2007-05-08,0.8788751175071655
2007-05-09,0.8788765627171958
2007-05-10,0.8788783974221499
2007-05-11,0.8788800402537418
2007-05-14,0.8788813405399784
2007-05-15,0.8788823095556575
2007-05-16,0.8788830077475102
2007-05-17,0.8788835006847693
2007-05-18,0.8788838442862424
2007-05-21,0.8788840818224485
2007-05-22,0.8788842451448232
2007-05-23,0.8788843570353874
2007-05-24,0.8788844335053878
2007-05-25,0.8788844856827294
2007-05-28,0.8788845212454954
2007-05-29,0.8788845454661631
2007-05-30,0.8788845619537745
2007-05-31,0.8788845731734636
2007-06-01,0.8813685239619597
2007-06-04,0.8805191436730331
2007-06-05,0.879976335658273
2007-06-06,0.8796247346085881
2007-06-07,0.8793942246868176
2007-06-08,0.8792416042447844
2007-06-11,0.879139782220187
2007-06-12,0.8790714661941934
2007-06-13,0.8790254434150362
2007-06-14,0.8789943494434508
2007-06-15,0.8789732992705939
2007-06-18,0.8789590286688586
2007-06-19,0.8789493448393952
2007-06-20,0.8789427691864212
2007-06-21,0.8789383020737591
2007-06-22,0.8789352664430884
2007-06-25,0.8789332031432906
2007-06-26,0.878931800529861
2007-06-27,0.8789308469522702
2007-06-28,0.8789301986121031
2007-06-29,0.8789297577838218
2007-07-02,0.8789294580406344
2007-07-03,0.8649505161633608
2007-07-04,0.869635808757057
2007-07-05,0.8726672758244308
2007-07-06,0.8746606144555824
2007-07-09,0.8759856743129938
2007-07-10,0.8768729822719903
2007-07-11,0.8774701038406608
2007-07-12,0.8778732892587507
2007-07-13,0.8781461440049334
2007-07-16,0.8783310819072101
2007-07-17,0.8784565616233521
2007-07-18,0.8785417595234566
2007-07-19,0.8785996348353592
2007-07-20,0.8786389626570885
2007-07-23,0.8786656929073043
2007-07-24,0.8786838636138046
2007-07-25,0.878696216977898
2007-07-26,0.8787046160057219
2007-07-27,0.8787103267594845
2007-07-30,0.8787142097996326
2007-07-31,0.8787168501397135
2007-08-01,0.7107618032888665
2007-08-02,0.10303127949000004
2007-08-03,-0.25499623206162075
2007-08-06,-0.47712178184730714
2007-08-07,-0.6193806710064609
2007-08-08,-0.7123508999024318
2007-08-09,-0.7739149702632719
2007-08-10,-0.8150383532087447
2007-08-13,-0.8426676699180081
2007-08-14,-0.8613032411452965
2007-08-15,-0.8739056984140946
2007-08-16,-0.8824433478218906
2007-08-17,-0.8882342104699257
2007-08-20,-0.8921652019762774
2007-08-21,-0.8948351397892909
2007-08-22,-0.8966492485277054
2007-08-23,-0.8978821725552413
2007-08-24,-0.8987202509381362
2007-08-27,-0.8992900007092016
2007-08-28,-0.8996773640210428
2007-08-29,-0.8999407401888351
2007-08-30,-0.9001198216182544
2007-08-31,-0.9002415902902777
2007-09-03,-0.8937937665536329
2007-09-04,-0.8952268911069983
2007-09-05,-0.8966225742607704
2007-09-06,-0.8977783472230375
2007-09-07,-0.8986640148852478
2007-09-10,-0.8993137914859854
2007-09-11,-0.8997780762068585
2007-09-12,-0.9001043145751847
2007-09-13,-0.9003310714992898
2007-09-14,-0.9004875541675255
2007-09-17,-0.9005950251795568
2007-09-18,-0.9006685984200122
2007-09-19,-0.9007188566299551
2007-09-20,-0.9007531379656591
2007-09-21,-0.9007764982114378
2007-09-24,-0.9007924058148932
2007-09-25,-0.9008032334518732
2007-09-26,-0.9008106010827549
2007-09-27,-0.9008156133067873
2007-09-28,-0.9008190226511182
2007-10-01,-0.900821341481388
2007-10-02,-0.3978439713441644
2007-10-03,-0.04927950754686373
2007-10-04,0.21212251277498353
2007-10-05,0.4048418531655202
2007-10-08,0.5444213689649644
2007-10-09,0.6439272933029292
2007-10-10,0.7139583600787729
2007-10-11,0.7627612315499287
2007-10-12,0.7965236702290892
2007-10-15,0.8197587612535037
2007-10-16,0.8356898423625828
2007-10-17,0.8465847216350924
2007-10-18,0.8540221311332756
2007-10-19,0.8590930365582348
2007-10-22,0.8625475126113167
2007-10-23,0.8648994610335273
2007-10-24,0.8665001318147846
2007-10-25,0.8675892108451315
2007-10-26,0.8683300726046218
2007-10-29,0.8688339916478982
2007-10-30,0.8691767179878482
2007-10-31,0.8694098001848442
2007-11-01,0.7953081066024128
2007-11-02,0.7786905568165661
2007-11-05,0.7717852166170742
2007-11-06,0.77028229244308
2007-11-07,0.7713592122154219
2007-11-08,0.7733576575353017
2007-11-09,0.7754287508424839
2007-11-12,0.777216393725592
2007-11-13,0.7786258951056392
2007-11-14,0.7796805547866781
2007-11-15,0.7804444348638316
2007-11-16,0.7809862141197259
2007-11-19,0.7813651966570908
2007-11-20,0.7816278717337768
2007-11-21,0.7818088124845546
2007-11-22,0.7819329336685734
2007-11-23,0.7820178386361697
2007-11-26,0.7820758071710026
2007-11-27,0.7821153338197969
2007-11-28,0.782142261967606
2007-11-29,0.7821605962566417
2007-11-30,0.7821730742789369
2007-12-03,-0.19009795026369006
2007-12-04,-0.217896485149231
2007-12-05,-0.2531188903576273
2007-12-06,-0.29568559869131383
2007-12-07,-0.3454609424324128
2007-12-10,-0.4018699246363455
2007-12-11,-0.46359718943744216
2007-12-12,-0.5284239984171483
2007-12-13,-0.5933338940074402
2007-12-14,-0.6549684428270869
2007-12-17,-0.7103280031606468
2007-12-18,-0.7574151270841557
2007-12-19,-0.7955174113505118
2007-12-20,-0.8250559986258659
2007-12-21,-0.8471719115872202
2007-12-24,-0.8632888655934546
2007-12-25,-0.8747989117480216
2007-12-26,-0.8828987414420533
2007-12-27,-0.8885391691480601
2007-12-28,-0.8924380514061593
2007-12-31,-0.8951192916923729
2008-01-01,-0.8987825020788719
2008-01-02,-0.8994560368596608
2008-01-03,-0.8999329055840649
2008-01-04,-0.9002662346676533
2008-01-07,-0.9004971965742075
2008-01-08,-0.900656273470868
2008-01-09,-0.9007653923949726
2008-01-10,-0.9008400345628371
2008-01-11,-0.9008909964145284
2008-01-14,-0.900925745693153
2008-01-15,-0.9009494193349806
2008-01-16,-0.9009655378464841
2008-01-17,-0.9009765078895402
2008-01-18,-0.9009839718908962
2008-01-21,-0.9009890494321483
2008-01-22,-0.900992503093093
2008-01-23,-0.9009948520128884
2008-01-24,-0.9009964494766115
2008-01-25,-0.9009975358431093
2008-01-28,-0.900998274614132
2008-01-29,-0.900998776997517
2008-01-30,-0.9009991186268825
2008-01-31,-0.9009993509387457
2008-02-01,-0.6161986468744179
2008-02-04,-0.6345949298530967
2008-02-05,-0.6552294176188724
2008-02-06,-0.6765095468844857
2008-02-07,-0.696749838843194
2008-02-08,-0.714635759317029
2008-02-11,-0.7294713427809535
2008-02-12,-0.7411552007077747
2008-02-13,-0.7499907536875113
2008-02-14,-0.7564705692372542
2008-02-15,-0.7611169873079755
2008-02-18,-0.7643953539090105
2008-02-19,-0.7666822165706516
2008-02-20,-0.7682647811239368
2008-02-21,-0.769353925803862
2008-02-22,-0.7701006477506612
2008-02-25,-0.770611270274151
2008-02-26,-0.7709598214075083
2008-02-27,-0.7711974530278545
2008-02-28,-0.7713593286255144
2008-02-29,-0.7714695365669761
2008-03-03,-0.08906066937810123
2008-03-04,0.20766626995654475
2008-03-05,0.4023907365163473
2008-03-06,0.5322150725259205
2008-03-07,0.619484873856657
2008-03-10,0.6784151358931018
2008-03-11,0.718312869534376
2008-03-12,0.7453674184562915
2008-03-13,0.7637309279756539
2008-03-14,0.7762030527956844
2008-03-17,0.7846772766652428
2008-03-18,0.7904366382278001
2008-03-19,0.7943515782868436
2008-03-20,0.7970130814898724
2008-03-21,0.7988226008706737
2008-03-24,0.8000529338927015
2008-03-25,0.8008894952781674
2008-03-26,0.801458326703357
2008-03-27,0.8018451178822298
2008-03-28,0.8021081292004532
2008-03-31,0.8022869737219915
2008-04-01,0.8228356373203193
2008-04-02,0.8311722444663816
2008-04-03,0.8374456314412173
2008-04-04,0.8419809322749594
2008-04-07,0.8451869862299404
2008-04-08,0.8474228739289505
2008-04-09,0.8489688824719032
2008-04-10,0.8500319552700285
2008-04-11,0.8507602794083866
2008-04-14,0.8512580479715254
2008-04-15,0.851597688804724
2008-04-16,0.8518291795877748
2008-04-17,0.8519868405032606
2008-04-18,0.8520941641302334
2008-04-21,0.8521671969566528
2008-04-22,0.8522168836469335
2008-04-23,0.8522506818467152
2008-04-24,0.8522736698133012
2008-04-25,0.8522893040231398
2008-04-28,0.8522999363870041
2008-04-29,0.8523071669001308
2008-04-30,0.8523120838805276
2008-05-01,-0.1308251747050629
2008-05-02,-0.250340917412863
2008-05-05,-0.36010091305013947
2008-05-06,-0.461204689023899
2008-05-07,-0.5525233263555149
2008-05-08,-0.6322627657858357
2008-05-09,-0.6991084150201391
2008-05-12,-0.7528507586589547
2008-05-13,-0.7944265803285547
2008-05-14,-0.8255541048362892
2008-05-15,-0.8482561091657782
2008-05-16,-0.8644846416049404
2008-05-19,-0.8759150532923745
2008-05-20,-0.8838804574352246
2008-05-21,-0.8893894273800177
2008-05-22,-0.8931794075361207
2008-05-23,-0.8957772440993748
2008-05-26,-0.8975534366225548
2008-05-27,-0.8987657524155982
2008-05-28,-0.8995922215561285
2008-05-29,-0.9001551924689198
2008-05-30,-0.9005384630843358
2008-06-02,-0.9007992956100088
2008-06-03,-0.825426735126636
2008-06-04,-0.8401817507348218
2008-06-05,-0.8547242064226401
2008-06-06,-0.8670999433788773
2008-06-09,-0.8768371455507791
2008-06-10,-0.8841367456317998
2008-06-11,-0.8894387451796849
2008-06-12,-0.8932091453014885
2008-06-13,-0.8958522542415074
2008-06-16,-0.8976871746847417
2008-06-17,-0.898952624607849
2008-06-18,-0.8998214181105723
2008-06-19,-0.9004160620630682
2008-06-20,-0.9008222169719311
2008-06-23,-0.9010992363923446
2008-06-24,-0.9012879962213652
2008-06-25,-0.9014165319440327
2008-06-26,-0.90150401908374
2008-06-27,-0.9015635486515127
2008-06-30,-0.901604046464131
2008-07-01,-0.6956385384819284
2008-07-02,-0.7396465039225761
2008-07-03,-0.7786082350176722
2008-07-04,-0.8106596799441343
2008-07-07,-0.8356740572736137
2008-07-08,-0.8544485783640112
2008-07-09,-0.8681395258659962
2008-07-10,-0.8779166507245565
2008-07-11,-0.8847952041558156
2008-07-14,-0.8895837976306232
2008-07-15,-0.8928930345456141
2008-07-16,-0.8951683367540884
2008-07-17,-0.8967272784353172
2008-07-18,-0.8977928385753159
2008-07-21,-0.8985199700035885
2008-07-22,-0.8990156038993585
2008-07-23,-0.8993531842161744
2008-07-24,-0.8995829932407227
2008-07-25,-0.8997393811106018
2008-07-28,-0.8998457793041946
2008-07-29,-0.8999181552318707
2008-07-30,-0.8999673824764725
2008-07-31,-0.9000008623585946
2008-08-01,-0.9028251168574442
2008-08-04,-0.9020895234539125
2008-08-05,-0.9015794254057238
2008-08-06,-0.901227876904663
2008-08-07,-0.9009866248457684
2008-08-08,-0.9008215457202503
2008-08-11,-0.9007088132711345
2008-08-12,-0.9006319328170764
2008-08-13,-0.9005795509533766
2008-08-14,-0.900543883494766
2008-08-15,-0.9005196075013696
2008-08-18,-0.9005030895939367
2008-08-19,-0.9004918526876247
2008-08-20,-0.9004842094071224
2008-08-21,-0.9004790109685611
2008-08-22,-0.9004754755659157
2008-08-25,-0.9004730712784885
2008-08-26,-0.9004714362650302
2008-08-27,-0.9004703244110903
2008-08-28,-0.9004695683300635
2008-08-29,-0.9004690541858026
2008-09-01,-0.900468704563636
2008-09-02,-0.8848966566606813
2008-09-03,-0.8874642308307819
2008-09-04,-0.8904959186695367
2008-09-05,-0.8932551614584933
2008-09-08,-0.895493535924587
2008-09-09,-0.897197340650519
2008-09-10,-0.8984449064978303
2008-09-11,-0.8993360641393956
2008-09-12,-0.8999623982808673
2008-09-15,-0.9003978925981785
2008-09-16,-0.9006985191861149
2008-09-17,-0.90090503991614
2008-09-18,-0.9010464483450125
2008-09-19,-0.9011430584086291
2008-09-22,-0.901208962961904
2008-09-23,-0.9012538751903931
2008-09-24,-0.9012844604629439
2008-09-25,-0.9013052792446936
2008-09-26,-0.9013194456314658
2008-09-29,-0.9013290832176994
2008-09-30,-0.9013356388283034
2008-10-01,0.5858293431019498
2008-10-02,0.618804280211122
2008-10-03,0.6556166303809273
2008-10-06,0.6939832265443167
2008-10-07,0.7312123126760435
2008-10-08,0.7649102880980282
2008-10-09,0.7935362691957242
2008-10-10,0.8165633973005759
2008-10-13,0.8342825518966728
2008-10-14,0.8474543544478595
2008-10-15,0.856995232997051
2008-10-16,0.8637765379532679
2008-10-17,0.8685316720394067
2008-10-20,0.8718344140184437
2008-10-21,0.874113201574279
2008-10-22,0.8756782931376135
2008-10-23,0.876749823757396
2008-10-24,0.877481855207097
2008-10-27,0.8779812137388205
2008-10-28,0.8783215096755901
2008-10-29,0.8785532502964335
2008-10-30,0.8787109910753024
2008-10-31,0.8788183275175393
2008-11-03,0.9058850462517153
2008-11-04,0.8984727128036245
2008-11-05,0.892443963213925
2008-11-06,0.8879419495245793
2008-11-07,0.8848104080254463
2008-11-10,0.8827432393032622
2008-11-11,0.8814224687102452
2008-11-12,0.8805910177249613
2008-11-13,0.880068205228583
2008-11-14,0.8797369644574509
2008-11-17,0.8795246201831294
2008-11-18,0.8793867757422851
2008-11-19,0.8792962677179881
2008-11-20,0.8792362793436861
2008-11-21,0.8791962284852817
2008-11-24,0.8791693434897894
2008-11-25,0.8791512255317391
2008-11-26,0.8791389817781599
2008-11-27,0.8791306916032561
2008-11-28,0.8791250708073837
2008-12-01,0.8791212563301428
2008-12-02,0.8774946275600192
2008-12-03,0.8779605821542296
2008-12-04,0.8783054703724891
2008-12-05,0.8785527226161521
2008-12-08,0.8787266672649844
2008-12-09,0.8788476152555701
2008-12-10,0.8789310855164854
2008-12-11,0.8789884098398163
2008-12-12,0.8790276507326255
2008-12-15,0.8790544547028073
2008-12-16,0.8790727368908514
2008-12-17,0.8790851944097006
2008-12-18,0.8790936773636514
2008-12-19,0.8790994512428396
2008-12-22,0.8791033800077093
2008-12-23,0.8791060527348259
2008-12-24,0.8791078707279504
2008-12-25,0.8791091072117486
2008-12-26,0.8791099481352154
2008-12-29,0.8791105200158337
2008-12-30,0.8791109089188168
2008-12-31,0.8791111733838913
2009-01-01,0.8624421245337764
2009-01-02,0.8680267739701172
2009-01-05,0.8716860076729656
2009-01-06,0.8741102965954808
2009-01-07,0.8757294279714811
2009-01-08,0.8768169478145339
2009-01-09,0.8775502604930675
2009-01-12,0.8780460584097091
2009-01-13,0.8783818850591968
2009-01-14,0.878609639962623
2009-01-15,0.8787642328879846
2009-01-16,0.8788692265070425
2009-01-19,0.8789405622654125
2009-01-20,0.8789890428731167
2009-01-21,0.8790219968628782
2009-01-22,0.8790443996370189
2009-01-23,0.879059630770433
2009-01-26,0.8790699866633412
2009-01-27,0.879077028076325
2009-01-28,0.8790818159601165
2009-01-29,0.8790850715914348
2009-01-30,0.8790872853597155
2009-02-02,0.8790887906932114
2009-02-03,0.8776807456546385
2009-02-04,0.8781065740546387
2009-02-05,0.8784101732876963
2009-02-06,0.8786229671724551
2009-02-09,0.8787705574455358
2009-02-10,0.8788722416888385
2009-02-11,0.8789419943925821
2009-02-12,0.8789897057559319
2009-02-13,0.8790222783058182
2009-02-16,0.8790444870670157
2009-02-17,0.8790596164558123
2009-02-18,0.8790699171066276
2009-02-19,0.8790769273987487
2009-02-20,0.8790816970986727
2009-02-23,0.8790849417417359
2009-02-24,0.8790871486744991
2009-02-25,0.8790886496541199
2009-02-26,0.8790896704424536
2009-02-27,0.8790903646346843
2009-03-02,0.8790908367111436
2009-03-03,0.8810338371704701
2009-03-04,0.880425512269593
2009-03-05,0.8800054000075636
2009-03-06,0.8797166810436798
2009-03-09,0.8795189261405613
2009-03-10,0.8793837873567409
2009-03-11,0.8792915833768219
2009-03-12,0.8792287409218534
2009-03-13,0.8791859414089173
2009-03-16,0.8791568068767236
2009-03-17,0.8791369811137808
2009-03-18,0.879123492991815
2009-03-19,0.8791143180180686
2009-03-20,0.8791080776276219
2009-03-23,0.8791038335127699
2009-03-24,0.8791009472157385
2009-03-25,0.8790989843964544
2009-03-26,0.8790976496164873
2009-03-27,0.8790967419374802
2009-03-30,0.8790961247028128
2009-03-31,0.8790957049774553
2009-04-01,0.8791267561573302
2009-04-02,0.8791143624101038
2009-04-03,0.8791070488633024
2009-04-06,0.8791025914501515
2009-04-07,0.8790997991026206
2009-04-08,0.879098010737918
2009-04-09,0.8790968457325962
2009-04-10,0.8790960771557893
2009-04-13,0.8790955654506615
2009-04-14,0.8790952225445962
2009-04-15,0.8790949917054595
2009-04-16,0.8790948358155981
2009-04-17,0.8790947303102993
2009-04-20,0.8790946587978459
2009-04-21,0.8790946102762854
2009-04-22,0.8790945773310749
2009-04-23,0.8790945549512087
2009-04-24,0.879094539743485
2009-04-27,0.8790945294071326
2009-04-28,0.8790945223806819
2009-04-29,0.8790945176037471
2009-04-30,0.8790945143559192
2009-05-01,0.863045835108169
2009-05-04,0.8685972410158695
2009-05-05,0.8721281031150556
2009-05-06,0.8744245845744472
2009-05-07,0.8759403197545027
2009-05-08,0.8769505414776818
2009-05-11,0.8776282457229805
2009-05-12,0.8780848772700377
2009-05-13,0.8783934622905897
2009-05-14,0.8786024167389452
2009-05-15,0.8787440992853963
2009-05-18,0.8788402560592303
2009-05-19,0.8789055562017902
2009-05-20,0.878949920360042
2009-05-21,0.878980069525459
2009-05-22,0.8790005624174584
2009-05-25,0.8790144936301879
2009-05-26,0.8790239650226703
2009-05-27,0.8790304047194683
2009-05-28,0.8790347833181701
2009-05-29,0.8790377605811743
2009-06-01,0.8790397850339188
2009-06-02,0.8361512443994432
2009-06-03,0.85143661891858
2009-06-04,0.8607803879565624
2009-06-05,0.8667098540748797
2009-06-08,0.870562228663714
2009-06-09,0.8731034661285605
2009-06-10,0.8747966473177189
2009-06-11,0.8759323061846649
2009-06-12,0.876697418973261
2009-06-15,0.8772144351629765
2009-06-16,0.8775645104670888
2009-06-17,0.8778018737229284
2009-06-18,0.8779629637315762
2009-06-19,0.8780723586714858
2009-06-22,0.8781466796775947
2009-06-23,0.8781971867374394
2009-06-24,0.8782315170950019
2009-06-25,0.8782548550520506
2009-06-26,0.8782707217647181
2009-06-29,0.8782815096919411
2009-06-30,0.8782888448143968
2009-07-01,0.730893151346113
2009-07-02,0.33140741786291383
2009-07-03,0.021724649477524994
2009-07-06,-0.21527448787360393
2009-07-07,-0.39313639704965764
2009-07-08,-0.5238671596329882
2009-07-09,-0.6181536871090544
2009-07-10,-0.6850976156830113
2009-07-13,-0.732051353208628
2009-07-14,-0.764685411892856
2009-07-15,-0.7872175507128245
2009-07-16,-0.8027019637884368
2009-07-17,-0.8133081249886254
2009-07-20,-0.8205563206290513
2009-07-21,-0.8255019054254249
2009-07-22,-0.8288727277083225
2009-07-23,-0.8311685204964181
2009-07-24,-0.8327313442923797
2009-07-27,-0.8337948446267944
2009-07-28,-0.8345183857720795
2009-07-29,-0.835010560567409
2009-07-30,-0.8353453164551761
2009-07-31,-0.8355729859830592
2009-08-03,-0.6424150133222069
2009-08-04,-0.6879671203439532
2009-08-05,-0.7319964738038247
2009-08-06,-0.7712809298578722
2009-08-07,-0.8041330540932303
2009-08-10,-0.8301991379733997
2009-08-11,-0.8500386027476137
2009-08-12,-0.8646654137933969
2009-08-13,-0.8751966606561765
2009-08-14,-0.8826498283539155
2009-08-17,-0.8878603467351912
2009-08-18,-0.8914718024306386
2009-08-19,-0.8939599883339753
2009-08-20,-0.8956671976914752
2009-08-21,-0.8968352325430157
2009-08-24,-0.8976328209394994
2009-08-25,-0.8981767267051484
2009-08-26,-0.8985472998733587
2009-08-27,-0.898799622018785
2009-08-28,-0.898971354962942
2009-08-31,-0.8990882045504448
2009-09-01,-0.8910161650532278
2009-09-02,-0.8931919691541188
2009-09-03,-0.8950840683881292
2009-09-04,-0.8965689275244785
2009-09-07,-0.8976729051143785
2009-09-08,-0.8984680833376906
2009-09-09,-0.8990296597279176
2009-09-10,-0.8994212694337258
2009-09-11,-0.8996920970195804
2009-09-14,-0.8998783654344497
2009-09-15,-0.9000060046288093
2009-09-16,-0.9000932518263292
2009-09-17,-0.900152789456475
2009-09-18,-0.900193372011721
2009-09-21,-0.90022101300391
2009-09-22,-0.9002398296199118
2009-09-23,-0.9002526345064298
2009-09-24,-0.9002613462593426
2009-09-25,-0.9002672722972408
2009-09-28,-0.9002713029472004
2009-09-29,-0.9002740442244787
2009-09-30,-0.9002759084934266
2009-10-01,-0.8862411386390693
2009-10-02,-0.8894281481247643
2009-10-05,-0.8923868396214653
2009-10-06,-0.8947896560343863
2009-10-07,-0.8966133055558722
2009-10-08,-0.8979442201703964
2009-10-09,-0.8988922820333776
2009-10-12,-0.8995572067932947
2009-10-13,-0.9000188262032428
2009-10-14,-0.9003371419199943
2009-10-15,-0.9005556490842752
2009-10-16,-0.9007051865378881
2009-10-19,-0.9008073135662161
2009-10-20,-0.9008769644475259
2009-10-21,-0.9009244216986281
2009-10-22,-0.9009567364163638
2009-10-23,-0.9009787306721223
2009-10-26,-0.9009936961248894
2009-10-27,-0.9010038769565127
2009-10-28,-0.9010108019183332
2009-10-29,-0.9010155118133144
2009-10-30,-0.9010187149662413
2009-11-02,-0.901020893305411
2009-11-03,-0.6455104721702142
2009-11-04,-0.3227454455235888
2009-11-05,-0.050556096809512306
2009-11-06,0.16993522694708532
2009-11-09,0.342007665266395
2009-11-10,0.4719707065712303
2009-11-11,0.5675008401352877
2009-11-12,0.6362319700336032
2009-11-13,0.6848846951464904
2009-11-16,0.7189153266765327
2009-11-17,0.7425148347610201
2009-11-18,0.7587815590138461
2009-11-19,0.7699465035563458
2009-11-20,0.7775872928249948
2009-11-23,0.7828057490078566
2009-11-24,0.7863648784529607
2009-11-25,0.7887900010898773
2009-11-26,0.7904413637784524
2009-11-27,0.7915653462025538
2009-11-30,0.7923301428366503
2009-12-01,-0.30212309822080435
2009-12-02,-0.3517034180746368
2009-12-03,-0.4081770659498798
2009-12-04,-0.4699986285027414
2009-12-07,-0.5347949780685404
2009-12-08,-0.5994565743492398
2009-12-09,-0.6606028665018803
2009-12-10,-0.7152832267413852
2009-12-11,-0.7615954699082498
2009-12-14,-0.798928612280592
2009-12-15,-0.8277789684584598
2009-12-16,-0.8493250906421466
2009-12-17,-0.8649966480935626
2009-12-18,-0.8761727622696606
2009-12-21,-0.8840295810913096
2009-12-22,-0.8894968389001245
2009-12-23,-0.8932741143383728
2009-12-24,-0.8958708188331035
2009-12-25,-0.8976497995131636
2009-12-28,-0.8988656843603503
2009-12-29,-0.8996953630192747
2009-12-30,-0.9002608810949223
2009-12-31,-0.9006460533109993
2010-01-01,-0.8010607671197122
2010-01-04,-0.8202511065262431
2010-01-05,-0.8392257658357302
2010-01-06,-0.8554968657200918
2010-01-07,-0.8683989606385536
2010-01-08,-0.8781353619785125
2010-01-11,-0.8852439593765267
2010-01-12,-0.8903185698368173
2010-01-13,-0.8938858493672283
2010-01-14,-0.896367232470748
2010-01-15,-0.8980808689495702
2010-01-18,-0.8992584856199884
2010-01-19,-0.9000650317605989
2010-01-20,-0.9006161683683731
2010-01-21,-0.9009921887374522
2010-01-22,-0.9012484611976207
2010-01-25,-0.9014229945351271
2010-01-26,-0.9015418012895668
2010-01-27,-0.9016226472800981
2010-01-28,-0.901677649086554
2010-01-29,-0.901715062571663
2010-02-01,-0.90174050939867
2010-02-02,-0.8831620277404654
2010-02-03,-0.8875917963969763
2010-02-04,-0.8914041778050633
2010-02-05,-0.8943722811749214
2010-02-08,-0.8965668457422675
2010-02-09,-0.898141611739771
2010-02-10,-0.8992509214298395
2010-02-11,-0.9000231540547272
2010-02-12,-0.9005565875693249
2010-02-15,-0.9009231794068668
2010-02-16,-0.9011742491531658
2010-02-17,-0.9013458041925456
2010-02-18,-0.9014628446465649
2010-02-19,-0.9015426093537882
2010-02-22,-0.9015969313045723
2010-02-23,-0.9016339081193446
2010-02-24,-0.9016590698647099
2010-02-25,-0.9016761879417865
2010-02-26,-0.9016878319699078
2010-03-01,-0.9016957516327374
2010-03-02,-0.7878830925239513
2010-03-03,-0.8121704256942885
2010-03-04,-0.8343430905629255
2010-03-05,-0.8525400262784727
2010-03-08,-0.8665776451967587
2010-03-09,-0.8769803775473496
2010-03-10,-0.8844831327074923
2010-03-11,-0.88979480762816
2010-03-12,-0.893507667341704
2010-03-15,-0.8960803757584923
2010-03-16,-0.8978524194222649
2010-03-17,-0.8990679965952466
2010-03-18,-0.8998995281470745
2010-03-19,-0.9004672671023168
2010-03-22,-0.9008543961898338
2010-03-23,-0.9011181384346091
2010-03-24,-0.9012977121562579
2010-03-25,-0.901419928254487
2010-03-26,-0.9015030842044036
2010-03-29,-0.9015596528959565
2010-03-30,-0.9015981300633785
2010-03-31,-0.9016242993614085
2010-04-01,-0.7996013691201873
2010-04-02,-0.8302135104770404
2010-04-05,-0.8515809595397219
2010-04-06,-0.8663795033272229
2010-04-07,-0.876571685353853
2010-04-08,-0.8835637727407736
2010-04-09,-0.8883473368629362
2010-04-12,-0.891613722766029
2010-04-13,-0.8938411930744548
2010-04-14,-0.8953588165917096
2010-04-15,-0.896392167103146
2010-04-16,-0.8970954788412191
2010-04-19,-0.8975740240567361
2010-04-20,-0.8978995704221681
2010-04-21,-0.8981210046124213
2010-04-22,-0.8982716087824968
2010-04-23,-0.8983740329476331
2010-04-26,-0.8984436875118401
2010-04-27,-0.898491055428725
2010-04-28,-0.8985232668977574
2010-04-29,-0.8985451712806806
2010-04-30,-0.8985600665239698
2010-05-03,-0.7150632640179507
2010-05-04,-0.731893439318108
2010-05-05,-0.7572180883786581
2010-05-06,-0.7849990522353526
2010-05-07,-0.8113090696355392
2010-05-10,-0.8339945156061419
2010-05-11,-0.8522904249574302
2010-05-12,-0.86634102733858
2010-05-13,-0.8767520598408307
2010-05-14,-0.8842696160103883
2010-05-17,-0.8895990089566733
2010-05-18,-0.8933286495438479
2010-05-19,-0.8959153613924952
2010-05-20,-0.8976982598818605
2010-05-21,-0.8989218780520686
2010-05-24,-0.8997591965713091
2010-05-25,-0.9003310226979664
2010-05-26,-0.9007210027884872
2010-05-27,-0.9009867173329775
2010-05-28,-0.9011676479055507
2010-05-31,-0.9012907939607897
2010-06-01,-0.27332422167000114
2010-06-02,-0.06384820351403295
2010-06-03,0.12138831211684956
2010-06-04,0.28272805154737907
2010-06-07,0.4197364964464125
2010-06-08,0.532386306511129
2010-06-09,0.6218264121643374
2010-06-10,0.6904887136713599
2010-06-11,0.741661969706154
2010-06-14,0.7788847721975742
2010-06-15,0.8054523989465425
2010-06-16,0.824148049247671
2010-06-17,0.837169219694437
2010-06-18,0.8461718161403012
2010-06-21,0.8523639969987744
2010-06-22,0.8566078525998547
2010-06-23,0.8595092097810891
2010-06-24,0.8614893784277508
2010-06-25,0.8628392629702675
2010-06-28,0.8637587485975436
2010-06-29,0.8643847237886081
2010-06-30,0.8648107225705861
2010-07-01,0.8222752558818213
2010-07-02,0.8254171362427246
2010-07-05,0.8323703088509534
2010-07-06,0.8408158567751309
2010-07-07,0.849093241970496
2010-07-08,0.8562872717470004
2010-07-09,0.8620738719202311
2010-07-12,0.86649053811694
2010-07-13,0.8697420467448034
2010-07-14,0.8720768461043079
2010-07-15,0.873724829149878
2010-07-16,0.8748743786683475
2010-07-19,0.8756697823475873
2010-07-20,0.8762171051582723
2010-07-21,0.8765923011418406
2010-07-22,0.8768488402384793
2010-07-23,0.8770239403265124
2010-07-26,0.8771433116254046
2010-07-27,0.8772246246398088
2010-07-28,0.8772799825556975
2010-07-29,0.8773176560419315
2010-07-30,0.8773432879310807
2010-08-02,0.8773607240467026
2010-08-03,0.2265098409410684
2010-08-04,-0.07431763367915095
2010-08-05,-0.29980855438183374
2010-08-06,-0.4690533904571123
2010-08-09,-0.5945006637394732
2010-08-10,-0.6859297486717295
2010-08-11,-0.7514805450960023
2010-08-12,-0.7978268464271793
2010-08-13,-0.8302374597354653
2010-08-16,-0.8527169719564098
2010-08-17,-0.8682155358613544
2010-08-18,-0.8788557553840141
2010-08-19,-0.8861388516366999
2010-08-20,-0.8911137410360065
2010-08-23,-0.8945071129733103
2010-08-24,-0.8968194668270962
2010-08-25,-0.8983941242970706
2010-08-26,-0.8994659375594114
2010-08-27,-0.9001952549696648
2010-08-30,-0.9006914148641022
2010-08-31,-0.901028907131348
2010-09-01,-0.8670939837637008
2010-09-02,-0.8752079837846193
2010-09-03,-0.8822328975512588
2010-09-06,-0.8877402858790053
2010-09-07,-0.8918365255059205
2010-09-08,-0.894789294281521
2010-09-09,-0.8968762557050564
2010-09-10,-0.8983325278495791
2010-09-13,-0.8993401533995039
2010-09-14,-0.9000334268541423
2010-09-15,-0.9005086120380831
2010-09-16,-0.900833482300406
2010-09-17,-0.9010552025274924
2010-09-20,-0.9012063466599814
2010-09-21,-0.9013092979298726
2010-09-22,-0.9013793849370438
2010-09-23,-0.9014270811569225
2010-09-24,-0.9014595317112077
2010-09-27,-0.9014816059979329
2010-09-28,-0.9014966201637948
2010-09-29,-0.9015068314800371
2010-09-30,-0.901513775950237
2010-10-01,-0.872681044420268
2010-10-04,-0.8793618532724157
2010-10-05,-0.8852603582905355
2010-10-06,-0.8899256871865461
2010-10-07,-0.8934117079535736
2010-10-08,-0.8959312305415109
2010-10-11,-0.8977148075573448
2010-10-12,-0.898960612968833
2010-10-13,-0.89982315985872
2010-10-14,-0.9004168615073871
2010-10-15,-0.9008239095796574
2010-10-18,-0.9011022474135498
2010-10-19,-0.9012922331243143
2010-10-20,-0.9014217549220304
2010-10-21,-0.9015099831538501
2010-10-22,-0.901570049309342
2010-10-25,-0.9016109271021392
2010-10-26,-0.9016387391628248
2010-10-27,-0.9016576583672757
2010-10-28,-0.901670526658882
2010-10-29,-0.9016792785878689
2010-11-01,-0.9016852305860672
2010-11-02,-0.8567758800198488
2010-11-03,-0.8674807950681146
2010-11-04,-0.8766645319103059
2010-11-05,-0.8838308622449653
2010-11-08,-0.8891474318217001
2010-11-09,-0.8929743052922846
2010-11-10,-0.8956767310535196
2010-11-11,-0.8975614708431935
2010-11-12,-0.8988651257798208
2010-11-15,-0.8997618820791452
2010-11-16,-0.9003764523006399
2010-11-17,-0.9007965768433065
2010-11-18,-0.9010832891700189
2010-11-19,-0.9012787295020505
2010-11-22,-0.9014118492158361
2010-11-23,-0.9015024725247737
2010-11-24,-0.9015641434924656
2010-11-25,-0.9016061015260209
2010-11-26,-0.901634643046799
2010-11-29,-0.9016540559232418
2010-11-30,-0.9016672588197515
2010-12-01,-0.8680687157037301
2010-12-02,-0.8754109373992194
2010-12-03,-0.882139000073877
2010-12-06,-0.8875778187137224
2010-12-07,-0.8916994866335148
2010-12-08,-0.8947065868040831
2010-12-09,-0.8968489021043884
2010-12-10,-0.8983517562135898
2010-12-13,-0.8993953329934771
2010-12-14,-0.900115075971743
2010-12-15,-0.9006092103875281
2010-12-16,-0.9009474100603222
2010-12-17,-0.901178401042158
2010-12-20,-0.901335945358692
2010-12-21,-0.9014432933231893
2010-12-22,-0.9015163907369508
2010-12-23,-0.9015661435975807
2010-12-24,-0.9015999970940551
2010-12-27,-0.9016230274292688
2010-12-28,-0.9016386926551496
2010-12-29,-0.9016493471300495
2010-12-30,-0.9016565931504961
2010-12-31,-0.9016615208940689
2011-01-03,-0.676359060442902
2011-01-04,-0.731789464471552
2011-01-05,-0.7765329860051924
2011-01-06,-0.8111182137869912
2011-01-07,-0.8369505677413708
2011-01-10,-0.8557427415797061
2011-01-11,-0.8691466591890369
2011-01-12,-0.8785711344842343
2011-01-13,-0.8851301260848773
2011-01-14,-0.8896621275994984
2011-01-17,-0.8927779038515008
2011-01-18,-0.8949126103538827
2011-01-19,-0.8963716790809453
2011-01-20,-0.8973673243214568
2011-01-21,-0.8980459793539481
2011-01-24,-0.8985082144893068
2011-01-25,-0.8988228817095545
2011-01-26,-0.8990370161769049
2011-01-27,-0.899182701959583
2011-01-28,-0.8992818026466168
2011-01-31,-0.8993492069750597
2011-02-01,-0.8721102028787935
2011-02-02,-0.8779417469600316
2011-02-03,-0.8835571189539402
2011-02-04,-0.8882383889781181
2011-02-07,-0.8918586743536324
2011-02-08,-0.8945362445146708
2011-02-09,-0.896461500012097
2011-02-10,-0.8978205866963034
2011-02-11,-0.8987683676946603
2011-02-14,-0.8994239415880251
2011-02-15,-0.8998749107593875
2011-02-16,-0.9001839817490701
2011-02-17,-0.9003952707214685
2011-02-18,-0.9005394671096563
2011-02-21,-0.9006377615530029
2011-02-22,-0.9007047133078167
2011-02-23,-0.9007502921068666
2011-02-24,-0.9007813095550192
2011-02-25,-0.9008024124501098
2011-02-28,-0.9008167675140044
2011-03-01,-0.8207299111846678
2011-03-02,-0.843573251931164
2011-03-03,-0.8592645349513359
2011-03-04,-0.870012028621273
2011-03-07,-0.8773575533104229
2011-03-08,-0.882370180363032
2011-03-09,-0.8857870815111236
2011-03-10,-0.888114464080305
2011-03-11,-0.8896988966986371
2011-03-14,-0.8907771530533709
2011-03-15,-0.891510757895134
2011-03-16,-0.8920097899816353
2011-03-17,-0.892349215380486
2011-03-18,-0.8925800632335081
2011-03-21,-0.8927370575526398
2011-03-22,-0.8928438218639121
2011-03-23,-0.8929164253419107
2011-03-24,-0.892965797415998
2011-03-25,-0.8929993712006657
2011-03-28,-0.8930222017213569
2011-03-29,-0.8930377266284969
2011-03-30,-0.8930482836310694
2011-03-31,-0.8930554624197629
2011-04-01,-0.7583582944044802
2011-04-04,-0.7075348354685613
2011-04-05,-0.6732300726939575
2011-04-06,-0.6519453929490799
2011-04-07,-0.6401311002751412
2011-04-08,-0.6345785312455208
2011-04-11,-0.6327236438875465
2011-04-12,-0.6327643720442863
2011-04-13,-0.6335897265082266
2011-04-14,-0.6346032189158403
2011-04-15,-0.6355342911517461
2011-04-18,-0.6362913672652847
2011-04-19,-0.6368677500326262
2011-04-20,-0.6372896096547639
2011-04-21,-0.6375907900813077
2011-04-22,-0.6378023695032349
2011-04-25,-0.6379494277150156
2011-04-26,-0.6380509158569071
2011-04-27,-0.6381206212338321
2011-04-28,-0.6381683431511358
2011-04-29,-0.6382009435701961
2011-05-02,-0.6382231811435988
2011-05-03,0.5262514596327827
2011-05-04,0.551018595929706
2011-05-05,0.5843790468403235
2011-05-06,0.623863853887666
2011-05-09,0.6661975376091696
2011-05-10,0.7079073909671876
2011-05-11,0.746036989978283
2011-05-12,0.7786755216099845
2011-05-13,0.8050963897098036
2011-05-16,0.8255326265690588
2011-05-17,0.8407868963797963
2011-05-18,0.8518710567510395
2011-05-19,0.8597676784532272
2011-05-20,0.865314233095889
2011-05-23,0.8691712796945289
2011-05-24,0.8718347511396466
2011-05-25,0.8736651111708192
2011-05-26,0.874918758875586
2011-05-27,0.875775442011431
2011-05-30,0.8763599423653383
2011-05-31,0.8767583108339451
2011-06-01,0.8387755876452185
2011-06-02,0.8501785429563393
2011-06-03,0.8577166454878558
2011-06-06,0.8627465768173141
2011-06-07,0.8661237052703569
2011-06-08,0.8684005167603844
2011-06-09,0.8699397766621776
2011-06-10,0.8709823578926039
2011-06-13,0.8716894202474867
2011-06-14,0.8721693504198406
2011-06-15,0.8724953004859372
2011-06-16,0.8727167606524322
2011-06-17,0.8728672676441247
2011-06-20,0.8729695726509985
2011-06-21,0.8730391216530553
2011-06-22,0.873086406445542
2011-06-23,0.8731185561462314
2011-06-24,0.8731404161022526
2011-06-27,0.8731552800142912
2011-06-28,0.8731653870728942
2011-06-29,0.8731722596837639
2011-06-30,0.873176932969532
2011-07-01,0.696406092626558
2011-07-04,0.4795359172523491
2011-07-05,0.29283976977766973
2011-07-06,0.13162246809857317
2011-07-07,-0.006537365493413456
2011-07-08,-0.12281529312826991
2011-07-11,-0.21813129366427184
2011-07-12,-0.29388383031794385
2011-07-13,-0.35222020448980873
2011-07-14,-0.3958642615315975
2011-07-15,-0.4277267982652357
2011-07-18,-0.4505390493710489
2011-07-19,-0.46663111781827943
2011-07-20,-0.47785937683572705
2011-07-21,-0.48563266128150023
2011-07-22,-0.4909843239464798
2011-07-25,-0.4946545419205363
2011-07-26,-0.4971648734228256
2011-07-27,-0.4988787084496094
2011-07-28,-0.5000472858294936
2011-07-29,-0.5008433904422843
2011-08-01,-0.5013854241095022
2011-08-02,-0.20555315467212038
2011-08-03,-0.2298086117099889
2011-08-04,-0.26260130648816105
2011-08-05,-0.30338994309479994
2011-08-08,-0.3518091241419001
2011-08-09,-0.4071508332002023
2011-08-10,-0.46801338706952056
2011-08-11,-0.5321185190239296
2011-08-12,-0.5964098149556071
2011-08-15,-0.6575058789360806
2011-08-16,-0.7123980238402569
2011-08-17,-0.7590879465960568
2011-08-18,-0.7968637957911984
2011-08-19,-0.8261440114118206
2011-08-22,-0.848062575155466
2011-08-23,-0.8640332818164619
2011-08-24,-0.8754375153893156
2011-08-25,-0.883462159422265
2011-08-26,-0.8890498643135447
2011-08-29,-0.8929121223961513
2011-08-30,-0.8955680895771045
2011-08-31,-0.8973880672953629
2011-09-01,-0.1713667132276554
2011-09-02,0.09109835321711535
2011-09-05,0.2960527306439055
2011-09-06,0.4543060035240302
2011-09-07,0.574061972863526
2011-09-08,0.6626946322008614
2011-09-09,0.7269639398951301
2011-09-12,0.7727792200851098
2011-09-13,0.8050073343042145
2011-09-14,0.827453152995334
2011-09-15,0.8429733592682329
2011-09-16,0.8536498315428618
2011-09-19,0.8609678476460587
2011-09-20,0.865971331460271
2011-09-21,0.8693864222910376
2011-09-22,0.871714607215445
2011-09-23,0.8733005242919291
2011-09-26,0.8743802237791284
2011-09-27,0.875115010361041
2011-09-28,0.8756149386585049
2011-09-29,0.8759550162984812
2011-09-30,0.8761863274700235
2011-10-03,0.8380280927083729
2011-10-04,0.8139630848929477
2011-10-05,0.7976794223130398
2011-10-06,0.7903648257097391
2011-10-07,0.7915247446582294
2011-10-10,0.7992606970371997
2011-10-11,0.810945507020431
2011-10-12,0.8240029528379225
2011-10-13,0.8364803782921132
2011-10-14,0.847253980252163
2011-10-17,0.855921222624481
2011-10-18,0.8625516849651339
2011-10-19,0.8674457073938798
2011-10-20,0.8709679696276429
2011-10-21,0.8734585764390556
2011-10-24,0.8751982244059584
2011-10-25,0.8764030951650641
2011-10-26,0.877232740912044
2011-10-27,0.8778017432337795
2011-10-28,0.8781909249513516
2011-10-31,0.878456620095871
2011-11-01,0.823986206957258
2011-11-02,0.8420376371063367
2011-11-03,0.852968072471272
2011-11-04,0.8598638827446056
2011-11-07,0.8643273327166648
2011-11-08,0.867264472278624
2011-11-09,0.8692182683602577
2011-11-10,0.8705273111390756
2011-11-11,0.871408594877707
2011-11-14,0.8720038204078174
2011-11-15,0.872406718230305
2011-11-16,0.8726798356553249
2011-11-17,0.8728651625183692
2011-11-18,0.8729910035009361
2011-11-21,0.8730764916567689
2011-11-22,0.8731345849148338
2011-11-23,0.8731740704373498
2011-11-24,0.8732009123108768
2011-11-25,0.8732191609481367
2011-11-28,0.8732315682418895
2011-11-29,0.873240004374865
2011-11-30,0.8732457405602824
2011-12-01,0.8288508111463246
2011-12-02,0.8379581213250176
2011-12-05,0.8443687901245136
2011-12-06,0.8488334670833325
2011-12-07,0.8519197745799608
2011-12-08,0.8540422503808554
2011-12-09,0.8554966988565766
2011-12-12,0.8564909393462168
2011-12-13,0.8571694511869773
2011-12-14,0.8576319672465987
2011-12-15,0.8579470013075057
2011-12-16,0.8581614668026146
2011-12-19,0.8583074154933433
2011-12-20,0.8584067124685875
2011-12-21,0.8584742583786754
2011-12-22,0.8585202006630355
2011-12-23,0.8585514465197361
2011-12-26,0.8585726960523912
2011-12-27,0.8585871468145079
2011-12-28,0.858596973827432
2011-12-29,0.858603656421771
2011-12-30,0.8586082006880403
2012-01-02,0.8586112908348413
2012-01-03,-0.10984865306547795
2012-01-04,-0.27625186362030396
2012-01-05,-0.4171814150047492
2012-01-06,-0.5344631864721606
2012-01-09,-0.6293174143817144
2012-01-10,-0.7035798419570729
2012-01-11,-0.7599240724107922
2012-01-12,-0.8015199537358573
2012-01-13,-0.8315541953424533
2012-01-16,-0.8528729915565364
2012-01-17,-0.8678147750666059
2012-01-18,-0.8781915731275047
2012-01-19,-0.8853514006010282
2012-01-20,-0.8902691530971091
2012-01-23,-0.8936362903507845
2012-01-24,-0.8959367291208306
2012-01-25,-0.897506052493382
2012-01-26,-0.8985755276784541
2012-01-27,-0.8993038541659183
2012-01-30,-0.8997996181081204
2012-01-31,-0.900136969904845
2012-02-01,-0.7716757556716699
2012-02-02,-0.7918926605426996
2012-02-03,-0.8144221122664786
2012-02-06,-0.8352735157110032
2012-02-07,-0.8527357175284414
2012-02-08,-0.8664484519327256
2012-02-09,-0.8767525824375242
2012-02-10,-0.8842610762170248
2012-02-13,-0.8896162853753702
2012-02-14,-0.8933791755882222
2012-02-15,-0.8959960649023253
2012-02-16,-0.89780308686733
2012-02-17,-0.899044808794612
2012-02-20,-0.899895234790612
2012-02-21,-0.900476345999226
2012-02-22,-0.9008728130702995
2012-02-23,-0.9011430191662477
2012-02-24,-0.9013270412833502
2012-02-27,-0.9014523068658382
2012-02-28,-0.9015375478530252
2012-02-29,-0.9015955396430108
2012-03-01,-0.8623423215247051
2012-03-02,-0.8728862429843347
2012-03-05,-0.8811592903944615
2012-03-06,-0.8872791909505106
2012-03-07,-0.8916660536644069
2012-03-08,-0.8947526542663087
2012-03-09,-0.896899279535446
2012-03-12,-0.8983810292651664
2012-03-13,-0.8993988061477517
2012-03-14,-0.9000956033949411
2012-03-15,-0.9005716024783095
2012-03-16,-0.9008962882748224
2012-03-19,-0.9011175398691587
2012-03-20,-0.9012682060118706
2012-03-21,-0.9013707583823104
2012-03-22,-0.9014405399200818
2012-03-23,-0.9014880125790475
2012-03-26,-0.9015203037806401
2012-03-27,-0.9015422663156819
2012-03-28,-0.9015572029214397
2012-03-29,-0.9015673607711606
2012-03-30,-0.901574268548544
2012-04-02,-0.9015789660381679
2012-04-03,-0.7797088090971068
2012-04-04,-0.8143221098016554
2012-04-05,-0.8396062992179049
2012-04-06,-0.857681618493031
2012-04-09,-0.8704083186799206
2012-04-10,-0.8792735475795593
2012-04-11,-0.8854027919094011
2012-04-12,-0.8896184161422739
2012-04-13,-0.8925074678934806
2012-04-16,-0.894482506652565
2012-04-17,-0.8958304164316664
2012-04-18,-0.8967492643254839
2012-04-19,-0.8973751335616564
2012-04-20,-0.8978012123509431
2012-04-23,-0.8980911716705006
2012-04-24,-0.8982884484116772
2012-04-25,-0.8984226448438047
2012-04-26,-0.898513920695141
2012-04-27,-0.8985759985489313
2012-04-30,-0.8986182162214683
2012-05-01,-0.7992734341842133
2012-05-02,-0.8098187510030459
2012-05-03,-0.8252424750767953
2012-05-04,-0.8414306173436654
2012-05-07,-0.8560608604903479
2012-05-08,-0.8681449374439449
2012-05-09,-0.877544589910596
2012-05-10,-0.8845594500103905
2012-05-11,-0.8896457671327099
2012-05-14,-0.8932605560338076
2012-05-15,-0.8957941477880338
2012-05-16,-0.8975530320041291
2012-05-17,-0.8987661024463803
2012-05-18,-0.8995989816743125
2012-05-21,-0.9001690720435429
2012-05-22,-0.9005584711698847
2012-05-23,-0.9008240697389814
2012-05-24,-0.9010050511091562
2012-05-25,-0.9011282918558612
2012-05-28,-0.9012121758294654
2012-05-29,-0.9012692540564903
2012-05-30,-0.9013080844105849
2012-05-31,-0.9013344969770396
2012-06-01,-0.5542105598397618
2012-06-04,-0.6021173530985272
2012-06-05,-0.6537376979399034
2012-06-06,-0.7039213634175572
2012-06-07,-0.7490968216325199
2012-06-08,-0.7872541266064912
2012-06-11,-0.8178187860271999
2012-06-12,-0.841273323386221
2012-06-13,-0.8586792289563501
2012-06-14,-0.8712743503013626
2012-06-15,-0.8802211326578246
2012-06-18,-0.8864924636236245
2012-06-19,-0.890847338408289
2012-06-20,-0.8938516496279966
2012-06-21,-0.8959148558581763
2012-06-22,-0.8973273372592492
2012-06-25,-0.8982922580248628
2012-06-26,-0.8989504667252998
2012-06-27,-0.8993990062443793
2012-06-28,-0.899704457055583
2012-06-29,-0.8999123691910151
2012-07-02,-0.9000538445651871
2012-07-03,-0.597406208040224
2012-07-04,-0.6308474588134826
2012-07-05,-0.6724839687892402
2012-07-06,-0.7158971409528242
2012-07-09,-0.7566698734157924
2012-07-10,-0.7921079095334425
2012-07-11,-0.8210755037863422
2012-07-12,-0.8436306600970523
2012-07-13,-0.8605449384987675
2012-07-16,-0.8728755967779938
2012-07-17,-0.8816804651287966
2012-07-18,-0.8878748924696203
2012-07-19,-0.8921872572156104
2012-07-20,-0.8951674306062455
2012-07-23,-0.8972165092777363
2012-07-24,-0.8986204674363236
2012-07-25,-0.8995801019017805
2012-07-26,-0.9002349542290977
2012-07-27,-0.9006813224734596
2012-07-30,-0.9009853484455762
2012-07-31,-0.9011923156499091
2012-08-01,-0.8956172431881255
2012-08-02,-0.8972580877702594
2012-08-03,-0.8985246714949151
2012-08-06,-0.8994533056994156
2012-08-07,-0.9001152261791531
2012-08-08,-0.9005792028077331
2012-08-09,-0.9009010570086647
2012-08-10,-0.9011228344872059
2012-08-13,-0.901274985686586
2012-08-14,-0.9013790673440507
2012-08-15,-0.9014501284000231
2012-08-16,-0.9014985817387411
2012-08-17,-0.9015315908891465
2012-08-20,-0.9015540652333657
2012-08-21,-0.9015693607779443
2012-08-22,-0.9015797677482653
2012-08-23,-0.9015868472585175
2012-08-24,-0.9015916626040454
2012-08-27,-0.9015949376285795
2012-08-28,-0.9015971649167945
2012-08-29,-0.9015986795976046
2012-08-30,-0.9015997096377774
2012-08-31,-0.9016004100912177
2012-09-03,-0.8669817995759499
2012-09-04,-0.8762406659485829
2012-09-05,-0.88346705355814
2012-09-06,-0.8887990824357028
2012-09-07,-0.8926156332255534
2012-09-10,-0.895298544038289
2012-09-11,-0.8971633303609413
2012-09-12,-0.8984500398926916
2012-09-13,-0.8993336210821268
2012-09-14,-0.8999384395894425
2012-09-17,-0.9003515574137777
2012-09-18,-0.9006333286696756
2012-09-19,-0.9008253265631996
2012-09-20,-0.9009560669847168
2012-09-21,-0.9010450545149193
2012-09-24,-0.9011056048672035
2012-09-25,-0.9011467970424781
2012-09-26,-0.9011748160015901
2012-09-27,-0.901193872713241
2012-09-28,-0.9012068330370454
2012-10-01,-0.901215646866767
2012-10-02,-0.7485430903790502
2012-10-03,-0.7825684034152721
2012-10-04,-0.8087445833621374
2012-10-05,-0.8282100083970632
2012-10-08,-0.8423173133987991
2012-10-09,-0.8523496490959065
2012-10-10,-0.8593876197999633
2012-10-11,-0.8642776473553669
2012-10-12,-0.8676524859831684
2012-10-15,-0.8699707870588596
2012-10-16,-0.871558206829965
2012-10-17,-0.8726427747640695
2012-10-18,-0.8733826645532284
2012-10-19,-0.8738868963914969
2012-10-22,-0.8742302871848643
2012-10-23,-0.8744640305728941
2012-10-24,-0.874623086041282
2012-10-25,-0.8747312946033168
2012-10-26,-0.8748048999152624
2012-10-29,-0.8748549623697446
2012-10-30,-0.874889009837438
2012-10-31,-0.8749121644161932
2012-11-01,-0.7805398398557879
2012-11-02,-0.8082557114531642
2012-11-05,-0.8315273333645906
2012-11-06,-0.8499203622133766
2012-11-07,-0.8638346150978593
2012-11-08,-0.8740322227861423
2012-11-09,-0.8813381428319176
2012-11-12,-0.8864889239760181
2012-11-13,-0.8900796754401161
2012-11-14,-0.8925634097975749
2012-11-15,-0.8942721814586534
2012-11-16,-0.8954434455059475
2012-11-19,-0.896244246068899
2012-11-20,-0.8967908106373841
2012-11-21,-0.8971634126702197
2012-11-22,-0.8974172170384674
2012-11-23,-0.8975900054791821
2012-11-26,-0.8977075948532367
2012-11-27,-0.8977875987419568
2012-11-28,-0.8978420213091893
2012-11-29,-0.8978790378535538
2012-11-30,-0.8979042133463659
2012-12-03,-0.664545952742541
2012-12-04,-0.5047685721425974
2012-12-05,-0.35940162932288494
2012-12-06,-0.22920183831326216
2012-12-07,-0.1146526996555203
2012-12-10,-0.016139809512260943
2012-12-11,0.06622289671770026
2012-12-12,0.13290328353966835
2012-12-13,0.18512474323953892
2012-12-14,0.2247649720187871
2012-12-17,0.2540492477624153
2012-12-18,0.2752097299026925
2012-12-19,0.29024011964550633
2012-12-20,0.3007805267684787
2012-12-21,0.3081038809828974
2012-12-24,0.31315853623502876
2012-12-25,0.31663116450012474
2012-12-26,0.31900923695841676
2012-12-27,0.3206341333850687
2012-12-28,0.32174270202687116
2012-12-31,0.3224982204399305
2013-01-01,-0.38850086943628015
2013-01-02,-0.536800631264697
2013-01-03,-0.6440409420098855
2013-01-04,-0.7205137519775683
2013-01-07,-0.7743812230204654
2013-01-08,-0.8119549573195181
2013-01-09,-0.837969619859993
2013-01-10,-0.8558838383734327
2013-01-11,-0.8681723131756405
2013-01-14,-0.8765788729090369
2013-01-15,-0.8823189602815232
2013-01-16,-0.8862332469155537
2013-01-17,-0.8889000926037506
2013-01-18,-0.890715929742109
2013-01-21,-0.8919518031795105
2013-01-22,-0.8927927083304407
2013-01-23,-0.893364760271965
2013-01-24,-0.8937538648380629
2013-01-25,-0.8940185063637303
2013-01-28,-0.89419848583953
2013-01-29,-0.8943208825729356
2013-01-30,-0.8944041172556959
2013-01-31,-0.8944607190807509
2013-02-01,0.19596947774108636
2013-02-04,0.3441873617796235
2013-02-05,0.4719546728757223
2013-02-06,0.576892813606964
2013-02-07,0.6594475402834391
2013-02-08,0.7220709981057332
2013-02-11,0.7682034398818207
2013-02-12,0.8014281444612288
2013-02-13,0.8249570003888708
2013-02-14,0.8414169933127218
2013-02-15,0.8528320153250007
2013-02-18,0.8607000885670106
2013-02-19,0.8661003376077465
2013-02-20,0.8697959330421424
2013-02-21,0.8723198734741721
2013-02-22,0.8740412419886157
2013-02-25,0.8752141357175862
2013-02-26,0.8760127991163639
2013-02-27,0.876556397651901
2013-02-28,0.8769262794424926
2013-03-01,0.8526180530985551
2013-03-04,0.8601243283551372
2013-03-05,0.865024619664081
2013-03-06,0.8682670394045635
2013-03-07,0.870431729924084
2013-03-08,0.8718855644991387
2013-03-11,0.8728659036937342
2013-03-12,0.873528750077942
2013-03-13,0.8739777477919907
2013-03-14,0.8742822663399037
2013-03-15,0.8744889701762197
2013-03-18,0.8746293585702858
2013-03-19,0.874724744042939
2013-03-20,0.8747895698092654
2013-03-21,0.874833634510277
2013-03-22,0.8748635907186472
2013-03-25,0.8748839573304048
2013-03-26,0.8748978049508869
2013-03-27,0.8749072205536553
2013-03-28,0.8749136228002191
2013-03-29,0.8749179761578064
2013-04-01,0.874920936360906
2013-04-02,0.8395252474168557
2013-04-03,0.8375761156484326
2013-04-04,0.8407833919604889
2013-04-05,0.8466244783259523
2013-04-08,0.8531719789993853
2013-04-09,0.8592524800777087
2013-04-10,0.8643339120870295
2013-04-11,0.8683055591933821
2013-04-12,0.8712746629779401
2013-04-15,0.8734283790431469
2013-04-16,0.8749588640500086
2013-04-17,0.8760313195091685
2013-04-18,0.876775662027336
2013-04-19,0.877288915035588
2013-04-22,0.8776412519431296
2013-04-23,0.8778823917165871
2013-04-24,0.8780470879620453
2013-04-25,0.8781594161811328
2013-04-26,0.8782359545561563
2013-04-29,0.8782880725178617
2013-04-30,0.8783235459880312
2013-05-01,0.8749020101928255
2013-05-02,0.87600508499752
2013-05-03,0.876736759722308
2013-05-06,0.8772260479471004
2013-05-07,0.8775550291535118
2013-05-08,0.8777770339874699
2013-05-09,0.877927217654715
2013-05-10,0.8780289843780433
2013-05-13,0.878098020840019
2013-05-14,0.8781448895893068
2013-05-15,0.8781767252331324
2013-05-16,0.8781983572505168
2013-05-17,0.8782130595221393
2013-05-20,0.8782230535962142
2013-05-21,0.8782298479592174
2013-05-22,0.878234467380821
2013-05-23,0.8782376082414766
2013-05-24,0.8782397438657137
2013-05-27,0.8782411960150543
2013-05-28,0.8782421834413899
2013-05-29,0.878242854874693
2013-05-30,0.8782433114414415
2013-05-31,0.8782436219030301
2013-06-03,0.8459053036100455
2013-06-04,0.8560906016002616
2013-06-05,0.862464998767462
2013-06-06,0.8665701168098358
2013-06-07,0.8692626137081666
2013-06-10,0.8710498089724558
2013-06-11,0.8722455096121822
2013-06-12,0.8730497133089365
2013-06-13,0.8735925262276597
2013-06-14,0.8739597859181213
2013-06-17,0.8742086710431295
2013-06-18,0.8743775208549333
2013-06-19,0.8744921579171818
2013-06-20,0.8745700276449807
2013-06-21,0.8746229404890203
2013-06-24,0.874658903387251
2013-06-25,0.8746833499043395
2013-06-26,0.8746999697131265
2013-06-27,0.8747112694105242
2013-06-28,0.8747189523815934
2013-07-01,0.8747241764188358
2013-07-02,0.5677300855962253
2013-07-03,0.10632899353446965
2013-07-04,-0.20906969835512923
2013-07-05,-0.42446625987095293
2013-07-08,-0.5714168407663438
2013-07-09,-0.6715825747990527
2013-07-10,-0.7398113355286334
2013-07-11,-0.7862622598431994
2013-07-12,-0.8178750202415018
2013-07-15,-0.8393839426419789
2013-07-16,-0.854015719434467
2013-07-17,-0.863967980099935
2013-07-18,-0.870736745985915
2013-07-19,-0.8753400743953795
2013-07-22,-0.8784705992062979
2013-07-23,-0.8805994761378373
2013-07-24,-0.882047167325
2013-07-25,-0.8830316222499733
2013-07-26,-0.8837010628048261
2013-07-29,-0.8841562873468861
2013-07-30,-0.8844658421831474
2013-07-31,-0.8846763403640259
2013-08-01,0.3805925330524642
2013-08-02,0.45094226720299957
2013-08-05,0.5220683937442179
2013-08-06,0.5905019179521448
2013-08-07,0.6529414092805235
2013-08-08,0.7069384608230865
2013-08-09,0.7513283682231634
2013-08-12,0.7862218373637538
2013-08-13,0.8126458990895717
2013-08-14,0.832073831838778
2013-08-15,0.8460408756650886
2013-08-16,0.8559173702774316
2013-08-19,0.8628187544848771
2013-08-20,0.8676008304206341
2013-08-21,0.8708949848739994
2013-08-22,0.8731549547527296
2013-08-23,0.8747010739075388
2013-08-26,0.8757567907078238
2013-08-27,0.8764767038521788
2013-08-28,0.8769671850328551
2013-08-29,0.8773011480389304
2013-08-30,0.8775284446662337
2013-09-02,0.8776830997217605
2013-09-03,0.7575903787061391
2013-09-04,0.5348559800988542
2013-09-05,0.35067479823557257
2013-09-06,0.1948763737546693
2013-09-09,0.06208895418386023
2013-09-10,-0.05035475924902923
2013-09-11,-0.14383445820600602
2013-09-12,-0.21949769171903077
2013-09-13,-0.27889274125387514
2013-09-16,-0.324122222402865
2013-09-17,-0.3576401629311451
2013-09-18,-0.38192449250988003
2013-09-19,-0.39921006902188577
2013-09-20,-0.41135113096570525
2013-09-23,-0.41979629167814436
2013-09-24,-0.4256299936802526
2013-09-25,-0.4296401366077158
2013-09-26,-0.4323873946687084
2013-09-27,-0.43426506465770914
2013-09-30,-0.4355463268896184
2013-10-01,0.30216328872969095
2013-10-02,0.4995147562109301
2013-10-03,0.619442860707384
2013-10-04,0.6956694441245843
2013-10-07,0.7453461209904445
2013-10-08,0.7782094278362298
2013-10-09,0.8001552721320295
2013-10-10,0.814899577308892
2013-10-11,0.8248449856270726
2013-10-14,0.8315711428567075
2013-10-15,0.8361281349670869
2013-10-16,0.8392191801271152
2013-10-17,0.841317543006897
2013-10-18,0.8427427942013265
2013-10-21,0.8437112100292459
2013-10-22,0.8443693839253988
2013-10-23,0.8448167808180191
2013-10-24,0.845120936002389
2013-10-25,0.8453277269032684
2013-10-28,0.8454683286434634
2013-10-29,0.8455639303507565
2013-10-30,0.8456289360241439
2013-10-31,0.8456731382483553
2013-11-01,0.7218526820755601
2013-11-04,0.7016932479649236
2013-11-05,0.6952811784462912
2013-11-06,0.7013149431759922
2013-11-07,0.717156963289755
2013-11-08,0.7393147545800901
2013-11-11,0.7641140924957928
2013-11-12,0.7884016904264677
2013-11-13,0.810025628386175
2013-11-14,0.8279401445334964
2013-11-15,0.8419911358639643
2013-11-18,0.852569232776113
2013-11-19,0.8602967193054833
2013-11-20,0.8658207082223139
2013-11-21,0.869709270380209
2013-11-22,0.8724172523577189
2013-11-25,0.8742890233179224
2013-11-26,0.8755761379064166
2013-11-27,0.8764580826886058
2013-11-28,0.8770609349127775
2013-11-29,0.8774723305900125
2013-12-02,0.8777527557459089
2013-12-03,0.8773293766323785
2013-12-04,0.8775268653824176
2013-12-05,0.8777446586830626
2013-12-06,0.8779322537692096
2013-12-09,0.878078372835203
2013-12-10,0.8781864080153219
2013-12-11,0.8782639132925355
2013-12-12,0.8783184952884958
2013-12-13,0.8783564826867103
2013-12-16,0.8783827181274708
2013-12-17,0.8784007453407732
2013-12-18,0.878413090458268
2013-12-19,0.8784215252142441
2013-12-20,0.8784272793863158
2013-12-23,0.8784312007964254
2013-12-24,0.8784338713191615
2013-12-25,0.8784356891069327
2013-12-26,0.8784369260493754
2013-12-27,0.878437767561402
2013-12-30,0.878438339970189
2013-12-31,0.8784387292914934
2014-01-01,0.8777345072426151
2014-01-02,0.8773700726073413
2014-01-03,0.8774463659579284
2014-01-06,0.877666079784028
2014-01-07,0.8778994710512315
2014-01-08,0.8780991961098026
2014-01-09,0.8782547047558457
2014-01-10,0.8783697964067883
2014-01-13,0.8784524573148575
2014-01-14,0.878510725332261
2014-01-15,0.8785513073357911
2014-01-16,0.8785793493715679
2014-01-17,0.8785986250933222
2014-01-20,0.8786118286073915
2014-01-21,0.8786208514723334
2014-01-22,0.8786270076076695
2014-01-23,0.8786312033049646
2014-01-24,0.8786340607846767
2014-01-27,0.8786360059078391
2014-01-28,0.8786373295330835
2014-01-29,0.878638230033239
2014-01-30,0.8786388425742128
2014-01-31,0.878639259194764
2014-02-03,0.8350131086296161
2014-02-04,0.8491156784402208
2014-02-05,0.857698911158925
2014-02-06,0.8631306396318723
2014-02-07,0.8666532522380412
2014-02-10,0.8689741821082105
2014-02-11,0.8705193423250913
2014-02-12,0.8715551645624304
2014-02-13,0.8722527636263303
2014-02-14,0.872724043070704
2014-02-17,0.8730430969181378
2014-02-18,0.8732594022773225
2014-02-19,0.8734061898617427
2014-02-20,0.8735058669844309
2014-02-21,0.8735735834963334
2014-02-24,0.8736196011759618
2014-02-25,0.8736508795310698
2014-02-26,0.873672142486221
2014-02-27,0.8736865983646055
2014-02-28,0.873696427002192
2014-03-03,0.8400121871043374
2014-03-04,0.8237727595713117
2014-03-05,0.8154944041808315
2014-03-06,0.8147383112493258
2014-03-07,0.8197730271347318
2014-03-10,0.8282559293723352
2014-03-11,0.8379642757505313
2014-03-12,0.8472756274464457
2014-03-13,0.8552937565469487
2014-03-14,0.861715880074706
2014-03-17,0.86660767845948
2014-03-18,0.8702053893114028
2014-03-19,0.8727874880486265
2014-03-20,0.8746095488897537
2014-03-21,0.8758803487598127
2014-03-24,0.8767595805372425
2014-03-25,0.8773645590013202
2014-03-26,0.877779267530412
2014-03-27,0.8780628185574876
2014-03-28,0.8782563535642859
2014-03-31,0.8783882916536946
2014-04-01,0.8798831706282189
2014-04-02,0.8794783433372935
2014-04-03,0.8792189206189711
2014-04-04,0.8790501508160319
2014-04-07,0.8789390182452193
2014-04-08,0.8788651590506082
2014-04-09,0.8788157362018293
2014-04-10,0.8787825025057593
2014-04-11,0.8787600774992494
2014-04-14,0.8787449092427762
2014-04-15,0.8787346322740529
2014-04-16,0.878727661285961
2014-04-17,0.8787229290494644
2014-04-18,0.8787197148489672
2014-04-21,0.8787175309149595
2014-04-22,0.8787160466372679
2014-04-23,0.878715037697754
2014-04-24,0.8787143517900167
2014-04-25,0.8787138854521197
2014-04-28,0.8787135683792034
2014-04-29,0.8787133527867655
2014-04-30,0.8787132061919066
2014-05-01,0.8818279439655756
2014-05-02,0.8808331124467933
2014-05-05,0.8801667372717987
2014-05-06,0.8797189882170096
2014-05-07,0.8794172513842299
2014-05-08,0.879213414226204
2014-05-09,0.8790754526277857
2014-05-12,0.8789819467124066
2014-05-13,0.8789185078275072
2014-05-14,0.8788754373772704
2014-05-15,0.8788461811967029
2014-05-16,0.8788263017594337
2014-05-19,0.8788127906033012
2014-05-20,0.8788036062027174
2014-05-21,0.878797362289024
2014-05-22,0.8787931171143495
2014-05-23,0.8787902307147226
2014-05-26,0.8787882681115777
2014-05-27,0.8787869336108189
2014-05-28,0.8787860261828279
2014-05-29,0.8787854091471318
2014-05-30,0.8787849895701533
2014-06-02,0.8787847042613179
2014-06-03,0.8858552112546897
2014-06-04,0.8836732746557815
2014-06-05,0.8821619081443881
2014-06-06,0.8811234732538632
2014-06-09,0.8804132275098991
2014-06-10,0.8799286720698141
2014-06-11,0.879598549754293
2014-06-12,0.8793738150544572
2014-06-13,0.8792208915342824
2014-06-16,0.8791168595425978
2014-06-17,0.8790460987674694
2014-06-18,0.87899797308042
2014-06-19,0.8789652438943036
2014-06-20,0.8789429863802996
2014-06-23,0.8789278505201308
2014-06-24,0.8789175577971955
2014-06-25,0.8789105585939626
2014-06-26,0.8789057990683423
2014-06-27,0.8789025625614271
2014-06-30,0.8789003617241835
2014-07-01,0.8784092932142014
2014-07-02,0.878526676268993
2014-07-03,0.8786268179569453
2014-07-04,0.8787043061758958
2014-07-07,0.8787613399512467
2014-07-08,0.8788021303284308
2014-07-09,0.8788307959509671
2014-07-10,0.8788507177381134
2014-07-11,0.8788644629895206
2014-07-14,0.8788739015120947
2014-07-15,0.8788803621300534
2014-07-16,0.8788847749642713
2014-07-17,0.8788877847595732
2014-07-18,0.8788898356124365
2014-07-21,0.8788912321301128
2014-07-22,0.8788921826576791
2014-07-23,0.8788928294302131
2014-07-24,0.87889326942666
2014-07-25,0.8788935687124757
2014-07-28,0.8788937722675312
2014-07-29,0.8788939107037219
2014-07-30,0.8788940048489583
2014-07-31,0.8788940688716771
2014-08-01,0.8610477345898696
2014-08-04,0.8674543667684639
2014-08-05,0.8713003971137645
2014-08-06,0.8737138601399116
2014-08-07,0.8752706887018431
2014-08-08,0.8762928611990402
2014-08-11,0.8769718087183703
2014-08-12,0.8774262539468203
2014-08-13,0.8777319959156492
2014-08-14,0.8779384038198027
2014-08-15,0.8780780754307089
2014-08-18,0.8781727369585747
2014-08-19,0.8782369616500163
2014-08-20,0.8782805674961457
2014-08-21,0.8783101885629201
2014-08-22,0.8783303166055485
2014-08-25,0.8783439970695922
2014-08-26,0.878353296728435
2014-08-27,0.8783596190805859
2014-08-28,0.8783639176234783
2014-08-29,0.8783668403277034
2014-09-01,0.8783688276246367
2014-09-02,0.8990686117550617
2014-09-03,0.8938085736127654
2014-09-04,0.8896553353121319
2014-09-05,0.886515999252763
2014-09-08,0.8842185570185025
2014-09-09,0.8825755808682183
2014-09-10,0.8814193481186768
2014-09-11,0.8806145675561607
2014-09-12,0.8800585933046305
2014-09-15,0.8796764527483781
2014-09-16,0.8794146982657696
2014-09-17,0.8792358232188402
2014-09-18,0.8791137791792896
2014-09-19,0.8790305997690365
2014-09-22,0.8789739500724588
2014-09-23,0.8789353877096087
2014-09-24,0.8789091465449718
2014-09-25,0.8788912938844093
2014-09-26,0.8788791500715906
2014-09-29,0.8788708904312139
2014-09-30,0.8788652730239894
2014-10-01,0.8615932255937498
2014-10-02,0.8677199207088482
2014-10-03,0.8714308306890736
2014-10-06,0.8737722737360051
2014-10-07,0.8752879098687119
2014-10-08,0.8762852927966831
2014-10-09,0.8769487662533884
2014-10-10,0.8773932972751707
2014-10-13,0.8776925694160449
2014-10-14,0.8778947006769172
2014-10-15,0.8780315200933683
2014-10-16,0.8781242677161443
2014-10-17,0.8781872026993639
2014-10-20,0.8782299369497296
2014-10-21,0.8782589678230202
2014-10-22,0.8782786956838001
2014-10-23,0.8782921045551302
2014-10-24,0.8783012197762673
2014-10-27,0.8783074168242028
2014-10-28,0.8783116302126913
2014-10-29,0.8783144950362003
2014-10-30,0.8783164429854894
2014-10-31,0.8783177675299413
2014-11-03,0.8874140900733147
2014-11-04,0.8848151045965336
2014-11-05,0.8829363969297845
2014-11-06,0.8816034397571649
2014-11-07,0.8806700675408692
2014-11-10,0.8800224691879587
2014-11-11,0.8795759926008139
2014-11-12,0.8792695177212356
2014-11-13,0.8790597728236976
2014-11-14,0.8789165211873909
2014-11-17,0.8788188196029129
2014-11-18,0.8787522477791803
2014-11-19,0.8787069165078135
2014-11-20,0.8786760623438288
2014-11-21,0.8786550681447989
2014-11-24,0.8786407859106197
2014-11-25,0.8786310711375159
2014-11-26,0.8786244637749027
2014-11-27,0.8786199701614068
2014-11-28,0.8786169142250124
2014-12-01,0.8786148360601387
2014-12-02,0.8775952079315461
2014-12-03,0.8779099285900086
2014-12-04,0.8781248468720769
2014-12-05,0.8782713970214248
2014-12-08,0.8783712343076522
2014-12-09,0.8784392069780836
2014-12-10,0.8784854664744097
2014-12-11,0.8785169403931232
2014-12-12,0.8785383506802742
2014-12-15,0.8785529133651441
2014-12-16,0.8785628176881037
2014-12-17,0.8785695534080111
2014-12-18,0.8785741340557557
2014-12-19,0.8785772490602356
2014-12-22,0.8785793673380653
2014-12-23,0.8785808078008656
2014-12-24,0.8785817873307596
2014-12-25,0.8785824534177911
2014-12-26,0.8785829063598539
2014-12-29,0.8785832143616412
2014-12-30,0.8785834238033038
2014-12-31,0.8785835662237729
2015-01-01,0.8457156308543117
2015-01-02,0.804489039376024
2015-01-05,0.783190703818093
2015-01-06,0.7735000688839649
2015-01-07,0.7701540160267907
2015-01-08,0.7699208852988809
2015-01-09,0.770959883427357
2015-01-12,0.7723270824892353
2015-01-13,0.7736039885828497
2015-01-14,0.774648141932666
2015-01-15,0.775444850696441
2015-01-16,0.7760285171545681
2015-01-19,0.7764453907463856
2015-01-20,0.7767383005312521
2015-01-21,0.7769419056645213
2015-01-22,0.7770824241973651
2015-01-23,0.7771789390122917
2015-01-26,0.7772450160283125
2015-01-27,0.7772901556901833
2015-01-28,0.7773209467008056
2015-01-29,0.7773419290513522
2015-01-30,0.7773562176229157
2015-02-02,0.7773659433663045
2015-02-03,0.06773591109328853
2015-02-04,-0.016993780987017773
2015-02-05,-0.11331244914116745
2015-02-06,-0.21551547561199058
2015-02-09,-0.31633258147881144
2015-02-10,-0.40887397659576086
2015-02-11,-0.4883709800476021
2015-02-12,-0.5528650229342941
2015-02-13,-0.6028018967602802
2015-02-16,-0.6400879606111878
2015-02-17,-0.6671796867314561
2015-02-18,-0.6864769109315064
2015-02-19,-0.7000283849444396
2015-02-20,-0.7094502840851779
2015-02-23,-0.7159555993597249
2015-02-24,-0.7204256187109974
2015-02-25,-0.7234869761152813
2015-02-26,-0.7255788446452915
2015-02-27,-0.7270060350506629
2015-03-02,-0.7279787157457046
2015-03-03,0.7771740907665294
2015-03-04,0.7539936940163456
2015-03-05,0.7325496714001567
2015-03-06,0.7158788021943727
2015-03-09,0.7066459456547045
2015-03-10,0.7064157462115964
2015-03-11,0.7152163718969269
2015-03-12,0.7315323834568914
2015-03-13,0.7527285801579195
2015-03-16,0.7757720073546968
2015-03-17,0.7979885511739968
2015-03-18,0.8175655504783876
2015-03-19,0.8336637584832208
2015-03-20,0.8462204009640025
2015-03-23,0.8556348597386318
2015-03-24,0.8624918104691934
2015-03-25,0.8673830400300218
2015-03-26,0.8708209875770726
2015-03-27,0.8732126417030284
2015-03-30,0.8748645586549514
2015-03-31,0.8759999203701251
2015-04-01,0.8693479173980126
2015-04-02,0.8723245561124274
2015-04-03,0.8742531836180969
2015-04-06,0.8755231264807912
2015-04-07,0.8763682573771753
2015-04-08,0.8769346552111131
2015-04-09,0.8773160421707351
2015-04-10,0.8775736665946546
2015-04-13,0.8777480631113945
2015-04-14,0.8778662903663821
2015-04-15,0.8779465179526724
2015-04-16,0.878000995693758
2015-04-17,0.878038004991275
2015-04-20,0.8780631548757929
2015-04-21,0.878080249194575
2015-04-22,0.878091869812285
2015-04-23,0.8780997702019526
2015-04-24,0.8781051417106622
2015-04-27,0.8781087939851987
2015-04-28,0.8781112773682307
2015-04-29,0.8781129659922156
2015-04-30,0.8781141142206131
2015-05-01,0.883229664698048
2015-05-04,0.8816977270748768
2015-05-05,0.8806397985289047
2015-05-06,0.87991329847027
2015-05-07,0.8794161400499956
2015-05-08,0.8790766744398394
2015-05-11,0.8788452097696005
2015-05-12,0.8786875295256927
2015-05-13,0.8785801775500853
2015-05-14,0.8785071190433412
2015-05-15,0.8784574121305981
2015-05-18,0.8784235989673955
2015-05-19,0.8784006002854853
2015-05-20,0.8783849585458603
2015-05-21,0.8783743209512371
2015-05-22,0.8783670868307382
2015-05-25,0.8783621673741996
2015-05-26,0.8783588220276969
2015-05-27,0.8783565471395229
2015-05-28,0.8783550001920132
2015-05-29,0.8783539482573233
2015-06-01,0.878353232937277
2015-06-02,0.8811932631930682
2015-06-03,0.880330205090172
2015-06-04,0.8797359699550785
2015-06-05,0.8793284727002496
2015-06-08,0.8790497901584449
2015-06-09,0.8788595523030515
2015-06-10,0.8787298510160225
2015-06-11,0.878641497082258
2015-06-12,0.8785813437844197
2015-06-15,0.8785404059724341
2015-06-16,0.8785125527486428
2015-06-17,0.8784936053922211
2015-06-18,0.8784807178830644
2015-06-19,0.8784719528519148
2015-06-22,0.8784659919284497
2015-06-23,0.8784619381776959
2015-06-24,0.8784591814792435
2015-06-25,0.8784573068567877
2015-06-26,0.8784560320829132
2015-06-29,0.8784551652229436
2015-06-30,0.8784545757520956
2015-07-01,0.8496769251284236
2015-07-02,0.857793656538069
2015-07-03,0.8626950625216279
2015-07-06,0.8657819321280952
2015-07-07,0.867777734400963
2015-07-08,0.869090089445222
2015-07-09,0.8699626448482839
2015-07-10,0.8705470646091084
2015-07-13,0.8709404250776698
2015-07-14,0.871206063931312
2015-07-15,0.8713858520671266
2015-07-16,0.8715077189584168
2015-07-17,0.871590409243003
2015-07-20,0.8716465559756231
2015-07-21,0.8716846975848687
2015-07-22,0.8717106162399414
2015-07-23,0.8717282327676518
2015-07-24,0.8717402082308408
2015-07-27,0.8717483497967426
2015-07-28,0.8717538852503534
2015-07-29,0.8717576489819727
2015-07-30,0.8717602081440193
2015-07-31,0.8717619482922526
2015-08-03,0.9195685886372464
2015-08-04,0.9124343539154589
2015-08-05,0.9052592516893663
2015-08-06,0.8986466337117812
2015-08-07,0.8930541357019355
2015-08-10,0.8886758387764988
2015-08-11,0.8854565143644703
2015-08-12,0.8831945084672171
2015-08-13,0.88165013976412
2015-08-14,0.8806115709224127
2015-08-17,0.8799171546912391
2015-08-18,0.8794529863233259
2015-08-19,0.8791420206161836
2015-08-20,0.8789330584115443
2015-08-21,0.8787922315931098
2015-08-24,0.8786970932621311
2015-08-25,0.8786327000356963
2015-08-26,0.8785890557384607
2015-08-27,0.8785594450671359
2015-08-28,0.8785393414129684
2015-08-31,0.8785256856754295
2015-09-01,0.8527308367246536
2015-09-02,0.8555887548339478
2015-09-03,0.8599745666378591
2015-09-04,0.8643746606202612
2015-09-07,0.8681421700253008
2015-09-08,0.871108852296194
2015-09-09,0.8733301756037619
2015-09-10,0.8749408542083393
2015-09-11,0.8760844174633411
2015-09-14,0.8768850290885906
2015-09-15,0.877440287542898
2015-09-16,0.8778229452275047
2015-09-17,0.878085524107165
2015-09-18,0.8782651812705685
2015-09-21,0.8783878605566885
2015-09-22,0.8784715200679921
2015-09-23,0.8785285185925854
2015-09-24,0.8785673285301215
2015-09-25,0.8785937428517414
2015-09-28,0.8786117154846848
2015-09-29,0.878623941908859
2015-09-30,0.8786322582015939
2015-10-01,0.8475238101542767
2015-10-02,0.8578745071561557
2015-10-05,0.8644260719208797
2015-10-06,0.8686748421714082
2015-10-07,0.8714740219181587
2015-10-08,0.8733374522354032
2015-10-09,0.8745865643514762
2015-10-12,0.8754277746859628
2015-10-13,0.8759960576732799
2015-10-14,0.8763807746149371
2015-10-15,0.8766415931594989
2015-10-16,0.87681858623553
2015-10-19,0.876938773801483
2015-10-20,0.8770204238857439
2015-10-21,0.8770759101410464
2015-10-22,0.8771136242350496
2015-10-23,0.8771392621537089
2015-10-26,0.8771566923869388
2015-10-27,0.8771685432980723
2015-10-28,0.877176601152122
2015-10-29,0.8771820801363117
2015-10-30,0.8771858056789107
2015-11-02,0.8771883389696085
2015-11-03,0.7236802452665231
2015-11-04,0.7671700568482644
2015-11-05,0.7992775590730798
2015-11-06,0.8224319805616227
2015-11-09,0.8388448094548878
2015-11-10,0.8503346718988113
2015-11-11,0.8583069579896252
2015-11-12,0.8638040502747807
2015-11-13,0.8675779505354869
2015-11-16,0.870161038954048
2015-11-17,0.8719254027273398
2015-11-18,0.873128830968337
2015-11-19,0.8739488625933385
2015-11-20,0.8745072726433502
2015-11-23,0.8748873567191782
2015-11-24,0.8751459829068133
2015-11-25,0.8753219268624094
2015-11-26,0.8754416048553743
2015-11-27,0.875523002553461
2015-11-30,0.8755783606689604
2015-12-01,0.8605184661967942
2015-12-02,0.8642456740971467
2015-12-03,0.8666457354374195
2015-12-04,0.8682197608149432
2015-12-07,0.869264476563664
2015-12-08,0.869963395256574
2015-12-09,0.8704334568677546
2015-12-10,0.8707507262240471
2015-12-11,0.8709653825959939
2015-12-14,0.8711108495547195
2015-12-15,0.8712095371363012
2015-12-16,0.8712765386459639
2015-12-17,0.8713220507140023
2015-12-18,0.8713529762980533
2015-12-21,0.8713739952343714
2015-12-22,0.8713882832701922
2015-12-23,0.8713979968924365
2015-12-24,0.8714046011159453
2015-12-25,0.8714090915051542
2015-12-28,0.8714121447451457
2015-12-29,0.8714142208434654
2015-12-30,0.8714156325411546
2015-12-31,0.8714165924723886
2016-01-01,0.4388920281408132
2016-01-04,0.025232847328569973
2016-01-05,-0.26188221310408905
2016-01-06,-0.4603404839118637
2016-01-07,-0.5969616898013559
2016-01-08,-0.6906967330185072
2016-01-11,-0.754841518600451
2016-01-12,-0.7986536956311746
2016-01-13,-0.8285376273553116
2016-01-14,-0.8489017376929573
2016-01-15,-0.8627694382297524
2016-01-18,-0.8722088339810468
2016-01-19,-0.8786319689985745
2016-01-20,-0.8830017149498451
2016-01-21,-0.8859740742153441
2016-01-22,-0.8879957091741494
2016-01-25,-0.8893706196311557
2016-01-26,-0.8903056502306325
2016-01-27,-0.8909415130580556
2016-01-28,-0.8913739190095782
2016-01-29,-0.8916679638089493
2016-02-01,-0.8918679182242736
2016-02-02,-0.11155689029038696
2016-02-03,0.0410535334662255
2016-02-04,0.1887662281130221
2016-02-05,0.32448118636552975
2016-02-08,0.44295526948309616
2016-02-09,0.541463397565646
2016-02-10,0.6198250103999893
2016-02-11,0.6798286827371502
2016-02-12,0.7243646937885734
2016-02-15,0.7566247252036081
2016-02-16,0.7795679170329464
2016-02-17,0.7956676102098614
2016-02-18,0.8068571197383831
2016-02-19,0.8145815243660148
2016-02-22,0.8198887776226901
2016-02-23,0.8235233817639412
2016-02-24,0.8260069102451565
2016-02-25,0.8277012973505598
2016-02-26,0.8288560767508376
2016-02-29,0.8296425309305103
2016-03-01,0.8397121015436804
2016-03-02,0.8451336678286638
2016-03-03,0.8489733140995576
2016-03-04,0.8516541278393532
2016-03-07,0.8535091439061429
2016-03-08,0.8547853138002051
2016-03-09,0.8556599143526377
2016-03-10,0.8562577834367368
2016-03-11,0.8566657847805296
2016-03-14,0.8569438956908347
2016-03-15,0.8571333206650313
2016-03-16,0.8572622726740693
2016-03-17,0.8573500261179925
2016-03-18,0.8574097289806616
2016-03-21,0.8574503410190507
2016-03-22,0.8574779637074397
2016-03-23,0.8574967501330257
2016-03-24,0.8575095262822766
2016-03-25,0.8575182146976242
2016-03-28,0.8575241231103152
2016-03-29,0.8575281409632284
2016-03-30,0.857530873163066
2016-03-31,0.8575327310857404
2016-04-01,0.3957124133687532
2016-04-04,0.43289163875278874
2016-04-05,0.4803522095863924
2016-04-06,0.5342137654721535
2016-04-07,0.5906620588640528
2016-04-08,0.6458825766797317
2016-04-11,0.6965264108738838
2016-04-12,0.7402626513275892
2016-04-13,0.7760544869371511
2016-04-14,0.8040341272260214
2016-04-15,0.8251109228676117
2016-04-18,0.840538270422583
2016-04-19,0.8515903071231856
2016-04-20,0.8593849205977435
2016-04-21,0.8648211087760608
2016-04-22,0.868582785346186
2016-04-25,0.8711715509866284
2016-04-26,0.8729464037836083
2016-04-27,0.8741600810262261
2016-04-28,0.8749885394567143
2016-04-29,0.8755533588955166
2016-05-02,0.8759381170517782
2016-05-03,0.867492918761297
2016-05-04,0.8700313797708913
2016-05-05,0.8720044702028173
2016-05-06,0.8734585626959369
2016-05-09,0.8744988343115258
2016-05-10,0.8752298930133852
2016-05-11,0.8757379209380162
2016-05-12,0.8760884122211747
2016-05-13,0.8763290696813937
2016-05-16,0.8764937899634216
2016-05-17,0.8766062956305737
2016-05-18,0.8766830286400005
2016-05-19,0.8767353129916312
2016-05-20,0.8767709152943889
2016-05-23,0.8767951474770704
2016-05-24,0.8768116358104049
2016-05-25,0.8768228527030422
2016-05-26,0.8768304824178008
2016-05-27,0.8768356716514312
2016-05-30,0.8768392008037554
2016-05-31,0.8768416008451059
2016-06-01,0.8862198188901238
2016-06-02,0.8834282011014922
2016-06-03,0.881569918370451
2016-06-06,0.8803438655217696
2016-06-07,0.8795354936001553
2016-06-08,0.8790005701564836
2016-06-09,0.8786447506760325
2016-06-10,0.8784068391435276
2016-06-13,0.8782470573647401
2016-06-14,0.8781393715229615
2016-06-15,0.8780666053045058
2016-06-16,0.8780173414227975
2016-06-17,0.8779839437942493
2016-06-20,0.8779612809351292
2016-06-21,0.8779458923146181
2016-06-22,0.8779354383316382
2016-06-23,0.8779283343934728
2016-06-24,0.8779235059279686
2016-06-27,0.8779202235974098
2016-06-28,0.877917992088547
2016-06-29,0.8779164748834479
2016-06-30,0.8779154432866748
2016-07-01,0.8621759370328016
2016-07-04,0.8671304716519105
2016-07-05,0.8702325827954855
2016-07-06,0.87223080710293
2016-07-07,0.8735415907100755
2016-07-08,0.8744117166717956
2016-07-11,0.8749938922329329
2016-07-12,0.8753854638963111
2016-07-13,0.8756497682304056
2016-07-14,0.8758285953018528
2016-07-15,0.8759497842087746
2016-07-18,0.8760320022530531
2016-07-19,0.876087822709519
2016-07-20,0.8761257400781712
2016-07-21,0.8761515051555732
2016-07-22,0.8761690167455763
2016-07-25,0.8761809206179975
2016-07-26,0.8761890133944977
2016-07-27,0.8761945156215699
2016-07-28,0.8761982567361608
2016-07-29,0.8762008005080116
2016-08-01,0.8762025301860086
2016-08-02,0.8924572592825374
2016-08-03,0.8838624715882436
2016-08-04,0.8781408907892863
2016-08-05,0.875057593838975
2016-08-08,0.8739412541544571
2016-08-09,0.8740218158820924
2016-08-10,0.8746707938134315
2016-08-11,0.875482490839648
2016-08-12,0.8762456467999418
2016-08-15,0.8768776363602055
2016-08-16,0.8773652441037684
2016-08-17,0.8777255102955969
2016-08-18,0.8779844130873922
2016-08-19,0.8781671201675585
2016-08-22,0.8782945074879214
2016-08-23,0.8783826083218762
2016-08-24,0.8784432072365337
2016-08-25,0.8784847359829996
2016-08-26,0.8785131248957121
2016-08-29,0.8785324986422581
2016-08-30,0.8785457048935027
2016-08-31,0.8785547000074463
2016-09-01,0.8740520012650226
2016-09-02,0.8754535001555743
2016-09-05,0.8764085780589199
2016-09-06,0.8770585242714911
2016-09-07,0.8775005829463283
2016-09-08,0.8778011873389271
2016-09-09,0.8780055883820403
2016-09-12,0.8781445727740469
2016-09-13,0.8782390771410579
2016-09-14,0.878303337408239
2016-09-15,0.8783470330100619
2016-09-16,0.8783767453328175
2016-09-19,0.87839694937446
2016-09-20,0.8784106879566136
2016-09-21,0.8784200301101072
2016-09-22,0.8784263827330155
2016-09-23,0.8784307024952414
2016-09-26,0.8784336399222397
2016-09-27,0.8784356373663976
2016-09-28,0.8784369956249025
2016-09-29,0.8784379192386128
2016-09-30,0.8784385472946757
2016-10-03,0.8785745772881447
2016-10-04,0.8785313070648231
2016-10-05,0.8785035382364164
2016-10-06,0.878485423222357
2016-10-07,0.8784734608492802
2016-10-10,0.8784654912322977
2016-10-11,0.8784601481773652
2016-10-12,0.8784565502009243
2016-10-13,0.8784541199091618
2016-10-14,0.8784524748660494
2016-10-17,0.8784513597316082
2016-10-18,0.8784506030568233
2016-10-19,0.8784500892658232
2016-10-20,0.8784497402339417
2016-10-21,0.8784495030523727
2016-10-24,0.8784493418430204
2016-10-25,0.8784492322549847
2016-10-26,0.8784491577510276
2016-10-27,0.8784491070957167
2016-10-28,0.8784490726535344
2016-10-31,0.878449049234447
2016-11-01,0.8612211292276734
2016-11-02,0.866992599591893
2016-11-03,0.870483128762503
2016-11-04,0.8726834489083293
2016-11-07,0.874106869623609
2016-11-08,0.8750431950356647
2016-11-09,0.87566588685485
2016-11-10,0.8760830198052076
2016-11-11,0.8763638131266819
2016-11-14,0.8765534483025013
2016-11-15,0.8766818023043516
2016-11-16,0.8767688081395978
2016-11-17,0.8768278454820633
2016-11-18,0.8768679324638055
2016-11-21,0.8768951646391168
2016-11-22,0.8769136700532054
2016-11-23,0.8769262479698253
2016-11-24,0.8769347982848634
2016-11-25,0.8769406112629861
2016-11-28,0.876944563514794
2016-11-29,0.876947250779681
2016-11-30,0.8769490779957873
2016-12-01,0.9051581315587617
2016-12-02,0.8991353608110195
2016-12-05,0.8939856576576696
2016-12-06,0.8898257393427494
2016-12-07,0.886616637112164
2016-12-08,0.8842276714552247
2016-12-09,0.8824958782457862
2016-12-12,0.881264459571785
2016-12-13,0.8804007766422243
2016-12-14,0.879800820066227
2016-12-15,0.8793868408308269
2016-12-16,0.8791025052609737
2016-12-19,0.8789078322332595
2016-12-20,0.8787748367767282
2016-12-21,0.8786841125723024
2016-12-22,0.878622286770558
2016-12-23,0.8785801834213276
2016-12-26,0.8785515245269194
2016-12-27,0.8785320232390885
2016-12-28,0.878518756242529
2016-12-29,0.8785097318572941
2016-12-30,0.8785035939702981
2017-01-02,0.8784994196055348
2017-01-03,0.874100623829731
2017-01-04,0.8752890704980067
2017-01-05,0.8761959479501537
2017-01-06,0.8768569608679224
2017-01-09,0.8773265588686667
2017-01-10,0.8776550653232833
2017-01-11,0.8778826580298639
2017-01-12,0.878039355698334
2017-01-13,0.8781468011454029
2017-01-16,0.8782202749392384
2017-01-17,0.8782704267498707
2017-01-18,0.8783046175431909
2017-01-19,0.8783279077266367
2017-01-20,0.8783437637345172
2017-01-23,0.8783545544504545
2017-01-24,0.8783618961234984
2017-01-25,0.8783668903016613
2017-01-26,0.8783702871921201
2017-01-27,0.8783725974692098
2017-01-30,0.8783741686379316
2017-01-31,0.8783752371155171
2017-02-01,0.8889730206822043
2017-02-02,0.8860441096455403
2017-02-03,0.8838701436460801
2017-02-06,0.8822974541020238
2017-02-07,0.8811807607624794
2017-02-08,0.8803983075921716
2017-02-09,0.8798551395175046
2017-02-10,0.879480515461896
2017-02-13,0.8792232899762301
2017-02-14,0.8790472151684501
2017-02-15,0.8789269427333155
2017-02-16,0.8788449056504508
2017-02-17,0.8787890035585113
2017-02-20,0.8787509359665161
2017-02-21,0.8787250249228942
2017-02-22,0.8787073938098756
2017-02-23,0.8786953992888816
2017-02-24,0.8786872405367268
2017-02-27,0.8786816914417096
2017-02-28,0.8786779175299917
2017-03-01,0.8683692510741328
2017-03-02,0.8713761245182045
2017-03-03,0.8735445168434927
2017-03-06,0.8750707061676957
2017-03-07,0.8761308346191486
2017-03-08,0.8768615769003142
2017-03-09,0.8773628981577648
2017-03-10,0.8777057958202393
2017-03-13,0.8779398773474283
2017-03-14,0.8780994699119026
2017-03-15,0.8782081844054332
2017-03-16,0.8782821983988287
2017-03-17,0.8783325685200077
2017-03-20,0.8783668389227848
2017-03-21,0.8783901514294611
2017-03-22,0.8784060079143169
2017-03-23,0.8784167921581219
2017-03-24,0.8784241262880946
2017-03-27,0.8784291138843122
2017-03-28,0.8784325056274098
2017-03-29,0.8784348120937516
2017-03-30,0.8784363805275783
2017-03-31,0.878437447079044
2017-04-03,0.880279314373985
2017-04-04,0.8797084386879279
2017-04-05,0.8793252676750141
2017-04-06,0.8790671896379055
2017-04-07,0.8788928933801752
2017-04-10,0.8787749418193482
2017-04-11,0.8786950035854005
2017-04-12,0.8786407715973934
2017-04-13,0.8786039526635271
2017-04-14,0.8785789431664688
2017-04-17,0.8785619494293999
2017-04-18,0.8785503995926629
2017-04-19,0.8785425484429559
2017-04-20,0.8785372109320176
2017-04-21,0.8785335820144896
2017-04-24,0.878531114624693
2017-04-25,0.8785294369272416
2017-04-26,0.8785282961525458
2017-04-27,0.8785275204536751
2017-04-28,0.8785269929916092
2017-05-01,0.8785266343236653
2017-05-02,0.885384831180127
2017-05-03,0.8833781824875174
2017-05-04,0.8819472504781027
2017-05-05,0.8809416504762113
2017-05-08,0.8802421617146946
2017-05-09,0.8797590544245488
2017-05-10,0.8794270282773884
2017-05-11,0.8791996048739646
2017-05-12,0.8790441893301856
2017-05-15,0.8789381497119185
2017-05-16,0.8788658770276113
2017-05-17,0.8788166547714971
2017-05-18,0.8787831480592864
2017-05-19,0.8787603470333635
2017-05-22,0.8787448347246396
2017-05-23,0.8787342828383007
2017-05-24,0.8787271059323887
2017-05-25,0.8787222248879367
2017-05-26,0.8787189054331629
2017-05-29,0.8787166480456616
2017-05-30,0.8787151129497139
2017-05-31,0.8787140690514693
2017-06-01,0.8803717614208694
2017-06-02,0.8798478599143511
2017-06-05,0.8794922932155422
2017-06-06,0.8792508777825074
2017-06-07,0.8790869035903355
2017-06-08,0.878975493813958
2017-06-09,0.8788997798329528
2017-06-12,0.8788483155707624
2017-06-13,0.8788133298924727
2017-06-14,0.8787895443326896
2017-06-15,0.8787733723516753
2017-06-16,0.8787623764326259
2017-06-19,0.878754899688406
2017-06-20,0.8787498157276266
2017-06-21,0.8787463587403062
2017-06-22,0.8787440080391306
2017-06-23,0.8787424095863292
2017-06-26,0.8787413226500479
2017-06-27,0.8787405835391079
2017-06-28,0.8787400809465604
2017-06-29,0.8787397391851295
2017-06-30,0.8787395067881624
2017-07-03,0.875855537265558
2017-07-04,0.8767360698194615
2017-07-05,0.8773455821087262
2017-07-06,0.8777647035634004
2017-07-07,0.8780517623420154
2017-07-10,0.8782478839812459
2017-07-11,0.8783816638813968
2017-07-12,0.8784728243087483
2017-07-13,0.8785349004078556
2017-07-14,0.8785771520985127
2017-07-17,0.8786059016198471
2017-07-18,0.878625459753608
2017-07-19,0.8786387631814423
2017-07-20,0.878647811307336
2017-07-21,0.8786539648591629
2017-07-24,0.8786581496541825
2017-07-25,0.8786609954889577
2017-07-26,0.8786629307361831
2017-07-27,0.8786642467404534
2017-07-28,0.8786651416396446
2017-07-31,0.8786657501783327
2017-08-01,0.882504891164334
2017-08-02,0.8813357152349338
2017-08-03,0.8805217098605373
2017-08-04,0.8799591756717985
2017-08-07,0.8795724085439127
2017-08-08,0.8793074198727195
2017-08-09,0.8791263009900498
2017-08-10,0.8790027092631066
2017-08-11,0.8789184668999717
2017-08-14,0.8788610893975436
2017-08-15,0.8788220297740816
2017-08-16,0.8787954493712519
2017-08-17,0.8787773655155349
2017-08-18,0.8787650642514644
2017-08-21,0.8787566974335653
2017-08-22,0.8787510070943546
2017-08-23,0.8787471372479084
2017-08-24,0.878744505561307
2017-08-25,0.878742715926943
2017-08-28,0.8787414989357085
2017-08-29,0.8787406713636314
2017-08-30,0.8787401086065482
2017-08-31,0.878739725928183
2017-09-01,0.8756707830341013
2017-09-04,0.8766566422572513
2017-09-05,0.8773121490895608
2017-09-06,0.877751207951037
2017-09-07,0.878046735292616
2017-09-08,0.8782463096130911
2017-09-11,0.8783813856181013
2017-09-12,0.8784729455989914
2017-09-13,0.8785350720194293
2017-09-14,0.8785772560050974
2017-09-15,0.8786059124956125
2017-09-18,0.8786253856829063
2017-09-19,0.8786386213333944
2017-09-20,0.8786476187446352
2017-09-21,0.8786537356727735
2017-09-22,0.8786578945756371
2017-09-25,0.8786607223470159
2017-09-26,0.8786626450999878
2017-09-27,0.8786639525105506
2017-09-28,0.8786648415208904
2017-09-29,0.8786654460342946
2017-10-02,0.8786658570969116
2017-10-03,0.884109422152106
2017-10-04,0.8824908320563952
2017-10-05,0.881343244182149
2017-10-06,0.8805399819959203
2017-10-09,0.8799827743598394
2017-10-10,0.8795986607940984
2017-10-11,0.879335011057796
2017-10-12,0.8791545816703282
2017-10-13,0.8790313547727512
2017-10-16,0.8789473118018538
2017-10-17,0.878890047183779
2017-10-18,0.8788510537647795
2017-10-19,0.8788245134807269
2017-10-20,0.8788064546339824
2017-10-23,0.8787941693236673
2017-10-24,0.878785812867127
2017-10-25,0.8787801293481743
2017-10-26,0.8787762640351883
2017-10-27,0.8787736353830845
2017-10-30,0.8787718477898594
2017-10-31,0.8787706321762767
2017-11-01,0.8736541242525427
2017-11-02,0.8751375627018934
2017-11-03,0.8762120437148556
2017-11-06,0.876971325306444
2017-11-07,0.8775003552415439
2017-11-08,0.877865818936513
2017-11-09,0.878116932427112
2017-11-10,0.8782888760476837
2017-11-13,0.8784063416495496
2017-11-14,0.8784864682985847
2017-11-15,0.8785410695619478
2017-11-16,0.8785782515038058
2017-11-17,0.8786035597133329
2017-11-20,0.8786207805973829
2017-11-21,0.8786324960143873
2017-11-22,0.8786404649045582
2017-11-23,0.8786458848596547
2017-11-24,0.8786495709403763
2017-11-27,0.8786520777104257
2017-11-28,0.8786537824219646
2017-11-29,0.878654941675146
2017-11-30,0.878655729989742
2017-12-01,0.8644208242945801
2017-12-04,0.8687755432281579
2017-12-05,0.8717770853591491
2017-12-06,0.8738309619908574
2017-12-07,0.8752319509878597
2017-12-08,0.876186186620964
2017-12-11,0.8768356572527022
2017-12-12,0.8772775303888187
2017-12-13,0.8775780996664484
2017-12-14,0.8777825271314887
2017-12-15,0.8779215552467533
2017-12-18,0.8780161020238892
2017-12-19,0.8780803972305354
2017-12-20,0.8781241194862229
2017-12-21,0.8781538512954093
2017-12-22,0.8781740692247603
2017-12-25,0.8781878175473405
2017-12-26,0.8781971664622666
2017-12-27,0.8782035237469542
2017-12-28,0.8782078467088553
2017-12-29,0.8782107863253706
2018-01-01,0.878212785264759
2018-01-02,0.8792077538738553
2018-01-03,0.8788943209417872
2018-01-04,0.8786836200773703
2018-01-05,0.8785415014513285
2018-01-08,0.8784454067578542
2018-01-09,0.8783803182007139
2018-01-10,0.8783361773633829
2018-01-11,0.8783062171467129
2018-01-12,0.8782858700029305
2018-01-15,0.8782720459168436
2018-01-16,0.8782626510890654
2018-01-17,0.8782562651792303
2018-01-18,0.8782519239534483
2018-01-19,0.87824897247326
2018-01-22,0.8782469657236633
2018-01-23,0.8782456012534302
2018-01-24,0.8782446734693802
2018-01-25,0.878244042602291
2018-01-26,0.8782436136249304
2018-01-29,0.878243321926134
2018-01-30,0.8782431235737339
2018-01-31,0.8782429886954527
2018-02-01,0.7757427728381026
2018-02-02,0.7981503521594706
2018-02-05,0.814676844725385
2018-02-06,0.8265811306381128
2018-02-07,0.8350093893060312
2018-02-08,0.8409034892017513
2018-02-09,0.8449897351288753
2018-02-12,0.8478055368416149
2018-02-13,0.8497377760354494
2018-02-14,0.8510598884470443
2018-02-15,0.8519627436835611
2018-02-16,0.85257846101473
2018-02-19,0.85299797296074
2018-02-20,0.8532836230639348
2018-02-21,0.8534780419914426
2018-02-22,0.8536103286792176
2018-02-23,0.8537003214479156
2018-02-26,0.8537615339997348
2018-02-27,0.8538031665958569
2018-02-28,0.8538314804759716
2018-03-01,-0.06982962385200575
2018-03-02,-0.21373887641874564
2018-03-05,-0.3407772371213421
2018-03-06,-0.4537596131682976
2018-03-07,-0.5525624683014267
2018-03-08,-0.6363162209853778
2018-03-09,-0.7046950602304279
2018-03-12,-0.7584418265390694
2018-03-13,-0.7992611055733401
2018-03-14,-0.829384297269056
2018-03-15,-0.8511158178132203
2018-03-16,-0.8665270031892812
2018-03-19,-0.8773196863043258
2018-03-20,-0.8848103036019135
2018-03-21,-0.8899762888145605
2018-03-22,-0.8935233612703708
2018-03-23,-0.8959514243512852
2018-03-26,-0.8976100064937809
2018-03-27,-0.8987413338949141
2018-03-28,-0.899512258394651
2018-03-29,-0.9000372392029137
2018-03-30,-0.9003945745471671
2018-04-02,-0.9006377238056553
2018-04-03,-0.8933479502622002
2018-04-04,-0.895689924024554
2018-04-05,-0.897335425376263
2018-04-06,-0.8984753912259542
2018-04-09,-0.8992593085789543
2018-04-10,-0.8997961261346149
2018-04-11,-0.9001628113513123
2018-04-12,-0.9004128935242566
2018-04-13,-0.9005832816629988
2018-04-16,-0.9006992966728616
2018-04-17,-0.9007782559186082
2018-04-18,-0.9008319798598156
2018-04-19,-0.9008685266828359
2018-04-20,-0.9008933852113125
2018-04-23,-0.9009102920879621
2018-04-24,-0.9009217901791422
2018-04-25,-0.9009296095309728
2018-04-26,-0.9009349269879129
2018-04-27,-0.9009385429944775
2018-04-30,-0.9009410019405532
2018-05-01,-0.6302786614630506
2018-05-02,-0.6482124596995699
2018-05-03,-0.6684052810450116
2018-05-04,-0.6891793593847745
2018-05-07,-0.7088279186746157
2018-05-08,-0.7260756209079281
2018-05-09,-0.7402900842027689
2018-05-10,-0.7514228054273768
2018-05-11,-0.7598041622084636
2018-05-14,-0.7659300163655396
2018-05-15,-0.7703116305346808
2018-05-16,-0.773397595788774
2018-05-17,-0.7755475082987711
2018-05-18,-0.7770339784030579
2018-05-21,-0.7780563601450179
2018-05-22,-0.7787570122813021
2018-05-23,-0.7792359922384013
2018-05-24,-0.779562879192813
2018-05-25,-0.7797857106069379
2018-05-28,-0.7799374902095662
2018-05-29,-0.7800408180989569
2018-05-30,-0.7801111355601829
2018-05-31,-0.7801589766345913
2018-06-01,-0.7762530517138458
2018-06-04,-0.8114747215474357
2018-06-05,-0.8345233026225528
2018-06-06,-0.849813784130031
2018-06-07,-0.8600440433470832
2018-06-08,-0.866926067954559
2018-06-11,-0.8715722041283211
2018-06-12,-0.8747162731622824
2018-06-13,-0.8768472405306837
2018-06-14,-0.8782930851312507
2018-06-15,-0.879274780695231
2018-06-18,-0.8799416519185473
2018-06-19,-0.8803948096197417
2018-06-20,-0.8807028114070979
2018-06-21,-0.8809121853383771
2018-06-22,-0.8810545284538605
2018-06-25,-0.881151307325735
2018-06-26,-0.8812171102491535
2018-06-27,-0.8812618531138663
2018-06-28,-0.8812922768033238
2018-06-29,-0.8813129642278671
2018-07-02,-0.8813270313534138
2018-07-03,-0.8122282243767538
2018-07-04,-0.8329915630042292
2018-07-05,-0.8501948181985285
2018-07-06,-0.8636194559534199
2018-07-09,-0.8736670769669761
2018-07-10,-0.8809695977919628
2018-07-11,-0.8861688453949831
2018-07-12,-0.889817864770226
2018-07-13,-0.8923535486355623
2018-07-16,-0.8941035533207247
2018-07-17,-0.8953056550423844
2018-07-18,-0.8961287414068129
2018-07-19,-0.8966910759033779
2018-07-20,-0.89707468835114
2018-07-23,-0.8973361131484691
2018-07-24,-0.8975141453608267
2018-07-25,-0.8976353291813998
2018-07-26,-0.8977177905771747
2018-07-27,-0.8977738903976199
2018-07-30,-0.8978120503188356
2018-07-31,-0.8978380046235945
2018-08-01,-0.4618078181280601
2018-08-02,-0.14279226971495518
2018-08-03,0.11705900431125657
2018-08-06,0.31891058613364076
2018-08-07,0.4700022296863376
2018-08-08,0.5799880221337975
2018-08-09,0.6584355096223914
2018-08-10,0.7135779847618542
2018-08-13,0.7519424949153021
2018-08-14,0.7784434831048872
2018-08-15,0.7966590577864187
2018-08-16,0.809137015420047
2018-08-17,0.817664669757944
2018-08-20,0.8234833169702297
2018-08-21,0.8274492104070373
2018-08-22,0.8301502895827232
2018-08-23,0.8319890017467763
2018-08-24,0.8332402414550384
2018-08-27,0.8340915077423029
2018-08-28,0.8346705643915112
2018-08-29,0.8350644131963755
2018-08-30,0.8353322720144165
2018-08-31,0.8355144351771396
2018-09-03,0.29876334553901107
2018-09-04,-0.07434538590250228
2018-09-05,-0.327677133635348
2018-09-06,-0.49976700635624244
2018-09-07,-0.6167071541953718
2018-09-10,-0.6961890851194019
2018-09-11,-0.7502195261091723
2018-09-12,-0.7869522323205992
2018-09-13,-0.8119267676106255
2018-09-14,-0.8289077313429487
2018-09-17,-0.840453986019095
2018-09-18,-0.8483050653092643
2018-09-19,-0.8536436238110445
2018-09-20,-0.8572737607485078
2018-09-21,-0.8597422143777881
2018-09-24,-0.8614207437819225
2018-09-25,-0.8625621344142512
2018-09-26,-0.8633382753426764
2018-09-27,-0.8638660487467718
2018-09-28,-0.8642249333669925
2018-10-01,-0.8644689741930282
2018-10-02,-0.44144147872774886
2018-10-03,-0.11942862393421352
2018-10-04,0.1288351471431768
2018-10-05,0.31426154573701415
2018-10-08,0.44928865105410853
2018-10-09,0.5457216583171931
2018-10-10,0.6136047041430174
2018-10-11,0.6608934987538202
2018-10-12,0.6935921434409947
2018-10-15,0.7160847406365464
2018-10-16,0.7315009838815798
2018-10-17,0.742040813405752
2018-10-18,0.7492343780315213
2018-10-19,0.7541383163856729
2018-10-22,0.7574787098973226
2018-10-23,0.7597528264276585
2018-10-24,0.7613004520726261
2018-10-25,0.7623534048118987
2018-10-26,0.7630696748760708
2018-10-29,0.7635568595986523
2018-10-30,0.7638882010601045
2018-10-31,0.7641135389777903
2018-11-01,-0.09949983049356817
2018-11-02,-0.16430566302168184
2018-11-05,-0.22940661921752795
2018-11-06,-0.29704905842804336
2018-11-07,-0.3678453050217541
2018-11-08,-0.4410727103974752
2018-11-09,-0.5148046857868037
2018-11-12,-0.586219961501758
2018-11-13,-0.6522104702439051
2018-11-14,-0.7101525171339219
2018-11-15,-0.7585185426881389
2018-11-16,-0.7970648027899839
2018-11-19,-0.8265928668648279
2018-11-20,-0.8485009909893876
2018-11-21,-0.8643595946192572
2018-11-22,-0.8756302386076866
2018-11-23,-0.8835342597468436
2018-11-26,-0.8890250213360507
2018-11-27,-0.8928140682014729
2018-11-28,-0.8954167511707614
2018-11-29,-0.8971988345946026
2018-11-30,-0.8984163758832076
2018-12-03,-0.8715359769766525
2018-12-04,-0.8786724818623959
2018-12-05,-0.8847267682441412
2018-12-06,-0.8894279598197715
2018-12-07,-0.8929059279200295
2018-12-10,-0.8954048709587615
2018-12-11,-0.89716741692423
2018-12-12,-0.8983956461705787
2018-12-13,-0.899244719245618
2018-12-14,-0.8998285523025211
2018-12-17,-0.9002285622274921
2018-12-18,-0.9005019624018461
2018-12-19,-0.9006885202595065
2018-12-20,-0.9008156786080252
2018-12-21,-0.9009022846537336
2018-12-24,-0.9009612407654864
2018-12-25,-0.9010013605109861
2018-12-26,-0.9010286556116728
2018-12-27,-0.9010472225954275
2018-12-28,-0.9010598510589644
2018-12-31,-0.9010684397578925
2019-01-01,-0.10972602885551042
2019-01-02,0.15211628560236684
2019-01-03,0.3529721721141145
2019-01-04,0.5037402217035928
2019-01-07,0.6144698207623385
2019-01-08,0.6942435188889403
2019-01-09,0.7508230245563192
2019-01-10,0.7904717887812337
2019-01-11,0.8180095310103088
2019-01-14,0.8370131004070152
2019-01-15,0.8500677629085737
2019-01-16,0.8590072920146888
2019-01-17,0.8651153955271845
2019-01-18,0.8692825422609778
2019-01-21,0.8721225459580677
2019-01-22,0.8740566935897423
2019-01-23,0.8753732791564516
2019-01-24,0.8762691894269672
2019-01-25,0.8768787007904709
2019-01-28,0.8772933036395035
2019-01-29,0.8775752959609766
2019-01-30,0.8777670795062358
2019-01-31,0.8778975055599685
2019-02-01,0.4650161491269525
2019-02-04,0.038515481520098815
2019-02-05,-0.2537640687731671
2019-02-06,-0.45571568426850606
2019-02-07,-0.5952582811548891
2019-02-08,-0.6914224979477581
2019-02-11,-0.7574882016274259
2019-02-12,-0.8027524683472044
2019-02-13,-0.8336982994547375
2019-02-14,-0.8548212174366803
2019-02-15,-0.8692226156961625
2019-02-18,-0.8790333474282824
2019-02-19,-0.8857129589894205
2019-02-20,-0.8902589671968727
2019-02-21,-0.8933520513810977
2019-02-22,-0.8954561822899157
2019-02-25,-0.8968873770514958
2019-02-26,-0.8978607676871874
2019-02-27,-0.8985227554938447
2019-02-28,-0.8989729450131024
2019-03-01,-0.8292482896881557
2019-03-04,-0.8465192820757457
2019-03-05,-0.8603008929992018
2019-03-06,-0.8707458858054703
2019-03-07,-0.8783947692519798
2019-03-08,-0.8838665432002515
2019-03-11,-0.8877186329416774
2019-03-12,-0.8904008352631462
2019-03-13,-0.8922544450523685
2019-03-14,-0.8935288594941124
2019-03-15,-0.8944019870150527
2019-03-18,-0.8949987536087571
2019-03-19,-0.8954059675379944
2019-03-20,-0.8956835283624882
2019-03-21,-0.8958725733868033
2019-03-22,-0.8960012645823605
2019-03-25,-0.8960888396284042
2019-03-26,-0.896148420724839
2019-03-27,-0.8961889497601206
2019-03-28,-0.8962165159156904
2019-03-29,-0.8962352638578853
2019-04-01,-0.8962480138197174
2019-04-02,-0.8493746881007798
2019-04-03,-0.8599615852285664
2019-04-04,-0.8675407285236081
2019-04-05,-0.8728824866464371
2019-04-08,-0.8766059357762199
2019-04-09,-0.8791813616072338
2019-04-10,-0.8809532056821177
2019-04-11,-0.882167708661558
2019-04-12,-0.8829980784498238
2019-04-15,-0.88356482880609
2019-04-16,-0.8839511940798226
2019-04-17,-0.8842143746751642
2019-04-18,-0.8843935469627201
2019-04-19,-0.8845154810717052
2019-04-22,-0.8845984411035707
2019-04-23,-0.884654874645682
2019-04-24,-0.884693259021596
2019-04-25,-0.8847193648100296
2019-04-26,-0.8847371187785762
2019-04-29,-0.8847491924113206
2019-04-30,-0.8847574029096328
2019-05-01,-0.893051621036121
2019-05-02,-0.8930725945894206
2019-05-03,-0.8931263837358736
2019-05-06,-0.8931830345064348
2019-05-07,-0.8932314545200216
2019-05-08,-0.8932691618584266
2019-05-09,-0.893297081064785
2019-05-10,-0.8933171412693529
2019-05-13,-0.893331286303009
2019-05-14,-0.8933411402292737
2019-05-15,-0.8933479504025414
2019-05-16,-0.8933526321746051
2019-05-17,-0.8933558393631641
2019-05-20,-0.8933580311774549
2019-05-21,-0.8933595266696215
2019-05-22,-0.8933605459450177
2019-05-23,-0.893361240134991
2019-05-24,-0.893361712684803
2019-05-27,-0.8933620342500802
2019-05-28,-0.8933622530213862
2019-05-29,-0.8933624018352482
2019-05-30,-0.8933625030514583
2019-05-31,-0.8933625718889839
2019-06-03,-0.5386179917112772
2019-06-04,-0.5796378957770852
2019-06-05,-0.6280898165026099
2019-06-06,-0.6782027267033287
2019-06-07,-0.72561678161338
2019-06-10,-0.7673707380660747
2019-06-11,-0.8019897920463711
2019-06-12,-0.8292986060749045
2019-06-13,-0.85000096146032
2019-06-14,-0.8652218020779066
2019-06-17,-0.8761598363785645
2019-06-18,-0.8838907154419913
2019-06-19,-0.8892904988430831
2019-06-20,-0.8930308186496865
2019-06-21,-0.8956066972402519
2019-06-24,-0.8973735641256452
2019-06-25,-0.8985821771588616
2019-06-26,-0.8994073634416778
2019-06-27,-0.899970037823165
2019-06-28,-0.9003533745546073
2019-07-01,-0.9006143763247816
2019-07-02,-0.7898561229650349
2019-07-03,-0.8078104995044474
2019-07-04,-0.8273506859518334
2019-07-05,-0.8451843225727007
2019-07-08,-0.8599633530460555
2019-07-09,-0.8714752420622329
2019-07-10,-0.8800725251176077
2019-07-11,-0.8863088487818382
2019-07-12,-0.8907421482610381
2019-07-15,-0.8938500059831714
2019-07-16,-0.896007833908079
2019-07-17,-0.8974961782613339
2019-07-18,-0.8985181183134803
2019-07-19,-0.8992176459894945
2019-07-22,-0.8996954704179759
2019-07-23,-0.9000213877250771
2019-07-24,-0.9002434737525044
2019-07-25,-0.9003947063980234
2019-07-26,-0.9004976437174831
2019-07-29,-0.900567686941112
2019-07-30,-0.9006153375243569
2019-07-31,-0.9006477497088141
2019-08-01,-0.8955076485176009
2019-08-02,-0.8962415443452918
2019-08-05,-0.8972905233855394
2019-08-06,-0.8982917283877502
2019-08-07,-0.8991178437813806
2019-08-08,-0.8997510142028204
2019-08-09,-0.9002160153866731
2019-08-12,-0.9005486134856598
2019-08-13,-0.9007825149078953
2019-08-14,-0.9009451934438485
2019-08-15,-0.9010575069395109
2019-08-16,-0.9011346674848497
2019-08-19,-0.9011875022868894
2019-08-20,-0.901223599501054
2019-08-21,-0.901248224151306
2019-08-22,-0.9012650052739141
2019-08-23,-0.9012764332604225
2019-08-26,-0.9012842120714188
2019-08-27,-0.9012895052594393
2019-08-28,-0.9012931062890869
2019-08-29,-0.9012955557566351
2019-08-30,-0.9012972217486551
2019-09-02,-0.9012983547864298
2019-09-03,-0.824719778208391
2019-09-04,-0.8413253845620818
2019-09-05,-0.8564868791661248
2019-09-06,-0.868839481339234
2019-09-09,-0.8782900435344376
2019-09-10,-0.8852429248799767
2019-09-11,-0.8902289532707316
2019-09-12,-0.8937438280875499
2019-09-13,-0.8961931449870493
2019-09-16,-0.8978866106785875
2019-09-17,-0.8990512618902079
2019-09-18,-0.8998493370758155
2019-09-19,-0.9003948727342173
2019-09-20,-0.900767157966765
2019-09-23,-0.901020924477805
2019-09-24,-0.901193769451175
2019-09-25,-0.901311435364813
2019-09-26,-0.9013915089333968
2019-09-27,-0.9014459870416526
2019-09-30,-0.9014830451281368
2019-10-01,-0.8474603328597294
2019-10-02,-0.8589827926772305
2019-10-03,-0.8696393352592968
2019-10-04,-0.8783502704666323
2019-10-07,-0.8850153649324776
2019-10-08,-0.8899145951705926
2019-10-09,-0.8934242458399736
2019-10-10,-0.8958960882239058
2019-10-11,-0.8976173351154331
2019-10-14,-0.8988067746152153
2019-10-15,-0.8996244761064863
2019-10-16,-0.9001846525963244
2019-10-17,-0.9005674968331177
2019-10-18,-0.9008287238184353
2019-10-21,-0.9010067719949499
2019-10-22,-0.9011280363759591
2019-10-23,-0.9012105848235652
2019-10-24,-0.9012667587735667
2019-10-25,-0.901304976012363
2019-10-28,-0.9013309724892187
2019-10-29,-0.9013486541340585
2019-10-30,-0.9013606795154525
2019-10-31,-0.9013688576323786
2019-11-01,-0.8218002134950919
2019-11-04,-0.8424054506088552
2019-11-05,-0.8586067387095799
2019-11-06,-0.8707155436676416
2019-11-07,-0.8794859616826796
2019-11-08,-0.8857093957665677
2019-11-11,-0.8900653390238477
2019-11-12,-0.8930860626296983
2019-11-13,-0.8951677298043081
2019-11-14,-0.8965961566413488
2019-11-15,-0.897573494152023
2019-11-18,-0.8982408757416417
2019-11-19,-0.8986959907106389
2019-11-20,-0.8990060692445752
2019-11-21,-0.8992172006144512
2019-11-22,-0.8993608985550148
2019-11-25,-0.8994586726224759
2019-11-26,-0.899525186468818
2019-11-27,-0.8995704285741161
2019-11-28,-0.899601199060127
2019-11-29,-0.8996221256880926
2019-12-02,-0.8996363570357309
2019-12-03,-0.9039744279081947
2019-12-04,-0.9028445770686799
2019-12-05,-0.902046477975268
2019-12-06,-0.9014893021441186
2019-12-09,-0.9011035034214201
2019-12-10,-0.9008378861126758
2019-12-11,-0.9006557282716687
2019-12-12,-0.9005311420542574
2019-12-13,-0.9004460885904673
2019-12-16,-0.9003880966535918
2019-12-17,-0.9003485899676312
2019-12-18,-0.9003216919852791
2019-12-19,-0.9003033858807603
2019-12-20,-0.9002909305715995
2019-12-23,-0.9002824576531099
2019-12-24,-0.9002766945408011
2019-12-25,-0.900272774919648
2019-12-26,-0.9002701092525768
2019-12-27,-0.90026829644968
2019-12-30,-0.9002670636752635
2019-12-31,-0.9002662253574105
2020-01-01,-0.8849069547073964
2020-01-02,-0.8867134094676972
2020-01-03,-0.8895017001800033
2020-01-06,-0.8923044879969761
2020-01-07,-0.894704804693208
2020-01-08,-0.89659402405566
2020-01-09,-0.8980077009860702
2020-01-10,-0.8990321588475729
2020-01-13,-0.8997591685359555
2020-01-14,-0.9002679678087926
2020-01-15,-0.9006207499128419
2020-01-16,-0.9008638254545502
2020-01-17,-0.9010306016957949
2020-01-20,-0.9011447001549355
2020-01-21,-0.9012226076962939
2020-01-22,-0.9012757334453693
2020-01-23,-0.9013119277876702
2020-01-24,-0.9013365717972368
2020-01-27,-0.9013533444589421
2020-01-28,-0.9013647566809596
2020-01-29,-0.9013725201393482
2020-01-30,-0.9013778007442745
2020-01-31,-0.9013813922259929
2020-02-03,-0.771963014153349
2020-02-04,-0.7915174775548707
2020-02-05,-0.8137862260623604
2020-02-06,-0.8346135175199101
2020-02-07,-0.8521686604037099
2020-02-10,-0.8660145035674132
2020-02-11,-0.8764500644247479
2020-02-12,-0.8840703165867638
2020-02-13,-0.8895131740421359
2020-02-14,-0.8933415168163482
2020-02-17,-0.8960057786755921
2020-02-18,-0.8978463917243908
2020-02-19,-0.8991116100448179
2020-02-20,-0.899978321826897
2020-02-21,-0.9005706516976475
2020-02-24,-0.9009748147668627
2020-02-25,-0.9012502854444235
2020-02-26,-0.9014379020073818
2020-02-27,-0.9015656185489029
2020-02-28,-0.9016525293078204
2020-03-02,-0.9017116579863386
2020-03-03,0.2797993502388707
2020-03-04,0.3857835833295562
2020-03-05,0.48559407362578605
2020-03-06,0.5746274787821584
2020-03-09,0.650009558913168
2020-03-10,0.7108565998369265
2020-03-11,0.7579806276647825
2020-03-12,0.7932573384213999
2020-03-13,0.818971080732691
2020-03-16,0.8373411887178495
2020-03-17,0.8502730196237819
2020-03-18,0.8592808759054126
2020-03-19,0.8655088455235862
2020-03-20,0.8697924932643496
2020-03-23,0.8727282389899077
2020-03-24,0.8747352402672633
2020-03-25,0.8761049844485368
2020-03-26,0.8770387266995331
2020-03-27,0.8776747460538727
2020-03-30,0.8781077371487186
2020-03-31,0.8784024015858729
2020-04-01,0.8635765814702335
2020-04-02,0.8508166618974312
2020-04-03,0.8443862068630578
2020-04-06,0.843505136746189
2020-04-07,0.846532965447139
2020-04-08,0.8516290240736757
2020-04-09,0.8572802638478141
2020-04-10,0.862525188934468
2020-04-13,0.8669147532337516
2020-04-14,0.8703513280470031
2020-04-15,0.8729239930945943
2020-04-16,0.8747921077656425
2020-04-17,0.8761206507778676
2020-04-20,0.87705210241579
2020-04-21,0.877698824125123
2020-04-22,0.878144879937532
2020-04-23,0.8784511422711712
2020-04-24,0.8786607742614982
2020-04-27,0.878803962980577
2020-04-28,0.8789016279482473
2020-04-29,0.8789681776477207
2020-04-30,0.8790134951337267
2020-05-01,0.8528729955456363
2020-05-04,0.8626503955884998
2020-05-05,0.8684648513402368
2020-05-06,0.872092781526344
2020-05-07,0.874424607803319
2020-05-08,0.8759520614887243
2020-05-11,0.8769650730647534
2020-05-12,0.8776424289863565
2020-05-13,0.8780978297355193
2020-05-14,0.8784051316404435
2020-05-15,0.8786130113738574
2020-05-18,0.8787538708901491
2020-05-19,0.878849425754436
2020-05-20,0.8789142971860008
2020-05-21,0.8789583608831311
2020-05-22,0.8789883016144017
2020-05-25,0.8790086508696845
2020-05-26,0.8790224835314328
2020-05-27,0.8790318875036619
2020-05-28,0.8790382811672842
2020-05-29,0.8790426283768238
2020-06-01,0.8790455842551747
2020-06-02,0.8474790157191547
2020-06-03,0.8584795643276546
2020-06-04,0.8654090802583153
2020-06-05,0.8698874524762876
2020-06-08,0.872830847939892
2020-06-09,0.8747870793145159
2020-06-10,0.8760969376834257
2020-06-11,0.8769783887715094
2020-06-12,0.8775735496793842
2020-06-15,0.8779763213032731
2020-06-16,0.8782493149642916
2020-06-17,0.8784345401490636
2020-06-18,0.8785603038992001
2020-06-19,0.8786457357986803
2020-06-22,0.8787037890748303
2020-06-23,0.878743246611129
2020-06-24,0.8787700690849038
2020-06-25,0.8787883043596867
2020-06-26,0.8788007024880632
2020-06-29,0.8788091323521093
2020-06-30,0.8788148642577924
2020-07-01,0.8790247613955927
2020-07-02,0.8787924264735941
2020-07-03,0.8787226896063193
2020-07-06,0.8787178451547948
2020-07-07,0.8787348252370284
2020-07-08,0.8787559379696717
2020-07-09,0.8787747797962181
2020-07-10,0.8787896859188251
2020-07-13,0.8788007964759258
2020-07-14,0.8788088042009454
2020-07-15,0.8788144593376102
2020-07-16,0.8788184020772452
2020-07-17,0.878821128168246
2020-07-20,0.8788230027498507
2020-07-21,0.8788242871071884
2020-07-22,0.8788251649300836
2020-07-23,0.8788257639122325
2020-07-24,0.8788261721738245
2020-07-27,0.8788264502326375
2020-07-28,0.8788266395164445
2020-07-29,0.8788267683236203
2020-07-30,0.8788268559560118
2020-07-31,0.8788269155661297
2020-08-03,0.7277075254050632
2020-08-04,0.24582538938884615
2020-08-05,-0.09603550584170026
2020-08-06,-0.33672542786026416
2020-08-07,-0.5048215308338019
2020-08-10,-0.6213970691065563
2020-08-11,-0.7017951452102207
2020-08-12,-0.7570126580420976
2020-08-13,-0.7948219096041012
2020-08-14,-0.820655795352974
2020-08-17,-0.8382808669872658
2020-08-18,-0.8502930259568949
2020-08-19,-0.8584739158805587
2020-08-20,-0.8640427831669407
2020-08-21,-0.8678323307498618
2020-08-24,-0.8704104814283375
2020-08-25,-0.8721642057890537
2020-08-26,-0.8733570071329936
2020-08-27,-0.8741682360290454
2020-08-28,-0.8747199287706516
2020-08-31,-0.8750951060630517
2020-09-01,-0.7974693521804932
2020-09-02,-0.7943085578464947
2020-09-03,-0.7933919021801448
2020-09-04,-0.7936977067358879
2020-09-07,-0.7945116807218376
2020-09-08,-0.7954225032666941
2020-09-09,-0.7962378666382615
2020-09-10,-0.7968944227032623
2020-09-11,-0.7973921651396103
2020-09-14,-0.7977557350562067
2020-09-15,-0.798015034668275
2020-09-16,-0.7981970921522588
2020-09-17,-0.7983235914903872
2020-09-18,-0.7984108752986496
2020-09-21,-0.798470817853598
2020-09-22,-0.7985118529721996
2020-09-23,-0.7985398841222746
2020-09-24,-0.7985590043027759
2020-09-25,-0.7985720333500063
2020-09-28,-0.7985809057483997
2020-09-29,-0.7985869448289794
2020-09-30,-0.7985910541082394
2020-10-01,0.01979926138491412
2020-10-02,0.3079561209136372
2020-10-05,0.4921697028907471
2020-10-06,0.612501600917077
2020-10-07,0.6921832165849174
2020-10-08,0.7454151152589503
2020-10-09,0.7811846590195355
2020-10-12,0.8053135718331523
2020-10-13,0.8216324535733373
2020-10-14,0.832688579631316
2020-10-15,0.8401880225922436
2020-10-16,0.8452790172993555
2020-10-19,0.8487369135808679
2020-10-20,0.8510864447905571
2020-10-21,0.8526832762624793
2020-10-22,0.8537687285409785
2020-10-23,0.8545066540581836
2020-10-26,0.8550083590295214
2020-10-27,0.8553494792389843
2020-10-28,0.8555814227606274
2020-10-29,0.8557391358553857
2020-10-30,0.8558463767783016
2020-11-02,0.8559192987299401
2020-11-03,0.6935656217651602
2020-11-04,0.6428766273661641
2020-11-05,0.6060945414328051
2020-11-06,0.5843906387022645
2020-11-09,0.5778246782970805
2020-11-10,0.5854593179294568
2020-11-11,0.6053959311169019
2020-11-12,0.6348129466670107
2020-11-13,0.6701544086749993
2020-11-16,0.7075745430969071
2020-11-17,0.7435763872013816
2020-11-18,0.775598696173692
2020-11-19,0.8022897025889402
2020-11-20,0.8233963262036301
2020-11-23,0.839411860128285
2020-11-24,0.8511892536268129
2020-11-25,0.8596519351470537
2020-11-26,0.8656321381154857
2020-11-27,0.8698083364453985
2020-11-30,0.8727006440507374
2020-12-01,0.5619105680285873
2020-12-02,0.03815699062494734
2020-12-03,-0.2857685096660623
2020-12-04,-0.49293764929712114
2020-12-07,-0.6282400484140572
2020-12-08,-0.717806728949521
2020-12-09,-0.7776248335576973
2020-12-10,-0.8178105875250108
2020-12-11,-0.8449137777352177
2020-12-14,-0.8632419143034593
2020-12-15,-0.875658217376984
2020-12-16,-0.8840797563085626
2020-12-17,-0.8897964713239831
2020-12-18,-0.8936792542328824
2020-12-21,-0.8963174294363853
2020-12-22,-0.8981104098042456
2020-12-23,-0.8993291836230486
2020-12-24,-0.9001577401391515
2020-12-25,-0.9007210613769011
2020-12-28,-0.9011040747032114
2020-12-29,-0.9013645027821365
2020-12-30,-0.9015415840893688
2020-12-31,-0.9016619947955962
2021-01-01,-0.8973935896633352
2021-01-04,-0.8981655610630855
2021-01-05,-0.8990383454053854
2021-01-06,-0.8998023687114131
2021-01-07,-0.9004041013254552
2021-01-08,-0.9008524085307331
2021-01-11,-0.9011757191303333
2021-01-12,-0.9014042263832469
2021-01-13,-0.9015636521417129
2021-01-14,-0.901673942310435
2021-01-15,-0.9017498130837486
2021-01-18,-0.9018018102997799
2021-01-19,-0.9018373560909028
2021-01-20,-0.901861614124538
2021-01-21,-0.9018781497984627
2021-01-22,-0.901889412656994
2021-01-25,-0.901897080001667
2021-01-26,-0.9019022977717712
2021-01-27,-0.9019058476924854
2021-01-28,-0.901908262486977
2021-01-29,-0.9019099049387814
2021-02-01,-0.9019110219865365
2021-02-02,-0.5506626120005476
2021-02-03,-0.11506141625875999
2021-02-04,0.18933482025927775
2021-02-05,0.4017276663992735
2021-02-08,0.5492377217768791
2021-02-09,0.6511751252718666
2021-02-10,0.721316463617526
2021-02-11,0.7694168541891969
2021-02-12,0.8023196897704311
2021-02-15,0.8247860511305087
2021-02-16,0.8401067044236256
2021-02-17,0.8505451238381672
2021-02-18,0.8576527474147232
2021-02-19,0.8624903465815973
2021-02-22,0.8657819620154156
2021-02-23,0.8680212089597791
2021-02-24,0.869544335510132
2021-02-25,0.8705802641393288
2021-02-26,0.871284789018441
2021-03-01,0.8717639089243827
2021-03-02,-0.07589427855002809
2021-03-03,-0.2557086609003362
2021-03-04,-0.4067400582708629
2021-03-05,-0.5306577487414725
2021-03-08,-0.629285675631798
2021-03-09,-0.7053273842465322
2021-03-10,-0.7622599671580252
2021-03-11,-0.8038408899128562
2021-03-12,-0.833617102531153
2021-03-15,-0.8546234929569969
2021-03-16,-0.8692811973905676
2021-03-17,-0.879428748564936
2021-03-18,-0.886415002329559
2021-03-19,-0.8912062121083028
2021-03-22,-0.894483254692028
2021-03-23,-0.8967205230777839
2021-03-24,-0.8982459979544685
2021-03-25,-0.8992852398200002
2021-03-26,-0.8999928140012169
2021-03-29,-0.9004743764775861
2021-03-30,-0.9008020295996126
2021-03-31,-0.9010249218519939
2021-04-01,-0.7324609286029062
2021-04-02,-0.7406300573636808
2021-04-05,-0.7600134056741693
2021-04-06,-0.7842758871344496
2021-04-07,-0.8089317423486014
2021-04-08,-0.8311898419595146
2021-04-09,-0.8497280705395728
2021-04-12,-0.8642962491915055
2021-04-13,-0.8752698541957068
2021-04-14,-0.8832865928748194
2021-04-15,-0.8890166096325195
2021-04-16,-0.893049551821168
2021-04-19,-0.8958576754342872
2021-04-20,-0.8977984441077274
2021-04-21,-0.8991328916400864
2021-04-22,-0.9000472136883569
2021-04-23,-0.900672170437119
2021-04-26,-0.9010986377820382
2021-04-27,-0.9013893304087026
2021-04-28,-0.901587323497215
2021-04-29,-0.9017221079588267
2021-04-30,-0.9018138304109817
2021-05-03,-0.9051266120287041
2021-05-04,-0.904165364464799
2021-05-05,-0.9034959660017958
2021-05-06,-0.9030333067084537
2021-05-07,-0.9027151860441033
2021-05-10,-0.9024972212543174
2021-05-11,-0.9023482397498768
2021-05-12,-0.9022465765675028
2021-05-13,-0.9021772805462774
2021-05-14,-0.9021300827672463
2021-05-17,-0.9020979528683436
2021-05-18,-0.9020760881561284
2021-05-19,-0.9020612125786716
2021-05-20,-0.9020510936872336
2021-05-21,-0.9020442112259649
2021-05-24,-0.9020395304075542
2021-05-25,-0.9020363471081366
2021-05-26,-0.9020341823069977
2021-05-27,-0.9020327101700807
2021-05-28,-0.9020317090840966
2021-05-31,-0.9020310283307504
2021-06-01,-0.8981009245506668
2021-06-02,-0.8988840065968605
2021-06-03,-0.8996671378514092
2021-06-04,-0.900319018807475
2021-06-07,-0.900818671429046
2021-06-08,-0.9011848972230334
2021-06-09,-0.9014462958399374
2021-06-10,-0.9016298061235112
2021-06-11,-0.9017572694673336
2021-06-14,-0.9018451862904135
2021-06-15,-0.9019055452317368
2021-06-16,-0.9019468558291591
2021-06-17,-0.9019750703935273
2021-06-18,-0.9019943133710449
2021-06-21,-0.9020074249936196
2021-06-22,-0.9020163531032149
2021-06-23,-0.9020224298602916
2021-06-24,-0.9020265646626415
2021-06-25,-0.9020293775327415
2021-06-28,-0.9020312908404915
2021-06-29,-0.9020325921462816
2021-06-30,-0.9020334771524123
2021-07-01,-0.9026973422391391
2021-07-02,-0.9024032622352297
2021-07-05,-0.9022474017561092
2021-07-06,-0.9021626848339483
2021-07-07,-0.9021151977483785
2021-07-08,-0.9020876789407873
2021-07-09,-0.9020712026902797
2021-07-12,-0.9020610425142539
2021-07-13,-0.902054619206596
2021-07-14,-0.902050476860121
2021-07-15,-0.9020477646393995
2021-07-16,-0.9020459687805075
2021-07-19,-0.9020447700307473
2021-07-20,-0.9020439652643055
2021-07-21,-0.9020434228276177
2021-07-22,-0.9020430561933689
2021-07-23,-0.9020428079102644
2021-07-26,-0.9020426395533577
2021-07-27,-0.9020425252906634
2021-07-28,-0.9020424476938064
2021-07-29,-0.9020423949750324
2021-07-30,-0.9020423591480577
2021-08-02,-0.9020423347958034
2021-08-03,-0.8933182208718641
2021-08-04,-0.8951478392761949
2021-08-05,-0.8968960857572429
2021-08-06,-0.8983268247783116
2021-08-09,-0.8994147468978886
2021-08-10,-0.9002087955806852
2021-08-11,-0.9007741970757078
2021-08-12,-0.9011705541418791
2021-08-13,-0.9014456097008273
2021-08-16,-0.9016352177934912
2021-08-17,-0.9017653435813188
2021-08-18,-0.901854381601519
2021-08-19,-0.9019151832785894
2021-08-20,-0.9019566468127471
2021-08-23,-0.9019848967857386
2021-08-24,-0.9020041320956333
2021-08-25,-0.9020172238156149
2021-08-26,-0.9020261315964582
2021-08-27,-0.902032191387054
2021-08-30,-0.90203631319862
2021-08-31,-0.902039116562766
2021-09-01,-0.9023627911259576
2021-09-02,-0.9021199567304459
2021-09-03,-0.9020296520650042
2021-09-06,-0.9020045372690529
2021-09-07,-0.9020048029997042
2021-09-08,-0.9020131869040505
2021-09-09,-0.9020227402796542
2021-09-10,-0.9020310368111017
2021-09-13,-0.9020375168998804
2021-09-14,-0.9020423129642481
2021-09-15,-0.9020457550423533
2021-09-16,-0.902048179425347
2021-09-17,-0.9020498668000869
2021-09-20,-0.9020510321716885
2021-09-21,-0.9020518329331311
2021-09-22,-0.9020523812944755
2021-09-23,-0.9020527559578562
2021-09-24,-0.9020530115510077
2021-09-27,-0.902053185734441
2021-09-28,-0.9020533043548904
2021-09-29,-0.9020533850980128
2021-09-30,-0.9020534400408662
2021-10-01,-0.8662029419750896
2021-10-04,-0.8757725964827184
2021-10-05,-0.8833206775229695
2021-10-06,-0.8889149132991849
2021-10-07,-0.8929279266626555
2021-10-08,-0.8957523023610434
2021-10-11,-0.8977167731933302
2021-10-12,-0.8990728367494538
2021-10-13,-0.9000042905840524
2021-10-14,-0.9006419875813083
2021-10-15,-0.9010776118332964
2021-10-18,-0.9013747559856029
2021-10-19,-0.90157723900844
2021-10-20,-0.9017151238697306
2021-10-21,-0.9018089763335227
2021-10-22,-0.9018728379401324
2021-10-25,-0.9019162831992954
2021-10-26,-0.9019458349160167
2021-10-27,-0.9019659342076702
2021-10-28,-0.9019796036264526
2021-10-29,-0.9019888997055181
2021-11-01,-0.9019952214405162
2021-11-02,-0.8660350267666002
2021-11-03,-0.8707995702341175
2021-11-04,-0.8770849099178477
2021-11-05,-0.8831194129407055
2021-11-08,-0.8881850811633137
2021-11-09,-0.892132276028801
2021-11-10,-0.8950698412790203
2021-11-11,-0.8971919792437597
2021-11-12,-0.8986951493345114
2021-11-15,-0.8997459320623924
2021-11-16,-0.9004739715835156
2021-11-17,-0.9009753711369037
2021-11-18,-0.9013192787681372
2021-11-19,-0.9015545115317397
2021-11-22,-0.9017151086075017
2021-11-23,-0.9018246108332688
2021-11-24,-0.9018992095602973
2021-11-25,-0.9019500002059555
2021-11-26,-0.9019845672237483
2021-11-29,-0.9020080863780011
2021-11-30,-0.9020240856783354
2021-12-01,-0.7749992625260199
2021-12-02,-0.8078511175735633
2021-12-03,-0.8340585852965406
2021-12-06,-0.8538452596311056
2021-12-07,-0.8682860793671171
2021-12-08,-0.8785912120077397
2021-12-09,-0.8858336972437043
2021-12-10,-0.8908708683636213
2021-12-13,-0.8943492695783202
2021-12-14,-0.8967395413691279
2021-12-15,-0.8983765940884916
2021-12-16,-0.8994952255207779
2021-12-17,-0.9002584209560752
2021-12-20,-0.9007785657788492
2021-12-21,-0.9011328072913696
2021-12-22,-0.9013739429139883
2021-12-23,-0.901538031432799
2021-12-24,-0.9016496653877615
2021-12-27,-0.9017256013131162
2021-12-28,-0.9017772492057405
2021-12-29,-0.9018123750577922
2021-12-30,-0.90183626306993
2021-12-31,-0.9018525080354104
2022-01-03,-0.7811266713723122
2022-01-04,-0.7904643696934691
2022-01-05,-0.807148621389826
2022-01-06,-0.8259380334401526
2022-01-07,-0.8436533760237297
2022-01-10,-0.858726027986047
2022-01-11,-0.8707058407192614
2022-01-12,-0.8797872866776814
2022-01-13,-0.8864464075284335
2022-01-14,-0.8912167642084818
2022-01-17,-0.8945789691686894
2022-01-18,-0.8969221464020003
2022-01-19,-0.8985425137846492
2022-01-20,-0.8996570806081663
2022-01-21,-0.9004209397881023
2022-01-24,-0.9009431403275808
2022-01-25,-0.9012995277584033
2022-01-26,-0.9015424704487904
2022-01-27,-0.9017079492333494
2022-01-28,-0.901820603422254
2022-01-31,-0.9018972677798189
2022-02-01,-0.8394579377268272
2022-02-02,-0.8571276841004171
2022-02-03,-0.8704339501946367
2022-02-04,-0.8800481101778659
2022-02-07,-0.8868409818569936
2022-02-08,-0.891576741622285
2022-02-09,-0.8948506486024232
2022-02-10,-0.8971016053034065
2022-02-11,-0.8986436563792676
2022-02-14,-0.8996975169326987
2022-02-15,-0.9004165752343449
2022-02-16,-0.9009066593109916
2022-02-17,-0.901240436140029
2022-02-18,-0.901467644528103
2022-02-21,-0.9016222571895125
2022-02-22,-0.9017274450521114
2022-02-23,-0.9017989964625636
2022-02-24,-0.9018476623401442
2022-02-25,-0.9018807601696016
2022-02-28,-0.9019032690099128
2022-03-01,-0.7493305549332678
2022-03-02,-0.7942121247039539
2022-03-03,-0.8252196073011786
2022-03-04,-0.8465470294554038
2022-03-07,-0.8611672240251506
2022-03-08,-0.8711650928382048
2022-03-09,-0.8779901729465394
2022-03-10,-0.8826436760489584
2022-03-11,-0.8858138712741634
2022-03-14,-0.8879723094706388
2022-03-15,-0.8894413035797565
2022-03-16,-0.8904408017744154
2022-03-17,-0.8911207300105288
2022-03-18,-0.8915832057718613
2022-03-21,-0.891897746792953
2022-03-22,-0.8921116611922425
2022-03-23,-0.8922571351754939
2022-03-24,-0.8923560630758609
2022-03-25,-0.8924233366020089
2022-03-28,-0.8924690837589313
2022-03-29,-0.8925001923467508
2022-03-30,-0.8925213464172952
2022-03-31,-0.8925357312851018
2022-04-01,-0.5416035296558742
2022-04-04,-0.5058539746872345
2022-04-05,-0.491444017584831
2022-04-06,-0.49462413742952116
2022-04-07,-0.5126591433277038
2022-04-08,-0.5429808922284032
2022-04-11,-0.5826774404235523
2022-04-12,-0.628288123098877
2022-04-13,-0.6759649637231461
2022-04-14,-0.7219778019340788
2022-04-15,-0.7633505721935069
2022-04-18,-0.7983067141461546
2022-04-19,-0.8263205974943972
2022-04-20,-0.8478253473164924
2022-04-21,-0.8637877206410473
2022-04-22,-0.8753396575293388
2022-04-25,-0.883545939960479
2022-04-26,-0.8892983944540183
2022-04-27,-0.8932930208263167
2022-04-28,-0.896048828883935
2022-04-29,-0.897941383860322
2022-05-02,-0.8992370393800434
2022-05-03,-0.5324932781432987
2022-05-04,-0.06751822028329138
2022-05-05,0.2390526685499546
2022-05-06,0.4447038599597417
2022-05-09,0.5837079171452755
2022-05-10,0.6779817359456772
2022-05-11,0.742015417899275
2022-05-12,0.7855380015917113
2022-05-13,0.8151280799873382
2022-05-16,0.8352481769321398
2022-05-17,0.848929707562933
2022-05-18,0.858233208845748
2022-05-19,0.8645596546847172
2022-05-20,0.8688616784170237
2022-05-23,0.8717870758628278
2022-05-24,0.8737763562676454
2022-05-25,0.8751290713742235
2022-05-26,0.8760489193772165
2022-05-27,0.8766744165579173
2022-05-30,0.8770997546979076
2022-05-31,0.8773889845245317
2022-06-01,0.44339001185115445
2022-06-02,-0.014904569426387888
2022-06-03,-0.3107457918065491
2022-06-06,-0.5050841082553594
2022-06-07,-0.6342115484981505
2022-06-08,-0.7206615349929696
2022-06-09,-0.7788326353652497
2022-06-10,-0.8181084684638011
2022-06-13,-0.844687497364555
2022-06-14,-0.8627021614252371
2022-06-15,-0.8749249257436011
2022-06-16,-0.8832238569225663
2022-06-17,-0.8888613362722408
2022-06-20,-0.8926921448649611
2022-06-21,-0.8952958565611735
2022-06-22,-0.8970658074974766
2022-06-23,-0.8982691087043341
2022-06-24,-0.8990872304325973
2022-06-27,-0.8996434960340078
2022-06-28,-0.9000217300277988
2022-06-29,-0.9002789167144218
2022-06-30,-0.90045379783052
2022-07-01,-0.3324578511730061
2022-07-04,0.05515482304269295
2022-07-05,0.3185139066169419
2022-07-06,0.4975004244561655
2022-07-07,0.6191669854743576
2022-07-08,0.7018800327204237
2022-07-11,0.7581156238603238
2022-07-12,0.7963515451956894
2022-07-13,0.8223499890488019
2022-07-14,0.840028008494954
2022-07-15,0.8520486303527437
2022-07-18,0.860222450115976
2022-07-19,0.8657805510642397
2022-07-20,0.869560013306376
2022-07-21,0.8721300249500499
2022-07-22,0.8738776215442372
2022-07-25,0.8750659814229066
2022-07-26,0.8758740630684908
2022-07-27,0.8764235569034317
2022-07-28,0.8767972117532002
2022-07-29,0.8770512964861458
2022-08-01,0.8772240737604295
2022-08-02,0.06263218038980306
2022-08-03,-0.18848990361889456
2022-08-04,-0.38301066109108417
2022-08-05,-0.5302923553679684
2022-08-08,-0.6392457006577106
2022-08-09,-0.7181903603041226
2022-08-10,-0.7744260228831432
2022-08-11,-0.813960272230968
2022-08-12,-0.8414818005531073
2022-08-15,-0.8605051356143772
2022-08-16,-0.8735882513055913
2022-08-17,-0.8825543272453369
2022-08-18,-0.8886838950230552
2022-08-19,-0.8928672423539166
2022-08-22,-0.8957190131909751
2022-08-23,-0.897661512359742
2022-08-24,-0.8989839396245248
2022-08-25,-0.899883897733486
2022-08-26,-0.9004961966162321
2022-08-29,-0.9009127111837145
2022-08-30,-0.9011960109750635
2022-08-31,-0.901388687070727
2022-09-01,-0.8040656506684459
2022-09-02,-0.8342636634673757
2022-09-05,-0.8547628770912691
2022-09-06,-0.8686959814490657
2022-09-07,-0.8781705898280214
2022-09-08,-0.8846143010483707
2022-09-09,-0.8889967645321187
2022-09-12,-0.8919772706937353
2022-09-13,-0.8940042414235164
2022-09-14,-0.8953826944472949
2022-09-15,-0.8963200970421699
2022-09-16,-0.8969575565890607
2022-09-19,-0.8973910410677579
2022-09-20,-0.897685816000294
2022-09-21,-0.8978862654223768
2022-09-22,-0.8980225721136349
2022-09-23,-0.8981152611232254
2022-09-26,-0.8981782898328252
2022-09-27,-0.8982211494197038
2022-09-28,-0.8982502939546336
2022-09-29,-0.8982701122362312
2022-09-30,-0.8982835886602624
2022-10-03,0.23802331370591367
2022-10-04,0.33820241917513194
2022-10-05,0.4341047856497527
2022-10-06,0.522983005952397
2022-10-07,0.6020836760363517
2022-10-10,0.6694006950192295
2022-10-11,0.7241848633240098
2022-10-12,0.7669805413276856
2022-10-13,0.7992643545330229
2022-10-14,0.8229443316786684
2022-10-17,0.8399430889734919
2022-10-18,0.851952176092198
2022-10-19,0.8603387271041212
2022-10-20,0.866147637224634
2022-10-21,0.8701481070107909
2022-10-24,0.872892181529072
2022-10-25,0.874769279260362
2022-10-26,0.8760508961250228
2022-10-27,0.8769248097944305
2022-10-28,0.8775201917463589
2022-10-31,0.8779255709287545
2022-11-01,0.7257680843896887
2022-11-02,0.5589494722965574
2022-11-03,0.4189879667244126
2022-11-04,0.30038973063837004
2022-11-07,0.19958545485546647
2022-11-08,0.11436179415604039
2022-11-09,0.04334078610382849
2022-11-10,-0.014534217165767383
2022-11-11,-0.06041251799281573
2022-11-14,-0.09573244781808335
2022-11-15,-0.12218141003530583
2022-11-16,-0.14151744158344293
2022-11-17,-0.1553806504382367
2022-11-18,-0.1651717580277521
2022-11-21,-0.17201004194871508
2022-11-22,-0.17674755891557062
2022-11-23,-0.1800108911694894
2022-11-24,-0.18224974295770627
2022-11-25,-0.18378145571418417
2022-11-28,-0.18482736380953696
2022-11-29,-0.18554060421550847
2022-11-30,-0.1860265475577265
2022-12-01,-0.4292432164248448
2022-12-02,-0.40983660336153327
2022-12-05,-0.4077723461602329
2022-12-06,-0.4203345238527813
2022-12-07,-0.4456458729043699
2022-12-08,-0.4819289888036173
2022-12-09,-0.5270183429605151
2022-12-12,-0.5780903101195776
2022-12-13,-0.631696497868644
2022-12-14,-0.6841588995127682
2022-12-15,-0.7322158451350517
2022-12-16,-0.7736232105615785
2022-12-19,-0.8074171239403828
2022-12-20,-0.8337649717275446
2022-12-21,-0.8535669438499108
2022-12-22,-0.8680343802143747
2022-12-23,-0.8783841126000823
2022-12-26,-0.8856758247277073
2022-12-27,-0.8907574753178417
2022-12-28,-0.8942719673864078
2022-12-29,-0.896689731508107
2022-12-30,-0.8983469236145251
2023-01-02,-0.8994799435668656
2023-01-03,-0.8947079517988289
2023-01-04,-0.8970430050721929
2023-01-05,-0.8985964451159159
2023-01-06,-0.8996370954983396
2023-01-09,-0.9003375568772651
2023-01-10,-0.9008105742689572
2023-01-11,-0.9011307095589232
2023-01-12,-0.9013477027127946
2023-01-13,-0.9014949356381968
2023-01-16,-0.9015949051450974
2023-01-17,-0.901662815613727
2023-01-18,-0.9017089629241318
2023-01-19,-0.9017403283799656
2023-01-20,-0.9017616500778852
2023-01-23,-0.9017761456764177
2023-01-24,-0.9017860012195836
2023-01-25,-0.9017927023089228
2023-01-26,-0.9017972587330739
2023-01-27,-0.9018003569536226
2023-01-30,-0.9018024636742106
2023-01-31,-0.9018038962114399
2023-02-01,-0.8842295886630878
2023-02-02,-0.8854890103989315
2023-02-03,-0.8882858945965457
2023-02-06,-0.8913464884420524
2023-02-07,-0.8940727903619993
2023-02-08,-0.8962672785743071
2023-02-09,-0.8979324629234179
2023-02-10,-0.8991501434855115
2023-02-13,-0.9000194584385571
2023-02-14,-0.9006302893174233
2023-02-15,-0.9010549583780446
2023-02-16,-0.9013480986815111
2023-02-17,-0.9015494727509922
2023-02-20,-0.901687356159954
2023-02-21,-0.9017815577065003
2023-02-22,-0.9018458192098973
2023-02-23,-0.9018896117526152
2023-02-24,-0.901919434529976
2023-02-27,-0.9019397343044007
2023-02-28,-0.901953547530859
2023-03-01,-0.895268490766914
2023-03-02,-0.8971935650749598
2023-03-03,-0.8986196069837198
2023-03-06,-0.8996395875611821
2023-03-07,-0.9003553072972019
2023-03-08,-0.9008518986311623
2023-03-09,-0.9011940583648886
2023-03-10,-0.9014287663492009
2023-03-13,-0.9015893011166832
2023-03-14,-0.9016988932987634
2023-03-15,-0.9017736131724108
2023-03-16,-0.901824513551149
2023-03-17,-0.9018591677164787
2023-03-20,-0.9018827518870481
2023-03-21,-0.901898798048272
2023-03-22,-0.9019097135568569
2023-03-23,-0.9019171380028408
2023-03-24,-0.9019221875020323
2023-03-27,-0.9019256215647721
2023-03-28,-0.901927956912767
2023-03-29,-0.9019295450343295
2023-03-30,-0.9019306249957411
2023-03-31,-0.901931359387065
2023-04-03,-0.902959466164501
2023-04-04,-0.9025398452642965
2023-04-05,-0.90230695860309
2023-04-06,-0.9021742872276317
2023-04-07,-0.9020964283814144
2023-04-10,-0.9020493548214616
2023-04-11,-0.9020201097697261
2023-04-12,-0.9020015178220001
2023-04-13,-0.9019894791102163
2023-04-14,-0.9019815736237234
2023-04-17,-0.9019763282702743
2023-04-18,-0.9019728218807852
2023-04-19,-0.901970465540793
2023-04-20,-0.901968876195937
2023-04-21,-0.9019678014426555
2023-04-24,-0.90196707338733
2023-04-25,-0.9019665795944858
2023-04-26,-0.9019662444097499
2023-04-27,-0.9019660167591375
2023-04-28,-0.9019658620839738
2023-05-01,-0.9019657569637595
2023-05-02,-0.8881261170535364
2023-05-03,-0.890509810497718
2023-05-04,-0.8931566112089856
2023-05-05,-0.8954828624636502
2023-05-08,-0.897327305083359
2023-05-09,-0.8987096832539748
2023-05-10,-0.8997112474003891
2023-05-11,-0.9004215286528263
2023-05-12,-0.9009182773356587
2023-05-15,-0.9012625074853458
2023-05-16,-0.9014995877274259
2023-05-17,-0.9016621992590472
2023-05-18,-0.9017734235761619
2023-05-19,-0.9018493567430583
2023-05-22,-0.9019011305398659
2023-05-23,-0.9019364011715799
2023-05-24,-0.9019604150166279
2023-05-25,-0.9019767582180688
2023-05-26,-0.9019878779672327
2023-05-29,-0.9019954423403146
2023-05-30,-0.9020005874729303
2023-05-31,-0.9020040867898699
2023-06-01,-0.8919424368895413
2023-06-02,-0.8944280147026678
2023-06-05,-0.8965128606262707
2023-06-06,-0.8981109378549156
2023-06-07,-0.8992805647549784
2023-06-08,-0.9001141494809703
2023-06-09,-0.9006986418253351
2023-06-12,-0.901104253377065
2023-06-13,-0.9013838390713064
2023-06-14,-0.901575699962681
2023-06-15,-0.901706970963272
2023-06-16,-0.9017966076698278
2023-06-19,-0.9018577327994882
2023-06-20,-0.9018993774752122
2023-06-21,-0.9019277326412705
2023-06-22,-0.901947031154672
2023-06-23,-0.9019601619983839
2023-06-26,-0.9019690945997446
2023-06-27,-0.9019751704431573
2023-06-28,-0.9019793027889729
2023-06-29,-0.9019821131398849
2023-06-30,-0.9019840243420897
2023-07-03,-0.8789764390388431
2023-07-04,-0.8817713875871968
2023-07-05,-0.885770892376226
2023-07-06,-0.8896842431979185
2023-07-07,-0.8929877952137597
2023-07-10,-0.8955655195637059
2023-07-11,-0.8974838447174972
2023-07-12,-0.8988690537831234
2023-07-13,-0.8998497532139176
2023-07-14,-0.9005350166254884
2023-07-17,-0.9010096493575973
2023-07-18,-0.9013364494738977
2023-07-19,-0.9015605615951474
2023-07-20,-0.9017138357137603
2023-07-21,-0.9018184695506802
2023-07-24,-0.901889809415493
2023-07-25,-0.9019384079820052
2023-07-26,-0.901971495480889
2023-07-27,-0.9019940136996684
2023-07-28,-0.9020093347418134
2023-07-31,-0.9020197570483003
2023-08-01,-0.9043488375811785
2023-08-02,-0.9036288297779403
2023-08-03,-0.9031313065825528
2023-08-04,-0.9027892720780072
2023-08-07,-0.9025549510529737
2023-08-08,-0.9023948036885011
2023-08-09,-0.9022855276318288
2023-08-10,-0.9022110455949542
2023-08-11,-0.9021603170530882
2023-08-14,-0.9021257842638861
2023-08-15,-0.9021022846762766
2023-08-16,-0.9020862969635852
2023-08-17,-0.9020754216264478
2023-08-18,-0.9020680246927935
2023-08-21,-0.9020629939920406
2023-08-22,-0.9020595727537328
2023-08-23,-0.9020572461454897
2023-08-24,-0.9020556639757904
2023-08-25,-0.902054588065724
2023-08-28,-0.9020538564311976
2023-08-29,-0.9020533589127073
2023-08-30,-0.9020530205970537
2023-08-31,-0.9020527905410956
2023-09-01,-0.9008954590407559
2023-09-04,-0.9012679604784646
2023-09-05,-0.9015191515739217
2023-09-06,-0.9016889951351978
2023-09-07,-0.9018040447483462
2023-09-08,-0.901882074045937
2023-09-11,-0.9019350396945103
2023-09-12,-0.901971012815313
2023-09-13,-0.9019954544300093
2023-09-14,-0.9020120654311623
2023-09-15,-0.9020233566104431
2023-09-18,-0.9020310326205305
2023-09-19,-0.9020362513841421
2023-09-20,-0.9020397997148728
2023-09-21,-0.9020422123804895
2023-09-22,-0.9020438529001832
2023-09-25,-0.902044968410074
2023-09-26,-0.9020457269363212
2023-09-27,-0.902046242724453
2023-09-28,-0.9020465934557221
2023-09-29,-0.902046831950715
2023-10-02,-0.902046994126183
2023-10-03,-0.8882704504004568
2023-10-04,-0.892049375534635
2023-10-05,-0.8949684793098733
2023-10-06,-0.8971043521009869
2023-10-09,-0.8986235096717726
2023-10-10,-0.8996865326199283
2023-10-11,-0.9004229963606027
2023-10-12,-0.9009300044002191
2023-10-13,-0.9012776180392273
2023-10-16,-0.901515304637764
2023-10-17,-0.9016775345269561
2023-10-18,-0.9017881288924273
2023-10-19,-0.9018634613609587
2023-10-20,-0.9019147466687499
2023-10-23,-0.9019496480262149
2023-10-24,-0.9019733935765581
2023-10-25,-0.9019895463796406
2023-10-26,-0.9020005329750146
2023-10-27,-0.9020080050995809
2023-10-30,-0.9020130867150189
2023-10-31,-0.902016542475742
2023-11-01,-0.8981347970687399
2023-11-02,-0.8992790982075943
2023-11-03,-0.9001095587157919
2023-11-06,-0.9006970315622508
2023-11-07,-0.9011066100424492
2023-11-08,-0.9013896630481342
2023-11-09,-0.9015841986132775
2023-11-10,-0.9017174228521458
2023-11-13,-0.9018084461807241
2023-11-14,-0.9018705400550467
2023-11-15,-0.9019128550596419
2023-11-16,-0.9019416712900608
2023-11-17,-0.9019612857143771
2023-11-20,-0.9019746324699187
2023-11-21,-0.9019837123928306
2023-11-22,-0.901989888645631
2023-11-23,-0.9019940893761365
2023-11-24,-0.901996946277662
2023-11-27,-0.901998889156902
2023-11-28,-0.9020002104002403
2023-11-29,-0.9020011088847896
2023-11-30,-0.9020017198720593
2023-12-01,-0.8728068804820388
2023-12-04,-0.8759080781414817
2023-12-05,-0.8807745990195313
2023-12-06,-0.8857187743903856
2023-12-07,-0.8899895943391998
2023-12-08,-0.8933738589946066
2023-12-11,-0.895919225469989
2023-12-12,-0.897770692959835
2023-12-13,-0.8990881045545136
2023-12-14,-0.9000118312484704
2023-12-15,-0.9006531461881535
2023-12-18,-0.9010954272804405
2023-12-19,-0.9013990686674915
2023-12-20,-0.9016068905632548
2023-12-21,-0.9017488346406192
2023-12-22,-0.9018456465958428
2023-12-25,-0.901911613078865
2023-12-26,-0.9019565324844111
2023-12-27,-0.9019871064548916
2023-12-28,-0.902007910059513
2023-12-29,-0.9020220626588589
2024-01-01,-0.9020316892656333
2024-01-02,-0.904828583823319
2024-01-03,-0.9039728393162855
2024-01-04,-0.9033754705480922
2024-01-05,-0.9029618669770517
2024-01-08,-0.9026771188207559
2024-01-09,-0.9024818471811678
2024-01-10,-0.902348294650051
2024-01-11,-0.9022571213226824
2024-01-12,-0.9021949573048885
2024-01-15,-0.9021526087012463
2024-01-16,-0.9021237759441616
2024-01-17,-0.9021041531420169
2024-01-18,-0.9020908019925473
2024-01-19,-0.902081719678104
2024-01-22,-0.9020755420728717
2024-01-23,-0.9020713405487126
2024-01-24,-0.9020684831655736
2024-01-25,-0.9020665399856278
2024-01-26,-0.9020652185501795
2024-01-29,-0.9020643199407088
2024-01-30,-0.902063708871133
2024-01-31,-0.902063293337022
2024-02-01,-0.8998921974425832
2024-02-02,-0.9002819923021287
2024-02-05,-0.900708283875373
2024-02-06,-0.901074812289606
2024-02-07,-0.901360199189255
2024-02-08,-0.9015712085966598
2024-02-09,-0.9017226060325002
2024-02-12,-0.9018292384193277
2024-02-13,-0.9019034587130628
2024-02-14,-0.9019547217574695
2024-02-15,-0.9019899481789085
2024-02-16,-0.9020140723331516
2024-02-19,-0.9020305555216129
2024-02-20,-0.902041800528771
2024-02-21,-0.90204946398693
2024-02-22,-0.9020546829313099
2024-02-23,-0.9020582354159308
2024-02-26,-0.9020606527703137
2024-02-27,-0.9020622973403989
2024-02-28,-0.9020634160031764
2024-02-29,-0.902064176857714
2024-03-01,-0.9048401564140428
2024-03-04,-0.9039853266964162
2024-03-05,-0.9033881124936664
2024-03-06,-0.9029743815667461
2024-03-07,-0.9026894338653656
2024-03-08,-0.9024939725204881
2024-03-11,-0.9023602654339812
2024-03-12,-0.9022689750061217
2024-03-13,-0.9022067257506842
2024-03-14,-0.9021643165729298
2024-03-15,-0.9021354414114956
2024-03-18,-0.9021157892111985
2024-03-19,-0.9021024178099813
2024-03-20,-0.9020933216034827
2024-03-21,-0.9020871344957091
2024-03-22,-0.9020829264839387
2024-03-25,-0.9020800646772515
2024-03-26,-0.9020781184837572
2024-03-27,-0.9020767949965363
2024-03-28,-0.9020758949906771
2024-03-29,-0.9020752829710105
2024-04-01,-0.9020748667905852
2024-04-02,-0.9038842189935407
2024-04-03,-0.9033138053891697
2024-04-04,-0.9029219969756768
2024-04-05,-0.9026537451807789
2024-04-08,-0.9024704898325675
2024-04-09,-0.9023454854659377
2024-04-10,-0.9022603017325957
2024-04-11,-0.9022022931984738
2024-04-12,-0.9021628087484885
2024-04-15,-0.9021359414617747
2024-04-16,-0.9021176634557743
2024-04-17,-0.9021052306020765
2024-04-18,-0.9020967745039611
2024-04-19,-0.9020910235472597
2024-04-22,-0.9020871125240361
2024-04-23,-0.9020844528571962
2024-04-24,-0.9020826442055206
2024-04-25,-0.9020814142867999
2024-04-26,-0.9020805779260181
2024-04-29,-0.9020800091935377
2024-04-30,-0.9020796224523309
2024-05-01,-0.8980614192450911
2024-05-02,-0.8992348824473616
2024-05-03,-0.9000942726925795
2024-05-06,-0.900705444263571
2024-05-07,-0.9011329461738958
2024-05-08,-0.9014290071020112
2024-05-09,-0.9016327622698381
2024-05-10,-0.9017724273467178
2024-05-13,-0.9018679092744891
2024-05-14,-0.9019330712976887
2024-05-15,-0.901977489382067
2024-05-16,-0.9020077434314658
2024-05-17,-0.902028339139583
2024-05-20,-0.9020423548156916
2024-05-21,-0.9020518903657624
2024-05-22,-0.9020583767967065
2024-05-23,-0.9020627886108187
2024-05-24,-0.9020657891242386
2024-05-27,-0.9020678296942156
2024-05-28,-0.9020692173832432
2024-05-29,-0.902070161058232
2024-05-30,-0.9020708027783936
2024-05-31,-0.9020712391576826
2024-06-03,-0.9021578859210317
2024-06-04,-0.901843927154695
2024-06-05,-0.9017776073316385
2024-06-06,-0.9018059715416025
2024-06-07,-0.9018610732440437
2024-06-10,-0.901915716779924
2024-06-11,-0.9019610165195617
2024-06-12,-0.9019956500704356
2024-06-13,-0.9020209924953694
2024-06-14,-0.9020390603838038
2024-06-17,-0.9020517347590317
2024-06-18,-0.9020605335010916
2024-06-19,-0.9020666001609297
2024-06-20,-0.9020707641709022
2024-06-21,-0.9020736136032568
2024-06-24,-0.9020755595023721
2024-06-25,-0.9020768865462147
2024-06-26,-0.9020777907083566
2024-06-27,-0.9020784063580433
2024-06-28,-0.9020788253785961
2024-07-01,-0.9020791104875959
2024-07-02,-0.9033486320886739
2024-07-03,-0.9029311381579171
2024-07-04,-0.9026537414770253
2024-07-05,-0.9024682680627525
2024-07-08,-0.9023436549856593
2024-07-09,-0.9022596317264552
2024-07-10,-0.902202831009861
2024-07-11,-0.9021643631101004
2024-07-12,-0.9021382778699739
2024-07-15,-0.9021205738010014
2024-07-16,-0.9021085507637717
2024-07-17,-0.9021003823918972
2024-07-18,-0.9020948312792477
2024-07-19,-0.9020910580890678
2024-07-22,-0.9020884930457909
2024-07-23,-0.9020867491530805
2024-07-24,-0.9020855634623534
2024-07-25,-0.9020847572653423
2024-07-26,-0.9020842090852512
2024-07-29,-0.9020838363386341
2024-07-30,-0.9020835828783832
2024-07-31,-0.9020834105289397
2024-08-01,-0.8930002880300426
2024-08-02,-0.8950776887617036
2024-08-05,-0.8969313253228441
2024-08-06,-0.8983983623001216
2024-08-07,-0.8994925206142476
2024-08-08,-0.9002815860341878
2024-08-09,-0.9008391069538597
2024-08-12,-0.9012279548776262
2024-08-13,-0.9014968864261178
2024-08-14,-0.9016818520897367
2024-08-15,-0.9018085975816398
2024-08-16,-0.9018952329311131
2024-08-19,-0.9019543524343999
2024-08-20,-0.9019946496557222
2024-08-21,-0.9020220961390867
2024-08-22,-0.902040780261382
2024-08-23,-0.9020534949453577
2024-08-26,-0.9020621453106812
2024-08-27,-0.9020680295818277
2024-08-28,-0.9020720318196376
2024-08-29,-0.9020747537716726
2024-08-30,-0.9020766048971536
2024-09-02,-0.9020778637534778
2024-09-03,-0.9028485382387814
2024-09-04,-0.9025429595076764
2024-09-05,-0.9023671418895948
2024-09-06,-0.9022629553407364
2024-09-09,-0.9021994063744465
2024-09-10,-0.902159629375761
2024-09-11,-0.9021341897517862
2024-09-12,-0.902117640993027
2024-09-13,-0.9021067367255269
2024-09-16,-0.9020994837847375
2024-09-17,-0.902094626877459
2024-09-18,-0.9020913589676288
2024-09-19,-0.9020891528953296
2024-09-20,-0.9020876602206865
2024-09-23,-0.902086648651336
2024-09-24,-0.9020859623801241
2024-09-25,-0.9020854964540808
2024-09-26,-0.9020851799660105
2024-09-27,-0.902084964912218
2024-09-30,-0.9020848187488186
2024-10-01,-0.9010116169657729
2024-10-02,-0.901193750285461
2024-10-03,-0.9014031761979611
2024-10-04,-0.9015858638442013
2024-10-07,-0.9017289502572768
2024-10-08,-0.9018350455406795
2024-10-09,-0.9019112823491731
2024-10-10,-0.9019650233385149
2024-10-11,-0.9020024482244567
2024-10-14,-0.9020283053031006
2024-10-15,-0.9020460770882796
2024-10-16,-0.9020582493552576
2024-10-17,-0.9020665669557558
2024-10-18,-0.9020722416373301
2024-10-21,-0.9020761090743696
2024-10-22,-0.9020787429324607
2024-10-23,-0.9020805358053565
2024-10-24,-0.9020817558135731
2024-10-25,-0.9020825858139734
2024-10-28,-0.9020831503965431
2024-10-29,-0.902083534396803
2024-10-30,-0.9020837955557479
2024-10-31,-0.9020839731616723
2024-11-01,-0.8834942744410027
2024-11-04,-0.8882434591169107
2024-11-05,-0.8921256943383472
2024-11-06,-0.8950594328728197
2024-11-07,-0.8971882944617525
2024-11-08,-0.8986973497823503
2024-11-11,-0.8997517802844566
2024-11-12,-0.9004818296284505
2024-11-13,-0.9009842806472705
2024-11-14,-0.9013287265914899
2024-11-15,-0.901564233929708
2024-11-18,-0.9017249723295825
2024-11-19,-0.9018345486956779
2024-11-20,-0.9019091873771967
2024-11-21,-0.9019600002582485
2024-11-22,-0.9019945800844091
2024-11-25,-0.9020181068698648
2024-11-26,-0.9020341108577173
2024-11-27,-0.9020449962339231
2024-11-28,-0.9020523995182101
2024-11-29,-0.902057434317142
2024-12-02,-0.9020608582403107
2024-12-03,-0.8649823379104333
2024-12-04,-0.870074704860618
2024-12-05,-0.8766103751653157
2024-12-06,-0.8828184812535319
2024-12-09,-0.8879993536528792
2024-12-10,-0.892021693759624
2024-12-11,-0.8950081466923809
2024-12-12,-0.8971622364768999
2024-12-13,-0.898686442134226
2024-12-16,-0.8997511772555782
2024-12-17,-0.9004885311537869
2024-12-18,-0.9009961809245184
2024-12-19,-0.9013442989541989
2024-12-20,-0.9015823760526216
2024-12-23,-0.9017448984987904
2024-12-24,-0.9018557058814741
2024-12-25,-0.901931190209983
2024-12-26,-0.9019825821798226
2024-12-27,-0.9020175576875987
2024-12-30,-0.9020413544247564
2024-12-31,-0.9020575423932773
2025-01-01,-0.8960136376940252
2025-01-02,-0.8976363685617228
2025-01-03,-0.8989163907300077
2025-01-06,-0.899865533344335
2025-01-07,-0.9005465037864585
2025-01-08,-0.901025749562605
2025-01-09,-0.9013590438070727
2025-01-10,-0.901589085165332
2025-01-13,-0.9017470786367109
2025-01-14,-0.9018552356833482
2025-01-15,-0.9019291153431681
2025-01-16,-0.9019795071830604
2025-01-17,-0.9020138446053689
2025-01-20,-0.9020372268364204
2025-01-21,-0.9020531418982475
2025-01-22,-0.9020639711358264
2025-01-23,-0.9020713382478908
2025-01-24,-0.9020763493752598
2025-01-27,-0.9020797576296801
2025-01-28,-0.9020820755595937
2025-01-29,-0.9020836518977103
2025-01-30,-0.9020847238745188
2025-01-31,-0.9020854528493277
2025-02-03,-0.9033519703469044
2025-02-04,-0.9029432982661441
2025-02-05,-0.9026678813289567
2025-02-06,-0.9024818172377613
2025-02-07,-0.9023558812391279
2025-02-10,-0.9022705241267054
2025-02-11,-0.9022126129363616
2025-02-12,-0.9021732949947635
2025-02-13,-0.9021465875683334
2025-02-14,-0.9021284399097971
2025-02-17,-0.9021161057246234
2025-02-18,-0.9021077213677958
2025-02-19,-0.9021020213462344
2025-02-20,-0.9020981459543127
2025-02-21,-0.9020955109772658
2025-02-24,-0.9020937193276553
2025-02-25,-0.9020925010688511
2025-02-26,-0.9020916726823686
2025-02-27,-0.9020911093934759
2025-02-28,-0.9020907263636482
2025-03-03,-0.8955772386160773
2025-03-04,-0.8973025853396943
2025-03-05,-0.8986720012716374
2025-03-06,-0.8996907325102027
2025-03-07,-0.9004230191030518
2025-03-10,-0.9009389865794721
2025-03-11,-0.9012980900948748
2025-03-12,-0.9015460676368032
2025-03-13,-0.9017164355779281
2025-03-14,-0.9018330893325458
2025-03-17,-0.9019127846462057
2025-03-18,-0.9019671486336586
2025-03-19,-0.9020041952031819
2025-03-20,-0.9020294233911956
2025-03-21,-0.9020465954305638
2025-03-24,-0.9020582802107732
2025-03-25,-0.9020662294604463
2025-03-26,-0.9020716366116324
2025-03-27,-0.9020753142408344
2025-03-28,-0.9020778153818483
2025-03-31,-0.9020795163202141
2025-04-01,-0.8937559745173276
2025-04-02,-0.8962450262586377
2025-04-03,-0.8980363962669858
2025-04-04,-0.8992948962889649
2025-04-07,-0.9001678321897559
2025-04-08,-0.9007689178831952
2025-04-09,-0.9011809858859874
2025-04-10,-0.9014626910846114
2025-04-11,-0.9016549311513173
2025-04-14,-0.9017859651383898
2025-04-15,-0.901875210687402
2025-04-16,-0.9019359631179024
2025-04-17,-0.9019773049001739
2025-04-18,-0.9020054311935002
2025-04-21,-0.9020245634709081
2025-04-22,-0.9020375763680574
2025-04-23,-0.9020464264961143
2025-04-24,-0.90205244520788
2025-04-25,-0.9020565382186576
2025-04-28,-0.9020593215972201
2025-04-29,-0.9020612143544056
2025-04-30,-0.9020625014563044
2025-05-01,-0.8898670142584608
2025-05-02,-0.8931990618585344
2025-05-05,-0.8957793958233005
2025-05-06,-0.8976704921177329
2025-05-07,-0.8990170024136058
2025-05-08,-0.8999598908574726
2025-05-09,-0.9006134375868209
2025-05-12,-0.9010635070298328
2025-05-13,-0.9013721493417137
2025-05-14,-0.9015832195168345
2025-05-15,-0.9017272969831183
2025-05-16,-0.9018255231871486
2025-05-19,-0.9018924340076337
2025-05-20,-0.9019379873834911
2025-05-21,-0.901968988622658
2025-05-22,-0.901990080982968
2025-05-23,-0.9020044291049395
2025-05-26,-0.9020141882811503
2025-05-27,-0.902020825651988
2025-05-28,-0.9020253395849109
2025-05-29,-0.9020284092986022
2025-05-30,-0.9020304968135585
2025-06-02,-0.902031916373746
2025-06-03,-0.8721169689148159
2025-06-04,-0.8751357395765933
2025-06-05,-0.8800576934381856
2025-06-06,-0.8851226850605534
2025-06-09,-0.8895291319646214
2025-06-10,-0.8930367519870693
2025-06-11,-0.8956828975540064
2025-06-12,-0.8976116264413304
2025-06-13,-0.8989859348526853
2025-06-16,-0.899950475964647
2025-06-17,-0.90062056317771
2025-06-18,-0.9010828920981254
2025-06-19,-0.9014003929794153
2025-06-20,-0.9016177454881504
2025-06-23,-0.9017662198508754
2025-06-24,-0.9018674953941297
2025-06-25,-0.9019365077864804
2025-06-26,-0.9019835033550798
2025-06-27,-0.9020154914060173
2025-06-30,-0.9020372576447931
2025-07-01,-0.9037980138361583
2025-07-02,-0.9031351225400371
2025-07-03,-0.9027432805348493
2025-07-04,-0.9025065525492414
2025-07-07,-0.9023601646895981
2025-07-08,-0.9022676456562656
2025-07-09,-0.9022080721832791
2025-07-10,-0.9021691358265894
2025-07-11,-0.9021433961612142
2025-07-14,-0.9021262370057475
2025-07-15,-0.9021147287151938
2025-07-16,-0.9021069773351933
2025-07-17,-0.9021017408305951
2025-07-18,-0.9020981959611559
2025-07-21,-0.9020957928374509
2025-07-22,-0.9020941621330477
2025-07-23,-0.9020930548367869
2025-07-24,-0.9020923026078366
2025-07-25,-0.9020917914311979
2025-07-28,-0.9020914439880541
2025-07-29,-0.9020912077994218
2025-07-30,-0.9020910472248506
2025-07-31,-0.9020909380497778
2025-08-01,-0.9033181158523736
2025-08-04,-0.9029295055113742
2025-08-05,-0.9026634000181181
2025-08-06,-0.9024815897834778
2025-08-07,-0.9023575610394583
2025-08-08,-0.9022730373347219
2025-08-11,-0.902215476007617
2025-08-12,-0.9021762948991275
2025-08-13,-0.902149633529146
2025-08-14,-0.9021314953807205
2025-08-15,-0.9021191575530313
2025-08-18,-0.902110766036765
2025-08-19,-0.9021050589790867
2025-08-20,-0.902101177799479
2025-08-21,-0.9020985384227145
2025-08-22,-0.902096743566625
2025-08-25,-0.9020955230281281
2025-08-26,-0.9020946930455374
2025-08-27,-0.9020941286500572
2025-08-28,-0.9020937448579306
2025-08-29,-0.9020934838779305
2025-09-01,-0.9020933064109892
2025-09-02,-0.9028183267358291
2025-09-03,-0.9025606399654947
2025-09-04,-0.9023992336158935
2025-09-05,-0.90229604891716
2025-09-08,-0.902228980560269
2025-09-09,-0.9021848250061141
2025-09-10,-0.9021554761232068
2025-09-11,-0.9021358337817125
2025-09-12,-0.9021226232039592
2025-09-15,-0.9021137078139331
2025-09-16,-0.9021076767632001
2025-09-17,-0.9021035901954636
2025-09-18,-0.9021008180630482
2025-09-19,-0.9020989361293965
2025-09-22,-0.9020976578567267
2025-09-23,-0.9020967892987889
2025-09-24,-0.9020961989883729
2025-09-25,-0.9020957977203736
2025-09-26,-0.9020955249244321
2025-09-29,-0.9020953394539387
2025-09-30,-0.9020952133482819
2025-10-01,-0.9030370399892408
2025-10-02,-0.9026965648941959
2025-10-03,-0.9024856927197856
2025-10-06,-0.9023522238510533
2025-10-07,-0.9022661764448535
2025-10-08,-0.9022098822844591
2025-10-09,-0.9021726405440714
2025-10-10,-0.902147800296179
2025-10-13,-0.9021311340735837
2025-10-14,-0.9021199055576744
2025-10-15,-0.9021123186254388
2025-10-16,-0.9021071819612366
2025-10-17,-0.9021036994245873
2025-10-20,-0.9021013361114081
2025-10-21,-0.9020997312854081
2025-10-22,-0.9020986410343879
2025-10-23,-0.9020979001407486
2025-10-24,-0.9020973965539439
2025-10-27,-0.9020970542172226
2025-10-28,-0.9020968214756742
2025-10-29,-0.9020966632334262
2025-10-30,-0.9020965556389243
2025-10-31,-0.9020964824794273
