"Date","Price","Open","High","Low","Change %"
"09/19/2025","4.397","4.389","4.409","4.385","0.26%"
"09/18/2025","4.386","4.295","4.386","4.287","1.93%"
"09/17/2025","4.303","4.321","4.328","4.289","-0.41%"
"09/16/2025","4.321","4.317","4.341","4.282","0.17%"
"09/15/2025","4.314","4.343","4.343","4.307","-0.24%"
"09/12/2025","4.324","4.274","4.329","4.260","1.00%"
"09/11/2025","4.281","4.324","4.329","4.262","-1.03%"
"09/10/2025","4.326","4.340","4.349","4.322","-0.17%"
"09/09/2025","4.333","4.329","4.354","4.325","-0.08%"
"09/08/2025","4.336","4.370","4.376","4.321","-0.99%"
"09/05/2025","4.380","4.380","4.400","4.346","-0.58%"
"09/04/2025","4.405","4.445","4.450","4.382","-1.08%"
"09/03/2025","4.453","4.496","4.523","4.447","-1.07%"
"09/02/2025","4.501","4.474","4.523","4.467","1.16%"
"09/01/2025","4.450","4.457","4.462","4.421","0.52%"
"08/29/2025","4.427","4.391","4.430","4.378","1.06%"
"08/28/2025","4.380","4.410","4.424","4.378","-1.22%"
"08/27/2025","4.434","4.391","4.449","4.373","0.82%"
"08/26/2025","4.398","4.400","4.427","4.380","0.40%"
"08/25/2025","4.381","4.326","4.387","4.324","1.76%"
"08/22/2025","4.305","4.337","4.344","4.280","-0.68%"
"08/21/2025","4.334","4.280","4.336","4.273","1.15%"
"08/20/2025","4.285","4.307","4.311","4.279","-0.55%"
"08/19/2025","4.309","4.328","4.344","4.297","-0.26%"
"08/18/2025","4.320","4.325","4.331","4.267","-0.24%"
"08/15/2025","4.330","4.229","4.330","4.226","2.43%"
"08/14/2025","4.227","4.180","4.228","4.154","1.08%"
"08/13/2025","4.182","4.244","4.246","4.178","-1.82%"
"08/12/2025","4.260","4.189","4.272","4.185","1.84%"
"08/11/2025","4.183","4.148","4.189","4.125","0.49%"
"08/08/2025","4.162","4.119","4.173","4.111","1.28%"
"08/07/2025","4.110","4.143","4.160","4.106","-0.71%"
"08/06/2025","4.139","4.101","4.150","4.100","1.07%"
"08/05/2025","4.095","4.088","4.126","4.059","0.13%"
"08/04/2025","4.090","4.166","4.191","4.089","-1.66%"
"08/01/2025","4.159","4.181","4.198","4.114","0.65%"
"07/31/2025","4.132","4.119","4.153","4.119","-0.60%"
"07/30/2025","4.157","4.143","4.173","4.129","0.17%"
"07/29/2025","4.150","4.164","4.183","4.137","-0.14%"
"07/28/2025","4.156","4.169","4.174","4.140","-0.46%"
"07/25/2025","4.175","4.199","4.235","4.175","0.05%"
"07/24/2025","4.173","4.155","4.187","4.144","1.56%"
"07/23/2025","4.109","4.118","4.129","4.100","0.42%"
"07/22/2025","4.092","4.131","4.147","4.082","-0.63%"
"07/21/2025","4.118","4.176","4.196","4.111","-2.37%"
"07/18/2025","4.218","4.200","4.228","4.199","0.50%"
"07/17/2025","4.197","4.213","4.244","4.188","-0.36%"
"07/16/2025","4.212","4.209","4.229","4.181","-0.07%"
"07/15/2025","4.215","4.228","4.236","4.172","-0.71%"
"07/14/2025","4.245","4.206","4.251","4.200","1.00%"
"07/11/2025","4.203","4.175","4.216","4.173","0.26%"
"07/10/2025","4.192","4.130","4.194","4.126","1.21%"
"07/09/2025","4.142","4.131","4.147","4.112","0.12%"
"07/08/2025","4.137","4.102","4.164","4.102","1.10%"
"07/07/2025","4.092","4.043","4.102","4.036","1.04%"
"07/04/2025","4.050","4.027","4.057","4.011","0.46%"
"07/03/2025","4.031","4.072","4.072","4.030","-0.87%"
"07/02/2025","4.067","4.018","4.101","4.010","1.40%"
"07/01/2025","4.011","4.026","4.030","3.983","-1.11%"
"06/30/2025","4.056","4.032","4.061","4.013","0.86%"
"06/27/2025","4.022","4.023","4.071","4.017","-0.20%"
"06/26/2025","4.030","3.994","4.051","3.988","0.31%"
"06/25/2025","4.017","3.992","4.046","3.958","0.32%"
"06/24/2025","4.004","3.968","4.051","3.961","0.97%"
"06/23/2025","3.966","4.034","4.035","3.958","-0.36%"
"06/20/2025","3.980","3.966","4.016","3.962","-0.61%"
"06/19/2025","4.004","3.982","4.009","3.976","1.47%"
"06/18/2025","3.947","3.984","4.018","3.947","-0.83%"
"06/17/2025","3.980","4.015","4.021","3.949","0.26%"
"06/16/2025","3.969","3.996","4.044","3.956","-0.53%"
"06/13/2025","3.990","3.900","3.997","3.891","1.84%"
"06/12/2025","3.918","3.975","3.978","3.919","-1.38%"
"06/11/2025","3.973","3.941","3.983","3.937","1.15%"
"06/10/2025","3.928","3.957","3.962","3.918","-0.82%"
"06/09/2025","3.961","3.957","3.997","3.897","0.25%"
"06/06/2025","3.951","3.973","3.978","3.929","-0.84%"
"06/05/2025","3.984","3.960","3.996","3.906","0.59%"
"06/04/2025","3.961","3.964","3.981","3.951","0.04%"
"06/03/2025","3.959","3.918","3.963","3.915","0.05%"
"06/02/2025","3.957","3.950","3.991","3.938","0.87%"
"05/30/2025","3.923","3.939","3.973","3.926","-0.25%"
"05/29/2025","3.933","3.999","4.023","3.937","-1.13%"
"05/28/2025","3.978","3.973","3.991","3.954","0.63%"
"05/27/2025","3.953","3.988","3.990","3.948","-1.27%"
"05/26/2025","4.004","4.060","4.077","4.005","-1.33%"
"05/23/2025","4.058","4.085","4.089","4.029","-0.88%"
"05/22/2025","4.094","4.102","4.137","4.091","0.60%"
"05/21/2025","4.069","4.056","4.105","4.036","1.33%"
"05/20/2025","4.016","3.959","4.043","3.956","0.97%"
"05/19/2025","3.977","3.990","4.056","3.970","0.10%"
"05/16/2025","3.974","3.980","3.985","3.938","-0.80%"
"05/15/2025","4.005","4.090","4.091","4.009","-2.09%"
"05/14/2025","4.091","4.070","4.096","4.048","0.71%"
"05/13/2025","4.062","4.034","4.069","4.034","0.98%"
"05/12/2025","4.023","4.017","4.033","4.011","0.69%"
"05/09/2025","3.995","3.992","4.028","3.985","0.71%"
"05/08/2025","3.967","3.926","3.972","3.917","1.19%"
"05/07/2025","3.921","4.000","4.003","3.922","-1.85%"
"05/06/2025","3.994","4.002","4.021","3.983","0.63%"
"05/05/2025","3.970","3.973","3.986","3.948","0.18%"
"05/02/2025","3.963","3.919","3.970","3.901","1.89%"
"04/30/2025","3.889","3.944","3.944","3.889","-1.42%"
"04/29/2025","3.945","3.942","3.963","3.934","-0.19%"
"04/28/2025","3.953","3.920","3.973","3.912","1.40%"
"04/25/2025","3.898","3.894","3.908","3.880","0.57%"
"04/24/2025","3.876","3.940","3.944","3.875","-1.50%"
"04/23/2025","3.935","3.930","3.953","3.908","0.60%"
"04/22/2025","3.911","3.974","3.976","3.911","-1.02%"
"04/17/2025","3.952","3.984","4.005","3.939","-0.16%"
"04/16/2025","3.958","3.929","3.964","3.914","-0.01%"
"04/15/2025","3.959","3.905","3.984","3.903","0.99%"
"04/14/2025","3.920","3.945","3.962","3.909","-0.85%"
"04/11/2025","3.954","4.010","4.057","3.947","-1.20%"
"04/10/2025","4.002","4.060","4.108","3.989","-1.34%"
"04/09/2025","4.056","4.186","4.191","4.039","-0.31%"
"04/08/2025","4.069","4.090","4.108","4.020","-0.53%"
"04/07/2025","4.090","4.028","4.102","3.941","2.12%"
"04/04/2025","4.005","4.020","4.020","3.948","-0.92%"
"04/03/2025","4.042","4.019","4.060","4.009","-0.14%"
"04/02/2025","4.048","4.030","4.068","4.009","0.82%"
"04/01/2025","4.015","4.064","4.069","4.001","-1.56%"
"03/31/2025","4.078","4.042","4.096","4.034","-0.06%"
"03/28/2025","4.081","4.076","4.097","4.045","-0.52%"
"03/27/2025","4.102","4.104","4.130","4.087","-0.21%"
"03/26/2025","4.110","4.102","4.129","4.089","0.38%"
"03/25/2025","4.095","4.100","4.130","4.093","0.39%"
"03/24/2025","4.079","4.091","4.109","4.068","0.11%"
"03/21/2025","4.075","4.079","4.084","4.055","0.12%"
"03/20/2025","4.069","4.028","4.074","4.028","0.74%"
"03/19/2025","4.040","4.049","4.062","4.026","-0.80%"
"03/18/2025","4.072","4.060","4.109","4.059","0.67%"
"03/17/2025","4.045","4.134","4.145","4.040","-2.41%"
"03/14/2025","4.145","4.145","4.188","4.125","0.46%"
"03/13/2025","4.126","4.123","4.158","4.113","0.56%"
"03/12/2025","4.103","4.132","4.151","4.095","-0.75%"
"03/11/2025","4.134","4.110","4.147","4.095","1.01%"
"03/10/2025","4.093","4.106","4.107","4.054","0.11%"
"03/07/2025","4.088","4.063","4.095","4.029","0.43%"
"03/06/2025","4.070","4.105","4.143","4.062","0.95%"
"03/05/2025","4.032","4.037","4.049","3.932","4.56%"
"03/04/2025","3.856","3.786","3.864","3.765","1.15%"
"03/03/2025","3.812","3.760","3.846","3.758","2.27%"
"02/28/2025","3.727","3.712","3.741","3.693","-0.07%"
"02/27/2025","3.730","3.714","3.761","3.712","0.16%"
"02/26/2025","3.724","3.766","3.768","3.715","-0.96%"
"02/25/2025","3.760","3.797","3.804","3.753","-0.71%"
"02/24/2025","3.787","3.793","3.807","3.761","0.37%"
"02/21/2025","3.773","3.814","3.814","3.770","-1.23%"
"02/20/2025","3.820","3.812","3.835","3.808","0.10%"
"02/19/2025","3.816","3.764","3.819","3.756","2.03%"
"02/18/2025","3.740","3.777","3.783","3.736","-0.40%"
"02/17/2025","3.755","3.753","3.783","3.746","1.54%"
"02/14/2025","3.698","3.685","3.707","3.676","0.14%"
"02/13/2025","3.693","3.765","3.771","3.682","-2.17%"
"02/12/2025","3.775","3.752","3.789","3.734","0.69%"
"02/11/2025","3.749","3.691","3.761","3.688","2.18%"
"02/10/2025","3.669","3.669","3.686","3.655","0.19%"
"02/07/2025","3.662","3.651","3.689","3.634","0.27%"
"02/06/2025","3.652","3.655","3.688","3.634","0.22%"
"02/05/2025","3.644","3.671","3.679","3.612","-1.33%"
"02/04/2025","3.693","3.720","3.725","3.689","-0.11%"
"02/03/2025","3.697","3.780","3.787","3.668","-2.27%"
"01/31/2025","3.783","3.849","3.852","3.770","-1.20%"
"01/30/2025","3.829","3.852","3.855","3.818","-1.06%"
"01/29/2025","3.870","3.805","3.872","3.804","0.89%"
"01/28/2025","3.836","3.827","3.839","3.810","0.58%"
"01/27/2025","3.814","3.812","3.835","3.788","-0.75%"
"01/24/2025","3.843","3.829","3.866","3.825","0.03%"
"01/23/2025","3.842","3.809","3.869","3.806","0.84%"
"01/22/2025","3.810","3.821","3.821","3.774","-0.13%"
"01/21/2025","3.815","3.832","3.844","3.806","-0.68%"
"01/20/2025","3.841","3.847","3.879","3.839","-0.36%"
"01/17/2025","3.855","3.886","3.887","3.828","-0.72%"
"01/16/2025","3.883","3.886","3.933","3.879","0.03%"
"01/15/2025","3.882","3.974","3.982","3.865","-2.63%"
"01/14/2025","3.987","3.955","3.993","3.935","0.66%"
"01/13/2025","3.961","3.970","3.987","3.949","0.41%"
"01/10/2025","3.945","3.945","3.967","3.928","0.41%"
"01/09/2025","3.929","3.913","3.951","3.909","0.61%"
"01/08/2025","3.905","3.833","3.909","3.832","1.91%"
"01/07/2025","3.832","3.807","3.844","3.786","1.30%"
"01/06/2025","3.783","3.824","3.829","3.781","-0.92%"
"01/03/2025","3.818","3.770","3.829","3.750","1.11%"
"01/02/2025","3.776","3.740","3.776","3.714","1.21%"
"12/31/2024","3.731","3.731","3.731","3.731","-0.05%"
"12/30/2024","3.733","3.747","3.760","3.714","-0.29%"
"12/27/2024","3.744","3.701","3.764","3.701","1.82%"
"12/24/2024","3.677","3.677","3.677","3.677","-0.03%"
"12/23/2024","3.678","3.665","3.681","3.638","1.41%"
"12/20/2024","3.627","3.650","3.686","3.625","-0.58%"
"12/19/2024","3.648","3.649","3.660","3.613","1.53%"
"12/18/2024","3.593","3.570","3.608","3.570","0.62%"
"12/17/2024","3.571","3.603","3.607","3.561","-0.50%"
"12/16/2024","3.589","3.598","3.605","3.563","0.36%"
"12/13/2024","3.576","3.535","3.579","3.527","1.19%"
"12/12/2024","3.534","3.483","3.534","3.458","2.14%"
"12/11/2024","3.460","3.427","3.469","3.401","1.26%"
"12/10/2024","3.417","3.396","3.429","3.381","0.47%"
"12/09/2024","3.401","3.371","3.404","3.363","0.41%"
"12/06/2024","3.387","3.378","3.403","3.342","-0.41%"
"12/05/2024","3.401","3.430","3.432","3.379","-0.73%"
"12/04/2024","3.426","3.461","3.462","3.418","0.12%"
"12/03/2024","3.422","3.454","3.469","3.412","-0.98%"
"12/02/2024","3.456","3.463","3.467","3.390","0.93%"
"11/29/2024","3.424","3.457","3.483","3.423","-1.30%"
"11/28/2024","3.469","3.534","3.539","3.467","-1.56%"
"11/27/2024","3.524","3.552","3.577","3.519","-1.04%"
"11/26/2024","3.561","3.557","3.572","3.533","0.11%"
"11/25/2024","3.557","3.558","3.596","3.529","-0.53%"
"11/22/2024","3.576","3.610","3.626","3.543","-0.80%"
"11/21/2024","3.605","3.601","3.618","3.574","0.75%"
"11/20/2024","3.578","3.585","3.619","3.571","0.39%"
"11/19/2024","3.564","3.553","3.572","3.500","-0.56%"
"11/18/2024","3.584","3.565","3.615","3.565","0.14%"
"11/15/2024","3.579","3.590","3.598","3.552","0.06%"
"11/14/2024","3.577","3.644","3.650","3.575","-0.86%"
"11/13/2024","3.608","3.655","3.657","3.588","-0.44%"
"11/12/2024","3.624","3.590","3.624","3.559","0.95%"
"11/11/2024","3.590","3.590","3.625","3.566","-1.18%"
"11/08/2024","3.633","3.724","3.731","3.623","-2.78%"
"11/07/2024","3.737","3.706","3.806","3.699","0.89%"
"11/06/2024","3.704","3.645","3.726","3.609","2.01%"
"11/05/2024","3.631","3.631","3.670","3.621","0.25%"
"11/04/2024","3.622","3.664","3.686","3.613","-1.60%"
"11/01/2024","3.681","3.617","3.685","3.616","1.46%"
"10/31/2024","3.628","3.672","3.693","3.614","-0.52%"
"10/30/2024","3.647","3.626","3.680","3.604","-0.63%"
"10/29/2024","3.670","3.612","3.672","3.611","1.41%"
"10/28/2024","3.619","3.687","3.690","3.592","-0.74%"
"10/25/2024","3.646","3.589","3.647","3.585","1.11%"
"10/24/2024","3.606","3.641","3.646","3.586","-1.50%"
"10/23/2024","3.661","3.663","3.691","3.654","-0.11%"
"10/22/2024","3.665","3.659","3.683","3.631","0.96%"
"10/21/2024","3.630","3.532","3.631","3.530","3.07%"
"10/18/2024","3.522","3.571","3.585","3.514","-1.01%"
"10/17/2024","3.558","3.535","3.572","3.532","1.25%"
"10/16/2024","3.514","3.537","3.543","3.506","-1.10%"
"10/15/2024","3.553","3.570","3.585","3.549","-1.82%"
"10/14/2024","3.619","3.626","3.634","3.607","-0.17%"
"10/11/2024","3.625","3.601","3.661","3.593","0.44%"
"10/10/2024","3.609","3.619","3.630","3.598","0.03%"
"10/09/2024","3.608","3.590","3.619","3.581","0.36%"
"10/08/2024","3.595","3.586","3.622","3.585","-0.06%"
"10/07/2024","3.597","3.583","3.608","3.570","0.59%"
"10/04/2024","3.576","3.582","3.602","3.566","0.25%"
"10/03/2024","3.567","3.532","3.584","3.527","1.68%"
"10/02/2024","3.508","3.474","3.536","3.470","1.59%"
"10/01/2024","3.453","3.555","3.558","3.412","-3.28%"
"09/30/2024","3.570","3.580","3.613","3.541","0.06%"
"09/27/2024","3.568","3.586","3.602","3.523","-1.14%"
"09/26/2024","3.609","3.588","3.621","3.569","0.06%"
"09/25/2024","3.607","3.539","3.614","3.532","1.35%"
"09/24/2024","3.559","3.557","3.623","3.548","-0.53%"
"09/23/2024","3.578","3.569","3.602","3.559","0.34%"
"09/20/2024","3.566","3.525","3.578","3.509","0.56%"
"09/19/2024","3.546","3.523","3.569","3.509","1.40%"
"09/18/2024","3.497","3.422","3.505","3.418","2.13%"
"09/17/2024","3.424","3.425","3.435","3.391","0.23%"
"09/16/2024","3.416","3.426","3.443","3.409","-0.52%"
"09/13/2024","3.434","3.414","3.450","3.408","-0.09%"
"09/12/2024","3.437","3.419","3.446","3.394","0.73%"
"09/11/2024","3.412","3.417","3.446","3.389","-0.47%"
"09/10/2024","3.428","3.456","3.477","3.427","-0.58%"
"09/09/2024","3.448","3.488","3.521","3.444","0.12%"
"09/06/2024","3.444","3.439","3.464","3.401","-0.38%"
"09/05/2024","3.457","3.478","3.515","3.452","-0.86%"
"09/04/2024","3.487","3.522","3.539","3.478","-1.58%"
"09/03/2024","3.543","3.590","3.612","3.517","-1.25%"
"09/02/2024","3.588","3.614","3.622","3.585","0.50%"
"08/30/2024","3.570","3.563","3.574","3.530","0.25%"
"08/29/2024","3.561","3.557","3.573","3.510","0.42%"
"08/28/2024","3.546","3.556","3.559","3.509","-0.70%"
"08/27/2024","3.571","3.516","3.593","3.510","1.85%"
"08/26/2024","3.506","3.475","3.524","3.474","0.63%"
"08/23/2024","3.484","3.503","3.520","3.477","-0.37%"
"08/22/2024","3.497","3.452","3.502","3.452","1.36%"
"08/21/2024","3.450","3.469","3.484","3.448","-0.49%"
"08/20/2024","3.467","3.501","3.501","3.462","-0.86%"
"08/19/2024","3.497","3.486","3.513","3.459","-0.29%"
"08/16/2024","3.507","3.480","3.512","3.466","-0.17%"
"08/15/2024","3.513","3.456","3.519","3.442","1.44%"
"08/14/2024","3.463","3.453","3.504","3.453","-0.03%"
"08/13/2024","3.464","3.507","3.511","3.451","-1.09%"
"08/12/2024","3.502","3.509","3.524","3.497","0.06%"
"08/09/2024","3.500","3.534","3.537","3.488","-1.21%"
"08/08/2024","3.543","3.523","3.558","3.506","0.31%"
"08/07/2024","3.532","3.476","3.548","3.474","1.96%"
"08/06/2024","3.464","3.497","3.511","3.431","-1.17%"
"08/05/2024","3.505","3.476","3.520","3.458","0.14%"
"08/02/2024","3.500","3.521","3.526","3.476","-0.26%"
"08/01/2024","3.509","3.526","3.546","3.488","-0.43%"
"07/31/2024","3.524","3.576","3.583","3.519","-1.73%"
"07/30/2024","3.586","3.591","3.606","3.559","-0.14%"
"07/29/2024","3.591","3.632","3.632","3.559","-1.32%"
"07/26/2024","3.639","3.660","3.695","3.624","0.03%"
"07/25/2024","3.638","3.692","3.692","3.634","-0.79%"
"07/24/2024","3.667","3.632","3.672","3.624","1.19%"
"07/23/2024","3.624","3.637","3.650","3.605","-0.30%"
"07/22/2024","3.635","3.613","3.641","3.604","0.22%"
"07/19/2024","3.627","3.603","3.632","3.570","1.40%"
"07/18/2024","3.577","3.549","3.588","3.546","0.65%"
"07/17/2024","3.554","3.562","3.572","3.551","-0.45%"
"07/16/2024","3.570","3.577","3.585","3.557","-0.64%"
"07/15/2024","3.593","3.654","3.654","3.588","-1.05%"
"07/12/2024","3.631","3.631","3.654","3.619","0.69%"
"07/11/2024","3.606","3.643","3.666","3.582","-0.99%"
"07/10/2024","3.642","3.666","3.666","3.612","-1.57%"
"07/09/2024","3.700","3.619","3.709","3.618","2.38%"
"07/08/2024","3.614","3.697","3.700","3.610","-1.12%"
"07/05/2024","3.655","3.705","3.707","3.643","-1.54%"
"07/04/2024","3.712","3.736","3.736","3.706","0.05%"
"07/03/2024","3.710","3.774","3.776","3.692","-1.96%"
"07/02/2024","3.784","3.802","3.832","3.746","-0.32%"
"07/01/2024","3.796","3.727","3.802","3.713","1.58%"
"06/28/2024","3.737","3.702","3.769","3.702","0.81%"
"06/27/2024","3.707","3.686","3.717","3.677","0.84%"
"06/26/2024","3.676","3.633","3.678","3.615","1.83%"
"06/25/2024","3.610","3.625","3.647","3.589","-0.93%"
"06/24/2024","3.644","3.641","3.650","3.616","-0.08%"
"06/21/2024","3.647","3.604","3.658","3.571","0.75%"
"06/20/2024","3.620","3.632","3.645","3.598","0.33%"
"06/19/2024","3.608","3.585","3.619","3.562","1.15%"
"06/18/2024","3.567","3.598","3.607","3.541","-1.14%"
"06/17/2024","3.608","3.598","3.614","3.549","1.09%"
"06/14/2024","3.569","3.635","3.665","3.549","-1.82%"
"06/13/2024","3.635","3.627","3.666","3.599","0.92%"
"06/12/2024","3.602","3.654","3.691","3.585","-2.15%"
"06/11/2024","3.681","3.671","3.778","3.665","0.38%"
"06/10/2024","3.667","3.595","3.681","3.583","3.68%"
"06/07/2024","3.537","3.480","3.555","3.480","1.64%"
"06/06/2024","3.480","3.465","3.513","3.458","0.90%"
"06/05/2024","3.449","3.499","3.508","3.444","-1.34%"
"06/04/2024","3.496","3.530","3.535","3.454","-0.74%"
"06/03/2024","3.522","3.582","3.595","3.509","-2.11%"
"05/31/2024","3.598","3.615","3.654","3.574","-0.42%"
"05/30/2024","3.613","3.630","3.636","3.606","-0.41%"
"05/29/2024","3.628","3.573","3.629","3.544","2.66%"
"05/28/2024","3.534","3.487","3.536","3.470","1.49%"
"05/27/2024","3.482","3.498","3.526","3.466","-0.83%"
"05/24/2024","3.511","3.521","3.528","3.495","-0.23%"
"05/23/2024","3.519","3.487","3.530","3.466","0.63%"
"05/22/2024","3.497","3.505","3.509","3.476","0.78%"
"05/21/2024","3.470","3.484","3.496","3.453","-0.49%"
"05/20/2024","3.487","3.497","3.499","3.468","0.29%"
"05/17/2024","3.477","3.450","3.481","3.439","1.67%"
"05/16/2024","3.420","3.385","3.424","3.381","0.56%"
"05/15/2024","3.401","3.485","3.496","3.398","-3.46%"
"05/14/2024","3.523","3.483","3.529","3.461","1.21%"
"05/13/2024","3.481","3.471","3.497","3.452","-0.20%"
"05/10/2024","3.488","3.433","3.492","3.428","0.66%"
"05/09/2024","3.465","3.426","3.483","3.421","1.46%"
"05/08/2024","3.415","3.395","3.428","3.381","1.28%"
"05/07/2024","3.372","3.404","3.415","3.370","-1.66%"
"05/06/2024","3.429","3.442","3.442","3.394","-0.55%"
"05/03/2024","3.448","3.465","3.487","3.414","-0.75%"
"05/02/2024","3.474","3.483","3.514","3.454","-0.83%"
"05/01/2024","3.503","3.477","3.503","3.503","-0.06%"
"04/30/2024","3.505","3.477","3.534","3.465","0.69%"
"04/29/2024","3.481","3.520","3.525","3.463","-0.91%"
"04/26/2024","3.513","3.545","3.556","3.492","-1.68%"
"04/25/2024","3.573","3.552","3.587","3.530","0.73%"
"04/24/2024","3.547","3.493","3.561","3.466","2.48%"
"04/23/2024","3.461","3.428","3.470","3.405","0.67%"
"04/22/2024","3.438","3.462","3.484","3.433","-0.03%"
"04/19/2024","3.439","3.402","3.456","3.398","-0.17%"
"04/18/2024","3.445","3.384","3.450","3.384","0.47%"
"04/17/2024","3.429","3.452","3.459","3.403","-0.81%"
"04/16/2024","3.457","3.417","3.488","3.416","1.05%"
"04/15/2024","3.421","3.357","3.423","3.341","2.86%"
"04/12/2024","3.326","3.385","3.388","3.277","-2.12%"
"04/11/2024","3.398","3.389","3.428","3.350","1.16%"
"04/10/2024","3.359","3.312","3.375","3.302","1.21%"
"04/09/2024","3.319","3.378","3.391","3.309","-2.30%"
"04/08/2024","3.397","3.440","3.442","3.388","-0.23%"
"04/05/2024","3.405","3.355","3.410","3.346","1.34%"
"04/04/2024","3.360","3.388","3.405","3.340","-1.41%"
"04/03/2024","3.408","3.417","3.445","3.384","-0.58%"
"04/02/2024","3.428","3.375","3.442","3.337","4.45%"
"04/01/2024","3.282","3.272","3.282","3.282","0.12%"
"03/29/2024","3.278","3.272","3.278","3.278","0.00%"
"03/28/2024","3.278","3.272","3.307","3.264","0.46%"
"03/27/2024","3.263","3.284","3.304","3.257","-1.18%"
"03/26/2024","3.302","3.298","3.314","3.276","-0.30%"
"03/25/2024","3.312","3.273","3.320","3.272","1.28%"
"03/22/2024","3.270","3.314","3.325","3.265","-1.57%"
"03/21/2024","3.322","3.338","3.360","3.305","-0.45%"
"03/20/2024","3.337","3.330","3.337","3.307","-0.54%"
"03/19/2024","3.355","3.335","3.357","3.318","0.57%"
"03/18/2024","3.336","3.314","3.352","3.314","0.51%"
"03/15/2024","3.319","3.335","3.346","3.301","-0.18%"
"03/14/2024","3.325","3.289","3.329","3.244","1.93%"
"03/13/2024","3.262","3.201","3.278","3.201","0.77%"
"03/12/2024","3.237","3.234","3.250","3.190","0.15%"
"03/11/2024","3.232","3.201","3.248","3.173","0.75%"
"03/08/2024","3.208","3.198","3.212","3.173","0.03%"
"03/07/2024","3.207","3.261","3.261","3.154","-1.11%"
"03/06/2024","3.243","3.253","3.280","3.234","-0.06%"
"03/05/2024","3.245","3.306","3.310","3.216","-2.64%"
"03/04/2024","3.333","3.362","3.369","3.319","-0.95%"
"03/01/2024","3.365","3.366","3.404","3.334","1.14%"
"02/29/2024","3.327","3.374","3.427","3.322","-1.74%"
"02/28/2024","3.386","3.402","3.411","3.378","-0.47%"
"02/27/2024","3.402","3.360","3.403","3.336","1.25%"
"02/26/2024","3.360","3.317","3.360","3.309","2.44%"
"02/23/2024","3.280","3.343","3.369","3.278","-1.97%"
"02/22/2024","3.346","3.401","3.430","3.317","-1.47%"
"02/21/2024","3.396","3.360","3.398","3.326","1.83%"
"02/20/2024","3.335","3.362","3.365","3.320","-0.98%"
"02/19/2024","3.368","3.332","3.373","3.331","1.05%"
"02/16/2024","3.333","3.356","3.369","3.328","0.15%"
"02/15/2024","3.328","3.290","3.329","3.268","0.24%"
"02/14/2024","3.320","3.378","3.382","3.314","-1.69%"
"02/13/2024","3.377","3.402","3.417","3.343","-0.41%"
"02/12/2024","3.391","3.394","3.398","3.389","-0.91%"
"02/09/2024","3.422","3.429","3.443","3.371","0.09%"
"02/08/2024","3.419","3.403","3.427","3.368","0.65%"
"02/07/2024","3.397","3.362","3.398","3.345","0.95%"
"02/06/2024","3.365","3.357","3.394","3.341","0.00%"
"02/05/2024","3.365","3.312","3.378","3.306","2.31%"
"02/02/2024","3.289","3.251","3.297","3.208","2.30%"
"02/01/2024","3.215","3.290","3.303","3.199","-0.71%"
"01/31/2024","3.238","3.278","3.296","3.229","-2.65%"
"01/30/2024","3.326","3.252","3.351","3.250","1.00%"
"01/29/2024","3.293","3.300","3.323","3.285","-1.20%"
"01/26/2024","3.333","3.282","3.356","3.280","0.21%"
"01/25/2024","3.326","3.366","3.385","3.311","-1.01%"
"01/24/2024","3.360","3.339","3.360","3.305","-0.09%"
"01/23/2024","3.363","3.311","3.368","3.305","2.34%"
"01/22/2024","3.286","3.283","3.303","3.261","-0.99%"
"01/19/2024","3.319","3.335","3.339","3.294","-0.98%"
"01/18/2024","3.352","3.306","3.354","3.299","1.39%"
"01/17/2024","3.306","3.329","3.334","3.266","0.55%"
"01/16/2024","3.288","3.280","3.296","3.240","0.34%"
"01/15/2024","3.277","3.251","3.291","3.243","1.52%"
"01/12/2024","3.228","3.216","3.259","3.184","-1.13%"
"01/11/2024","3.265","3.239","3.271","3.196","0.03%"
"01/10/2024","3.264","3.249","3.267","3.205","0.46%"
"01/09/2024","3.249","3.232","3.278","3.220","1.79%"
"01/08/2024","3.192","3.233","3.273","3.175","-0.34%"
"01/05/2024","3.203","3.204","3.273","3.169","0.44%"
"01/04/2024","3.189","3.090","3.226","3.078","2.44%"
"01/03/2024","3.113","3.174","3.197","3.106","-1.11%"
"01/02/2024","3.148","3.162","3.194","3.119","1.58%"
"12/29/2023","3.099","3.003","3.111","2.986","3.09%"
"12/28/2023","3.006","2.950","3.021","2.937","2.56%"
"12/27/2023","2.931","2.996","3.003","2.931","-2.53%"
"12/26/2023","3.007","2.998","3.007","3.007","0.00%"
"12/25/2023","3.007","2.998","3.007","3.007","-0.17%"
"12/22/2023","3.012","2.998","3.018","2.966","1.45%"
"12/21/2023","2.969","2.966","3.002","2.936","0.13%"
"12/20/2023","2.965","2.988","3.009","2.951","-1.50%"
"12/19/2023","3.010","3.061","3.066","3.007","-2.97%"
"12/18/2023","3.102","3.070","3.113","3.026","1.81%"
"12/15/2023","3.047","3.177","3.177","3.027","-3.09%"
"12/14/2023","3.144","3.112","3.199","3.077","-1.29%"
"12/13/2023","3.185","3.216","3.224","3.176","-1.48%"
"12/12/2023","3.233","3.247","3.264","3.209","-1.97%"
"12/11/2023","3.298","3.292","3.309","3.273","0.15%"
"12/08/2023","3.293","3.234","3.340","3.231","2.39%"
"12/07/2023","3.216","3.230","3.246","3.167","0.25%"
"12/06/2023","3.208","3.292","3.327","3.206","-2.28%"
"12/05/2023","3.283","3.391","3.421","3.276","-4.84%"
"12/04/2023","3.450","3.485","3.506","3.413","-1.17%"
"12/01/2023","3.491","3.555","3.573","3.480","-1.99%"
"11/30/2023","3.562","3.520","3.608","3.505","0.68%"
"11/29/2023","3.538","3.537","3.577","3.515","-1.42%"
"11/28/2023","3.589","3.591","3.651","3.571","-0.39%"
"11/27/2023","3.603","3.655","3.682","3.595","-1.69%"
"11/24/2023","3.665","3.668","3.703","3.645","0.49%"
"11/23/2023","3.647","3.596","3.661","3.589","1.70%"
"11/22/2023","3.586","3.655","3.659","3.559","-0.77%"
"11/21/2023","3.614","3.609","3.650","3.592","-1.39%"
"11/20/2023","3.665","3.680","3.694","3.634","-0.19%"
"11/17/2023","3.672","3.663","3.680","3.596","-0.14%"
"11/16/2023","3.677","3.688","3.709","3.641","-1.18%"
"11/15/2023","3.721","3.667","3.729","3.623","1.67%"
"11/14/2023","3.660","3.778","3.790","3.652","-3.28%"
"11/13/2023","3.784","3.805","3.830","3.754","-0.60%"
"11/10/2023","3.807","3.816","3.853","3.781","1.25%"
"11/09/2023","3.760","3.699","3.769","3.679","1.68%"
"11/08/2023","3.698","3.776","3.795","3.686","-2.09%"
"11/07/2023","3.777","3.907","3.919","3.773","-2.88%"
"11/06/2023","3.889","3.829","3.894","3.821","2.50%"
"11/03/2023","3.794","3.884","3.898","3.783","-2.44%"
"11/02/2023","3.889","3.944","3.981","3.859","-2.46%"
"11/01/2023","3.987","4.059","4.076","3.952","-0.67%"
"10/31/2023","4.014","3.976","4.021","3.945","0.02%"
"10/30/2023","4.013","4.002","4.062","3.979","-0.50%"
"10/27/2023","4.033","4.032","4.052","4.011","0.05%"
"10/26/2023","4.031","4.085","4.103","3.994","-0.52%"
"10/25/2023","4.052","3.942","4.063","3.937","1.89%"
"10/24/2023","3.977","3.934","3.981","3.875","0.28%"
"10/23/2023","3.966","4.034","4.095","3.954","-1.02%"
"10/20/2023","4.007","4.032","4.055","3.990","0.40%"
"10/19/2023","3.991","4.045","4.052","3.973","-0.55%"
"10/18/2023","4.013","3.974","4.034","3.945","1.08%"
"10/17/2023","3.970","3.941","3.997","3.888","1.66%"
"10/16/2023","3.905","3.872","3.925","3.865","1.61%"
"10/13/2023","3.843","3.890","3.899","3.795","-0.49%"
"10/12/2023","3.862","3.752","3.876","3.741","1.69%"
"10/11/2023","3.798","3.909","3.921","3.786","-2.67%"
"10/10/2023","3.902","3.939","3.988","3.901","-0.91%"
"10/09/2023","3.938","4.021","4.052","3.928","-2.55%"
"10/06/2023","4.041","4.051","4.116","4.024","0.05%"
"10/05/2023","4.039","4.044","4.103","4.019","-0.10%"
"10/04/2023","4.043","4.150","4.166","4.036","-1.34%"
"10/03/2023","4.098","4.000","4.102","3.993","2.09%"
"10/02/2023","4.014","3.948","4.020","3.920","2.01%"
"09/29/2023","3.935","3.956","3.963","3.881","-1.48%"
"09/28/2023","3.994","3.927","4.053","3.920","1.99%"
"09/27/2023","3.916","3.883","3.924","3.840","0.95%"
"09/26/2023","3.879","3.880","3.897","3.834","0.36%"
"09/25/2023","3.865","3.786","3.877","3.774","2.85%"
"09/22/2023","3.758","3.723","3.793","3.690","0.75%"
"09/21/2023","3.730","3.756","3.772","3.710","0.76%"
"09/20/2023","3.702","3.729","3.750","3.697","-0.75%"
"09/19/2023","3.730","3.712","3.752","3.691","0.30%"
"09/18/2023","3.719","3.716","3.729","3.680","0.84%"
"09/15/2023","3.688","3.601","3.694","3.592","3.02%"
"09/14/2023","3.580","3.612","3.635","3.542","-1.32%"
"09/13/2023","3.628","3.658","3.681","3.619","-0.63%"
"09/12/2023","3.651","3.652","3.656","3.606","0.14%"
"09/11/2023","3.646","3.638","3.657","3.607","1.17%"
"09/08/2023","3.604","3.568","3.620","3.566","-0.28%"
"09/07/2023","3.614","3.640","3.657","3.601","-0.69%"
"09/06/2023","3.639","3.640","3.669","3.596","0.22%"
"09/05/2023","3.631","3.592","3.638","3.573","1.45%"
"09/04/2023","3.579","3.573","3.595","3.550","1.07%"
"09/03/2023","3.541","3.541","3.541","3.541","0.00%"
"09/02/2023","3.541","3.541","3.541","3.541","-0.62%"
"09/01/2023","3.563","3.478","3.566","3.464","3.01%"
"08/31/2023","3.459","3.536","3.556","3.453","-1.73%"
"08/30/2023","3.520","3.531","3.562","3.500","0.83%"
"08/29/2023","3.491","3.510","3.559","3.480","-1.33%"
"08/28/2023","3.538","3.516","3.569","3.503","0.73%"
"08/27/2023","3.513","3.513","3.513","3.513","0.00%"
"08/26/2023","3.513","3.513","3.513","3.513","-0.21%"
"08/25/2023","3.520","3.521","3.552","3.492","0.77%"
"08/24/2023","3.493","3.461","3.515","3.421","0.00%"
"08/23/2023","3.493","3.571","3.589","3.491","-2.95%"
"08/22/2023","3.599","3.681","3.686","3.591","-2.39%"
"08/21/2023","3.687","3.639","3.695","3.606","2.57%"
"08/20/2023","3.595","3.595","3.595","3.595","0.00%"
"08/19/2023","3.595","3.595","3.595","3.595","-0.32%"
"08/18/2023","3.606","3.591","3.626","3.561","-1.56%"
"08/17/2023","3.663","3.670","3.670","3.624","1.47%"
"08/16/2023","3.610","3.620","3.636","3.586","-0.28%"
"08/15/2023","3.620","3.609","3.682","3.602","0.86%"
"08/14/2023","3.589","3.579","3.607","3.555","0.28%"
"08/11/2023","3.579","3.547","3.595","3.530","2.32%"
"08/10/2023","3.498","3.489","3.509","3.457","0.98%"
"08/09/2023","3.464","3.437","3.493","3.423","0.58%"
"08/08/2023","3.444","3.510","3.520","3.410","-3.53%"
"08/07/2023","3.570","3.517","3.605","3.513","1.51%"
"08/04/2023","3.517","3.578","3.591","3.512","-1.12%"
"08/03/2023","3.557","3.559","3.597","3.519","0.54%"
"08/02/2023","3.538","3.516","3.538","3.479","0.14%"
"08/01/2023","3.533","3.441","3.535","3.440","2.44%"
"07/31/2023","3.449","3.488","3.500","3.442","-0.32%"
"07/28/2023","3.460","3.536","3.552","3.406","1.20%"
"07/27/2023","3.419","3.383","3.446","3.342","0.53%"
"07/26/2023","3.401","3.370","3.417","3.361","1.40%"
"07/25/2023","3.354","3.402","3.408","3.345","0.12%"
"07/24/2023","3.350","3.381","3.392","3.322","-0.42%"
"07/21/2023","3.364","3.379","3.407","3.349","-0.71%"
"07/20/2023","3.388","3.343","3.396","3.327","1.04%"
"07/19/2023","3.353","3.246","3.364","3.243","1.61%"
"07/18/2023","3.300","3.362","3.371","3.282","-2.57%"
"07/17/2023","3.387","3.399","3.423","3.350","-0.18%"
"07/16/2023","3.393","3.393","3.393","3.393","0.00%"
"07/15/2023","3.393","3.393","3.393","3.393","-0.35%"
"07/14/2023","3.405","3.400","3.421","3.368","0.18%"
"07/13/2023","3.399","3.462","3.463","3.375","-2.02%"
"07/12/2023","3.469","3.510","3.540","3.463","-2.06%"
"07/11/2023","3.542","3.506","3.552","3.478","0.11%"
"07/10/2023","3.538","3.543","3.576","3.514","0.74%"
"07/09/2023","3.512","3.512","3.512","3.512","0.00%"
"07/08/2023","3.512","3.512","3.512","3.512","-0.14%"
"07/07/2023","3.517","3.480","3.536","3.470","0.77%"
"07/06/2023","3.490","3.415","3.506","3.371","3.38%"
"07/05/2023","3.376","3.336","3.379","3.304","1.38%"
"07/04/2023","3.330","3.303","3.363","3.297","1.03%"
"07/03/2023","3.296","3.269","3.313","3.240","0.52%"
"06/30/2023","3.279","3.316","3.357","3.270","-0.82%"
"06/29/2023","3.306","3.256","3.336","3.226","2.19%"
"06/28/2023","3.235","3.279","3.288","3.217","-1.10%"
"06/27/2023","3.271","3.278","3.283","3.221","0.65%"
"06/26/2023","3.250","3.276","3.293","3.227","-0.76%"
"06/23/2023","3.275","3.320","3.384","3.256","-2.62%"
"06/22/2023","3.363","3.320","3.384","3.304","0.78%"
"06/21/2023","3.337","3.363","3.370","3.303","0.15%"
"06/20/2023","3.332","3.431","3.435","3.327","-3.31%"
"06/19/2023","3.446","3.357","3.458","3.348","2.01%"
"06/16/2023","3.378","3.481","3.502","3.361","-1.77%"
"06/15/2023","3.439","3.485","3.510","3.391","-0.38%"
"06/14/2023","3.452","3.465","3.475","3.422","0.49%"
"06/13/2023","3.435","3.409","3.443","3.358","0.47%"
"06/12/2023","3.419","3.402","3.432","3.353","0.46%"
"06/11/2023","3.404","3.404","3.404","3.404","0.00%"
"06/10/2023","3.404","3.404","3.404","3.404","0.00%"
"06/09/2023","3.404","3.454","3.475","3.396","-1.82%"
"06/08/2023","3.467","3.543","3.547","3.467","-1.03%"
"06/07/2023","3.503","3.425","3.512","3.408","1.68%"
"06/06/2023","3.445","3.463","3.473","3.388","0.44%"
"06/05/2023","3.430","3.423","3.454","3.398","1.33%"
"06/02/2023","3.385","3.364","3.403","3.359","0.62%"
"06/01/2023","3.364","3.382","3.405","3.337","-0.24%"
"05/31/2023","3.372","3.352","3.403","3.327","-1.17%"
"05/30/2023","3.412","3.470","3.483","3.397","-1.81%"
"05/29/2023","3.475","3.566","3.577","3.459","-3.10%"
"05/26/2023","3.586","3.591","3.612","3.561","0.36%"
"05/25/2023","3.573","3.544","3.579","3.488","1.10%"
"05/24/2023","3.534","3.556","3.580","3.488","-0.48%"
"05/23/2023","3.551","3.542","3.572","3.528","0.34%"
"05/22/2023","3.539","3.511","3.542","3.474","1.09%"
"05/19/2023","3.501","3.573","3.583","3.496","-1.41%"
"05/18/2023","3.551","3.451","3.565","3.443","3.44%"
"05/17/2023","3.433","3.439","3.457","3.401","-0.95%"
"05/16/2023","3.466","3.388","3.473","3.370","1.52%"
"05/15/2023","3.414","3.414","3.421","3.375","1.19%"
"05/12/2023","3.374","3.321","3.378","3.315","1.63%"
"05/11/2023","3.320","3.384","3.409","3.283","-2.50%"
"05/10/2023","3.405","3.472","3.486","3.385","-1.70%"
"05/09/2023","3.464","3.414","3.467","3.394","1.46%"
"05/08/2023","3.414","3.392","3.443","3.384","0.50%"
"05/05/2023","3.397","3.360","3.418","3.347","2.50%"
"05/04/2023","3.314","3.332","3.419","3.296","0.27%"
"05/03/2023","3.305","3.315","3.326","3.276","-0.42%"
"05/02/2023","3.319","3.443","3.457","3.305","-0.41%"
"05/01/2023","3.332","3.332","3.332","3.332","-0.28%"
"04/28/2023","3.342","3.427","3.485","3.329","-3.05%"
"04/27/2023","3.447","3.427","3.470","3.392","1.44%"
"04/26/2023","3.398","3.355","3.417","3.326","1.28%"
"04/25/2023","3.355","3.445","3.455","3.340","-3.06%"
"04/24/2023","3.461","3.427","3.471","3.408","2.76%"
"04/23/2023","3.368","3.368","3.368","3.368","-0.30%"
"04/21/2023","3.378","3.317","3.391","3.303","1.47%"
"04/20/2023","3.329","3.338","3.384","3.305","-1.19%"
"04/19/2023","3.369","3.390","3.394","3.329","0.42%"
"04/18/2023","3.355","3.361","3.385","3.306","0.33%"
"04/17/2023","3.344","3.304","3.382","3.299","0.83%"
"04/16/2023","3.316","3.316","3.316","3.316","-0.17%"
"04/14/2023","3.322","3.283","3.328","3.265","1.25%"
"04/13/2023","3.281","3.254","3.305","3.229","0.68%"
"04/12/2023","3.259","3.200","3.303","3.169","1.34%"
"04/11/2023","3.216","3.175","3.236","3.154","3.03%"
"04/10/2023","3.122","3.122","3.122","3.122","0.00%"
"04/07/2023","3.122","3.122","3.122","3.122","-0.18%"
"04/06/2023","3.127","3.112","3.139","3.054","0.87%"
"04/05/2023","3.100","3.195","3.217","3.092","-2.15%"
"04/04/2023","3.168","3.150","3.226","3.128","1.41%"
"04/03/2023","3.124","3.207","3.260","3.116","-1.54%"
"03/31/2023","3.173","3.220","3.273","3.172","-2.34%"
"03/30/2023","3.249","3.181","3.278","3.141","1.31%"
"03/29/2023","3.207","3.212","3.239","3.174","0.53%"
"03/28/2023","3.190","3.173","3.218","3.159","2.21%"
"03/27/2023","3.121","3.074","3.168","3.016","3.07%"
"03/25/2023","3.028","3.028","3.028","3.028","-0.23%"
"03/24/2023","3.035","3.033","3.053","2.942","-0.95%"
"03/23/2023","3.064","3.070","3.138","3.048","-2.48%"
"03/22/2023","3.142","3.168","3.226","3.132","0.35%"
"03/21/2023","3.131","3.016","3.148","2.986","3.23%"
"03/20/2023","3.033","2.901","3.070","2.899","1.03%"
"03/17/2023","3.002","3.136","3.146","2.960","-4.21%"
"03/16/2023","3.134","3.075","3.146","3.011","4.43%"
"03/15/2023","3.001","3.281","3.292","2.987","-7.29%"
"03/14/2023","3.237","3.055","3.269","3.054","3.68%"
"03/13/2023","3.122","3.251","3.257","3.028","-4.26%"
"03/10/2023","3.261","3.251","3.307","3.204","-2.69%"
"03/09/2023","3.351","3.369","3.413","3.346","0.66%"
"03/08/2023","3.329","3.423","3.438","3.306","-1.74%"
"03/07/2023","3.388","3.399","3.453","3.332","-1.48%"
"03/06/2023","3.439","3.354","3.449","3.341","0.35%"
"03/03/2023","3.427","3.470","3.480","3.409","-1.38%"
"03/02/2023","3.475","3.474","3.497","3.427","0.81%"
"03/01/2023","3.447","3.428","3.461","3.378","2.13%"
"02/28/2023","3.375","3.343","3.455","3.339","1.41%"
"02/27/2023","3.328","3.257","3.345","3.235","2.49%"
"02/24/2023","3.247","3.158","3.294","3.148","1.47%"
"02/23/2023","3.200","3.289","3.317","3.192","-2.38%"
"02/22/2023","3.278","3.264","3.303","3.234","0.49%"
"02/21/2023","3.262","3.196","3.294","3.174","2.64%"
"02/20/2023","3.178","3.113","3.189","3.112","0.54%"
"02/17/2023","3.161","3.247","3.299","3.152","-1.25%"
"02/16/2023","3.201","3.198","3.263","3.178","0.25%"
"02/15/2023","3.193","3.114","3.216","3.102","1.33%"
"02/14/2023","3.151","3.049","3.159","3.018","2.40%"
"02/13/2023","3.077","3.097","3.132","3.063","-0.71%"
"02/10/2023","3.099","3.105","3.117","3.045","1.81%"
"02/09/2023","3.044","3.069","3.074","2.999","-1.36%"
"02/08/2023","3.086","3.075","3.125","3.043","0.49%"
"02/07/2023","3.071","3.049","3.094","3.033","0.75%"
"02/06/2023","3.048","3.028","3.080","3.003","2.35%"
"02/03/2023","2.978","2.861","3.018","2.853","5.04%"
"02/02/2023","2.835","2.951","3.021","2.801","-6.03%"
"02/01/2023","3.017","2.979","3.036","2.955","0.33%"
"01/31/2023","3.007","3.021","3.056","2.968","-0.63%"
"01/30/2023","3.026","2.949","3.060","2.941","1.71%"
"01/27/2023","2.975","2.990","3.020","2.965","0.54%"
"01/26/2023","2.959","2.904","2.969","2.875","2.00%"
"01/25/2023","2.901","2.879","2.919","2.808","0.83%"
"01/24/2023","2.877","2.955","2.967","2.871","-2.74%"
"01/23/2023","2.958","2.936","2.981","2.900","1.13%"
"01/20/2023","2.925","2.764","2.925","2.744","6.95%"
"01/19/2023","2.735","2.700","2.793","2.662","0.44%"
"01/18/2023","2.723","2.805","2.847","2.664","-4.19%"
"01/17/2023","2.842","2.949","2.964","2.810","-3.00%"
"01/16/2023","2.930","2.921","2.990","2.902","0.07%"
"01/13/2023","2.928","2.861","2.938","2.818","1.70%"
"01/12/2023","2.879","2.893","2.917","2.800","-1.00%"
"01/11/2023","2.908","2.993","2.996","2.890","-3.96%"
"01/10/2023","3.028","2.991","3.052","2.989","1.78%"
"01/09/2023","2.975","2.967","3.030","2.953","0.85%"
"01/06/2023","2.950","2.997","3.039","2.928","-2.93%"
"01/05/2023","3.039","3.010","3.064","2.964","2.63%"
"01/04/2023","2.961","3.095","3.099","2.955","-4.73%"
"01/03/2023","3.108","3.242","3.250","3.044","-2.69%"
"01/02/2023","3.194","3.309","3.319","3.178","-4.14%"
"12/30/2022","3.332","3.205","3.335","3.187","5.28%"
"12/29/2022","3.165","3.212","3.250","3.165","-1.65%"
"12/28/2022","3.218","3.217","3.244","3.168","0.06%"
"12/27/2022","3.216","3.115","3.239","3.102","4.93%"
"12/23/2022","3.065","3.044","3.108","3.031","0.59%"
"12/22/2022","3.047","3.001","3.069","2.966","1.47%"
"12/21/2022","3.003","3.001","3.010","2.957","0.37%"
"12/20/2022","2.992","2.955","3.008","2.929","4.43%"
"12/19/2022","2.865","2.803","2.887","2.803","2.10%"
"12/16/2022","2.806","2.759","2.850","2.750","3.47%"
"12/15/2022","2.712","2.684","2.773","2.612","3.35%"
"12/14/2022","2.624","2.516","2.639","2.505","3.96%"
"12/13/2022","2.524","2.529","2.553","2.422","0.32%"
"12/12/2022","2.516","2.530","2.532","2.447","0.00%"
"12/09/2022","2.516","2.442","2.541","2.435","3.45%"
"12/08/2022","2.432","2.418","2.470","2.392","0.75%"
"12/07/2022","2.414","2.370","2.468","2.365","0.37%"
"12/06/2022","2.405","2.466","2.470","2.394","-2.47%"
"12/05/2022","2.466","2.472","2.492","2.413","0.37%"
"12/02/2022","2.457","2.465","2.506","2.431","-0.57%"
"12/01/2022","2.471","2.507","2.553","2.454","-3.66%"
"11/30/2022","2.565","2.583","2.621","2.552","-0.23%"
"11/29/2022","2.571","2.590","2.623","2.552","-2.65%"
"11/28/2022","2.641","2.568","2.670","2.560","1.23%"
"11/25/2022","2.609","2.500","2.636","2.500","4.28%"
"11/24/2022","2.502","2.526","2.551","2.477","-3.32%"
"11/23/2022","2.588","2.709","2.734","2.553","-3.54%"
"11/22/2022","2.683","2.719","2.746","2.675","-0.59%"
"11/21/2022","2.699","2.726","2.776","2.665","-1.06%"
"11/19/2022","2.728","2.728","2.728","2.728","-0.44%"
"11/18/2022","2.740","2.740","2.823","2.708","-0.54%"
"11/17/2022","2.755","2.745","2.799","2.710","-0.22%"
"11/16/2022","2.761","2.899","2.902","2.749","-4.40%"
"11/15/2022","2.888","2.937","2.964","2.838","-1.70%"
"11/14/2022","2.938","2.962","2.971","2.890","-0.54%"
"11/11/2022","2.954","2.814","2.958","2.800","5.84%"
"11/10/2022","2.791","2.901","2.957","2.761","-4.25%"
"11/09/2022","2.915","3.078","3.129","2.912","-3.12%"
"11/08/2022","3.009","3.078","3.129","2.975","-2.31%"
"11/07/2022","3.080","3.080","3.123","3.018","0.23%"
"11/04/2022","3.073","3.022","3.082","2.971","1.92%"
"11/03/2022","3.015","3.075","3.088","2.989","2.03%"
"11/02/2022","2.955","3.000","3.040","2.934","-1.53%"
"11/01/2022","3.001","2.970","3.025","2.905","0.57%"
"10/31/2022","2.984","2.914","3.014","2.901","3.18%"
"10/28/2022","2.892","2.829","2.970","2.827","3.40%"
"10/27/2022","2.797","2.956","3.017","2.791","-4.80%"
"10/26/2022","2.938","2.983","3.010","2.923","-0.94%"
"10/25/2022","2.966","3.081","3.099","2.960","-6.11%"
"10/24/2022","3.159","3.188","3.290","3.128","-3.98%"
"10/21/2022","3.290","3.297","3.363","3.250","2.33%"
"10/20/2022","3.215","3.262","3.290","3.190","-0.34%"
"10/19/2022","3.226","3.194","3.231","3.152","1.38%"
"10/18/2022","3.182","3.165","3.277","3.130","0.44%"
"10/17/2022","3.168","3.239","3.267","3.143","-3.07%"
"10/16/2022","3.269","3.269","3.269","3.269","-0.44%"
"10/14/2022","3.283","3.075","3.300","3.027","4.39%"
"10/13/2022","3.145","3.240","3.309","3.111","-3.50%"
"10/12/2022","3.259","3.186","3.346","3.174","3.20%"
"10/11/2022","3.158","3.142","3.223","3.130","0.19%"
"10/10/2022","3.152","3.020","3.180","2.984","4.72%"
"10/07/2022","3.010","2.966","3.046","2.933","3.26%"
"10/06/2022","2.915","2.905","2.950","2.851","-0.31%"
"10/05/2022","2.924","2.792","2.944","2.786","4.88%"
"10/04/2022","2.788","2.785","2.804","2.697","0.47%"
"10/03/2022","2.775","2.985","3.038","2.764","-7.13%"
"09/30/2022","2.988","3.050","3.060","2.935","-1.87%"
"09/29/2022","3.045","2.977","3.064","2.949","3.78%"
"09/28/2022","2.934","2.991","3.101","2.912","-1.08%"
"09/27/2022","2.966","2.849","2.993","2.799","5.59%"
"09/26/2022","2.809","2.836","2.848","2.765","2.03%"
"09/23/2022","2.753","2.751","2.838","2.691","0.36%"
"09/22/2022","2.743","2.717","2.777","2.591","1.48%"
"09/21/2022","2.703","2.744","2.779","2.701","-3.08%"
"09/20/2022","2.789","2.667","2.822","2.664","4.89%"
"09/19/2022","2.659","2.630","2.690","2.608","1.80%"
"09/16/2022","2.612","2.662","2.664","2.592","0.11%"
"09/15/2022","2.609","2.642","2.664","2.573","0.15%"
"09/14/2022","2.605","2.641","2.704","2.586","-2.07%"
"09/13/2022","2.660","2.629","2.684","2.608","1.64%"
"09/12/2022","2.617","2.711","2.724","2.607","-1.65%"
"09/09/2022","2.661","2.670","2.700","2.612","2.03%"
"09/08/2022","2.608","2.518","2.657","2.513","1.68%"
"09/07/2022","2.565","2.633","2.659","2.550","-2.29%"
"09/06/2022","2.625","2.650","2.686","2.547","-0.68%"
"09/05/2022","2.643","2.588","2.693","2.577","0.84%"
"09/02/2022","2.621","2.615","2.688","2.582","-0.49%"
"09/01/2022","2.634","2.610","2.680","2.596","2.93%"
"08/31/2022","2.559","2.533","2.620","2.503","0.47%"
"08/30/2022","2.547","2.540","2.593","2.514","-1.01%"
"08/29/2022","2.573","2.588","2.614","2.502","2.92%"
"08/26/2022","2.500","2.457","2.556","2.451","1.79%"
"08/25/2022","2.456","2.466","2.502","2.419","0.04%"
"08/24/2022","2.455","2.465","2.505","2.423","1.32%"
"08/23/2022","2.423","2.373","2.471","2.340","0.92%"
"08/22/2022","2.401","2.299","2.409","2.279","3.76%"
"08/20/2022","2.314","2.314","2.314","2.314","-0.09%"
"08/19/2022","2.316","2.263","2.338","2.242","5.03%"
"08/18/2022","2.205","2.205","2.252","2.164","-0.09%"
"08/17/2022","2.207","2.157","2.260","2.137","2.75%"
"08/16/2022","2.148","2.062","2.181","2.059","4.12%"
"08/15/2022","2.063","2.125","2.157","2.042","-3.46%"
"08/12/2022","2.137","2.148","2.195","2.120","0.71%"
"08/11/2022","2.122","2.065","2.141","2.000","4.12%"
"08/10/2022","2.038","2.061","2.061","1.975","-0.15%"
"08/09/2022","2.041","2.012","2.069","1.971","2.15%"
"08/08/2022","1.998","2.022","2.038","1.977","-2.35%"
"08/05/2022","2.046","1.924","2.053","1.921","5.79%"
"08/04/2022","1.934","1.974","2.003","1.903","-2.86%"
"08/03/2022","1.991","1.967","2.032","1.937","2.15%"
"08/02/2022","1.949","1.925","1.956","1.877","0.00%"
"08/01/2022","1.949","2.002","2.038","1.936","-1.91%"
"07/29/2022","1.987","2.051","2.130","1.972","-2.79%"
"07/28/2022","2.044","2.207","2.227","2.037","-6.15%"
"07/27/2022","2.178","2.174","2.213","2.161","0.32%"
"07/26/2022","2.171","2.233","2.236","2.158","-2.73%"
"07/25/2022","2.232","2.257","2.292","2.221","0.09%"
"07/22/2022","2.230","2.341","2.349","2.180","-5.07%"
"07/21/2022","2.349","2.423","2.467","2.326","-1.47%"
"07/20/2022","2.384","2.378","2.396","2.300","-0.21%"
"07/19/2022","2.389","2.353","2.415","2.339","0.25%"
"07/18/2022","2.383","2.336","2.422","2.336","3.14%"
"07/16/2022","2.310","2.310","2.310","2.310","-0.15%"
"07/15/2022","2.314","2.291","2.358","2.272","0.26%"
"07/14/2022","2.308","2.329","2.384","2.298","0.22%"
"07/13/2022","2.303","2.359","2.404","2.283","-1.29%"
"07/12/2022","2.333","2.502","2.510","2.283","-6.68%"
"07/11/2022","2.500","2.536","2.549","2.465","-2.42%"
"07/08/2022","2.562","2.491","2.573","2.467","2.69%"
"07/07/2022","2.495","2.519","2.573","2.477","0.93%"
"07/06/2022","2.472","2.479","2.514","2.400","0.08%"
"07/05/2022","2.470","2.562","2.588","2.455","-3.82%"
"07/04/2022","2.568","2.512","2.599","2.496","4.99%"
"07/01/2022","2.446","2.561","2.625","2.395","-3.66%"
"06/30/2022","2.539","2.591","2.620","2.519","-2.23%"
"06/29/2022","2.597","2.646","2.706","2.582","-3.24%"
"06/28/2022","2.684","2.586","2.717","2.585","3.55%"
"06/27/2022","2.592","2.552","2.626","2.538","2.86%"
"06/24/2022","2.520","2.538","2.604","2.474","-0.20%"
"06/23/2022","2.525","2.690","2.699","2.487","-5.40%"
"06/22/2022","2.669","2.791","2.802","2.647","-5.56%"
"06/21/2022","2.826","2.780","2.857","2.773","0.86%"
"06/20/2022","2.802","2.722","2.802","2.668","5.04%"
"06/19/2022","2.668","2.668","2.668","2.668","-0.50%"
"06/17/2022","2.681","2.664","2.752","2.612","0.56%"
"06/16/2022","2.666","2.644","2.825","2.644","0.23%"
"06/15/2022","2.660","2.690","2.750","2.603","-4.25%"
"06/14/2022","2.778","2.589","2.581","2.581","7.05%"
"06/13/2022","2.595","2.529","2.605","2.519","3.39%"
"06/10/2022","2.510","2.467","2.514","2.387","2.83%"
"06/09/2022","2.441","2.426","2.493","2.382","0.99%"
"06/08/2022","2.417","2.395","2.426","2.384","1.98%"
"06/07/2022","2.370","2.442","2.444","2.353","-2.07%"
"06/06/2022","2.420","2.354","2.438","2.332","2.15%"
"06/03/2022","2.369","2.324","2.385","2.317","1.28%"
"06/02/2022","2.339","2.297","2.358","2.293","1.83%"
"06/01/2022","2.297","2.207","2.307","2.198","3.80%"
"05/31/2022","2.213","2.176","2.240","2.132","2.88%"
"05/30/2022","2.151","2.134","2.180","2.131","3.31%"
"05/29/2022","2.082","2.082","2.082","2.082","-0.34%"
"05/27/2022","2.089","2.113","2.133","2.040","-1.83%"
"05/26/2022","2.128","2.058","2.144","2.009","3.86%"
"05/25/2022","2.049","2.037","2.068","1.982","0.64%"
"05/24/2022","2.036","2.039","2.105","2.017","-0.78%"
"05/23/2022","2.052","1.997","2.062","1.962","4.06%"
"05/20/2022","1.972","1.939","2.000","1.924","3.03%"
"05/19/2022","1.914","1.985","1.987","1.847","-3.14%"
"05/18/2022","1.976","2.019","2.028","1.950","-1.40%"
"05/17/2022","2.004","1.983","2.032","1.959","3.41%"
"05/16/2022","1.938","1.953","2.017","1.928","-0.15%"
"05/14/2022","1.941","1.941","1.941","1.941","-0.05%"
"05/13/2022","1.942","1.914","1.969","1.892","3.52%"
"05/12/2022","1.876","1.902","1.919","1.852","-4.33%"
"05/11/2022","1.961","2.010","2.078","1.951","-1.61%"
"05/10/2022","1.993","2.081","2.097","1.976","-4.18%"
"05/09/2022","2.080","2.075","2.147","2.071","-0.10%"
"05/06/2022","2.082","2.001","2.103","1.994","3.12%"
"05/05/2022","2.019","1.975","2.026","1.884","3.54%"
"05/04/2022","1.950","2.012","2.015","1.928","-0.20%"
"05/03/2022","1.954","1.989","2.033","1.918","-1.81%"
"05/02/2022","1.990","1.948","1.993","1.912","2.21%"
"04/29/2022","1.947","1.867","1.953","1.853","3.13%"
"04/28/2022","1.888","1.810","1.910","1.773","4.54%"
"04/27/2022","1.806","1.799","1.837","1.784","0.89%"
"04/26/2022","1.790","1.839","1.842","1.770","-0.33%"
"04/25/2022","1.796","1.827","1.855","1.788","-3.75%"
"04/22/2022","1.866","1.860","1.868","1.812","0.16%"
"04/21/2022","1.863","1.819","1.872","1.790","3.16%"
"04/20/2022","1.806","1.899","1.903","1.794","-4.29%"
"04/19/2022","1.887","1.822","1.932","1.808","4.28%"
"04/18/2022","1.809","1.817","1.817","1.809","0.00%"
"04/15/2022","1.809","1.817","1.817","1.809","-0.58%"
"04/14/2022","1.820","1.733","1.825","1.697","5.69%"
"04/13/2022","1.722","1.803","1.813","1.709","-1.66%"
"04/12/2022","1.751","1.747","1.784","1.686","1.57%"
"04/11/2022","1.724","1.669","1.727","1.653","3.11%"
"04/08/2022","1.672","1.674","1.709","1.661","0.00%"
"04/07/2022","1.672","1.679","1.707","1.631","0.78%"
"04/06/2022","1.659","1.622","1.696","1.612","2.72%"
"04/05/2022","1.615","1.517","1.632","1.505","8.53%"
"04/04/2022","1.488","1.518","1.518","1.448","0.40%"
"04/01/2022","1.482","1.488","1.535","1.474","2.00%"
"03/31/2022","1.453","1.516","1.523","1.425","-3.97%"
"03/30/2022","1.513","1.503","1.581","1.494","-0.33%"
"03/29/2022","1.518","1.526","1.614","1.477","2.50%"
"03/28/2022","1.481","1.520","1.546","1.465","-1.99%"
"03/25/2022","1.511","1.504","1.526","1.445","1.21%"
"03/24/2022","1.493","1.486","1.533","1.455","1.50%"
"03/23/2022","1.471","1.496","1.503","1.451","-1.28%"
"03/22/2022","1.490","1.478","1.501","1.454","1.57%"
"03/21/2022","1.467","1.407","1.473","1.398","6.85%"
"03/18/2022","1.373","1.393","1.399","1.342","-0.44%"
"03/17/2022","1.379","1.394","1.412","1.328","-1.57%"
"03/16/2022","1.401","1.418","1.437","1.373","1.37%"
"03/15/2022","1.382","1.377","1.396","1.345","-0.65%"
"03/14/2022","1.391","1.296","1.399","1.290","9.44%"
"03/11/2022","1.271","1.323","1.337","1.267","-3.35%"
"03/10/2022","1.315","1.257","1.363","1.225","4.28%"
"03/09/2022","1.261","1.171","1.283","1.138","7.69%"
"03/08/2022","1.171","1.051","1.196","1.042","10.47%"
"03/07/2022","1.060","1.068","1.074","1.016","0.47%"
"03/04/2022","1.055","1.124","1.138","1.042","-6.64%"
"03/03/2022","1.130","1.140","1.202","1.127","-1.14%"
"03/02/2022","1.143","1.072","1.146","1.054","9.80%"
"03/01/2022","1.041","1.210","1.212","1.041","-14.04%"
"02/28/2022","1.211","1.225","1.286","1.210","-4.27%"
"02/25/2022","1.265","1.231","1.272","1.205","4.03%"
"02/24/2022","1.216","1.204","1.241","1.191","-3.95%"
"02/23/2022","1.266","1.298","1.306","1.256","-2.54%"
"02/22/2022","1.299","1.240","1.334","1.237","1.09%"
"02/21/2022","1.285","1.286","1.308","1.245","1.50%"
"02/18/2022","1.266","1.278","1.286","1.254","0.08%"
"02/17/2022","1.265","1.303","1.317","1.258","-3.51%"
"02/16/2022","1.311","1.335","1.344","1.276","-0.83%"
"02/15/2022","1.322","1.257","1.338","1.255","3.36%"
"02/14/2022","1.279","1.215","1.282","1.187","0.08%"
"02/11/2022","1.278","1.245","1.280","1.211","2.40%"
"02/10/2022","1.248","1.211","1.265","1.186","4.26%"
"02/09/2022","1.197","1.211","1.227","1.170","-1.72%"
"02/08/2022","1.218","1.182","1.243","1.149","4.64%"
"02/07/2022","1.164","1.104","1.184","1.098","3.93%"
"02/04/2022","1.120","1.109","1.141","1.057","1.08%"
"02/03/2022","1.108","1.061","1.132","1.042","5.42%"
"02/02/2022","1.051","1.061","1.077","1.038","-2.41%"
"02/01/2022","1.077","1.041","1.084","1.029","2.18%"
"01/31/2022","1.054","1.016","1.073","0.994","4.56%"
"01/28/2022","1.008","1.002","1.043","0.983","2.13%"
"01/27/2022","0.987","1.032","1.040","0.983","-3.24%"
"01/26/2022","1.020","0.982","1.026","0.979","3.55%"
"01/25/2022","0.985","0.971","0.990","0.957","2.93%"
"01/24/2022","0.957","0.964","0.970","0.931","-1.34%"
"01/21/2022","0.970","0.971","0.985","0.943","-2.12%"
"01/20/2022","0.991","1.020","1.023","0.974","-1.98%"
"01/19/2022","1.011","1.031","1.044","1.007","0.50%"
"01/18/2022","1.006","1.006","1.016","0.984","1.11%"
"01/17/2022","0.995","0.992","1.002","0.980","1.95%"
"01/14/2022","0.976","0.928","0.982","0.914","3.94%"
"01/13/2022","0.939","0.984","0.998","0.921","-4.09%"
"01/12/2022","0.979","1.003","1.009","0.956","-2.59%"
"01/11/2022","1.005","0.997","1.021","0.976","0.90%"
"01/10/2022","0.996","1.007","1.019","0.979","-0.80%"
"01/07/2022","1.004","1.002","1.012","0.979","1.72%"
"01/06/2022","0.987","1.003","1.024","0.983","0.20%"
"01/05/2022","0.985","0.987","0.996","0.966","-0.40%"
"01/04/2022","0.989","0.994","0.997","0.957","0.00%"
"01/03/2022","0.989","0.968","1.000","0.932","3.13%"
"12/31/2021","0.959","0.959","0.959","0.959","-0.21%"
"12/30/2021","0.961","0.951","0.965","0.927","0.84%"
"12/29/2021","0.953","0.885","0.964","0.883","7.81%"
"12/28/2021","0.884","0.890","0.912","0.878","-0.56%"
"12/27/2021","0.889","0.882","0.912","0.880","0.68%"
"12/24/2021","0.883","0.883","0.883","0.883","0.34%"
"12/23/2021","0.880","0.845","0.910","0.840","5.26%"
"12/22/2021","0.836","0.813","0.858","0.811","1.46%"
"12/21/2021","0.824","0.733","0.830","0.722","13.34%"
"12/20/2021","0.727","0.685","0.739","0.677","4.15%"
"12/17/2021","0.698","0.714","0.727","0.689","-3.86%"
"12/16/2021","0.726","0.671","0.756","0.666","6.92%"
"12/15/2021","0.679","0.656","0.691","0.649","1.49%"
"12/14/2021","0.669","0.648","0.678","0.643","2.29%"
"12/13/2021","0.654","0.692","0.704","0.647","-6.03%"
"12/10/2021","0.696","0.711","0.721","0.681","-1.00%"
"12/09/2021","0.703","0.720","0.722","0.692","-4.35%"
"12/08/2021","0.735","0.667","0.735","0.631","10.86%"
"12/07/2021","0.663","0.706","0.710","0.658","-2.21%"
"12/06/2021","0.678","0.669","0.694","0.666","0.30%"
"12/03/2021","0.676","0.687","0.710","0.675","-2.03%"
"12/02/2021","0.690","0.717","0.740","0.670","-4.30%"
"12/01/2021","0.721","0.717","0.740","0.712","0.42%"
"11/30/2021","0.718","0.768","0.781","0.707","-8.77%"
"11/29/2021","0.787","0.801","0.826","0.780","-0.76%"
"11/27/2021","0.793","0.793","0.793","0.793","-0.50%"
"11/26/2021","0.797","0.809","0.827","0.785","-6.89%"
"11/25/2021","0.856","0.902","0.905","0.855","-5.20%"
"11/24/2021","0.903","0.872","0.934","0.870","1.57%"
"11/23/2021","0.889","0.824","0.890","0.814","9.75%"
"11/22/2021","0.810","0.768","0.813","0.748","8.14%"
"11/20/2021","0.749","0.749","0.749","0.749","-0.40%"
"11/19/2021","0.752","0.804","0.807","0.738","-5.41%"
"11/18/2021","0.795","0.831","0.837","0.789","-5.92%"
"11/17/2021","0.845","0.847","0.874","0.835","0.96%"
"11/16/2021","0.837","0.824","0.852","0.811","0.72%"
"11/15/2021","0.831","0.788","0.831","0.768","4.14%"
"11/12/2021","0.798","0.810","0.823","0.790","-1.36%"
"11/11/2021","0.809","0.802","0.822","0.785","1.76%"
"11/10/2021","0.795","0.750","0.799","0.746","8.46%"
"11/09/2021","0.733","0.809","0.817","0.730","-9.95%"
"11/08/2021","0.814","0.767","0.816","0.758","6.96%"
"11/05/2021","0.761","0.841","0.841","0.756","-9.19%"
"11/04/2021","0.838","0.844","0.862","0.823","0.36%"
"11/03/2021","0.835","0.854","0.856","0.805","-3.80%"
"11/02/2021","0.868","0.865","0.874","0.843","-1.48%"
"11/01/2021","0.881","0.864","0.913","0.862","1.91%"
"10/30/2021","0.864","0.864","0.864","0.864","-0.86%"
"10/29/2021","0.872","0.884","0.901","0.855","1.04%"
"10/28/2021","0.863","0.844","0.888","0.814","2.74%"
"10/27/2021","0.840","0.911","0.917","0.839","-8.50%"
"10/26/2021","0.918","0.929","0.942","0.894","-1.29%"
"10/25/2021","0.930","0.911","0.953","0.905","1.75%"
"10/23/2021","0.914","0.914","0.914","0.914","-0.44%"
"10/22/2021","0.918","0.945","0.950","0.913","-2.03%"
"10/21/2021","0.937","0.945","0.957","0.929","-0.64%"
"10/20/2021","0.943","0.951","0.964","0.925","-1.05%"
"10/19/2021","0.953","0.898","0.962","0.878","5.77%"
"10/18/2021","0.901","0.943","0.944","0.890","-2.49%"
"10/15/2021","0.924","0.916","0.940","0.910","2.78%"
"10/14/2021","0.899","0.975","0.976","0.896","-6.35%"
"10/13/2021","0.960","1.016","1.018","0.945","-5.97%"
"10/12/2021","1.021","1.003","1.032","0.992","0.79%"
"10/11/2021","1.013","1.011","1.027","0.987","1.91%"
"10/08/2021","0.994","0.989","1.010","0.967","1.74%"
"10/07/2021","0.977","0.990","0.991","0.957","-0.71%"
"10/06/2021","0.984","1.005","1.017","0.965","0.51%"
"10/05/2021","0.979","0.951","0.986","0.931","2.51%"
"10/04/2021","0.955","0.938","0.972","0.932","1.49%"
"10/01/2021","0.941","0.947","0.970","0.919","-2.39%"
"09/30/2021","0.964","0.947","0.973","0.918","3.32%"
"09/29/2021","0.933","0.949","0.949","0.916","-0.74%"
"09/28/2021","0.940","0.947","0.971","0.935","1.18%"
"09/27/2021","0.929","0.920","0.967","0.912","0.38%"
"09/25/2021","0.925","0.927","0.927","0.925","-0.05%"
"09/24/2021","0.926","0.906","0.935","0.902","4.04%"
"09/23/2021","0.890","0.855","0.901","0.826","7.36%"
"09/22/2021","0.829","0.840","0.855","0.825","-1.19%"
"09/21/2021","0.839","0.846","0.868","0.820","-1.18%"
"09/20/2021","0.849","0.868","0.869","0.824","-2.25%"
"09/19/2021","0.868","0.868","0.868","0.868","-0.52%"
"09/17/2021","0.873","0.863","0.890","0.854","2.71%"
"09/16/2021","0.850","0.849","0.880","0.842","0.71%"
"09/15/2021","0.844","0.814","0.851","0.800","4.46%"
"09/14/2021","0.808","0.828","0.862","0.799","-2.77%"
"09/13/2021","0.831","0.816","0.833","0.809","1.65%"
"09/12/2021","0.817","0.820","0.820","0.817","0.00%"
"09/11/2021","0.817","0.818","0.818","0.817","-0.79%"
"09/10/2021","0.824","0.788","0.827","0.786","3.91%"
"09/09/2021","0.793","0.842","0.848","0.779","-6.15%"
"09/08/2021","0.845","0.853","0.856","0.823","-1.29%"
"09/07/2021","0.856","0.818","0.866","0.813","6.07%"
"09/06/2021","0.807","0.821","0.836","0.803","-1.71%"
"09/03/2021","0.821","0.804","0.840","0.795","2.37%"
"09/02/2021","0.802","0.813","0.813","0.786","-0.87%"
"09/01/2021","0.809","0.800","0.831","0.792","1.51%"
"08/31/2021","0.797","0.745","0.805","0.734","7.56%"
"08/30/2021","0.741","0.763","0.779","0.736","-2.76%"
"08/27/2021","0.762","0.763","0.782","0.757","-0.13%"
"08/26/2021","0.763","0.751","0.780","0.743","1.33%"
"08/25/2021","0.753","0.679","0.761","0.672","12.39%"
"08/24/2021","0.670","0.684","0.688","0.657","0.30%"
"08/23/2021","0.668","0.661","0.694","0.652","2.45%"
"08/20/2021","0.652","0.655","0.662","0.647","-0.91%"
"08/19/2021","0.658","0.667","0.681","0.648","-2.37%"
"08/18/2021","0.674","0.683","0.685","0.665","-1.89%"
"08/17/2021","0.687","0.674","0.696","0.654","-0.29%"
"08/16/2021","0.689","0.666","0.697","0.662","1.62%"
"08/13/2021","0.678","0.684","0.708","0.672","-1.02%"
"08/12/2021","0.685","0.689","0.705","0.678","0.00%"
"08/11/2021","0.685","0.676","0.702","0.667","2.39%"
"08/10/2021","0.669","0.676","0.693","0.644","-2.76%"
"08/09/2021","0.688","0.689","0.695","0.666","-1.15%"
"08/06/2021","0.696","0.668","0.701","0.656","4.66%"
"08/05/2021","0.665","0.674","0.684","0.639","-1.48%"
"08/04/2021","0.675","0.678","0.695","0.657","-1.46%"
"08/03/2021","0.685","0.702","0.713","0.676","-0.44%"
"08/02/2021","0.688","0.723","0.737","0.687","-4.97%"
"07/30/2021","0.724","0.734","0.748","0.719","-1.36%"
"07/29/2021","0.734","0.750","0.772","0.733","-2.91%"
"07/28/2021","0.756","0.731","0.767","0.721","3.14%"
"07/27/2021","0.733","0.742","0.743","0.716","-0.54%"
"07/26/2021","0.737","0.721","0.757","0.699","0.68%"
"07/23/2021","0.732","0.743","0.762","0.730","-0.14%"
"07/22/2021","0.733","0.761","0.780","0.731","-5.05%"
"07/21/2021","0.772","0.718","0.776","0.713","5.32%"
"07/20/2021","0.733","0.740","0.748","0.704","-2.14%"
"07/19/2021","0.749","0.777","0.782","0.731","-5.07%"
"07/16/2021","0.789","0.798","0.808","0.780","1.75%"
"07/15/2021","0.775","0.789","0.795","0.769","-3.72%"
"07/14/2021","0.805","0.842","0.853","0.802","-2.69%"
"07/13/2021","0.828","0.831","0.845","0.808","-0.85%"
"07/12/2021","0.835","0.834","0.843","0.816","-0.67%"
"07/09/2021","0.840","0.822","0.845","0.807","3.00%"
"07/08/2021","0.816","0.792","0.816","0.771","0.65%"
"07/07/2021","0.811","0.848","0.854","0.793","-4.24%"
"07/06/2021","0.846","0.924","0.927","0.837","-7.57%"
"07/05/2021","0.916","0.900","0.921","0.889","2.67%"
"07/04/2021","0.892","0.892","0.892","0.892","-0.41%"
"07/02/2021","0.896","0.925","0.928","0.885","-2.96%"
"07/01/2021","0.923","0.928","0.947","0.913","0.38%"
"06/30/2021","0.919","0.955","0.965","0.904","-4.45%"
"06/29/2021","0.962","0.967","0.973","0.939","0.17%"
"06/28/2021","0.961","0.990","0.996","0.958","-3.35%"
"06/26/2021","0.994","0.994","0.994","0.994","0.00%"
"06/25/2021","0.994","0.949","1.004","0.942","5.26%"
"06/24/2021","0.944","0.952","0.959","0.935","0.34%"
"06/23/2021","0.941","0.950","0.958","0.916","-1.15%"
"06/22/2021","0.952","0.951","0.979","0.927","0.85%"
"06/21/2021","0.944","0.895","0.956","0.887","2.25%"
"06/20/2021","0.923","0.923","0.923","0.923","0.00%"
"06/19/2021","0.923","0.921","0.923","0.921","0.15%"
"06/18/2021","0.922","0.957","0.957","0.907","-2.82%"
"06/17/2021","0.948","0.998","1.000","0.947","0.31%"
"06/16/2021","0.945","0.954","0.955","0.938","-0.96%"
"06/15/2021","0.955","0.937","0.959","0.928","1.27%"
"06/14/2021","0.943","0.911","0.945","0.904","3.10%"
"06/11/2021","0.914","0.923","0.932","0.899","-2.69%"
"06/10/2021","0.940","0.916","0.974","0.911","1.89%"
"06/09/2021","0.922","0.944","0.950","0.897","-2.02%"
"06/08/2021","0.941","0.964","0.971","0.934","-3.57%"
"06/07/2021","0.976","0.962","0.983","0.957","1.61%"
"06/05/2021","0.961","0.961","0.961","0.961","-0.43%"
"06/04/2021","0.965","0.975","0.982","0.954","-1.29%"
"06/03/2021","0.977","0.962","0.983","0.958","2.07%"
"06/02/2021","0.957","0.961","0.977","0.953","-1.96%"
"06/01/2021","0.976","0.969","0.979","0.941","1.69%"
"05/31/2021","0.960","0.986","1.006","0.956","-1.19%"
"05/28/2021","0.972","0.977","0.994","0.960","0.29%"
"05/27/2021","0.969","0.928","0.978","0.923","4.16%"
"05/26/2021","0.930","0.961","0.971","0.927","-4.82%"
"05/25/2021","0.978","1.006","1.011","0.974","-3.32%"
"05/24/2021","1.011","1.010","1.033","1.001","-0.90%"
"05/21/2021","1.020","1.042","1.042","1.003","-1.77%"
"05/20/2021","1.039","1.095","1.099","1.038","-3.25%"
"05/19/2021","1.074","1.102","1.130","1.060","-1.81%"
"05/18/2021","1.093","1.082","1.103","1.058","1.08%"
"05/17/2021","1.082","1.033","1.100","1.031","2.53%"
"05/14/2021","1.055","1.061","1.072","1.045","-0.10%"
"05/13/2021","1.056","1.044","1.083","1.038","0.26%"
"05/12/2021","1.053","1.011","1.055","0.994","3.75%"
"05/11/2021","1.015","0.976","1.021","0.973","5.60%"
"05/10/2021","0.961","0.979","0.994","0.955","-0.55%"
"05/07/2021","0.967","0.946","0.984","0.929","2.38%"
"05/06/2021","0.944","0.922","0.967","0.915","1.11%"
"05/05/2021","0.934","0.925","0.952","0.915","2.21%"
"05/04/2021","0.914","0.948","0.962","0.900","-3.20%"
"05/03/2021","0.944","0.937","0.983","0.921","0.54%"
"04/30/2021","0.939","0.923","0.953","0.913","0.66%"
"04/29/2021","0.933","0.873","0.944","0.869","6.75%"
"04/28/2021","0.874","0.872","0.903","0.867","2.64%"
"04/27/2021","0.851","0.850","0.860","0.838","0.46%"
"04/26/2021","0.847","0.867","0.873","0.834","1.10%"
"04/23/2021","0.838","0.829","0.850","0.813","0.32%"
"04/22/2021","0.835","0.810","0.853","0.806","0.58%"
"04/21/2021","0.831","0.835","0.848","0.812","0.00%"
"04/20/2021","0.831","0.870","0.876","0.827","-2.86%"
"04/19/2021","0.855","0.829","0.878","0.823","1.92%"
"04/16/2021","0.839","0.841","0.859","0.817","2.22%"
"04/15/2021","0.821","0.854","0.864","0.817","-3.67%"
"04/14/2021","0.852","0.811","0.860","0.807","2.72%"
"04/13/2021","0.830","0.838","0.851","0.820","-0.13%"
"04/12/2021","0.831","0.804","0.837","0.778","2.61%"
"04/09/2021","0.810","0.793","0.839","0.789","3.13%"
"04/08/2021","0.785","0.795","0.801","0.771","-1.42%"
"04/07/2021","0.797","0.793","0.808","0.774","-0.95%"
"04/06/2021","0.804","0.800","0.827","0.793","2.43%"
"04/05/2021","0.785","0.786","0.786","0.785","0.00%"
"04/02/2021","0.785","0.786","0.786","0.785","-0.60%"
"04/01/2021","0.790","0.810","0.819","0.783","-2.83%"
"03/31/2021","0.813","0.834","0.843","0.799","-2.23%"
"03/30/2021","0.831","0.842","0.868","0.823","2.62%"
"03/29/2021","0.810","0.760","0.814","0.745","6.26%"
"03/26/2021","0.762","0.744","0.791","0.743","5.26%"
"03/25/2021","0.724","0.756","0.759","0.720","-4.38%"
"03/24/2021","0.757","0.767","0.784","0.748","-3.08%"
"03/23/2021","0.781","0.803","0.809","0.778","-3.87%"
"03/22/2021","0.813","0.789","0.830","0.787","-0.90%"
"03/19/2021","0.820","0.816","0.838","0.791","-2.23%"
"03/18/2021","0.839","0.832","0.858","0.824","3.77%"
"03/17/2021","0.809","0.755","0.819","0.745","7.91%"
"03/16/2021","0.749","0.744","0.755","0.724","0.83%"
"03/15/2021","0.743","0.730","0.771","0.723","-1.34%"
"03/12/2021","0.753","0.745","0.766","0.721","5.55%"
"03/11/2021","0.714","0.718","0.741","0.669","-3.53%"
"03/10/2021","0.740","0.735","0.756","0.719","-0.18%"
"03/09/2021","0.741","0.753","0.757","0.703","-4.04%"
"03/08/2021","0.772","0.772","0.778","0.738","1.86%"
"03/05/2021","0.758","0.772","0.791","0.743","2.27%"
"03/04/2021","0.741","0.739","0.751","0.715","-1.51%"
"03/03/2021","0.753","0.673","0.760","0.666","11.49%"
"03/02/2021","0.675","0.661","0.717","0.655","1.37%"
"03/01/2021","0.666","0.700","0.725","0.658","-10.68%"
"02/26/2021","0.746","0.813","0.820","0.707","-7.65%"
"02/25/2021","0.807","0.775","0.834","0.772","5.82%"
"02/24/2021","0.763","0.720","0.798","0.716","4.59%"
"02/23/2021","0.729","0.711","0.770","0.709","4.90%"
"02/22/2021","0.695","0.768","0.776","0.684","-6.18%"
"02/19/2021","0.741","0.741","0.748","0.715","3.71%"
"02/18/2021","0.715","0.671","0.734","0.664","7.60%"
"02/17/2021","0.664","0.693","0.713","0.662","-1.25%"
"02/16/2021","0.673","0.638","0.679","0.621","4.25%"
"02/15/2021","0.645","0.645","0.656","0.628","6.84%"
"02/12/2021","0.604","0.555","0.610","0.549","9.46%"
"02/11/2021","0.552","0.553","0.565","0.530","-1.78%"
"02/10/2021","0.562","0.551","0.570","0.535","2.61%"
"02/09/2021","0.547","0.551","0.571","0.534","0.27%"
"02/08/2021","0.546","0.543","0.571","0.541","2.88%"
"02/05/2021","0.531","0.511","0.567","0.505","2.79%"
"02/04/2021","0.516","0.532","0.536","0.502","-0.58%"
"02/03/2021","0.519","0.504","0.525","0.490","4.17%"
"02/02/2021","0.498","0.473","0.507","0.470","6.79%"
"02/01/2021","0.467","0.445","0.481","0.442","2.87%"
"01/29/2021","0.454","0.442","0.488","0.424","5.46%"
"01/28/2021","0.430","0.418","0.435","0.400","2.70%"
"01/27/2021","0.419","0.422","0.438","0.396","0.41%"
"01/26/2021","0.417","0.399","0.426","0.390","4.07%"
"01/25/2021","0.401","0.441","0.444","0.394","-9.05%"
"01/22/2021","0.441","0.463","0.470","0.431","-2.89%"
"01/21/2021","0.454","0.407","0.466","0.401","10.17%"
"01/20/2021","0.412","0.409","0.421","0.396","0.64%"
"01/19/2021","0.409","0.425","0.432","0.405","-0.17%"
"01/18/2021","0.410","0.386","0.430","0.381","4.62%"
"01/15/2021","0.392","0.368","0.402","0.364","6.18%"
"01/14/2021","0.369","0.377","0.394","0.360","-2.74%"
"01/13/2021","0.380","0.427","0.430","0.373","-14.50%"
"01/12/2021","0.444","0.419","0.454","0.411","9.39%"
"01/11/2021","0.406","0.362","0.412","0.356","9.91%"
"01/08/2021","0.369","0.377","0.380","0.354","-0.49%"
"01/07/2021","0.371","0.390","0.397","0.349","-3.16%"
"01/06/2021","0.383","0.406","0.411","0.364","2.41%"
"01/05/2021","0.374","0.340","0.374","0.338","9.22%"
"01/04/2021","0.343","0.366","0.377","0.326","-4.17%"
"01/01/2021","0.357","0.357","0.357","0.357","-0.80%"
"12/31/2020","0.360","0.360","0.361","0.360","-2.44%"
"12/30/2020","0.369","0.362","0.389","0.356","2.55%"
"12/29/2020","0.360","0.372","0.382","0.358","-4.81%"
"12/28/2020","0.378","0.400","0.409","0.378","-2.37%"
"12/24/2020","0.388","0.388","0.388","0.388","0.47%"
"12/23/2020","0.386","0.351","0.411","0.336","11.50%"
"12/22/2020","0.346","0.347","0.380","0.342","-3.43%"
"12/21/2020","0.358","0.339","0.368","0.319","-4.48%"
"12/18/2020","0.375","0.366","0.402","0.358","0.24%"
"12/17/2020","0.374","0.388","0.394","0.345","-1.42%"
"12/16/2020","0.380","0.335","0.400","0.332","15.31%"
"12/15/2020","0.329","0.321","0.341","0.314","0.40%"
"12/14/2020","0.328","0.319","0.349","0.312","6.12%"
"12/11/2020","0.309","0.338","0.341","0.300","-11.79%"
"12/10/2020","0.350","0.340","0.379","0.316","1.33%"
"12/09/2020","0.346","0.344","0.363","0.341","2.10%"
"12/08/2020","0.339","0.356","0.371","0.326","-6.41%"
"12/07/2020","0.362","0.374","0.381","0.344","-7.80%"
"12/04/2020","0.392","0.375","0.402","0.368","2.88%"
"12/03/2020","0.381","0.408","0.416","0.374","-6.82%"
"12/02/2020","0.409","0.412","0.425","0.397","0.00%"
"12/01/2020","0.409","0.354","0.414","0.348","12.55%"
"11/30/2020","0.363","0.338","0.366","0.325","6.91%"
"11/27/2020","0.340","0.337","0.351","0.326","0.80%"
"11/26/2020","0.337","0.364","0.368","0.337","-5.01%"
"11/25/2020","0.355","0.370","0.383","0.344","-1.99%"
"11/24/2020","0.362","0.365","0.370","0.347","1.88%"
"11/23/2020","0.356","0.326","0.366","0.319","9.72%"
"11/21/2020","0.324","0.326","0.326","0.324","-1.58%"
"11/20/2020","0.329","0.322","0.335","0.318","-0.57%"
"11/19/2020","0.331","0.345","0.348","0.319","-3.92%"
"11/18/2020","0.345","0.321","0.350","0.317","2.16%"
"11/17/2020","0.337","0.363","0.370","0.329","-7.21%"
"11/16/2020","0.363","0.363","0.400","0.345","-2.89%"
"11/13/2020","0.374","0.377","0.392","0.357","-5.48%"
"11/12/2020","0.396","0.415","0.430","0.393","-7.11%"
"11/11/2020","0.426","0.473","0.479","0.412","-7.53%"
"11/10/2020","0.461","0.461","0.473","0.441","0.50%"
"11/09/2020","0.459","0.341","0.468","0.314","30.94%"
"11/06/2020","0.350","0.330","0.363","0.317","6.06%"
"11/05/2020","0.330","0.313","0.347","0.309","1.51%"
"11/04/2020","0.325","0.302","0.341","0.297","-5.65%"
"11/03/2020","0.345","0.353","0.377","0.339","-0.86%"
"11/02/2020","0.348","0.356","0.374","0.342","-2.22%"
"10/30/2020","0.356","0.349","0.371","0.341","4.07%"
"10/29/2020","0.342","0.370","0.374","0.331","-5.66%"
"10/28/2020","0.362","0.352","0.380","0.337","0.00%"
"10/27/2020","0.362","0.381","0.394","0.358","-6.94%"
"10/26/2020","0.389","0.364","0.404","0.356","0.39%"
"10/23/2020","0.388","0.393","0.417","0.385","-3.82%"
"10/22/2020","0.403","0.379","0.412","0.362","8.04%"
"10/21/2020","0.373","0.385","0.393","0.348","4.45%"
"10/20/2020","0.357","0.346","0.371","0.342","3.18%"
"10/19/2020","0.346","0.332","0.371","0.329","2.73%"
"10/16/2020","0.337","0.338","0.347","0.319","-0.62%"
"10/15/2020","0.339","0.373","0.373","0.317","-9.67%"
"10/14/2020","0.375","0.388","0.392","0.360","-3.40%"
"10/13/2020","0.389","0.400","0.414","0.383","-4.00%"
"10/12/2020","0.405","0.413","0.431","0.402","-4.19%"
"10/09/2020","0.423","0.420","0.426","0.398","-1.90%"
"10/08/2020","0.431","0.464","0.466","0.427","-6.95%"
"10/07/2020","0.463","0.421","0.474","0.419","4.42%"
"10/06/2020","0.443","0.443","0.458","0.419","0.66%"
"10/05/2020","0.440","0.419","0.450","0.409","4.88%"
"10/03/2020","0.420","0.420","0.420","0.420","-0.24%"
"10/02/2020","0.421","0.422","0.433","0.406","-1.17%"
"10/01/2020","0.426","0.447","0.461","0.421","-2.23%"
"09/30/2020","0.436","0.405","0.443","0.398","7.03%"
"09/29/2020","0.407","0.420","0.427","0.403","-4.97%"
"09/28/2020","0.428","0.437","0.458","0.426","0.23%"
"09/25/2020","0.427","0.460","0.466","0.427","-7.15%"
"09/24/2020","0.460","0.436","0.464","0.428","2.70%"
"09/23/2020","0.448","0.434","0.462","0.422","-0.38%"
"09/22/2020","0.450","0.427","0.458","0.417","6.26%"
"09/21/2020","0.423","0.475","0.484","0.411","-10.11%"
"09/19/2020","0.471","0.471","0.471","0.471","-0.15%"
"09/18/2020","0.472","0.482","0.488","0.444","-0.13%"
"09/17/2020","0.472","0.474","0.501","0.447","-1.28%"
"09/16/2020","0.478","0.492","0.497","0.463","-2.92%"
"09/15/2020","0.493","0.498","0.517","0.484","-1.30%"
"09/14/2020","0.499","0.502","0.509","0.479","-2.12%"
"09/11/2020","0.510","0.539","0.539","0.508","-8.49%"
"09/10/2020","0.557","0.549","0.576","0.516","2.82%"
"09/09/2020","0.542","0.496","0.552","0.493","6.19%"
"09/08/2020","0.511","0.556","0.560","0.494","-7.20%"
"09/07/2020","0.550","0.562","0.567","0.523","3.95%"
"09/04/2020","0.529","0.513","0.538","0.500","4.85%"
"09/03/2020","0.505","0.523","0.553","0.497","-3.35%"
"09/02/2020","0.522","0.577","0.584","0.519","-12.54%"
"09/01/2020","0.597","0.613","0.649","0.596","-4.19%"
"08/31/2020","0.623","0.622","0.645","0.609","1.70%"
"08/28/2020","0.613","0.623","0.632","0.600","2.56%"
"08/27/2020","0.598","0.554","0.615","0.525","5.16%"
"08/26/2020","0.568","0.564","0.589","0.560","1.52%"
"08/25/2020","0.560","0.503","0.576","0.502","14.11%"
"08/24/2020","0.491","0.477","0.515","0.475","1.87%"
"08/23/2020","0.481","0.481","0.481","0.481","0.00%"
"08/22/2020","0.481","0.481","0.481","0.481","-0.66%"
"08/21/2020","0.485","0.488","0.497","0.471","1.15%"
"08/20/2020","0.479","0.490","0.511","0.461","-5.03%"
"08/19/2020","0.505","0.495","0.514","0.479","-1.19%"
"08/18/2020","0.511","0.507","0.546","0.496","-1.33%"
"08/17/2020","0.518","0.548","0.555","0.514","-6.54%"
"08/14/2020","0.554","0.559","0.573","0.537","0.62%"
"08/13/2020","0.550","0.483","0.561","0.480","9.73%"
"08/12/2020","0.502","0.486","0.523","0.484","4.50%"
"08/11/2020","0.480","0.447","0.493","0.433","9.92%"
"08/10/2020","0.437","0.463","0.479","0.428","-4.92%"
"08/07/2020","0.459","0.460","0.463","0.433","1.46%"
"08/06/2020","0.453","0.487","0.494","0.435","-6.04%"
"08/05/2020","0.482","0.450","0.495","0.444","7.76%"
"08/04/2020","0.447","0.495","0.504","0.442","-9.86%"
"08/03/2020","0.496","0.502","0.527","0.492","-1.45%"
"07/31/2020","0.503","0.477","0.523","0.467","4.27%"
"07/30/2020","0.483","0.518","0.523","0.475","-7.95%"
"07/29/2020","0.524","0.495","0.533","0.490","4.59%"
"07/28/2020","0.501","0.525","0.532","0.495","-2.11%"
"07/27/2020","0.512","0.553","0.560","0.510","-8.88%"
"07/24/2020","0.562","0.525","0.574","0.502","8.16%"
"07/23/2020","0.520","0.529","0.539","0.516","-2.07%"
"07/22/2020","0.531","0.563","0.570","0.521","-5.10%"
"07/21/2020","0.559","0.560","0.573","0.541","0.96%"
"07/20/2020","0.554","0.594","0.606","0.539","-4.50%"
"07/19/2020","0.580","0.580","0.580","0.580","-0.65%"
"07/17/2020","0.584","0.578","0.589","0.555","3.24%"
"07/16/2020","0.566","0.561","0.587","0.552","0.39%"
"07/15/2020","0.563","0.572","0.583","0.546","-0.19%"
"07/14/2020","0.564","0.597","0.602","0.554","-8.27%"
"07/13/2020","0.615","0.578","0.625","0.567","10.88%"
"07/10/2020","0.555","0.548","0.557","0.532","-1.94%"
"07/09/2020","0.566","0.593","0.598","0.562","-4.13%"
"07/08/2020","0.590","0.586","0.602","0.576","-1.78%"
"07/07/2020","0.601","0.596","0.631","0.589","-2.72%"
"07/06/2020","0.618","0.634","0.646","0.609","-1.70%"
"07/03/2020","0.628","0.622","0.635","0.596","1.26%"
"07/02/2020","0.621","0.675","0.683","0.615","-8.55%"
"07/01/2020","0.679","0.634","0.687","0.628","10.29%"
"06/30/2020","0.615","0.593","0.620","0.569","3.12%"
"06/29/2020","0.597","0.605","0.613","0.586","2.37%"
"06/27/2020","0.583","0.582","0.583","0.582","-0.34%"
"06/26/2020","0.585","0.574","0.599","0.562","0.58%"
"06/25/2020","0.582","0.599","0.605","0.574","-4.70%"
"06/24/2020","0.610","0.669","0.680","0.607","-6.42%"
"06/23/2020","0.652","0.611","0.658","0.606","8.66%"
"06/22/2020","0.600","0.616","0.631","0.577","-2.42%"
"06/19/2020","0.615","0.627","0.658","0.613","-2.37%"
"06/18/2020","0.630","0.677","0.694","0.624","-8.52%"
"06/17/2020","0.689","0.700","0.724","0.668","0.81%"
"06/16/2020","0.683","0.712","0.718","0.677","-1.66%"
"06/15/2020","0.695","0.668","0.707","0.662","2.16%"
"06/13/2020","0.680","0.680","0.680","0.680","-0.72%"
"06/12/2020","0.685","0.704","0.721","0.680","-2.38%"
"06/11/2020","0.702","0.738","0.753","0.682","-10.24%"
"06/10/2020","0.782","0.789","0.803","0.757","-1.41%"
"06/09/2020","0.793","0.786","0.795","0.742","0.19%"
"06/08/2020","0.791","0.822","0.851","0.787","-6.48%"
"06/05/2020","0.846","0.849","0.866","0.816","4.70%"
"06/04/2020","0.808","0.794","0.817","0.738","1.44%"
"06/03/2020","0.797","0.781","0.800","0.740","7.24%"
"06/02/2020","0.743","0.759","0.770","0.735","-4.78%"
"06/01/2020","0.780","0.716","0.786","0.708","11.86%"
"05/29/2020","0.697","0.709","0.721","0.679","-2.28%"
"05/28/2020","0.714","0.750","0.761","0.710","-4.48%"
"05/27/2020","0.747","0.763","0.782","0.737","-3.30%"
"05/26/2020","0.773","0.751","0.795","0.751","6.56%"
"05/25/2020","0.725","0.732","0.742","0.720","-0.17%"
"05/22/2020","0.726","0.698","0.732","0.683","3.07%"
"05/21/2020","0.705","0.685","0.738","0.681","-0.51%"
"05/20/2020","0.708","0.732","0.744","0.699","-3.20%"
"05/19/2020","0.732","0.763","0.766","0.724","-4.78%"
"05/18/2020","0.768","0.759","0.775","0.716","5.06%"
"05/15/2020","0.731","0.715","0.735","0.691","2.65%"
"05/14/2020","0.712","0.686","0.733","0.672","1.38%"
"05/13/2020","0.703","0.739","0.740","0.679","-6.16%"
"05/12/2020","0.749","0.799","0.803","0.732","-3.70%"
"05/11/2020","0.778","0.769","0.793","0.762","3.60%"
"05/08/2020","0.751","0.731","0.762","0.717","-1.30%"
"05/07/2020","0.761","0.809","0.843","0.747","-3.82%"
"05/06/2020","0.791","0.728","0.799","0.717","11.13%"
"05/05/2020","0.712","0.708","0.749","0.701","0.07%"
"05/04/2020","0.711","0.666","0.727","0.659","15.34%"
"05/01/2020","0.617","0.617","0.617","0.617","-1.34%"
"04/30/2020","0.625","0.664","0.700","0.616","-8.43%"
"04/29/2020","0.682","0.709","0.732","0.658","-4.56%"
"04/28/2020","0.715","0.711","0.750","0.700","-0.58%"
"04/27/2020","0.719","0.703","0.738","0.688","0.83%"
"04/24/2020","0.713","0.756","0.776","0.710","-7.89%"
"04/23/2020","0.774","0.850","0.862","0.758","-7.12%"
"04/22/2020","0.834","0.812","0.852","0.800","4.32%"
"04/21/2020","0.799","0.788","0.804","0.745","-0.34%"
"04/20/2020","0.802","0.777","0.814","0.756","6.83%"
"04/17/2020","0.751","0.740","0.768","0.729","0.98%"
"04/16/2020","0.743","0.771","0.793","0.724","-2.08%"
"04/15/2020","0.759","0.825","0.833","0.746","-8.55%"
"04/14/2020","0.830","0.845","0.860","0.803","1.12%"
"04/13/2020","0.821","0.822","0.822","0.821","-1.38%"
"04/10/2020","0.832","0.822","0.832","0.822","-0.36%"
"04/09/2020","0.836","0.918","0.920","0.815","-7.46%"
"04/08/2020","0.903","0.887","0.940","0.878","-1.59%"
"04/07/2020","0.918","0.851","0.918","0.843","11.08%"
"04/06/2020","0.826","0.844","0.859","0.816","0.22%"
"04/03/2020","0.824","0.787","0.836","0.769","3.76%"
"04/02/2020","0.794","0.834","0.866","0.782","-0.40%"
"04/01/2020","0.798","0.827","0.841","0.777","-4.08%"
"03/31/2020","0.831","0.766","0.841","0.754","10.08%"
"03/30/2020","0.755","0.726","0.762","0.700","6.14%"
"03/27/2020","0.712","0.751","0.825","0.695","-12.79%"
"03/26/2020","0.816","0.887","0.948","0.809","-13.60%"
"03/25/2020","0.944","0.831","0.950","0.825","9.25%"
"03/24/2020","0.864","0.762","0.868","0.752","16.23%"
"03/23/2020","0.744","0.689","0.763","0.675","5.67%"
"03/20/2020","0.704","0.700","0.751","0.664","-15.54%"
"03/19/2020","0.833","0.610","0.852","0.588","-9.06%"
"03/18/2020","0.916","0.924","1.059","0.837","12.09%"
"03/17/2020","0.817","0.836","0.858","0.770","4.82%"
"03/16/2020","0.780","0.734","0.807","0.712","17.07%"
"03/13/2020","0.666","0.595","0.666","0.535","40.05%"
"03/12/2020","0.476","0.273","0.621","0.231","64.49%"
"03/11/2020","0.289","0.336","0.398","0.279","-16.66%"
"03/10/2020","0.347","0.347","0.417","0.315","16.72%"
"03/09/2020","0.297","0.213","0.335","0.208","-21.45%"
"03/07/2020","0.379","0.379","0.379","0.379","-0.76%"
"03/06/2020","0.381","0.408","0.443","0.351","-10.22%"
"03/05/2020","0.425","0.462","0.472","0.414","-4.30%"
"03/04/2020","0.444","0.431","0.458","0.411","4.15%"
"03/03/2020","0.426","0.477","0.504","0.421","-7.25%"
"03/02/2020","0.460","0.479","0.503","0.427","-3.97%"
"02/28/2020","0.479","0.502","0.506","0.453","-9.94%"
"02/27/2020","0.531","0.555","0.575","0.526","-5.56%"
"02/26/2020","0.563","0.528","0.589","0.515","6.31%"
"02/25/2020","0.529","0.557","0.568","0.520","-3.52%"
"02/24/2020","0.549","0.553","0.556","0.500","-4.44%"
"02/22/2020","0.574","0.574","0.574","0.574","-0.28%"
"02/21/2020","0.576","0.573","0.579","0.545","-2.47%"
"02/20/2020","0.590","0.640","0.645","0.586","-8.15%"
"02/19/2020","0.643","0.674","0.683","0.641","-2.97%"
"02/18/2020","0.662","0.647","0.683","0.634","-1.16%"
"02/17/2020","0.670","0.686","0.700","0.665","-0.71%"
"02/14/2020","0.675","0.694","0.696","0.663","-2.39%"
"02/13/2020","0.691","0.667","0.697","0.647","-0.13%"
"02/12/2020","0.692","0.734","0.743","0.684","-1.54%"
"02/11/2020","0.703","0.687","0.715","0.681","4.75%"
"02/10/2020","0.671","0.710","0.719","0.666","-5.09%"
"02/07/2020","0.707","0.725","0.732","0.687","-4.63%"
"02/06/2020","0.742","0.748","0.767","0.735","-0.51%"
"02/05/2020","0.745","0.691","0.748","0.684","6.53%"
"02/04/2020","0.700","0.675","0.713","0.674","14.67%"
"02/03/2020","0.610","0.620","0.642","0.605","1.31%"
"01/31/2020","0.602","0.643","0.650","0.600","-6.01%"
"01/30/2020","0.641","0.645","0.669","0.633","-4.14%"
"01/29/2020","0.668","0.694","0.700","0.661","-5.51%"
"01/28/2020","0.707","0.686","0.710","0.657","3.69%"
"01/27/2020","0.682","0.734","0.739","0.676","-7.86%"
"01/24/2020","0.740","0.776","0.790","0.739","-2.68%"
"01/23/2020","0.761","0.806","0.810","0.756","-6.47%"
"01/22/2020","0.813","0.836","0.844","0.798","-1.79%"
"01/21/2020","0.828","0.862","0.873","0.816","-4.18%"
"01/20/2020","0.864","0.878","0.884","0.860","-0.76%"
"01/17/2020","0.871","0.874","0.886","0.856","-0.17%"
"01/16/2020","0.872","0.877","0.885","0.857","0.09%"
"01/15/2020","0.872","0.897","0.899","0.851","-3.72%"
"01/14/2020","0.905","0.925","0.928","0.892","-2.11%"
"01/13/2020","0.925","0.875","0.934","0.871","7.09%"
"01/10/2020","0.864","0.881","0.898","0.863","-2.76%"
"01/09/2020","0.888","0.899","0.906","0.867","1.44%"
"01/08/2020","0.876","0.836","0.879","0.830","3.56%"
"01/07/2020","0.845","0.845","0.858","0.830","0.00%"
"01/06/2020","0.845","0.828","0.847","0.817","1.42%"
"01/03/2020","0.833","0.860","0.860","0.817","-6.17%"
"01/02/2020","0.888","0.919","0.957","0.878","-2.30%"
"01/01/2020","0.909","0.909","0.909","0.909","-1.76%"
"12/31/2019","0.925","0.925","0.925","0.925","-0.09%"
"12/30/2019","0.926","0.877","0.938","0.873","8.53%"
"12/27/2019","0.853","0.846","0.869","0.839","-0.66%"
"12/26/2019","0.859","0.863","0.865","0.859","0.70%"
"12/25/2019","0.853","0.857","0.857","0.853","-1.35%"
"12/24/2019","0.865","0.863","0.865","0.863","0.95%"
"12/23/2019","0.857","0.830","0.863","0.816","1.07%"
"12/20/2019","0.848","0.857","0.874","0.836","-0.34%"
"12/19/2019","0.850","0.859","0.879","0.848","1.92%"
"12/18/2019","0.834","0.789","0.853","0.774","6.24%"
"12/17/2019","0.785","0.785","0.808","0.782","-2.98%"
"12/16/2019","0.809","0.793","0.813","0.765","3.78%"
"12/13/2019","0.780","0.875","0.876","0.777","-6.63%"
"12/12/2019","0.835","0.791","0.841","0.760","6.19%"
"12/11/2019","0.787","0.799","0.810","0.777","-2.21%"
"12/10/2019","0.804","0.796","0.824","0.795","-0.16%"
"12/09/2019","0.806","0.804","0.812","0.784","-0.75%"
"12/06/2019","0.812","0.805","0.831","0.790","1.60%"
"12/05/2019","0.799","0.771","0.821","0.769","2.78%"
"12/04/2019","0.777","0.720","0.779","0.716","6.33%"
"12/03/2019","0.731","0.824","0.824","0.728","-9.24%"
"12/02/2019","0.806","0.781","0.818","0.772","11.46%"
"11/29/2019","0.723","0.738","0.746","0.715","-1.55%"
"11/28/2019","0.734","0.723","0.740","0.708","0.95%"
"11/27/2019","0.727","0.737","0.742","0.717","-1.52%"
"11/26/2019","0.738","0.766","0.774","0.729","-2.46%"
"11/25/2019","0.757","0.761","0.772","0.743","1.11%"
"11/22/2019","0.749","0.785","0.805","0.745","-4.06%"
"11/21/2019","0.780","0.746","0.788","0.736","3.34%"
"11/20/2019","0.755","0.742","0.761","0.713","-1.44%"
"11/19/2019","0.766","0.762","0.773","0.757","0.82%"
"11/18/2019","0.760","0.780","0.782","0.745","-0.90%"
"11/16/2019","0.767","0.766","0.767","0.766","-0.36%"
"11/15/2019","0.770","0.781","0.785","0.755","0.60%"
"11/14/2019","0.765","0.787","0.794","0.752","-4.31%"
"11/13/2019","0.800","0.826","0.839","0.784","-5.28%"
"11/12/2019","0.844","0.868","0.879","0.840","-0.57%"
"11/11/2019","0.849","0.810","0.852","0.796","5.35%"
"11/09/2019","0.806","0.806","0.806","0.806","-0.32%"
"11/08/2019","0.809","0.842","0.876","0.804","-5.78%"
"11/07/2019","0.858","0.802","0.859","0.791","8.50%"
"11/06/2019","0.791","0.812","0.826","0.780","-1.99%"
"11/05/2019","0.807","0.802","0.834","0.798","1.86%"
"11/04/2019","0.792","0.784","0.801","0.769","4.41%"
"11/01/2019","0.759","0.714","0.768","0.698","7.48%"
"10/31/2019","0.706","0.723","0.725","0.684","-5.98%"
"10/30/2019","0.751","0.752","0.771","0.738","-0.48%"
"10/29/2019","0.755","0.781","0.782","0.746","-4.41%"
"10/28/2019","0.789","0.755","0.801","0.745","6.94%"
"10/25/2019","0.738","0.713","0.744","0.699","5.68%"
"10/24/2019","0.698","0.698","0.743","0.687","-0.57%"
"10/23/2019","0.702","0.722","0.725","0.683","-5.53%"
"10/22/2019","0.744","0.771","0.773","0.726","-3.37%"
"10/21/2019","0.770","0.737","0.788","0.735","4.81%"
"10/18/2019","0.734","0.698","0.740","0.693","5.28%"
"10/17/2019","0.697","0.696","0.764","0.691","-3.04%"
"10/16/2019","0.719","0.702","0.722","0.656","4.37%"
"10/15/2019","0.689","0.654","0.714","0.636","3.13%"
"10/14/2019","0.668","0.652","0.671","0.643","-3.65%"
"10/11/2019","0.694","0.659","0.704","0.618","5.75%"
"10/10/2019","0.656","0.600","0.661","0.580","10.50%"
"10/09/2019","0.594","0.560","0.596","0.555","7.99%"
"10/08/2019","0.550","0.615","0.615","0.547","-3.37%"
"10/07/2019","0.569","0.550","0.572","0.540","2.49%"
"10/05/2019","0.555","0.555","0.555","0.555","-0.64%"
"10/04/2019","0.559","0.548","0.561","0.529","2.61%"
"10/03/2019","0.544","0.555","0.565","0.524","-6.70%"
"10/02/2019","0.584","0.603","0.612","0.575","2.96%"
"10/01/2019","0.567","0.577","0.632","0.559","3.45%"
"09/30/2019","0.548","0.550","0.569","0.529","5.14%"
"09/28/2019","0.521","0.521","0.521","0.521","0.23%"
"09/27/2019","0.520","0.495","0.543","0.478","5.82%"
"09/26/2019","0.491","0.522","0.542","0.484","-5.61%"
"09/25/2019","0.521","0.490","0.528","0.467","3.15%"
"09/24/2019","0.505","0.541","0.553","0.499","-5.86%"
"09/23/2019","0.536","0.608","0.636","0.519","-14.01%"
"09/20/2019","0.623","0.626","0.646","0.611","-2.53%"
"09/19/2019","0.640","0.643","0.693","0.628","-0.09%"
"09/18/2019","0.640","0.715","0.715","0.636","-10.73%"
"09/17/2019","0.717","0.687","0.730","0.678","2.93%"
"09/16/2019","0.697","0.729","0.744","0.674","-5.07%"
"09/13/2019","0.734","0.689","0.750","0.668","13.52%"
"09/12/2019","0.646","0.664","0.665","0.524","-1.27%"
"09/11/2019","0.655","0.693","0.714","0.642","-4.24%"
"09/10/2019","0.684","0.637","0.690","0.631","7.67%"
"09/09/2019","0.635","0.539","0.653","0.535","21.58%"
"09/06/2019","0.522","0.610","0.632","0.521","-14.35%"
"09/05/2019","0.610","0.473","0.617","0.470","30.66%"
"09/04/2019","0.467","0.481","0.516","0.454","7.21%"
"09/03/2019","0.435","0.468","0.471","0.407","-6.25%"
"09/02/2019","0.464","0.432","0.472","0.427","9.63%"
"08/30/2019","0.424","0.403","0.446","0.400","4.13%"
"08/29/2019","0.407","0.370","0.431","0.368","10.64%"
"08/28/2019","0.368","0.420","0.421","0.347","-14.37%"
"08/27/2019","0.429","0.466","0.492","0.425","-13.71%"
"08/26/2019","0.498","0.481","0.516","0.477","-2.55%"
"08/23/2019","0.511","0.538","0.568","0.510","-0.41%"
"08/22/2019","0.513","0.443","0.539","0.431","11.22%"
"08/21/2019","0.461","0.477","0.512","0.449","0.11%"
"08/20/2019","0.460","0.493","0.508","0.440","-7.44%"
"08/19/2019","0.497","0.413","0.528","0.401","21.14%"
"08/16/2019","0.411","0.393","0.449","0.340","7.15%"
"08/15/2019","0.383","0.457","0.488","0.377","-17.82%"
"08/14/2019","0.466","0.526","0.530","0.461","-13.47%"
"08/13/2019","0.539","0.570","0.570","0.525","-10.24%"
"08/12/2019","0.600","0.614","0.620","0.594","-2.88%"
"08/09/2019","0.618","0.575","0.628","0.564","2.35%"
"08/08/2019","0.604","0.584","0.623","0.547","12.77%"
"08/07/2019","0.536","0.566","0.577","0.475","-11.18%"
"08/06/2019","0.603","0.629","0.637","0.591","-5.31%"
"08/05/2019","0.637","0.600","0.643","0.568","-0.11%"
"08/02/2019","0.637","0.700","0.700","0.624","-11.57%"
"08/01/2019","0.721","0.771","0.785","0.698","-3.17%"
"07/31/2019","0.744","0.799","0.808","0.742","-7.82%"
"07/30/2019","0.808","0.809","0.825","0.800","-1.14%"
"07/29/2019","0.817","0.842","0.849","0.804","-3.92%"
"07/27/2019","0.850","0.850","0.850","0.850","0.32%"
"07/26/2019","0.848","0.860","0.878","0.845","-2.89%"
"07/25/2019","0.873","0.865","0.923","0.792","1.50%"
"07/24/2019","0.860","0.905","0.911","0.851","-4.01%"
"07/23/2019","0.896","0.905","0.921","0.889","0.27%"
"07/22/2019","0.893","0.911","0.921","0.890","-1.27%"
"07/20/2019","0.905","0.905","0.905","0.905","0.68%"
"07/19/2019","0.899","0.902","0.928","0.896","-1.13%"
"07/18/2019","0.909","0.917","0.922","0.879","-2.02%"
"07/17/2019","0.928","0.937","0.948","0.917","-4.01%"
"07/16/2019","0.967","0.993","0.994","0.933","-2.06%"
"07/15/2019","0.987","1.045","1.050","0.983","-5.68%"
"07/12/2019","1.046","0.998","1.072","0.994","5.11%"
"07/11/2019","0.995","0.923","1.006","0.919","5.96%"
"07/10/2019","0.939","0.915","0.990","0.908","5.74%"
"07/09/2019","0.888","0.858","0.891","0.848","3.75%"
"07/08/2019","0.856","0.798","0.858","0.794","2.83%"
"07/05/2019","0.833","0.791","0.857","0.785","5.86%"
"07/04/2019","0.787","0.819","0.827","0.772","-4.57%"
"07/03/2019","0.824","0.877","0.881","0.821","-9.40%"
"07/02/2019","0.910","0.910","0.931","0.902","0.60%"
"07/01/2019","0.904","0.959","0.965","0.899","-3.27%"
"06/28/2019","0.935","0.930","0.954","0.928","0.85%"
"06/27/2019","0.927","0.962","0.983","0.927","-1.68%"
"06/26/2019","0.943","0.940","0.956","0.926","1.54%"
"06/25/2019","0.929","0.960","0.962","0.920","-3.53%"
"06/24/2019","0.963","0.976","0.985","0.956","-3.06%"
"06/21/2019","0.993","0.952","1.007","0.948","5.05%"
"06/20/2019","0.945","0.963","0.973","0.940","-5.78%"
"06/19/2019","1.003","0.988","1.014","0.974","3.12%"
"06/18/2019","0.973","1.066","1.071","0.956","-10.14%"
"06/17/2019","1.083","1.051","1.087","1.043","3.53%"
"06/14/2019","1.046","1.078","1.082","1.042","-4.62%"
"06/13/2019","1.096","1.095","1.106","1.077","-0.37%"
"06/12/2019","1.100","1.104","1.112","1.083","-0.69%"
"06/11/2019","1.108","1.132","1.133","1.092","-2.81%"
"06/10/2019","1.140","1.072","1.152","1.067","8.22%"
"06/07/2019","1.054","1.123","1.123","1.045","-5.43%"
"06/06/2019","1.114","1.171","1.176","1.114","-5.30%"
"06/05/2019","1.176","1.178","1.192","1.171","-1.95%"
"06/04/2019","1.200","1.220","1.229","1.181","-2.84%"
"06/03/2019","1.235","1.261","1.262","1.202","-1.60%"
"05/31/2019","1.255","1.279","1.290","1.252","-3.38%"
"05/30/2019","1.299","1.292","1.311","1.286","1.29%"
"05/29/2019","1.282","1.309","1.315","1.280","-2.78%"
"05/28/2019","1.319","1.324","1.340","1.317","-0.61%"
"05/27/2019","1.327","1.348","1.353","1.321","-1.95%"
"05/25/2019","1.353","1.351","1.353","1.351","-0.08%"
"05/24/2019","1.354","1.361","1.368","1.346","-0.56%"
"05/23/2019","1.362","1.372","1.377","1.356","-1.11%"
"05/22/2019","1.377","1.384","1.395","1.368","-0.66%"
"05/21/2019","1.386","1.362","1.394","1.359","1.88%"
"05/20/2019","1.361","1.335","1.363","1.329","2.29%"
"05/19/2019","1.330","1.330","1.330","1.330","0.18%"
"05/17/2019","1.328","1.323","1.329","1.303","-0.09%"
"05/16/2019","1.329","1.326","1.338","1.306","-0.58%"
"05/15/2019","1.337","1.370","1.372","1.310","-2.41%"
"05/14/2019","1.370","1.379","1.389","1.362","-0.46%"
"05/13/2019","1.376","1.399","1.406","1.372","-1.49%"
"05/10/2019","1.397","1.393","1.411","1.385","0.00%"
"05/09/2019","1.397","1.376","1.398","1.368","1.47%"
"05/08/2019","1.377","1.389","1.400","1.370","-0.76%"
"05/07/2019","1.387","1.407","1.417","1.377","-1.06%"
"05/06/2019","1.402","1.390","1.419","1.383","-0.26%"
"05/03/2019","1.406","1.425","1.438","1.398","-1.08%"
"05/02/2019","1.421","1.425","1.436","1.399","0.91%"
"05/01/2019","1.408","1.408","1.408","1.408","0.07%"
"04/30/2019","1.407","1.419","1.451","1.402","-1.03%"
"04/29/2019","1.422","1.419","1.446","1.412","0.64%"
"04/26/2019","1.413","1.446","1.448","1.410","-1.92%"
"04/25/2019","1.441","1.420","1.448","1.411","1.87%"
"04/24/2019","1.414","1.452","1.466","1.410","-3.63%"
"04/23/2019","1.467","1.457","1.486","1.448","1.61%"
"04/22/2019","1.444","1.485","1.494","1.427","0.00%"
"04/19/2019","1.444","1.485","1.494","1.427","0.12%"
"04/18/2019","1.442","1.485","1.494","1.427","-3.20%"
"04/17/2019","1.490","1.502","1.527","1.482","0.11%"
"04/16/2019","1.488","1.481","1.513","1.467","0.43%"
"04/15/2019","1.482","1.441","1.497","1.430","2.97%"
"04/12/2019","1.439","1.383","1.453","1.361","4.46%"
"04/11/2019","1.378","1.372","1.382","1.357","0.83%"
"04/10/2019","1.366","1.374","1.389","1.356","-0.96%"
"04/09/2019","1.380","1.388","1.392","1.369","-0.42%"
"04/08/2019","1.385","1.389","1.393","1.370","-0.45%"
"04/05/2019","1.392","1.431","1.431","1.380","-1.57%"
"04/04/2019","1.414","1.453","1.469","1.401","-2.50%"
"04/03/2019","1.450","1.443","1.466","1.440","2.98%"
"04/02/2019","1.408","1.422","1.429","1.401","-1.22%"
"04/01/2019","1.426","1.387","1.439","1.380","4.60%"
"03/30/2019","1.363","1.363","1.363","1.363","0.32%"
"03/29/2019","1.359","1.337","1.377","1.329","2.00%"
"03/28/2019","1.332","1.306","1.343","1.297","1.11%"
"03/27/2019","1.317","1.334","1.340","1.303","-2.90%"
"03/26/2019","1.357","1.366","1.377","1.351","0.51%"
"03/25/2019","1.350","1.368","1.385","1.348","-0.20%"
"03/22/2019","1.352","1.443","1.449","1.336","-6.02%"
"03/21/2019","1.439","1.492","1.493","1.433","-4.39%"
"03/20/2019","1.505","1.505","1.516","1.493","-0.42%"
"03/19/2019","1.512","1.511","1.529","1.495","0.37%"
"03/18/2019","1.506","1.534","1.544","1.505","-1.80%"
"03/16/2019","1.534","1.534","1.534","1.534","0.50%"
"03/15/2019","1.526","1.530","1.546","1.505","-0.92%"
"03/14/2019","1.540","1.562","1.565","1.528","-0.93%"
"03/13/2019","1.554","1.541","1.579","1.541","0.40%"
"03/12/2019","1.548","1.537","1.562","1.525","1.49%"
"03/11/2019","1.526","1.513","1.531","1.503","5.57%"
"03/10/2019","1.445","1.445","1.445","1.445","0.00%"
"03/09/2019","1.445","1.445","1.445","1.445","0.07%"
"03/08/2019","1.444","1.475","1.494","1.426","-2.17%"
"03/07/2019","1.476","1.516","1.544","1.470","-2.96%"
"03/06/2019","1.521","1.521","1.555","1.510","-1.93%"
"03/05/2019","1.551","1.557","1.580","1.541","0.13%"
"03/04/2019","1.549","1.560","1.575","1.546","-1.34%"
"03/02/2019","1.570","1.562","1.570","1.562","0.06%"
"03/01/2019","1.569","1.555","1.587","1.541","0.64%"
"02/28/2019","1.559","1.530","1.574","1.523","1.23%"
"02/27/2019","1.540","1.523","1.566","1.507","0.52%"
"02/26/2019","1.532","1.511","1.542","1.502","0.13%"
"02/25/2019","1.530","1.526","1.539","1.513","1.19%"
"02/22/2019","1.512","1.513","1.528","1.503","-1.05%"
"02/21/2019","1.528","1.533","1.548","1.508","0.20%"
"02/20/2019","1.525","1.536","1.550","1.513","-0.78%"
"02/19/2019","1.537","1.562","1.571","1.525","-1.22%"
"02/18/2019","1.556","1.544","1.576","1.532","0.84%"
"02/16/2019","1.543","1.534","1.543","1.534","-0.06%"
"02/15/2019","1.544","1.539","1.567","1.529","0.46%"
"02/14/2019","1.537","1.549","1.561","1.524","-0.90%"
"02/13/2019","1.551","1.557","1.574","1.541","-0.32%"
"02/12/2019","1.556","1.565","1.578","1.535","-0.32%"
"02/11/2019","1.561","1.543","1.569","1.534","1.50%"
"02/09/2019","1.538","1.538","1.538","1.538","0.39%"
"02/08/2019","1.532","1.534","1.563","1.520","-0.20%"
"02/07/2019","1.535","1.529","1.554","1.508","-0.26%"
"02/06/2019","1.539","1.526","1.554","1.519","-0.45%"
"02/05/2019","1.546","1.537","1.568","1.531","-0.06%"
"02/04/2019","1.547","1.551","1.566","1.529","0.26%"
"02/01/2019","1.543","1.523","1.557","1.515","1.45%"
"01/31/2019","1.521","1.525","1.553","1.515","-1.43%"
"01/30/2019","1.543","1.559","1.580","1.543","-1.47%"
"01/29/2019","1.566","1.551","1.578","1.547","0.51%"
"01/28/2019","1.558","1.548","1.578","1.532","1.30%"
"01/26/2019","1.538","1.538","1.538","1.538","-0.39%"
"01/25/2019","1.544","1.545","1.558","1.526","-0.39%"
"01/24/2019","1.550","1.567","1.581","1.539","-2.08%"
"01/23/2019","1.583","1.588","1.612","1.574","-1.12%"
"01/22/2019","1.601","1.609","1.625","1.585","-0.99%"
"01/21/2019","1.617","1.615","1.631","1.597","0.87%"
"01/19/2019","1.603","1.603","1.603","1.603","-0.74%"
"01/18/2019","1.615","1.606","1.636","1.599","0.81%"
"01/17/2019","1.602","1.579","1.617","1.576","0.19%"
"01/16/2019","1.599","1.589","1.623","1.577","0.57%"
"01/15/2019","1.590","1.592","1.602","1.567","-0.81%"
"01/14/2019","1.603","1.615","1.619","1.578","-0.62%"
"01/11/2019","1.613","1.611","1.627","1.590","-0.68%"
"01/10/2019","1.624","1.633","1.642","1.604","-0.92%"
"01/09/2019","1.639","1.684","1.693","1.623","-1.38%"
"01/08/2019","1.662","1.670","1.692","1.652","0.67%"
"01/07/2019","1.651","1.642","1.678","1.631","1.16%"
"01/04/2019","1.632","1.615","1.652","1.608","1.56%"
"01/03/2019","1.607","1.597","1.629","1.587","0.19%"
"01/02/2019","1.604","1.619","1.621","1.572","-2.08%"
"01/01/2019","1.638","1.633","1.639","1.633","-0.06%"
"12/31/2018","1.639","1.633","1.639","1.630","0.99%"
"12/29/2018","1.623","1.623","1.623","1.623","-0.86%"
"12/28/2018","1.637","1.632","1.650","1.617","0.99%"
"12/27/2018","1.621","1.624","1.635","1.605","-0.31%"
"12/26/2018","1.626","1.628","1.628","1.626","0.00%"
"12/25/2018","1.626","1.628","1.628","1.619","0.43%"
"12/24/2018","1.619","1.625","1.625","1.619","-0.12%"
"12/21/2018","1.621","1.617","1.633","1.594","1.19%"
"12/20/2018","1.602","1.612","1.635","1.583","-1.78%"
"12/19/2018","1.631","1.627","1.644","1.609","-0.49%"
"12/18/2018","1.639","1.644","1.656","1.615","-1.15%"
"12/17/2018","1.658","1.649","1.674","1.639","0.85%"
"12/15/2018","1.644","1.644","1.644","1.644","0.06%"
"12/14/2018","1.643","1.626","1.658","1.605","0.00%"
"12/13/2018","1.643","1.615","1.649","1.582","1.48%"
"12/12/2018","1.619","1.626","1.628","1.595","0.12%"
"12/11/2018","1.617","1.610","1.656","1.600","1.76%"
"12/10/2018","1.589","1.623","1.645","1.581","-1.37%"
"12/07/2018","1.611","1.589","1.636","1.572","1.64%"
"12/06/2018","1.585","1.605","1.619","1.562","-1.86%"
"12/05/2018","1.615","1.587","1.620","1.575","1.19%"
"12/04/2018","1.596","1.622","1.651","1.595","-2.74%"
"12/03/2018","1.641","1.662","1.679","1.636","-0.18%"
"12/01/2018","1.644","1.644","1.644","1.644","0.06%"
"11/30/2018","1.643","1.658","1.670","1.624","-1.50%"
"11/29/2018","1.668","1.672","1.685","1.652","-0.66%"
"11/28/2018","1.679","1.680","1.693","1.658","0.36%"
"11/27/2018","1.673","1.659","1.684","1.636","-0.06%"
"11/26/2018","1.674","1.646","1.678","1.646","0.78%"
"11/23/2018","1.661","1.680","1.683","1.631","-1.37%"
"11/22/2018","1.684","1.686","1.697","1.664","-0.41%"
"11/21/2018","1.691","1.691","1.715","1.678","-0.29%"
"11/20/2018","1.696","1.711","1.720","1.670","-0.88%"
"11/19/2018","1.711","1.708","1.729","1.696","1.36%"
"11/17/2018","1.688","1.688","1.688","1.688","-1.00%"
"11/16/2018","1.705","1.695","1.706","1.681","0.65%"
"11/15/2018","1.694","1.699","1.710","1.666","0.30%"
"11/14/2018","1.689","1.685","1.715","1.668","-0.24%"
"11/13/2018","1.693","1.674","1.701","1.666","1.44%"
"11/12/2018","1.669","1.677","1.680","1.650","-0.12%"
"11/11/2018","1.671","1.671","1.671","1.671","-0.12%"
"11/09/2018","1.673","1.689","1.695","1.664","-1.06%"
"11/08/2018","1.691","1.699","1.710","1.683","0.83%"
"11/07/2018","1.677","1.662","1.698","1.649","0.06%"
"11/06/2018","1.676","1.669","1.679","1.646","0.48%"
"11/05/2018","1.668","1.655","1.677","1.647","0.60%"
"11/02/2018","1.658","1.655","1.670","1.640","1.53%"
"11/01/2018","1.633","1.633","1.653","1.623","0.49%"
"10/31/2018","1.625","1.645","1.655","1.620","-0.61%"
"10/30/2018","1.635","1.640","1.661","1.622","0.37%"
"10/29/2018","1.629","1.622","1.654","1.608","0.93%"
"10/26/2018","1.614","1.640","1.651","1.607","-1.82%"
"10/25/2018","1.644","1.636","1.665","1.628","0.18%"
"10/24/2018","1.641","1.646","1.661","1.634","-0.30%"
"10/23/2018","1.646","1.669","1.680","1.637","-2.02%"
"10/22/2018","1.680","1.698","1.711","1.672","-1.18%"
"10/20/2018","1.700","1.700","1.700","1.700","0.35%"
"10/19/2018","1.694","1.694","1.723","1.676","0.06%"
"10/18/2018","1.693","1.695","1.717","1.674","0.06%"
"10/17/2018","1.692","1.697","1.706","1.670","-0.65%"
"10/16/2018","1.703","1.734","1.742","1.695","-1.33%"
"10/15/2018","1.726","1.709","1.741","1.704","0.06%"
"10/12/2018","1.725","1.748","1.758","1.712","0.00%"
"10/11/2018","1.725","1.703","1.744","1.695","-0.86%"
"10/10/2018","1.740","1.728","1.768","1.715","0.12%"
"10/09/2018","1.738","1.734","1.774","1.726","0.29%"
"10/08/2018","1.733","1.751","1.760","1.715","0.06%"
"10/05/2018","1.732","1.712","1.742","1.700","1.64%"
"10/04/2018","1.704","1.730","1.741","1.690","1.49%"
"10/03/2018","1.679","1.676","1.690","1.657","0.72%"
"10/02/2018","1.667","1.683","1.693","1.645","-1.30%"
"10/01/2018","1.689","1.684","1.714","1.672","0.96%"
"09/28/2018","1.673","1.674","1.686","1.639","-1.06%"
"09/27/2018","1.691","1.674","1.701","1.664","-1.05%"
"09/26/2018","1.709","1.722","1.730","1.696","-1.50%"
"09/25/2018","1.735","1.710","1.737","1.699","1.58%"
"09/24/2018","1.708","1.677","1.723","1.666","1.61%"
"09/21/2018","1.681","1.691","1.699","1.666","-0.59%"
"09/20/2018","1.691","1.695","1.712","1.677","-0.47%"
"09/19/2018","1.699","1.686","1.705","1.667","1.13%"
"09/18/2018","1.680","1.668","1.690","1.637","1.27%"
"09/17/2018","1.659","1.661","1.685","1.653","1.59%"
"09/16/2018","1.633","1.634","1.637","1.623","-2.57%"
"09/14/2018","1.676","1.644","1.681","1.633","2.26%"
"09/13/2018","1.639","1.631","1.662","1.616","0.92%"
"09/12/2018","1.624","1.647","1.653","1.614","-1.64%"
"09/11/2018","1.651","1.626","1.660","1.621","1.73%"
"09/10/2018","1.623","1.623","1.635","1.603","-0.31%"
"09/07/2018","1.628","1.603","1.635","1.595","1.18%"
"09/06/2018","1.609","1.631","1.636","1.597","-0.98%"
"09/05/2018","1.625","1.587","1.641","1.587","1.37%"
"09/04/2018","1.603","1.611","1.622","1.589","0.31%"
"09/03/2018","1.598","1.598","1.608","1.580","0.00%"
"08/31/2018","1.598","1.587","1.620","1.575","0.69%"
"08/30/2018","1.587","1.643","1.645","1.587","-2.64%"
"08/29/2018","1.630","1.613","1.653","1.601","0.12%"
"08/28/2018","1.628","1.607","1.635","1.585","1.50%"
"08/27/2018","1.604","1.576","1.612","1.557","1.39%"
"08/25/2018","1.582","1.582","1.582","1.582","0.38%"
"08/24/2018","1.576","1.577","1.599","1.561","-0.63%"
"08/23/2018","1.586","1.571","1.589","1.558","0.00%"
"08/22/2018","1.586","1.560","1.596","1.555","0.76%"
"08/21/2018","1.574","1.571","1.583","1.555","0.96%"
"08/20/2018","1.559","1.566","1.580","1.553","-1.14%"
"08/18/2018","1.577","1.577","1.577","1.577","0.38%"
"08/17/2018","1.571","1.571","1.579","1.549","0.06%"
"08/16/2018","1.570","1.578","1.584","1.556","0.90%"
"08/15/2018","1.556","1.570","1.589","1.555","-1.58%"
"08/14/2018","1.581","1.578","1.587","1.563","0.13%"
"08/13/2018","1.579","1.564","1.585","1.552","1.87%"
"08/10/2018","1.550","1.582","1.589","1.549","-3.06%"
"08/09/2018","1.599","1.602","1.617","1.584","-0.56%"
"08/08/2018","1.608","1.589","1.612","1.568","0.69%"
"08/07/2018","1.597","1.597","1.607","1.577","0.25%"
"08/06/2018","1.593","1.609","1.627","1.576","-1.30%"
"08/04/2018","1.614","1.614","1.614","1.614","0.31%"
"08/03/2018","1.609","1.647","1.652","1.606","-2.66%"
"08/02/2018","1.653","1.643","1.666","1.620","-0.06%"
"08/01/2018","1.654","1.609","1.656","1.607","3.38%"
"07/31/2018","1.600","1.586","1.624","1.574","-1.72%"
"07/30/2018","1.628","1.582","1.640","1.570","3.50%"
"07/28/2018","1.573","1.573","1.573","1.573","-0.57%"
"07/27/2018","1.582","1.568","1.590","1.565","0.13%"
"07/26/2018","1.580","1.579","1.593","1.555","0.96%"
"07/25/2018","1.565","1.568","1.575","1.551","-0.89%"
"07/24/2018","1.579","1.596","1.616","1.569","-1.19%"
"07/23/2018","1.598","1.596","1.607","1.570","1.72%"
"07/20/2018","1.571","1.520","1.576","1.515","3.15%"
"07/19/2018","1.523","1.539","1.554","1.520","-0.33%"
"07/18/2018","1.528","1.523","1.530","1.503","0.53%"
"07/17/2018","1.520","1.540","1.544","1.512","-1.49%"
"07/16/2018","1.543","1.507","1.551","1.505","1.65%"
"07/14/2018","1.518","1.518","1.518","1.518","0.20%"
"07/13/2018","1.515","1.521","1.525","1.490","0.07%"
"07/12/2018","1.514","1.542","1.553","1.509","-1.30%"
"07/11/2018","1.534","1.530","1.546","1.514","-0.39%"
"07/10/2018","1.540","1.540","1.563","1.532","-0.39%"
"07/09/2018","1.546","1.507","1.554","1.507","2.45%"
"07/07/2018","1.509","1.509","1.509","1.509","0.20%"
"07/06/2018","1.506","1.503","1.521","1.487","1.07%"
"07/05/2018","1.490","1.503","1.535","1.489","-0.60%"
"07/04/2018","1.499","1.498","1.511","1.477","0.74%"
"07/03/2018","1.488","1.522","1.533","1.482","-2.17%"
"07/02/2018","1.521","1.544","1.563","1.509","-1.30%"
"06/29/2018","1.541","1.629","1.643","1.532","-5.58%"
"06/28/2018","1.632","1.652","1.665","1.613","-1.51%"
"06/27/2018","1.657","1.698","1.700","1.642","-2.13%"
"06/26/2018","1.693","1.690","1.714","1.673","1.26%"
"06/25/2018","1.672","1.662","1.704","1.651","-0.12%"
"06/23/2018","1.674","1.674","1.674","1.674","0.12%"
"06/22/2018","1.672","1.672","1.684","1.649","0.84%"
"06/21/2018","1.658","1.663","1.676","1.629","0.24%"
"06/20/2018","1.654","1.646","1.661","1.629","0.49%"
"06/19/2018","1.646","1.651","1.676","1.628","-1.91%"
"06/18/2018","1.678","1.651","1.684","1.646","0.90%"
"06/17/2018","1.663","1.663","1.663","1.663","0.36%"
"06/16/2018","1.657","1.663","1.663","1.657","0.67%"
"06/15/2018","1.646","1.666","1.674","1.629","-0.72%"
"06/14/2018","1.658","1.705","1.727","1.648","-2.07%"
"06/13/2018","1.693","1.710","1.735","1.688","-1.68%"
"06/12/2018","1.722","1.748","1.757","1.720","-0.75%"
"06/11/2018","1.735","1.710","1.757","1.699","2.00%"
"06/08/2018","1.701","1.715","1.732","1.677","-1.16%"
"06/07/2018","1.721","1.724","1.755","1.707","0.41%"
"06/06/2018","1.714","1.658","1.720","1.642","5.28%"
"06/05/2018","1.628","1.634","1.646","1.610","-0.25%"
"06/04/2018","1.632","1.641","1.648","1.595","1.68%"
"06/01/2018","1.605","1.625","1.648","1.592","-0.12%"
"05/31/2018","1.607","1.653","1.678","1.596","-3.13%"
"05/30/2018","1.659","1.636","1.685","1.626","1.78%"
"05/29/2018","1.630","1.649","1.705","1.615","-1.33%"
"05/28/2018","1.652","1.679","1.696","1.634","-0.66%"
"05/25/2018","1.663","1.682","1.702","1.651","-0.89%"
"05/24/2018","1.678","1.736","1.753","1.673","-3.12%"
"05/23/2018","1.732","1.717","1.753","1.683","-0.12%"
"05/22/2018","1.734","1.708","1.743","1.701","-0.17%"
"05/21/2018","1.737","1.721","1.746","1.713","1.46%"
"05/20/2018","1.712","1.712","1.712","1.712","-0.52%"
"05/18/2018","1.721","1.741","1.764","1.706","-0.81%"
"05/17/2018","1.735","1.753","1.757","1.709","1.46%"
"05/16/2018","1.710","1.711","1.729","1.686","-0.41%"
"05/15/2018","1.717","1.706","1.730","1.688","0.70%"
"05/14/2018","1.705","1.648","1.707","1.646","2.96%"
"05/12/2018","1.656","1.656","1.656","1.656","-0.24%"
"05/11/2018","1.660","1.658","1.673","1.643","0.48%"
"05/10/2018","1.652","1.672","1.686","1.636","-1.02%"
"05/09/2018","1.669","1.681","1.702","1.663","-0.42%"
"05/08/2018","1.676","1.636","1.686","1.632","2.26%"
"05/07/2018","1.639","1.648","1.661","1.625","-0.36%"
"05/04/2018","1.645","1.637","1.664","1.620","0.73%"
"05/03/2018","1.633","1.660","1.678","1.622","-1.09%"
"05/02/2018","1.651","1.650","1.673","1.637","0.92%"
"05/01/2018","1.636","1.638","1.638","1.636","-0.37%"
"04/30/2018","1.642","1.638","1.661","1.629","0.67%"
"04/27/2018","1.631","1.630","1.648","1.615","-1.27%"
"04/26/2018","1.652","1.679","1.692","1.632","-2.25%"
"04/25/2018","1.690","1.676","1.701","1.669","0.06%"
"04/24/2018","1.689","1.669","1.711","1.654","1.20%"
"04/23/2018","1.669","1.675","1.695","1.662","1.34%"
"04/21/2018","1.647","1.647","1.647","1.647","-1.32%"
"04/20/2018","1.669","1.639","1.673","1.628","1.64%"
"04/19/2018","1.642","1.605","1.655","1.592","3.34%"
"04/18/2018","1.589","1.588","1.600","1.560","-0.38%"
"04/17/2018","1.595","1.614","1.623","1.577","-0.56%"
"04/16/2018","1.604","1.603","1.646","1.598","0.25%"
"04/14/2018","1.600","1.599","1.600","1.599","0.69%"
"04/13/2018","1.589","1.599","1.635","1.588","-0.38%"
"04/12/2018","1.595","1.586","1.606","1.572","1.79%"
"04/11/2018","1.567","1.588","1.602","1.555","-1.63%"
"04/10/2018","1.593","1.591","1.615","1.569","-0.62%"
"04/09/2018","1.603","1.588","1.609","1.579","1.39%"
"04/06/2018","1.581","1.591","1.617","1.581","-1.80%"
"04/05/2018","1.610","1.586","1.621","1.575","2.74%"
"04/04/2018","1.567","1.582","1.598","1.552","-2.00%"
"04/03/2018","1.599","1.565","1.607","1.563","1.59%"
"03/30/2018","1.574","1.561","1.576","1.561","0.00%"
"03/29/2018","1.574","1.579","1.594","1.558","0.90%"
"03/28/2018","1.560","1.564","1.577","1.530","-0.38%"
"03/27/2018","1.566","1.592","1.603","1.562","-1.39%"
"03/26/2018","1.588","1.588","1.610","1.577","0.13%"
"03/24/2018","1.586","1.584","1.586","1.584","0.44%"
"03/23/2018","1.579","1.585","1.609","1.569","-0.38%"
"03/22/2018","1.585","1.633","1.635","1.569","-4.52%"
"03/21/2018","1.660","1.643","1.675","1.640","1.10%"
"03/20/2018","1.642","1.661","1.673","1.640","-0.79%"
"03/19/2018","1.655","1.670","1.700","1.644","-0.42%"
"03/17/2018","1.662","1.660","1.662","1.660","0.48%"
"03/16/2018","1.654","1.671","1.676","1.645","-0.78%"
"03/15/2018","1.667","1.696","1.704","1.651","-0.77%"
"03/14/2018","1.680","1.697","1.736","1.680","-1.70%"
"03/13/2018","1.709","1.706","1.728","1.692","-0.06%"
"03/12/2018","1.710","1.729","1.742","1.695","-0.98%"
"03/09/2018","1.727","1.701","1.740","1.690","1.83%"
"03/08/2018","1.696","1.719","1.751","1.686","-1.51%"
"03/07/2018","1.722","1.770","1.779","1.714","-2.27%"
"03/06/2018","1.762","1.746","1.783","1.724","2.80%"
"03/05/2018","1.714","1.707","1.737","1.693","-0.98%"
"03/03/2018","1.731","1.739","1.739","1.731","0.35%"
"03/02/2018","1.725","1.709","1.736","1.701","0.23%"
"03/01/2018","1.721","1.737","1.740","1.705","-0.75%"
"02/28/2018","1.734","1.766","1.775","1.723","-1.76%"
"02/27/2018","1.765","1.752","1.774","1.731","0.63%"
"02/26/2018","1.754","1.758","1.785","1.748","-0.68%"
"02/23/2018","1.766","1.813","1.821","1.759","-2.54%"
"02/22/2018","1.812","1.844","1.848","1.806","-0.93%"
"02/21/2018","1.829","1.822","1.837","1.808","-0.16%"
"02/20/2018","1.832","1.837","1.854","1.790","0.66%"
"02/19/2018","1.820","1.776","1.832","1.776","2.54%"
"02/18/2018","1.775","1.775","1.775","1.775","0.40%"
"02/16/2018","1.768","1.814","1.815","1.766","-1.67%"
"02/15/2018","1.798","1.809","1.838","1.791","0.17%"
"02/14/2018","1.795","1.774","1.818","1.762","1.01%"
"02/13/2018","1.777","1.744","1.794","1.718","2.30%"
"02/12/2018","1.737","1.771","1.778","1.725","-0.12%"
"02/09/2018","1.739","1.762","1.772","1.727","-1.92%"
"02/08/2018","1.773","1.770","1.791","1.738","0.80%"
"02/07/2018","1.759","1.775","1.784","1.736","-0.23%"
"02/06/2018","1.763","1.767","1.786","1.729","-2.27%"
"02/05/2018","1.804","1.813","1.823","1.775","0.45%"
"02/02/2018","1.796","1.806","1.821","1.772","0.96%"
"02/01/2018","1.779","1.793","1.811","1.769","0.00%"
"01/31/2018","1.779","1.802","1.805","1.735","-1.55%"
"01/30/2018","1.807","1.790","1.825","1.783","0.67%"
"01/29/2018","1.795","1.776","1.802","1.754","1.93%"
"01/26/2018","1.761","1.750","1.768","1.718","-0.68%"
"01/25/2018","1.773","1.773","1.818","1.755","-1.01%"
"01/24/2018","1.791","1.776","1.806","1.766","1.59%"
"01/23/2018","1.763","1.768","1.770","1.734","-0.51%"
"01/22/2018","1.772","1.786","1.806","1.770","-0.34%"
"01/19/2018","1.778","1.783","1.798","1.758","0.57%"
"01/18/2018","1.768","1.769","1.786","1.755","1.90%"
"01/17/2018","1.735","1.757","1.757","1.730","-0.57%"
"01/16/2018","1.745","1.783","1.790","1.724","-2.84%"
"01/15/2018","1.796","1.782","1.798","1.762","1.07%"
"01/12/2018","1.777","1.810","1.822","1.752","-1.77%"
"01/11/2018","1.809","1.759","1.820","1.740","0.95%"
"01/10/2018","1.792","1.809","1.814","1.773","0.84%"
"01/09/2018","1.777","1.761","1.784","1.731","2.01%"
"01/08/2018","1.742","1.762","1.778","1.728","-0.97%"
"01/05/2018","1.759","1.748","1.768","1.728","0.80%"
"01/04/2018","1.745","1.783","1.794","1.743","-1.58%"
"01/03/2018","1.773","1.819","1.821","1.753","-2.26%"
"01/02/2018","1.814","1.778","1.818","1.778","2.95%"
"12/29/2017","1.762","1.735","1.763","1.722","1.85%"
"12/28/2017","1.730","1.690","1.732","1.678","3.10%"
"12/27/2017","1.678","1.694","1.713","1.672","-1.53%"
"12/26/2017","1.704","1.704","1.704","1.704","0.00%"
"12/25/2017","1.704","1.698","1.704","1.698","0.29%"
"12/22/2017","1.699","1.699","1.706","1.679","0.30%"
"12/21/2017","1.694","1.707","1.725","1.689","-1.40%"
"12/20/2017","1.718","1.652","1.725","1.651","3.56%"
"12/19/2017","1.659","1.589","1.672","1.575","5.40%"
"12/18/2017","1.574","1.581","1.594","1.553","-0.63%"
"12/16/2017","1.584","1.584","1.584","1.584","0.38%"
"12/15/2017","1.578","1.598","1.608","1.572","-1.87%"
"12/14/2017","1.608","1.638","1.650","1.608","-1.53%"
"12/13/2017","1.633","1.615","1.657","1.594","1.24%"
"12/12/2017","1.613","1.588","1.621","1.575","1.70%"
"12/11/2017","1.586","1.610","1.613","1.578","-1.06%"
"12/08/2017","1.603","1.607","1.629","1.592","1.26%"
"12/07/2017","1.583","1.568","1.614","1.567","0.96%"
"12/06/2017","1.568","1.587","1.603","1.559","-2.67%"
"12/05/2017","1.611","1.625","1.633","1.597","-0.43%"
"12/04/2017","1.618","1.603","1.629","1.589","2.60%"
"12/02/2017","1.577","1.579","1.579","1.577","-1.56%"
"12/01/2017","1.602","1.659","1.659","1.592","-2.73%"
"11/30/2017","1.647","1.670","1.697","1.640","-2.14%"
"11/29/2017","1.683","1.647","1.694","1.640","2.68%"
"11/28/2017","1.639","1.637","1.655","1.621","-0.12%"
"11/27/2017","1.641","1.655","1.663","1.627","-0.30%"
"11/24/2017","1.646","1.636","1.673","1.624","0.92%"
"11/23/2017","1.631","1.624","1.641","1.614","-0.12%"
"11/22/2017","1.633","1.639","1.652","1.613","-0.73%"
"11/21/2017","1.645","1.696","1.702","1.627","-3.12%"
"11/20/2017","1.698","1.718","1.724","1.690","-1.91%"
"11/17/2017","1.731","1.741","1.756","1.720","-0.29%"
"11/16/2017","1.736","1.738","1.768","1.729","-0.46%"
"11/15/2017","1.744","1.759","1.768","1.708","-1.47%"
"11/14/2017","1.770","1.797","1.813","1.763","-1.06%"
"11/13/2017","1.789","1.747","1.799","1.747","1.07%"
"11/10/2017","1.770","1.764","1.770","1.748","0.34%"
"11/09/2017","1.764","1.696","1.768","1.687","4.56%"
"11/08/2017","1.687","1.681","1.696","1.665","-0.06%"
"11/07/2017","1.688","1.725","1.736","1.685","-1.63%"
"11/06/2017","1.716","1.729","1.739","1.705","-1.27%"
"11/03/2017","1.738","1.746","1.752","1.716","-0.06%"
"11/02/2017","1.739","1.739","1.775","1.736","0.00%"
"11/01/2017","1.739","1.735","1.761","1.724","0.46%"
"10/31/2017","1.731","1.765","1.775","1.731","-1.70%"
"10/30/2017","1.761","1.793","1.804","1.758","-2.38%"
"10/29/2017","1.804","1.804","1.804","1.804","0.45%"
"10/27/2017","1.796","1.825","1.841","1.795","-1.97%"
"10/26/2017","1.832","1.836","1.855","1.798","-1.24%"
"10/25/2017","1.855","1.847","1.871","1.828","0.27%"
"10/24/2017","1.850","1.819","1.854","1.809","1.82%"
"10/23/2017","1.817","1.836","1.842","1.807","-1.20%"
"10/22/2017","1.839","1.839","1.839","1.839","0.44%"
"10/20/2017","1.831","1.776","1.847","1.774","3.27%"
"10/19/2017","1.773","1.771","1.787","1.750","0.51%"
"10/18/2017","1.764","1.728","1.773","1.726","1.32%"
"10/17/2017","1.741","1.748","1.763","1.727","-0.29%"
"10/16/2017","1.746","1.781","1.798","1.745","-1.97%"
"10/13/2017","1.781","1.815","1.819","1.770","-2.20%"
"10/12/2017","1.821","1.832","1.844","1.803","-0.11%"
"10/11/2017","1.823","1.816","1.842","1.812","0.66%"
"10/10/2017","1.811","1.818","1.842","1.797","-0.17%"
"10/09/2017","1.814","1.837","1.842","1.812","-1.20%"
"10/06/2017","1.836","1.838","1.875","1.825","0.00%"
"10/05/2017","1.836","1.845","1.865","1.804","-0.43%"
"10/04/2017","1.844","1.849","1.855","1.807","-0.38%"
"10/03/2017","1.851","1.831","1.884","1.831","1.09%"
"10/02/2017","1.831","1.835","1.880","1.823","-0.87%"
"09/29/2017","1.847","1.877","1.881","1.836","-1.86%"
"09/28/2017","1.882","1.894","1.910","1.873","1.13%"
"09/27/2017","1.861","1.807","1.885","1.803","2.87%"
"09/26/2017","1.809","1.798","1.818","1.787","0.56%"
"09/25/2017","1.799","1.835","1.839","1.772","-1.15%"
"09/22/2017","1.820","1.834","1.845","1.812","-1.03%"
"09/21/2017","1.839","1.849","1.874","1.829","0.33%"
"09/20/2017","1.833","1.845","1.852","1.812","0.05%"
"09/19/2017","1.832","1.857","1.862","1.816","-1.40%"
"09/18/2017","1.858","1.842","1.871","1.813","0.81%"
"09/15/2017","1.843","1.830","1.849","1.816","0.93%"
"09/14/2017","1.826","1.830","1.850","1.813","-0.05%"
"09/13/2017","1.827","1.834","1.849","1.816","-0.38%"
"09/12/2017","1.834","1.767","1.834","1.764","3.79%"
"09/11/2017","1.767","1.765","1.783","1.757","0.40%"
"09/08/2017","1.760","1.720","1.773","1.719","1.38%"
"09/07/2017","1.736","1.782","1.788","1.727","-1.03%"
"09/06/2017","1.754","1.752","1.770","1.738","-0.34%"
"09/05/2017","1.760","1.789","1.823","1.750","-2.00%"
"09/04/2017","1.796","1.777","1.803","1.775","0.00%"
"09/01/2017","1.796","1.747","1.812","1.732","2.80%"
"08/31/2017","1.747","1.764","1.777","1.731","-0.80%"
"08/30/2017","1.761","1.752","1.775","1.742","0.74%"
"08/29/2017","1.748","1.777","1.779","1.728","-1.74%"
"08/28/2017","1.779","1.780","1.802","1.771","-0.34%"
"08/25/2017","1.785","1.773","1.815","1.767","0.79%"
"08/24/2017","1.771","1.749","1.780","1.749","1.20%"
"08/23/2017","1.750","1.780","1.807","1.749","-1.63%"
"08/22/2017","1.779","1.758","1.796","1.742","1.25%"
"08/21/2017","1.757","1.776","1.780","1.743","-0.06%"
"08/18/2017","1.758","1.790","1.790","1.739","-1.95%"
"08/17/2017","1.793","1.787","1.813","1.779","-0.39%"
"08/16/2017","1.800","1.785","1.821","1.765","1.29%"
"08/15/2017","1.777","1.733","1.814","1.733","1.60%"
"08/14/2017","1.749","1.723","1.770","1.721","1.80%"
"08/12/2017","1.718","1.718","1.718","1.718","-0.06%"
"08/11/2017","1.719","1.736","1.746","1.708","-1.43%"
"08/10/2017","1.744","1.763","1.773","1.730","-1.02%"
"08/09/2017","1.762","1.790","1.801","1.748","-2.44%"
"08/08/2017","1.806","1.789","1.809","1.771","1.18%"
"08/07/2017","1.785","1.791","1.809","1.766","-0.39%"
"08/06/2017","1.792","1.792","1.792","1.792","0.45%"
"08/04/2017","1.784","1.754","1.803","1.752","1.13%"
"08/03/2017","1.764","1.789","1.810","1.756","-1.45%"
"08/02/2017","1.790","1.790","1.813","1.783","0.11%"
"08/01/2017","1.788","1.859","1.870","1.788","-4.08%"
"07/31/2017","1.864","1.862","1.898","1.857","-1.43%"
"07/28/2017","1.891","1.868","1.933","1.847","1.29%"
"07/27/2017","1.867","1.845","1.883","1.814","0.32%"
"07/26/2017","1.861","1.846","1.868","1.834","-0.37%"
"07/25/2017","1.868","1.815","1.872","1.790","3.95%"
"07/24/2017","1.797","1.818","1.832","1.791","-0.77%"
"07/21/2017","1.811","1.802","1.819","1.782","-1.09%"
"07/20/2017","1.831","1.830","1.855","1.800","0.77%"
"07/19/2017","1.817","1.864","1.870","1.810","-2.63%"
"07/18/2017","1.866","1.888","1.900","1.848","-0.48%"
"07/17/2017","1.875","1.906","1.906","1.860","-1.11%"
"07/16/2017","1.896","1.896","1.896","1.896","-0.21%"
"07/14/2017","1.900","1.911","1.923","1.854","-1.09%"
"07/13/2017","1.921","1.904","1.928","1.850","0.68%"
"07/12/2017","1.908","1.942","1.952","1.887","-2.75%"
"07/11/2017","1.962","1.939","1.970","1.933","1.24%"
"07/10/2017","1.938","1.961","1.979","1.916","-1.62%"
"07/08/2017","1.970","1.971","1.971","1.970","0.56%"
"07/07/2017","1.959","1.967","1.975","1.930","0.00%"
"07/06/2017","1.959","1.886","1.976","1.878","4.20%"
"07/05/2017","1.880","1.897","1.924","1.867","-0.74%"
"07/04/2017","1.894","1.880","1.899","1.865","0.74%"
"07/03/2017","1.880","1.863","1.884","1.827","1.29%"
"07/02/2017","1.856","1.856","1.856","1.856","0.00%"
"07/01/2017","1.856","1.856","1.856","1.856","-0.38%"
"06/30/2017","1.863","1.832","1.867","1.801","1.91%"
"06/29/2017","1.828","1.768","1.838","1.748","5.30%"
"06/28/2017","1.736","1.800","1.815","1.697","-0.40%"
"06/27/2017","1.743","1.669","1.748","1.649","4.56%"
"06/26/2017","1.667","1.661","1.679","1.620","-0.06%"
"06/25/2017","1.668","1.668","1.668","1.668","0.24%"
"06/23/2017","1.664","1.638","1.674","1.634","1.96%"
"06/22/2017","1.632","1.631","1.646","1.606","-0.31%"
"06/21/2017","1.637","1.645","1.660","1.618","-0.49%"
"06/20/2017","1.645","1.683","1.689","1.644","-2.32%"
"06/19/2017","1.684","1.692","1.719","1.678","-0.77%"
"06/17/2017","1.697","1.689","1.697","1.689","0.65%"
"06/16/2017","1.686","1.692","1.722","1.676","-0.06%"
"06/15/2017","1.687","1.644","1.707","1.630","2.93%"
"06/14/2017","1.639","1.692","1.700","1.634","-3.13%"
"06/13/2017","1.692","1.719","1.734","1.684","-1.05%"
"06/12/2017","1.710","1.763","1.763","1.704","-3.06%"
"06/09/2017","1.764","1.740","1.775","1.716","0.46%"
"06/08/2017","1.756","1.803","1.821","1.744","-1.84%"
"06/07/2017","1.789","1.778","1.805","1.763","0.85%"
"06/06/2017","1.774","1.817","1.821","1.758","-3.06%"
"06/05/2017","1.830","1.799","1.845","1.799","1.61%"
"06/02/2017","1.801","1.829","1.834","1.797","-1.21%"
"06/01/2017","1.823","1.823","1.853","1.810","1.05%"
"05/31/2017","1.804","1.824","1.827","1.789","-1.04%"
"05/30/2017","1.823","1.808","1.839","1.804","0.00%"
"05/29/2017","1.823","1.837","1.855","1.822","-0.11%"
"05/26/2017","1.825","1.868","1.888","1.817","2.47%"
"05/25/2017","1.781","1.811","1.826","1.768","-1.98%"
"05/24/2017","1.817","1.825","1.840","1.786","0.00%"
"05/23/2017","1.817","1.824","1.848","1.799","-0.71%"
"05/22/2017","1.830","1.800","1.861","1.785","1.52%"
"05/21/2017","1.803","1.803","1.803","1.803","0.20%"
"05/19/2017","1.799","1.787","1.811","1.780","0.11%"
"05/18/2017","1.797","1.813","1.836","1.762","-1.26%"
"05/17/2017","1.820","1.873","1.876","1.816","-2.36%"
"05/16/2017","1.864","1.896","1.902","1.857","-1.22%"
"05/15/2017","1.887","1.846","1.892","1.833","3.06%"
"05/12/2017","1.831","1.869","1.875","1.829","-1.66%"
"05/11/2017","1.862","1.856","1.883","1.838","2.31%"
"05/10/2017","1.820","1.865","1.870","1.804","-2.36%"
"05/09/2017","1.864","1.833","1.879","1.828","2.36%"
"05/08/2017","1.821","1.827","1.831","1.778","0.43%"
"05/07/2017","1.813","1.813","1.813","1.813","0.00%"
"05/05/2017","1.813","1.812","1.826","1.785","-0.06%"
"05/04/2017","1.814","1.789","1.821","1.789","1.68%"
"05/03/2017","1.784","1.797","1.802","1.774","-0.28%"
"05/02/2017","1.789","1.813","1.829","1.785","-0.74%"
"05/01/2017","1.802","1.800","1.802","1.800","0.58%"
"04/28/2017","1.792","1.793","1.860","1.788","0.56%"
"04/27/2017","1.782","1.840","1.847","1.779","-3.15%"
"04/26/2017","1.840","1.838","1.858","1.817","0.38%"
"04/25/2017","1.833","1.758","1.838","1.742","3.68%"
"04/24/2017","1.768","1.836","1.842","1.734","-2.89%"
"04/22/2017","1.821","1.821","1.821","1.821","-1.27%"
"04/21/2017","1.844","1.823","1.850","1.755","0.99%"
"04/20/2017","1.826","1.844","1.865","1.818","-0.92%"
"04/19/2017","1.843","1.863","1.872","1.813","-1.50%"
"04/18/2017","1.871","1.889","1.906","1.852","-1.11%"
"04/17/2017","1.892","1.888","1.905","1.854","0.00%"
"04/14/2017","1.892","1.888","1.905","1.854","0.53%"
"04/13/2017","1.882","1.888","1.896","1.854","-0.95%"
"04/12/2017","1.900","1.950","1.962","1.898","-2.46%"
"04/11/2017","1.948","1.936","1.982","1.933","0.31%"
"04/10/2017","1.942","1.942","1.957","1.918","2.17%"
"04/09/2017","1.901","1.901","1.901","1.901","0.00%"
"04/08/2017","1.901","1.901","1.901","1.901","0.51%"
"04/07/2017","1.891","1.889","1.915","1.872","-0.73%"
"04/06/2017","1.905","1.929","1.938","1.902","-1.91%"
"04/05/2017","1.942","1.934","1.949","1.908","0.73%"
"04/04/2017","1.928","1.971","1.973","1.901","-1.93%"
"04/03/2017","1.966","1.974","2.001","1.966","-0.50%"
"04/01/2017","1.976","1.976","1.976","1.976","0.19%"
"03/31/2017","1.972","1.962","1.981","1.946","1.02%"
"03/30/2017","1.952","1.918","1.962","1.912","1.19%"
"03/29/2017","1.929","1.945","1.960","1.896","0.57%"
"03/28/2017","1.918","1.954","1.964","1.904","-1.74%"
"03/27/2017","1.952","1.957","1.957","1.891","-0.63%"
"03/26/2017","1.964","1.958","1.964","1.958","0.33%"
"03/25/2017","1.958","1.958","1.964","1.958","-0.77%"
"03/24/2017","1.973","2.029","2.033","1.960","-1.94%"
"03/23/2017","2.012","2.010","2.015","1.970","0.30%"
"03/22/2017","2.006","2.055","2.061","1.991","-2.53%"
"03/21/2017","2.058","2.101","2.113","2.039","-1.48%"
"03/20/2017","2.089","2.067","2.124","2.065","0.31%"
"03/18/2017","2.083","2.083","2.083","2.083","0.56%"
"03/17/2017","2.071","2.079","2.121","2.065","-0.29%"
"03/16/2017","2.077","1.997","2.095","1.955","3.18%"
"03/15/2017","2.013","2.080","2.091","2.010","-2.71%"
"03/14/2017","2.069","2.077","2.112","2.068","-0.05%"
"03/13/2017","2.070","2.122","2.130","2.043","-3.41%"
"03/10/2017","2.143","2.115","2.148","2.095","2.73%"
"03/09/2017","2.086","2.042","2.090","2.005","2.15%"
"03/08/2017","2.042","1.989","2.057","1.987","2.56%"
"03/07/2017","1.991","1.953","2.003","1.949","1.79%"
"03/06/2017","1.956","1.913","1.965","1.901","1.97%"
"03/04/2017","1.918","1.921","1.921","1.918","-1.23%"
"03/03/2017","1.942","1.925","1.957","1.906","1.25%"
"03/02/2017","1.918","1.916","1.949","1.905","-0.21%"
"03/01/2017","1.922","1.911","1.930","1.873","3.39%"
"02/28/2017","1.859","1.860","1.890","1.838","-0.38%"
"02/27/2017","1.866","1.894","1.897","1.847","-1.11%"
"02/24/2017","1.887","1.969","1.988","1.887","-5.27%"
"02/23/2017","1.992","2.009","2.017","1.934","-1.87%"
"02/22/2017","2.030","2.103","2.125","2.015","-2.87%"
"02/21/2017","2.090","2.078","2.125","2.073","1.51%"
"02/20/2017","2.059","2.061","2.122","2.035","0.15%"
"02/17/2017","2.056","2.056","2.093","2.030","0.19%"
"02/16/2017","2.052","2.117","2.133","2.045","-3.48%"
"02/15/2017","2.126","2.095","2.131","2.083","1.05%"
"02/14/2017","2.104","2.066","2.106","2.049","1.54%"
"02/13/2017","2.072","2.085","2.121","2.063","-0.10%"
"02/10/2017","2.074","2.012","2.093","2.011","3.96%"
"02/09/2017","1.995","2.044","2.053","1.966","-2.68%"
"02/08/2017","2.050","2.143","2.175","2.050","-4.47%"
"02/07/2017","2.146","2.147","2.163","2.114","0.47%"
"02/06/2017","2.136","2.088","2.147","2.081","2.24%"
"02/04/2017","2.089","2.089","2.089","2.089","0.98%"
"02/03/2017","2.069","2.045","2.076","2.040","2.58%"
"02/02/2017","2.017","2.079","2.109","2.003","-2.61%"
"02/01/2017","2.071","2.045","2.111","2.035","3.76%"
"01/31/2017","1.996","2.035","2.075","1.994","-1.48%"
"01/30/2017","2.026","2.009","2.095","2.005","0.22%"
"01/28/2017","2.022","2.022","2.022","2.022","-0.07%"
"01/27/2017","2.023","2.033","2.045","1.995","-1.27%"
"01/26/2017","2.049","1.997","2.059","1.986","2.86%"
"01/25/2017","1.992","1.937","1.995","1.915","6.01%"
"01/24/2017","1.879","1.897","1.907","1.874","-0.42%"
"01/23/2017","1.887","1.921","1.974","1.886","-2.48%"
"01/20/2017","1.935","1.872","1.945","1.853","3.20%"
"01/19/2017","1.875","1.866","1.891","1.846","2.57%"
"01/18/2017","1.828","1.806","1.831","1.795","1.61%"
"01/17/2017","1.799","1.806","1.810","1.739","-0.94%"
"01/16/2017","1.816","1.796","1.837","1.785","-0.22%"
"01/13/2017","1.820","1.806","1.834","1.758","3.59%"
"01/12/2017","1.757","1.709","1.768","1.676","1.21%"
"01/11/2017","1.736","1.772","1.778","1.715","-1.36%"
"01/10/2017","1.760","1.767","1.788","1.739","-0.90%"
"01/09/2017","1.776","1.799","1.837","1.744","-0.45%"
"01/06/2017","1.784","1.762","1.790","1.723","1.48%"
"01/05/2017","1.758","1.765","1.822","1.753","-1.35%"
"01/04/2017","1.782","1.737","1.790","1.722","1.95%"
"01/03/2017","1.748","1.633","1.764","1.622","8.17%"
"01/02/2017","1.616","1.632","1.639","1.588","0.00%"
"12/30/2016","1.616","1.541","1.639","1.531","6.18%"
"12/29/2016","1.522","1.531","1.537","1.499","-2.81%"
"12/28/2016","1.566","1.533","1.573","1.512","2.35%"
"12/27/2016","1.530","1.564","1.571","1.516","-1.49%"
"12/26/2016","1.553","1.554","1.554","1.553","-0.75%"
"12/23/2016","1.565","1.598","1.598","1.553","-2.07%"
"12/22/2016","1.598","1.556","1.614","1.541","1.78%"
"12/21/2016","1.570","1.597","1.599","1.551","-1.13%"
"12/20/2016","1.588","1.610","1.618","1.570","-0.75%"
"12/19/2016","1.600","1.682","1.696","1.600","-5.72%"
"12/16/2016","1.697","1.695","1.697","1.639","-1.96%"
"12/15/2016","1.731","1.757","1.806","1.698","3.96%"
"12/14/2016","1.665","1.730","1.736","1.658","-5.07%"
"12/13/2016","1.754","1.820","1.827","1.721","-5.24%"
"12/12/2016","1.851","1.822","1.896","1.822","5.65%"
"12/09/2016","1.752","1.737","1.791","1.697","1.27%"
"12/08/2016","1.730","1.617","1.735","1.605","8.40%"
"12/07/2016","1.596","1.654","1.655","1.580","-2.68%"
"12/06/2016","1.640","1.644","1.645","1.556","-0.91%"
"12/05/2016","1.655","1.562","1.672","1.561","5.35%"
"12/02/2016","1.571","1.652","1.681","1.568","-3.86%"
"12/01/2016","1.634","1.610","1.672","1.591","3.88%"
"11/30/2016","1.573","1.515","1.596","1.481","2.81%"
"11/29/2016","1.530","1.575","1.579","1.496","-2.92%"
"11/28/2016","1.576","1.570","1.594","1.553","-0.88%"
"11/25/2016","1.590","1.592","1.625","1.571","0.63%"
"11/24/2016","1.580","1.574","1.608","1.528","-0.32%"
"11/23/2016","1.585","1.532","1.633","1.502","4.69%"
"11/22/2016","1.514","1.537","1.539","1.463","0.20%"
"11/21/2016","1.511","1.526","1.561","1.501","-0.46%"
"11/18/2016","1.518","1.574","1.599","1.465","0.26%"
"11/17/2016","1.514","1.504","1.537","1.454","-0.39%"
"11/16/2016","1.520","1.523","1.561","1.501","0.80%"
"11/15/2016","1.508","1.608","1.611","1.484","-7.37%"
"11/14/2016","1.628","1.607","1.719","1.603","5.58%"
"11/11/2016","1.542","1.506","1.604","1.477","3.28%"
"11/10/2016","1.493","1.362","1.528","1.350","16.01%"
"11/09/2016","1.287","1.212","1.326","1.208","1.82%"
"11/08/2016","1.264","1.237","1.272","1.225","2.93%"
"11/07/2016","1.228","1.273","1.277","1.222","-0.32%"
"11/04/2016","1.232","1.270","1.273","1.215","-3.22%"
"11/03/2016","1.273","1.262","1.290","1.252","1.35%"
"11/02/2016","1.256","1.288","1.288","1.235","-5.06%"
"11/01/2016","1.323","1.292","1.332","1.284","2.48%"
"10/31/2016","1.291","1.291","1.307","1.275","-0.62%"
"10/28/2016","1.299","1.324","1.366","1.283","-2.62%"
"10/27/2016","1.334","1.211","1.339","1.195","10.25%"
"10/26/2016","1.210","1.120","1.218","1.105","8.33%"
"10/25/2016","1.117","1.120","1.139","1.103","-0.27%"
"10/24/2016","1.120","1.082","1.122","1.055","3.70%"
"10/21/2016","1.080","1.076","1.090","1.057","-0.46%"
"10/20/2016","1.085","1.131","1.163","1.082","-4.24%"
"10/19/2016","1.133","1.149","1.149","1.115","-0.87%"
"10/18/2016","1.143","1.167","1.185","1.141","-1.64%"
"10/17/2016","1.162","1.152","1.203","1.152","1.61%"
"10/15/2016","1.144","1.144","1.144","1.144","0.00%"
"10/14/2016","1.144","1.135","1.149","1.126","2.79%"
"10/13/2016","1.113","1.151","1.161","1.108","-5.44%"
"10/12/2016","1.177","1.156","1.181","1.130","3.43%"
"10/11/2016","1.138","1.166","1.171","1.130","-2.57%"
"10/10/2016","1.168","1.122","1.172","1.115","2.77%"
"10/08/2016","1.137","1.129","1.137","1.129","0.93%"
"10/07/2016","1.126","1.119","1.157","1.112","0.63%"
"10/06/2016","1.119","1.131","1.145","1.066","-1.32%"
"10/05/2016","1.134","1.062","1.134","1.052","11.83%"
"10/04/2016","1.014","1.015","1.020","0.988","1.30%"
"10/03/2016","1.001","0.976","1.008","0.965","2.74%"
"10/01/2016","0.974","0.976","0.976","0.974","0.13%"
"09/30/2016","0.973","0.966","0.980","0.941","-0.71%"
"09/29/2016","0.980","0.951","0.986","0.951","2.40%"
"09/28/2016","0.957","0.961","0.973","0.938","0.10%"
"09/27/2016","0.956","0.985","0.988","0.947","-2.15%"
"09/26/2016","0.977","1.003","1.005","0.967","-2.81%"
"09/25/2016","1.005","0.992","1.005","0.992","1.33%"
"09/24/2016","0.992","1.005","1.005","0.992","-0.90%"
"09/23/2016","1.001","0.998","1.012","0.978","0.60%"
"09/22/2016","0.995","1.107","1.107","0.991","-9.79%"
"09/21/2016","1.103","1.089","1.124","1.054","1.01%"
"09/20/2016","1.092","1.169","1.169","1.087","-6.59%"
"09/19/2016","1.169","1.144","1.193","1.140","1.94%"
"09/18/2016","1.147","1.147","1.147","1.147","0.37%"
"09/17/2016","1.143","1.147","1.147","1.143","-0.13%"
"09/16/2016","1.144","1.149","1.159","1.105","-1.21%"
"09/15/2016","1.158","1.130","1.178","1.113","3.12%"
"09/14/2016","1.123","1.166","1.173","1.113","0.09%"
"09/13/2016","1.122","1.127","1.138","1.080","0.63%"
"09/12/2016","1.115","1.117","1.146","1.098","0.08%"
"09/11/2016","1.114","1.116","1.116","1.111","0.37%"
"09/10/2016","1.110","1.114","1.114","1.110","0.91%"
"09/09/2016","1.100","1.010","1.112","1.004","13.05%"
"09/08/2016","0.973","0.903","0.994","0.899","7.63%"
"09/07/2016","0.904","0.951","0.952","0.896","-4.74%"
"09/06/2016","0.949","1.023","1.029","0.939","-6.59%"
"09/05/2016","1.016","1.015","1.036","1.005","-1.68%"
"09/04/2016","1.033","1.033","1.033","1.033","1.54%"
"09/03/2016","1.018","1.033","1.033","1.018","-1.10%"
"09/02/2016","1.029","0.999","1.031","0.976","3.11%"
"09/01/2016","0.998","1.000","1.024","0.981","3.74%"
"08/31/2016","0.962","0.957","0.981","0.942","2.01%"
"08/30/2016","0.943","0.982","0.986","0.935","-4.94%"
"08/29/2016","0.992","0.981","1.006","0.977","5.64%"
"08/26/2016","0.939","0.945","0.967","0.933","0.00%"
"08/25/2016","0.939","0.927","0.968","0.916","1.40%"
"08/24/2016","0.926","0.904","0.936","0.902","2.32%"
"08/23/2016","0.905","0.903","0.924","0.889","-0.22%"
"08/22/2016","0.907","0.951","0.952","0.902","-4.09%"
"08/20/2016","0.946","0.948","0.948","0.946","-0.24%"
"08/19/2016","0.948","0.901","0.957","0.890","4.87%"
"08/18/2016","0.904","0.911","0.928","0.897","-4.14%"
"08/17/2016","0.943","0.977","0.977","0.940","-2.18%"
"08/16/2016","0.964","0.932","0.982","0.902","3.54%"
"08/15/2016","0.931","0.919","0.945","0.893","2.32%"
"08/14/2016","0.910","0.910","0.910","0.910","0.00%"
"08/13/2016","0.910","0.914","0.914","0.910","0.43%"
"08/12/2016","0.906","0.920","0.934","0.899","0.67%"
"08/11/2016","0.900","0.884","0.906","0.872","1.93%"
"08/10/2016","0.883","0.908","0.910","0.869","-3.18%"
"08/09/2016","0.912","0.947","0.956","0.912","-3.29%"
"08/08/2016","0.943","0.957","0.968","0.930","1.40%"
"08/06/2016","0.930","0.936","0.936","0.930","-0.85%"
"08/05/2016","0.938","0.883","0.940","0.883","6.11%"
"08/04/2016","0.884","0.940","0.953","0.881","-5.45%"
"08/03/2016","0.935","0.943","0.943","0.913","1.52%"
"08/02/2016","0.921","0.886","0.955","0.872","8.23%"
"08/01/2016","0.851","0.845","0.859","0.828","2.88%"
"07/30/2016","0.827","0.827","0.827","0.827","-1.17%"
"07/29/2016","0.837","0.910","0.915","0.836","-4.01%"
"07/28/2016","0.872","0.876","0.892","0.860","-2.02%"
"07/27/2016","0.890","0.951","0.961","0.890","-5.92%"
"07/26/2016","0.946","0.939","0.950","0.909","0.85%"
"07/25/2016","0.938","0.978","0.995","0.932","-3.67%"
"07/23/2016","0.974","0.966","0.974","0.966","-0.54%"
"07/22/2016","0.979","0.979","1.008","0.976","-2.00%"
"07/21/2016","0.999","1.013","1.043","0.998","-1.19%"
"07/20/2016","1.011","0.993","1.013","0.968","2.02%"
"07/19/2016","0.991","0.989","0.996","0.966","-0.40%"
"07/18/2016","0.995","1.005","1.005","0.984","-1.85%"
"07/16/2016","1.014","1.007","1.014","1.007","0.38%"
"07/15/2016","1.010","0.956","1.015","0.950","5.54%"
"07/14/2016","0.957","0.927","0.982","0.915","4.82%"
"07/13/2016","0.913","0.959","0.967","0.910","-5.19%"
"07/12/2016","0.963","0.891","0.978","0.890","9.06%"
"07/11/2016","0.883","0.860","0.884","0.840","3.34%"
"07/10/2016","0.854","0.859","0.859","0.854","-0.49%"
"07/09/2016","0.859","0.854","0.859","0.854","0.32%"
"07/08/2016","0.856","0.891","0.892","0.855","-5.83%"
"07/07/2016","0.909","0.886","0.930","0.882","2.60%"
"07/06/2016","0.886","0.886","0.897","0.839","-0.89%"
"07/05/2016","0.894","0.928","0.935","0.893","-6.09%"
"07/04/2016","0.952","0.923","0.957","0.923","4.09%"
"07/02/2016","0.915","0.915","0.915","0.915","-1.23%"
"07/01/2016","0.926","0.944","0.975","0.901","-0.75%"
"06/30/2016","0.933","0.977","1.002","0.928","-2.61%"
"06/29/2016","0.958","0.967","0.991","0.949","-2.84%"
"06/28/2016","0.986","1.000","1.020","0.971","-1.00%"
"06/27/2016","0.996","1.151","1.151","0.993","-12.78%"
"06/26/2016","1.142","1.142","1.142","1.142","0.00%"
"06/25/2016","1.142","1.141","1.142","1.141","0.79%"
"06/24/2016","1.133","1.077","1.166","1.077","-10.93%"
"06/23/2016","1.272","1.243","1.303","1.215","2.25%"
"06/22/2016","1.244","1.245","1.264","1.227","0.32%"
"06/21/2016","1.240","1.235","1.272","1.228","-0.32%"
"06/20/2016","1.244","1.233","1.269","1.222","2.14%"
"06/18/2016","1.218","1.218","1.218","1.218","-0.42%"
"06/17/2016","1.223","1.190","1.231","1.174","4.89%"
"06/16/2016","1.166","1.185","1.199","1.157","-3.48%"
"06/15/2016","1.208","1.238","1.245","1.201","-0.41%"
"06/14/2016","1.213","1.232","1.256","1.174","-2.02%"
"06/13/2016","1.238","1.185","1.252","1.168","4.01%"
"06/11/2016","1.190","1.194","1.194","1.190","0.36%"
"06/10/2016","1.186","1.222","1.224","1.177","-2.23%"
"06/09/2016","1.213","1.283","1.284","1.206","-5.82%"
"06/08/2016","1.288","1.313","1.321","1.273","-1.60%"
"06/07/2016","1.309","1.364","1.375","1.304","-3.68%"
"06/06/2016","1.359","1.350","1.364","1.332","1.86%"
"06/05/2016","1.334","1.336","1.336","1.334","-0.14%"
"06/04/2016","1.336","1.334","1.336","1.334","-0.66%"
"06/03/2016","1.345","1.420","1.424","1.342","-5.01%"
"06/02/2016","1.416","1.434","1.458","1.410","-1.05%"
"06/01/2016","1.431","1.444","1.447","1.415","-0.90%"
"05/31/2016","1.444","1.480","1.494","1.444","-2.23%"
"05/30/2016","1.477","1.441","1.485","1.441","2.68%"
"05/28/2016","1.439","1.430","1.439","1.430","-0.10%"
"05/27/2016","1.440","1.429","1.440","1.404","0.56%"
"05/26/2016","1.432","1.428","1.457","1.422","0.49%"
"05/25/2016","1.425","1.465","1.501","1.424","-3.19%"
"05/24/2016","1.472","1.467","1.477","1.452","-0.94%"
"05/23/2016","1.486","1.471","1.490","1.433","0.77%"
"05/22/2016","1.475","1.470","1.475","1.470","0.31%"
"05/21/2016","1.470","1.470","1.471","1.464","-0.12%"
"05/20/2016","1.472","1.463","1.490","1.454","0.00%"
"05/19/2016","1.472","1.528","1.538","1.460","-1.21%"
"05/18/2016","1.490","1.463","1.510","1.455","3.19%"
"05/17/2016","1.444","1.472","1.492","1.442","-1.37%"
"05/16/2016","1.464","1.431","1.480","1.426","1.89%"
"05/14/2016","1.437","1.445","1.445","1.437","-0.50%"
"05/13/2016","1.444","1.480","1.480","1.439","-3.02%"
"05/12/2016","1.489","1.439","1.502","1.412","3.26%"
"05/11/2016","1.442","1.445","1.474","1.441","0.14%"
"05/10/2016","1.440","1.458","1.469","1.419","-1.37%"
"05/09/2016","1.460","1.503","1.511","1.456","-1.37%"
"05/07/2016","1.480","1.480","1.488","1.480","-0.11%"
"05/06/2016","1.482","1.477","1.509","1.477","-1.46%"
"05/05/2016","1.504","1.520","1.553","1.501","-1.38%"
"05/04/2016","1.525","1.525","1.547","1.515","0.59%"
"05/03/2016","1.516","1.598","1.612","1.510","-5.01%"
"05/02/2016","1.596","1.623","1.633","1.570","-1.83%"
"05/01/2016","1.626","1.626","1.626","1.626","-0.13%"
"04/30/2016","1.628","1.628","1.628","1.628","-1.28%"
"04/29/2016","1.649","1.619","1.665","1.601","0.92%"
"04/28/2016","1.634","1.632","1.641","1.602","-1.51%"
"04/27/2016","1.659","1.631","1.669","1.616","2.34%"
"04/26/2016","1.621","1.591","1.636","1.582","1.12%"
"04/25/2016","1.603","1.544","1.624","1.531","3.72%"
"04/24/2016","1.546","1.546","1.546","1.546","0.00%"
"04/23/2016","1.546","1.546","1.551","1.546","0.00%"
"04/22/2016","1.546","1.504","1.554","1.500","2.52%"
"04/21/2016","1.508","1.468","1.540","1.461","4.87%"
"04/20/2016","1.438","1.452","1.466","1.432","-2.77%"
"04/19/2016","1.479","1.454","1.485","1.447","2.71%"
"04/18/2016","1.440","1.412","1.450","1.401","1.38%"
"04/17/2016","1.420","1.420","1.420","1.420","0.00%"
"04/16/2016","1.421","1.421","1.421","1.421","0.25%"
"04/15/2016","1.417","1.466","1.469","1.412","-2.34%"
"04/14/2016","1.451","1.426","1.484","1.406","0.35%"
"04/13/2016","1.446","1.511","1.518","1.444","-2.69%"
"04/12/2016","1.486","1.425","1.498","1.423","4.72%"
"04/11/2016","1.419","1.350","1.435","1.333","4.82%"
"04/09/2016","1.354","1.354","1.354","1.354","-0.32%"
"04/08/2016","1.358","1.335","1.373","1.326","1.88%"
"04/07/2016","1.333","1.335","1.352","1.318","-0.07%"
"04/06/2016","1.334","1.296","1.354","1.292","2.22%"
"04/05/2016","1.305","1.311","1.319","1.276","-2.39%"
"04/04/2016","1.337","1.339","1.344","1.322","-0.96%"
"04/01/2016","1.350","1.373","1.389","1.333","-2.10%"
"03/31/2016","1.379","1.358","1.397","1.358","-0.93%"
"03/30/2016","1.392","1.360","1.399","1.345","0.65%"
"03/29/2016","1.383","1.426","1.429","1.377","-3.50%"
"03/28/2016","1.433","1.433","1.433","1.433","0.13%"
"03/26/2016","1.431","1.433","1.433","1.431","0.00%"
"03/25/2016","1.432","1.436","1.436","1.431","0.27%"
"03/24/2016","1.428","1.456","1.459","1.407","-2.66%"
"03/23/2016","1.467","1.469","1.500","1.456","0.48%"
"03/22/2016","1.460","1.474","1.491","1.437","-1.02%"
"03/21/2016","1.475","1.467","1.485","1.422","0.53%"
"03/19/2016","1.467","1.460","1.467","1.460","-0.33%"
"03/18/2016","1.472","1.481","1.487","1.448","-1.21%"
"03/17/2016","1.490","1.539","1.545","1.489","-5.46%"
"03/16/2016","1.576","1.613","1.615","1.557","-2.05%"
"03/15/2016","1.609","1.583","1.625","1.558","3.07%"
"03/14/2016","1.561","1.576","1.579","1.532","-1.13%"
"03/12/2016","1.579","1.579","1.582","1.578","0.88%"
"03/11/2016","1.565","1.676","1.683","1.558","-6.73%"
"03/10/2016","1.678","1.600","1.683","1.486","4.87%"
"03/09/2016","1.600","1.597","1.613","1.574","2.11%"
"03/08/2016","1.567","1.621","1.621","1.554","-2.97%"
"03/07/2016","1.615","1.614","1.625","1.579","-1.37%"
"03/05/2016","1.637","1.632","1.637","1.632","0.52%"
"03/04/2016","1.629","1.606","1.639","1.595","1.05%"
"03/03/2016","1.612","1.663","1.690","1.606","-0.98%"
"03/02/2016","1.628","1.576","1.640","1.565","4.56%"
"03/01/2016","1.557","1.485","1.576","1.480","5.99%"
"02/29/2016","1.469","1.485","1.501","1.448","-1.97%"
"02/28/2016","1.498","1.498","1.498","1.498","0.00%"
"02/27/2016","1.499","1.499","1.499","1.494","-0.23%"
"02/26/2016","1.502","1.485","1.506","1.477","1.28%"
"02/25/2016","1.483","1.497","1.511","1.466","0.27%"